stream,start_place,length
parent_one,1,686
parent_one,2,104
parent_one,2,137
parent_one,5,487
parent_one,7,150
parent_one,7,256
parent_one,7,696
parent_one,8,724
parent_one,11,169
parent_one,14,173
parent_one,18,353
parent_one,20,122
parent_one,20,191
parent_one,21,261
parent_one,22,120
parent_one,22,302
parent_one,22,696
parent_one,22,866
parent_one,23,263
parent_one,25,705
parent_one,28,205
parent_one,28,581
parent_one,29,122
parent_one,29,165
parent_one,30,233
parent_one,30,388
parent_one,31,159
parent_one,31,912
parent_one,38,428
parent_one,38,819
parent_one,39,274
parent_one,40,898
parent_one,41,165
parent_one,41,177
parent_one,42,246
parent_one,42,443
parent_one,45,116
parent_one,45,217
parent_one,45,232
parent_one,45,236
parent_one,47,124
parent_one,47,186
parent_one,47,187
parent_one,48,274
parent_one,48,516
parent_one,49,102
parent_one,49,849
parent_one,50,336
parent_one,50,643
parent_one,51,518
parent_one,52,210
parent_one,54,234
parent_one,57,149
parent_one,57,360
parent_one,58,119
parent_one,58,625
parent_one,59,187
parent_one,60,885
parent_one,62,238
parent_one,63,135
parent_one,63,354
parent_one,64,123
parent_one,64,192
parent_one,64,198
parent_one,66,197
parent_one,66,243
parent_one,67,123
parent_one,67,201
parent_one,68,153
parent_one,70,544
parent_one,70,911
parent_one,72,224
parent_one,73,169
parent_one,73,666
parent_one,75,172
parent_one,76,134
parent_one,77,205
parent_one,79,108
parent_one,79,312
parent_one,81,105
parent_one,82,827
parent_one,85,182
parent_one,85,874
parent_one,87,153
parent_one,87,983
parent_one,88,159
parent_one,88,319
parent_one,88,589
parent_one,90,106
parent_one,91,115
parent_one,91,130
parent_one,91,636
parent_one,93,140
parent_one,96,533
parent_one,97,261
parent_one,98,202
parent_one,100,315
parent_one,101,749
parent_one,102,109
parent_one,103,747
parent_one,104,183
parent_one,104,206
parent_one,105,182
parent_one,105,186
parent_one,105,409
parent_one,105,509
parent_one,106,497
parent_one,106,551
parent_one,110,363
parent_one,112,227
parent_one,113,136
parent_one,113,190
parent_one,114,120
parent_one,114,151
parent_one,115,573
parent_one,116,359
parent_one,117,176
parent_one,117,231
parent_one,117,323
parent_one,118,262
parent_one,119,659
parent_one,120,985
parent_one,125,281
parent_one,127,406
parent_one,127,473
parent_one,129,223
parent_one,131,165
parent_one,131,227
parent_one,131,337
parent_one,131,556
parent_one,131,968
parent_one,133,193
parent_one,133,663
parent_one,136,278
parent_one,140,205
parent_one,140,278
parent_one,140,897
parent_one,142,312
parent_one,144,118
parent_one,144,748
parent_one,145,169
parent_one,145,247
parent_one,145,723
parent_one,146,175
parent_one,148,204
parent_one,148,508
parent_one,149,130
parent_one,149,190
parent_one,150,163
parent_one,150,479
parent_one,151,116
parent_one,151,364
parent_one,152,169
parent_one,152,930
parent_one,153,127
parent_one,153,156
parent_one,156,266
parent_one,158,719
parent_one,158,972
parent_one,159,497
parent_one,160,255
parent_one,160,454
parent_one,160,533
parent_one,160,732
parent_one,162,131
parent_one,164,221
parent_one,164,429
parent_one,167,105
parent_one,167,475
parent_one,167,919
parent_one,169,122
parent_one,171,146
parent_one,174,357
parent_one,174,379
parent_one,175,177
parent_one,176,164
parent_one,179,355
parent_one,181,818
parent_one,182,142
parent_one,182,157
parent_one,183,104
parent_one,183,110
parent_one,186,257
parent_one,187,615
parent_one,188,108
parent_one,188,125
parent_one,189,260
parent_one,190,323
parent_one,191,282
parent_one,193,417
parent_one,193,445
parent_one,194,289
parent_one,197,238
parent_one,197,716
parent_one,199,310
parent_one,200,127
parent_one,202,127
parent_one,202,146
parent_one,203,215
parent_one,203,574
parent_one,205,117
parent_one,205,249
parent_one,205,433
parent_one,205,535
parent_one,207,524
parent_one,207,535
parent_one,209,135
parent_one,209,898
parent_one,209,921
parent_one,212,368
parent_one,213,116
parent_one,214,915
parent_one,215,133
parent_one,219,139
parent_one,220,467
parent_one,220,492
parent_one,221,201
parent_one,221,587
parent_one,221,871
parent_one,224,441
parent_one,227,171
parent_one,228,316
parent_one,230,556
parent_one,231,104
parent_one,234,996
parent_one,235,857
parent_one,237,103
parent_one,237,634
parent_one,239,779
parent_one,241,337
parent_one,241,888
parent_one,242,441
parent_one,243,353
parent_one,244,587
parent_one,246,263
parent_one,246,699
parent_one,247,337
parent_one,247,444
parent_one,247,457
parent_one,247,858
parent_one,249,260
parent_one,249,903
parent_one,250,115
parent_one,250,125
parent_one,253,822
parent_one,255,396
parent_one,255,440
parent_one,256,150
parent_one,257,103
parent_one,258,134
parent_one,260,249
parent_one,261,201
parent_one,263,881
parent_one,264,252
parent_one,266,988
parent_one,267,416
parent_one,268,220
parent_one,272,537
parent_one,275,941
parent_one,276,327
parent_one,278,115
parent_one,278,242
parent_one,280,393
parent_one,280,651
parent_one,282,249
parent_one,282,661
parent_one,283,287
parent_one,284,836
parent_one,285,228
parent_one,286,766
parent_one,289,221
parent_one,289,793
parent_one,291,158
parent_one,291,936
parent_one,292,308
parent_one,294,649
parent_one,294,924
parent_one,295,671
parent_one,297,178
parent_one,298,963
parent_one,299,136
parent_one,299,532
parent_one,300,353
parent_one,300,384
parent_one,301,279
parent_one,301,587
parent_one,306,125
parent_one,309,329
parent_one,310,801
parent_one,311,285
parent_one,311,491
parent_one,312,345
parent_one,314,324
parent_one,315,329
parent_one,315,452
parent_one,315,628
parent_one,316,277
parent_one,318,106
parent_one,320,574
parent_one,322,304
parent_one,322,471
parent_one,323,233
parent_one,324,129
parent_one,325,442
parent_one,327,148
parent_one,327,459
parent_one,328,201
parent_one,328,802
parent_one,328,851
parent_one,330,361
parent_one,332,153
parent_one,332,813
parent_one,334,275
parent_one,336,535
parent_one,337,129
parent_one,337,138
parent_one,338,242
parent_one,340,337
parent_one,340,598
parent_one,341,316
parent_one,342,331
parent_one,343,174
parent_one,345,916
parent_one,349,176
parent_one,350,271
parent_one,350,289
parent_one,350,360
parent_one,353,250
parent_one,353,335
parent_one,353,745
parent_one,354,166
parent_one,355,344
parent_one,357,294
parent_one,358,212
parent_one,358,307
parent_one,358,747
parent_one,361,565
parent_one,363,112
parent_one,364,327
parent_one,365,829
parent_one,368,848
parent_one,368,903
parent_one,369,401
parent_one,369,414
parent_one,371,250
parent_one,372,311
parent_one,372,359
parent_one,374,136
parent_one,374,157
parent_one,375,237
parent_one,376,107
parent_one,376,295
parent_one,376,668
parent_one,377,137
parent_one,377,171
parent_one,377,306
parent_one,378,814
parent_one,379,799
parent_one,381,461
parent_one,382,131
parent_one,384,129
parent_one,384,557
parent_one,385,131
parent_one,386,113
parent_one,387,319
parent_one,388,125
parent_one,389,191
parent_one,389,802
parent_one,391,981
parent_one,391,999
parent_one,392,656
parent_one,394,420
parent_one,394,754
parent_one,397,134
parent_one,397,224
parent_one,397,248
parent_one,397,501
parent_one,397,717
parent_one,399,269
parent_one,403,127
parent_one,403,708
parent_one,405,606
parent_one,407,141
parent_one,407,545
parent_one,409,174
parent_one,409,373
parent_one,410,540
parent_one,411,539
parent_one,415,302
parent_one,417,360
parent_one,418,226
parent_one,418,696
parent_one,418,822
parent_one,419,115
parent_one,419,580
parent_one,420,206
parent_one,423,173
parent_one,424,345
parent_one,424,476
parent_one,426,134
parent_one,426,836
parent_one,428,520
parent_one,429,134
parent_one,429,552
parent_one,431,103
parent_one,433,219
parent_one,433,271
parent_one,434,397
parent_one,434,406
parent_one,436,608
parent_one,437,281
parent_one,438,118
parent_one,438,760
parent_one,442,341
parent_one,443,753
parent_one,444,124
parent_one,446,321
parent_one,448,181
parent_one,448,190
parent_one,449,141
parent_one,449,822
parent_one,451,152
parent_one,451,156
parent_one,451,811
parent_one,453,198
parent_one,454,130
parent_one,454,136
parent_one,454,804
parent_one,454,842
parent_one,454,961
parent_one,456,254
parent_one,456,712
parent_one,458,419
parent_one,459,897
parent_one,460,103
parent_one,461,109
parent_one,461,226
parent_one,461,511
parent_one,464,680
parent_one,465,352
parent_one,465,478
parent_one,466,110
parent_one,466,327
parent_one,466,773
parent_one,468,307
parent_one,468,426
parent_one,470,254
parent_one,472,104
parent_one,472,677
parent_one,473,233
parent_one,476,124
parent_one,477,263
parent_one,477,998
parent_one,478,195
parent_one,478,287
parent_one,479,194
parent_one,479,299
parent_one,480,501
parent_one,483,325
parent_one,485,257
parent_one,485,333
parent_one,485,506
parent_one,487,116
parent_one,490,317
parent_one,490,512
parent_one,491,121
parent_one,492,123
parent_one,494,459
parent_one,495,101
parent_one,495,112
parent_one,495,115
parent_one,495,291
parent_one,497,202
parent_one,498,205
parent_one,500,178
parent_one,500,283
parent_one,500,333
parent_one,501,370
parent_one,501,404
parent_one,501,440
parent_one,502,129
parent_one,502,182
parent_one,503,109
parent_one,504,616
parent_one,506,767
parent_one,507,688
parent_one,508,102
parent_one,508,288
parent_one,512,266
parent_one,517,157
parent_one,518,192
parent_one,518,252
parent_one,518,567
parent_one,520,873
parent_one,521,254
parent_one,521,522
parent_one,522,166
parent_one,522,262
parent_one,524,132
parent_one,524,190
parent_one,525,143
parent_one,525,748
parent_one,527,101
parent_one,527,179
parent_one,527,464
parent_one,529,128
parent_one,530,616
parent_one,533,225
parent_one,534,184
parent_one,534,634
parent_one,535,850
parent_one,536,196
parent_one,537,230
parent_one,538,350
parent_one,539,185
parent_one,539,336
parent_one,544,674
parent_one,546,803
parent_one,547,220
parent_one,550,102
parent_one,551,137
parent_one,553,180
parent_one,554,111
parent_one,554,282
parent_one,555,215
parent_one,558,860
parent_one,561,319
parent_one,561,684
parent_one,562,654
parent_one,564,166
parent_one,566,217
parent_one,566,582
parent_one,566,675
parent_one,567,132
parent_one,567,374
parent_one,570,216
parent_one,570,274
parent_one,570,820
parent_one,571,211
parent_one,574,141
parent_one,574,222
parent_one,574,392
parent_one,576,288
parent_one,577,127
parent_one,578,266
parent_one,578,749
parent_one,579,785
parent_one,580,104
parent_one,581,189
parent_one,582,714
parent_one,584,126
parent_one,584,546
parent_one,586,496
parent_one,588,115
parent_one,588,278
parent_one,589,821
parent_one,592,897
parent_one,593,104
parent_one,593,484
parent_one,594,294
parent_one,594,709
parent_one,595,144
parent_one,595,547
parent_one,596,206
parent_one,597,748
parent_one,598,101
parent_one,598,108
parent_one,599,187
parent_one,601,139
parent_one,601,232
parent_one,601,347
parent_one,601,927
parent_one,606,133
parent_one,607,132
parent_one,608,627
parent_one,608,974
parent_one,609,235
parent_one,610,272
parent_one,610,776
parent_one,611,109
parent_one,611,669
parent_one,613,419
parent_one,614,530
parent_one,618,160
parent_one,619,239
parent_one,621,689
parent_one,622,136
parent_one,622,308
parent_one,623,964
parent_one,625,786
parent_one,625,893
parent_one,627,173
parent_one,627,353
parent_one,627,373
parent_one,628,352
parent_one,629,325
parent_one,630,123
parent_one,630,888
parent_one,631,623
parent_one,634,401
parent_one,634,768
parent_one,635,308
parent_one,635,760
parent_one,640,745
parent_one,641,680
parent_one,645,139
parent_one,645,979
parent_one,646,229
parent_one,647,817
parent_one,649,304
parent_one,650,551
parent_one,653,445
parent_one,654,882
parent_one,655,601
parent_one,658,873
parent_one,659,542
parent_one,663,104
parent_one,663,146
parent_one,663,821
parent_one,664,609
parent_one,668,289
parent_one,668,376
parent_one,669,272
parent_one,670,180
parent_one,670,284
parent_one,671,494
parent_one,672,220
parent_one,672,405
parent_one,673,908
parent_one,676,521
parent_one,676,526
parent_one,677,101
parent_one,678,937
parent_one,683,270
parent_one,684,135
parent_one,684,338
parent_one,690,152
parent_one,690,213
parent_one,690,760
parent_one,691,916
parent_one,692,201
parent_one,697,212
parent_one,698,454
parent_one,699,158
parent_one,699,546
parent_one,709,891
parent_one,711,326
parent_one,711,839
parent_one,712,107
parent_one,713,253
parent_one,714,168
parent_one,714,587
parent_one,715,121
parent_one,715,518
parent_one,716,102
parent_one,716,825
parent_one,717,163
parent_one,717,198
parent_one,719,410
parent_one,719,429
parent_one,719,945
parent_one,719,958
parent_one,720,271
parent_one,720,474
parent_one,720,567
parent_one,722,341
parent_one,722,409
parent_one,724,132
parent_one,725,470
parent_one,728,383
parent_one,729,228
parent_one,730,340
parent_one,730,885
parent_one,732,204
parent_one,732,642
parent_one,732,747
parent_one,733,136
parent_one,733,856
parent_one,734,261
parent_one,735,247
parent_one,736,121
parent_one,737,120
parent_one,737,882
parent_one,738,843
parent_one,739,160
parent_one,739,213
parent_one,739,332
parent_one,741,560
parent_one,742,423
parent_one,742,958
parent_one,745,544
parent_one,745,937
parent_one,746,157
parent_one,749,199
parent_one,749,362
parent_one,750,473
parent_one,751,586
parent_one,753,386
parent_one,754,176
parent_one,754,449
parent_one,755,107
parent_one,755,116
parent_one,757,118
parent_one,758,916
parent_one,759,524
parent_one,761,336
parent_one,761,424
parent_one,761,487
parent_one,761,851
parent_one,763,203
parent_one,763,295
parent_one,763,954
parent_one,763,1000
parent_one,764,282
parent_one,764,303
parent_one,767,338
parent_one,767,902
parent_one,770,426
parent_one,772,230
parent_one,772,424
parent_one,773,304
parent_one,773,648
parent_one,773,990
parent_one,774,718
parent_one,775,942
parent_one,776,774
parent_one,777,963
parent_one,778,202
parent_one,780,312
parent_one,780,914
parent_one,781,564
parent_one,781,608
parent_one,781,978
parent_one,783,386
parent_one,783,886
parent_one,785,124
parent_one,787,663
parent_one,789,514
parent_one,790,290
parent_one,790,715
parent_one,792,646
parent_one,793,278
parent_one,795,227
parent_one,801,129
parent_one,801,247
parent_one,802,367
parent_one,804,387
parent_one,804,570
parent_one,805,152
parent_one,806,936
parent_one,807,804
parent_one,808,203
parent_one,809,266
parent_one,810,742
parent_one,811,288
parent_one,811,551
parent_one,812,511
parent_one,813,132
parent_one,813,448
parent_one,813,596
parent_one,814,315
parent_one,814,465
parent_one,815,123
parent_one,815,541
parent_one,816,129
parent_one,816,713
parent_one,817,205
parent_one,819,446
parent_one,822,245
parent_one,822,285
parent_one,822,709
parent_one,823,102
parent_one,823,587
parent_one,825,595
parent_one,825,865
parent_one,825,964
parent_one,826,949
parent_one,828,498
parent_one,831,692
parent_one,834,296
parent_one,834,308
parent_one,834,507
parent_one,834,585
parent_one,834,779
parent_one,837,868
parent_one,837,999
parent_one,838,803
parent_one,840,322
parent_one,840,456
parent_one,841,877
parent_one,845,146
parent_one,845,210
parent_one,847,213
parent_one,847,299
parent_one,847,735
parent_one,852,292
parent_one,853,119
parent_one,853,363
parent_one,853,893
parent_one,855,147
parent_one,855,177
parent_one,855,538
parent_one,856,275
parent_one,858,686
parent_one,860,138
parent_one,860,370
parent_one,861,137
parent_one,861,301
parent_one,862,751
parent_one,863,533
parent_one,864,199
parent_one,865,167
parent_one,865,358
parent_one,866,278
parent_one,867,327
parent_one,869,149
parent_one,870,608
parent_one,875,211
parent_one,875,497
parent_one,876,653
parent_one,877,122
parent_one,878,538
parent_one,878,586
parent_one,878,816
parent_one,879,207
parent_one,879,226
parent_one,881,101
parent_one,881,216
parent_one,881,592
parent_one,883,117
parent_one,887,287
parent_one,887,782
parent_one,889,154
parent_one,889,159
parent_one,889,365
parent_one,891,257
parent_one,891,491
parent_one,894,126
parent_one,894,132
parent_one,894,341
parent_one,896,648
parent_one,897,101
parent_one,897,384
parent_one,899,297
parent_one,899,380
parent_one,899,708
parent_one,900,486
parent_one,901,297
parent_one,903,172
parent_one,903,641
parent_one,908,361
parent_one,909,492
parent_one,912,218
parent_one,912,247
parent_one,916,775
parent_one,917,323
parent_one,919,178
parent_one,919,268
parent_one,921,134
parent_one,921,319
parent_one,922,227
parent_one,922,914
parent_one,923,894
parent_one,928,352
parent_one,928,355
parent_one,932,105
parent_one,932,114
parent_one,932,307
parent_one,933,404
parent_one,934,278
parent_one,934,282
parent_one,934,393
parent_one,936,333
parent_one,936,548
parent_one,938,206
parent_one,938,456
parent_one,940,204
parent_one,940,434
parent_one,941,117
parent_one,941,385
parent_one,942,140
parent_one,942,261
parent_one,942,443
parent_one,946,682
parent_one,947,101
parent_one,947,296
parent_one,948,107
parent_one,949,116
parent_one,951,243
parent_one,953,423
parent_one,955,355
parent_one,955,862
parent_one,956,264
parent_one,956,464
parent_one,957,614
parent_one,958,112
parent_one,958,367
parent_one,958,530
parent_one,958,752
parent_one,959,403
parent_one,960,932
parent_one,961,934
parent_one,962,168
parent_one,963,117
parent_one,965,134
parent_one,965,164
parent_one,965,438
parent_one,966,653
parent_one,966,793
parent_one,968,319
parent_one,971,504
parent_one,972,125
parent_one,973,218
parent_one,975,255
parent_one,976,247
parent_one,976,532
parent_one,980,207
parent_one,980,317
parent_one,980,331
parent_one,980,369
parent_one,981,239
parent_one,982,875
parent_one,983,279
parent_one,985,641
parent_one,991,235
parent_one,991,367
parent_one,992,230
parent_one,992,496
parent_one,992,522
parent_one,992,875
parent_one,996,103
parent_one,996,172
parent_one,996,345
parent_one,999,199
parent_one,999,841
parent_one,1000,152
parent_one,1001,581
parent_one,1002,239
parent_one,1003,922
parent_one,1005,140
parent_one,1006,966
parent_one,1009,580
parent_one,1009,852
parent_one,1010,738
parent_one,1011,108
parent_one,1011,155
parent_one,1011,180
parent_one,1012,573
parent_one,1013,129
parent_one,1013,798
parent_one,1014,385
parent_one,1014,847
parent_one,1015,266
parent_one,1015,529
parent_one,1016,896
parent_one,1017,527
parent_one,1018,200
parent_one,1018,339
parent_one,1018,364
parent_one,1018,557
parent_one,1019,511
parent_one,1020,154
parent_one,1020,489
parent_one,1020,521
parent_one,1021,128
parent_one,1021,777
parent_one,1022,209
parent_one,1022,640
parent_one,1024,107
parent_one,1024,124
parent_one,1024,380
parent_one,1025,175
parent_one,1025,177
parent_one,1025,276
parent_one,1025,489
parent_one,1026,120
parent_one,1028,264
parent_one,1028,348
parent_one,1028,372
parent_one,1028,526
parent_one,1029,449
parent_one,1030,273
parent_one,1030,371
parent_one,1033,115
parent_one,1034,514
parent_one,1034,755
parent_one,1035,291
parent_one,1036,309
parent_one,1036,350
parent_one,1037,289
parent_one,1038,253
parent_one,1038,286
parent_one,1038,318
parent_one,1040,147
parent_one,1040,152
parent_one,1040,959
parent_one,1042,307
parent_one,1043,292
parent_one,1043,475
parent_one,1043,688
parent_one,1044,135
parent_one,1044,782
parent_one,1045,509
parent_one,1045,823
parent_one,1047,186
parent_one,1051,182
parent_one,1053,732
parent_one,1056,345
parent_one,1056,902
parent_one,1057,176
parent_one,1058,380
parent_one,1059,362
parent_one,1059,885
parent_one,1059,925
parent_one,1060,167
parent_one,1060,643
parent_one,1061,197
parent_one,1061,315
parent_one,1061,500
parent_one,1062,197
parent_one,1062,332
parent_one,1062,609
parent_one,1063,675
parent_one,1064,904
parent_one,1065,410
parent_one,1066,372
parent_one,1066,893
parent_one,1069,210
parent_one,1069,550
parent_one,1070,549
parent_one,1070,599
parent_one,1070,746
parent_one,1071,129
parent_one,1071,141
parent_one,1072,148
parent_one,1073,119
parent_one,1078,323
parent_one,1079,475
parent_one,1079,815
parent_one,1081,160
parent_one,1082,137
parent_one,1084,110
parent_one,1084,928
parent_one,1084,967
parent_one,1085,336
parent_one,1086,132
parent_one,1087,825
parent_one,1088,238
parent_one,1088,323
parent_one,1088,430
parent_one,1088,620
parent_one,1088,695
parent_one,1089,938
parent_one,1090,253
parent_one,1091,209
parent_one,1092,383
parent_one,1093,592
parent_one,1093,685
parent_one,1093,898
parent_one,1094,330
parent_one,1094,502
parent_one,1096,215
parent_one,1096,268
parent_one,1096,692
parent_one,1098,245
parent_one,1098,452
parent_one,1099,989
parent_one,1100,272
parent_one,1101,172
parent_one,1101,791
parent_one,1102,405
parent_one,1102,575
parent_one,1102,680
parent_one,1103,310
parent_one,1104,179
parent_one,1104,382
parent_one,1106,121
parent_one,1106,127
parent_one,1106,448
parent_one,1106,507
parent_one,1107,302
parent_one,1107,401
parent_one,1108,119
parent_one,1108,303
parent_one,1112,146
parent_one,1112,176
parent_one,1113,365
parent_one,1114,289
parent_one,1116,129
parent_one,1117,284
parent_one,1117,887
parent_one,1118,994
parent_one,1119,143
parent_one,1119,218
parent_one,1120,102
parent_one,1120,111
parent_one,1121,497
parent_one,1124,882
parent_one,1125,938
parent_one,1127,403
parent_one,1129,332
parent_one,1130,613
parent_one,1131,140
parent_one,1132,431
parent_one,1132,553
parent_one,1135,126
parent_one,1135,917
parent_one,1137,190
parent_one,1138,350
parent_one,1138,663
parent_one,1139,263
parent_one,1141,104
parent_one,1141,139
parent_one,1141,557
parent_one,1142,185
parent_one,1142,330
parent_one,1143,200
parent_one,1143,272
parent_one,1144,705
parent_one,1145,386
parent_one,1146,348
parent_one,1147,111
parent_one,1147,284
parent_one,1149,153
parent_one,1150,119
parent_one,1150,427
parent_one,1151,211
parent_one,1153,221
parent_one,1153,436
parent_one,1156,135
parent_one,1156,169
parent_one,1156,218
parent_one,1159,369
parent_one,1160,197
parent_one,1160,640
parent_one,1161,261
parent_one,1163,474
parent_one,1163,729
parent_one,1163,730
parent_one,1165,173
parent_one,1166,121
parent_one,1167,122
parent_one,1167,222
parent_one,1168,175
parent_one,1170,358
parent_one,1171,232
parent_one,1172,780
parent_one,1175,282
parent_one,1177,337
parent_one,1179,144
parent_one,1179,745
parent_one,1181,108
parent_one,1184,175
parent_one,1184,272
parent_one,1184,506
parent_one,1184,902
parent_one,1185,261
parent_one,1186,630
parent_one,1187,124
parent_one,1188,375
parent_one,1189,134
parent_one,1189,175
parent_one,1189,901
parent_one,1190,686
parent_one,1191,641
parent_one,1192,334
parent_one,1193,197
parent_one,1196,507
parent_one,1198,159
parent_one,1199,203
parent_one,1200,283
parent_one,1200,694
parent_one,1201,221
parent_one,1201,377
parent_one,1202,770
parent_one,1203,745
parent_one,1204,153
parent_one,1204,197
parent_one,1208,560
parent_one,1209,266
parent_one,1210,607
parent_one,1210,856
parent_one,1211,161
parent_one,1211,296
parent_one,1211,320
parent_one,1211,950
parent_one,1212,159
parent_one,1213,402
parent_one,1216,199
parent_one,1216,775
parent_one,1218,183
parent_one,1218,411
parent_one,1218,473
parent_one,1219,192
parent_one,1219,198
parent_one,1219,422
parent_one,1220,520
parent_one,1221,225
parent_one,1222,123
parent_one,1222,343
parent_one,1223,936
parent_one,1226,143
parent_one,1227,185
parent_one,1227,188
parent_one,1228,130
parent_one,1228,976
parent_one,1230,859
parent_one,1231,403
parent_one,1231,641
parent_one,1231,933
parent_one,1231,943
parent_one,1232,333
parent_one,1233,105
parent_one,1233,363
parent_one,1234,191
parent_one,1234,956
parent_one,1235,150
parent_one,1235,238
parent_one,1236,618
parent_one,1237,134
parent_one,1237,173
parent_one,1238,147
parent_one,1240,330
parent_one,1241,682
parent_one,1243,116
parent_one,1243,286
parent_one,1244,105
parent_one,1245,167
parent_one,1245,290
parent_one,1245,432
parent_one,1245,630
parent_one,1246,218
parent_one,1246,681
parent_one,1247,102
parent_one,1252,138
parent_one,1252,163
parent_one,1252,186
parent_one,1255,144
parent_one,1256,121
parent_one,1257,755
parent_one,1260,104
parent_one,1262,383
parent_one,1262,476
parent_one,1263,714
parent_one,1265,218
parent_one,1265,606
parent_one,1266,135
parent_one,1267,311
parent_one,1268,131
parent_one,1268,995
parent_one,1270,530
parent_one,1274,198
parent_one,1274,220
parent_one,1274,453
parent_one,1275,690
parent_one,1278,747
parent_one,1279,114
parent_one,1279,330
parent_one,1279,710
parent_one,1279,847
parent_one,1281,718
parent_one,1282,112
parent_one,1283,130
parent_one,1284,369
parent_one,1286,206
parent_one,1287,377
parent_one,1287,589
parent_one,1287,700
parent_one,1288,184
parent_one,1288,324
parent_one,1293,118
parent_one,1293,131
parent_one,1293,948
parent_one,1295,316
parent_one,1295,321
parent_one,1297,167
parent_one,1297,274
parent_one,1300,113
parent_one,1300,161
parent_one,1300,209
parent_one,1300,382
parent_one,1301,283
parent_one,1301,306
parent_one,1301,345
parent_one,1303,788
parent_one,1304,257
parent_one,1304,305
parent_one,1306,379
parent_one,1307,312
parent_one,1307,478
parent_one,1308,206
parent_one,1309,429
parent_one,1310,169
parent_one,1310,395
parent_one,1312,707
parent_one,1317,858
parent_one,1319,142
parent_one,1320,554
parent_one,1321,301
parent_one,1321,353
parent_one,1322,171
parent_one,1322,437
parent_one,1323,141
parent_one,1324,149
parent_one,1327,474
parent_one,1327,788
parent_one,1328,238
parent_one,1328,380
parent_one,1328,797
parent_one,1332,368
parent_one,1333,993
parent_one,1336,424
parent_one,1337,198
parent_one,1341,246
parent_one,1343,664
parent_one,1345,888
parent_one,1347,188
parent_one,1347,298
parent_one,1348,271
parent_one,1349,124
parent_one,1351,370
parent_one,1352,209
parent_one,1352,667
parent_one,1352,959
parent_one,1353,229
parent_one,1353,574
parent_one,1354,113
parent_one,1354,273
parent_one,1354,514
parent_one,1355,136
parent_one,1356,105
parent_one,1356,185
parent_one,1357,417
parent_one,1357,751
parent_one,1360,358
parent_one,1361,114
parent_one,1362,244
parent_one,1363,155
parent_one,1363,215
parent_one,1363,587
parent_one,1363,870
parent_one,1364,188
parent_one,1366,397
parent_one,1366,509
parent_one,1368,395
parent_one,1368,638
parent_one,1370,386
parent_one,1371,933
parent_one,1372,336
parent_one,1372,861
parent_one,1373,105
parent_one,1374,101
parent_one,1374,235
parent_one,1375,111
parent_one,1376,467
parent_one,1377,415
parent_one,1379,175
parent_one,1380,202
parent_one,1381,112
parent_one,1381,225
parent_one,1381,491
parent_one,1383,454
parent_one,1385,765
parent_one,1387,195
parent_one,1388,699
parent_one,1389,264
parent_one,1390,286
parent_one,1390,513
parent_one,1391,103
parent_one,1392,183
parent_one,1392,431
parent_one,1394,221
parent_one,1395,460
parent_one,1396,388
parent_one,1397,330
parent_one,1397,445
parent_one,1402,319
parent_one,1402,879
parent_one,1403,133
parent_one,1403,209
parent_one,1403,574
parent_one,1404,166
parent_one,1404,214
parent_one,1404,583
parent_one,1404,766
parent_one,1409,121
parent_one,1409,203
parent_one,1409,204
parent_one,1409,859
parent_one,1410,224
parent_one,1412,165
parent_one,1412,234
parent_one,1413,369
parent_one,1415,543
parent_one,1415,809
parent_one,1416,987
parent_one,1417,158
parent_one,1418,159
parent_one,1418,453
parent_one,1419,319
parent_one,1420,503
parent_one,1421,598
parent_one,1423,113
parent_one,1424,141
parent_one,1425,171
parent_one,1425,360
parent_one,1426,301
parent_one,1428,803
parent_one,1429,385
parent_one,1430,136
parent_one,1431,378
parent_one,1433,137
parent_one,1435,171
parent_one,1436,129
parent_one,1437,301
parent_one,1437,437
parent_one,1439,127
parent_one,1439,415
parent_one,1440,186
parent_one,1440,349
parent_one,1441,141
parent_one,1441,781
parent_one,1443,120
parent_one,1446,326
parent_one,1448,295
parent_one,1449,368
parent_one,1450,147
parent_one,1452,810
parent_one,1453,122
parent_one,1454,128
parent_one,1454,405
parent_one,1458,122
parent_one,1458,206
parent_one,1463,895
parent_one,1464,563
parent_one,1464,801
parent_one,1465,892
parent_one,1466,332
parent_one,1467,104
parent_one,1467,229
parent_one,1469,127
parent_one,1469,456
parent_one,1470,494
parent_one,1471,113
parent_one,1471,614
parent_one,1472,112
parent_one,1474,730
parent_one,1474,747
parent_one,1475,225
parent_one,1477,368
parent_one,1478,676
parent_one,1478,835
parent_one,1480,126
parent_one,1480,588
parent_one,1483,162
parent_one,1483,721
parent_one,1484,103
parent_one,1486,202
parent_one,1488,123
parent_one,1489,145
parent_one,1490,121
parent_one,1490,155
parent_one,1491,264
parent_one,1493,736
parent_one,1494,136
parent_one,1499,189
parent_one,1499,310
parent_one,1502,144
parent_one,1502,181
parent_one,1502,225
parent_one,1503,162
parent_one,1505,461
parent_one,1506,286
parent_one,1507,241
parent_one,1510,105
parent_one,1511,232
parent_one,1511,717
parent_one,1512,184
parent_one,1512,304
parent_one,1512,692
parent_one,1513,243
parent_one,1513,321
parent_one,1513,439
parent_one,1515,146
parent_one,1516,199
parent_one,1518,609
parent_one,1519,490
parent_one,1521,314
parent_one,1521,393
parent_one,1525,655
parent_one,1526,161
parent_one,1527,210
parent_one,1528,340
parent_one,1528,358
parent_one,1529,226
parent_one,1529,732
parent_one,1529,775
parent_one,1530,305
parent_one,1530,395
parent_one,1532,268
parent_one,1532,556
parent_one,1533,390
parent_one,1535,265
parent_one,1537,165
parent_one,1537,889
parent_one,1538,138
parent_one,1539,139
parent_one,1540,124
parent_one,1540,469
parent_one,1540,942
parent_one,1543,126
parent_one,1543,131
parent_one,1545,108
parent_one,1547,743
parent_one,1548,988
parent_one,1549,501
parent_one,1550,416
parent_one,1551,317
parent_one,1552,236
parent_one,1553,283
parent_one,1554,531
parent_one,1555,166
parent_one,1555,349
parent_one,1555,434
parent_one,1555,487
parent_one,1557,137
parent_one,1557,306
parent_one,1559,184
parent_one,1559,767
parent_one,1560,114
parent_one,1560,339
parent_one,1563,360
parent_one,1564,132
parent_one,1564,349
parent_one,1566,103
parent_one,1566,245
parent_one,1567,392
parent_one,1568,815
parent_one,1569,381
parent_one,1569,792
parent_one,1570,247
parent_one,1572,228
parent_one,1573,169
parent_one,1574,181
parent_one,1574,200
parent_one,1578,107
parent_one,1578,294
parent_one,1580,602
parent_one,1581,962
parent_one,1584,396
parent_one,1585,429
parent_one,1587,171
parent_one,1587,306
parent_one,1587,667
parent_one,1588,198
parent_one,1588,814
parent_one,1589,209
parent_one,1590,104
parent_one,1590,137
parent_one,1590,409
parent_one,1591,258
parent_one,1592,261
parent_one,1594,277
parent_one,1595,190
parent_one,1595,191
parent_one,1596,379
parent_one,1598,743
parent_one,1598,874
parent_one,1599,297
parent_one,1600,261
parent_one,1604,178
parent_one,1605,137
parent_one,1606,622
parent_one,1609,314
parent_one,1610,768
parent_one,1610,940
parent_one,1611,244
parent_one,1613,495
parent_one,1613,565
parent_one,1614,547
parent_one,1615,171
parent_one,1615,248
parent_one,1615,308
parent_one,1615,369
parent_one,1615,733
parent_one,1619,136
parent_one,1619,166
parent_one,1623,163
parent_one,1624,162
parent_one,1624,572
parent_one,1626,471
parent_one,1626,876
parent_one,1628,871
parent_one,1629,190
parent_one,1630,415
parent_one,1631,437
parent_one,1633,789
parent_one,1634,184
parent_one,1634,331
parent_one,1636,217
parent_one,1637,259
parent_one,1643,103
parent_one,1643,207
parent_one,1643,532
parent_one,1644,250
parent_one,1644,623
parent_one,1647,440
parent_one,1647,574
parent_one,1649,254
parent_one,1649,324
parent_one,1649,331
parent_one,1650,203
parent_one,1651,328
parent_one,1651,706
parent_one,1652,188
parent_one,1653,170
parent_one,1655,313
parent_one,1656,240
parent_one,1657,922
parent_one,1659,118
parent_one,1659,657
parent_one,1659,820
parent_one,1660,129
parent_one,1660,666
parent_one,1661,148
parent_one,1662,137
parent_one,1663,656
parent_one,1665,482
parent_one,1665,757
parent_one,1667,201
parent_one,1668,952
parent_one,1669,145
parent_one,1669,157
parent_one,1669,223
parent_one,1671,674
parent_one,1673,141
parent_one,1673,924
parent_one,1675,229
parent_one,1676,687
parent_one,1679,175
parent_one,1680,109
parent_one,1684,104
parent_one,1686,227
parent_one,1687,156
parent_one,1687,721
parent_one,1688,657
parent_one,1688,729
parent_one,1689,325
parent_one,1691,672
parent_one,1693,962
parent_one,1694,461
parent_one,1697,166
parent_one,1697,280
parent_one,1701,326
parent_one,1702,261
parent_one,1703,131
parent_one,1703,432
parent_one,1704,220
parent_one,1704,659
parent_one,1705,952
parent_one,1707,252
parent_one,1708,127
parent_one,1708,283
parent_one,1710,104
parent_one,1710,164
parent_one,1711,106
parent_one,1712,259
parent_one,1714,238
parent_one,1714,447
parent_one,1716,151
parent_one,1716,551
parent_one,1717,418
parent_one,1718,226
parent_one,1720,374
parent_one,1722,113
parent_one,1722,357
parent_one,1722,612
parent_one,1723,318
parent_one,1724,108
parent_one,1725,112
parent_one,1725,151
parent_one,1725,179
parent_one,1725,188
parent_one,1726,713
parent_one,1726,993
parent_one,1730,133
parent_one,1731,179
parent_one,1732,103
parent_one,1732,108
parent_one,1733,701
parent_one,1735,136
parent_one,1736,120
parent_one,1738,588
parent_one,1744,119
parent_one,1747,321
parent_one,1749,114
parent_one,1751,108
parent_one,1751,512
parent_one,1753,101
parent_one,1755,197
parent_one,1758,632
parent_one,1759,154
parent_one,1759,216
parent_one,1760,394
parent_one,1762,201
parent_one,1762,258
parent_one,1762,854
parent_one,1764,498
parent_one,1765,260
parent_one,1765,765
parent_one,1766,621
parent_one,1767,412
parent_one,1768,329
parent_one,1768,331
parent_one,1768,406
parent_one,1769,155
parent_one,1769,175
parent_one,1770,539
parent_one,1771,371
parent_one,1773,241
parent_one,1774,404
parent_one,1774,873
parent_one,1778,801
parent_one,1779,229
parent_one,1780,219
parent_one,1781,122
parent_one,1781,194
parent_one,1782,270
parent_one,1785,436
parent_one,1788,335
parent_one,1788,535
parent_one,1790,392
parent_one,1791,528
parent_one,1792,102
parent_one,1792,343
parent_one,1793,441
parent_one,1794,174
parent_one,1795,178
parent_one,1797,446
parent_one,1798,384
parent_one,1799,236
parent_one,1801,109
parent_one,1802,218
parent_one,1802,688
parent_one,1804,160
parent_one,1804,259
parent_one,1804,428
parent_one,1806,106
parent_one,1807,528
parent_one,1808,160
parent_one,1809,539
parent_one,1809,673
parent_one,1810,724
parent_one,1812,215
parent_one,1817,200
parent_one,1818,415
parent_one,1819,297
parent_one,1819,613
parent_one,1821,311
parent_one,1821,398
parent_one,1821,414
parent_one,1821,457
parent_one,1821,484
parent_one,1821,550
parent_one,1823,184
parent_one,1823,337
parent_one,1824,151
parent_one,1824,661
parent_one,1825,371
parent_one,1825,636
parent_one,1826,240
parent_one,1828,865
parent_one,1828,887
parent_one,1829,463
parent_one,1829,650
parent_one,1830,572
parent_one,1833,754
parent_one,1836,127
parent_one,1838,673
parent_one,1840,631
parent_one,1841,204
parent_one,1841,985
parent_one,1842,561
parent_one,1843,128
parent_one,1843,184
parent_one,1843,241
parent_one,1844,684
parent_one,1844,902
parent_one,1847,205
parent_one,1849,326
parent_one,1849,347
parent_one,1849,416
parent_one,1851,126
parent_one,1851,134
parent_one,1853,189
parent_one,1854,145
parent_one,1854,236
parent_one,1854,474
parent_one,1855,260
parent_one,1856,368
parent_one,1856,917
parent_one,1860,190
parent_one,1860,380
parent_one,1861,102
parent_one,1861,205
parent_one,1861,226
parent_one,1862,147
parent_one,1862,246
parent_one,1862,649
parent_one,1863,391
parent_one,1863,559
parent_one,1867,555
parent_one,1874,134
parent_one,1874,694
parent_one,1877,131
parent_one,1877,638
parent_one,1877,895
parent_one,1878,551
parent_one,1879,271
parent_one,1881,218
parent_one,1882,135
parent_one,1882,237
parent_one,1882,306
parent_one,1882,592
parent_one,1883,654
parent_one,1883,806
parent_one,1884,422
parent_one,1885,927
parent_one,1886,721
parent_one,1886,909
parent_one,1887,464
parent_one,1891,256
parent_one,1891,420
parent_one,1891,950
parent_one,1895,518
parent_one,1900,278
parent_one,1900,741
parent_one,1904,123
parent_one,1905,253
parent_one,1905,537
parent_one,1907,118
parent_one,1907,510
parent_one,1911,157
parent_one,1911,293
parent_one,1911,860
parent_one,1913,795
parent_one,1914,444
parent_one,1914,549
parent_one,1916,460
parent_one,1917,110
parent_one,1921,383
parent_one,1923,102
parent_one,1923,509
parent_one,1925,162
parent_one,1925,176
parent_one,1925,908
parent_one,1928,511
parent_one,1929,305
parent_one,1929,334
parent_one,1929,869
parent_one,1931,158
parent_one,1931,953
parent_one,1934,154
parent_one,1934,216
parent_one,1934,561
parent_one,1937,143
parent_one,1937,784
parent_one,1938,188
parent_one,1940,256
parent_one,1942,184
parent_one,1942,381
parent_one,1944,354
parent_one,1944,636
parent_one,1947,244
parent_one,1947,740
parent_one,1949,646
parent_one,1951,714
parent_one,1952,598
parent_one,1953,583
parent_one,1953,643
parent_one,1955,187
parent_one,1955,314
parent_one,1955,701
parent_one,1956,395
parent_one,1958,126
parent_one,1962,507
parent_one,1964,150
parent_one,1966,302
parent_one,1966,448
parent_one,1967,725
parent_one,1968,229
parent_one,1968,783
parent_one,1970,512
parent_one,1970,914
parent_one,1971,742
parent_one,1972,844
parent_one,1973,162
parent_one,1973,188
parent_one,1973,653
parent_one,1974,185
parent_one,1974,324
parent_one,1974,675
parent_one,1975,487
parent_one,1976,156
parent_one,1976,400
parent_one,1978,130
parent_one,1978,348
parent_one,1978,616
parent_one,1981,135
parent_one,1981,223
parent_one,1983,726
parent_one,1986,129
parent_one,1986,602
parent_one,1986,990
parent_one,1987,180
parent_one,1994,334
parent_one,1994,978
parent_one,1995,200
parent_one,1995,201
parent_one,1995,238
parent_one,1995,776
parent_one,1995,942
parent_one,1998,270
parent_one,1999,235
parent_one,2000,304
parent_one,2001,972
parent_one,2002,838
parent_one,2003,177
parent_one,2003,772
parent_one,2004,259
parent_one,2006,146
parent_one,2006,237
parent_one,2008,226
parent_one,2013,309
parent_one,2014,117
parent_one,2015,123
parent_one,2015,740
parent_one,2016,538
parent_one,2018,857
parent_one,2019,904
parent_one,2020,118
parent_one,2020,618
parent_one,2024,223
parent_one,2024,301
parent_one,2025,299
parent_one,2026,328
parent_one,2026,401
parent_one,2026,874
parent_one,2029,121
parent_one,2029,144
parent_one,2031,330
parent_one,2031,742
parent_one,2033,155
parent_one,2033,255
parent_one,2034,272
parent_one,2035,234
parent_one,2036,398
parent_one,2039,189
parent_one,2040,191
parent_one,2042,150
parent_one,2043,314
parent_one,2043,524
parent_one,2044,129
parent_one,2044,282
parent_one,2044,313
parent_one,2045,247
parent_one,2045,671
parent_one,2051,344
parent_one,2051,590
parent_one,2052,122
parent_one,2052,949
parent_one,2053,288
parent_one,2053,685
parent_one,2053,830
parent_one,2055,178
parent_one,2057,171
parent_one,2059,132
parent_one,2060,172
parent_one,2061,421
parent_one,2062,111
parent_one,2062,117
parent_one,2062,594
parent_one,2063,271
parent_one,2067,129
parent_one,2067,130
parent_one,2067,855
parent_one,2068,466
parent_one,2069,620
parent_one,2070,587
parent_one,2073,275
parent_one,2076,155
parent_one,2077,233
parent_one,2077,425
parent_one,2077,754
parent_one,2078,368
parent_one,2079,125
parent_one,2079,162
parent_one,2080,227
parent_one,2081,759
parent_one,2082,122
parent_one,2082,381
parent_one,2082,759
parent_one,2083,514
parent_one,2085,110
parent_one,2085,318
parent_one,2086,104
parent_one,2086,168
parent_one,2086,221
parent_one,2086,568
parent_one,2088,290
parent_one,2088,374
parent_one,2088,559
parent_one,2088,700
parent_one,2089,676
parent_one,2090,845
parent_one,2092,979
parent_one,2093,333
parent_one,2093,591
parent_one,2093,739
parent_one,2094,141
parent_one,2094,617
parent_one,2098,579
parent_one,2100,183
parent_one,2102,752
parent_one,2103,552
parent_one,2106,308
parent_one,2106,535
parent_one,2107,125
parent_one,2111,199
parent_one,2112,264
parent_one,2112,290
parent_one,2113,513
parent_one,2114,237
parent_one,2116,213
parent_one,2118,104
parent_one,2118,187
parent_one,2120,163
parent_one,2121,854
parent_one,2122,112
parent_one,2123,302
parent_one,2125,203
parent_one,2126,850
parent_one,2127,177
parent_one,2128,363
parent_one,2128,813
parent_one,2129,177
parent_one,2129,190
parent_one,2129,194
parent_one,2129,601
parent_one,2129,793
parent_one,2130,341
parent_one,2131,204
parent_one,2131,258
parent_one,2132,300
parent_one,2132,788
parent_one,2135,148
parent_one,2136,105
parent_one,2136,884
parent_one,2139,796
parent_one,2141,106
parent_one,2141,216
parent_one,2143,120
parent_one,2143,265
parent_one,2144,134
parent_one,2144,476
parent_one,2146,578
parent_one,2146,895
parent_one,2149,366
parent_one,2151,158
parent_one,2152,176
parent_one,2152,226
parent_one,2152,325
parent_one,2152,853
parent_one,2153,184
parent_one,2153,975
parent_one,2155,587
parent_one,2156,111
parent_one,2159,203
parent_one,2161,247
parent_one,2162,137
parent_one,2162,233
parent_one,2165,630
parent_one,2166,132
parent_one,2166,141
parent_one,2166,158
parent_one,2166,224
parent_one,2166,632
parent_one,2170,329
parent_one,2171,180
parent_one,2172,111
parent_one,2172,236
parent_one,2172,356
parent_one,2172,685
parent_one,2173,395
parent_one,2175,227
parent_one,2176,134
parent_one,2176,205
parent_one,2177,168
parent_one,2178,144
parent_one,2178,200
parent_one,2178,241
parent_one,2178,671
parent_one,2179,125
parent_one,2179,507
parent_one,2179,608
parent_one,2181,646
parent_one,2181,904
parent_one,2182,303
parent_one,2184,114
parent_one,2184,135
parent_one,2187,395
parent_one,2192,468
parent_one,2194,272
parent_one,2195,167
parent_one,2196,120
parent_one,2196,445
parent_one,2200,135
parent_one,2200,202
parent_one,2201,386
parent_one,2204,378
parent_one,2204,505
parent_one,2204,518
parent_one,2205,600
parent_one,2210,193
parent_one,2216,321
parent_one,2216,379
parent_one,2218,483
parent_one,2219,269
parent_one,2219,672
parent_one,2219,682
parent_one,2220,295
parent_one,2222,101
parent_one,2222,130
parent_one,2222,168
parent_one,2223,612
parent_one,2224,137
parent_one,2224,261
parent_one,2224,337
parent_one,2224,748
parent_one,2226,169
parent_one,2226,243
parent_one,2228,180
parent_one,2232,130
parent_one,2232,616
parent_one,2233,511
parent_one,2233,627
parent_one,2234,723
parent_one,2236,488
parent_one,2237,185
parent_one,2238,447
parent_one,2240,123
parent_one,2241,832
parent_one,2242,730
parent_one,2243,223
parent_one,2243,351
parent_one,2243,495
parent_one,2244,185
parent_one,2245,133
parent_one,2246,188
parent_one,2246,216
parent_one,2246,743
parent_one,2247,198
parent_one,2248,208
parent_one,2248,349
parent_one,2249,173
parent_one,2250,216
parent_one,2250,385
parent_one,2251,532
parent_one,2252,167
parent_one,2253,186
parent_one,2253,755
parent_one,2254,220
parent_one,2254,740
parent_one,2255,172
parent_one,2255,457
parent_one,2255,557
parent_one,2255,749
parent_one,2256,170
parent_one,2256,705
parent_one,2257,114
parent_one,2257,597
parent_one,2258,278
parent_one,2262,167
parent_one,2263,199
parent_one,2266,329
parent_one,2266,807
parent_one,2267,196
parent_one,2267,269
parent_one,2268,507
parent_one,2269,328
parent_one,2269,388
parent_one,2270,126
parent_one,2270,192
parent_one,2270,196
parent_one,2270,220
parent_one,2270,285
parent_one,2270,562
parent_one,2271,959
parent_one,2273,262
parent_one,2274,216
parent_one,2275,525
parent_one,2276,193
parent_one,2276,527
parent_one,2276,599
parent_one,2277,137
parent_one,2278,161
parent_one,2283,107
parent_one,2283,130
parent_one,2286,104
parent_one,2286,516
parent_one,2287,215
parent_one,2287,243
parent_one,2287,943
parent_one,2288,207
parent_one,2289,196
parent_one,2289,202
parent_one,2289,677
parent_one,2291,151
parent_one,2291,288
parent_one,2293,149
parent_one,2293,663
parent_one,2294,302
parent_one,2296,388
parent_one,2297,169
parent_one,2297,257
parent_one,2298,110
parent_one,2298,422
parent_one,2302,547
parent_one,2303,267
parent_one,2303,319
parent_one,2303,323
parent_one,2303,522
parent_one,2304,331
parent_one,2304,418
parent_one,2305,615
parent_one,2306,914
parent_one,2307,488
parent_one,2308,615
parent_one,2309,117
parent_one,2311,236
parent_one,2311,544
parent_one,2312,150
parent_one,2312,154
parent_one,2314,128
parent_one,2315,104
parent_one,2315,516
parent_one,2317,291
parent_one,2318,141
parent_one,2318,438
parent_one,2319,216
parent_one,2320,253
parent_one,2320,537
parent_one,2321,158
parent_one,2322,242
parent_one,2322,624
parent_one,2324,362
parent_one,2327,878
parent_one,2328,134
parent_one,2330,231
parent_one,2331,115
parent_one,2332,130
parent_one,2332,439
parent_one,2332,863
parent_one,2333,656
parent_one,2333,872
parent_one,2334,138
parent_one,2336,214
parent_one,2336,874
parent_one,2337,140
parent_one,2337,384
parent_one,2337,565
parent_one,2338,121
parent_one,2338,735
parent_one,2339,123
parent_one,2339,143
parent_one,2340,188
parent_one,2342,246
parent_one,2342,437
parent_one,2345,166
parent_one,2346,151
parent_one,2347,181
parent_one,2347,677
parent_one,2348,776
parent_one,2351,165
parent_one,2352,211
parent_one,2352,680
parent_one,2353,144
parent_one,2354,746
parent_one,2357,717
parent_one,2357,954
parent_one,2360,120
parent_one,2360,125
parent_one,2361,394
parent_one,2361,601
parent_one,2361,653
parent_one,2364,502
parent_one,2365,115
parent_one,2365,354
parent_one,2365,918
parent_one,2365,976
parent_one,2366,113
parent_one,2366,917
parent_one,2372,159
parent_one,2372,224
parent_one,2373,126
parent_one,2373,155
parent_one,2373,798
parent_one,2374,676
parent_one,2375,110
parent_one,2375,136
parent_one,2377,374
parent_one,2380,226
parent_one,2380,297
parent_one,2381,114
parent_one,2383,132
parent_one,2383,912
parent_one,2386,269
parent_one,2386,569
parent_one,2387,235
parent_one,2387,818
parent_one,2388,183
parent_one,2388,428
parent_one,2388,733
parent_one,2389,208
parent_one,2389,245
parent_one,2392,203
parent_one,2392,933
parent_one,2393,161
parent_one,2393,693
parent_one,2394,532
parent_one,2394,963
parent_one,2396,766
parent_one,2399,162
parent_one,2399,419
parent_one,2400,102
parent_one,2401,525
parent_one,2402,573
parent_one,2404,124
parent_one,2404,861
parent_one,2405,424
parent_one,2409,197
parent_one,2409,490
parent_one,2409,800
parent_one,2415,586
parent_one,2415,715
parent_one,2416,118
parent_one,2416,135
parent_one,2416,219
parent_one,2416,963
parent_one,2418,133
parent_one,2418,466
parent_one,2419,743
parent_one,2422,145
parent_one,2422,154
parent_one,2422,264
parent_one,2422,590
parent_one,2423,660
parent_one,2424,364
parent_one,2425,294
parent_one,2426,770
parent_one,2427,152
parent_one,2428,438
parent_one,2428,453
parent_one,2428,492
parent_one,2431,562
parent_one,2434,153
parent_one,2434,382
parent_one,2435,119
parent_one,2435,345
parent_one,2435,352
parent_one,2436,466
parent_one,2438,364
parent_one,2441,102
parent_one,2441,122
parent_one,2441,399
parent_one,2443,326
parent_one,2443,802
parent_one,2445,211
parent_one,2446,334
parent_one,2446,337
parent_one,2447,237
parent_one,2448,125
parent_one,2448,128
parent_one,2448,524
parent_one,2449,603
parent_one,2451,237
parent_one,2451,330
parent_one,2451,360
parent_one,2451,415
parent_one,2451,802
parent_one,2452,233
parent_one,2454,519
parent_one,2455,334
parent_one,2456,149
parent_one,2456,428
parent_one,2458,709
parent_one,2464,103
parent_one,2464,123
parent_one,2465,744
parent_one,2466,121
parent_one,2466,317
parent_one,2466,889
parent_one,2468,824
parent_one,2472,215
parent_one,2472,247
parent_one,2473,396
parent_one,2474,183
parent_one,2474,448
parent_one,2475,151
parent_one,2475,754
parent_one,2476,131
parent_one,2476,844
parent_one,2479,423
parent_one,2479,683
parent_one,2481,101
parent_one,2481,126
parent_one,2481,702
parent_one,2482,462
parent_one,2482,538
parent_one,2485,169
parent_one,2485,217
parent_one,2487,215
parent_one,2487,348
parent_one,2490,198
parent_one,2490,958
parent_one,2491,114
parent_one,2491,129
parent_one,2492,130
parent_one,2493,268
parent_one,2493,721
parent_one,2494,160
parent_one,2494,236
parent_one,2495,440
parent_one,2498,194
parent_one,2498,801
parent_one,2500,231
parent_one,2501,755
parent_one,2503,289
parent_one,2503,454
parent_one,2504,698
parent_one,2506,126
parent_one,2506,955
parent_one,2507,243
parent_one,2507,397
parent_one,2510,511
parent_one,2510,579
parent_one,2512,269
parent_one,2513,243
parent_one,2514,845
parent_one,2516,211
parent_one,2516,556
parent_one,2517,615
parent_one,2518,190
parent_one,2518,714
parent_one,2519,115
parent_one,2519,522
parent_one,2519,630
parent_one,2520,555
parent_one,2522,413
parent_one,2523,303
parent_one,2524,153
parent_one,2525,492
parent_one,2526,303
parent_one,2526,838
parent_one,2527,327
parent_one,2527,865
parent_one,2527,883
parent_one,2528,621
parent_one,2529,171
parent_one,2530,226
parent_one,2530,938
parent_one,2532,243
parent_one,2532,343
parent_one,2534,179
parent_one,2536,324
parent_one,2536,688
parent_one,2537,104
parent_one,2539,211
parent_one,2539,828
parent_one,2540,150
parent_one,2540,240
parent_one,2540,265
parent_one,2540,352
parent_one,2540,403
parent_one,2544,486
parent_one,2544,914
parent_one,2545,164
parent_one,2545,266
parent_one,2546,226
parent_one,2549,124
parent_one,2550,695
parent_one,2551,549
parent_one,2554,147
parent_one,2554,159
parent_one,2554,399
parent_one,2554,467
parent_one,2556,171
parent_one,2556,224
parent_one,2557,901
parent_one,2557,933
parent_one,2559,206
parent_one,2559,243
parent_one,2561,339
parent_one,2561,460
parent_one,2561,731
parent_one,2562,379
parent_one,2562,734
parent_one,2563,102
parent_one,2563,286
parent_one,2563,333
parent_one,2564,217
parent_one,2565,223
parent_one,2566,604
parent_one,2566,811
parent_one,2567,134
parent_one,2567,259
parent_one,2569,372
parent_one,2571,263
parent_one,2572,946
parent_one,2574,191
parent_one,2575,382
parent_one,2576,399
parent_one,2576,731
parent_one,2577,241
parent_one,2577,306
parent_one,2577,571
parent_one,2580,144
parent_one,2581,237
parent_one,2581,456
parent_one,2581,663
parent_one,2582,371
parent_one,2585,126
parent_one,2586,195
parent_one,2586,203
parent_one,2586,444
parent_one,2587,224
parent_one,2588,105
parent_one,2588,313
parent_one,2590,294
parent_one,2590,771
parent_one,2593,947
parent_one,2595,362
parent_one,2595,858
parent_one,2596,131
parent_one,2597,115
parent_one,2598,354
parent_one,2598,1000
parent_one,2599,228
parent_one,2600,647
parent_one,2602,438
parent_one,2604,279
parent_one,2606,118
parent_one,2606,210
parent_one,2608,175
parent_one,2611,105
parent_one,2613,470
parent_one,2614,317
parent_one,2615,140
parent_one,2615,219
parent_one,2616,149
parent_one,2617,344
parent_one,2618,208
parent_one,2618,304
parent_one,2620,206
parent_one,2621,407
parent_one,2623,660
parent_one,2625,223
parent_one,2626,112
parent_one,2627,103
parent_one,2627,227
parent_one,2627,326
parent_one,2630,227
parent_one,2631,224
parent_one,2632,157
parent_one,2632,311
parent_one,2632,480
parent_one,2632,631
parent_one,2633,996
parent_one,2634,557
parent_one,2637,211
parent_one,2638,334
parent_one,2641,320
parent_one,2642,257
parent_one,2643,649
parent_one,2644,144
parent_one,2644,308
parent_one,2644,811
parent_one,2645,110
parent_one,2645,395
parent_one,2646,152
parent_one,2646,433
parent_one,2647,165
parent_one,2650,119
parent_one,2652,183
parent_one,2652,249
parent_one,2652,740
parent_one,2657,195
parent_one,2657,278
parent_one,2657,424
parent_one,2657,748
parent_one,2658,574
parent_one,2659,170
parent_one,2661,126
parent_one,2661,139
parent_one,2662,171
parent_one,2667,112
parent_one,2667,149
parent_one,2670,674
parent_one,2671,270
parent_one,2673,114
parent_one,2673,353
parent_one,2674,107
parent_one,2674,201
parent_one,2674,406
parent_one,2676,142
parent_one,2676,716
parent_one,2677,141
parent_one,2678,120
parent_one,2681,274
parent_one,2686,174
parent_one,2686,342
parent_one,2686,488
parent_one,2687,125
parent_one,2689,456
parent_one,2690,494
parent_one,2690,901
parent_one,2692,165
parent_one,2692,924
parent_one,2693,925
parent_one,2694,124
parent_one,2694,190
parent_one,2694,210
parent_one,2697,134
parent_one,2697,263
parent_one,2698,102
parent_one,2698,828
parent_one,2702,903
parent_one,2711,114
parent_one,2713,413
parent_one,2714,482
parent_one,2716,316
parent_one,2716,722
parent_one,2717,351
parent_one,2719,574
parent_one,2720,294
parent_one,2720,363
parent_one,2721,171
parent_one,2723,657
parent_one,2724,198
parent_one,2724,459
parent_one,2726,231
parent_one,2727,173
parent_one,2727,878
parent_one,2729,125
parent_one,2729,131
parent_one,2730,154
parent_one,2730,489
parent_one,2731,109
parent_one,2733,646
parent_one,2734,121
parent_one,2734,198
parent_one,2737,465
parent_one,2738,101
parent_one,2739,184
parent_one,2739,410
parent_one,2740,618
parent_one,2742,278
parent_one,2743,149
parent_one,2744,122
parent_one,2744,439
parent_one,2747,101
parent_one,2750,105
parent_one,2751,830
parent_one,2752,285
parent_one,2753,219
parent_one,2754,187
parent_one,2755,655
parent_one,2757,435
parent_one,2759,137
parent_one,2760,504
parent_one,2760,802
parent_one,2762,362
parent_one,2764,301
parent_one,2766,134
parent_one,2768,517
parent_one,2769,126
parent_one,2769,220
parent_one,2770,709
parent_one,2771,204
parent_one,2772,333
parent_one,2773,153
parent_one,2773,353
parent_one,2773,387
parent_one,2774,278
parent_one,2774,793
parent_one,2775,201
parent_one,2776,685
parent_one,2778,534
parent_one,2780,101
parent_one,2786,742
parent_one,2787,154
parent_one,2787,302
parent_one,2788,589
parent_one,2790,112
parent_one,2790,382
parent_one,2791,383
parent_one,2791,537
parent_one,2792,641
parent_one,2798,214
parent_one,2799,974
parent_one,2800,122
parent_one,2800,241
parent_one,2800,496
parent_one,2800,624
parent_one,2801,297
parent_one,2803,141
parent_one,2803,149
parent_one,2804,532
parent_one,2805,258
parent_one,2806,131
parent_one,2808,251
parent_one,2808,268
parent_one,2808,396
parent_one,2808,520
parent_one,2809,109
parent_one,2809,448
parent_one,2809,681
parent_one,2812,422
parent_one,2812,497
parent_one,2812,661
parent_one,2813,239
parent_one,2814,104
parent_one,2814,983
parent_one,2816,529
parent_one,2817,101
parent_one,2817,139
parent_one,2817,242
parent_one,2817,490
parent_one,2818,117
parent_one,2818,227
parent_one,2818,312
parent_one,2818,697
parent_one,2820,392
parent_one,2821,187
parent_one,2828,534
parent_one,2829,103
parent_one,2829,160
parent_one,2829,338
parent_one,2829,466
parent_one,2830,199
parent_one,2831,138
parent_one,2831,242
parent_one,2831,527
parent_one,2836,158
parent_one,2836,159
parent_one,2836,227
parent_one,2839,114
parent_one,2839,634
parent_one,2839,751
parent_one,2841,154
parent_one,2841,620
parent_one,2842,195
parent_one,2842,596
parent_one,2848,127
parent_one,2848,471
parent_one,2848,692
parent_one,2848,706
parent_one,2850,110
parent_one,2850,164
parent_one,2850,322
parent_one,2852,109
parent_one,2852,227
parent_one,2854,183
parent_one,2855,369
parent_one,2856,407
parent_one,2856,417
parent_one,2857,781
parent_one,2860,264
parent_one,2860,270
parent_one,2862,333
parent_one,2863,735
parent_one,2866,127
parent_one,2866,146
parent_one,2869,107
parent_one,2869,135
parent_one,2870,175
parent_one,2870,678
parent_one,2872,373
parent_one,2873,182
parent_one,2873,210
parent_one,2873,374
parent_one,2875,967
parent_one,2878,407
parent_one,2878,417
parent_one,2878,853
parent_one,2880,193
parent_one,2882,148
parent_one,2883,112
parent_one,2886,112
parent_one,2886,225
parent_one,2887,189
parent_one,2888,703
parent_one,2888,886
parent_one,2888,930
parent_one,2889,184
parent_one,2889,792
parent_one,2891,159
parent_one,2894,146
parent_one,2894,178
parent_one,2894,457
parent_one,2895,992
parent_one,2896,145
parent_one,2896,299
parent_one,2896,880
parent_one,2901,978
parent_one,2902,166
parent_one,2902,885
parent_one,2903,202
parent_one,2903,884
parent_one,2904,395
parent_one,2906,506
parent_one,2906,719
parent_one,2907,114
parent_one,2907,156
parent_one,2907,283
parent_one,2907,313
parent_one,2908,754
parent_one,2911,113
parent_one,2914,930
parent_one,2915,130
parent_one,2915,172
parent_one,2916,999
parent_one,2918,265
parent_one,2919,292
parent_one,2919,294
parent_one,2920,135
parent_one,2920,518
parent_one,2921,269
parent_one,2922,965
parent_one,2923,868
parent_one,2924,206
parent_one,2926,359
parent_one,2926,749
parent_one,2929,123
parent_one,2929,139
parent_one,2929,504
parent_one,2930,508
parent_one,2931,229
parent_one,2932,121
parent_one,2932,153
parent_one,2934,275
parent_one,2937,747
parent_one,2938,133
parent_one,2938,218
parent_one,2939,101
parent_one,2940,294
parent_one,2941,264
parent_one,2941,416
parent_one,2942,230
parent_one,2942,625
parent_one,2943,137
parent_one,2945,319
parent_one,2945,375
parent_one,2947,264
parent_one,2948,125
parent_one,2948,233
parent_one,2948,670
parent_one,2948,992
parent_one,2949,138
parent_one,2949,475
parent_one,2951,125
parent_one,2951,241
parent_one,2951,263
parent_one,2951,564
parent_one,2952,391
parent_one,2954,125
parent_one,2955,124
parent_one,2955,422
parent_one,2958,244
parent_one,2958,923
parent_one,2959,431
parent_one,2959,792
parent_one,2960,116
parent_one,2960,245
parent_one,2967,236
parent_one,2967,297
parent_one,2970,545
parent_one,2970,678
parent_one,2972,240
parent_one,2972,558
parent_one,2974,582
parent_one,2977,280
parent_one,2977,315
parent_one,2979,102
parent_one,2979,175
parent_one,2980,556
parent_one,2983,153
parent_one,2983,921
parent_one,2985,351
parent_one,2985,620
parent_one,2986,748
parent_one,2986,928
parent_one,2987,194
parent_one,2988,545
parent_one,2988,675
parent_one,2988,842
parent_one,2989,473
parent_one,2991,345
parent_one,2991,607
parent_one,2992,120
parent_one,2992,202
parent_one,2993,178
parent_one,2994,134
parent_one,2996,477
parent_one,2997,114
parent_one,2997,290
parent_one,2997,361
parent_one,2997,368
parent_one,2997,550
parent_one,3001,249
parent_one,3001,337
parent_one,3002,953
parent_one,3002,980
parent_one,3003,133
parent_one,3003,209
parent_one,3011,399
parent_one,3011,664
parent_one,3014,898
parent_one,3014,955
parent_one,3015,847
parent_one,3019,517
parent_one,3020,291
parent_one,3020,806
parent_one,3021,726
parent_one,3021,975
parent_one,3026,104
parent_one,3026,141
parent_one,3026,502
parent_one,3027,847
parent_one,3030,328
parent_one,3031,150
parent_one,3031,336
parent_one,3032,135
parent_one,3033,387
parent_one,3033,952
parent_one,3034,713
parent_one,3035,168
parent_one,3035,293
parent_one,3042,331
parent_one,3043,425
parent_one,3047,109
parent_one,3049,113
parent_one,3049,236
parent_one,3051,256
parent_one,3051,877
parent_one,3052,115
parent_one,3053,139
parent_one,3053,402
parent_one,3055,255
parent_one,3058,397
parent_one,3059,252
parent_one,3062,438
parent_one,3063,244
parent_one,3063,355
parent_one,3065,218
parent_one,3065,244
parent_one,3066,108
parent_one,3066,321
parent_one,3066,556
parent_one,3069,296
parent_one,3071,811
parent_one,3072,238
parent_one,3074,140
parent_one,3074,171
parent_one,3074,265
parent_one,3079,175
parent_one,3080,321
parent_one,3080,936
parent_one,3082,178
parent_one,3083,396
parent_one,3083,543
parent_one,3084,497
parent_one,3084,773
parent_one,3085,270
parent_one,3085,796
parent_one,3086,445
parent_one,3087,308
parent_one,3088,833
parent_one,3090,843
parent_one,3092,893
parent_one,3094,120
parent_one,3094,183
parent_one,3096,157
parent_one,3096,785
parent_one,3097,993
parent_one,3098,463
parent_one,3098,960
parent_one,3099,375
parent_one,3099,391
parent_one,3099,475
parent_one,3101,133
parent_one,3101,390
parent_one,3102,241
parent_one,3103,106
parent_one,3103,752
parent_one,3104,106
parent_one,3104,572
parent_one,3104,711
parent_one,3106,247
parent_one,3106,292
parent_one,3106,518
parent_one,3108,146
parent_one,3108,250
parent_one,3110,345
parent_one,3111,678
parent_one,3112,120
parent_one,3112,569
parent_one,3113,140
parent_one,3113,629
parent_one,3117,224
parent_one,3117,508
parent_one,3117,564
parent_one,3117,831
parent_one,3118,106
parent_one,3122,632
parent_one,3123,713
parent_one,3123,789
parent_one,3125,129
parent_one,3125,526
parent_one,3125,599
parent_one,3127,183
parent_one,3127,235
parent_one,3127,346
parent_one,3128,208
parent_one,3128,215
parent_one,3128,233
parent_one,3129,190
parent_one,3131,854
parent_one,3131,903
parent_one,3133,926
parent_one,3135,401
parent_one,3137,632
parent_one,3138,402
parent_one,3140,156
parent_one,3144,200
parent_one,3145,112
parent_one,3148,210
parent_one,3151,269
parent_one,3151,444
parent_one,3151,806
parent_one,3154,379
parent_one,3154,434
parent_one,3154,610
parent_one,3156,522
parent_one,3157,458
parent_one,3157,738
parent_one,3158,234
parent_one,3158,278
parent_one,3158,581
parent_one,3158,998
parent_one,3160,782
parent_one,3161,178
parent_one,3162,296
parent_one,3164,181
parent_one,3164,274
parent_one,3164,383
parent_one,3164,517
parent_one,3166,130
parent_one,3169,151
parent_one,3169,288
parent_one,3170,125
parent_one,3170,168
parent_one,3171,120
parent_one,3173,267
parent_one,3173,310
parent_one,3173,523
parent_one,3174,224
parent_one,3175,800
parent_one,3176,222
parent_one,3176,291
parent_one,3176,532
parent_one,3176,857
parent_one,3179,123
parent_one,3182,244
parent_one,3182,309
parent_one,3184,112
parent_one,3184,225
parent_one,3184,236
parent_one,3185,472
parent_one,3185,565
parent_one,3186,174
parent_one,3186,909
parent_one,3187,657
parent_one,3188,119
parent_one,3188,185
parent_one,3188,392
parent_one,3189,123
parent_one,3189,690
parent_one,3190,674
parent_one,3192,188
parent_one,3193,174
parent_one,3196,155
parent_one,3196,240
parent_one,3197,553
parent_one,3198,161
parent_one,3198,595
parent_one,3199,213
parent_one,3199,428
parent_one,3199,660
parent_one,3200,257
parent_one,3200,276
parent_one,3201,389
parent_one,3201,960
parent_one,3202,168
parent_one,3202,980
parent_one,3203,385
parent_one,3204,589
parent_one,3205,174
parent_one,3205,367
parent_one,3205,500
parent_one,3206,103
parent_one,3206,322
parent_one,3206,517
parent_one,3207,148
parent_one,3208,179
parent_one,3208,639
parent_one,3210,471
parent_one,3210,521
parent_one,3211,678
parent_one,3212,167
parent_one,3212,175
parent_one,3213,147
parent_one,3214,143
parent_one,3214,608
parent_one,3215,180
parent_one,3216,557
parent_one,3216,658
parent_one,3216,817
parent_one,3220,488
parent_one,3220,511
parent_one,3223,548
parent_one,3224,141
parent_one,3224,294
parent_one,3226,341
parent_one,3226,736
parent_one,3226,864
parent_one,3227,165
parent_one,3231,182
parent_one,3234,327
parent_one,3234,428
parent_one,3235,112
parent_one,3235,293
parent_one,3235,595
parent_one,3239,554
parent_one,3241,567
parent_one,3243,143
parent_one,3243,166
parent_one,3243,175
parent_one,3243,275
parent_one,3243,386
parent_one,3244,121
parent_one,3244,194
parent_one,3244,950
parent_one,3246,376
parent_one,3247,571
parent_one,3248,226
parent_one,3250,298
parent_one,3252,161
parent_one,3252,263
parent_one,3253,287
parent_one,3254,114
parent_one,3254,117
parent_one,3254,147
parent_one,3254,341
parent_one,3254,841
parent_one,3255,708
parent_one,3257,228
parent_one,3257,331
parent_one,3257,664
parent_one,3259,261
parent_one,3259,701
parent_one,3260,111
parent_one,3260,135
parent_one,3260,180
parent_one,3262,916
parent_one,3264,167
parent_one,3264,219
parent_one,3267,188
parent_one,3268,241
parent_one,3270,220
parent_one,3272,284
parent_one,3272,289
parent_one,3273,158
parent_one,3274,121
parent_one,3274,923
parent_one,3275,216
parent_one,3275,366
parent_one,3278,245
parent_one,3279,912
parent_one,3281,120
parent_one,3281,668
parent_one,3285,724
parent_one,3288,169
parent_one,3295,330
parent_one,3296,140
parent_one,3296,292
parent_one,3298,187
parent_one,3298,441
parent_one,3299,970
parent_one,3300,424
parent_one,3301,156
parent_one,3302,160
parent_one,3302,234
parent_one,3302,406
parent_one,3305,126
parent_one,3306,558
parent_one,3307,288
parent_one,3314,233
parent_one,3314,481
parent_one,3316,422
parent_one,3317,230
parent_one,3318,400
parent_one,3321,103
parent_one,3321,304
parent_one,3321,394
parent_one,3322,340
parent_one,3324,131
parent_one,3324,149
parent_one,3324,872
parent_one,3325,361
parent_one,3325,936
parent_one,3326,110
parent_one,3326,401
parent_one,3326,787
parent_one,3327,407
parent_one,3327,627
parent_one,3331,142
parent_one,3331,374
parent_one,3332,158
parent_one,3332,303
parent_one,3333,318
parent_one,3333,359
parent_one,3334,416
parent_one,3334,527
parent_one,3335,441
parent_one,3335,619
parent_one,3336,140
parent_one,3336,195
parent_one,3336,657
parent_one,3338,115
parent_one,3339,538
parent_one,3339,624
parent_one,3340,221
parent_one,3340,522
parent_one,3342,432
parent_one,3342,822
parent_one,3343,283
parent_one,3344,107
parent_one,3346,122
parent_one,3346,145
parent_one,3349,374
parent_one,3352,224
parent_one,3354,174
parent_one,3354,186
parent_one,3354,342
parent_one,3356,118
parent_one,3356,249
parent_one,3357,133
parent_one,3357,385
parent_one,3360,872
parent_one,3361,186
parent_one,3361,507
parent_one,3362,111
parent_one,3364,425
parent_one,3365,535
parent_one,3366,645
parent_one,3367,548
parent_one,3369,192
parent_one,3369,348
parent_one,3370,161
parent_one,3372,421
parent_one,3374,462
parent_one,3374,854
parent_one,3375,933
parent_one,3376,880
parent_one,3378,107
parent_one,3379,102
parent_one,3379,478
parent_one,3380,876
parent_one,3381,303
parent_one,3381,619
parent_one,3382,240
parent_one,3383,148
parent_one,3383,675
parent_one,3384,355
parent_one,3385,266
parent_one,3386,190
parent_one,3387,477
parent_one,3388,322
parent_one,3388,390
parent_one,3389,216
parent_one,3390,794
parent_one,3392,401
parent_one,3394,182
parent_one,3394,483
parent_one,3394,554
parent_one,3395,118
parent_one,3395,443
parent_one,3398,538
parent_one,3399,270
parent_one,3399,513
parent_one,3401,768
parent_one,3404,915
parent_one,3405,823
parent_one,3406,122
parent_one,3407,255
parent_one,3408,576
parent_one,3410,110
parent_one,3410,985
parent_one,3411,119
parent_one,3411,120
parent_one,3411,908
parent_one,3412,141
parent_one,3413,362
parent_one,3414,160
parent_one,3415,242
parent_one,3416,414
parent_one,3419,157
parent_one,3422,302
parent_one,3424,340
parent_one,3425,267
parent_one,3425,436
parent_one,3428,144
parent_one,3429,557
parent_one,3430,551
parent_one,3431,584
parent_one,3432,581
parent_one,3434,133
parent_one,3434,741
parent_one,3435,241
parent_one,3435,312
parent_one,3435,409
parent_one,3436,120
parent_one,3436,775
parent_one,3437,108
parent_one,3439,209
parent_one,3439,462
parent_one,3439,738
parent_one,3443,452
parent_one,3443,538
parent_one,3444,123
parent_one,3444,602
parent_one,3445,305
parent_one,3447,297
parent_one,3448,140
parent_one,3448,168
parent_one,3450,339
parent_one,3450,703
parent_one,3452,151
parent_one,3455,127
parent_one,3455,214
parent_one,3455,434
parent_one,3456,105
parent_one,3456,401
parent_one,3457,373
parent_one,3459,159
parent_one,3459,192
parent_one,3459,334
parent_one,3460,155
parent_one,3460,315
parent_one,3460,744
parent_one,3461,876
parent_one,3463,147
parent_one,3463,150
parent_one,3465,273
parent_one,3465,585
parent_one,3466,251
parent_one,3468,723
parent_one,3469,188
parent_one,3472,216
parent_one,3472,236
parent_one,3473,149
parent_one,3475,107
parent_one,3475,166
parent_one,3475,465
parent_one,3476,383
parent_one,3477,361
parent_one,3479,701
parent_one,3480,605
parent_one,3484,126
parent_one,3484,428
parent_one,3484,456
parent_one,3486,835
parent_one,3488,283
parent_one,3488,376
parent_one,3490,209
parent_one,3492,316
parent_one,3493,176
parent_one,3494,182
parent_one,3494,344
parent_one,3495,537
parent_one,3495,609
parent_one,3495,666
parent_one,3495,750
parent_one,3497,407
parent_one,3498,340
parent_one,3499,701
parent_one,3500,404
parent_one,3502,194
parent_one,3505,763
parent_one,3506,409
parent_one,3508,283
parent_one,3508,696
parent_one,3509,380
parent_one,3509,927
parent_one,3516,617
parent_one,3517,152
parent_one,3517,278
parent_one,3520,147
parent_one,3522,834
parent_one,3526,671
parent_one,3527,211
parent_one,3527,268
parent_one,3528,333
parent_one,3529,411
parent_one,3529,590
parent_one,3530,308
parent_one,3531,669
parent_one,3532,176
parent_one,3532,304
parent_one,3535,398
parent_one,3536,940
parent_one,3538,264
parent_one,3541,917
parent_one,3549,226
parent_one,3549,324
parent_one,3551,649
parent_one,3553,125
parent_one,3555,234
parent_one,3557,305
parent_one,3557,356
parent_one,3558,150
parent_one,3561,106
parent_one,3561,318
parent_one,3563,255
parent_one,3563,547
parent_one,3564,592
parent_one,3571,300
parent_one,3571,562
parent_one,3572,162
parent_one,3575,142
parent_one,3575,272
parent_one,3576,108
parent_one,3576,360
parent_one,3577,312
parent_one,3577,683
parent_one,3581,647
parent_one,3582,216
parent_one,3582,436
parent_one,3584,133
parent_one,3584,214
parent_one,3584,294
parent_one,3584,413
parent_one,3586,691
parent_one,3587,207
parent_one,3588,423
parent_one,3589,215
parent_one,3590,212
parent_one,3590,467
parent_one,3590,964
parent_one,3591,216
parent_one,3591,337
parent_one,3592,267
parent_one,3593,466
parent_one,3593,994
parent_one,3594,116
parent_one,3595,275
parent_one,3597,798
parent_one,3598,471
parent_one,3600,255
parent_one,3601,345
parent_one,3601,380
parent_one,3603,124
parent_one,3607,272
parent_one,3607,352
parent_one,3607,976
parent_one,3608,321
parent_one,3609,732
parent_one,3609,867
parent_one,3610,424
parent_one,3611,233
parent_one,3613,141
parent_one,3614,133
parent_one,3614,307
parent_one,3620,427
parent_one,3621,462
parent_one,3622,214
parent_one,3623,234
parent_one,3624,382
parent_one,3625,307
parent_one,3625,412
parent_one,3625,586
parent_one,3626,328
parent_one,3628,628
parent_one,3630,489
parent_one,3631,162
parent_one,3632,314
parent_one,3632,729
parent_one,3632,900
parent_one,3634,625
parent_one,3636,155
parent_one,3636,541
parent_one,3637,799
parent_one,3639,395
parent_one,3640,605
parent_one,3642,477
parent_one,3643,236
parent_one,3644,517
parent_one,3645,382
parent_one,3647,316
parent_one,3650,254
parent_one,3650,478
parent_one,3651,261
parent_one,3651,819
parent_one,3651,934
parent_one,3652,688
parent_one,3652,919
parent_one,3654,730
parent_one,3655,242
parent_one,3657,375
parent_one,3658,891
parent_one,3660,319
parent_one,3660,433
parent_one,3661,314
parent_one,3662,116
parent_one,3662,127
parent_one,3663,291
parent_one,3666,190
parent_one,3666,234
parent_one,3666,368
parent_one,3668,246
parent_one,3668,247
parent_one,3669,259
parent_one,3669,314
parent_one,3669,324
parent_one,3669,421
parent_one,3670,128
parent_one,3670,152
parent_one,3672,915
parent_one,3673,496
parent_one,3674,157
parent_one,3674,177
parent_one,3674,407
parent_one,3674,521
parent_one,3674,989
parent_one,3675,118
parent_one,3677,272
parent_one,3678,455
parent_one,3678,516
parent_one,3681,113
parent_one,3683,724
parent_one,3685,347
parent_one,3685,653
parent_one,3688,328
parent_one,3689,732
parent_one,3691,570
parent_one,3692,385
parent_one,3693,684
parent_one,3696,165
parent_one,3696,290
parent_one,3696,476
parent_one,3697,173
parent_one,3697,337
parent_one,3697,403
parent_one,3697,538
parent_one,3698,259
parent_one,3698,383
parent_one,3700,246
parent_one,3703,464
parent_one,3703,556
parent_one,3704,956
parent_one,3713,220
parent_one,3713,321
parent_one,3713,587
parent_one,3714,949
parent_one,3715,198
parent_one,3717,330
parent_one,3719,294
parent_one,3720,715
parent_one,3723,451
parent_one,3724,774
parent_one,3726,187
parent_one,3730,147
parent_one,3731,855
parent_one,3733,567
parent_one,3735,393
parent_one,3736,497
parent_one,3741,268
parent_one,3741,850
parent_one,3746,725
parent_one,3746,913
parent_one,3749,563
parent_one,3752,181
parent_one,3752,887
parent_one,3753,308
parent_one,3754,107
parent_one,3754,152
parent_one,3757,113
parent_one,3757,583
parent_one,3758,563
parent_one,3761,691
parent_one,3762,847
parent_one,3765,147
parent_one,3765,183
parent_one,3765,233
parent_one,3769,109
parent_one,3769,143
parent_one,3770,280
parent_one,3771,570
parent_one,3773,531
parent_one,3774,830
parent_one,3779,136
parent_one,3779,298
parent_one,3780,179
parent_one,3782,850
parent_one,3783,192
parent_one,3783,199
parent_one,3791,247
parent_one,3792,108
parent_one,3792,764
parent_one,3792,847
parent_one,3793,203
parent_one,3794,792
parent_one,3794,863
parent_one,3795,162
parent_one,3795,299
parent_one,3796,1000
parent_one,3797,165
parent_one,3799,235
parent_one,3799,629
parent_one,3800,247
parent_one,3802,179
parent_one,3802,231
parent_one,3802,459
parent_one,3803,230
parent_one,3804,155
parent_one,3806,240
parent_one,3807,148
parent_one,3807,455
parent_one,3810,159
parent_one,3811,117
parent_one,3811,170
parent_one,3811,445
parent_one,3814,182
parent_one,3815,183
parent_one,3816,139
parent_one,3817,387
parent_one,3817,658
parent_one,3818,859
parent_one,3821,538
parent_one,3822,159
parent_one,3822,160
parent_one,3822,818
parent_one,3827,101
parent_one,3827,697
parent_one,3828,347
parent_one,3828,409
parent_one,3830,802
parent_one,3833,116
parent_one,3836,891
parent_one,3840,640
parent_one,3840,977
parent_one,3841,118
parent_one,3841,259
parent_one,3841,305
parent_one,3841,356
parent_one,3841,518
parent_one,3842,106
parent_one,3845,351
parent_one,3847,159
parent_one,3849,245
parent_one,3851,218
parent_one,3852,144
parent_one,3852,805
parent_one,3856,144
parent_one,3859,701
parent_one,3859,937
parent_one,3860,133
parent_one,3860,232
parent_one,3860,664
parent_one,3861,118
parent_one,3863,116
parent_one,3863,154
parent_one,3863,226
parent_one,3864,510
parent_one,3865,169
parent_one,3865,218
parent_one,3866,715
parent_one,3867,185
parent_one,3867,378
parent_one,3867,655
parent_one,3867,790
parent_one,3868,128
parent_one,3869,244
parent_one,3871,541
parent_one,3874,327
parent_one,3875,244
parent_one,3875,286
parent_one,3876,145
parent_one,3877,139
parent_one,3879,180
parent_one,3879,192
parent_one,3879,493
parent_one,3879,895
parent_one,3880,854
parent_one,3881,190
parent_one,3886,413
parent_one,3888,115
parent_one,3888,462
parent_one,3890,897
parent_one,3892,166
parent_one,3893,795
parent_one,3895,291
parent_one,3896,585
parent_one,3899,158
parent_one,3899,924
parent_one,3904,482
parent_one,3905,295
parent_one,3908,647
parent_one,3910,106
parent_one,3914,129
parent_one,3915,252
parent_one,3915,556
parent_one,3915,908
parent_one,3917,211
parent_one,3918,262
parent_one,3919,249
parent_one,3919,340
parent_one,3919,748
parent_one,3920,199
parent_one,3921,174
parent_one,3923,129
parent_one,3924,217
parent_one,3924,814
parent_one,3924,884
parent_one,3925,645
parent_one,3927,686
parent_one,3928,272
parent_one,3928,868
parent_one,3929,108
parent_one,3929,390
parent_one,3929,847
parent_one,3931,101
parent_one,3931,179
parent_one,3931,750
parent_one,3932,797
parent_one,3933,162
parent_one,3933,218
parent_one,3933,329
parent_one,3933,755
parent_one,3937,109
parent_one,3938,418
parent_one,3943,224
parent_one,3943,540
parent_one,3946,459
parent_one,3949,204
parent_one,3949,585
parent_one,3952,695
parent_one,3955,148
parent_one,3955,158
parent_one,3956,154
parent_one,3956,290
parent_one,3960,345
parent_one,3962,903
parent_one,3963,190
parent_one,3964,169
parent_one,3964,218
parent_one,3964,526
parent_one,3968,968
parent_one,3969,184
parent_one,3972,201
parent_one,3972,780
parent_one,3974,398
parent_one,3975,993
parent_one,3977,156
parent_one,3978,114
parent_one,3978,754
parent_one,3981,542
parent_one,3982,182
parent_one,3983,913
parent_one,3984,474
parent_one,3984,896
parent_one,3986,109
parent_one,3987,305
parent_one,3988,245
parent_one,3989,226
parent_one,3990,954
parent_one,3994,235
parent_one,3994,415
parent_one,3994,427
parent_one,3995,441
parent_one,3995,523
parent_one,3995,662
parent_one,3996,177
parent_one,3996,204
parent_one,3998,480
parent_one,4004,373
parent_one,4006,198
parent_one,4007,126
parent_one,4010,167
parent_one,4012,286
parent_one,4015,321
parent_one,4017,260
parent_one,4017,741
parent_one,4019,566
parent_one,4019,960
parent_one,4020,933
parent_one,4023,138
parent_one,4024,415
parent_one,4024,728
parent_one,4026,125
parent_one,4026,391
parent_one,4032,517
parent_one,4032,581
parent_one,4033,442
parent_one,4034,130
parent_one,4034,143
parent_one,4034,904
parent_one,4035,630
parent_one,4036,102
parent_one,4037,431
parent_one,4040,143
parent_one,4041,251
parent_one,4041,254
parent_one,4044,107
parent_one,4044,493
parent_one,4045,502
parent_one,4046,189
parent_one,4046,653
parent_one,4047,182
parent_one,4047,396
parent_one,4048,213
parent_one,4049,107
parent_one,4051,145
parent_one,4051,630
parent_one,4052,125
parent_one,4052,362
parent_one,4054,949
parent_one,4055,177
parent_one,4055,205
parent_one,4055,786
parent_one,4056,358
parent_one,4057,717
parent_one,4059,355
parent_one,4059,801
parent_one,4060,393
parent_one,4063,201
parent_one,4064,769
parent_one,4068,128
parent_one,4068,298
parent_one,4069,134
parent_one,4074,112
parent_one,4074,501
parent_one,4074,664
parent_one,4075,194
parent_one,4075,342
parent_one,4075,618
parent_one,4077,226
parent_one,4078,119
parent_one,4080,304
parent_one,4083,150
parent_one,4083,349
parent_one,4083,620
parent_one,4086,287
parent_one,4086,309
parent_one,4086,393
parent_one,4088,123
parent_one,4088,210
parent_one,4089,749
parent_one,4089,964
parent_one,4090,287
parent_one,4090,790
parent_one,4092,105
parent_one,4093,665
parent_one,4094,262
parent_one,4094,850
parent_one,4100,256
parent_one,4100,611
parent_one,4101,376
parent_one,4101,633
parent_one,4102,690
parent_one,4105,106
parent_one,4105,413
parent_one,4105,800
parent_one,4106,109
parent_one,4107,371
parent_one,4108,622
parent_one,4110,121
parent_one,4110,675
parent_one,4112,139
parent_one,4112,675
parent_one,4115,362
parent_one,4116,184
parent_one,4119,786
parent_one,4120,415
parent_one,4123,926
parent_one,4124,144
parent_one,4125,671
parent_one,4126,103
parent_one,4126,230
parent_one,4127,845
parent_one,4128,101
parent_one,4128,107
parent_one,4128,172
parent_one,4130,162
parent_one,4130,579
parent_one,4133,977
parent_one,4135,164
parent_one,4135,186
parent_one,4137,280
parent_one,4138,166
parent_one,4138,335
parent_one,4139,623
parent_one,4140,594
parent_one,4140,725
parent_one,4141,245
parent_one,4142,574
parent_one,4147,306
parent_one,4148,280
parent_one,4149,370
parent_one,4152,407
parent_one,4152,786
parent_one,4154,343
parent_one,4155,348
parent_one,4156,258
parent_one,4156,320
parent_one,4158,482
parent_one,4159,225
parent_one,4159,862
parent_one,4159,978
parent_one,4162,211
parent_one,4165,444
parent_one,4166,545
parent_one,4170,191
parent_one,4171,365
parent_one,4171,594
parent_one,4173,186
parent_one,4173,304
parent_one,4173,813
parent_one,4174,823
parent_one,4177,235
parent_one,4177,999
parent_one,4179,121
parent_one,4180,831
parent_one,4181,160
parent_one,4182,130
parent_one,4182,297
parent_one,4183,133
parent_one,4183,1000
parent_one,4184,788
parent_one,4188,112
parent_one,4190,183
parent_one,4191,128
parent_one,4192,148
parent_one,4192,281
parent_one,4192,528
parent_one,4196,103
parent_one,4196,467
parent_one,4197,300
parent_one,4198,138
parent_one,4198,167
parent_one,4198,349
parent_one,4198,610
parent_one,4199,233
parent_one,4199,512
parent_one,4200,119
parent_one,4200,233
parent_one,4202,686
parent_one,4203,133
parent_one,4203,382
parent_one,4206,195
parent_one,4209,187
parent_one,4209,608
parent_one,4216,184
parent_one,4216,508
parent_one,4216,584
parent_one,4218,153
parent_one,4218,990
parent_one,4219,390
parent_one,4222,118
parent_one,4222,259
parent_one,4222,268
parent_one,4223,230
parent_one,4228,115
parent_one,4228,137
parent_one,4228,293
parent_one,4228,667
parent_one,4230,739
parent_one,4230,877
parent_one,4231,292
parent_one,4233,321
parent_one,4233,822
parent_one,4234,244
parent_one,4234,333
parent_one,4238,174
parent_one,4239,111
parent_one,4240,364
parent_one,4243,947
parent_one,4245,858
parent_one,4246,125
parent_one,4246,154
parent_one,4246,155
parent_one,4246,801
parent_one,4248,714
parent_one,4250,136
parent_one,4250,202
parent_one,4254,179
parent_one,4255,408
parent_one,4257,765
parent_one,4259,541
parent_one,4259,654
parent_one,4261,157
parent_one,4263,195
parent_one,4264,392
parent_one,4265,610
parent_one,4266,143
parent_one,4269,688
parent_one,4272,367
parent_one,4272,611
parent_one,4274,133
parent_one,4274,835
parent_one,4274,853
parent_one,4275,141
parent_one,4275,685
parent_one,4276,379
parent_one,4276,913
parent_one,4279,126
parent_one,4279,796
parent_one,4280,142
parent_one,4281,568
parent_one,4282,446
parent_one,4282,707
parent_one,4282,867
parent_one,4284,152
parent_one,4284,299
parent_one,4285,477
parent_one,4285,579
parent_one,4287,578
parent_one,4287,689
parent_one,4287,771
parent_one,4290,216
parent_one,4290,260
parent_one,4290,314
parent_one,4292,125
parent_one,4293,406
parent_one,4296,846
parent_one,4297,119
parent_one,4299,992
parent_one,4300,135
parent_one,4300,458
parent_one,4302,171
parent_one,4302,179
parent_one,4302,964
parent_one,4304,705
parent_one,4313,345
parent_one,4313,479
parent_one,4315,308
parent_one,4318,375
parent_one,4319,374
parent_one,4320,150
parent_one,4322,130
parent_one,4322,566
parent_one,4323,148
parent_one,4323,364
parent_one,4323,412
parent_one,4325,142
parent_one,4326,835
parent_one,4327,106
parent_one,4327,266
parent_one,4330,204
parent_one,4330,261
parent_one,4330,713
parent_one,4333,135
parent_one,4333,301
parent_one,4333,427
parent_one,4335,104
parent_one,4335,140
parent_one,4337,265
parent_one,4339,208
parent_one,4341,102
parent_one,4343,130
parent_one,4343,384
parent_one,4343,415
parent_one,4345,452
parent_one,4348,131
parent_one,4349,134
parent_one,4351,216
parent_one,4352,381
parent_one,4354,135
parent_one,4356,180
parent_one,4359,300
parent_one,4359,407
parent_one,4359,804
parent_one,4360,345
parent_one,4360,372
parent_one,4360,883
parent_one,4361,231
parent_one,4361,298
parent_one,4362,222
parent_one,4368,119
parent_one,4368,188
parent_one,4368,365
parent_one,4369,110
parent_one,4370,286
parent_one,4370,296
parent_one,4372,147
parent_one,4372,170
parent_one,4372,394
parent_one,4375,172
parent_one,4375,227
parent_one,4375,867
parent_one,4377,144
parent_one,4378,633
parent_one,4380,508
parent_one,4380,525
parent_one,4383,120
parent_one,4383,134
parent_one,4383,200
parent_one,4386,132
parent_one,4386,436
parent_one,4388,677
parent_one,4390,113
parent_one,4390,832
parent_one,4393,587
parent_one,4394,128
parent_one,4394,148
parent_one,4395,271
parent_one,4395,277
parent_one,4396,163
parent_one,4396,297
parent_one,4397,744
parent_one,4399,188
parent_one,4399,544
parent_one,4402,122
parent_one,4404,121
parent_one,4404,162
parent_one,4405,162
parent_one,4406,663
parent_one,4407,223
parent_one,4409,123
parent_one,4412,112
parent_one,4412,155
parent_one,4413,545
parent_one,4414,241
parent_one,4415,162
parent_one,4416,605
parent_one,4417,465
parent_one,4417,730
parent_one,4420,212
parent_one,4420,219
parent_one,4423,170
parent_one,4423,309
parent_one,4427,201
parent_one,4429,338
parent_one,4429,749
parent_one,4430,709
parent_one,4430,930
parent_one,4431,154
parent_one,4431,199
parent_one,4432,390
parent_one,4434,153
parent_one,4434,970
parent_one,4439,142
parent_one,4439,744
parent_one,4440,314
parent_one,4441,109
parent_one,4441,816
parent_one,4444,212
parent_one,4445,248
parent_one,4446,820
parent_one,4447,692
parent_one,4447,989
parent_one,4448,112
parent_one,4450,238
parent_one,4453,134
parent_one,4454,843
parent_one,4457,147
parent_one,4457,984
parent_one,4460,435
parent_one,4461,126
parent_one,4461,259
parent_one,4461,909
parent_one,4462,151
parent_one,4463,237
parent_one,4463,269
parent_one,4464,336
parent_one,4464,996
parent_one,4465,202
parent_one,4465,220
parent_one,4466,199
parent_one,4466,308
parent_one,4467,476
parent_one,4468,845
parent_one,4469,520
parent_one,4470,101
parent_one,4470,333
parent_one,4470,410
parent_one,4471,479
parent_one,4471,842
parent_one,4472,168
parent_one,4475,260
parent_one,4476,182
parent_one,4477,127
parent_one,4477,234
parent_one,4478,252
parent_one,4479,231
parent_one,4482,175
parent_one,4482,190
parent_one,4488,318
parent_one,4489,535
parent_one,4490,198
parent_one,4493,139
parent_one,4493,529
parent_one,4493,858
parent_one,4495,219
parent_one,4496,925
parent_one,4501,138
parent_one,4502,167
parent_one,4502,755
parent_one,4502,764
parent_one,4503,226
parent_one,4503,615
parent_one,4504,933
parent_one,4505,287
parent_one,4506,176
parent_one,4506,223
parent_one,4507,490
parent_one,4508,131
parent_one,4511,458
parent_one,4513,400
parent_one,4514,195
parent_one,4514,240
parent_one,4514,309
parent_one,4514,649
parent_one,4515,727
parent_one,4516,834
parent_one,4517,197
parent_one,4518,138
parent_one,4518,181
parent_one,4519,146
parent_one,4520,108
parent_one,4520,127
parent_one,4521,592
parent_one,4522,165
parent_one,4522,166
parent_one,4522,521
parent_one,4523,162
parent_one,4524,135
parent_one,4524,473
parent_one,4524,551
parent_one,4527,140
parent_one,4527,204
parent_one,4528,139
parent_one,4530,109
parent_one,4531,150
parent_one,4531,619
parent_one,4532,264
parent_one,4532,291
parent_one,4533,198
parent_one,4535,285
parent_one,4536,360
parent_one,4536,414
parent_one,4536,799
parent_one,4537,271
parent_one,4540,162
parent_one,4541,593
parent_one,4541,826
parent_one,4542,158
parent_one,4544,830
parent_one,4549,114
parent_one,4549,154
parent_one,4549,472
parent_one,4549,767
parent_one,4550,116
parent_one,4550,208
parent_one,4554,572
parent_one,4554,640
parent_one,4555,671
parent_one,4556,113
parent_one,4556,229
parent_one,4558,180
parent_one,4558,201
parent_one,4558,491
parent_one,4559,619
parent_one,4560,109
parent_one,4562,575
parent_one,4563,137
parent_one,4563,171
parent_one,4567,164
parent_one,4569,570
parent_one,4570,364
parent_one,4571,576
parent_one,4572,152
parent_one,4572,262
parent_one,4573,207
parent_one,4578,316
parent_one,4578,360
parent_one,4578,749
parent_one,4580,196
parent_one,4580,547
parent_one,4582,145
parent_one,4583,104
parent_one,4585,377
parent_one,4586,327
parent_one,4589,138
parent_one,4590,353
parent_one,4591,398
parent_one,4591,458
parent_one,4592,288
parent_one,4594,382
parent_one,4596,695
parent_one,4597,339
parent_one,4598,247
parent_one,4598,986
parent_one,4600,182
parent_one,4603,128
parent_one,4603,302
parent_one,4603,734
parent_one,4605,653
parent_one,4606,332
parent_one,4606,447
parent_one,4607,120
parent_one,4607,275
parent_one,4609,147
parent_one,4610,539
parent_one,4612,150
parent_one,4612,301
parent_one,4613,111
parent_one,4613,746
parent_one,4614,365
parent_one,4615,101
parent_one,4617,340
parent_one,4619,319
parent_one,4619,533
parent_one,4622,489
parent_one,4622,820
parent_one,4623,101
parent_one,4625,102
parent_one,4625,151
parent_one,4626,105
parent_one,4626,797
parent_one,4627,107
parent_one,4627,206
parent_one,4628,995
parent_one,4629,551
parent_one,4629,958
parent_one,4631,191
parent_one,4631,340
parent_one,4632,122
parent_one,4632,250
parent_one,4633,127
parent_one,4637,138
parent_one,4637,675
parent_one,4640,161
parent_one,4642,110
parent_one,4642,118
parent_one,4643,240
parent_one,4643,426
parent_one,4648,832
parent_one,4651,169
parent_one,4651,311
parent_one,4652,140
parent_one,4652,156
parent_one,4654,306
parent_one,4655,685
parent_one,4657,263
parent_one,4658,239
parent_one,4658,631
parent_one,4659,843
parent_one,4662,102
parent_one,4665,323
parent_one,4665,714
parent_one,4666,454
parent_one,4669,389
parent_one,4670,106
parent_one,4670,934
parent_one,4671,125
parent_one,4674,476
parent_one,4674,808
parent_one,4676,165
parent_one,4683,246
parent_one,4683,288
parent_one,4685,211
parent_one,4686,871
parent_one,4687,171
parent_one,4687,357
parent_one,4689,489
parent_one,4690,138
parent_one,4690,790
parent_one,4694,887
parent_one,4696,574
parent_one,4697,148
parent_one,4698,694
parent_one,4701,881
parent_one,4702,403
parent_one,4703,313
parent_one,4704,729
parent_one,4704,942
parent_one,4705,716
parent_one,4706,247
parent_one,4707,181
parent_one,4713,245
parent_one,4713,275
parent_one,4713,494
parent_one,4714,489
parent_one,4715,182
parent_one,4715,920
parent_one,4717,668
parent_one,4720,349
parent_one,4720,671
parent_one,4721,547
parent_one,4724,603
parent_one,4725,532
parent_one,4726,392
parent_one,4726,495
parent_one,4726,938
parent_one,4728,156
parent_one,4728,448
parent_one,4728,578
parent_one,4729,120
parent_one,4729,516
parent_one,4729,959
parent_one,4731,248
parent_one,4731,661
parent_one,4732,302
parent_one,4734,195
parent_one,4734,417
parent_one,4736,152
parent_one,4736,772
parent_one,4741,230
parent_one,4746,159
parent_one,4748,724
parent_one,4749,430
parent_one,4751,259
parent_one,4752,142
parent_one,4753,129
parent_one,4753,176
parent_one,4753,423
parent_one,4753,492
parent_one,4753,613
parent_one,4754,542
parent_one,4754,744
parent_one,4754,755
parent_one,4755,267
parent_one,4756,635
parent_one,4757,871
parent_one,4757,907
parent_one,4758,174
parent_one,4758,266
parent_one,4760,172
parent_one,4762,590
parent_one,4763,430
parent_one,4764,851
parent_one,4765,103
parent_one,4765,795
parent_one,4766,202
parent_one,4769,191
parent_one,4770,408
parent_one,4771,409
parent_one,4772,602
parent_one,4772,615
parent_one,4772,778
parent_one,4773,883
parent_one,4774,325
parent_one,4774,336
parent_one,4775,130
parent_one,4776,678
parent_one,4777,611
parent_one,4779,424
parent_one,4780,115
parent_one,4780,571
parent_one,4781,688
parent_one,4784,565
parent_one,4786,733
parent_one,4790,142
parent_one,4790,483
parent_one,4792,104
parent_one,4793,212
parent_one,4793,666
parent_one,4793,990
parent_one,4798,106
parent_one,4798,146
parent_one,4798,245
parent_one,4803,155
parent_one,4806,156
parent_one,4808,744
parent_one,4810,932
parent_one,4811,109
parent_one,4811,169
parent_one,4812,555
parent_one,4814,746
parent_one,4815,909
parent_one,4816,118
parent_one,4816,137
parent_one,4817,357
parent_one,4819,115
parent_one,4819,388
parent_one,4822,181
parent_one,4822,236
parent_one,4822,327
parent_one,4825,354
parent_one,4826,503
parent_one,4827,661
parent_one,4831,119
parent_one,4831,294
parent_one,4831,628
parent_one,4832,483
parent_one,4833,176
parent_one,4834,444
parent_one,4836,325
parent_one,4836,716
parent_one,4837,431
parent_one,4839,403
parent_one,4840,120
parent_one,4840,396
parent_one,4840,902
parent_one,4842,997
parent_one,4844,109
parent_one,4847,925
parent_one,4848,418
parent_one,4848,606
parent_one,4848,766
parent_one,4849,288
parent_one,4849,943
parent_one,4850,713
parent_one,4852,426
parent_one,4853,425
parent_one,4853,540
parent_one,4856,195
parent_one,4857,164
parent_one,4858,417
parent_one,4858,995
parent_one,4859,355
parent_one,4859,733
parent_one,4861,163
parent_one,4861,208
parent_one,4861,327
parent_one,4862,566
parent_one,4862,661
parent_one,4862,764
parent_one,4864,502
parent_one,4864,761
parent_one,4866,150
parent_one,4867,130
parent_one,4868,135
parent_one,4868,201
parent_one,4868,498
parent_one,4868,913
parent_one,4870,175
parent_one,4870,181
parent_one,4870,269
parent_one,4871,916
parent_one,4872,548
parent_one,4872,753
parent_one,4874,306
parent_one,4875,105
parent_one,4875,710
parent_one,4877,240
parent_one,4879,767
parent_one,4881,166
parent_one,4883,297
parent_one,4884,255
parent_one,4884,844
parent_one,4885,968
parent_one,4891,832
parent_one,4893,375
parent_one,4894,115
parent_one,4894,243
parent_one,4895,724
parent_one,4897,255
parent_one,4897,311
parent_one,4898,280
parent_one,4898,334
parent_one,4900,471
parent_one,4901,201
parent_one,4901,292
parent_one,4901,834
parent_one,4903,197
parent_one,4906,255
parent_one,4907,389
parent_one,4908,490
parent_one,4909,714
parent_one,4911,591
parent_one,4912,190
parent_one,4915,723
parent_one,4916,128
parent_one,4916,740
parent_one,4919,150
parent_one,4919,233
parent_one,4919,479
parent_one,4920,872
parent_one,4925,253
parent_one,4926,483
parent_one,4928,278
parent_one,4929,170
parent_one,4931,230
parent_one,4931,529
parent_one,4932,548
parent_one,4936,895
parent_one,4937,419
parent_one,4939,168
parent_one,4939,668
parent_one,4941,101
parent_one,4941,616
parent_one,4943,427
parent_one,4944,105
parent_one,4945,323
parent_one,4945,734
parent_one,4946,154
parent_one,4946,206
parent_one,4946,648
parent_one,4947,166
parent_one,4949,257
parent_one,4949,348
parent_one,4950,150
parent_one,4951,404
parent_one,4953,199
parent_one,4954,267
parent_one,4959,401
parent_one,4959,607
parent_one,4962,925
parent_one,4963,556
parent_one,4964,333
parent_one,4966,151
parent_one,4967,237
parent_one,4971,205
parent_one,4972,177
parent_one,4973,190
parent_one,4973,725
parent_one,4974,923
parent_one,4975,180
parent_one,4975,190
parent_one,4975,451
parent_one,4975,990
parent_one,4976,245
parent_one,4978,345
parent_one,4979,317
parent_one,4981,137
parent_one,4981,180
parent_one,4981,230
parent_one,4981,261
parent_one,4983,930
parent_one,4984,219
parent_one,4985,355
parent_one,4985,487
parent_one,4986,648
parent_one,4987,578
parent_one,4988,198
parent_one,4988,312
parent_one,4990,109
parent_one,4990,160
parent_one,4990,203
parent_one,4991,223
parent_one,4991,950
parent_one,4994,296
parent_one,4995,836
parent_one,4996,117
parent_one,4996,564
parent_one,4996,936
parent_one,4999,482
parent_one,4999,747
parent_one,5004,266
parent_one,5004,515
parent_one,5005,252
parent_one,5006,190
parent_one,5008,643
parent_one,5009,174
parent_one,5009,223
parent_one,5015,465
parent_one,5016,123
parent_one,5018,123
parent_one,5021,346
parent_one,5022,858
parent_one,5023,188
parent_one,5023,293
parent_one,5024,115
parent_one,5024,282
parent_one,5025,327
parent_one,5027,338
parent_one,5029,870
parent_one,5030,588
parent_one,5032,158
parent_one,5032,979
parent_one,5035,145
parent_one,5036,930
parent_one,5037,696
parent_one,5038,155
parent_one,5039,381
parent_one,5041,468
parent_one,5043,140
parent_one,5044,129
parent_one,5044,465
parent_one,5046,142
parent_one,5046,867
parent_one,5046,935
parent_one,5047,609
parent_one,5048,561
parent_one,5049,155
parent_one,5049,229
parent_one,5049,963
parent_one,5052,298
parent_one,5052,414
parent_one,5052,828
parent_one,5053,456
parent_one,5059,121
parent_one,5059,214
parent_one,5060,210
parent_one,5063,215
parent_one,5064,134
parent_one,5064,602
parent_one,5066,240
parent_one,5068,391
parent_one,5069,129
parent_one,5069,145
parent_one,5069,584
parent_one,5071,101
parent_one,5072,126
parent_one,5072,712
parent_one,5074,441
parent_one,5075,304
parent_one,5077,239
parent_one,5079,862
parent_one,5081,164
parent_one,5084,127
parent_one,5084,582
parent_one,5086,499
parent_one,5091,154
parent_one,5091,365
parent_one,5093,222
parent_one,5093,281
parent_one,5093,412
parent_one,5093,760
parent_one,5094,541
parent_one,5095,387
parent_one,5095,472
parent_one,5097,648
parent_one,5101,925
parent_one,5102,838
parent_one,5103,375
parent_one,5104,389
parent_one,5104,882
parent_one,5106,108
parent_one,5106,622
parent_one,5108,630
parent_one,5111,260
parent_one,5112,254
parent_one,5112,606
parent_one,5117,292
parent_one,5119,443
parent_one,5122,205
parent_one,5122,785
parent_one,5122,991
parent_one,5123,183
parent_one,5123,233
parent_one,5124,173
parent_one,5124,442
parent_one,5125,266
parent_one,5125,567
parent_one,5125,903
parent_one,5126,314
parent_one,5128,496
parent_one,5128,791
parent_one,5130,889
parent_one,5131,217
parent_one,5132,418
parent_one,5134,286
parent_one,5134,517
parent_one,5134,938
parent_one,5135,108
parent_one,5137,971
parent_one,5138,251
parent_one,5141,211
parent_one,5143,356
parent_one,5144,226
parent_one,5145,166
parent_one,5145,210
parent_one,5145,771
parent_one,5146,703
parent_one,5147,223
parent_one,5147,485
parent_one,5148,255
parent_one,5149,331
parent_one,5149,877
parent_one,5150,662
parent_one,5151,119
parent_one,5151,342
parent_one,5152,163
parent_one,5152,219
parent_one,5154,575
parent_one,5157,463
parent_one,5157,645
parent_one,5161,112
parent_one,5162,343
parent_one,5163,146
parent_one,5163,153
parent_one,5164,733
parent_one,5169,387
parent_one,5169,716
parent_one,5170,222
parent_one,5170,528
parent_one,5170,588
parent_one,5171,208
parent_one,5171,215
parent_one,5172,520
parent_one,5177,375
parent_one,5179,208
parent_one,5179,795
parent_one,5180,714
parent_one,5180,732
parent_one,5181,183
parent_one,5181,695
parent_one,5183,182
parent_one,5183,221
parent_one,5183,315
parent_one,5184,127
parent_one,5184,969
parent_one,5185,124
parent_one,5185,668
parent_one,5186,432
parent_one,5187,311
parent_one,5189,146
parent_one,5192,121
parent_one,5192,168
parent_one,5192,541
parent_one,5195,121
parent_one,5195,228
parent_one,5195,271
parent_one,5195,534
parent_one,5197,178
parent_one,5197,612
parent_one,5199,281
parent_one,5200,631
parent_one,5202,516
parent_one,5203,816
parent_one,5205,106
parent_one,5205,166
parent_one,5207,667
parent_one,5208,119
parent_one,5208,180
parent_one,5210,101
parent_one,5212,118
parent_one,5213,644
parent_one,5213,753
parent_one,5214,151
parent_one,5214,382
parent_one,5214,541
parent_one,5215,255
parent_one,5215,419
parent_one,5217,133
parent_one,5218,338
parent_one,5220,155
parent_one,5221,341
parent_one,5222,211
parent_one,5222,244
parent_one,5222,346
parent_one,5223,358
parent_one,5224,218
parent_one,5224,658
parent_one,5225,116
parent_one,5226,598
parent_one,5226,952
parent_one,5227,722
parent_one,5228,122
parent_one,5230,405
parent_one,5230,572
parent_one,5232,549
parent_one,5234,470
parent_one,5234,950
parent_one,5235,690
parent_one,5236,120
parent_one,5238,268
parent_one,5239,807
parent_one,5241,410
parent_one,5245,520
parent_one,5245,870
parent_one,5245,993
parent_one,5246,140
parent_one,5247,190
parent_one,5247,233
parent_one,5249,188
parent_one,5253,513
parent_one,5257,488
parent_one,5258,368
parent_one,5258,376
parent_one,5259,139
parent_one,5260,614
parent_one,5261,118
parent_one,5261,132
parent_one,5262,126
parent_one,5262,366
parent_one,5265,122
parent_one,5268,148
parent_one,5268,555
parent_one,5268,759
parent_one,5269,101
parent_one,5269,411
parent_one,5272,206
parent_one,5274,182
parent_one,5274,756
parent_one,5276,164
parent_one,5276,567
parent_one,5277,444
parent_one,5280,441
parent_one,5285,102
parent_one,5286,334
parent_one,5286,744
parent_one,5289,131
parent_one,5289,483
parent_one,5289,595
parent_one,5294,549
parent_one,5295,152
parent_one,5296,979
parent_one,5300,198
parent_one,5301,558
parent_one,5302,712
parent_one,5306,276
parent_one,5309,248
parent_one,5309,280
parent_one,5309,340
parent_one,5311,274
parent_one,5313,153
parent_one,5314,166
parent_one,5315,106
parent_one,5315,865
parent_one,5316,291
parent_one,5319,107
parent_one,5320,103
parent_one,5322,301
parent_one,5323,817
parent_one,5324,102
parent_one,5324,174
parent_one,5325,394
parent_one,5327,196
parent_one,5328,151
parent_one,5328,278
parent_one,5329,429
parent_one,5333,125
parent_one,5334,835
parent_one,5335,760
parent_one,5336,546
parent_one,5337,432
parent_one,5338,118
parent_one,5339,555
parent_one,5340,107
parent_one,5342,702
parent_one,5343,481
parent_one,5343,646
parent_one,5345,249
parent_one,5347,525
parent_one,5347,654
parent_one,5348,795
parent_one,5349,110
parent_one,5349,369
parent_one,5349,542
parent_one,5349,580
parent_one,5349,623
parent_one,5350,374
parent_one,5350,419
parent_one,5350,532
parent_one,5351,212
parent_one,5351,269
parent_one,5351,825
parent_one,5352,282
parent_one,5352,414
parent_one,5353,963
parent_one,5354,238
parent_one,5356,102
parent_one,5356,482
parent_one,5360,133
parent_one,5360,148
parent_one,5361,798
parent_one,5364,119
parent_one,5364,159
parent_one,5367,135
parent_one,5367,492
parent_one,5368,184
parent_one,5369,560
parent_one,5370,212
parent_one,5372,817
parent_one,5373,347
parent_one,5377,106
parent_one,5380,902
parent_one,5383,213
parent_one,5385,117
parent_one,5385,673
parent_one,5386,114
parent_one,5387,382
parent_one,5389,113
parent_one,5389,126
parent_one,5390,116
parent_one,5390,236
parent_one,5390,443
parent_one,5392,441
parent_one,5393,789
parent_one,5395,212
parent_one,5395,329
parent_one,5395,590
parent_one,5399,120
parent_one,5399,492
parent_one,5399,613
parent_one,5403,223
parent_one,5403,246
parent_one,5407,320
parent_one,5408,215
parent_one,5408,552
parent_one,5410,109
parent_one,5410,318
parent_one,5410,444
parent_one,5411,329
parent_one,5413,314
parent_one,5414,319
parent_one,5415,219
parent_one,5415,248
parent_one,5416,282
parent_one,5416,494
parent_one,5417,125
parent_one,5418,571
parent_one,5420,204
parent_one,5420,409
parent_one,5420,566
parent_one,5420,781
parent_one,5427,606
parent_one,5427,950
parent_one,5429,123
parent_one,5429,430
parent_one,5431,132
parent_one,5435,477
parent_one,5435,863
parent_one,5436,288
parent_one,5437,128
parent_one,5437,156
parent_one,5438,374
parent_one,5438,640
parent_one,5439,294
parent_one,5441,238
parent_one,5442,157
parent_one,5443,446
parent_one,5443,498
parent_one,5443,876
parent_one,5445,122
parent_one,5445,739
parent_one,5448,555
parent_one,5449,376
parent_one,5450,156
parent_one,5451,116
parent_one,5451,173
parent_one,5451,282
parent_one,5452,111
parent_one,5455,187
parent_one,5455,575
parent_one,5457,135
parent_one,5457,276
parent_one,5457,670
parent_one,5459,504
parent_one,5459,913
parent_one,5462,236
parent_one,5462,267
parent_one,5462,361
parent_one,5462,844
parent_one,5465,141
parent_one,5465,154
parent_one,5467,153
parent_one,5470,409
parent_one,5474,216
parent_one,5476,116
parent_one,5477,376
parent_one,5478,508
parent_one,5478,649
parent_one,5481,108
parent_one,5481,301
parent_one,5481,482
parent_one,5482,102
parent_one,5482,122
parent_one,5483,902
parent_one,5484,292
parent_one,5487,169
parent_one,5488,144
parent_one,5488,778
parent_one,5491,139
parent_one,5491,193
parent_one,5491,324
parent_one,5492,320
parent_one,5495,243
parent_one,5497,193
parent_one,5497,436
parent_one,5498,869
parent_one,5499,379
parent_one,5499,935
parent_one,5500,627
parent_one,5501,123
parent_one,5502,908
parent_one,5505,133
parent_one,5505,230
parent_one,5505,312
parent_one,5507,275
parent_one,5508,227
parent_one,5508,945
parent_one,5509,249
parent_one,5510,406
parent_one,5510,432
parent_one,5510,748
parent_one,5514,815
parent_one,5519,866
parent_one,5522,704
parent_one,5524,132
parent_one,5525,362
parent_one,5526,250
parent_one,5526,617
parent_one,5527,357
parent_one,5527,626
parent_one,5528,162
parent_one,5528,385
parent_one,5529,109
parent_one,5530,498
parent_one,5531,202
parent_one,5532,647
parent_one,5537,147
parent_one,5537,221
parent_one,5538,181
parent_one,5539,782
parent_one,5540,406
parent_one,5544,424
parent_one,5550,607
parent_one,5550,786
parent_one,5551,136
parent_one,5551,675
parent_one,5552,291
parent_one,5552,474
parent_one,5553,354
parent_one,5555,311
parent_one,5556,463
parent_one,5558,483
parent_one,5558,647
parent_one,5558,765
parent_one,5563,310
parent_one,5564,514
parent_one,5565,548
parent_one,5566,525
parent_one,5568,946
parent_one,5569,115
parent_one,5570,575
parent_one,5572,163
parent_one,5572,227
parent_one,5573,104
parent_one,5573,209
parent_one,5573,541
parent_one,5575,122
parent_one,5576,277
parent_one,5576,450
parent_one,5576,773
parent_one,5578,347
parent_one,5579,208
parent_one,5579,447
parent_one,5581,488
parent_one,5583,114
parent_one,5584,549
parent_one,5586,529
parent_one,5587,230
parent_one,5587,445
parent_one,5588,251
parent_one,5588,613
parent_one,5589,177
parent_one,5590,129
parent_one,5590,354
parent_one,5590,846
parent_one,5593,238
parent_one,5595,170
parent_one,5596,995
parent_one,5598,291
parent_one,5599,515
parent_one,5600,225
parent_one,5601,168
parent_one,5603,117
parent_one,5603,246
parent_one,5606,274
parent_one,5606,312
parent_one,5608,176
parent_one,5613,284
parent_one,5614,215
parent_one,5614,273
parent_one,5616,931
parent_one,5617,125
parent_one,5617,542
parent_one,5620,897
parent_one,5621,119
parent_one,5622,680
parent_one,5624,163
parent_one,5624,175
parent_one,5624,350
parent_one,5624,696
parent_one,5625,206
parent_one,5625,208
parent_one,5627,115
parent_one,5627,118
parent_one,5627,740
parent_one,5629,281
parent_one,5632,110
parent_one,5633,543
parent_one,5636,327
parent_one,5637,496
parent_one,5638,304
parent_one,5638,314
parent_one,5640,561
parent_one,5644,489
parent_one,5644,928
parent_one,5646,373
parent_one,5646,456
parent_one,5647,189
parent_one,5647,537
parent_one,5647,790
parent_one,5648,731
parent_one,5650,122
parent_one,5650,992
parent_one,5652,759
parent_one,5658,125
parent_one,5659,207
parent_one,5660,199
parent_one,5660,258
parent_one,5660,454
parent_one,5662,291
parent_one,5663,326
parent_one,5663,340
parent_one,5664,197
parent_one,5665,101
parent_one,5666,429
parent_one,5666,498
parent_one,5667,194
parent_one,5667,218
parent_one,5667,396
parent_one,5668,365
parent_one,5668,699
parent_one,5673,755
parent_one,5674,179
parent_one,5674,322
parent_one,5676,545
parent_one,5678,103
parent_one,5678,134
parent_one,5680,173
parent_one,5680,834
parent_one,5683,155
parent_one,5685,144
parent_one,5686,217
parent_one,5687,421
parent_one,5688,724
parent_one,5688,906
parent_one,5689,255
parent_one,5691,152
parent_one,5695,462
parent_one,5695,707
parent_one,5696,139
parent_one,5697,348
parent_one,5699,155
parent_one,5701,265
parent_one,5702,639
parent_one,5706,266
parent_one,5707,108
parent_one,5707,279
parent_one,5709,169
parent_one,5709,194
parent_one,5709,209
parent_one,5709,637
parent_one,5710,227
parent_one,5711,623
parent_one,5715,922
parent_one,5716,328
parent_one,5716,485
parent_one,5716,595
parent_one,5716,760
parent_one,5718,162
parent_one,5718,663
parent_one,5721,711
parent_one,5721,868
parent_one,5722,276
parent_one,5723,403
parent_one,5725,162
parent_one,5725,232
parent_one,5726,159
parent_one,5726,241
parent_one,5727,418
parent_one,5730,458
parent_one,5732,148
parent_one,5732,279
parent_one,5732,491
parent_one,5733,220
parent_one,5733,250
parent_one,5734,965
parent_one,5736,979
parent_one,5737,122
parent_one,5737,181
parent_one,5737,195
parent_one,5737,275
parent_one,5740,351
parent_one,5741,470
parent_one,5741,498
parent_one,5741,521
parent_one,5743,118
parent_one,5743,390
parent_one,5744,270
parent_one,5745,370
parent_one,5746,231
parent_one,5747,140
parent_one,5747,199
parent_one,5747,227
parent_one,5747,368
parent_one,5751,344
parent_one,5754,333
parent_one,5756,195
parent_one,5757,820
parent_one,5757,901
parent_one,5759,147
parent_one,5759,283
parent_one,5763,278
parent_one,5763,502
parent_one,5764,748
parent_one,5765,167
parent_one,5765,563
parent_one,5766,262
parent_one,5769,104
parent_one,5769,542
parent_one,5770,187
parent_one,5770,348
parent_one,5772,355
parent_one,5773,168
parent_one,5774,129
parent_one,5780,180
parent_one,5780,239
parent_one,5781,101
parent_one,5783,101
parent_one,5784,190
parent_one,5785,389
parent_one,5786,115
parent_one,5788,126
parent_one,5789,309
parent_one,5790,206
parent_one,5792,372
parent_one,5794,178
parent_one,5794,810
parent_one,5796,133
parent_one,5796,187
parent_one,5797,666
parent_one,5797,880
parent_one,5798,103
parent_one,5798,806
parent_one,5799,212
parent_one,5799,316
parent_one,5801,145
parent_one,5801,152
parent_one,5801,240
parent_one,5801,713
parent_one,5802,105
parent_one,5802,138
parent_one,5803,495
parent_one,5807,306
parent_one,5808,129
parent_one,5808,155
parent_one,5808,881
parent_one,5809,105
parent_one,5809,780
parent_one,5810,109
parent_one,5811,264
parent_one,5811,546
parent_one,5813,266
parent_one,5813,597
parent_one,5814,103
parent_one,5814,308
parent_one,5815,138
parent_one,5817,316
parent_one,5817,627
parent_one,5819,892
parent_one,5820,120
parent_one,5820,503
parent_one,5821,136
parent_one,5824,144
parent_one,5825,140
parent_one,5827,141
parent_one,5828,790
parent_one,5830,804
parent_one,5831,102
parent_one,5832,353
parent_one,5833,293
parent_one,5834,115
parent_one,5834,133
parent_one,5836,101
parent_one,5837,395
parent_one,5837,706
parent_one,5838,162
parent_one,5839,279
parent_one,5839,728
parent_one,5840,340
parent_one,5840,448
parent_one,5840,615
parent_one,5842,126
parent_one,5842,541
parent_one,5847,452
parent_one,5849,730
parent_one,5850,301
parent_one,5852,523
parent_one,5852,974
parent_one,5856,511
parent_one,5858,807
parent_one,5858,855
parent_one,5860,345
parent_one,5862,112
parent_one,5862,376
parent_one,5864,324
parent_one,5864,398
parent_one,5865,101
parent_one,5865,420
parent_one,5866,117
parent_one,5867,260
parent_one,5867,356
parent_one,5867,819
parent_one,5868,566
parent_one,5868,766
parent_one,5869,206
parent_one,5871,157
parent_one,5871,991
parent_one,5872,282
parent_one,5872,287
parent_one,5874,109
parent_one,5874,138
parent_one,5878,148
parent_one,5879,580
parent_one,5885,137
parent_one,5885,165
parent_one,5889,251
parent_one,5889,287
parent_one,5889,587
parent_one,5890,132
parent_one,5890,725
parent_one,5893,389
parent_one,5894,204
parent_one,5895,283
parent_one,5897,211
parent_one,5897,643
parent_one,5897,682
parent_one,5898,974
parent_one,5901,492
parent_one,5902,262
parent_one,5906,636
parent_one,5907,733
parent_one,5910,163
parent_one,5910,211
parent_one,5912,163
parent_one,5913,934
parent_one,5920,265
parent_one,5921,403
parent_one,5923,428
parent_one,5924,184
parent_one,5924,802
parent_one,5930,430
parent_one,5931,292
parent_one,5936,110
parent_one,5937,203
parent_one,5937,216
parent_one,5940,364
parent_one,5941,298
parent_one,5941,714
parent_one,5942,179
parent_one,5942,365
parent_one,5942,682
parent_one,5943,879
parent_one,5946,559
parent_one,5947,208
parent_one,5948,327
parent_one,5952,205
parent_one,5955,318
parent_one,5956,301
parent_one,5956,702
parent_one,5958,174
parent_one,5959,128
parent_one,5960,560
parent_one,5961,897
parent_one,5962,413
parent_one,5963,439
parent_one,5965,130
parent_one,5965,150
parent_one,5965,264
parent_one,5965,280
parent_one,5965,347
parent_one,5966,999
parent_one,5967,408
parent_one,5967,627
parent_one,5967,825
parent_one,5969,141
parent_one,5969,290
parent_one,5971,139
parent_one,5972,866
parent_one,5973,216
parent_one,5973,250
parent_one,5975,104
parent_one,5975,123
parent_one,5975,700
parent_one,5975,749
parent_one,5977,459
parent_one,5978,800
parent_one,5980,163
parent_one,5980,612
parent_one,5982,500
parent_one,5984,114
parent_one,5984,161
parent_one,5984,198
parent_one,5984,742
parent_one,5987,448
parent_one,5988,120
parent_one,5988,181
parent_one,5988,188
parent_one,5989,313
parent_one,5990,699
parent_one,5990,890
parent_one,5991,402
parent_one,5992,188
parent_one,5993,245
parent_one,5994,261
parent_one,5995,481
parent_one,6002,106
parent_one,6002,187
parent_one,6002,409
parent_one,6005,127
parent_one,6007,844
parent_one,6010,103
parent_one,6011,310
parent_one,6011,427
parent_one,6012,979
parent_one,6013,970
parent_one,6017,256
parent_one,6017,574
parent_one,6021,148
parent_one,6021,218
parent_one,6022,347
parent_one,6023,352
parent_one,6024,130
parent_one,6024,152
parent_one,6025,489
parent_one,6027,235
parent_one,6027,482
parent_one,6028,231
parent_one,6028,629
parent_one,6029,126
parent_one,6029,626
parent_one,6030,343
parent_one,6033,632
parent_one,6036,138
parent_one,6037,147
parent_one,6037,348
parent_one,6040,317
parent_one,6040,776
parent_one,6042,236
parent_one,6042,281
parent_one,6043,259
parent_one,6043,923
parent_one,6044,120
parent_one,6044,626
parent_one,6045,124
parent_one,6045,330
parent_one,6045,414
parent_one,6046,227
parent_one,6046,681
parent_one,6050,378
parent_one,6050,385
parent_one,6050,387
parent_one,6050,909
parent_one,6051,178
parent_one,6051,234
parent_one,6053,773
parent_one,6057,144
parent_one,6057,286
parent_one,6057,416
parent_one,6061,243
parent_one,6063,106
parent_one,6063,498
parent_one,6064,121
parent_one,6065,259
parent_one,6065,345
parent_one,6065,894
parent_one,6066,672
parent_one,6069,456
parent_one,6070,616
parent_one,6072,208
parent_one,6072,589
parent_one,6078,627
parent_one,6079,304
parent_one,6079,982
parent_one,6082,434
parent_one,6082,871
parent_one,6083,442
parent_one,6083,559
parent_one,6084,232
parent_one,6084,463
parent_one,6084,553
parent_one,6085,435
parent_one,6090,621
parent_one,6091,174
parent_one,6093,547
parent_one,6095,144
parent_one,6095,514
parent_one,6096,392
parent_one,6096,436
parent_one,6096,689
parent_one,6097,288
parent_one,6100,145
parent_one,6101,487
parent_one,6102,694
parent_one,6103,217
parent_one,6104,412
parent_one,6105,218
parent_one,6105,411
parent_one,6107,858
parent_one,6109,919
parent_one,6110,689
parent_one,6110,716
parent_one,6112,153
parent_one,6112,768
parent_one,6113,968
parent_one,6114,107
parent_one,6114,159
parent_one,6114,161
parent_one,6114,564
parent_one,6115,143
parent_one,6115,213
parent_one,6116,372
parent_one,6116,499
parent_one,6119,120
parent_one,6119,166
parent_one,6120,149
parent_one,6121,102
parent_one,6122,637
parent_one,6122,654
parent_one,6123,459
parent_one,6123,525
parent_one,6123,814
parent_one,6123,969
parent_one,6124,182
parent_one,6125,120
parent_one,6125,447
parent_one,6127,151
parent_one,6127,348
parent_one,6128,751
parent_one,6130,227
parent_one,6130,384
parent_one,6132,130
parent_one,6132,583
parent_one,6132,748
parent_one,6133,132
parent_one,6133,399
parent_one,6134,310
parent_one,6135,164
parent_one,6137,406
parent_one,6139,126
parent_one,6139,234
parent_one,6139,720
parent_one,6141,124
parent_one,6143,132
parent_one,6148,678
parent_one,6150,341
parent_one,6150,689
parent_one,6151,760
parent_one,6153,335
parent_one,6153,862
parent_one,6154,263
parent_one,6154,481
parent_one,6154,774
parent_one,6156,195
parent_one,6157,715
parent_one,6158,319
parent_one,6160,120
parent_one,6160,212
parent_one,6163,122
parent_one,6164,533
parent_one,6165,117
parent_one,6165,561
parent_one,6167,172
parent_one,6167,488
parent_one,6167,830
parent_one,6168,821
parent_one,6170,285
parent_one,6170,783
parent_one,6175,483
parent_one,6176,104
parent_one,6176,315
parent_one,6176,367
parent_one,6177,855
parent_one,6180,609
parent_one,6183,124
parent_one,6183,229
parent_one,6183,245
parent_one,6183,260
parent_one,6185,243
parent_one,6185,525
parent_one,6186,319
parent_one,6188,123
parent_one,6190,393
parent_one,6191,262
parent_one,6191,307
parent_one,6197,126
parent_one,6197,127
parent_one,6198,113
parent_one,6198,175
parent_one,6200,233
parent_one,6203,116
parent_one,6203,629
parent_one,6204,147
parent_one,6204,471
parent_one,6205,176
parent_one,6206,105
parent_one,6206,936
parent_one,6210,114
parent_one,6210,131
parent_one,6210,220
parent_one,6211,101
parent_one,6211,144
parent_one,6216,156
parent_one,6216,788
parent_one,6217,156
parent_one,6217,315
parent_one,6219,390
parent_one,6221,566
parent_one,6222,295
parent_one,6225,235
parent_one,6225,450
parent_one,6226,270
parent_one,6226,672
parent_one,6227,116
parent_one,6227,130
parent_one,6228,145
parent_one,6229,105
parent_one,6229,316
parent_one,6230,149
parent_one,6230,170
parent_one,6233,355
parent_one,6234,561
parent_one,6235,224
parent_one,6235,288
parent_one,6237,112
parent_one,6237,175
parent_one,6238,111
parent_one,6238,423
parent_one,6240,193
parent_one,6243,604
parent_one,6244,350
parent_one,6247,577
parent_one,6247,932
parent_one,6248,154
parent_one,6249,118
parent_one,6250,364
parent_one,6253,315
parent_one,6253,527
parent_one,6255,188
parent_one,6256,520
parent_one,6257,120
parent_one,6257,173
parent_one,6258,201
parent_one,6258,880
parent_one,6260,213
parent_one,6260,236
parent_one,6260,277
parent_one,6260,450
parent_one,6261,450
parent_one,6262,454
parent_one,6263,470
parent_one,6265,817
parent_one,6266,107
parent_one,6266,530
parent_one,6267,247
parent_one,6269,131
parent_one,6269,565
parent_one,6270,302
parent_one,6270,909
parent_one,6273,161
parent_one,6274,561
parent_one,6276,134
parent_one,6279,104
parent_one,6279,106
parent_one,6282,548
parent_one,6283,962
parent_one,6284,567
parent_one,6287,125
parent_one,6288,450
parent_one,6288,764
parent_one,6290,268
parent_one,6293,244
parent_one,6297,446
parent_one,6298,161
parent_one,6299,780
parent_one,6300,117
parent_one,6300,212
parent_one,6300,343
parent_one,6301,685
parent_one,6303,616
parent_one,6305,636
parent_one,6306,132
parent_one,6308,174
parent_one,6308,188
parent_one,6309,295
parent_one,6309,306
parent_one,6312,123
parent_one,6312,943
parent_one,6314,114
parent_one,6318,110
parent_one,6319,113
parent_one,6319,172
parent_one,6320,414
parent_one,6320,489
parent_one,6320,602
parent_one,6321,543
parent_one,6321,558
parent_one,6322,127
parent_one,6322,141
parent_one,6322,803
parent_one,6322,878
parent_one,6323,974
parent_one,6324,151
parent_one,6325,127
parent_one,6325,499
parent_one,6325,568
parent_one,6325,646
parent_one,6328,323
parent_one,6329,119
parent_one,6329,863
parent_one,6331,102
parent_one,6331,437
parent_one,6333,130
parent_one,6333,447
parent_one,6335,102
parent_one,6335,223
parent_one,6335,810
parent_one,6336,298
parent_one,6338,254
parent_one,6340,119
parent_one,6341,132
parent_one,6342,149
parent_one,6342,353
parent_one,6344,655
parent_one,6345,264
parent_one,6345,378
parent_one,6345,570
parent_one,6346,850
parent_one,6346,971
parent_one,6350,187
parent_one,6350,997
parent_one,6351,335
parent_one,6352,206
parent_one,6352,277
parent_one,6352,735
parent_one,6354,123
parent_one,6354,158
parent_one,6354,949
parent_one,6356,135
parent_one,6356,238
parent_one,6357,501
parent_one,6358,341
parent_one,6360,152
parent_one,6360,274
parent_one,6360,611
parent_one,6360,965
parent_one,6361,164
parent_one,6362,205
parent_one,6362,324
parent_one,6364,114
parent_one,6364,564
parent_one,6366,556
parent_one,6367,475
parent_one,6370,489
parent_one,6370,726
parent_one,6371,565
parent_one,6372,306
parent_one,6372,869
parent_one,6373,984
parent_one,6377,125
parent_one,6377,263
parent_one,6377,285
parent_one,6380,295
parent_one,6380,665
parent_one,6382,301
parent_one,6382,317
parent_one,6383,113
parent_one,6383,693
parent_one,6383,817
parent_one,6388,198
parent_one,6390,585
parent_one,6393,582
parent_one,6394,188
parent_one,6394,276
parent_one,6396,252
parent_one,6397,232
parent_one,6399,183
parent_one,6401,843
parent_one,6401,856
parent_one,6403,106
parent_one,6403,221
parent_one,6404,112
parent_one,6407,165
parent_one,6410,323
parent_one,6414,214
parent_one,6416,941
parent_one,6418,114
parent_one,6421,214
parent_one,6423,341
parent_one,6423,805
parent_one,6424,168
parent_one,6424,306
parent_one,6425,264
parent_one,6426,257
parent_one,6427,115
parent_one,6428,117
parent_one,6428,272
parent_one,6429,111
parent_one,6429,493
parent_one,6430,137
parent_one,6433,113
parent_one,6433,320
parent_one,6434,369
parent_one,6436,235
parent_one,6438,104
parent_one,6438,213
parent_one,6441,547
parent_one,6442,151
parent_one,6443,103
parent_one,6443,389
parent_one,6444,378
parent_one,6446,914
parent_one,6448,493
parent_one,6449,169
parent_one,6449,304
parent_one,6451,227
parent_one,6451,276
parent_one,6451,754
parent_one,6452,633
parent_one,6453,121
parent_one,6453,979
parent_one,6454,121
parent_one,6454,370
parent_one,6455,103
parent_one,6455,138
parent_one,6455,222
parent_one,6455,341
parent_one,6457,126
parent_one,6459,246
parent_one,6462,213
parent_one,6463,202
parent_one,6463,226
parent_one,6465,546
parent_one,6467,375
parent_one,6467,839
parent_one,6468,187
parent_one,6468,226
parent_one,6471,775
parent_one,6472,367
parent_one,6472,539
parent_one,6474,135
parent_one,6476,262
parent_one,6478,802
parent_one,6479,104
parent_one,6481,113
parent_one,6484,595
parent_one,6490,129
parent_one,6491,161
parent_one,6491,463
parent_one,6491,914
parent_one,6492,984
parent_one,6493,499
parent_one,6495,273
parent_one,6496,576
parent_one,6497,174
parent_one,6497,370
parent_one,6498,153
parent_one,6499,881
parent_one,6500,141
parent_one,6504,229
parent_one,6505,536
parent_one,6506,118
parent_one,6508,154
parent_one,6508,758
parent_one,6509,329
parent_one,6511,336
parent_one,6512,476
parent_one,6512,559
parent_one,6514,262
parent_one,6515,104
parent_one,6515,958
parent_one,6516,365
parent_one,6519,768
parent_one,6520,221
parent_one,6520,290
parent_one,6520,357
parent_one,6520,469
parent_one,6522,129
parent_one,6523,160
parent_one,6527,336
parent_one,6528,640
parent_one,6529,712
parent_one,6530,133
parent_one,6530,273
parent_one,6533,164
parent_one,6534,854
parent_one,6537,342
parent_one,6538,230
parent_one,6539,416
parent_one,6542,446
parent_one,6546,408
parent_one,6548,286
parent_one,6549,750
parent_one,6551,334
parent_one,6551,687
parent_one,6552,103
parent_one,6552,110
parent_one,6553,384
parent_one,6553,814
parent_one,6554,233
parent_one,6556,114
parent_one,6556,188
parent_one,6556,715
parent_one,6557,186
parent_one,6559,260
parent_one,6561,118
parent_one,6561,134
parent_one,6562,401
parent_one,6565,354
parent_one,6567,386
parent_one,6567,529
parent_one,6567,560
parent_one,6567,750
parent_one,6569,807
parent_one,6569,932
parent_one,6571,162
parent_one,6572,192
parent_one,6572,353
parent_one,6572,833
parent_one,6573,181
parent_one,6576,122
parent_one,6576,320
parent_one,6577,232
parent_one,6578,383
parent_one,6581,135
parent_one,6581,255
parent_one,6583,502
parent_one,6584,316
parent_one,6584,404
parent_one,6584,570
parent_one,6585,110
parent_one,6589,273
parent_one,6590,402
parent_one,6591,101
parent_one,6593,120
parent_one,6593,210
parent_one,6597,598
parent_one,6597,883
parent_one,6599,129
parent_one,6601,348
parent_one,6601,385
parent_one,6602,206
parent_one,6602,217
parent_one,6602,309
parent_one,6603,159
parent_one,6603,524
parent_one,6603,561
parent_one,6603,590
parent_one,6603,593
parent_one,6604,122
parent_one,6604,215
parent_one,6605,288
parent_one,6606,276
parent_one,6607,180
parent_one,6607,454
parent_one,6610,236
parent_one,6610,700
parent_one,6611,478
parent_one,6612,505
parent_one,6614,114
parent_one,6614,335
parent_one,6614,390
parent_one,6614,412
parent_one,6614,666
parent_one,6616,334
parent_one,6616,771
parent_one,6618,105
parent_one,6618,135
parent_one,6618,167
parent_one,6618,448
parent_one,6620,190
parent_one,6620,752
parent_one,6621,261
parent_one,6622,108
parent_one,6622,959
parent_one,6623,309
parent_one,6624,130
parent_one,6625,324
parent_one,6627,269
parent_one,6628,300
parent_one,6628,322
parent_one,6629,197
parent_one,6629,599
parent_one,6630,132
parent_one,6630,179
parent_one,6630,278
parent_one,6631,209
parent_one,6631,262
parent_one,6631,273
parent_one,6632,451
parent_one,6632,494
parent_one,6632,590
parent_one,6633,793
parent_one,6634,110
parent_one,6636,227
parent_one,6637,152
parent_one,6637,338
parent_one,6640,971
parent_one,6642,428
parent_one,6643,758
parent_one,6643,778
parent_one,6645,237
parent_one,6647,234
parent_one,6647,268
parent_one,6647,414
parent_one,6647,619
parent_one,6648,338
parent_one,6648,843
parent_one,6649,122
parent_one,6649,674
parent_one,6651,207
parent_one,6652,157
parent_one,6652,523
parent_one,6653,156
parent_one,6653,514
parent_one,6653,869
parent_one,6656,314
parent_one,6658,221
parent_one,6658,878
parent_one,6659,190
parent_one,6659,664
parent_one,6660,127
parent_one,6660,421
parent_one,6661,174
parent_one,6661,216
parent_one,6661,786
parent_one,6662,323
parent_one,6662,661
parent_one,6663,510
parent_one,6664,261
parent_one,6664,684
parent_one,6665,202
parent_one,6665,382
parent_one,6667,877
parent_one,6672,202
parent_one,6672,746
parent_one,6673,136
parent_one,6673,412
parent_one,6673,862
parent_one,6674,164
parent_one,6674,266
parent_one,6676,339
parent_one,6676,369
parent_one,6679,678
parent_one,6679,975
parent_one,6682,107
parent_one,6683,141
parent_one,6683,213
parent_one,6683,484
parent_one,6684,101
parent_one,6684,851
parent_one,6685,720
parent_one,6685,858
parent_one,6686,380
parent_one,6686,509
parent_one,6688,458
parent_one,6691,105
parent_one,6691,172
parent_one,6691,429
parent_one,6691,643
parent_one,6692,832
parent_one,6694,152
parent_one,6695,342
parent_one,6696,189
parent_one,6698,330
parent_one,6698,573
parent_one,6701,314
parent_one,6702,160
parent_one,6702,876
parent_one,6703,231
parent_one,6703,460
parent_one,6704,739
parent_one,6706,110
parent_one,6706,129
parent_one,6706,640
parent_one,6707,103
parent_one,6707,702
parent_one,6708,116
parent_one,6708,281
parent_one,6709,279
parent_one,6709,632
parent_one,6711,262
parent_one,6711,682
parent_one,6712,147
parent_one,6715,162
parent_one,6717,115
parent_one,6717,843
parent_one,6718,101
parent_one,6718,720
parent_one,6718,777
parent_one,6719,444
parent_one,6722,282
parent_one,6722,405
parent_one,6723,370
parent_one,6723,545
parent_one,6725,856
parent_one,6726,109
parent_one,6726,151
parent_one,6727,120
parent_one,6727,338
parent_one,6727,584
parent_one,6728,108
parent_one,6728,225
parent_one,6729,130
parent_one,6729,203
parent_one,6730,175
parent_one,6730,178
parent_one,6730,241
parent_one,6732,104
parent_one,6732,176
parent_one,6733,488
parent_one,6733,515
parent_one,6735,201
parent_one,6736,107
parent_one,6737,143
parent_one,6737,206
parent_one,6737,909
parent_one,6739,260
parent_one,6740,246
parent_one,6740,264
parent_one,6741,342
parent_one,6745,642
parent_one,6747,336
parent_one,6751,215
parent_one,6752,571
parent_one,6753,147
parent_one,6753,506
parent_one,6757,120
parent_one,6757,122
parent_one,6758,270
parent_one,6762,188
parent_one,6764,185
parent_one,6765,655
parent_one,6765,732
parent_one,6767,409
parent_one,6771,140
parent_one,6772,150
parent_one,6773,125
parent_one,6776,265
parent_one,6778,130
parent_one,6779,316
parent_one,6779,441
parent_one,6780,857
parent_one,6782,387
parent_one,6784,116
parent_one,6784,209
parent_one,6784,797
parent_one,6784,802
parent_one,6786,525
parent_one,6787,168
parent_one,6790,389
parent_one,6791,146
parent_one,6791,656
parent_one,6793,283
parent_one,6795,145
parent_one,6796,119
parent_one,6796,331
parent_one,6796,700
parent_one,6798,130
parent_one,6798,194
parent_one,6798,247
parent_one,6801,113
parent_one,6801,182
parent_one,6801,236
parent_one,6802,155
parent_one,6802,283
parent_one,6804,153
parent_one,6804,504
parent_one,6805,321
parent_one,6807,107
parent_one,6808,342
parent_one,6809,448
parent_one,6812,661
parent_one,6813,805
parent_one,6815,351
parent_one,6817,123
parent_one,6817,813
parent_one,6817,887
parent_one,6818,398
parent_one,6818,812
parent_one,6823,109
parent_one,6824,437
parent_one,6825,164
parent_one,6825,711
parent_one,6826,300
parent_one,6826,350
parent_one,6826,676
parent_one,6829,241
parent_one,6831,173
parent_one,6834,123
parent_one,6834,155
parent_one,6835,162
parent_one,6835,258
parent_one,6835,619
parent_one,6835,782
parent_one,6837,120
parent_one,6837,868
parent_one,6838,147
parent_one,6840,799
parent_one,6842,230
parent_one,6842,239
parent_one,6842,268
parent_one,6842,317
parent_one,6843,274
parent_one,6844,107
parent_one,6845,146
parent_one,6846,488
parent_one,6848,111
parent_one,6848,420
parent_one,6848,799
parent_one,6849,114
parent_one,6849,143
parent_one,6849,177
parent_one,6849,232
parent_one,6850,237
parent_one,6850,982
parent_one,6853,393
parent_one,6854,414
parent_one,6856,657
parent_one,6859,361
parent_one,6861,138
parent_one,6864,592
parent_one,6865,176
parent_one,6865,357
parent_one,6865,392
parent_one,6866,212
parent_one,6868,105
parent_one,6868,371
parent_one,6870,586
parent_one,6871,163
parent_one,6871,502
parent_one,6872,591
parent_one,6875,151
parent_one,6875,159
parent_one,6875,722
parent_one,6876,192
parent_one,6876,491
parent_one,6878,108
parent_one,6880,186
parent_one,6880,358
parent_one,6881,479
parent_one,6883,102
parent_one,6883,306
parent_one,6883,313
parent_one,6883,803
parent_one,6885,279
parent_one,6887,596
parent_one,6889,332
parent_one,6889,333
parent_one,6891,530
parent_one,6892,225
parent_one,6892,228
parent_one,6892,390
parent_one,6893,141
parent_one,6893,429
parent_one,6894,510
parent_one,6895,149
parent_one,6895,473
parent_one,6900,713
parent_one,6904,178
parent_one,6904,219
parent_one,6906,799
parent_one,6907,140
parent_one,6907,595
parent_one,6908,583
parent_one,6909,233
parent_one,6910,391
parent_one,6910,447
parent_one,6913,139
parent_one,6915,609
parent_one,6917,135
parent_one,6917,176
parent_one,6919,151
parent_one,6919,617
parent_one,6921,870
parent_one,6922,853
parent_one,6922,949
parent_one,6923,276
parent_one,6924,464
parent_one,6926,169
parent_one,6926,339
parent_one,6929,275
parent_one,6931,699
parent_one,6932,210
parent_one,6933,105
parent_one,6933,373
parent_one,6933,858
parent_one,6934,942
parent_one,6935,604
parent_one,6936,290
parent_one,6938,173
parent_one,6938,388
parent_one,6939,429
parent_one,6939,963
parent_one,6940,255
parent_one,6940,342
parent_one,6941,129
parent_one,6943,795
parent_one,6944,137
parent_one,6944,443
parent_one,6946,196
parent_one,6946,246
parent_one,6946,783
parent_one,6947,145
parent_one,6947,226
parent_one,6950,392
parent_one,6950,642
parent_one,6952,270
parent_one,6953,118
parent_one,6953,193
parent_one,6953,206
parent_one,6953,485
parent_one,6954,209
parent_one,6954,499
parent_one,6956,813
parent_one,6957,436
parent_one,6958,108
parent_one,6958,366
parent_one,6959,553
parent_one,6960,614
parent_one,6961,636
parent_one,6962,102
parent_one,6963,115
parent_one,6963,179
parent_one,6963,679
parent_one,6963,851
parent_one,6964,548
parent_one,6964,561
parent_one,6965,116
parent_one,6965,625
parent_one,6966,547
parent_one,6968,258
parent_one,6969,142
parent_one,6969,276
parent_one,6969,417
parent_one,6970,575
parent_one,6973,856
parent_one,6974,402
parent_one,6980,367
parent_one,6981,139
parent_one,6982,131
parent_one,6983,178
parent_one,6983,833
parent_one,6986,735
parent_one,6987,130
parent_one,6987,140
parent_one,6987,261
parent_one,6988,805
parent_one,6990,761
parent_one,6991,155
parent_one,6991,511
parent_one,6993,299
parent_one,6993,322
parent_one,7000,342
parent_one,7000,963
parent_one,7001,188
parent_one,7001,464
parent_one,7001,813
parent_one,7005,173
parent_one,7006,240
parent_one,7006,366
parent_one,7009,135
parent_one,7010,212
parent_one,7014,250
parent_one,7015,127
parent_one,7017,540
parent_one,7020,339
parent_one,7020,789
parent_one,7020,873
parent_one,7021,302
parent_one,7021,689
parent_one,7022,718
parent_one,7027,132
parent_one,7027,848
parent_one,7028,409
parent_one,7031,137
parent_one,7033,166
parent_one,7033,276
parent_one,7033,604
parent_one,7035,201
parent_one,7035,450
parent_one,7035,851
parent_one,7036,323
parent_one,7037,448
parent_one,7037,537
parent_one,7040,110
parent_one,7040,407
parent_one,7041,185
parent_one,7041,187
parent_one,7041,474
parent_one,7042,939
parent_one,7043,344
parent_one,7043,549
parent_one,7044,264
parent_one,7049,276
parent_one,7051,930
parent_one,7052,320
parent_one,7052,371
parent_one,7056,667
parent_one,7057,110
parent_one,7058,597
parent_one,7062,575
parent_one,7062,932
parent_one,7063,103
parent_one,7064,979
parent_one,7066,227
parent_one,7066,339
parent_one,7067,106
parent_one,7067,530
parent_one,7067,598
parent_one,7069,164
parent_one,7070,535
parent_one,7073,119
parent_one,7073,276
parent_one,7075,158
parent_one,7075,247
parent_one,7075,312
parent_one,7076,131
parent_one,7076,173
parent_one,7076,223
parent_one,7077,308
parent_one,7077,312
parent_one,7078,263
parent_one,7078,307
parent_one,7079,668
parent_one,7080,141
parent_one,7080,211
parent_one,7082,414
parent_one,7084,473
parent_one,7086,114
parent_one,7088,367
parent_one,7091,856
parent_one,7094,105
parent_one,7094,758
parent_one,7095,475
parent_one,7097,358
parent_one,7098,357
parent_one,7099,194
parent_one,7099,260
parent_one,7100,148
parent_one,7100,293
parent_one,7102,162
parent_one,7103,114
parent_one,7103,194
parent_one,7103,572
parent_one,7103,978
parent_one,7104,431
parent_one,7105,207
parent_one,7105,724
parent_one,7105,939
parent_one,7106,112
parent_one,7106,133
parent_one,7106,538
parent_one,7107,215
parent_one,7107,659
parent_one,7109,835
parent_one,7109,934
parent_one,7109,949
parent_one,7110,214
parent_one,7110,345
parent_one,7114,339
parent_one,7114,633
parent_one,7114,916
parent_one,7116,399
parent_one,7117,111
parent_one,7118,320
parent_one,7119,459
parent_one,7120,102
parent_one,7120,124
parent_one,7120,204
parent_one,7120,514
parent_one,7120,555
parent_one,7121,224
parent_one,7124,627
parent_one,7126,438
parent_one,7127,103
parent_one,7128,244
parent_one,7128,369
parent_one,7129,151
parent_one,7129,916
parent_one,7130,217
parent_one,7130,765
parent_one,7132,308
parent_one,7133,125
parent_one,7134,276
parent_one,7134,319
parent_one,7136,151
parent_one,7136,400
parent_one,7137,208
parent_one,7138,238
parent_one,7141,169
parent_one,7141,371
parent_one,7141,959
parent_one,7143,127
parent_one,7145,648
parent_one,7146,355
parent_one,7146,558
parent_one,7146,905
parent_one,7149,406
parent_one,7151,296
parent_one,7151,758
parent_one,7153,111
parent_one,7153,369
parent_one,7153,689
parent_one,7156,265
parent_one,7156,291
parent_one,7156,727
parent_one,7158,416
parent_one,7160,148
parent_one,7162,553
parent_one,7163,103
parent_one,7163,209
parent_one,7164,189
parent_one,7165,157
parent_one,7170,509
parent_one,7170,822
parent_one,7172,778
parent_one,7175,131
parent_one,7175,147
parent_one,7176,445
parent_one,7176,599
parent_one,7177,116
parent_one,7177,172
parent_one,7177,362
parent_one,7178,393
parent_one,7180,618
parent_one,7183,260
parent_one,7185,127
parent_one,7185,280
parent_one,7186,237
parent_one,7189,882
parent_one,7190,107
parent_one,7191,121
parent_one,7191,242
parent_one,7191,652
parent_one,7192,743
parent_one,7195,302
parent_one,7196,258
parent_one,7199,447
parent_one,7201,122
parent_one,7203,274
parent_one,7203,838
parent_one,7204,205
parent_one,7204,337
parent_one,7204,833
parent_one,7206,120
parent_one,7207,234
parent_one,7210,444
parent_one,7211,752
parent_one,7212,136
parent_one,7212,977
parent_one,7216,335
parent_one,7216,489
parent_one,7217,192
parent_one,7218,106
parent_one,7218,205
parent_one,7223,103
parent_one,7223,122
parent_one,7223,153
parent_one,7225,148
parent_one,7225,365
parent_one,7227,132
parent_one,7227,162
parent_one,7227,673
parent_one,7228,192
parent_one,7228,495
parent_one,7229,368
parent_one,7231,129
parent_one,7232,144
parent_one,7232,263
parent_one,7235,212
parent_one,7240,105
parent_one,7240,136
parent_one,7240,236
parent_one,7245,373
parent_one,7247,897
parent_one,7248,293
parent_one,7249,101
parent_one,7251,245
parent_one,7256,101
parent_one,7256,299
parent_one,7258,758
parent_one,7259,151
parent_one,7260,972
parent_one,7263,104
parent_one,7263,537
parent_one,7265,172
parent_one,7266,212
parent_one,7266,575
parent_one,7266,590
parent_one,7267,198
parent_one,7270,153
parent_one,7272,107
parent_one,7272,769
parent_one,7273,223
parent_one,7273,296
parent_one,7274,179
parent_one,7274,308
parent_one,7276,592
parent_one,7276,653
parent_one,7276,755
parent_one,7277,264
parent_one,7277,369
parent_one,7278,450
parent_one,7281,528
parent_one,7283,229
parent_one,7284,287
parent_one,7284,395
parent_one,7284,477
parent_one,7285,316
parent_one,7286,348
parent_one,7290,827
parent_one,7293,130
parent_one,7293,146
parent_one,7294,521
parent_one,7296,669
parent_one,7297,144
parent_one,7298,157
parent_one,7300,286
parent_one,7300,321
parent_one,7302,161
parent_one,7302,196
parent_one,7305,234
parent_one,7306,114
parent_one,7306,638
parent_one,7307,310
parent_one,7308,259
parent_one,7309,867
parent_one,7313,223
parent_one,7314,461
parent_one,7314,567
parent_one,7315,161
parent_one,7315,181
parent_one,7316,168
parent_one,7316,245
parent_one,7318,204
parent_one,7320,175
parent_one,7321,105
parent_one,7321,120
parent_one,7321,175
parent_one,7321,176
parent_one,7321,239
parent_one,7322,469
parent_one,7322,471
parent_one,7324,471
parent_one,7327,174
parent_one,7327,230
parent_one,7328,288
parent_one,7328,309
parent_one,7328,395
parent_one,7329,114
parent_one,7329,418
parent_one,7330,215
parent_one,7330,309
parent_one,7331,229
parent_one,7331,628
parent_one,7339,102
parent_one,7339,507
parent_one,7339,890
parent_one,7342,159
parent_one,7343,616
parent_one,7343,793
parent_one,7344,472
parent_one,7344,855
parent_one,7346,236
parent_one,7346,467
parent_one,7350,511
parent_one,7351,284
parent_one,7351,310
parent_one,7351,540
parent_one,7354,515
parent_one,7355,460
parent_one,7358,676
parent_one,7358,838
parent_one,7360,581
parent_one,7361,124
parent_one,7361,314
parent_one,7362,136
parent_one,7362,206
parent_one,7364,205
parent_one,7367,236
parent_one,7369,172
parent_one,7369,474
parent_one,7369,953
parent_one,7370,107
parent_one,7371,210
parent_one,7371,259
parent_one,7371,523
parent_one,7372,129
parent_one,7372,272
parent_one,7372,785
parent_one,7374,332
parent_one,7376,210
parent_one,7376,241
parent_one,7377,334
parent_one,7377,927
parent_one,7378,118
parent_one,7378,531
parent_one,7379,161
parent_one,7379,300
parent_one,7380,923
parent_one,7382,346
parent_one,7382,509
parent_one,7384,469
parent_one,7386,206
parent_one,7386,224
parent_one,7387,399
parent_one,7389,124
parent_one,7389,372
parent_one,7391,183
parent_one,7392,200
parent_one,7392,282
parent_one,7396,447
parent_one,7400,774
parent_one,7404,214
parent_one,7406,145
parent_one,7406,479
parent_one,7407,133
parent_one,7407,174
parent_one,7409,186
parent_one,7410,676
parent_one,7414,540
parent_one,7414,817
parent_one,7415,468
parent_one,7417,474
parent_one,7418,627
parent_one,7421,135
parent_one,7421,165
parent_one,7424,166
parent_one,7425,176
parent_one,7425,455
parent_one,7427,417
parent_one,7431,345
parent_one,7431,656
parent_one,7433,527
parent_one,7433,571
parent_one,7436,308
parent_one,7436,889
parent_one,7437,727
parent_one,7439,205
parent_one,7440,734
parent_one,7440,756
parent_one,7441,110
parent_one,7441,585
parent_one,7442,332
parent_one,7444,157
parent_one,7445,137
parent_one,7445,787
parent_one,7446,110
parent_one,7448,144
parent_one,7450,656
parent_one,7452,295
parent_one,7453,150
parent_one,7454,225
parent_one,7454,421
parent_one,7454,549
parent_one,7455,445
parent_one,7455,586
parent_one,7458,120
parent_one,7459,180
parent_one,7463,275
parent_one,7463,958
parent_one,7464,352
parent_one,7464,403
parent_one,7465,125
parent_one,7467,324
parent_one,7469,165
parent_one,7469,832
parent_one,7470,120
parent_one,7470,253
parent_one,7470,785
parent_one,7471,839
parent_one,7474,108
parent_one,7474,671
parent_one,7475,242
parent_one,7475,300
parent_one,7475,408
parent_one,7476,127
parent_one,7476,159
parent_one,7476,392
parent_one,7479,111
parent_one,7479,384
parent_one,7480,464
parent_one,7482,370
parent_one,7483,348
parent_one,7483,363
parent_one,7484,836
parent_one,7486,394
parent_one,7486,730
parent_one,7489,145
parent_one,7490,285
parent_one,7491,394
parent_one,7491,395
parent_one,7496,248
parent_one,7496,488
parent_one,7497,108
parent_one,7497,444
parent_one,7498,208
parent_one,7499,316
parent_one,7500,103
parent_one,7502,754
parent_one,7503,478
parent_one,7503,862
parent_one,7504,201
parent_one,7507,190
parent_one,7507,923
parent_one,7510,285
parent_one,7512,232
parent_one,7516,799
parent_one,7518,323
parent_one,7518,357
parent_one,7518,485
parent_one,7522,295
parent_one,7522,432
parent_one,7522,443
parent_one,7523,142
parent_one,7523,556
parent_one,7524,332
parent_one,7524,481
parent_one,7525,129
parent_one,7525,344
parent_one,7525,434
parent_one,7526,482
parent_one,7528,407
parent_one,7529,419
parent_one,7530,145
parent_one,7530,331
parent_one,7530,606
parent_one,7532,105
parent_one,7534,110
parent_one,7534,140
parent_one,7535,154
parent_one,7537,455
parent_one,7539,303
parent_one,7539,716
parent_one,7540,294
parent_one,7543,735
parent_one,7544,203
parent_one,7545,465
parent_one,7547,150
parent_one,7547,322
parent_one,7548,774
parent_one,7548,803
parent_one,7549,225
parent_one,7550,501
parent_one,7551,128
parent_one,7551,409
parent_one,7552,134
parent_one,7552,324
parent_one,7554,546
parent_one,7555,557
parent_one,7555,635
parent_one,7556,446
parent_one,7556,501
parent_one,7556,524
parent_one,7559,152
parent_one,7561,382
parent_one,7561,652
parent_one,7561,795
parent_one,7563,152
parent_one,7563,571
parent_one,7563,666
parent_one,7563,946
parent_one,7566,144
parent_one,7566,568
parent_one,7567,212
parent_one,7570,797
parent_one,7571,150
parent_one,7574,631
parent_one,7575,240
parent_one,7575,463
parent_one,7577,298
parent_one,7581,956
parent_one,7582,259
parent_one,7584,433
parent_one,7585,132
parent_one,7585,228
parent_one,7587,553
parent_one,7587,784
parent_one,7593,146
parent_one,7593,362
parent_one,7593,450
parent_one,7594,103
parent_one,7594,146
parent_one,7594,250
parent_one,7595,115
parent_one,7595,706
parent_one,7596,633
parent_one,7598,146
parent_one,7599,345
parent_one,7600,765
parent_one,7601,174
parent_one,7601,747
parent_one,7602,912
parent_one,7604,101
parent_one,7605,345
parent_one,7607,154
parent_one,7607,224
parent_one,7609,138
parent_one,7609,235
parent_one,7612,232
parent_one,7616,405
parent_one,7617,144
parent_one,7617,679
parent_one,7618,595
parent_one,7623,253
parent_one,7623,361
parent_one,7623,667
parent_one,7623,831
parent_one,7624,402
parent_one,7627,259
parent_one,7627,450
parent_one,7629,551
parent_one,7634,528
parent_one,7636,298
parent_one,7636,817
parent_one,7638,498
parent_one,7638,562
parent_one,7640,759
parent_one,7642,497
parent_one,7643,118
parent_one,7644,393
parent_one,7645,150
parent_one,7645,257
parent_one,7646,159
parent_one,7646,622
parent_one,7647,127
parent_one,7648,333
parent_one,7649,112
parent_one,7649,582
parent_one,7651,345
parent_one,7652,124
parent_one,7652,425
parent_one,7653,190
parent_one,7653,809
parent_one,7654,160
parent_one,7655,211
parent_one,7655,594
parent_one,7655,996
parent_one,7656,883
parent_one,7657,191
parent_one,7658,616
parent_one,7660,274
parent_one,7660,571
parent_one,7660,688
parent_one,7661,191
parent_one,7661,820
parent_one,7662,114
parent_one,7663,374
parent_one,7663,513
parent_one,7664,773
parent_one,7664,787
parent_one,7668,274
parent_one,7668,704
parent_one,7672,103
parent_one,7672,646
parent_one,7673,389
parent_one,7674,367
parent_one,7675,425
parent_one,7676,119
parent_one,7679,299
parent_one,7683,361
parent_one,7683,461
parent_one,7684,260
parent_one,7685,339
parent_one,7685,686
parent_one,7686,207
parent_one,7686,343
parent_one,7688,234
parent_one,7688,317
parent_one,7690,313
parent_one,7690,899
parent_one,7691,155
parent_one,7691,409
parent_one,7692,979
parent_one,7695,191
parent_one,7695,633
parent_one,7696,147
parent_one,7697,246
parent_one,7697,263
parent_one,7697,337
parent_one,7697,465
parent_one,7697,551
parent_one,7697,734
parent_one,7698,612
parent_one,7698,620
parent_one,7701,386
parent_one,7704,251
parent_one,7704,327
parent_one,7704,460
parent_one,7706,249
parent_one,7706,492
parent_one,7706,658
parent_one,7708,235
parent_one,7709,152
parent_one,7710,257
parent_one,7710,775
parent_one,7712,312
parent_one,7712,369
parent_one,7713,281
parent_one,7713,768
parent_one,7714,307
parent_one,7714,653
parent_one,7716,765
parent_one,7718,116
parent_one,7718,200
parent_one,7718,438
parent_one,7719,273
parent_one,7719,402
parent_one,7720,214
parent_one,7720,546
parent_one,7720,759
parent_one,7720,864
parent_one,7722,145
parent_one,7724,537
parent_one,7727,332
parent_one,7729,140
parent_one,7729,295
parent_one,7729,559
parent_one,7729,890
parent_one,7731,823
parent_one,7732,299
parent_one,7732,534
parent_one,7732,806
parent_one,7735,190
parent_one,7737,124
parent_one,7738,105
parent_one,7738,523
parent_one,7738,825
parent_one,7739,807
parent_one,7740,262
parent_one,7740,492
parent_one,7741,345
parent_one,7742,143
parent_one,7742,946
parent_one,7743,228
parent_one,7744,185
parent_one,7745,157
parent_one,7747,114
parent_one,7752,104
parent_one,7755,208
parent_one,7764,195
parent_one,7764,655
parent_one,7765,120
parent_one,7765,999
parent_one,7767,319
parent_one,7767,956
parent_one,7771,367
parent_one,7772,103
parent_one,7772,285
parent_one,7772,869
parent_one,7774,332
parent_one,7777,776
parent_one,7778,144
parent_one,7778,256
parent_one,7778,822
parent_one,7778,878
parent_one,7782,161
parent_one,7782,426
parent_one,7785,468
parent_one,7786,174
parent_one,7789,270
parent_one,7789,980
parent_one,7790,175
parent_one,7790,974
parent_one,7793,116
parent_one,7793,150
parent_one,7796,122
parent_one,7796,247
parent_one,7796,367
parent_one,7797,103
parent_one,7799,399
parent_one,7800,196
parent_one,7800,382
parent_one,7800,749
parent_one,7803,156
parent_one,7805,127
parent_one,7808,229
parent_one,7810,125
parent_one,7810,222
parent_one,7811,112
parent_one,7811,546
parent_one,7812,360
parent_one,7814,441
parent_one,7815,187
parent_one,7816,227
parent_one,7816,544
parent_one,7817,248
parent_one,7820,263
parent_one,7821,526
parent_one,7822,126
parent_one,7825,918
parent_one,7826,115
parent_one,7826,198
parent_one,7829,236
parent_one,7829,652
parent_one,7830,105
parent_one,7830,660
parent_one,7831,289
parent_one,7833,176
parent_one,7833,908
parent_one,7834,114
parent_one,7837,626
parent_one,7838,751
parent_one,7839,718
parent_one,7840,189
parent_one,7840,272
parent_one,7840,412
parent_one,7840,523
parent_one,7840,547
parent_one,7841,415
parent_one,7842,387
parent_one,7843,178
parent_one,7843,414
parent_one,7843,707
parent_one,7846,553
parent_one,7846,979
parent_one,7847,731
parent_one,7850,159
parent_one,7850,215
parent_one,7852,234
parent_one,7855,108
parent_one,7856,152
parent_one,7856,835
parent_one,7857,785
parent_one,7859,687
parent_one,7860,320
parent_one,7860,340
parent_one,7860,618
parent_one,7862,294
parent_one,7863,464
parent_one,7865,812
parent_one,7866,808
parent_one,7867,714
parent_one,7867,992
parent_one,7868,176
parent_one,7868,588
parent_one,7871,123
parent_one,7872,165
parent_one,7874,152
parent_one,7874,243
parent_one,7878,242
parent_one,7880,673
parent_one,7882,144
parent_one,7882,326
parent_one,7884,251
parent_one,7884,535
parent_one,7885,368
parent_one,7887,295
parent_one,7889,143
parent_one,7890,151
parent_one,7892,117
parent_one,7892,175
parent_one,7893,970
parent_one,7894,217
parent_one,7896,133
parent_one,7896,407
parent_one,7897,165
parent_one,7897,754
parent_one,7898,104
parent_one,7898,133
parent_one,7898,147
parent_one,7898,202
parent_one,7898,219
parent_one,7898,453
parent_one,7899,109
parent_one,7899,130
parent_one,7899,131
parent_one,7899,132
parent_one,7900,493
parent_one,7902,458
parent_one,7904,579
parent_one,7908,789
parent_one,7909,357
parent_one,7911,121
parent_one,7912,378
parent_one,7913,195
parent_one,7914,810
parent_one,7914,867
parent_one,7918,216
parent_one,7918,331
parent_one,7922,136
parent_one,7922,291
parent_one,7923,167
parent_one,7923,267
parent_one,7924,366
parent_one,7924,594
parent_one,7930,103
parent_one,7932,748
parent_one,7936,227
parent_one,7936,950
parent_one,7940,119
parent_one,7940,141
parent_one,7942,444
parent_one,7942,873
parent_one,7947,192
parent_one,7949,339
parent_one,7950,112
parent_one,7955,372
parent_one,7955,414
parent_one,7956,401
parent_one,7962,194
parent_one,7962,405
parent_one,7963,726
parent_one,7964,380
parent_one,7966,172
parent_one,7969,195
parent_one,7969,629
parent_one,7970,738
parent_one,7971,154
parent_one,7971,289
parent_one,7971,884
parent_one,7972,128
parent_one,7972,280
parent_one,7976,328
parent_one,7976,407
parent_one,7976,451
parent_one,7977,502
parent_one,7977,735
parent_one,7977,940
parent_one,7979,408
parent_one,7981,332
parent_one,7982,113
parent_one,7982,154
parent_one,7982,200
parent_one,7982,495
parent_one,7984,133
parent_one,7984,160
parent_one,7984,491
parent_one,7986,257
parent_one,7986,923
parent_one,7986,955
parent_one,7987,188
parent_one,7988,433
parent_one,7989,101
parent_one,7990,174
parent_one,7991,109
parent_one,7991,134
parent_one,7991,824
parent_one,7993,281
parent_one,7994,255
parent_one,7994,375
parent_one,7996,257
parent_one,7996,307
parent_one,7998,676
parent_one,8001,260
parent_one,8001,359
parent_one,8002,161
parent_one,8004,289
parent_one,8004,546
parent_one,8005,396
parent_one,8006,139
parent_one,8006,194
parent_one,8006,324
parent_one,8006,535
parent_one,8007,955
parent_one,8008,320
parent_one,8008,720
parent_one,8008,742
parent_one,8011,146
parent_one,8011,311
parent_one,8012,231
parent_one,8012,471
parent_one,8014,149
parent_one,8014,554
parent_one,8015,245
parent_one,8016,395
parent_one,8017,183
parent_one,8018,178
parent_one,8018,188
parent_one,8021,186
parent_one,8021,325
parent_one,8023,251
parent_one,8024,195
parent_one,8024,465
parent_one,8024,614
parent_one,8026,170
parent_one,8027,172
parent_one,8028,106
parent_one,8028,365
parent_one,8030,115
parent_one,8031,115
parent_one,8031,873
parent_one,8032,148
parent_one,8032,217
parent_one,8032,820
parent_one,8032,860
parent_one,8034,174
parent_one,8036,126
parent_one,8036,139
parent_one,8037,171
parent_one,8039,227
parent_one,8041,150
parent_one,8041,176
parent_one,8043,940
parent_one,8047,702
parent_one,8048,138
parent_one,8048,270
parent_one,8048,382
parent_one,8051,335
parent_one,8052,677
parent_one,8053,136
parent_one,8054,189
parent_one,8058,220
parent_one,8061,760
parent_one,8061,907
parent_one,8064,303
parent_one,8065,363
parent_one,8066,468
parent_one,8069,153
parent_one,8069,308
parent_one,8069,667
parent_one,8070,305
parent_one,8070,411
parent_one,8071,236
parent_one,8072,824
parent_one,8073,132
parent_one,8073,868
parent_one,8074,236
parent_one,8077,130
parent_one,8078,139
parent_one,8078,240
parent_one,8078,665
parent_one,8078,766
parent_one,8079,253
parent_one,8080,518
parent_one,8082,274
parent_one,8082,700
parent_one,8083,191
parent_one,8084,878
parent_one,8085,171
parent_one,8086,620
parent_one,8088,278
parent_one,8088,943
parent_one,8091,212
parent_one,8091,501
parent_one,8092,174
parent_one,8092,758
parent_one,8095,206
parent_one,8096,414
parent_one,8097,659
parent_one,8100,746
parent_one,8101,212
parent_one,8101,361
parent_one,8103,466
parent_one,8103,672
parent_one,8105,101
parent_one,8106,107
parent_one,8106,146
parent_one,8106,151
parent_one,8106,815
parent_one,8107,109
parent_one,8107,376
parent_one,8109,146
parent_one,8110,190
parent_one,8110,475
parent_one,8110,565
parent_one,8112,165
parent_one,8112,187
parent_one,8114,657
parent_one,8114,783
parent_one,8116,393
parent_one,8119,691
parent_one,8120,317
parent_one,8120,496
parent_one,8124,180
parent_one,8126,633
parent_one,8128,478
parent_one,8130,388
parent_one,8131,913
parent_one,8132,896
parent_one,8133,286
parent_one,8133,795
parent_one,8134,156
parent_one,8134,437
parent_one,8135,328
parent_one,8136,267
parent_one,8136,716
parent_one,8136,851
parent_one,8137,542
parent_one,8138,245
parent_one,8138,445
parent_one,8139,513
parent_one,8140,534
parent_one,8142,110
parent_one,8142,114
parent_one,8142,696
parent_one,8143,569
parent_one,8145,302
parent_one,8146,241
parent_one,8147,173
parent_one,8147,416
parent_one,8148,948
parent_one,8149,338
parent_one,8150,154
parent_one,8152,173
parent_one,8153,732
parent_one,8153,756
parent_one,8155,205
parent_one,8155,601
parent_one,8156,422
parent_one,8156,774
parent_one,8157,451
parent_one,8159,109
parent_one,8160,325
parent_one,8162,202
parent_one,8163,316
parent_one,8163,956
parent_one,8164,113
parent_one,8164,248
parent_one,8164,323
parent_one,8165,101
parent_one,8168,162
parent_one,8170,350
parent_one,8170,507
parent_one,8171,180
parent_one,8171,380
parent_one,8171,796
parent_one,8172,143
parent_one,8174,631
parent_one,8175,115
parent_one,8175,687
parent_one,8178,244
parent_one,8179,172
parent_one,8179,853
parent_one,8183,320
parent_one,8184,144
parent_one,8185,305
parent_one,8185,674
parent_one,8186,213
parent_one,8192,374
parent_one,8193,407
parent_one,8193,841
parent_one,8195,115
parent_one,8196,160
parent_one,8196,553
parent_one,8196,650
parent_one,8196,700
parent_one,8197,630
parent_one,8198,177
parent_one,8198,360
parent_one,8201,199
parent_one,8202,323
parent_one,8202,759
parent_one,8204,223
parent_one,8204,437
parent_one,8204,485
parent_one,8204,514
parent_one,8205,280
parent_one,8207,385
parent_one,8208,167
parent_one,8208,321
parent_one,8208,443
parent_one,8208,537
parent_one,8208,844
parent_one,8208,933
parent_one,8209,155
parent_one,8209,497
parent_one,8210,277
parent_one,8213,364
parent_one,8214,189
parent_one,8214,331
parent_one,8216,439
parent_one,8217,101
parent_one,8218,423
parent_one,8219,137
parent_one,8221,155
parent_one,8221,227
parent_one,8221,725
parent_one,8222,410
parent_one,8223,451
parent_one,8224,532
parent_one,8226,739
parent_one,8227,120
parent_one,8227,166
parent_one,8227,173
parent_one,8227,581
parent_one,8228,746
parent_one,8230,162
parent_one,8231,449
parent_one,8231,565
parent_one,8234,361
parent_one,8234,511
parent_one,8236,486
parent_one,8237,128
parent_one,8237,140
parent_one,8237,214
parent_one,8238,134
parent_one,8238,280
parent_one,8238,424
parent_one,8239,316
parent_one,8240,117
parent_one,8240,163
parent_one,8240,326
parent_one,8240,466
parent_one,8242,267
parent_one,8242,694
parent_one,8243,431
parent_one,8244,314
parent_one,8244,622
parent_one,8245,166
parent_one,8245,206
parent_one,8245,646
parent_one,8245,702
parent_one,8245,1000
parent_one,8246,406
parent_one,8246,689
parent_one,8247,129
parent_one,8248,476
parent_one,8248,780
parent_one,8250,117
parent_one,8251,234
parent_one,8251,508
parent_one,8251,517
parent_one,8252,104
parent_one,8254,224
parent_one,8254,781
parent_one,8255,270
parent_one,8255,638
parent_one,8256,230
parent_one,8257,175
parent_one,8258,315
parent_one,8258,432
parent_one,8260,575
parent_one,8260,774
parent_one,8263,484
parent_one,8265,186
parent_one,8265,218
parent_one,8266,190
parent_one,8266,217
parent_one,8269,130
parent_one,8269,208
parent_one,8271,130
parent_one,8271,206
parent_one,8271,435
parent_one,8272,160
parent_one,8273,126
parent_one,8274,140
parent_one,8274,617
parent_one,8275,102
parent_one,8275,261
parent_one,8275,287
parent_one,8276,279
parent_one,8276,377
parent_one,8276,476
parent_one,8277,126
parent_one,8277,336
parent_one,8277,712
parent_one,8280,446
parent_one,8280,630
parent_one,8283,539
parent_one,8284,241
parent_one,8284,790
parent_one,8287,251
parent_one,8288,281
parent_one,8291,131
parent_one,8293,450
parent_one,8293,690
parent_one,8293,715
parent_one,8293,967
parent_one,8296,154
parent_one,8296,529
parent_one,8303,108
parent_one,8303,384
parent_one,8306,485
parent_one,8306,821
parent_one,8307,124
parent_one,8309,145
parent_one,8309,194
parent_one,8309,330
parent_one,8310,646
parent_one,8311,244
parent_one,8312,592
parent_one,8312,650
parent_one,8313,217
parent_one,8314,284
parent_one,8314,931
parent_one,8315,160
parent_one,8315,999
parent_one,8316,134
parent_one,8317,644
parent_one,8317,733
parent_one,8318,133
parent_one,8319,540
parent_one,8320,788
parent_one,8322,849
parent_one,8325,156
parent_one,8325,823
parent_one,8326,163
parent_one,8326,470
parent_one,8328,746
parent_one,8329,611
parent_one,8330,229
parent_one,8330,514
parent_one,8331,421
parent_one,8334,250
parent_one,8334,272
parent_one,8335,112
parent_one,8337,149
parent_one,8338,124
parent_one,8338,292
parent_one,8340,174
parent_one,8340,183
parent_one,8344,126
parent_one,8344,143
parent_one,8344,519
parent_one,8344,566
parent_one,8344,596
parent_one,8345,643
parent_one,8346,914
parent_one,8349,113
parent_one,8349,114
parent_one,8351,220
parent_one,8354,184
parent_one,8354,464
parent_one,8355,334
parent_one,8356,202
parent_one,8356,773
parent_one,8358,423
parent_one,8359,127
parent_one,8360,282
parent_one,8360,352
parent_one,8361,154
parent_one,8361,196
parent_one,8361,207
parent_one,8362,640
parent_one,8362,728
parent_one,8363,245
parent_one,8363,315
parent_one,8363,333
parent_one,8364,139
parent_one,8364,212
parent_one,8366,173
parent_one,8367,356
parent_one,8369,165
parent_one,8369,721
parent_one,8371,309
parent_one,8375,515
parent_one,8376,103
parent_one,8377,582
parent_one,8377,894
parent_one,8379,404
parent_one,8380,109
parent_one,8380,451
parent_one,8381,362
parent_one,8382,695
parent_one,8382,818
parent_one,8384,312
parent_one,8388,117
parent_one,8388,142
parent_one,8388,171
parent_one,8389,124
parent_one,8389,200
parent_one,8391,516
parent_one,8392,142
parent_one,8392,193
parent_one,8392,211
parent_one,8396,143
parent_one,8397,142
parent_one,8398,120
parent_one,8399,210
parent_one,8400,203
parent_one,8400,431
parent_one,8401,156
parent_one,8404,137
parent_one,8406,432
parent_one,8409,121
parent_one,8411,125
parent_one,8413,196
parent_one,8414,146
parent_one,8414,157
parent_one,8416,340
parent_one,8418,257
parent_one,8418,346
parent_one,8418,930
parent_one,8419,223
parent_one,8419,937
parent_one,8421,221
parent_one,8423,135
parent_one,8423,789
parent_one,8424,174
parent_one,8424,294
parent_one,8425,319
parent_one,8426,323
parent_one,8427,122
parent_one,8427,123
parent_one,8429,105
parent_one,8429,433
parent_one,8431,138
parent_one,8432,118
parent_one,8433,308
parent_one,8433,659
parent_one,8433,800
parent_one,8434,175
parent_one,8434,971
parent_one,8435,236
parent_one,8436,105
parent_one,8436,636
parent_one,8436,668
parent_one,8437,402
parent_one,8438,393
parent_one,8440,119
parent_one,8440,122
parent_one,8440,447
parent_one,8440,561
parent_one,8442,134
parent_one,8444,388
parent_one,8446,122
parent_one,8448,623
parent_one,8452,594
parent_one,8453,372
parent_one,8454,815
parent_one,8456,174
parent_one,8457,101
parent_one,8457,911
parent_one,8460,148
parent_one,8463,965
parent_one,8465,257
parent_one,8465,742
parent_one,8467,220
parent_one,8467,245
parent_one,8468,103
parent_one,8468,209
parent_one,8468,472
parent_one,8468,880
parent_one,8468,981
parent_one,8470,109
parent_one,8470,249
parent_one,8470,294
parent_one,8471,167
parent_one,8473,122
parent_one,8476,133
parent_one,8476,167
parent_one,8476,207
parent_one,8476,247
parent_one,8478,855
parent_one,8479,106
parent_one,8480,416
parent_one,8482,237
parent_one,8482,277
parent_one,8482,872
parent_one,8484,158
parent_one,8486,120
parent_one,8486,411
parent_one,8488,604
parent_one,8489,182
parent_one,8490,968
parent_one,8491,109
parent_one,8491,256
parent_one,8491,755
parent_one,8492,146
parent_one,8492,198
parent_one,8492,633
parent_one,8494,803
parent_one,8495,158
parent_one,8496,145
parent_one,8496,155
parent_one,8496,682
parent_one,8497,101
parent_one,8497,227
parent_one,8497,573
parent_one,8499,250
parent_one,8500,262
parent_one,8500,352
parent_one,8502,339
parent_one,8502,384
parent_one,8502,463
parent_one,8503,180
parent_one,8503,450
parent_one,8505,219
parent_one,8505,282
parent_one,8505,501
parent_one,8507,590
parent_one,8507,641
parent_one,8512,414
parent_one,8512,884
parent_one,8513,119
parent_one,8516,696
parent_one,8517,342
parent_one,8519,133
parent_one,8519,326
parent_one,8519,515
parent_one,8519,960
parent_one,8522,153
parent_one,8523,603
parent_one,8523,788
parent_one,8526,284
parent_one,8529,424
parent_one,8529,543
parent_one,8529,755
parent_one,8530,966
parent_one,8531,149
parent_one,8531,295
parent_one,8531,365
parent_one,8533,238
parent_one,8534,218
parent_one,8535,296
parent_one,8535,742
parent_one,8536,842
parent_one,8537,182
parent_one,8538,244
parent_one,8538,258
parent_one,8538,536
parent_one,8541,136
parent_one,8543,148
parent_one,8543,302
parent_one,8544,197
parent_one,8544,899
parent_one,8546,897
parent_one,8547,417
parent_one,8548,158
parent_one,8548,228
parent_one,8548,481
parent_one,8549,199
parent_one,8550,148
parent_one,8550,270
parent_one,8552,274
parent_one,8552,286
parent_one,8553,375
parent_one,8554,399
parent_one,8556,762
parent_one,8557,151
parent_one,8558,268
parent_one,8560,986
parent_one,8561,187
parent_one,8561,338
parent_one,8561,711
parent_one,8562,179
parent_one,8566,273
parent_one,8566,853
parent_one,8568,323
parent_one,8568,788
parent_one,8569,119
parent_one,8569,160
parent_one,8569,557
parent_one,8570,113
parent_one,8570,488
parent_one,8572,381
parent_one,8575,153
parent_one,8575,408
parent_one,8576,107
parent_one,8576,944
parent_one,8577,262
parent_one,8578,113
parent_one,8578,329
parent_one,8579,769
parent_one,8580,169
parent_one,8583,488
parent_one,8584,313
parent_one,8585,141
parent_one,8585,556
parent_one,8585,619
parent_one,8585,631
parent_one,8587,135
parent_one,8587,248
parent_one,8587,856
parent_one,8588,630
parent_one,8591,253
parent_one,8591,858
parent_one,8594,197
parent_one,8595,689
parent_one,8597,185
parent_one,8598,899
parent_one,8599,109
parent_one,8599,270
parent_one,8600,474
parent_one,8601,144
parent_one,8601,337
parent_one,8601,857
parent_one,8604,349
parent_one,8605,226
parent_one,8607,812
parent_one,8608,188
parent_one,8611,466
parent_one,8616,447
parent_one,8617,324
parent_one,8617,391
parent_one,8617,630
parent_one,8617,739
parent_one,8622,409
parent_one,8623,138
parent_one,8623,525
parent_one,8626,161
parent_one,8629,139
parent_one,8630,766
parent_one,8631,276
parent_one,8633,350
parent_one,8636,123
parent_one,8636,300
parent_one,8636,326
parent_one,8636,395
parent_one,8636,521
parent_one,8637,310
parent_one,8637,954
parent_one,8638,882
parent_one,8639,322
parent_one,8640,461
parent_one,8640,476
parent_one,8640,492
parent_one,8640,525
parent_one,8642,912
parent_one,8643,512
parent_one,8645,845
parent_one,8647,493
parent_one,8648,262
parent_one,8648,381
parent_one,8648,717
parent_one,8650,638
parent_one,8651,579
parent_one,8652,578
parent_one,8653,668
parent_one,8655,116
parent_one,8655,605
parent_one,8656,120
parent_one,8659,290
parent_one,8660,203
parent_one,8660,437
parent_one,8660,612
parent_one,8661,998
parent_one,8662,266
parent_one,8663,494
parent_one,8670,226
parent_one,8674,389
parent_one,8674,693
parent_one,8677,330
parent_one,8677,672
parent_one,8677,843
parent_one,8679,211
parent_one,8683,771
parent_one,8686,315
parent_one,8687,134
parent_one,8689,122
parent_one,8692,316
parent_one,8696,121
parent_one,8697,129
parent_one,8697,238
parent_one,8697,703
parent_one,8704,633
parent_one,8705,115
parent_one,8705,147
parent_one,8708,660
parent_one,8711,121
parent_one,8711,636
parent_one,8711,952
parent_one,8712,157
parent_one,8713,274
parent_one,8715,130
parent_one,8721,801
parent_one,8722,351
parent_one,8722,887
parent_one,8722,919
parent_one,8723,121
parent_one,8723,484
parent_one,8724,657
parent_one,8725,138
parent_one,8726,264
parent_one,8727,211
parent_one,8727,620
parent_one,8727,827
parent_one,8728,404
parent_one,8729,123
parent_one,8729,670
parent_one,8729,791
parent_one,8730,962
parent_one,8734,163
parent_one,8739,248
parent_one,8740,125
parent_one,8740,167
parent_one,8742,494
parent_one,8743,147
parent_one,8745,151
parent_one,8745,159
parent_one,8748,211
parent_one,8748,563
parent_one,8753,745
parent_one,8754,759
parent_one,8755,192
parent_one,8755,435
parent_one,8758,591
parent_one,8760,330
parent_one,8760,452
parent_one,8761,118
parent_one,8761,156
parent_one,8761,306
parent_one,8761,390
parent_one,8762,614
parent_one,8764,414
parent_one,8765,616
parent_one,8766,195
parent_one,8766,774
parent_one,8767,173
parent_one,8767,413
parent_one,8767,635
parent_one,8770,987
parent_one,8771,224
parent_one,8775,118
parent_one,8778,109
parent_one,8778,188
parent_one,8778,205
parent_one,8778,440
parent_one,8780,227
parent_one,8782,111
parent_one,8782,207
parent_one,8782,430
parent_one,8782,769
parent_one,8782,943
parent_one,8785,106
parent_one,8785,529
parent_one,8788,119
parent_one,8791,749
parent_one,8791,835
parent_one,8792,573
parent_one,8793,397
parent_one,8796,306
parent_one,8797,234
parent_one,8798,130
parent_one,8798,248
parent_one,8798,589
parent_one,8799,860
parent_one,8806,129
parent_one,8807,918
parent_one,8809,915
parent_one,8812,252
parent_one,8816,637
parent_one,8818,122
parent_one,8818,351
parent_one,8818,448
parent_one,8819,128
parent_one,8820,121
parent_one,8820,760
parent_one,8824,530
parent_one,8825,173
parent_one,8826,127
parent_one,8826,847
parent_one,8827,328
parent_one,8829,161
parent_one,8832,108
parent_one,8832,826
parent_one,8834,115
parent_one,8835,101
parent_one,8836,208
parent_one,8837,281
parent_one,8837,550
parent_one,8840,671
parent_one,8841,546
parent_one,8844,146
parent_one,8846,121
parent_one,8846,256
parent_one,8846,389
parent_one,8848,397
parent_one,8848,542
parent_one,8852,459
parent_one,8854,110
parent_one,8855,818
parent_one,8857,126
parent_one,8857,138
parent_one,8857,193
parent_one,8857,446
parent_one,8859,769
parent_one,8860,352
parent_one,8865,228
parent_one,8867,554
parent_one,8868,244
parent_one,8868,304
parent_one,8869,223
parent_one,8870,823
parent_one,8872,225
parent_one,8874,200
parent_one,8875,385
parent_one,8877,118
parent_one,8878,341
parent_one,8879,762
parent_one,8880,287
parent_one,8880,516
parent_one,8880,796
parent_one,8881,778
parent_one,8881,908
parent_one,8882,293
parent_one,8882,384
parent_one,8884,481
parent_one,8884,589
parent_one,8885,151
parent_one,8886,344
parent_one,8887,210
parent_one,8887,446
parent_one,8888,514
parent_one,8889,311
parent_one,8889,468
parent_one,8891,228
parent_one,8891,511
parent_one,8897,803
parent_one,8898,166
parent_one,8902,194
parent_one,8902,490
parent_one,8903,360
parent_one,8903,473
parent_one,8904,856
parent_one,8907,771
parent_one,8907,874
parent_one,8911,308
parent_one,8912,104
parent_one,8913,530
parent_one,8914,215
parent_one,8916,174
parent_one,8916,405
parent_one,8917,830
parent_one,8918,254
parent_one,8919,145
parent_one,8920,187
parent_one,8920,386
parent_one,8921,230
parent_one,8921,732
parent_one,8923,106
parent_one,8923,237
parent_one,8923,244
parent_one,8923,299
parent_one,8925,265
parent_one,8925,297
parent_one,8930,167
parent_one,8932,416
parent_one,8933,466
parent_one,8934,618
parent_one,8938,768
parent_one,8939,107
parent_one,8940,277
parent_one,8940,828
parent_one,8941,819
parent_one,8945,996
parent_one,8946,518
parent_one,8947,270
parent_one,8947,857
parent_one,8948,274
parent_one,8948,804
parent_one,8950,238
parent_one,8950,322
parent_one,8951,294
parent_one,8956,133
parent_one,8957,782
parent_one,8958,192
parent_one,8960,437
parent_one,8961,316
parent_one,8963,527
parent_one,8964,817
parent_one,8965,270
parent_one,8966,161
parent_one,8966,241
parent_one,8966,710
parent_one,8967,136
parent_one,8968,138
parent_one,8969,105
parent_one,8969,219
parent_one,8970,156
parent_one,8970,481
parent_one,8971,201
parent_one,8971,837
parent_one,8972,634
parent_one,8974,262
parent_one,8975,258
parent_one,8975,886
parent_one,8978,358
parent_one,8980,171
parent_one,8980,255
parent_one,8981,355
parent_one,8982,120
parent_one,8982,126
parent_one,8984,996
parent_one,8985,724
parent_one,8988,341
parent_one,8991,165
parent_one,8991,451
parent_one,8993,126
parent_one,8993,254
parent_one,8997,456
parent_one,8999,548
parent_one,9000,165
parent_one,9000,289
parent_one,9004,146
parent_one,9005,328
parent_one,9005,387
parent_one,9006,585
parent_one,9008,180
parent_one,9010,161
parent_one,9011,114
parent_one,9013,101
parent_one,9013,258
parent_one,9013,663
parent_one,9014,335
parent_one,9014,532
parent_one,9015,135
parent_one,9015,901
parent_one,9016,495
parent_one,9017,626
parent_one,9018,708
parent_one,9019,607
parent_one,9021,268
parent_one,9021,652
parent_one,9022,270
parent_one,9023,280
parent_one,9024,209
parent_one,9024,693
parent_one,9026,125
parent_one,9026,132
parent_one,9027,145
parent_one,9027,321
parent_one,9028,136
parent_one,9031,283
parent_one,9032,324
parent_one,9032,466
parent_one,9033,819
parent_one,9034,116
parent_one,9034,277
parent_one,9034,410
parent_one,9034,713
parent_one,9036,122
parent_one,9037,120
parent_one,9038,118
parent_one,9038,514
parent_one,9042,122
parent_one,9043,245
parent_one,9043,718
parent_one,9045,822
parent_one,9047,466
parent_one,9048,394
parent_one,9050,130
parent_one,9050,140
parent_one,9050,287
parent_one,9050,836
parent_one,9051,748
parent_one,9056,298
parent_one,9057,108
parent_one,9057,261
parent_one,9059,144
parent_one,9060,203
parent_one,9060,430
parent_one,9060,587
parent_one,9061,111
parent_one,9062,391
parent_one,9063,234
parent_one,9064,645
parent_one,9067,222
parent_one,9067,472
parent_one,9068,811
parent_one,9069,425
parent_one,9070,152
parent_one,9071,875
parent_one,9072,418
parent_one,9075,436
parent_one,9075,789
parent_one,9079,318
parent_one,9082,255
parent_one,9082,492
parent_one,9084,133
parent_one,9086,257
parent_one,9088,269
parent_one,9092,421
parent_one,9092,739
parent_one,9093,168
parent_one,9094,237
parent_one,9094,302
parent_one,9094,444
parent_one,9096,235
parent_one,9097,115
parent_one,9098,220
parent_one,9098,393
parent_one,9098,399
parent_one,9099,269
parent_one,9101,196
parent_one,9101,838
parent_one,9102,157
parent_one,9105,282
parent_one,9106,107
parent_one,9107,240
parent_one,9108,642
parent_one,9108,728
parent_one,9109,362
parent_one,9111,152
parent_one,9111,257
parent_one,9113,106
parent_one,9113,407
parent_one,9116,615
parent_one,9117,405
parent_one,9117,870
parent_one,9118,389
parent_one,9123,195
parent_one,9123,627
parent_one,9124,225
parent_one,9124,679
parent_one,9127,697
parent_one,9128,117
parent_one,9129,130
parent_one,9129,148
parent_one,9129,368
parent_one,9129,451
parent_one,9130,334
parent_one,9133,264
parent_one,9134,220
parent_one,9135,101
parent_one,9135,183
parent_one,9135,456
parent_one,9136,528
parent_one,9141,143
parent_one,9141,467
parent_one,9141,745
parent_one,9143,117
parent_one,9145,254
parent_one,9145,331
parent_one,9145,393
parent_one,9147,281
parent_one,9147,833
parent_one,9152,531
parent_one,9154,474
parent_one,9155,226
parent_one,9155,229
parent_one,9157,301
parent_one,9159,358
parent_one,9159,450
parent_one,9163,290
parent_one,9163,520
parent_one,9163,798
parent_one,9164,136
parent_one,9171,113
parent_one,9171,602
parent_one,9171,752
parent_one,9174,724
parent_one,9176,763
parent_one,9177,179
parent_one,9177,194
parent_one,9180,762
parent_one,9181,167
parent_one,9183,171
parent_one,9183,557
parent_one,9183,761
parent_one,9184,213
parent_one,9185,152
parent_one,9186,293
parent_one,9187,110
parent_one,9190,264
parent_one,9190,268
parent_one,9194,174
parent_one,9196,152
parent_one,9197,340
parent_one,9198,383
parent_one,9199,112
parent_one,9199,173
parent_one,9199,658
parent_one,9201,198
parent_one,9203,226
parent_one,9206,671
parent_one,9206,772
parent_one,9209,159
parent_one,9214,596
parent_one,9214,702
parent_one,9215,491
parent_one,9215,686
parent_one,9221,496
parent_one,9223,125
parent_one,9223,274
parent_one,9224,737
parent_one,9228,576
parent_one,9230,117
parent_one,9230,475
parent_one,9232,115
parent_one,9232,147
parent_one,9232,628
parent_one,9233,150
parent_one,9236,163
parent_one,9237,716
parent_one,9238,154
parent_one,9238,543
parent_one,9239,510
parent_one,9240,108
parent_one,9240,109
parent_one,9240,138
parent_one,9240,486
parent_one,9240,528
parent_one,9242,139
parent_one,9242,142
parent_one,9244,465
parent_one,9244,635
parent_one,9246,102
parent_one,9249,116
parent_one,9249,697
parent_one,9251,191
parent_one,9258,609
parent_one,9259,277
parent_one,9264,136
parent_one,9267,102
parent_one,9267,117
parent_one,9267,133
parent_one,9267,154
parent_one,9267,655
parent_one,9268,115
parent_one,9270,655
parent_one,9271,388
parent_one,9271,502
parent_one,9274,669
parent_one,9276,261
parent_one,9277,245
parent_one,9280,136
parent_one,9280,173
parent_one,9280,561
parent_one,9283,678
parent_one,9285,123
parent_one,9288,108
parent_one,9289,145
parent_one,9290,186
parent_one,9292,187
parent_one,9293,370
parent_one,9294,604
parent_one,9295,104
parent_one,9295,181
parent_one,9295,268
parent_one,9298,101
parent_one,9302,234
parent_one,9306,230
parent_one,9308,236
parent_one,9309,162
parent_one,9309,228
parent_one,9311,105
parent_one,9312,117
parent_one,9313,198
parent_one,9314,549
parent_one,9317,558
parent_one,9319,147
parent_one,9321,151
parent_one,9322,129
parent_one,9327,622
parent_one,9328,148
parent_one,9328,490
parent_one,9328,491
parent_one,9330,160
parent_one,9334,470
parent_one,9335,341
parent_one,9336,162
parent_one,9336,177
parent_one,9337,178
parent_one,9340,177
parent_one,9341,421
parent_one,9342,398
parent_one,9343,316
parent_one,9343,449
parent_one,9344,196
parent_one,9346,120
parent_one,9353,111
parent_one,9353,143
parent_one,9353,308
parent_one,9354,367
parent_one,9358,162
parent_one,9359,276
parent_one,9362,264
parent_one,9364,511
parent_one,9366,326
parent_one,9367,146
parent_one,9369,499
parent_one,9371,120
parent_one,9372,126
parent_one,9372,301
parent_one,9372,480
parent_one,9373,446
parent_one,9373,570
parent_one,9376,146
parent_one,9381,584
parent_one,9382,277
parent_one,9382,357
parent_one,9383,385
parent_one,9385,241
parent_one,9386,455
parent_one,9387,294
parent_one,9388,373
parent_one,9389,109
parent_one,9390,107
parent_one,9392,560
parent_one,9394,152
parent_one,9404,239
parent_one,9407,139
parent_one,9409,532
parent_one,9412,527
parent_one,9413,406
parent_one,9416,262
parent_one,9417,288
parent_one,9418,228
parent_one,9420,316
parent_one,9420,478
parent_one,9421,477
parent_one,9421,559
parent_one,9425,414
parent_one,9426,300
parent_one,9430,117
parent_one,9433,286
parent_one,9433,341
parent_one,9438,429
parent_one,9440,151
parent_one,9441,427
parent_one,9442,204
parent_one,9443,276
parent_one,9443,414
parent_one,9447,162
parent_one,9447,347
parent_one,9453,148
parent_one,9455,254
parent_one,9455,408
parent_one,9457,204
parent_one,9457,338
parent_one,9458,268
parent_one,9461,291
parent_one,9471,413
parent_one,9472,357
parent_one,9483,238
parent_one,9483,392
parent_one,9484,117
parent_one,9487,275
parent_one,9488,219
parent_one,9488,343
parent_one,9490,371
parent_one,9491,167
parent_one,9492,192
parent_one,9493,501
parent_one,9495,214
parent_one,9495,368
parent_one,9495,506
parent_one,9496,461
parent_one,9502,459
parent_one,9506,275
parent_one,9507,212
parent_one,9507,218
parent_one,9508,216
parent_one,9510,131
parent_one,9510,230
parent_one,9515,149
parent_one,9516,110
parent_one,9516,125
parent_one,9516,130
parent_one,9519,248
parent_one,9522,330
parent_one,9523,182
parent_one,9532,396
parent_one,9533,198
parent_one,9534,239
parent_one,9535,111
parent_one,9536,164
parent_one,9537,176
parent_one,9538,155
parent_one,9543,115
parent_one,9545,230
parent_one,9548,439
parent_one,9549,288
parent_one,9550,242
parent_one,9550,372
parent_one,9556,233
parent_one,9556,380
parent_one,9558,378
parent_one,9559,192
parent_one,9563,213
parent_one,9567,379
parent_one,9569,155
parent_one,9569,187
parent_one,9569,324
parent_one,9572,127
parent_one,9574,135
parent_one,9575,323
parent_one,9576,382
parent_one,9577,159
parent_one,9577,163
parent_one,9578,184
parent_one,9580,159
parent_one,9583,340
parent_one,9585,267
parent_one,9586,298
parent_one,9588,237
parent_one,9588,399
parent_one,9590,233
parent_one,9593,235
parent_one,9598,217
parent_one,9603,146
parent_one,9610,257
parent_one,9610,344
parent_one,9621,120
parent_one,9621,279
parent_one,9622,145
parent_one,9622,379
parent_one,9624,137
parent_one,9625,206
parent_one,9625,216
parent_one,9625,373
parent_one,9626,233
parent_one,9627,353
parent_one,9630,132
parent_one,9631,318
parent_one,9633,108
parent_one,9633,228
parent_one,9635,122
parent_one,9636,103
parent_one,9636,287
parent_one,9637,112
parent_one,9638,123
parent_one,9638,137
parent_one,9640,149
parent_one,9642,105
parent_one,9644,122
parent_one,9644,223
parent_one,9649,244
parent_one,9650,168
parent_one,9651,295
parent_one,9655,137
parent_one,9657,111
parent_one,9657,195
parent_one,9660,102
parent_one,9660,139
parent_one,9662,166
parent_one,9662,332
parent_one,9663,196
parent_one,9675,152
parent_one,9676,153
parent_one,9678,136
parent_one,9680,124
parent_one,9680,180
parent_one,9682,264
parent_one,9684,142
parent_one,9685,218
parent_one,9692,269
parent_one,9693,135
parent_one,9694,110
parent_one,9696,181
parent_one,9696,197
parent_one,9699,180
parent_one,9699,262
parent_one,9703,172
parent_one,9705,241
parent_one,9705,253
parent_one,9706,185
parent_one,9713,102
parent_one,9713,225
parent_one,9715,103
parent_one,9719,165
parent_one,9720,216
parent_one,9726,133
parent_one,9727,152
parent_one,9729,193
parent_one,9729,236
parent_one,9732,154
parent_one,9732,169
parent_one,9733,252
parent_one,9734,105
parent_one,9735,187
parent_one,9740,146
parent_one,9743,237
parent_one,9744,179
parent_one,9747,101
parent_one,9759,235
parent_one,9763,165
parent_one,9766,221
parent_one,9767,110
parent_one,9772,208
parent_one,9774,112
parent_one,9775,118
parent_one,9776,160
parent_one,9780,169
parent_one,9780,182
parent_one,9783,139
parent_one,9792,156
parent_one,9793,107
parent_one,9794,155
parent_one,9798,154
parent_one,9802,101
parent_one,9806,159
parent_one,9807,141
parent_one,9808,144
parent_one,9820,174
parent_one,9825,119
parent_one,9835,130
parent_one,9837,132
parent_one,9839,109
parent_one,9846,139
parent_one,9848,110
parent_one,9848,117
parent_one,9885,103
parent_two,3,235
parent_two,3,264
parent_two,4,233
parent_two,5,265
parent_two,5,718
parent_two,5,941
parent_two,7,201
parent_two,8,158
parent_two,9,159
parent_two,13,175
parent_two,13,287
parent_two,14,143
parent_two,14,220
parent_two,14,332
parent_two,14,492
parent_two,16,937
parent_two,18,148
parent_two,18,512
parent_two,19,578
parent_two,21,256
parent_two,21,293
parent_two,21,389
parent_two,21,845
parent_two,22,498
parent_two,23,116
parent_two,25,183
parent_two,25,260
parent_two,26,182
parent_two,27,410
parent_two,27,600
parent_two,29,121
parent_two,29,812
parent_two,29,932
parent_two,30,113
parent_two,30,179
parent_two,30,316
parent_two,31,322
parent_two,31,798
parent_two,32,139
parent_two,33,221
parent_two,34,129
parent_two,34,568
parent_two,35,953
parent_two,36,261
parent_two,36,338
parent_two,39,165
parent_two,39,438
parent_two,40,227
parent_two,40,896
parent_two,41,148
parent_two,41,288
parent_two,42,175
parent_two,44,150
parent_two,49,218
parent_two,49,823
parent_two,50,483
parent_two,52,171
parent_two,52,373
parent_two,52,492
parent_two,53,971
parent_two,54,234
parent_two,57,177
parent_two,58,105
parent_two,61,162
parent_two,61,368
parent_two,64,107
parent_two,64,208
parent_two,64,558
parent_two,67,153
parent_two,68,991
parent_two,69,183
parent_two,70,274
parent_two,70,349
parent_two,71,117
parent_two,71,126
parent_two,71,156
parent_two,72,314
parent_two,73,978
parent_two,78,179
parent_two,78,222
parent_two,79,170
parent_two,79,250
parent_two,80,299
parent_two,85,390
parent_two,90,371
parent_two,94,326
parent_two,94,381
parent_two,97,103
parent_two,97,411
parent_two,98,150
parent_two,100,466
parent_two,102,354
parent_two,103,117
parent_two,103,734
parent_two,105,149
parent_two,105,285
parent_two,105,792
parent_two,106,127
parent_two,106,143
parent_two,109,195
parent_two,109,359
parent_two,110,210
parent_two,111,219
parent_two,112,183
parent_two,116,104
parent_two,116,350
parent_two,117,228
parent_two,118,204
parent_two,119,428
parent_two,120,154
parent_two,120,235
parent_two,122,255
parent_two,122,759
parent_two,123,459
parent_two,124,179
parent_two,126,218
parent_two,127,985
parent_two,128,499
parent_two,129,281
parent_two,130,119
parent_two,131,103
parent_two,131,191
parent_two,131,547
parent_two,132,163
parent_two,132,452
parent_two,132,758
parent_two,136,291
parent_two,136,331
parent_two,136,449
parent_two,137,750
parent_two,137,761
parent_two,139,278
parent_two,140,117
parent_two,141,123
parent_two,141,185
parent_two,143,439
parent_two,143,897
parent_two,145,277
parent_two,146,131
parent_two,147,101
parent_two,147,730
parent_two,148,181
parent_two,148,207
parent_two,148,804
parent_two,149,324
parent_two,151,181
parent_two,151,412
parent_two,153,102
parent_two,153,214
parent_two,153,724
parent_two,156,653
parent_two,157,143
parent_two,157,728
parent_two,158,127
parent_two,158,413
parent_two,161,466
parent_two,161,541
parent_two,161,807
parent_two,162,607
parent_two,164,232
parent_two,164,353
parent_two,164,414
parent_two,165,167
parent_two,166,137
parent_two,172,412
parent_two,173,159
parent_two,173,321
parent_two,174,148
parent_two,174,179
parent_two,175,148
parent_two,175,476
parent_two,179,414
parent_two,181,239
parent_two,181,339
parent_two,182,947
parent_two,185,281
parent_two,185,696
parent_two,186,623
parent_two,189,114
parent_two,190,394
parent_two,190,428
parent_two,193,226
parent_two,196,367
parent_two,197,215
parent_two,197,317
parent_two,197,592
parent_two,197,749
parent_two,198,677
parent_two,200,427
parent_two,207,115
parent_two,208,106
parent_two,208,306
parent_two,211,819
parent_two,213,718
parent_two,220,284
parent_two,220,443
parent_two,221,382
parent_two,222,188
parent_two,224,188
parent_two,224,280
parent_two,231,102
parent_two,231,469
parent_two,231,951
parent_two,232,178
parent_two,233,163
parent_two,234,110
parent_two,234,996
parent_two,235,273
parent_two,236,890
parent_two,237,153
parent_two,237,219
parent_two,237,312
parent_two,238,579
parent_two,240,363
parent_two,242,191
parent_two,242,900
parent_two,243,634
parent_two,243,666
parent_two,245,261
parent_two,245,367
parent_two,248,360
parent_two,249,178
parent_two,251,331
parent_two,253,322
parent_two,254,154
parent_two,256,140
parent_two,257,876
parent_two,259,138
parent_two,260,187
parent_two,260,840
parent_two,261,337
parent_two,261,444
parent_two,262,117
parent_two,262,386
parent_two,264,650
parent_two,265,715
parent_two,271,174
parent_two,272,317
parent_two,273,164
parent_two,273,380
parent_two,277,109
parent_two,277,123
parent_two,280,120
parent_two,280,644
parent_two,282,296
parent_two,283,422
parent_two,286,307
parent_two,289,582
parent_two,292,103
parent_two,292,556
parent_two,293,234
parent_two,295,161
parent_two,296,288
parent_two,296,473
parent_two,297,367
parent_two,298,712
parent_two,300,194
parent_two,301,787
parent_two,302,731
parent_two,302,814
parent_two,308,193
parent_two,309,313
parent_two,312,235
parent_two,312,698
parent_two,314,131
parent_two,314,307
parent_two,318,382
parent_two,318,774
parent_two,319,279
parent_two,319,513
parent_two,320,875
parent_two,321,173
parent_two,321,277
parent_two,321,293
parent_two,323,866
parent_two,324,490
parent_two,325,425
parent_two,328,569
parent_two,330,184
parent_two,331,125
parent_two,332,940
parent_two,334,215
parent_two,335,413
parent_two,337,440
parent_two,337,684
parent_two,337,917
parent_two,340,323
parent_two,340,628
parent_two,342,306
parent_two,342,999
parent_two,343,359
parent_two,343,426
parent_two,344,186
parent_two,347,205
parent_two,347,680
parent_two,352,233
parent_two,353,143
parent_two,354,217
parent_two,354,324
parent_two,354,401
parent_two,356,346
parent_two,359,828
parent_two,360,268
parent_two,361,394
parent_two,363,142
parent_two,366,101
parent_two,366,335
parent_two,369,121
parent_two,369,816
parent_two,372,391
parent_two,372,518
parent_two,372,985
parent_two,373,121
parent_two,373,521
parent_two,373,802
parent_two,374,131
parent_two,375,158
parent_two,376,158
parent_two,376,263
parent_two,376,797
parent_two,377,137
parent_two,378,249
parent_two,379,375
parent_two,381,240
parent_two,384,393
parent_two,384,656
parent_two,386,144
parent_two,386,371
parent_two,387,593
parent_two,387,629
parent_two,391,115
parent_two,391,158
parent_two,391,231
parent_two,391,274
parent_two,392,116
parent_two,392,743
parent_two,394,670
parent_two,395,198
parent_two,395,602
parent_two,396,190
parent_two,397,155
parent_two,397,217
parent_two,397,954
parent_two,400,477
parent_two,403,101
parent_two,405,107
parent_two,405,237
parent_two,406,870
parent_two,407,256
parent_two,408,163
parent_two,409,577
parent_two,410,521
parent_two,412,781
parent_two,413,133
parent_two,415,102
parent_two,415,864
parent_two,418,141
parent_two,419,569
parent_two,420,127
parent_two,420,722
parent_two,421,364
parent_two,421,415
parent_two,422,141
parent_two,422,279
parent_two,424,918
parent_two,428,366
parent_two,431,167
parent_two,432,131
parent_two,433,149
parent_two,434,432
parent_two,436,113
parent_two,436,567
parent_two,436,759
parent_two,436,809
parent_two,437,175
parent_two,437,462
parent_two,439,395
parent_two,441,137
parent_two,441,545
parent_two,442,110
parent_two,442,398
parent_two,443,102
parent_two,444,141
parent_two,445,548
parent_two,446,254
parent_two,446,371
parent_two,448,533
parent_two,450,255
parent_two,450,355
parent_two,450,428
parent_two,451,115
parent_two,451,124
parent_two,451,151
parent_two,453,737
parent_two,454,874
parent_two,455,147
parent_two,456,249
parent_two,457,207
parent_two,459,923
parent_two,460,573
parent_two,460,911
parent_two,461,241
parent_two,462,109
parent_two,462,490
parent_two,463,158
parent_two,466,109
parent_two,469,813
parent_two,470,150
parent_two,472,131
parent_two,473,970
parent_two,474,976
parent_two,475,439
parent_two,476,778
parent_two,479,107
parent_two,479,142
parent_two,479,831
parent_two,479,878
parent_two,480,970
parent_two,486,291
parent_two,486,323
parent_two,486,949
parent_two,487,475
parent_two,492,117
parent_two,493,101
parent_two,493,432
parent_two,494,979
parent_two,495,259
parent_two,495,262
parent_two,496,151
parent_two,496,296
parent_two,496,554
parent_two,497,527
parent_two,498,647
parent_two,499,148
parent_two,500,108
parent_two,500,166
parent_two,501,371
parent_two,501,473
parent_two,502,383
parent_two,502,983
parent_two,505,281
parent_two,507,156
parent_two,507,861
parent_two,508,240
parent_two,509,118
parent_two,509,792
parent_two,510,571
parent_two,516,825
parent_two,517,130
parent_two,518,146
parent_two,519,672
parent_two,520,667
parent_two,522,731
parent_two,522,923
parent_two,524,730
parent_two,525,548
parent_two,525,803
parent_two,528,281
parent_two,529,311
parent_two,530,304
parent_two,531,156
parent_two,531,224
parent_two,532,253
parent_two,533,272
parent_two,534,412
parent_two,534,931
parent_two,536,357
parent_two,540,660
parent_two,542,123
parent_two,544,804
parent_two,545,142
parent_two,545,224
parent_two,546,587
parent_two,546,783
parent_two,548,136
parent_two,549,285
parent_two,551,114
parent_two,553,154
parent_two,553,675
parent_two,554,255
parent_two,558,108
parent_two,559,831
parent_two,560,262
parent_two,561,413
parent_two,562,374
parent_two,563,576
parent_two,565,386
parent_two,566,485
parent_two,569,335
parent_two,571,234
parent_two,571,310
parent_two,572,185
parent_two,574,434
parent_two,576,528
parent_two,577,403
parent_two,585,423
parent_two,587,464
parent_two,587,497
parent_two,588,155
parent_two,589,355
parent_two,590,322
parent_two,593,130
parent_two,594,218
parent_two,594,960
parent_two,595,155
parent_two,595,547
parent_two,596,158
parent_two,602,533
parent_two,602,680
parent_two,602,704
parent_two,604,376
parent_two,607,291
parent_two,608,147
parent_two,609,919
parent_two,610,564
parent_two,611,356
parent_two,612,428
parent_two,613,130
parent_two,614,172
parent_two,614,261
parent_two,616,358
parent_two,616,392
parent_two,620,252
parent_two,620,312
parent_two,621,177
parent_two,621,632
parent_two,622,241
parent_two,623,798
parent_two,629,966
parent_two,630,207
parent_two,631,186
parent_two,631,343
parent_two,632,185
parent_two,632,292
parent_two,633,452
parent_two,633,557
parent_two,635,326
parent_two,635,641
parent_two,636,476
parent_two,636,538
parent_two,637,140
parent_two,637,148
parent_two,637,947
parent_two,639,412
parent_two,641,320
parent_two,641,550
parent_two,642,235
parent_two,643,310
parent_two,644,106
parent_two,646,109
parent_two,646,541
parent_two,648,326
parent_two,649,169
parent_two,649,262
parent_two,649,699
parent_two,649,840
parent_two,650,843
parent_two,652,433
parent_two,652,853
parent_two,653,575
parent_two,653,727
parent_two,654,271
parent_two,657,428
parent_two,658,679
parent_two,661,210
parent_two,661,270
parent_two,662,132
parent_two,662,416
parent_two,662,781
parent_two,663,131
parent_two,663,345
parent_two,669,203
parent_two,672,924
parent_two,676,740
parent_two,679,147
parent_two,679,233
parent_two,679,934
parent_two,680,366
parent_two,680,746
parent_two,682,264
parent_two,683,106
parent_two,684,228
parent_two,685,418
parent_two,686,727
parent_two,687,391
parent_two,688,978
parent_two,690,503
parent_two,690,743
parent_two,694,252
parent_two,694,871
parent_two,697,473
parent_two,698,201
parent_two,698,484
parent_two,701,109
parent_two,705,204
parent_two,706,135
parent_two,706,399
parent_two,707,111
parent_two,707,237
parent_two,712,180
parent_two,713,156
parent_two,714,579
parent_two,718,298
parent_two,720,911
parent_two,723,245
parent_two,723,582
parent_two,725,379
parent_two,725,859
parent_two,727,113
parent_two,727,367
parent_two,727,914
parent_two,728,171
parent_two,728,790
parent_two,729,240
parent_two,731,352
parent_two,733,533
parent_two,733,832
parent_two,735,197
parent_two,735,231
parent_two,738,215
parent_two,738,428
parent_two,738,570
parent_two,739,136
parent_two,740,399
parent_two,741,144
parent_two,742,495
parent_two,743,573
parent_two,744,208
parent_two,744,451
parent_two,745,187
parent_two,745,223
parent_two,746,102
parent_two,747,604
parent_two,749,217
parent_two,749,442
parent_two,750,398
parent_two,752,264
parent_two,753,172
parent_two,755,279
parent_two,755,325
parent_two,755,361
parent_two,756,208
parent_two,756,224
parent_two,758,156
parent_two,759,357
parent_two,759,621
parent_two,761,264
parent_two,761,821
parent_two,762,182
parent_two,762,967
parent_two,763,760
parent_two,764,232
parent_two,764,461
parent_two,765,122
parent_two,765,206
parent_two,765,766
parent_two,767,337
parent_two,774,177
parent_two,774,193
parent_two,774,310
parent_two,777,216
parent_two,778,302
parent_two,783,203
parent_two,784,700
parent_two,786,483
parent_two,787,673
parent_two,791,388
parent_two,792,705
parent_two,793,396
parent_two,793,620
parent_two,794,310
parent_two,795,839
parent_two,796,378
parent_two,797,149
parent_two,798,185
parent_two,798,449
parent_two,801,727
parent_two,802,972
parent_two,803,313
parent_two,804,161
parent_two,804,167
parent_two,805,334
parent_two,806,267
parent_two,808,447
parent_two,808,772
parent_two,810,134
parent_two,810,826
parent_two,811,106
parent_two,811,653
parent_two,812,363
parent_two,813,123
parent_two,813,332
parent_two,815,270
parent_two,817,176
parent_two,817,234
parent_two,817,277
parent_two,821,175
parent_two,822,111
parent_two,825,168
parent_two,826,107
parent_two,826,254
parent_two,826,421
parent_two,828,977
parent_two,829,135
parent_two,829,205
parent_two,829,275
parent_two,829,946
parent_two,830,743
parent_two,833,103
parent_two,833,131
parent_two,833,132
parent_two,834,964
parent_two,835,127
parent_two,837,143
parent_two,838,187
parent_two,840,128
parent_two,844,194
parent_two,844,471
parent_two,844,499
parent_two,845,405
parent_two,846,385
parent_two,847,902
parent_two,850,153
parent_two,860,115
parent_two,861,169
parent_two,863,315
parent_two,863,660
parent_two,864,133
parent_two,865,388
parent_two,865,636
parent_two,866,325
parent_two,868,182
parent_two,871,229
parent_two,871,272
parent_two,872,270
parent_two,872,508
parent_two,876,317
parent_two,877,182
parent_two,877,187
parent_two,877,323
parent_two,878,102
parent_two,878,115
parent_two,878,195
parent_two,878,415
parent_two,878,565
parent_two,878,957
parent_two,879,225
parent_two,879,350
parent_two,880,224
parent_two,880,311
parent_two,883,110
parent_two,883,445
parent_two,884,294
parent_two,887,475
parent_two,889,354
parent_two,889,424
parent_two,894,512
parent_two,896,680
parent_two,897,184
parent_two,900,121
parent_two,902,268
parent_two,902,563
parent_two,903,248
parent_two,903,535
parent_two,905,663
parent_two,907,286
parent_two,907,364
parent_two,908,405
parent_two,909,230
parent_two,909,678
parent_two,910,260
parent_two,910,321
parent_two,910,560
parent_two,910,593
parent_two,911,365
parent_two,912,217
parent_two,912,674
parent_two,914,792
parent_two,916,490
parent_two,917,185
parent_two,919,840
parent_two,921,109
parent_two,921,922
parent_two,922,105
parent_two,923,111
parent_two,925,105
parent_two,926,114
parent_two,926,574
parent_two,927,176
parent_two,928,207
parent_two,930,240
parent_two,930,430
parent_two,931,558
parent_two,933,280
parent_two,935,244
parent_two,937,187
parent_two,938,355
parent_two,941,188
parent_two,942,242
parent_two,942,552
parent_two,943,397
parent_two,943,399
parent_two,944,137
parent_two,945,280
parent_two,945,552
parent_two,947,433
parent_two,948,223
parent_two,948,239
parent_two,948,334
parent_two,948,545
parent_two,951,283
parent_two,954,615
parent_two,956,415
parent_two,961,925
parent_two,964,109
parent_two,965,438
parent_two,966,470
parent_two,966,867
parent_two,967,195
parent_two,968,538
parent_two,970,306
parent_two,973,133
parent_two,973,626
parent_two,974,110
parent_two,974,602
parent_two,975,125
parent_two,977,787
parent_two,980,190
parent_two,981,118
parent_two,982,101
parent_two,983,947
parent_two,984,118
parent_two,984,216
parent_two,984,263
parent_two,984,960
parent_two,985,238
parent_two,985,588
parent_two,989,258
parent_two,989,532
parent_two,991,109
parent_two,994,711
parent_two,996,487
parent_two,997,241
parent_two,1001,102
parent_two,1001,192
parent_two,1001,507
parent_two,1002,177
parent_two,1005,177
parent_two,1005,200
parent_two,1006,136
parent_two,1006,276
parent_two,1007,132
parent_two,1007,344
parent_two,1008,244
parent_two,1008,343
parent_two,1009,130
parent_two,1009,296
parent_two,1009,522
parent_two,1009,547
parent_two,1011,174
parent_two,1011,212
parent_two,1011,371
parent_two,1012,489
parent_two,1013,212
parent_two,1013,880
parent_two,1014,152
parent_two,1015,175
parent_two,1021,316
parent_two,1022,414
parent_two,1024,233
parent_two,1024,338
parent_two,1028,138
parent_two,1029,916
parent_two,1033,362
parent_two,1035,462
parent_two,1040,951
parent_two,1042,106
parent_two,1044,416
parent_two,1044,442
parent_two,1045,656
parent_two,1046,143
parent_two,1046,316
parent_two,1048,567
parent_two,1049,377
parent_two,1050,228
parent_two,1050,291
parent_two,1052,123
parent_two,1053,113
parent_two,1053,172
parent_two,1055,111
parent_two,1055,485
parent_two,1057,186
parent_two,1057,408
parent_two,1057,915
parent_two,1058,762
parent_two,1059,210
parent_two,1059,627
parent_two,1062,104
parent_two,1062,220
parent_two,1063,150
parent_two,1063,535
parent_two,1068,562
parent_two,1068,809
parent_two,1070,195
parent_two,1071,195
parent_two,1073,347
parent_two,1075,752
parent_two,1077,664
parent_two,1079,108
parent_two,1083,391
parent_two,1084,171
parent_two,1085,679
parent_two,1086,179
parent_two,1087,495
parent_two,1088,743
parent_two,1089,625
parent_two,1090,130
parent_two,1090,218
parent_two,1090,238
parent_two,1091,803
parent_two,1093,176
parent_two,1093,876
parent_two,1094,153
parent_two,1094,693
parent_two,1095,238
parent_two,1095,411
parent_two,1095,603
parent_two,1095,619
parent_two,1096,667
parent_two,1101,916
parent_two,1102,293
parent_two,1102,401
parent_two,1103,357
parent_two,1104,151
parent_two,1105,266
parent_two,1106,844
parent_two,1107,266
parent_two,1107,288
parent_two,1109,214
parent_two,1109,377
parent_two,1109,444
parent_two,1109,477
parent_two,1112,131
parent_two,1112,218
parent_two,1113,661
parent_two,1114,321
parent_two,1114,853
parent_two,1115,200
parent_two,1115,213
parent_two,1115,374
parent_two,1115,403
parent_two,1116,852
parent_two,1120,780
parent_two,1120,890
parent_two,1123,686
parent_two,1124,169
parent_two,1126,105
parent_two,1127,408
parent_two,1127,668
parent_two,1129,194
parent_two,1129,644
parent_two,1133,337
parent_two,1133,386
parent_two,1133,660
parent_two,1134,179
parent_two,1138,416
parent_two,1140,242
parent_two,1142,112
parent_two,1144,330
parent_two,1146,187
parent_two,1146,415
parent_two,1147,181
parent_two,1147,306
parent_two,1149,222
parent_two,1150,300
parent_two,1152,219
parent_two,1152,312
parent_two,1152,469
parent_two,1152,484
parent_two,1153,162
parent_two,1154,199
parent_two,1154,249
parent_two,1155,244
parent_two,1155,414
parent_two,1156,848
parent_two,1157,348
parent_two,1158,302
parent_two,1159,501
parent_two,1162,109
parent_two,1163,153
parent_two,1163,368
parent_two,1163,932
parent_two,1164,247
parent_two,1164,600
parent_two,1165,113
parent_two,1166,494
parent_two,1166,995
parent_two,1167,224
parent_two,1167,345
parent_two,1170,119
parent_two,1170,173
parent_two,1170,303
parent_two,1172,459
parent_two,1172,842
parent_two,1173,186
parent_two,1173,868
parent_two,1174,587
parent_two,1178,151
parent_two,1178,316
parent_two,1179,594
parent_two,1180,149
parent_two,1180,168
parent_two,1185,104
parent_two,1187,229
parent_two,1187,782
parent_two,1188,128
parent_two,1191,119
parent_two,1191,124
parent_two,1191,177
parent_two,1191,284
parent_two,1191,365
parent_two,1191,758
parent_two,1192,313
parent_two,1192,513
parent_two,1195,712
parent_two,1196,298
parent_two,1196,395
parent_two,1197,118
parent_two,1200,376
parent_two,1201,435
parent_two,1202,430
parent_two,1203,126
parent_two,1204,456
parent_two,1209,189
parent_two,1209,425
parent_two,1209,630
parent_two,1210,188
parent_two,1210,206
parent_two,1210,842
parent_two,1211,808
parent_two,1219,124
parent_two,1220,110
parent_two,1221,120
parent_two,1221,408
parent_two,1222,238
parent_two,1222,275
parent_two,1222,977
parent_two,1223,372
parent_two,1223,769
parent_two,1226,309
parent_two,1228,102
parent_two,1228,129
parent_two,1230,581
parent_two,1231,219
parent_two,1232,327
parent_two,1233,110
parent_two,1235,124
parent_two,1236,208
parent_two,1236,283
parent_two,1237,319
parent_two,1238,377
parent_two,1241,962
parent_two,1242,171
parent_two,1243,275
parent_two,1245,484
parent_two,1246,468
parent_two,1248,255
parent_two,1249,257
parent_two,1250,323
parent_two,1250,382
parent_two,1250,790
parent_two,1251,493
parent_two,1253,707
parent_two,1254,338
parent_two,1257,165
parent_two,1257,593
parent_two,1259,155
parent_two,1260,347
parent_two,1261,167
parent_two,1262,160
parent_two,1263,255
parent_two,1263,620
parent_two,1265,247
parent_two,1265,330
parent_two,1268,262
parent_two,1268,751
parent_two,1271,350
parent_two,1272,154
parent_two,1274,234
parent_two,1275,821
parent_two,1277,405
parent_two,1278,160
parent_two,1280,559
parent_two,1283,708
parent_two,1286,507
parent_two,1287,430
parent_two,1288,722
parent_two,1289,265
parent_two,1291,125
parent_two,1291,193
parent_two,1293,283
parent_two,1293,416
parent_two,1294,159
parent_two,1294,209
parent_two,1295,126
parent_two,1300,135
parent_two,1300,153
parent_two,1301,884
parent_two,1302,462
parent_two,1302,781
parent_two,1303,646
parent_two,1303,712
parent_two,1307,126
parent_two,1307,254
parent_two,1307,344
parent_two,1307,570
parent_two,1310,123
parent_two,1310,313
parent_two,1312,172
parent_two,1313,290
parent_two,1319,342
parent_two,1322,142
parent_two,1322,281
parent_two,1322,702
parent_two,1322,975
parent_two,1325,135
parent_two,1325,247
parent_two,1325,588
parent_two,1326,233
parent_two,1327,116
parent_two,1328,322
parent_two,1329,145
parent_two,1329,448
parent_two,1330,105
parent_two,1332,458
parent_two,1333,102
parent_two,1334,279
parent_two,1335,469
parent_two,1337,297
parent_two,1340,168
parent_two,1346,138
parent_two,1347,240
parent_two,1347,492
parent_two,1349,134
parent_two,1349,583
parent_two,1350,124
parent_two,1352,308
parent_two,1352,525
parent_two,1352,670
parent_two,1355,637
parent_two,1356,150
parent_two,1358,166
parent_two,1360,837
parent_two,1363,840
parent_two,1366,409
parent_two,1367,133
parent_two,1367,767
parent_two,1369,124
parent_two,1370,195
parent_two,1371,103
parent_two,1372,396
parent_two,1373,496
parent_two,1376,185
parent_two,1376,506
parent_two,1379,395
parent_two,1380,135
parent_two,1381,127
parent_two,1381,526
parent_two,1383,880
parent_two,1384,145
parent_two,1386,146
parent_two,1387,810
parent_two,1389,119
parent_two,1390,584
parent_two,1390,698
parent_two,1391,177
parent_two,1391,230
parent_two,1392,105
parent_two,1392,167
parent_two,1393,490
parent_two,1394,137
parent_two,1394,598
parent_two,1395,145
parent_two,1396,133
parent_two,1396,270
parent_two,1400,525
parent_two,1402,178
parent_two,1403,253
parent_two,1403,293
parent_two,1404,186
parent_two,1404,217
parent_two,1405,627
parent_two,1406,155
parent_two,1406,698
parent_two,1406,799
parent_two,1407,123
parent_two,1407,280
parent_two,1410,444
parent_two,1410,687
parent_two,1411,760
parent_two,1413,751
parent_two,1415,106
parent_two,1415,192
parent_two,1416,138
parent_two,1416,235
parent_two,1416,466
parent_two,1418,195
parent_two,1418,355
parent_two,1419,295
parent_two,1419,330
parent_two,1420,758
parent_two,1423,341
parent_two,1426,204
parent_two,1426,335
parent_two,1426,522
parent_two,1427,422
parent_two,1429,143
parent_two,1430,123
parent_two,1430,201
parent_two,1430,579
parent_two,1431,765
parent_two,1433,157
parent_two,1433,468
parent_two,1433,493
parent_two,1434,413
parent_two,1437,979
parent_two,1439,114
parent_two,1439,275
parent_two,1439,877
parent_two,1446,184
parent_two,1447,731
parent_two,1448,108
parent_two,1448,125
parent_two,1448,279
parent_two,1448,325
parent_two,1449,127
parent_two,1449,172
parent_two,1451,417
parent_two,1452,657
parent_two,1453,106
parent_two,1454,105
parent_two,1455,135
parent_two,1455,143
parent_two,1457,115
parent_two,1458,111
parent_two,1458,118
parent_two,1458,292
parent_two,1459,121
parent_two,1460,765
parent_two,1461,803
parent_two,1462,331
parent_two,1463,235
parent_two,1467,198
parent_two,1467,381
parent_two,1469,163
parent_two,1469,227
parent_two,1472,701
parent_two,1473,839
parent_two,1475,415
parent_two,1475,621
parent_two,1477,526
parent_two,1477,968
parent_two,1479,341
parent_two,1479,396
parent_two,1481,160
parent_two,1481,220
parent_two,1483,112
parent_two,1487,905
parent_two,1488,137
parent_two,1488,141
parent_two,1489,143
parent_two,1489,279
parent_two,1489,552
parent_two,1490,320
parent_two,1491,143
parent_two,1491,183
parent_two,1495,118
parent_two,1495,359
parent_two,1496,398
parent_two,1498,386
parent_two,1499,175
parent_two,1499,935
parent_two,1500,651
parent_two,1501,195
parent_two,1502,662
parent_two,1503,139
parent_two,1508,117
parent_two,1509,883
parent_two,1510,251
parent_two,1510,459
parent_two,1511,723
parent_two,1512,125
parent_two,1512,215
parent_two,1513,110
parent_two,1513,461
parent_two,1513,981
parent_two,1514,291
parent_two,1514,511
parent_two,1515,119
parent_two,1515,375
parent_two,1516,289
parent_two,1517,251
parent_two,1517,451
parent_two,1518,155
parent_two,1518,506
parent_two,1519,230
parent_two,1519,300
parent_two,1520,116
parent_two,1521,243
parent_two,1521,534
parent_two,1521,678
parent_two,1523,128
parent_two,1523,573
parent_two,1525,456
parent_two,1526,193
parent_two,1527,627
parent_two,1530,175
parent_two,1530,983
parent_two,1533,108
parent_two,1534,373
parent_two,1535,252
parent_two,1537,128
parent_two,1538,127
parent_two,1538,580
parent_two,1539,162
parent_two,1542,233
parent_two,1544,278
parent_two,1545,509
parent_two,1546,838
parent_two,1547,127
parent_two,1549,117
parent_two,1549,156
parent_two,1549,423
parent_two,1549,428
parent_two,1551,150
parent_two,1551,937
parent_two,1552,121
parent_two,1553,103
parent_two,1553,481
parent_two,1554,121
parent_two,1554,251
parent_two,1555,393
parent_two,1557,109
parent_two,1559,115
parent_two,1560,469
parent_two,1561,740
parent_two,1562,125
parent_two,1562,202
parent_two,1562,669
parent_two,1564,219
parent_two,1565,242
parent_two,1566,135
parent_two,1567,219
parent_two,1568,315
parent_two,1571,322
parent_two,1577,110
parent_two,1577,441
parent_two,1579,274
parent_two,1579,347
parent_two,1580,387
parent_two,1580,389
parent_two,1581,453
parent_two,1581,864
parent_two,1582,343
parent_two,1583,347
parent_two,1583,938
parent_two,1584,145
parent_two,1584,383
parent_two,1586,255
parent_two,1586,331
parent_two,1589,421
parent_two,1591,263
parent_two,1591,830
parent_two,1592,645
parent_two,1594,549
parent_two,1594,681
parent_two,1595,831
parent_two,1603,673
parent_two,1604,792
parent_two,1606,710
parent_two,1608,260
parent_two,1611,157
parent_two,1611,193
parent_two,1615,202
parent_two,1615,204
parent_two,1616,148
parent_two,1617,308
parent_two,1617,516
parent_two,1619,148
parent_two,1622,151
parent_two,1624,193
parent_two,1624,317
parent_two,1628,131
parent_two,1629,255
parent_two,1629,320
parent_two,1629,605
parent_two,1630,264
parent_two,1630,433
parent_two,1631,229
parent_two,1632,597
parent_two,1634,640
parent_two,1634,752
parent_two,1634,854
parent_two,1635,247
parent_two,1635,417
parent_two,1635,594
parent_two,1636,203
parent_two,1636,486
parent_two,1636,796
parent_two,1637,122
parent_two,1637,202
parent_two,1639,787
parent_two,1640,477
parent_two,1640,945
parent_two,1641,328
parent_two,1644,139
parent_two,1644,149
parent_two,1645,129
parent_two,1645,136
parent_two,1646,187
parent_two,1649,485
parent_two,1652,465
parent_two,1653,200
parent_two,1653,399
parent_two,1654,661
parent_two,1655,138
parent_two,1655,360
parent_two,1657,269
parent_two,1657,460
parent_two,1659,461
parent_two,1660,233
parent_two,1661,496
parent_two,1663,169
parent_two,1666,129
parent_two,1668,180
parent_two,1671,183
parent_two,1673,690
parent_two,1674,171
parent_two,1674,487
parent_two,1674,783
parent_two,1676,146
parent_two,1676,585
parent_two,1681,112
parent_two,1681,267
parent_two,1681,938
parent_two,1684,199
parent_two,1684,339
parent_two,1684,693
parent_two,1685,881
parent_two,1686,244
parent_two,1686,258
parent_two,1687,930
parent_two,1688,304
parent_two,1691,118
parent_two,1695,206
parent_two,1695,327
parent_two,1695,405
parent_two,1698,188
parent_two,1699,184
parent_two,1699,270
parent_two,1699,565
parent_two,1700,325
parent_two,1702,131
parent_two,1702,345
parent_two,1703,117
parent_two,1704,658
parent_two,1705,581
parent_two,1706,744
parent_two,1710,373
parent_two,1711,123
parent_two,1713,115
parent_two,1717,393
parent_two,1718,249
parent_two,1719,339
parent_two,1719,438
parent_two,1720,228
parent_two,1724,279
parent_two,1726,113
parent_two,1726,121
parent_two,1726,403
parent_two,1726,949
parent_two,1727,101
parent_two,1727,166
parent_two,1727,430
parent_two,1728,103
parent_two,1728,419
parent_two,1729,578
parent_two,1734,363
parent_two,1734,547
parent_two,1734,707
parent_two,1735,383
parent_two,1736,495
parent_two,1737,174
parent_two,1738,577
parent_two,1738,998
parent_two,1740,171
parent_two,1741,394
parent_two,1742,376
parent_two,1743,396
parent_two,1743,894
parent_two,1745,160
parent_two,1746,129
parent_two,1746,202
parent_two,1746,921
parent_two,1747,185
parent_two,1747,213
parent_two,1747,996
parent_two,1748,740
parent_two,1749,135
parent_two,1749,346
parent_two,1753,829
parent_two,1754,330
parent_two,1756,395
parent_two,1757,295
parent_two,1758,191
parent_two,1760,794
parent_two,1762,480
parent_two,1763,119
parent_two,1763,289
parent_two,1766,249
parent_two,1766,468
parent_two,1767,187
parent_two,1768,249
parent_two,1771,273
parent_two,1776,201
parent_two,1778,106
parent_two,1781,109
parent_two,1782,303
parent_two,1783,258
parent_two,1784,367
parent_two,1785,160
parent_two,1786,181
parent_two,1787,124
parent_two,1787,222
parent_two,1787,921
parent_two,1790,219
parent_two,1791,969
parent_two,1792,526
parent_two,1792,710
parent_two,1793,107
parent_two,1793,368
parent_two,1794,272
parent_two,1796,326
parent_two,1796,480
parent_two,1797,148
parent_two,1797,251
parent_two,1797,332
parent_two,1801,780
parent_two,1802,148
parent_two,1803,255
parent_two,1803,428
parent_two,1808,161
parent_two,1809,214
parent_two,1809,460
parent_two,1811,536
parent_two,1811,949
parent_two,1812,125
parent_two,1812,136
parent_two,1813,879
parent_two,1814,738
parent_two,1815,177
parent_two,1816,207
parent_two,1817,120
parent_two,1817,364
parent_two,1817,881
parent_two,1818,434
parent_two,1820,110
parent_two,1820,212
parent_two,1825,152
parent_two,1825,227
parent_two,1825,977
parent_two,1826,376
parent_two,1828,861
parent_two,1831,410
parent_two,1832,516
parent_two,1832,998
parent_two,1833,296
parent_two,1836,738
parent_two,1836,975
parent_two,1838,721
parent_two,1839,938
parent_two,1840,496
parent_two,1840,648
parent_two,1841,263
parent_two,1842,168
parent_two,1842,246
parent_two,1843,205
parent_two,1843,795
parent_two,1847,121
parent_two,1847,200
parent_two,1849,101
parent_two,1849,631
parent_two,1849,990
parent_two,1854,335
parent_two,1854,344
parent_two,1854,715
parent_two,1857,247
parent_two,1857,355
parent_two,1858,685
parent_two,1859,522
parent_two,1859,980
parent_two,1863,301
parent_two,1864,147
parent_two,1864,377
parent_two,1864,570
parent_two,1865,164
parent_two,1867,127
parent_two,1867,731
parent_two,1868,479
parent_two,1868,567
parent_two,1869,105
parent_two,1870,329
parent_two,1872,255
parent_two,1873,141
parent_two,1873,199
parent_two,1874,103
parent_two,1874,222
parent_two,1874,246
parent_two,1874,329
parent_two,1874,761
parent_two,1874,949
parent_two,1875,234
parent_two,1878,127
parent_two,1882,110
parent_two,1882,129
parent_two,1882,330
parent_two,1882,401
parent_two,1883,949
parent_two,1889,363
parent_two,1889,395
parent_two,1890,210
parent_two,1890,490
parent_two,1892,303
parent_two,1892,382
parent_two,1892,662
parent_two,1894,150
parent_two,1894,193
parent_two,1894,481
parent_two,1894,527
parent_two,1894,574
parent_two,1897,119
parent_two,1897,145
parent_two,1899,184
parent_two,1899,189
parent_two,1899,610
parent_two,1899,806
parent_two,1901,833
parent_two,1903,119
parent_two,1904,281
parent_two,1905,249
parent_two,1906,166
parent_two,1906,474
parent_two,1906,597
parent_two,1907,938
parent_two,1908,106
parent_two,1908,111
parent_two,1908,158
parent_two,1910,778
parent_two,1912,153
parent_two,1912,724
parent_two,1912,822
parent_two,1919,193
parent_two,1924,116
parent_two,1928,384
parent_two,1929,557
parent_two,1930,125
parent_two,1930,227
parent_two,1930,444
parent_two,1931,123
parent_two,1933,734
parent_two,1936,215
parent_two,1936,333
parent_two,1938,259
parent_two,1940,272
parent_two,1941,163
parent_two,1942,113
parent_two,1942,197
parent_two,1942,231
parent_two,1944,168
parent_two,1945,346
parent_two,1946,101
parent_two,1946,199
parent_two,1946,239
parent_two,1947,320
parent_two,1947,796
parent_two,1948,107
parent_two,1948,335
parent_two,1948,688
parent_two,1948,865
parent_two,1951,101
parent_two,1951,156
parent_two,1951,831
parent_two,1953,195
parent_two,1953,456
parent_two,1953,515
parent_two,1954,223
parent_two,1956,107
parent_two,1956,256
parent_two,1958,222
parent_two,1958,840
parent_two,1961,548
parent_two,1962,121
parent_two,1962,339
parent_two,1964,153
parent_two,1964,552
parent_two,1965,989
parent_two,1966,528
parent_two,1970,567
parent_two,1970,722
parent_two,1972,201
parent_two,1972,277
parent_two,1973,343
parent_two,1974,719
parent_two,1975,254
parent_two,1975,984
parent_two,1977,111
parent_two,1978,107
parent_two,1978,149
parent_two,1978,285
parent_two,1981,164
parent_two,1983,779
parent_two,1984,745
parent_two,1987,361
parent_two,1987,390
parent_two,1987,649
parent_two,1991,118
parent_two,1992,836
parent_two,1993,203
parent_two,1995,692
parent_two,1996,193
parent_two,1998,925
parent_two,1999,140
parent_two,1999,200
parent_two,2000,122
parent_two,2001,111
parent_two,2002,565
parent_two,2004,702
parent_two,2005,445
parent_two,2005,577
parent_two,2006,183
parent_two,2006,403
parent_two,2008,259
parent_two,2008,419
parent_two,2013,548
parent_two,2014,189
parent_two,2014,272
parent_two,2015,509
parent_two,2016,391
parent_two,2018,125
parent_two,2020,255
parent_two,2020,274
parent_two,2021,260
parent_two,2021,878
parent_two,2022,209
parent_two,2022,212
parent_two,2022,513
parent_two,2024,280
parent_two,2025,258
parent_two,2025,262
parent_two,2025,569
parent_two,2026,106
parent_two,2027,151
parent_two,2028,171
parent_two,2029,334
parent_two,2030,542
parent_two,2032,304
parent_two,2032,484
parent_two,2033,395
parent_two,2034,777
parent_two,2036,137
parent_two,2036,147
parent_two,2036,550
parent_two,2037,153
parent_two,2039,419
parent_two,2040,369
parent_two,2043,134
parent_two,2043,484
parent_two,2044,104
parent_two,2044,260
parent_two,2044,469
parent_two,2045,243
parent_two,2046,134
parent_two,2048,142
parent_two,2048,151
parent_two,2048,386
parent_two,2048,635
parent_two,2049,347
parent_two,2051,328
parent_two,2052,161
parent_two,2052,245
parent_two,2053,223
parent_two,2054,134
parent_two,2055,410
parent_two,2056,457
parent_two,2056,993
parent_two,2057,763
parent_two,2060,113
parent_two,2060,135
parent_two,2060,169
parent_two,2069,310
parent_two,2069,837
parent_two,2070,654
parent_two,2071,142
parent_two,2073,189
parent_two,2073,336
parent_two,2077,598
parent_two,2077,621
parent_two,2078,399
parent_two,2080,609
parent_two,2081,338
parent_two,2082,302
parent_two,2084,116
parent_two,2084,231
parent_two,2084,651
parent_two,2088,110
parent_two,2090,485
parent_two,2093,422
parent_two,2095,580
parent_two,2099,230
parent_two,2099,387
parent_two,2099,414
parent_two,2099,483
parent_two,2100,164
parent_two,2100,972
parent_two,2101,651
parent_two,2105,653
parent_two,2106,119
parent_two,2106,475
parent_two,2108,241
parent_two,2109,265
parent_two,2110,269
parent_two,2113,146
parent_two,2113,646
parent_two,2117,164
parent_two,2117,939
parent_two,2120,852
parent_two,2123,158
parent_two,2123,970
parent_two,2124,146
parent_two,2126,332
parent_two,2128,131
parent_two,2128,188
parent_two,2128,525
parent_two,2128,597
parent_two,2130,619
parent_two,2132,120
parent_two,2132,486
parent_two,2135,281
parent_two,2136,140
parent_two,2136,147
parent_two,2136,150
parent_two,2138,543
parent_two,2140,238
parent_two,2140,477
parent_two,2140,670
parent_two,2145,141
parent_two,2145,235
parent_two,2145,605
parent_two,2146,156
parent_two,2147,372
parent_two,2149,132
parent_two,2149,488
parent_two,2149,632
parent_two,2150,412
parent_two,2150,456
parent_two,2151,124
parent_two,2151,314
parent_two,2152,111
parent_two,2154,765
parent_two,2156,406
parent_two,2157,132
parent_two,2157,578
parent_two,2157,695
parent_two,2159,108
parent_two,2159,133
parent_two,2160,102
parent_two,2161,219
parent_two,2161,405
parent_two,2162,185
parent_two,2162,212
parent_two,2162,373
parent_two,2163,106
parent_two,2163,815
parent_two,2166,182
parent_two,2166,253
parent_two,2166,320
parent_two,2168,432
parent_two,2168,613
parent_two,2172,330
parent_two,2172,715
parent_two,2173,243
parent_two,2173,967
parent_two,2176,778
parent_two,2177,329
parent_two,2177,358
parent_two,2177,729
parent_two,2178,832
parent_two,2179,108
parent_two,2179,195
parent_two,2179,364
parent_two,2181,107
parent_two,2181,108
parent_two,2181,543
parent_two,2183,134
parent_two,2183,861
parent_two,2185,475
parent_two,2185,627
parent_two,2189,286
parent_two,2190,194
parent_two,2191,158
parent_two,2191,804
parent_two,2192,296
parent_two,2193,155
parent_two,2193,563
parent_two,2195,106
parent_two,2195,413
parent_two,2195,956
parent_two,2196,182
parent_two,2197,340
parent_two,2198,372
parent_two,2199,358
parent_two,2203,101
parent_two,2203,133
parent_two,2203,155
parent_two,2203,254
parent_two,2203,389
parent_two,2206,114
parent_two,2208,210
parent_two,2208,370
parent_two,2210,974
parent_two,2211,807
parent_two,2212,510
parent_two,2213,275
parent_two,2213,440
parent_two,2214,568
parent_two,2215,374
parent_two,2219,795
parent_two,2220,142
parent_two,2220,189
parent_two,2220,374
parent_two,2225,150
parent_two,2228,237
parent_two,2229,406
parent_two,2233,359
parent_two,2233,652
parent_two,2234,471
parent_two,2237,924
parent_two,2238,120
parent_two,2238,239
parent_two,2239,229
parent_two,2241,807
parent_two,2243,346
parent_two,2244,119
parent_two,2244,223
parent_two,2244,313
parent_two,2245,565
parent_two,2245,688
parent_two,2246,275
parent_two,2248,508
parent_two,2249,217
parent_two,2249,434
parent_two,2250,136
parent_two,2250,325
parent_two,2253,141
parent_two,2253,374
parent_two,2255,620
parent_two,2256,336
parent_two,2256,629
parent_two,2257,235
parent_two,2258,684
parent_two,2259,562
parent_two,2259,616
parent_two,2262,753
parent_two,2263,204
parent_two,2265,129
parent_two,2265,473
parent_two,2266,605
parent_two,2266,874
parent_two,2267,175
parent_two,2267,667
parent_two,2267,1000
parent_two,2269,612
parent_two,2269,954
parent_two,2271,528
parent_two,2272,106
parent_two,2272,122
parent_two,2272,147
parent_two,2275,294
parent_two,2275,353
parent_two,2275,414
parent_two,2280,445
parent_two,2282,761
parent_two,2284,218
parent_two,2284,784
parent_two,2285,183
parent_two,2285,738
parent_two,2286,402
parent_two,2287,242
parent_two,2289,120
parent_two,2290,606
parent_two,2293,547
parent_two,2293,577
parent_two,2295,249
parent_two,2295,918
parent_two,2296,120
parent_two,2297,152
parent_two,2300,184
parent_two,2300,318
parent_two,2301,125
parent_two,2302,345
parent_two,2302,589
parent_two,2302,756
parent_two,2305,400
parent_two,2306,266
parent_two,2307,230
parent_two,2307,657
parent_two,2309,397
parent_two,2311,825
parent_two,2313,251
parent_two,2313,534
parent_two,2314,192
parent_two,2314,282
parent_two,2314,382
parent_two,2314,715
parent_two,2315,266
parent_two,2316,715
parent_two,2317,254
parent_two,2318,675
parent_two,2319,257
parent_two,2320,217
parent_two,2321,211
parent_two,2321,650
parent_two,2322,437
parent_two,2324,647
parent_two,2325,109
parent_two,2325,303
parent_two,2325,620
parent_two,2329,165
parent_two,2333,147
parent_two,2334,430
parent_two,2335,357
parent_two,2337,877
parent_two,2338,111
parent_two,2338,224
parent_two,2338,229
parent_two,2339,264
parent_two,2341,745
parent_two,2344,140
parent_two,2344,217
parent_two,2344,562
parent_two,2345,761
parent_two,2346,664
parent_two,2347,271
parent_two,2347,552
parent_two,2347,811
parent_two,2349,168
parent_two,2349,461
parent_two,2352,382
parent_two,2352,629
parent_two,2353,737
parent_two,2354,384
parent_two,2354,761
parent_two,2355,821
parent_two,2356,749
parent_two,2358,213
parent_two,2358,816
parent_two,2359,690
parent_two,2360,105
parent_two,2360,225
parent_two,2361,266
parent_two,2364,230
parent_two,2367,160
parent_two,2369,163
parent_two,2370,154
parent_two,2370,200
parent_two,2371,173
parent_two,2371,251
parent_two,2371,617
parent_two,2372,407
parent_two,2374,932
parent_two,2375,306
parent_two,2376,101
parent_two,2377,729
parent_two,2378,108
parent_two,2384,125
parent_two,2384,135
parent_two,2384,368
parent_two,2385,101
parent_two,2386,143
parent_two,2386,252
parent_two,2386,489
parent_two,2389,393
parent_two,2390,274
parent_two,2390,442
parent_two,2390,634
parent_two,2392,243
parent_two,2392,651
parent_two,2393,760
parent_two,2394,170
parent_two,2394,349
parent_two,2395,265
parent_two,2399,327
parent_two,2399,363
parent_two,2402,565
parent_two,2407,456
parent_two,2408,108
parent_two,2408,184
parent_two,2409,604
parent_two,2410,239
parent_two,2411,124
parent_two,2413,325
parent_two,2414,795
parent_two,2416,176
parent_two,2416,693
parent_two,2417,598
parent_two,2418,154
parent_two,2419,662
parent_two,2420,820
parent_two,2421,161
parent_two,2422,140
parent_two,2430,350
parent_two,2431,216
parent_two,2432,719
parent_two,2434,198
parent_two,2434,228
parent_two,2434,288
parent_two,2436,344
parent_two,2437,542
parent_two,2439,210
parent_two,2440,794
parent_two,2442,482
parent_two,2442,664
parent_two,2443,418
parent_two,2445,107
parent_two,2445,382
parent_two,2447,139
parent_two,2448,144
parent_two,2448,331
parent_two,2449,129
parent_two,2449,188
parent_two,2450,114
parent_two,2451,196
parent_two,2454,288
parent_two,2458,145
parent_two,2460,118
parent_two,2460,363
parent_two,2461,351
parent_two,2462,365
parent_two,2462,487
parent_two,2462,632
parent_two,2463,263
parent_two,2463,949
parent_two,2464,153
parent_two,2464,168
parent_two,2465,521
parent_two,2467,118
parent_two,2467,257
parent_two,2467,482
parent_two,2470,236
parent_two,2471,116
parent_two,2471,227
parent_two,2471,864
parent_two,2476,514
parent_two,2477,105
parent_two,2478,167
parent_two,2478,672
parent_two,2479,307
parent_two,2481,114
parent_two,2483,983
parent_two,2486,436
parent_two,2488,174
parent_two,2489,682
parent_two,2491,109
parent_two,2494,412
parent_two,2494,501
parent_two,2496,923
parent_two,2497,241
parent_two,2497,637
parent_two,2499,729
parent_two,2502,512
parent_two,2504,134
parent_two,2505,342
parent_two,2506,182
parent_two,2507,602
parent_two,2510,344
parent_two,2510,660
parent_two,2511,291
parent_two,2513,247
parent_two,2516,133
parent_two,2518,101
parent_two,2518,416
parent_two,2520,438
parent_two,2521,733
parent_two,2524,138
parent_two,2524,173
parent_two,2524,257
parent_two,2525,150
parent_two,2526,649
parent_two,2528,268
parent_two,2528,396
parent_two,2530,168
parent_two,2530,232
parent_two,2535,251
parent_two,2535,821
parent_two,2536,318
parent_two,2541,405
parent_two,2541,515
parent_two,2542,107
parent_two,2543,174
parent_two,2547,838
parent_two,2547,900
parent_two,2551,147
parent_two,2551,260
parent_two,2551,464
parent_two,2551,841
parent_two,2554,286
parent_two,2556,200
parent_two,2557,862
parent_two,2558,109
parent_two,2559,679
parent_two,2561,106
parent_two,2561,470
parent_two,2561,507
parent_two,2561,662
parent_two,2561,967
parent_two,2562,162
parent_two,2565,164
parent_two,2566,168
parent_two,2568,194
parent_two,2568,252
parent_two,2570,291
parent_two,2574,115
parent_two,2574,851
parent_two,2578,114
parent_two,2578,435
parent_two,2580,145
parent_two,2580,671
parent_two,2580,730
parent_two,2582,309
parent_two,2582,498
parent_two,2587,404
parent_two,2588,174
parent_two,2589,539
parent_two,2594,551
parent_two,2595,648
parent_two,2598,119
parent_two,2599,153
parent_two,2599,157
parent_two,2599,506
parent_two,2601,133
parent_two,2601,592
parent_two,2602,612
parent_two,2605,444
parent_two,2606,820
parent_two,2610,599
parent_two,2610,866
parent_two,2611,118
parent_two,2612,255
parent_two,2614,185
parent_two,2617,415
parent_two,2617,757
parent_two,2620,236
parent_two,2621,325
parent_two,2621,860
parent_two,2621,886
parent_two,2625,135
parent_two,2625,154
parent_two,2627,315
parent_two,2628,179
parent_two,2628,500
parent_two,2628,801
parent_two,2629,105
parent_two,2630,259
parent_two,2631,247
parent_two,2633,598
parent_two,2633,619
parent_two,2636,849
parent_two,2637,122
parent_two,2638,174
parent_two,2638,177
parent_two,2638,182
parent_two,2639,284
parent_two,2640,235
parent_two,2641,645
parent_two,2646,103
parent_two,2648,240
parent_two,2649,322
parent_two,2650,228
parent_two,2650,364
parent_two,2651,273
parent_two,2654,169
parent_two,2654,242
parent_two,2654,395
parent_two,2655,359
parent_two,2657,886
parent_two,2659,268
parent_two,2659,459
parent_two,2661,154
parent_two,2663,366
parent_two,2665,429
parent_two,2666,543
parent_two,2667,148
parent_two,2668,111
parent_two,2669,412
parent_two,2670,124
parent_two,2673,401
parent_two,2673,562
parent_two,2673,812
parent_two,2675,137
parent_two,2675,311
parent_two,2676,260
parent_two,2677,117
parent_two,2681,207
parent_two,2682,151
parent_two,2684,258
parent_two,2685,724
parent_two,2687,120
parent_two,2688,270
parent_two,2692,700
parent_two,2692,937
parent_two,2695,548
parent_two,2698,235
parent_two,2700,915
parent_two,2705,467
parent_two,2706,275
parent_two,2706,468
parent_two,2707,252
parent_two,2714,310
parent_two,2715,124
parent_two,2716,140
parent_two,2716,211
parent_two,2721,398
parent_two,2722,843
parent_two,2723,104
parent_two,2726,246
parent_two,2728,191
parent_two,2729,973
parent_two,2730,145
parent_two,2730,284
parent_two,2730,873
parent_two,2732,311
parent_two,2733,150
parent_two,2733,163
parent_two,2734,163
parent_two,2735,798
parent_two,2736,198
parent_two,2736,200
parent_two,2736,257
parent_two,2740,270
parent_two,2740,291
parent_two,2740,417
parent_two,2741,418
parent_two,2741,991
parent_two,2742,512
parent_two,2743,418
parent_two,2744,137
parent_two,2745,257
parent_two,2746,712
parent_two,2747,975
parent_two,2751,185
parent_two,2754,979
parent_two,2755,151
parent_two,2755,161
parent_two,2756,718
parent_two,2757,932
parent_two,2758,501
parent_two,2758,898
parent_two,2761,241
parent_two,2761,692
parent_two,2761,922
parent_two,2762,174
parent_two,2762,483
parent_two,2763,632
parent_two,2766,225
parent_two,2768,120
parent_two,2768,377
parent_two,2769,112
parent_two,2769,212
parent_two,2771,156
parent_two,2771,183
parent_two,2771,855
parent_two,2772,762
parent_two,2773,194
parent_two,2778,269
parent_two,2780,109
parent_two,2780,126
parent_two,2782,167
parent_two,2784,683
parent_two,2785,139
parent_two,2786,332
parent_two,2787,101
parent_two,2788,230
parent_two,2789,234
parent_two,2789,656
parent_two,2792,634
parent_two,2795,104
parent_two,2796,190
parent_two,2798,527
parent_two,2800,134
parent_two,2805,117
parent_two,2805,408
parent_two,2806,893
parent_two,2807,115
parent_two,2807,830
parent_two,2808,310
parent_two,2808,676
parent_two,2809,142
parent_two,2809,671
parent_two,2811,928
parent_two,2812,122
parent_two,2812,142
parent_two,2812,171
parent_two,2813,156
parent_two,2813,244
parent_two,2814,302
parent_two,2815,121
parent_two,2818,109
parent_two,2818,322
parent_two,2819,390
parent_two,2821,124
parent_two,2822,105
parent_two,2823,119
parent_two,2825,402
parent_two,2826,248
parent_two,2826,350
parent_two,2828,182
parent_two,2829,678
parent_two,2829,740
parent_two,2830,340
parent_two,2834,284
parent_two,2835,316
parent_two,2835,416
parent_two,2838,497
parent_two,2839,154
parent_two,2839,171
parent_two,2841,495
parent_two,2842,201
parent_two,2842,772
parent_two,2842,798
parent_two,2843,990
parent_two,2844,114
parent_two,2844,170
parent_two,2844,204
parent_two,2844,718
parent_two,2844,931
parent_two,2846,351
parent_two,2846,573
parent_two,2847,117
parent_two,2847,209
parent_two,2848,137
parent_two,2849,223
parent_two,2850,133
parent_two,2853,382
parent_two,2855,104
parent_two,2857,312
parent_two,2858,123
parent_two,2859,131
parent_two,2859,148
parent_two,2859,770
parent_two,2859,934
parent_two,2860,566
parent_two,2861,773
parent_two,2862,128
parent_two,2862,129
parent_two,2864,143
parent_two,2864,399
parent_two,2865,150
parent_two,2866,127
parent_two,2866,397
parent_two,2866,579
parent_two,2867,247
parent_two,2867,562
parent_two,2868,118
parent_two,2870,368
parent_two,2870,465
parent_two,2870,841
parent_two,2872,243
parent_two,2875,157
parent_two,2875,211
parent_two,2876,435
parent_two,2879,318
parent_two,2879,519
parent_two,2880,689
parent_two,2880,712
parent_two,2882,199
parent_two,2885,571
parent_two,2888,159
parent_two,2893,171
parent_two,2895,306
parent_two,2895,720
parent_two,2896,245
parent_two,2902,127
parent_two,2903,266
parent_two,2904,301
parent_two,2905,150
parent_two,2906,310
parent_two,2909,572
parent_two,2910,321
parent_two,2910,987
parent_two,2911,668
parent_two,2913,168
parent_two,2916,870
parent_two,2917,681
parent_two,2919,615
parent_two,2919,713
parent_two,2923,879
parent_two,2924,379
parent_two,2926,142
parent_two,2926,767
parent_two,2927,301
parent_two,2933,378
parent_two,2934,223
parent_two,2935,159
parent_two,2935,892
parent_two,2938,233
parent_two,2938,601
parent_two,2939,526
parent_two,2942,484
parent_two,2942,572
parent_two,2944,114
parent_two,2944,514
parent_two,2946,582
parent_two,2946,637
parent_two,2947,640
parent_two,2948,107
parent_two,2948,213
parent_two,2949,131
parent_two,2951,284
parent_two,2954,485
parent_two,2957,456
parent_two,2958,178
parent_two,2958,277
parent_two,2958,554
parent_two,2958,644
parent_two,2960,267
parent_two,2960,273
parent_two,2962,213
parent_two,2963,976
parent_two,2965,263
parent_two,2966,530
parent_two,2968,277
parent_two,2969,147
parent_two,2971,748
parent_two,2972,204
parent_two,2972,509
parent_two,2973,240
parent_two,2973,270
parent_two,2974,141
parent_two,2975,757
parent_two,2977,157
parent_two,2978,251
parent_two,2979,288
parent_two,2980,640
parent_two,2980,871
parent_two,2982,343
parent_two,2983,159
parent_two,2983,822
parent_two,2985,266
parent_two,2988,120
parent_two,2990,150
parent_two,2990,184
parent_two,2992,127
parent_two,2992,319
parent_two,2994,131
parent_two,2994,182
parent_two,2994,550
parent_two,2997,121
parent_two,3002,212
parent_two,3002,363
parent_two,3002,390
parent_two,3003,148
parent_two,3003,578
parent_two,3008,114
parent_two,3008,177
parent_two,3009,160
parent_two,3010,112
parent_two,3010,213
parent_two,3012,861
parent_two,3013,433
parent_two,3014,226
parent_two,3015,144
parent_two,3015,166
parent_two,3021,795
parent_two,3022,510
parent_two,3023,174
parent_two,3023,714
parent_two,3024,622
parent_two,3024,698
parent_two,3025,997
parent_two,3026,310
parent_two,3027,131
parent_two,3031,140
parent_two,3032,140
parent_two,3032,363
parent_two,3032,444
parent_two,3033,168
parent_two,3034,135
parent_two,3034,576
parent_two,3034,781
parent_two,3034,938
parent_two,3035,111
parent_two,3037,168
parent_two,3038,248
parent_two,3039,137
parent_two,3041,912
parent_two,3045,703
parent_two,3047,801
parent_two,3048,291
parent_two,3048,298
parent_two,3048,469
parent_two,3049,866
parent_two,3050,462
parent_two,3050,995
parent_two,3051,378
parent_two,3054,282
parent_two,3056,162
parent_two,3057,186
parent_two,3057,268
parent_two,3058,534
parent_two,3059,102
parent_two,3059,143
parent_two,3059,857
parent_two,3060,153
parent_two,3064,337
parent_two,3064,419
parent_two,3064,686
parent_two,3064,716
parent_two,3065,178
parent_two,3066,147
parent_two,3066,419
parent_two,3066,958
parent_two,3067,160
parent_two,3068,588
parent_two,3069,763
parent_two,3070,240
parent_two,3071,158
parent_two,3072,216
parent_two,3072,402
parent_two,3074,135
parent_two,3074,663
parent_two,3077,848
parent_two,3078,367
parent_two,3079,221
parent_two,3080,878
parent_two,3081,111
parent_two,3083,554
parent_two,3084,151
parent_two,3087,325
parent_two,3088,247
parent_two,3089,548
parent_two,3089,584
parent_two,3091,101
parent_two,3094,122
parent_two,3094,438
parent_two,3096,416
parent_two,3098,311
parent_two,3098,704
parent_two,3100,156
parent_two,3100,668
parent_two,3100,889
parent_two,3103,440
parent_two,3105,409
parent_two,3106,103
parent_two,3108,108
parent_two,3109,226
parent_two,3111,171
parent_two,3111,352
parent_two,3113,361
parent_two,3117,505
parent_two,3117,758
parent_two,3118,185
parent_two,3119,785
parent_two,3120,583
parent_two,3123,480
parent_two,3123,597
parent_two,3124,348
parent_two,3126,306
parent_two,3126,355
parent_two,3130,113
parent_two,3131,204
parent_two,3134,350
parent_two,3135,585
parent_two,3136,303
parent_two,3139,256
parent_two,3141,562
parent_two,3141,789
parent_two,3142,424
parent_two,3143,733
parent_two,3143,987
parent_two,3145,137
parent_two,3145,280
parent_two,3146,117
parent_two,3147,726
parent_two,3148,261
parent_two,3150,139
parent_two,3152,435
parent_two,3153,581
parent_two,3156,141
parent_two,3157,146
parent_two,3157,178
parent_two,3157,350
parent_two,3160,402
parent_two,3164,302
parent_two,3167,278
parent_two,3168,138
parent_two,3169,202
parent_two,3170,381
parent_two,3170,746
parent_two,3171,470
parent_two,3171,541
parent_two,3172,114
parent_two,3173,553
parent_two,3174,482
parent_two,3174,969
parent_two,3178,385
parent_two,3178,515
parent_two,3178,665
parent_two,3180,130
parent_two,3180,190
parent_two,3181,583
parent_two,3185,858
parent_two,3187,159
parent_two,3187,327
parent_two,3187,533
parent_two,3188,613
parent_two,3192,179
parent_two,3192,193
parent_two,3196,104
parent_two,3196,787
parent_two,3197,274
parent_two,3197,583
parent_two,3197,758
parent_two,3198,211
parent_two,3202,751
parent_two,3205,134
parent_two,3205,381
parent_two,3206,853
parent_two,3208,540
parent_two,3210,188
parent_two,3210,286
parent_two,3210,455
parent_two,3213,216
parent_two,3214,695
parent_two,3215,223
parent_two,3217,870
parent_two,3221,133
parent_two,3222,917
parent_two,3223,398
parent_two,3223,936
parent_two,3225,156
parent_two,3225,238
parent_two,3226,183
parent_two,3227,375
parent_two,3228,111
parent_two,3232,138
parent_two,3233,309
parent_two,3234,719
parent_two,3234,953
parent_two,3235,804
parent_two,3238,108
parent_two,3239,117
parent_two,3240,142
parent_two,3240,678
parent_two,3241,469
parent_two,3241,562
parent_two,3242,239
parent_two,3242,300
parent_two,3244,366
parent_two,3245,218
parent_two,3248,198
parent_two,3250,224
parent_two,3250,708
parent_two,3251,836
parent_two,3252,895
parent_two,3256,335
parent_two,3257,137
parent_two,3257,324
parent_two,3257,861
parent_two,3258,414
parent_two,3258,815
parent_two,3260,347
parent_two,3262,299
parent_two,3262,637
parent_two,3268,221
parent_two,3268,254
parent_two,3269,201
parent_two,3269,736
parent_two,3270,395
parent_two,3272,137
parent_two,3272,211
parent_two,3272,712
parent_two,3275,462
parent_two,3276,194
parent_two,3276,528
parent_two,3276,806
parent_two,3277,169
parent_two,3277,186
parent_two,3277,206
parent_two,3279,290
parent_two,3281,562
parent_two,3281,801
parent_two,3282,658
parent_two,3283,191
parent_two,3283,245
parent_two,3286,231
parent_two,3287,204
parent_two,3288,326
parent_two,3289,300
parent_two,3295,217
parent_two,3295,587
parent_two,3297,179
parent_two,3299,262
parent_two,3299,325
parent_two,3299,480
parent_two,3300,174
parent_two,3300,287
parent_two,3302,163
parent_two,3308,105
parent_two,3311,361
parent_two,3313,113
parent_two,3313,433
parent_two,3314,320
parent_two,3314,641
parent_two,3314,828
parent_two,3315,148
parent_two,3315,288
parent_two,3319,132
parent_two,3319,146
parent_two,3320,419
parent_two,3321,211
parent_two,3321,541
parent_two,3324,172
parent_two,3324,929
parent_two,3325,113
parent_two,3325,426
parent_two,3327,192
parent_two,3327,603
parent_two,3329,160
parent_two,3329,234
parent_two,3333,134
parent_two,3335,344
parent_two,3335,411
parent_two,3335,595
parent_two,3339,142
parent_two,3339,411
parent_two,3339,570
parent_two,3341,106
parent_two,3341,148
parent_two,3341,176
parent_two,3344,200
parent_two,3344,277
parent_two,3345,146
parent_two,3346,171
parent_two,3346,187
parent_two,3346,356
parent_two,3350,836
parent_two,3351,767
parent_two,3352,294
parent_two,3353,842
parent_two,3354,109
parent_two,3354,861
parent_two,3354,895
parent_two,3356,448
parent_two,3361,753
parent_two,3361,790
parent_two,3363,156
parent_two,3365,105
parent_two,3365,147
parent_two,3365,237
parent_two,3365,337
parent_two,3366,981
parent_two,3367,355
parent_two,3368,166
parent_two,3368,475
parent_two,3370,144
parent_two,3370,206
parent_two,3370,296
parent_two,3370,828
parent_two,3371,110
parent_two,3371,163
parent_two,3371,580
parent_two,3372,629
parent_two,3375,710
parent_two,3376,166
parent_two,3378,644
parent_two,3380,890
parent_two,3385,406
parent_two,3388,419
parent_two,3390,173
parent_two,3390,283
parent_two,3391,246
parent_two,3391,398
parent_two,3392,151
parent_two,3392,777
parent_two,3393,464
parent_two,3394,204
parent_two,3394,627
parent_two,3396,244
parent_two,3396,984
parent_two,3397,389
parent_two,3398,402
parent_two,3399,118
parent_two,3400,210
parent_two,3400,303
parent_two,3400,967
parent_two,3401,160
parent_two,3406,426
parent_two,3407,136
parent_two,3415,902
parent_two,3416,600
parent_two,3416,605
parent_two,3420,220
parent_two,3421,118
parent_two,3421,388
parent_two,3422,439
parent_two,3423,166
parent_two,3423,549
parent_two,3426,864
parent_two,3427,406
parent_two,3428,897
parent_two,3429,115
parent_two,3430,196
parent_two,3430,719
parent_two,3432,336
parent_two,3432,591
parent_two,3433,129
parent_two,3433,154
parent_two,3435,807
parent_two,3436,243
parent_two,3436,646
parent_two,3437,256
parent_two,3438,295
parent_two,3440,121
parent_two,3445,753
parent_two,3446,119
parent_two,3447,129
parent_two,3447,225
parent_two,3448,117
parent_two,3448,128
parent_two,3448,337
parent_two,3449,165
parent_two,3450,111
parent_two,3450,415
parent_two,3450,711
parent_two,3450,759
parent_two,3451,118
parent_two,3452,109
parent_two,3452,993
parent_two,3453,562
parent_two,3454,885
parent_two,3455,155
parent_two,3455,256
parent_two,3457,119
parent_two,3457,134
parent_two,3457,682
parent_two,3458,174
parent_two,3458,418
parent_two,3458,681
parent_two,3460,126
parent_two,3460,374
parent_two,3460,946
parent_two,3461,160
parent_two,3461,677
parent_two,3462,153
parent_two,3462,724
parent_two,3463,226
parent_two,3464,138
parent_two,3464,232
parent_two,3465,207
parent_two,3466,655
parent_two,3467,243
parent_two,3467,915
parent_two,3468,334
parent_two,3469,265
parent_two,3470,233
parent_two,3470,392
parent_two,3470,403
parent_two,3471,116
parent_two,3472,212
parent_two,3472,515
parent_two,3473,116
parent_two,3476,134
parent_two,3476,423
parent_two,3478,108
parent_two,3478,948
parent_two,3480,198
parent_two,3482,942
parent_two,3483,227
parent_two,3484,150
parent_two,3484,941
parent_two,3485,832
parent_two,3485,941
parent_two,3486,101
parent_two,3491,693
parent_two,3491,882
parent_two,3493,375
parent_two,3495,253
parent_two,3496,307
parent_two,3497,309
parent_two,3498,128
parent_two,3498,181
parent_two,3498,288
parent_two,3503,245
parent_two,3507,259
parent_two,3507,660
parent_two,3507,974
parent_two,3508,102
parent_two,3508,107
parent_two,3508,165
parent_two,3508,708
parent_two,3512,153
parent_two,3512,171
parent_two,3513,127
parent_two,3515,528
parent_two,3518,102
parent_two,3520,248
parent_two,3520,358
parent_two,3520,861
parent_two,3521,939
parent_two,3524,702
parent_two,3526,170
parent_two,3526,764
parent_two,3527,710
parent_two,3530,263
parent_two,3530,302
parent_two,3537,318
parent_two,3539,703
parent_two,3539,857
parent_two,3540,524
parent_two,3542,213
parent_two,3542,306
parent_two,3543,196
parent_two,3544,122
parent_two,3544,190
parent_two,3544,256
parent_two,3544,875
parent_two,3548,108
parent_two,3548,286
parent_two,3550,245
parent_two,3550,359
parent_two,3551,597
parent_two,3552,275
parent_two,3554,102
parent_two,3554,144
parent_two,3554,594
parent_two,3554,746
parent_two,3554,911
parent_two,3556,144
parent_two,3557,325
parent_two,3558,290
parent_two,3558,367
parent_two,3559,173
parent_two,3561,379
parent_two,3563,157
parent_two,3564,184
parent_two,3567,106
parent_two,3568,652
parent_two,3572,147
parent_two,3574,610
parent_two,3577,101
parent_two,3577,643
parent_two,3578,451
parent_two,3579,568
parent_two,3580,335
parent_two,3581,337
parent_two,3581,977
parent_two,3582,336
parent_two,3585,779
parent_two,3586,214
parent_two,3588,342
parent_two,3588,722
parent_two,3589,550
parent_two,3590,526
parent_two,3591,467
parent_two,3591,569
parent_two,3596,477
parent_two,3597,994
parent_two,3599,104
parent_two,3599,459
parent_two,3599,771
parent_two,3600,282
parent_two,3601,104
parent_two,3602,311
parent_two,3602,443
parent_two,3602,565
parent_two,3603,130
parent_two,3603,183
parent_two,3605,124
parent_two,3605,139
parent_two,3605,554
parent_two,3611,410
parent_two,3612,888
parent_two,3613,954
parent_two,3615,107
parent_two,3615,186
parent_two,3616,179
parent_two,3616,821
parent_two,3617,109
parent_two,3621,206
parent_two,3621,602
parent_two,3625,395
parent_two,3626,403
parent_two,3626,754
parent_two,3627,671
parent_two,3627,855
parent_two,3628,739
parent_two,3629,520
parent_two,3630,461
parent_two,3630,481
parent_two,3631,862
parent_two,3635,104
parent_two,3635,712
parent_two,3638,677
parent_two,3638,922
parent_two,3640,144
parent_two,3641,118
parent_two,3641,227
parent_two,3641,276
parent_two,3642,113
parent_two,3643,487
parent_two,3643,572
parent_two,3644,102
parent_two,3644,955
parent_two,3645,344
parent_two,3646,145
parent_two,3646,497
parent_two,3649,158
parent_two,3650,141
parent_two,3656,374
parent_two,3663,236
parent_two,3665,231
parent_two,3669,131
parent_two,3671,205
parent_two,3671,566
parent_two,3673,348
parent_two,3674,446
parent_two,3676,119
parent_two,3677,132
parent_two,3678,187
parent_two,3678,311
parent_two,3679,116
parent_two,3680,163
parent_two,3680,573
parent_two,3681,620
parent_two,3682,233
parent_two,3683,114
parent_two,3683,185
parent_two,3683,435
parent_two,3684,686
parent_two,3687,394
parent_two,3688,174
parent_two,3690,284
parent_two,3690,579
parent_two,3691,298
parent_two,3692,329
parent_two,3695,164
parent_two,3695,516
parent_two,3696,155
parent_two,3696,371
parent_two,3698,161
parent_two,3698,196
parent_two,3700,534
parent_two,3700,557
parent_two,3701,319
parent_two,3702,653
parent_two,3704,362
parent_two,3704,566
parent_two,3704,797
parent_two,3704,982
parent_two,3706,407
parent_two,3709,655
parent_two,3710,742
parent_two,3711,119
parent_two,3711,845
parent_two,3712,321
parent_two,3713,425
parent_two,3716,117
parent_two,3716,784
parent_two,3717,145
parent_two,3718,412
parent_two,3719,132
parent_two,3719,726
parent_two,3721,665
parent_two,3722,188
parent_two,3722,267
parent_two,3723,306
parent_two,3723,341
parent_two,3724,999
parent_two,3725,126
parent_two,3725,490
parent_two,3726,492
parent_two,3728,391
parent_two,3729,136
parent_two,3730,138
parent_two,3731,241
parent_two,3731,450
parent_two,3731,508
parent_two,3732,119
parent_two,3732,125
parent_two,3733,358
parent_two,3734,519
parent_two,3735,903
parent_two,3738,121
parent_two,3738,660
parent_two,3739,693
parent_two,3740,169
parent_two,3740,178
parent_two,3743,130
parent_two,3743,398
parent_two,3746,801
parent_two,3747,129
parent_two,3748,156
parent_two,3755,317
parent_two,3755,876
parent_two,3756,316
parent_two,3756,653
parent_two,3757,160
parent_two,3758,140
parent_two,3758,213
parent_two,3758,858
parent_two,3759,561
parent_two,3759,801
parent_two,3760,409
parent_two,3767,695
parent_two,3769,109
parent_two,3769,215
parent_two,3769,892
parent_two,3771,142
parent_two,3778,401
parent_two,3779,220
parent_two,3780,609
parent_two,3781,414
parent_two,3783,130
parent_two,3783,281
parent_two,3783,534
parent_two,3784,469
parent_two,3788,299
parent_two,3788,379
parent_two,3790,266
parent_two,3790,444
parent_two,3791,300
parent_two,3792,105
parent_two,3792,465
parent_two,3792,983
parent_two,3794,504
parent_two,3796,162
parent_two,3797,116
parent_two,3798,479
parent_two,3799,315
parent_two,3799,916
parent_two,3800,392
parent_two,3801,681
parent_two,3802,217
parent_two,3804,497
parent_two,3805,374
parent_two,3807,670
parent_two,3814,631
parent_two,3815,115
parent_two,3816,318
parent_two,3816,984
parent_two,3819,253
parent_two,3819,776
parent_two,3820,210
parent_two,3821,320
parent_two,3821,954
parent_two,3826,295
parent_two,3826,313
parent_two,3828,701
parent_two,3829,110
parent_two,3829,111
parent_two,3829,596
parent_two,3832,151
parent_two,3832,664
parent_two,3833,231
parent_two,3836,236
parent_two,3836,489
parent_two,3836,626
parent_two,3842,240
parent_two,3848,227
parent_two,3849,102
parent_two,3850,105
parent_two,3851,120
parent_two,3856,166
parent_two,3858,348
parent_two,3859,287
parent_two,3861,107
parent_two,3861,145
parent_two,3863,323
parent_two,3864,128
parent_two,3864,129
parent_two,3864,551
parent_two,3865,109
parent_two,3865,256
parent_two,3867,361
parent_two,3869,329
parent_two,3870,290
parent_two,3870,526
parent_two,3870,793
parent_two,3872,145
parent_two,3872,187
parent_two,3873,128
parent_two,3873,847
parent_two,3874,145
parent_two,3875,654
parent_two,3876,123
parent_two,3876,949
parent_two,3877,190
parent_two,3877,239
parent_two,3877,241
parent_two,3878,613
parent_two,3879,791
parent_two,3881,420
parent_two,3882,973
parent_two,3883,553
parent_two,3886,143
parent_two,3887,296
parent_two,3888,170
parent_two,3890,111
parent_two,3890,253
parent_two,3890,261
parent_two,3892,256
parent_two,3892,488
parent_two,3893,106
parent_two,3893,352
parent_two,3894,307
parent_two,3894,492
parent_two,3895,645
parent_two,3895,761
parent_two,3896,251
parent_two,3896,322
parent_two,3898,145
parent_two,3898,236
parent_two,3900,168
parent_two,3900,581
parent_two,3902,137
parent_two,3903,155
parent_two,3903,266
parent_two,3903,422
parent_two,3905,159
parent_two,3906,167
parent_two,3907,244
parent_two,3908,252
parent_two,3908,477
parent_two,3909,134
parent_two,3910,912
parent_two,3911,174
parent_two,3911,447
parent_two,3911,549
parent_two,3913,457
parent_two,3915,204
parent_two,3916,147
parent_two,3917,226
parent_two,3917,303
parent_two,3918,102
parent_two,3919,670
parent_two,3921,545
parent_two,3922,117
parent_two,3922,270
parent_two,3922,764
parent_two,3923,144
parent_two,3923,633
parent_two,3924,713
parent_two,3926,187
parent_two,3926,553
parent_two,3927,118
parent_two,3927,240
parent_two,3929,534
parent_two,3930,265
parent_two,3931,199
parent_two,3931,334
parent_two,3932,179
parent_two,3932,383
parent_two,3932,731
parent_two,3934,447
parent_two,3935,138
parent_two,3935,382
parent_two,3935,421
parent_two,3936,201
parent_two,3936,578
parent_two,3938,105
parent_two,3938,499
parent_two,3940,795
parent_two,3944,214
parent_two,3944,241
parent_two,3944,389
parent_two,3944,577
parent_two,3945,592
parent_two,3946,110
parent_two,3949,117
parent_two,3949,290
parent_two,3949,503
parent_two,3951,157
parent_two,3952,208
parent_two,3957,432
parent_two,3959,175
parent_two,3963,112
parent_two,3963,493
parent_two,3964,219
parent_two,3967,165
parent_two,3968,484
parent_two,3968,740
parent_two,3972,409
parent_two,3976,825
parent_two,3977,348
parent_two,3977,654
parent_two,3979,139
parent_two,3979,202
parent_two,3979,388
parent_two,3983,395
parent_two,3984,107
parent_two,3984,231
parent_two,3985,434
parent_two,3987,143
parent_two,3989,458
parent_two,3989,955
parent_two,3990,228
parent_two,3993,727
parent_two,3995,944
parent_two,3996,107
parent_two,3997,133
parent_two,3997,240
parent_two,3997,280
parent_two,3997,373
parent_two,3998,213
parent_two,3999,104
parent_two,3999,131
parent_two,4001,117
parent_two,4001,944
parent_two,4002,149
parent_two,4002,875
parent_two,4003,883
parent_two,4004,222
parent_two,4004,529
parent_two,4005,125
parent_two,4006,145
parent_two,4006,973
parent_two,4008,134
parent_two,4008,187
parent_two,4008,306
parent_two,4010,395
parent_two,4012,748
parent_two,4013,287
parent_two,4014,450
parent_two,4015,124
parent_two,4018,463
parent_two,4019,115
parent_two,4021,140
parent_two,4021,195
parent_two,4022,635
parent_two,4022,983
parent_two,4023,114
parent_two,4025,314
parent_two,4026,211
parent_two,4026,263
parent_two,4028,346
parent_two,4028,640
parent_two,4029,103
parent_two,4029,163
parent_two,4029,260
parent_two,4030,810
parent_two,4031,279
parent_two,4033,118
parent_two,4033,947
parent_two,4036,457
parent_two,4037,158
parent_two,4037,361
parent_two,4040,109
parent_two,4040,493
parent_two,4042,258
parent_two,4044,273
parent_two,4044,335
parent_two,4046,115
parent_two,4046,123
parent_two,4046,203
parent_two,4046,327
parent_two,4046,401
parent_two,4046,827
parent_two,4048,156
parent_two,4049,227
parent_two,4049,336
parent_two,4049,735
parent_two,4050,192
parent_two,4050,530
parent_two,4051,177
parent_two,4053,325
parent_two,4055,173
parent_two,4055,686
parent_two,4056,104
parent_two,4056,110
parent_two,4056,130
parent_two,4056,460
parent_two,4056,465
parent_two,4056,577
parent_two,4058,648
parent_two,4065,764
parent_two,4066,234
parent_two,4067,759
parent_two,4068,386
parent_two,4069,115
parent_two,4070,508
parent_two,4070,563
parent_two,4070,967
parent_two,4071,168
parent_two,4071,670
parent_two,4071,778
parent_two,4074,296
parent_two,4075,515
parent_two,4076,276
parent_two,4076,981
parent_two,4079,170
parent_two,4081,137
parent_two,4081,645
parent_two,4082,799
parent_two,4083,335
parent_two,4085,199
parent_two,4085,974
parent_two,4090,678
parent_two,4092,887
parent_two,4093,660
parent_two,4095,175
parent_two,4095,561
parent_two,4097,518
parent_two,4099,439
parent_two,4101,249
parent_two,4101,339
parent_two,4102,770
parent_two,4103,219
parent_two,4106,432
parent_two,4106,618
parent_two,4106,756
parent_two,4108,685
parent_two,4117,136
parent_two,4118,635
parent_two,4118,996
parent_two,4119,198
parent_two,4119,544
parent_two,4120,119
parent_two,4123,119
parent_two,4123,179
parent_two,4123,229
parent_two,4123,335
parent_two,4125,290
parent_two,4127,146
parent_two,4127,188
parent_two,4128,412
parent_two,4128,942
parent_two,4129,160
parent_two,4129,404
parent_two,4130,140
parent_two,4131,249
parent_two,4132,138
parent_two,4133,165
parent_two,4133,246
parent_two,4133,343
parent_two,4134,224
parent_two,4134,359
parent_two,4136,166
parent_two,4136,180
parent_two,4137,253
parent_two,4137,359
parent_two,4137,946
parent_two,4138,203
parent_two,4139,171
parent_two,4139,251
parent_two,4140,495
parent_two,4141,405
parent_two,4142,147
parent_two,4146,355
parent_two,4147,196
parent_two,4147,311
parent_two,4147,861
parent_two,4150,875
parent_two,4153,185
parent_two,4153,253
parent_two,4154,130
parent_two,4154,135
parent_two,4154,337
parent_two,4155,633
parent_two,4156,475
parent_two,4156,477
parent_two,4156,770
parent_two,4158,901
parent_two,4160,258
parent_two,4161,284
parent_two,4162,498
parent_two,4163,514
parent_two,4163,542
parent_two,4164,221
parent_two,4165,373
parent_two,4168,113
parent_two,4168,203
parent_two,4168,348
parent_two,4169,104
parent_two,4169,156
parent_two,4169,256
parent_two,4170,120
parent_two,4170,201
parent_two,4171,184
parent_two,4171,725
parent_two,4175,287
parent_two,4175,865
parent_two,4177,898
parent_two,4177,947
parent_two,4178,192
parent_two,4183,137
parent_two,4185,475
parent_two,4185,546
parent_two,4188,312
parent_two,4189,389
parent_two,4191,267
parent_two,4192,309
parent_two,4194,628
parent_two,4194,693
parent_two,4200,190
parent_two,4201,140
parent_two,4202,404
parent_two,4203,135
parent_two,4203,155
parent_two,4204,722
parent_two,4205,590
parent_two,4206,990
parent_two,4209,566
parent_two,4210,476
parent_two,4213,172
parent_two,4216,131
parent_two,4216,142
parent_two,4217,120
parent_two,4217,215
parent_two,4217,552
parent_two,4219,426
parent_two,4219,767
parent_two,4222,145
parent_two,4222,347
parent_two,4223,503
parent_two,4224,131
parent_two,4224,156
parent_two,4225,212
parent_two,4226,412
parent_two,4229,235
parent_two,4229,288
parent_two,4229,742
parent_two,4230,215
parent_two,4233,145
parent_two,4233,298
parent_two,4233,619
parent_two,4235,531
parent_two,4236,302
parent_two,4237,134
parent_two,4237,301
parent_two,4237,695
parent_two,4238,625
parent_two,4239,478
parent_two,4240,115
parent_two,4241,132
parent_two,4241,856
parent_two,4242,259
parent_two,4248,192
parent_two,4248,581
parent_two,4249,133
parent_two,4249,337
parent_two,4250,296
parent_two,4254,306
parent_two,4254,889
parent_two,4255,262
parent_two,4259,794
parent_two,4264,252
parent_two,4264,489
parent_two,4266,158
parent_two,4266,382
parent_two,4266,793
parent_two,4266,820
parent_two,4267,268
parent_two,4267,569
parent_two,4268,105
parent_two,4269,262
parent_two,4272,288
parent_two,4272,755
parent_two,4273,146
parent_two,4274,202
parent_two,4274,759
parent_two,4275,150
parent_two,4275,820
parent_two,4278,308
parent_two,4282,158
parent_two,4283,150
parent_two,4283,312
parent_two,4288,641
parent_two,4289,545
parent_two,4291,833
parent_two,4292,443
parent_two,4292,477
parent_two,4294,437
parent_two,4295,252
parent_two,4296,241
parent_two,4296,411
parent_two,4297,168
parent_two,4297,232
parent_two,4297,503
parent_two,4297,801
parent_two,4298,184
parent_two,4299,165
parent_two,4300,125
parent_two,4302,815
parent_two,4305,580
parent_two,4307,157
parent_two,4308,116
parent_two,4308,169
parent_two,4309,513
parent_two,4310,253
parent_two,4310,807
parent_two,4311,398
parent_two,4313,119
parent_two,4313,233
parent_two,4313,376
parent_two,4315,985
parent_two,4316,120
parent_two,4318,371
parent_two,4318,373
parent_two,4318,555
parent_two,4318,793
parent_two,4319,575
parent_two,4322,364
parent_two,4323,101
parent_two,4323,133
parent_two,4323,518
parent_two,4323,907
parent_two,4324,123
parent_two,4324,567
parent_two,4325,515
parent_two,4326,442
parent_two,4327,289
parent_two,4327,457
parent_two,4327,461
parent_two,4329,466
parent_two,4330,494
parent_two,4331,116
parent_two,4331,917
parent_two,4332,898
parent_two,4336,492
parent_two,4337,491
parent_two,4337,504
parent_two,4337,717
parent_two,4338,139
parent_two,4338,534
parent_two,4339,157
parent_two,4340,151
parent_two,4341,484
parent_two,4342,381
parent_two,4346,870
parent_two,4347,268
parent_two,4353,401
parent_two,4355,127
parent_two,4355,341
parent_two,4356,211
parent_two,4356,218
parent_two,4356,397
parent_two,4357,469
parent_two,4363,572
parent_two,4363,949
parent_two,4364,257
parent_two,4364,732
parent_two,4365,614
parent_two,4366,148
parent_two,4366,164
parent_two,4366,961
parent_two,4367,168
parent_two,4367,329
parent_two,4367,838
parent_two,4370,109
parent_two,4372,164
parent_two,4373,969
parent_two,4374,868
parent_two,4375,183
parent_two,4375,369
parent_two,4375,612
parent_two,4376,638
parent_two,4377,508
parent_two,4378,630
parent_two,4381,188
parent_two,4386,280
parent_two,4387,388
parent_two,4390,379
parent_two,4391,596
parent_two,4392,777
parent_two,4392,849
parent_two,4394,834
parent_two,4395,147
parent_two,4395,152
parent_two,4395,780
parent_two,4396,614
parent_two,4396,914
parent_two,4398,165
parent_two,4398,180
parent_two,4398,254
parent_two,4398,809
parent_two,4399,526
parent_two,4400,152
parent_two,4400,677
parent_two,4402,214
parent_two,4402,373
parent_two,4405,423
parent_two,4409,143
parent_two,4411,271
parent_two,4411,642
parent_two,4411,819
parent_two,4413,122
parent_two,4414,339
parent_two,4417,431
parent_two,4418,130
parent_two,4418,220
parent_two,4420,304
parent_two,4421,440
parent_two,4422,113
parent_two,4423,167
parent_two,4423,601
parent_two,4424,213
parent_two,4425,245
parent_two,4427,553
parent_two,4428,120
parent_two,4429,138
parent_two,4430,226
parent_two,4431,364
parent_two,4433,102
parent_two,4433,360
parent_two,4433,815
parent_two,4434,156
parent_two,4435,272
parent_two,4436,804
parent_two,4439,199
parent_two,4445,998
parent_two,4448,377
parent_two,4451,197
parent_two,4451,390
parent_two,4453,188
parent_two,4455,134
parent_two,4456,267
parent_two,4458,236
parent_two,4458,521
parent_two,4461,681
parent_two,4463,143
parent_two,4463,634
parent_two,4463,664
parent_two,4464,460
parent_two,4464,679
parent_two,4465,438
parent_two,4467,111
parent_two,4467,123
parent_two,4467,779
parent_two,4468,192
parent_two,4468,300
parent_two,4469,137
parent_two,4470,271
parent_two,4470,872
parent_two,4471,612
parent_two,4474,167
parent_two,4475,119
parent_two,4476,247
parent_two,4476,259
parent_two,4477,355
parent_two,4479,238
parent_two,4480,135
parent_two,4480,146
parent_two,4481,846
parent_two,4482,930
parent_two,4483,283
parent_two,4483,558
parent_two,4485,509
parent_two,4485,953
parent_two,4486,856
parent_two,4488,149
parent_two,4488,265
parent_two,4489,144
parent_two,4490,173
parent_two,4492,146
parent_two,4494,390
parent_two,4494,680
parent_two,4495,142
parent_two,4497,119
parent_two,4497,268
parent_two,4497,646
parent_two,4502,104
parent_two,4502,410
parent_two,4505,140
parent_two,4510,181
parent_two,4511,171
parent_two,4511,672
parent_two,4512,129
parent_two,4512,459
parent_two,4513,147
parent_two,4516,579
parent_two,4517,116
parent_two,4517,143
parent_two,4519,129
parent_two,4519,239
parent_two,4520,786
parent_two,4520,915
parent_two,4521,406
parent_two,4521,979
parent_two,4524,211
parent_two,4525,352
parent_two,4525,570
parent_two,4528,191
parent_two,4529,141
parent_two,4529,160
parent_two,4532,194
parent_two,4532,601
parent_two,4533,221
parent_two,4533,370
parent_two,4534,298
parent_two,4535,266
parent_two,4536,458
parent_two,4540,108
parent_two,4544,689
parent_two,4546,487
parent_two,4548,396
parent_two,4549,330
parent_two,4550,251
parent_two,4550,279
parent_two,4550,729
parent_two,4555,388
parent_two,4557,770
parent_two,4558,306
parent_two,4558,853
parent_two,4559,320
parent_two,4559,388
parent_two,4559,802
parent_two,4560,108
parent_two,4560,331
parent_two,4560,427
parent_two,4562,218
parent_two,4562,382
parent_two,4563,644
parent_two,4563,953
parent_two,4564,189
parent_two,4565,206
parent_two,4568,119
parent_two,4568,513
parent_two,4568,662
parent_two,4570,685
parent_two,4570,703
parent_two,4572,136
parent_two,4574,797
parent_two,4575,321
parent_two,4575,350
parent_two,4584,135
parent_two,4584,805
parent_two,4585,294
parent_two,4585,683
parent_two,4590,136
parent_two,4591,250
parent_two,4591,601
parent_two,4593,821
parent_two,4594,560
parent_two,4596,240
parent_two,4596,349
parent_two,4596,907
parent_two,4597,161
parent_two,4597,187
parent_two,4597,237
parent_two,4597,727
parent_two,4598,173
parent_two,4598,781
parent_two,4600,225
parent_two,4600,467
parent_two,4602,243
parent_two,4603,540
parent_two,4607,414
parent_two,4608,759
parent_two,4609,886
parent_two,4610,158
parent_two,4611,164
parent_two,4611,282
parent_two,4612,402
parent_two,4613,468
parent_two,4614,121
parent_two,4615,568
parent_two,4615,707
parent_two,4616,380
parent_two,4616,932
parent_two,4617,217
parent_two,4618,134
parent_two,4620,145
parent_two,4622,878
parent_two,4625,971
parent_two,4626,115
parent_two,4626,382
parent_two,4627,205
parent_two,4629,129
parent_two,4630,870
parent_two,4631,544
parent_two,4632,575
parent_two,4632,911
parent_two,4638,640
parent_two,4640,299
parent_two,4640,380
parent_two,4642,846
parent_two,4643,242
parent_two,4643,543
parent_two,4645,126
parent_two,4645,198
parent_two,4646,535
parent_two,4646,690
parent_two,4648,460
parent_two,4648,548
parent_two,4648,750
parent_two,4649,104
parent_two,4649,210
parent_two,4649,337
parent_two,4649,567
parent_two,4651,571
parent_two,4651,668
parent_two,4652,432
parent_two,4654,117
parent_two,4655,356
parent_two,4659,352
parent_two,4660,115
parent_two,4660,135
parent_two,4660,141
parent_two,4660,397
parent_two,4660,457
parent_two,4662,906
parent_two,4663,159
parent_two,4663,563
parent_two,4663,755
parent_two,4666,125
parent_two,4666,696
parent_two,4666,772
parent_two,4666,866
parent_two,4670,170
parent_two,4671,349
parent_two,4672,440
parent_two,4673,763
parent_two,4675,345
parent_two,4675,352
parent_two,4677,111
parent_two,4677,356
parent_two,4678,225
parent_two,4681,254
parent_two,4681,619
parent_two,4683,537
parent_two,4685,195
parent_two,4685,439
parent_two,4685,625
parent_two,4685,932
parent_two,4686,143
parent_two,4687,292
parent_two,4689,940
parent_two,4690,111
parent_two,4690,532
parent_two,4691,211
parent_two,4691,618
parent_two,4692,916
parent_two,4696,191
parent_two,4700,522
parent_two,4701,112
parent_two,4703,140
parent_two,4704,109
parent_two,4704,319
parent_two,4705,143
parent_two,4706,851
parent_two,4707,176
parent_two,4707,513
parent_two,4708,141
parent_two,4708,272
parent_two,4709,126
parent_two,4709,277
parent_two,4710,188
parent_two,4711,276
parent_two,4711,475
parent_two,4711,821
parent_two,4712,381
parent_two,4714,356
parent_two,4715,149
parent_two,4716,116
parent_two,4719,424
parent_two,4720,572
parent_two,4721,266
parent_two,4722,604
parent_two,4723,157
parent_two,4723,851
parent_two,4725,543
parent_two,4727,197
parent_two,4728,185
parent_two,4730,168
parent_two,4735,679
parent_two,4736,626
parent_two,4738,103
parent_two,4739,469
parent_two,4742,107
parent_two,4743,602
parent_two,4743,693
parent_two,4746,309
parent_two,4749,304
parent_two,4750,113
parent_two,4750,182
parent_two,4750,616
parent_two,4750,793
parent_two,4751,152
parent_two,4751,361
parent_two,4752,132
parent_two,4753,790
parent_two,4754,101
parent_two,4754,408
parent_two,4755,343
parent_two,4756,613
parent_two,4757,172
parent_two,4757,816
parent_two,4759,483
parent_two,4762,170
parent_two,4762,511
parent_two,4763,354
parent_two,4764,310
parent_two,4764,353
parent_two,4764,528
parent_two,4765,108
parent_two,4765,243
parent_two,4765,258
parent_two,4765,297
parent_two,4766,169
parent_two,4766,257
parent_two,4766,997
parent_two,4767,246
parent_two,4770,422
parent_two,4773,107
parent_two,4774,106
parent_two,4774,294
parent_two,4776,110
parent_two,4777,694
parent_two,4778,245
parent_two,4778,477
parent_two,4778,946
parent_two,4779,428
parent_two,4780,149
parent_two,4781,190
parent_two,4784,269
parent_two,4784,452
parent_two,4786,389
parent_two,4787,106
parent_two,4790,267
parent_two,4790,600
parent_two,4791,223
parent_two,4792,211
parent_two,4792,216
parent_two,4792,361
parent_two,4792,377
parent_two,4792,947
parent_two,4793,808
parent_two,4794,551
parent_two,4795,144
parent_two,4795,572
parent_two,4796,405
parent_two,4796,557
parent_two,4799,166
parent_two,4799,913
parent_two,4801,895
parent_two,4803,108
parent_two,4805,425
parent_two,4806,401
parent_two,4806,745
parent_two,4807,136
parent_two,4808,306
parent_two,4809,156
parent_two,4810,114
parent_two,4810,949
parent_two,4811,121
parent_two,4811,531
parent_two,4813,379
parent_two,4813,783
parent_two,4814,569
parent_two,4815,210
parent_two,4815,886
parent_two,4816,129
parent_two,4818,153
parent_two,4821,226
parent_two,4822,105
parent_two,4823,477
parent_two,4825,228
parent_two,4830,109
parent_two,4832,308
parent_two,4832,560
parent_two,4835,159
parent_two,4835,334
parent_two,4836,232
parent_two,4838,186
parent_two,4838,591
parent_two,4839,238
parent_two,4839,306
parent_two,4841,450
parent_two,4843,131
parent_two,4843,137
parent_two,4843,162
parent_two,4843,855
parent_two,4846,164
parent_two,4847,158
parent_two,4847,307
parent_two,4847,750
parent_two,4852,669
parent_two,4853,143
parent_two,4856,184
parent_two,4856,198
parent_two,4856,302
parent_two,4858,282
parent_two,4860,386
parent_two,4861,522
parent_two,4862,219
parent_two,4862,817
parent_two,4863,218
parent_two,4863,223
parent_two,4864,205
parent_two,4864,549
parent_two,4865,115
parent_two,4865,194
parent_two,4866,440
parent_two,4867,170
parent_two,4867,231
parent_two,4869,444
parent_two,4871,246
parent_two,4871,451
parent_two,4872,380
parent_two,4876,803
parent_two,4879,162
parent_two,4879,408
parent_two,4879,440
parent_two,4879,539
parent_two,4880,137
parent_two,4880,145
parent_two,4880,433
parent_two,4882,122
parent_two,4882,199
parent_two,4884,514
parent_two,4887,262
parent_two,4888,523
parent_two,4890,654
parent_two,4891,205
parent_two,4892,681
parent_two,4893,128
parent_two,4893,195
parent_two,4895,116
parent_two,4895,504
parent_two,4896,286
parent_two,4896,518
parent_two,4897,855
parent_two,4898,230
parent_two,4898,335
parent_two,4898,997
parent_two,4900,243
parent_two,4900,509
parent_two,4900,604
parent_two,4901,104
parent_two,4901,616
parent_two,4901,700
parent_two,4902,397
parent_two,4903,141
parent_two,4903,310
parent_two,4904,336
parent_two,4908,402
parent_two,4909,457
parent_two,4909,568
parent_two,4910,103
parent_two,4910,130
parent_two,4911,112
parent_two,4912,346
parent_two,4912,424
parent_two,4912,767
parent_two,4913,268
parent_two,4914,129
parent_two,4914,505
parent_two,4915,886
parent_two,4916,151
parent_two,4916,426
parent_two,4917,164
parent_two,4917,521
parent_two,4918,114
parent_two,4919,472
parent_two,4921,191
parent_two,4921,258
parent_two,4921,515
parent_two,4922,189
parent_two,4923,248
parent_two,4923,439
parent_two,4924,250
parent_two,4924,681
parent_two,4925,150
parent_two,4926,427
parent_two,4926,857
parent_two,4927,999
parent_two,4928,797
parent_two,4929,125
parent_two,4931,370
parent_two,4933,136
parent_two,4934,128
parent_two,4934,133
parent_two,4935,151
parent_two,4935,392
parent_two,4936,101
parent_two,4937,107
parent_two,4937,221
parent_two,4937,761
parent_two,4938,345
parent_two,4939,108
parent_two,4939,326
parent_two,4939,544
parent_two,4939,814
parent_two,4940,757
parent_two,4942,229
parent_two,4942,417
parent_two,4945,123
parent_two,4947,627
parent_two,4949,387
parent_two,4950,380
parent_two,4951,328
parent_two,4951,439
parent_two,4955,104
parent_two,4958,116
parent_two,4958,228
parent_two,4958,682
parent_two,4959,116
parent_two,4959,152
parent_two,4960,443
parent_two,4961,136
parent_two,4962,430
parent_two,4962,773
parent_two,4963,114
parent_two,4964,164
parent_two,4971,339
parent_two,4974,284
parent_two,4974,995
parent_two,4975,255
parent_two,4976,101
parent_two,4977,245
parent_two,4979,381
parent_two,4979,765
parent_two,4983,609
parent_two,4987,108
parent_two,4987,323
parent_two,4987,332
parent_two,4989,144
parent_two,4991,242
parent_two,4991,703
parent_two,4991,781
parent_two,4993,407
parent_two,4994,198
parent_two,4994,737
parent_two,4994,968
parent_two,4997,399
parent_two,4998,232
parent_two,4998,321
parent_two,5000,162
parent_two,5000,309
parent_two,5003,350
parent_two,5003,548
parent_two,5003,978
parent_two,5005,106
parent_two,5005,455
parent_two,5009,249
parent_two,5009,643
parent_two,5011,186
parent_two,5012,389
parent_two,5013,308
parent_two,5014,673
parent_two,5015,289
parent_two,5015,379
parent_two,5016,382
parent_two,5017,125
parent_two,5018,109
parent_two,5020,181
parent_two,5020,359
parent_two,5020,781
parent_two,5021,170
parent_two,5021,413
parent_two,5022,522
parent_two,5025,115
parent_two,5025,157
parent_two,5025,371
parent_two,5026,222
parent_two,5030,371
parent_two,5030,382
parent_two,5030,534
parent_two,5030,786
parent_two,5031,429
parent_two,5032,142
parent_two,5032,318
parent_two,5032,517
parent_two,5034,207
parent_two,5035,634
parent_two,5038,169
parent_two,5039,202
parent_two,5041,969
parent_two,5042,189
parent_two,5043,740
parent_two,5044,370
parent_two,5048,159
parent_two,5048,182
parent_two,5048,230
parent_two,5050,141
parent_two,5050,201
parent_two,5051,294
parent_two,5052,194
parent_two,5052,216
parent_two,5052,340
parent_two,5053,128
parent_two,5053,685
parent_two,5055,339
parent_two,5055,549
parent_two,5056,499
parent_two,5056,695
parent_two,5058,183
parent_two,5061,252
parent_two,5063,348
parent_two,5064,107
parent_two,5064,144
parent_two,5064,381
parent_two,5065,186
parent_two,5066,910
parent_two,5067,303
parent_two,5067,368
parent_two,5068,200
parent_two,5068,916
parent_two,5069,199
parent_two,5069,504
parent_two,5070,401
parent_two,5071,175
parent_two,5071,292
parent_two,5071,296
parent_two,5071,406
parent_two,5073,448
parent_two,5073,651
parent_two,5074,156
parent_two,5075,198
parent_two,5077,496
parent_two,5079,938
parent_two,5080,349
parent_two,5081,293
parent_two,5082,109
parent_two,5084,108
parent_two,5084,992
parent_two,5086,215
parent_two,5087,272
parent_two,5087,470
parent_two,5089,215
parent_two,5089,285
parent_two,5089,655
parent_two,5090,184
parent_two,5090,483
parent_two,5093,266
parent_two,5093,884
parent_two,5094,907
parent_two,5097,332
parent_two,5100,561
parent_two,5102,929
parent_two,5103,139
parent_two,5104,342
parent_two,5104,900
parent_two,5105,160
parent_two,5107,167
parent_two,5107,336
parent_two,5107,553
parent_two,5109,261
parent_two,5110,252
parent_two,5110,431
parent_two,5111,493
parent_two,5111,717
parent_two,5113,161
parent_two,5114,164
parent_two,5114,276
parent_two,5115,440
parent_two,5116,125
parent_two,5116,167
parent_two,5117,263
parent_two,5118,113
parent_two,5120,102
parent_two,5122,190
parent_two,5122,208
parent_two,5127,227
parent_two,5127,282
parent_two,5128,713
parent_two,5129,122
parent_two,5130,434
parent_two,5131,871
parent_two,5132,433
parent_two,5132,928
parent_two,5135,376
parent_two,5139,171
parent_two,5139,521
parent_two,5141,977
parent_two,5142,568
parent_two,5143,359
parent_two,5144,108
parent_two,5144,557
parent_two,5144,866
parent_two,5147,153
parent_two,5147,838
parent_two,5150,566
parent_two,5152,127
parent_two,5152,183
parent_two,5152,439
parent_two,5152,866
parent_two,5154,188
parent_two,5155,651
parent_two,5156,487
parent_two,5157,212
parent_two,5159,193
parent_two,5161,238
parent_two,5161,239
parent_two,5163,240
parent_two,5164,119
parent_two,5164,135
parent_two,5165,147
parent_two,5166,266
parent_two,5167,152
parent_two,5168,119
parent_two,5168,186
parent_two,5169,747
parent_two,5171,232
parent_two,5171,274
parent_two,5171,905
parent_two,5171,925
parent_two,5173,128
parent_two,5173,206
parent_two,5176,137
parent_two,5176,357
parent_two,5177,147
parent_two,5177,233
parent_two,5177,451
parent_two,5177,859
parent_two,5178,400
parent_two,5179,386
parent_two,5179,902
parent_two,5180,239
parent_two,5181,111
parent_two,5181,932
parent_two,5182,788
parent_two,5183,130
parent_two,5184,267
parent_two,5188,124
parent_two,5188,382
parent_two,5190,882
parent_two,5191,244
parent_two,5191,264
parent_two,5191,374
parent_two,5196,677
parent_two,5197,157
parent_two,5197,380
parent_two,5201,235
parent_two,5201,305
parent_two,5202,476
parent_two,5203,248
parent_two,5203,348
parent_two,5204,122
parent_two,5204,150
parent_two,5204,995
parent_two,5206,139
parent_two,5208,492
parent_two,5210,246
parent_two,5211,417
parent_two,5213,149
parent_two,5214,121
parent_two,5216,573
parent_two,5220,104
parent_two,5220,818
parent_two,5221,384
parent_two,5225,792
parent_two,5228,253
parent_two,5229,697
parent_two,5230,251
parent_two,5230,378
parent_two,5230,568
parent_two,5231,203
parent_two,5231,320
parent_two,5231,896
parent_two,5232,609
parent_two,5233,166
parent_two,5235,444
parent_two,5236,372
parent_two,5237,310
parent_two,5240,105
parent_two,5240,948
parent_two,5242,292
parent_two,5242,656
parent_two,5243,169
parent_two,5243,418
parent_two,5245,187
parent_two,5246,166
parent_two,5246,302
parent_two,5247,506
parent_two,5250,466
parent_two,5253,471
parent_two,5254,113
parent_two,5254,144
parent_two,5254,160
parent_two,5256,135
parent_two,5256,285
parent_two,5256,368
parent_two,5257,869
parent_two,5258,350
parent_two,5259,369
parent_two,5260,798
parent_two,5261,624
parent_two,5263,188
parent_two,5265,206
parent_two,5266,856
parent_two,5268,268
parent_two,5269,234
parent_two,5269,586
parent_two,5269,723
parent_two,5271,429
parent_two,5272,137
parent_two,5274,172
parent_two,5274,451
parent_two,5275,123
parent_two,5276,439
parent_two,5276,965
parent_two,5282,178
parent_two,5282,265
parent_two,5282,566
parent_two,5283,263
parent_two,5283,466
parent_two,5284,115
parent_two,5284,398
parent_two,5284,808
parent_two,5285,160
parent_two,5285,248
parent_two,5285,636
parent_two,5286,216
parent_two,5287,310
parent_two,5288,953
parent_two,5289,483
parent_two,5289,584
parent_two,5293,178
parent_two,5295,134
parent_two,5296,351
parent_two,5298,121
parent_two,5299,641
parent_two,5301,256
parent_two,5302,141
parent_two,5302,215
parent_two,5304,529
parent_two,5308,885
parent_two,5309,546
parent_two,5310,281
parent_two,5311,200
parent_two,5311,243
parent_two,5312,102
parent_two,5316,196
parent_two,5318,183
parent_two,5319,158
parent_two,5320,726
parent_two,5321,322
parent_two,5321,750
parent_two,5323,122
parent_two,5324,157
parent_two,5324,270
parent_two,5324,421
parent_two,5327,710
parent_two,5329,412
parent_two,5329,509
parent_two,5332,320
parent_two,5332,338
parent_two,5332,500
parent_two,5333,178
parent_two,5333,478
parent_two,5333,535
parent_two,5337,158
parent_two,5337,373
parent_two,5338,178
parent_two,5344,116
parent_two,5347,186
parent_two,5348,896
parent_two,5350,207
parent_two,5350,374
parent_two,5351,425
parent_two,5351,790
parent_two,5354,117
parent_two,5354,262
parent_two,5355,586
parent_two,5356,313
parent_two,5357,200
parent_two,5357,645
parent_two,5359,238
parent_two,5359,393
parent_two,5359,713
parent_two,5360,141
parent_two,5361,440
parent_two,5361,513
parent_two,5363,231
parent_two,5363,510
parent_two,5363,798
parent_two,5366,129
parent_two,5373,148
parent_two,5373,608
parent_two,5374,138
parent_two,5375,180
parent_two,5375,343
parent_two,5376,285
parent_two,5376,837
parent_two,5379,996
parent_two,5381,399
parent_two,5381,467
parent_two,5386,549
parent_two,5388,324
parent_two,5389,160
parent_two,5390,798
parent_two,5391,556
parent_two,5394,479
parent_two,5396,237
parent_two,5398,475
parent_two,5400,205
parent_two,5401,850
parent_two,5402,189
parent_two,5402,768
parent_two,5403,763
parent_two,5405,256
parent_two,5406,191
parent_two,5408,156
parent_two,5409,388
parent_two,5410,370
parent_two,5413,350
parent_two,5413,659
parent_two,5415,106
parent_two,5416,457
parent_two,5416,588
parent_two,5417,130
parent_two,5417,161
parent_two,5418,210
parent_two,5421,363
parent_two,5422,279
parent_two,5422,650
parent_two,5422,829
parent_two,5423,331
parent_two,5425,108
parent_two,5425,524
parent_two,5431,221
parent_two,5433,219
parent_two,5433,502
parent_two,5433,637
parent_two,5434,662
parent_two,5434,908
parent_two,5435,106
parent_two,5437,290
parent_two,5439,221
parent_two,5444,274
parent_two,5447,254
parent_two,5453,551
parent_two,5455,119
parent_two,5456,334
parent_two,5457,117
parent_two,5457,296
parent_two,5459,132
parent_two,5459,962
parent_two,5463,268
parent_two,5466,220
parent_two,5470,802
parent_two,5471,106
parent_two,5471,130
parent_two,5471,415
parent_two,5471,546
parent_two,5472,802
parent_two,5474,654
parent_two,5476,153
parent_two,5476,458
parent_two,5476,651
parent_two,5477,379
parent_two,5480,190
parent_two,5480,265
parent_two,5481,392
parent_two,5482,319
parent_two,5485,123
parent_two,5485,266
parent_two,5486,105
parent_two,5487,192
parent_two,5495,368
parent_two,5497,187
parent_two,5497,626
parent_two,5498,142
parent_two,5498,365
parent_two,5499,492
parent_two,5501,224
parent_two,5501,622
parent_two,5502,174
parent_two,5504,279
parent_two,5504,503
parent_two,5508,203
parent_two,5510,196
parent_two,5510,229
parent_two,5513,250
parent_two,5515,113
parent_two,5515,380
parent_two,5516,457
parent_two,5520,518
parent_two,5520,648
parent_two,5524,188
parent_two,5524,467
parent_two,5525,581
parent_two,5526,816
parent_two,5529,104
parent_two,5531,151
parent_two,5531,384
parent_two,5534,184
parent_two,5535,304
parent_two,5535,535
parent_two,5535,659
parent_two,5539,122
parent_two,5539,205
parent_two,5540,209
parent_two,5541,210
parent_two,5543,600
parent_two,5546,181
parent_two,5547,259
parent_two,5549,831
parent_two,5550,102
parent_two,5550,753
parent_two,5551,221
parent_two,5551,233
parent_two,5552,135
parent_two,5554,409
parent_two,5556,806
parent_two,5557,103
parent_two,5560,381
parent_two,5561,203
parent_two,5561,280
parent_two,5562,597
parent_two,5563,372
parent_two,5563,719
parent_two,5564,343
parent_two,5568,114
parent_two,5568,166
parent_two,5568,287
parent_two,5571,194
parent_two,5571,370
parent_two,5577,176
parent_two,5577,999
parent_two,5581,171
parent_two,5581,359
parent_two,5582,268
parent_two,5582,310
parent_two,5583,933
parent_two,5584,342
parent_two,5586,234
parent_two,5586,283
parent_two,5588,146
parent_two,5588,237
parent_two,5590,108
parent_two,5592,159
parent_two,5592,174
parent_two,5592,452
parent_two,5595,440
parent_two,5598,193
parent_two,5598,317
parent_two,5599,332
parent_two,5599,693
parent_two,5600,165
parent_two,5600,232
parent_two,5602,416
parent_two,5603,431
parent_two,5605,481
parent_two,5608,326
parent_two,5610,635
parent_two,5613,302
parent_two,5613,343
parent_two,5613,916
parent_two,5615,124
parent_two,5615,349
parent_two,5617,127
parent_two,5617,147
parent_two,5618,338
parent_two,5620,145
parent_two,5620,367
parent_two,5622,170
parent_two,5622,206
parent_two,5623,500
parent_two,5624,187
parent_two,5629,540
parent_two,5630,277
parent_two,5630,736
parent_two,5631,250
parent_two,5631,285
parent_two,5633,452
parent_two,5634,292
parent_two,5634,443
parent_two,5637,790
parent_two,5639,106
parent_two,5643,273
parent_two,5645,210
parent_two,5645,771
parent_two,5646,174
parent_two,5647,234
parent_two,5647,492
parent_two,5647,715
parent_two,5649,258
parent_two,5651,334
parent_two,5652,196
parent_two,5652,323
parent_two,5652,379
parent_two,5654,118
parent_two,5655,431
parent_two,5657,380
parent_two,5657,788
parent_two,5658,415
parent_two,5658,699
parent_two,5659,361
parent_two,5661,284
parent_two,5661,302
parent_two,5662,358
parent_two,5662,783
parent_two,5666,696
parent_two,5670,639
parent_two,5674,174
parent_two,5675,123
parent_two,5675,251
parent_two,5676,863
parent_two,5678,242
parent_two,5678,627
parent_two,5680,322
parent_two,5680,358
parent_two,5683,101
parent_two,5684,231
parent_two,5685,171
parent_two,5685,392
parent_two,5685,810
parent_two,5686,298
parent_two,5686,689
parent_two,5686,742
parent_two,5686,1000
parent_two,5692,105
parent_two,5693,379
parent_two,5696,417
parent_two,5697,171
parent_two,5697,272
parent_two,5697,338
parent_two,5697,409
parent_two,5697,453
parent_two,5701,953
parent_two,5702,225
parent_two,5705,127
parent_two,5706,739
parent_two,5707,138
parent_two,5707,319
parent_two,5708,560
parent_two,5709,164
parent_two,5709,266
parent_two,5713,213
parent_two,5713,532
parent_two,5713,732
parent_two,5714,172
parent_two,5715,126
parent_two,5718,110
parent_two,5718,138
parent_two,5721,249
parent_two,5721,271
parent_two,5721,273
parent_two,5723,477
parent_two,5726,566
parent_two,5726,945
parent_two,5727,179
parent_two,5727,578
parent_two,5730,261
parent_two,5730,281
parent_two,5733,274
parent_two,5736,422
parent_two,5737,294
parent_two,5738,232
parent_two,5739,475
parent_two,5741,547
parent_two,5742,119
parent_two,5742,381
parent_two,5742,929
parent_two,5743,140
parent_two,5743,328
parent_two,5744,131
parent_two,5745,181
parent_two,5746,185
parent_two,5746,210
parent_two,5747,507
parent_two,5750,111
parent_two,5750,553
parent_two,5752,701
parent_two,5753,103
parent_two,5753,933
parent_two,5754,284
parent_two,5754,567
parent_two,5755,131
parent_two,5758,448
parent_two,5758,858
parent_two,5763,669
parent_two,5763,937
parent_two,5764,447
parent_two,5764,586
parent_two,5765,527
parent_two,5767,140
parent_two,5768,266
parent_two,5770,111
parent_two,5770,402
parent_two,5770,408
parent_two,5772,428
parent_two,5774,188
parent_two,5774,519
parent_two,5777,130
parent_two,5778,582
parent_two,5778,600
parent_two,5778,941
parent_two,5780,365
parent_two,5783,187
parent_two,5783,218
parent_two,5788,107
parent_two,5788,284
parent_two,5788,432
parent_two,5791,497
parent_two,5791,525
parent_two,5792,189
parent_two,5792,251
parent_two,5792,742
parent_two,5793,147
parent_two,5794,623
parent_two,5794,978
parent_two,5797,259
parent_two,5798,117
parent_two,5799,373
parent_two,5801,835
parent_two,5802,241
parent_two,5803,104
parent_two,5804,366
parent_two,5806,336
parent_two,5808,406
parent_two,5809,118
parent_two,5812,214
parent_two,5812,224
parent_two,5812,273
parent_two,5813,418
parent_two,5813,437
parent_two,5814,120
parent_two,5814,161
parent_two,5814,407
parent_two,5815,898
parent_two,5816,343
parent_two,5818,117
parent_two,5818,173
parent_two,5818,199
parent_two,5819,134
parent_two,5819,339
parent_two,5821,654
parent_two,5824,123
parent_two,5824,950
parent_two,5827,159
parent_two,5827,351
parent_two,5827,965
parent_two,5829,163
parent_two,5829,188
parent_two,5829,306
parent_two,5831,719
parent_two,5833,222
parent_two,5834,183
parent_two,5834,308
parent_two,5835,121
parent_two,5835,368
parent_two,5835,378
parent_two,5837,116
parent_two,5840,339
parent_two,5842,303
parent_two,5845,198
parent_two,5847,179
parent_two,5847,322
parent_two,5847,452
parent_two,5847,983
parent_two,5849,154
parent_two,5849,517
parent_two,5849,529
parent_two,5850,154
parent_two,5852,225
parent_two,5853,902
parent_two,5854,156
parent_two,5854,206
parent_two,5855,388
parent_two,5857,318
parent_two,5859,212
parent_two,5861,282
parent_two,5862,113
parent_two,5862,399
parent_two,5865,689
parent_two,5867,108
parent_two,5868,302
parent_two,5868,342
parent_two,5868,416
parent_two,5868,512
parent_two,5870,358
parent_two,5870,887
parent_two,5872,780
parent_two,5873,104
parent_two,5873,118
parent_two,5876,323
parent_two,5877,110
parent_two,5877,125
parent_two,5877,169
parent_two,5878,125
parent_two,5878,153
parent_two,5880,313
parent_two,5882,431
parent_two,5883,119
parent_two,5883,369
parent_two,5884,110
parent_two,5886,200
parent_two,5887,416
parent_two,5888,255
parent_two,5888,300
parent_two,5890,220
parent_two,5890,620
parent_two,5893,483
parent_two,5897,123
parent_two,5900,373
parent_two,5901,103
parent_two,5902,169
parent_two,5905,343
parent_two,5907,111
parent_two,5911,300
parent_two,5915,589
parent_two,5916,102
parent_two,5917,747
parent_two,5920,271
parent_two,5923,441
parent_two,5924,344
parent_two,5926,394
parent_two,5928,198
parent_two,5928,361
parent_two,5928,633
parent_two,5930,390
parent_two,5930,772
parent_two,5932,203
parent_two,5934,139
parent_two,5934,814
parent_two,5935,244
parent_two,5936,175
parent_two,5936,417
parent_two,5937,481
parent_two,5937,524
parent_two,5939,292
parent_two,5940,350
parent_two,5940,595
parent_two,5940,748
parent_two,5941,114
parent_two,5941,952
parent_two,5942,162
parent_two,5943,257
parent_two,5945,159
parent_two,5945,182
parent_two,5946,193
parent_two,5947,646
parent_two,5947,874
parent_two,5948,319
parent_two,5951,135
parent_two,5953,839
parent_two,5957,213
parent_two,5958,694
parent_two,5960,239
parent_two,5961,112
parent_two,5961,295
parent_two,5962,177
parent_two,5963,750
parent_two,5964,320
parent_two,5965,111
parent_two,5965,915
parent_two,5966,559
parent_two,5967,212
parent_two,5968,173
parent_two,5968,429
parent_two,5971,395
parent_two,5971,643
parent_two,5972,234
parent_two,5973,268
parent_two,5978,213
parent_two,5979,277
parent_two,5979,555
parent_two,5980,879
parent_two,5982,126
parent_two,5983,152
parent_two,5986,714
parent_two,5987,158
parent_two,5988,260
parent_two,5991,554
parent_two,5992,228
parent_two,5992,733
parent_two,5993,204
parent_two,5998,176
parent_two,5998,196
parent_two,5998,294
parent_two,5998,344
parent_two,6001,174
parent_two,6001,689
parent_two,6001,939
parent_two,6002,599
parent_two,6002,790
parent_two,6004,379
parent_two,6004,429
parent_two,6004,997
parent_two,6006,530
parent_two,6007,495
parent_two,6008,124
parent_two,6009,242
parent_two,6009,877
parent_two,6010,235
parent_two,6010,909
parent_two,6011,531
parent_two,6014,386
parent_two,6015,107
parent_two,6015,471
parent_two,6017,352
parent_two,6019,582
parent_two,6020,193
parent_two,6020,717
parent_two,6023,104
parent_two,6023,405
parent_two,6023,799
parent_two,6028,111
parent_two,6029,526
parent_two,6032,857
parent_two,6037,231
parent_two,6037,273
parent_two,6038,243
parent_two,6038,564
parent_two,6039,136
parent_two,6039,140
parent_two,6040,210
parent_two,6041,137
parent_two,6041,600
parent_two,6042,212
parent_two,6043,156
parent_two,6044,193
parent_two,6044,894
parent_two,6045,158
parent_two,6045,314
parent_two,6047,915
parent_two,6048,377
parent_two,6048,629
parent_two,6049,458
parent_two,6050,295
parent_two,6051,259
parent_two,6052,240
parent_two,6052,726
parent_two,6052,824
parent_two,6054,308
parent_two,6055,111
parent_two,6055,362
parent_two,6056,599
parent_two,6056,644
parent_two,6056,717
parent_two,6057,184
parent_two,6057,309
parent_two,6057,495
parent_two,6058,152
parent_two,6058,527
parent_two,6059,116
parent_two,6059,374
parent_two,6060,982
parent_two,6061,159
parent_two,6061,185
parent_two,6063,341
parent_two,6064,225
parent_two,6066,470
parent_two,6067,181
parent_two,6070,102
parent_two,6070,989
parent_two,6071,846
parent_two,6073,296
parent_two,6073,305
parent_two,6075,168
parent_two,6077,587
parent_two,6078,342
parent_two,6078,524
parent_two,6079,152
parent_two,6079,554
parent_two,6080,306
parent_two,6081,239
parent_two,6082,116
parent_two,6082,159
parent_two,6082,500
parent_two,6083,199
parent_two,6083,303
parent_two,6084,104
parent_two,6084,215
parent_two,6088,131
parent_two,6088,205
parent_two,6089,163
parent_two,6089,165
parent_two,6089,168
parent_two,6090,109
parent_two,6091,202
parent_two,6091,275
parent_two,6092,794
parent_two,6094,381
parent_two,6096,185
parent_two,6096,222
parent_two,6100,366
parent_two,6101,982
parent_two,6102,135
parent_two,6102,144
parent_two,6104,755
parent_two,6105,167
parent_two,6105,191
parent_two,6106,312
parent_two,6107,386
parent_two,6108,191
parent_two,6109,323
parent_two,6109,644
parent_two,6111,255
parent_two,6112,134
parent_two,6113,348
parent_two,6115,920
parent_two,6118,568
parent_two,6118,901
parent_two,6120,128
parent_two,6120,358
parent_two,6121,220
parent_two,6121,415
parent_two,6122,148
parent_two,6125,232
parent_two,6126,440
parent_two,6127,215
parent_two,6127,575
parent_two,6128,120
parent_two,6129,116
parent_two,6130,534
parent_two,6131,796
parent_two,6132,230
parent_two,6132,768
parent_two,6133,481
parent_two,6133,500
parent_two,6134,242
parent_two,6134,608
parent_two,6136,115
parent_two,6139,762
parent_two,6141,307
parent_two,6141,842
parent_two,6142,978
parent_two,6143,105
parent_two,6143,109
parent_two,6143,129
parent_two,6143,622
parent_two,6143,645
parent_two,6144,146
parent_two,6144,451
parent_two,6146,157
parent_two,6147,206
parent_two,6147,964
parent_two,6148,763
parent_two,6149,102
parent_two,6152,201
parent_two,6154,119
parent_two,6154,183
parent_two,6154,250
parent_two,6155,280
parent_two,6155,597
parent_two,6156,319
parent_two,6156,945
parent_two,6159,619
parent_two,6160,230
parent_two,6160,331
parent_two,6160,689
parent_two,6161,112
parent_two,6162,340
parent_two,6163,556
parent_two,6163,656
parent_two,6166,130
parent_two,6166,187
parent_two,6167,121
parent_two,6167,177
parent_two,6168,102
parent_two,6168,516
parent_two,6171,118
parent_two,6171,160
parent_two,6173,101
parent_two,6173,172
parent_two,6173,590
parent_two,6174,314
parent_two,6174,428
parent_two,6176,113
parent_two,6176,169
parent_two,6181,107
parent_two,6182,762
parent_two,6183,133
parent_two,6184,743
parent_two,6187,213
parent_two,6187,323
parent_two,6187,349
parent_two,6188,765
parent_two,6189,133
parent_two,6190,164
parent_two,6191,306
parent_two,6193,969
parent_two,6194,160
parent_two,6194,407
parent_two,6195,104
parent_two,6196,208
parent_two,6198,352
parent_two,6199,126
parent_two,6199,165
parent_two,6202,198
parent_two,6202,476
parent_two,6205,814
parent_two,6207,309
parent_two,6207,338
parent_two,6207,894
parent_two,6209,346
parent_two,6209,448
parent_two,6216,205
parent_two,6217,575
parent_two,6218,118
parent_two,6219,704
parent_two,6220,101
parent_two,6221,732
parent_two,6221,942
parent_two,6226,444
parent_two,6226,479
parent_two,6227,271
parent_two,6228,136
parent_two,6228,201
parent_two,6229,478
parent_two,6230,916
parent_two,6233,131
parent_two,6233,341
parent_two,6233,407
parent_two,6235,190
parent_two,6235,406
parent_two,6236,597
parent_two,6237,183
parent_two,6237,196
parent_two,6239,843
parent_two,6240,504
parent_two,6240,534
parent_two,6241,643
parent_two,6243,245
parent_two,6243,267
parent_two,6243,311
parent_two,6244,299
parent_two,6244,504
parent_two,6245,510
parent_two,6245,901
parent_two,6246,104
parent_two,6247,185
parent_two,6250,112
parent_two,6250,545
parent_two,6252,223
parent_two,6253,109
parent_two,6253,318
parent_two,6254,237
parent_two,6254,715
parent_two,6255,942
parent_two,6256,372
parent_two,6258,106
parent_two,6258,686
parent_two,6258,890
parent_two,6260,144
parent_two,6261,536
parent_two,6262,104
parent_two,6262,121
parent_two,6262,183
parent_two,6262,549
parent_two,6262,840
parent_two,6264,755
parent_two,6265,114
parent_two,6266,220
parent_two,6267,268
parent_two,6267,390
parent_two,6269,110
parent_two,6271,547
parent_two,6272,168
parent_two,6272,827
parent_two,6274,158
parent_two,6274,237
parent_two,6275,229
parent_two,6275,824
parent_two,6279,484
parent_two,6279,661
parent_two,6280,155
parent_two,6282,138
parent_two,6282,268
parent_two,6282,935
parent_two,6284,149
parent_two,6285,816
parent_two,6286,135
parent_two,6286,216
parent_two,6286,233
parent_two,6287,146
parent_two,6287,657
parent_two,6288,109
parent_two,6288,191
parent_two,6289,263
parent_two,6291,411
parent_two,6293,104
parent_two,6293,132
parent_two,6293,631
parent_two,6294,509
parent_two,6297,128
parent_two,6298,181
parent_two,6298,984
parent_two,6299,449
parent_two,6301,575
parent_two,6301,783
parent_two,6302,127
parent_two,6303,799
parent_two,6305,247
parent_two,6307,125
parent_two,6307,729
parent_two,6308,459
parent_two,6309,284
parent_two,6309,787
parent_two,6310,418
parent_two,6314,913
parent_two,6316,354
parent_two,6316,467
parent_two,6316,800
parent_two,6317,958
parent_two,6318,750
parent_two,6320,361
parent_two,6321,145
parent_two,6321,231
parent_two,6322,636
parent_two,6323,122
parent_two,6323,149
parent_two,6323,181
parent_two,6323,232
parent_two,6327,345
parent_two,6328,203
parent_two,6330,123
parent_two,6333,348
parent_two,6333,417
parent_two,6336,723
parent_two,6340,344
parent_two,6341,603
parent_two,6343,709
parent_two,6347,119
parent_two,6349,422
parent_two,6349,448
parent_two,6350,143
parent_two,6351,428
parent_two,6352,109
parent_two,6353,458
parent_two,6354,482
parent_two,6355,111
parent_two,6355,472
parent_two,6355,516
parent_two,6355,663
parent_two,6357,763
parent_two,6357,830
parent_two,6358,535
parent_two,6358,679
parent_two,6359,145
parent_two,6359,542
parent_two,6361,507
parent_two,6361,729
parent_two,6363,409
parent_two,6365,342
parent_two,6368,756
parent_two,6369,117
parent_two,6370,172
parent_two,6370,372
parent_two,6371,160
parent_two,6372,178
parent_two,6373,212
parent_two,6373,332
parent_two,6373,384
parent_two,6374,644
parent_two,6377,133
parent_two,6377,375
parent_two,6377,614
parent_two,6378,213
parent_two,6378,236
parent_two,6378,839
parent_two,6379,171
parent_two,6379,510
parent_two,6379,930
parent_two,6382,120
parent_two,6382,149
parent_two,6382,299
parent_two,6384,271
parent_two,6385,747
parent_two,6386,124
parent_two,6389,268
parent_two,6390,365
parent_two,6393,228
parent_two,6393,737
parent_two,6394,118
parent_two,6394,130
parent_two,6394,949
parent_two,6396,143
parent_two,6398,451
parent_two,6401,135
parent_two,6402,102
parent_two,6402,372
parent_two,6404,103
parent_two,6406,710
parent_two,6408,367
parent_two,6408,575
parent_two,6408,678
parent_two,6412,245
parent_two,6412,582
parent_two,6415,246
parent_two,6415,491
parent_two,6415,681
parent_two,6417,208
parent_two,6419,399
parent_two,6420,109
parent_two,6420,201
parent_two,6422,274
parent_two,6422,780
parent_two,6423,113
parent_two,6425,276
parent_two,6426,748
parent_two,6428,165
parent_two,6429,671
parent_two,6429,703
parent_two,6431,130
parent_two,6431,681
parent_two,6431,732
parent_two,6435,206
parent_two,6438,304
parent_two,6438,686
parent_two,6439,309
parent_two,6440,113
parent_two,6441,326
parent_two,6442,385
parent_two,6443,227
parent_two,6443,978
parent_two,6444,234
parent_two,6445,685
parent_two,6447,572
parent_two,6448,335
parent_two,6452,311
parent_two,6453,569
parent_two,6455,202
parent_two,6456,243
parent_two,6457,149
parent_two,6458,230
parent_two,6460,247
parent_two,6460,288
parent_two,6461,331
parent_two,6463,223
parent_two,6464,284
parent_two,6465,117
parent_two,6466,282
parent_two,6471,397
parent_two,6474,440
parent_two,6477,353
parent_two,6483,157
parent_two,6484,188
parent_two,6484,391
parent_two,6484,958
parent_two,6485,523
parent_two,6486,439
parent_two,6486,712
parent_two,6487,331
parent_two,6489,303
parent_two,6491,179
parent_two,6493,161
parent_two,6493,164
parent_two,6493,185
parent_two,6494,286
parent_two,6494,882
parent_two,6495,621
parent_two,6497,371
parent_two,6497,493
parent_two,6497,724
parent_two,6499,243
parent_two,6500,172
parent_two,6501,176
parent_two,6501,385
parent_two,6503,111
parent_two,6503,597
parent_two,6506,846
parent_two,6507,171
parent_two,6507,334
parent_two,6508,633
parent_two,6510,434
parent_two,6511,114
parent_two,6517,246
parent_two,6517,286
parent_two,6519,889
parent_two,6519,979
parent_two,6521,134
parent_two,6526,162
parent_two,6526,373
parent_two,6528,191
parent_two,6529,101
parent_two,6529,237
parent_two,6529,840
parent_two,6530,191
parent_two,6530,372
parent_two,6530,524
parent_two,6530,709
parent_two,6531,780
parent_two,6532,168
parent_two,6532,287
parent_two,6533,169
parent_two,6535,146
parent_two,6535,388
parent_two,6537,572
parent_two,6537,645
parent_two,6537,687
parent_two,6538,201
parent_two,6538,373
parent_two,6542,682
parent_two,6548,620
parent_two,6550,287
parent_two,6551,329
parent_two,6553,281
parent_two,6553,370
parent_two,6555,472
parent_two,6555,997
parent_two,6556,128
parent_two,6558,337
parent_two,6558,353
parent_two,6559,210
parent_two,6561,392
parent_two,6561,858
parent_two,6562,130
parent_two,6562,287
parent_two,6564,443
parent_two,6565,119
parent_two,6565,820
parent_two,6565,933
parent_two,6567,326
parent_two,6569,173
parent_two,6570,135
parent_two,6570,604
parent_two,6571,319
parent_two,6571,330
parent_two,6571,417
parent_two,6572,225
parent_two,6572,332
parent_two,6572,390
parent_two,6573,199
parent_two,6573,385
parent_two,6575,204
parent_two,6575,255
parent_two,6575,512
parent_two,6576,623
parent_two,6576,739
parent_two,6579,946
parent_two,6581,618
parent_two,6582,958
parent_two,6583,101
parent_two,6584,360
parent_two,6584,421
parent_two,6586,151
parent_two,6587,138
parent_two,6590,512
parent_two,6591,683
parent_two,6592,332
parent_two,6593,140
parent_two,6597,515
parent_two,6598,103
parent_two,6598,811
parent_two,6599,451
parent_two,6599,648
parent_two,6601,249
parent_two,6601,288
parent_two,6603,154
parent_two,6604,922
parent_two,6605,113
parent_two,6606,127
parent_two,6606,899
parent_two,6607,214
parent_two,6608,203
parent_two,6608,496
parent_two,6609,820
parent_two,6610,128
parent_two,6611,131
parent_two,6613,325
parent_two,6613,363
parent_two,6613,723
parent_two,6615,103
parent_two,6617,171
parent_two,6621,165
parent_two,6621,202
parent_two,6621,628
parent_two,6622,130
parent_two,6623,776
parent_two,6624,142
parent_two,6624,197
parent_two,6628,110
parent_two,6628,129
parent_two,6628,741
parent_two,6629,128
parent_two,6630,108
parent_two,6631,144
parent_two,6632,131
parent_two,6632,143
parent_two,6632,216
parent_two,6634,563
parent_two,6637,127
parent_two,6638,320
parent_two,6640,285
parent_two,6640,298
parent_two,6641,413
parent_two,6643,344
parent_two,6643,359
parent_two,6644,123
parent_two,6644,442
parent_two,6644,513
parent_two,6646,478
parent_two,6650,452
parent_two,6652,313
parent_two,6652,398
parent_two,6653,133
parent_two,6653,239
parent_two,6653,899
parent_two,6655,193
parent_two,6657,293
parent_two,6659,439
parent_two,6663,205
parent_two,6667,112
parent_two,6671,389
parent_two,6673,228
parent_two,6673,241
parent_two,6675,193
parent_two,6677,240
parent_two,6677,359
parent_two,6678,702
parent_two,6679,143
parent_two,6679,151
parent_two,6679,214
parent_two,6679,948
parent_two,6680,858
parent_two,6684,291
parent_two,6685,155
parent_two,6685,683
parent_two,6686,150
parent_two,6686,304
parent_two,6686,315
parent_two,6689,289
parent_two,6692,135
parent_two,6693,157
parent_two,6693,256
parent_two,6697,843
parent_two,6698,957
parent_two,6699,104
parent_two,6700,384
parent_two,6702,169
parent_two,6702,645
parent_two,6708,633
parent_two,6709,210
parent_two,6709,766
parent_two,6712,199
parent_two,6715,184
parent_two,6715,864
parent_two,6717,202
parent_two,6717,816
parent_two,6718,244
parent_two,6719,122
parent_two,6719,450
parent_two,6722,256
parent_two,6722,534
parent_two,6724,366
parent_two,6727,110
parent_two,6729,393
parent_two,6731,109
parent_two,6732,108
parent_two,6732,384
parent_two,6734,166
parent_two,6734,185
parent_two,6734,320
parent_two,6737,164
parent_two,6737,913
parent_two,6738,227
parent_two,6740,125
parent_two,6740,408
parent_two,6741,131
parent_two,6741,480
parent_two,6742,540
parent_two,6743,405
parent_two,6746,177
parent_two,6746,385
parent_two,6747,139
parent_two,6748,144
parent_two,6749,354
parent_two,6750,882
parent_two,6751,351
parent_two,6753,151
parent_two,6753,168
parent_two,6753,172
parent_two,6754,102
parent_two,6754,117
parent_two,6754,348
parent_two,6754,357
parent_two,6756,165
parent_two,6756,533
parent_two,6757,214
parent_two,6762,386
parent_two,6762,554
parent_two,6763,138
parent_two,6764,359
parent_two,6765,197
parent_two,6765,277
parent_two,6767,542
parent_two,6768,132
parent_two,6770,130
parent_two,6771,182
parent_two,6772,455
parent_two,6772,502
parent_two,6773,102
parent_two,6775,389
parent_two,6776,306
parent_two,6776,465
parent_two,6777,701
parent_two,6778,111
parent_two,6778,240
parent_two,6778,273
parent_two,6779,419
parent_two,6780,109
parent_two,6780,110
parent_two,6781,303
parent_two,6782,193
parent_two,6783,374
parent_two,6784,160
parent_two,6790,175
parent_two,6790,220
parent_two,6792,119
parent_two,6792,131
parent_two,6794,125
parent_two,6795,224
parent_two,6795,292
parent_two,6795,564
parent_two,6795,634
parent_two,6796,195
parent_two,6798,318
parent_two,6799,101
parent_two,6801,288
parent_two,6802,117
parent_two,6802,312
parent_two,6803,219
parent_two,6803,566
parent_two,6804,107
parent_two,6804,169
parent_two,6806,105
parent_two,6806,124
parent_two,6806,169
parent_two,6806,212
parent_two,6807,367
parent_two,6808,199
parent_two,6808,303
parent_two,6808,454
parent_two,6809,190
parent_two,6811,514
parent_two,6812,113
parent_two,6812,331
parent_two,6814,151
parent_two,6815,201
parent_two,6816,502
parent_two,6817,210
parent_two,6818,242
parent_two,6818,581
parent_two,6818,666
parent_two,6820,101
parent_two,6820,113
parent_two,6820,678
parent_two,6823,277
parent_two,6823,582
parent_two,6824,438
parent_two,6825,105
parent_two,6828,603
parent_two,6829,153
parent_two,6829,239
parent_two,6830,879
parent_two,6832,589
parent_two,6833,384
parent_two,6834,171
parent_two,6834,252
parent_two,6838,332
parent_two,6839,359
parent_two,6840,162
parent_two,6841,385
parent_two,6842,120
parent_two,6848,138
parent_two,6848,179
parent_two,6848,300
parent_two,6848,507
parent_two,6849,595
parent_two,6849,635
parent_two,6851,849
parent_two,6851,884
parent_two,6852,322
parent_two,6852,796
parent_two,6853,134
parent_two,6854,257
parent_two,6854,489
parent_two,6856,122
parent_two,6857,202
parent_two,6858,142
parent_two,6859,168
parent_two,6860,909
parent_two,6861,112
parent_two,6861,114
parent_two,6861,486
parent_two,6861,544
parent_two,6862,157
parent_two,6862,281
parent_two,6863,418
parent_two,6864,567
parent_two,6866,347
parent_two,6866,578
parent_two,6867,416
parent_two,6867,658
parent_two,6868,602
parent_two,6871,813
parent_two,6874,582
parent_two,6875,108
parent_two,6875,175
parent_two,6875,925
parent_two,6876,261
parent_two,6876,825
parent_two,6877,686
parent_two,6878,290
parent_two,6880,409
parent_two,6881,156
parent_two,6883,159
parent_two,6884,160
parent_two,6884,184
parent_two,6884,586
parent_two,6884,908
parent_two,6885,120
parent_two,6887,671
parent_two,6889,360
parent_two,6890,128
parent_two,6891,232
parent_two,6892,843
parent_two,6893,239
parent_two,6893,275
parent_two,6893,412
parent_two,6894,839
parent_two,6895,268
parent_two,6898,161
parent_two,6899,780
parent_two,6901,269
parent_two,6903,211
parent_two,6903,221
parent_two,6906,177
parent_two,6907,659
parent_two,6907,822
parent_two,6908,127
parent_two,6908,182
parent_two,6910,319
parent_two,6910,445
parent_two,6913,141
parent_two,6916,645
parent_two,6918,997
parent_two,6919,231
parent_two,6919,310
parent_two,6919,815
parent_two,6920,697
parent_two,6924,128
parent_two,6925,212
parent_two,6929,107
parent_two,6934,103
parent_two,6938,309
parent_two,6938,336
parent_two,6939,590
parent_two,6940,149
parent_two,6940,222
parent_two,6940,469
parent_two,6942,502
parent_two,6943,289
parent_two,6944,616
parent_two,6945,179
parent_two,6945,509
parent_two,6947,138
parent_two,6947,176
parent_two,6947,250
parent_two,6947,622
parent_two,6947,834
parent_two,6948,891
parent_two,6949,520
parent_two,6951,153
parent_two,6951,251
parent_two,6952,852
parent_two,6953,236
parent_two,6955,327
parent_two,6955,872
parent_two,6956,142
parent_two,6956,156
parent_two,6957,452
parent_two,6959,131
parent_two,6959,898
parent_two,6960,149
parent_two,6960,180
parent_two,6961,419
parent_two,6963,288
parent_two,6965,556
parent_two,6967,232
parent_two,6967,770
parent_two,6968,122
parent_two,6968,198
parent_two,6969,487
parent_two,6970,586
parent_two,6972,226
parent_two,6972,921
parent_two,6974,115
parent_two,6974,116
parent_two,6974,142
parent_two,6975,123
parent_two,6975,155
parent_two,6978,209
parent_two,6979,775
parent_two,6981,371
parent_two,6982,108
parent_two,6982,188
parent_two,6982,586
parent_two,6984,106
parent_two,6984,493
parent_two,6985,319
parent_two,6986,178
parent_two,6986,404
parent_two,6988,112
parent_two,6988,181
parent_two,6989,551
parent_two,6990,158
parent_two,6991,428
parent_two,6992,138
parent_two,6993,271
parent_two,6994,219
parent_two,6995,584
parent_two,6996,106
parent_two,6997,115
parent_two,6997,325
parent_two,6997,680
parent_two,6999,768
parent_two,7003,117
parent_two,7003,924
parent_two,7004,538
parent_two,7005,192
parent_two,7005,244
parent_two,7006,140
parent_two,7007,720
parent_two,7008,630
parent_two,7008,919
parent_two,7009,332
parent_two,7010,345
parent_two,7010,995
parent_two,7011,610
parent_two,7013,180
parent_two,7015,527
parent_two,7018,307
parent_two,7018,839
parent_two,7019,149
parent_two,7019,243
parent_two,7019,285
parent_two,7020,190
parent_two,7023,636
parent_two,7026,279
parent_two,7029,139
parent_two,7030,169
parent_two,7031,280
parent_two,7031,559
parent_two,7032,489
parent_two,7033,196
parent_two,7033,238
parent_two,7035,320
parent_two,7037,392
parent_two,7037,909
parent_two,7038,103
parent_two,7039,220
parent_two,7039,856
parent_two,7040,181
parent_two,7040,207
parent_two,7045,769
parent_two,7052,130
parent_two,7052,135
parent_two,7052,317
parent_two,7052,369
parent_two,7053,194
parent_two,7053,272
parent_two,7053,507
parent_two,7054,715
parent_two,7055,219
parent_two,7055,511
parent_two,7057,120
parent_two,7057,503
parent_two,7058,217
parent_two,7059,118
parent_two,7059,416
parent_two,7059,591
parent_two,7060,981
parent_two,7063,178
parent_two,7065,164
parent_two,7065,292
parent_two,7066,190
parent_two,7070,660
parent_two,7071,546
parent_two,7074,288
parent_two,7074,561
parent_two,7077,337
parent_two,7081,593
parent_two,7083,578
parent_two,7083,820
parent_two,7085,186
parent_two,7086,101
parent_two,7086,810
parent_two,7087,191
parent_two,7090,109
parent_two,7090,211
parent_two,7095,107
parent_two,7097,125
parent_two,7097,162
parent_two,7102,283
parent_two,7103,639
parent_two,7103,973
parent_two,7106,203
parent_two,7106,460
parent_two,7109,433
parent_two,7110,690
parent_two,7111,785
parent_two,7114,375
parent_two,7114,656
parent_two,7115,652
parent_two,7116,465
parent_two,7117,310
parent_two,7118,138
parent_two,7119,140
parent_two,7120,101
parent_two,7120,321
parent_two,7120,326
parent_two,7122,854
parent_two,7122,918
parent_two,7123,160
parent_two,7123,517
parent_two,7125,156
parent_two,7125,216
parent_two,7126,179
parent_two,7126,669
parent_two,7127,964
parent_two,7129,157
parent_two,7131,502
parent_two,7132,124
parent_two,7135,731
parent_two,7136,106
parent_two,7136,305
parent_two,7136,810
parent_two,7138,375
parent_two,7138,723
parent_two,7139,501
parent_two,7139,590
parent_two,7140,146
parent_two,7140,236
parent_two,7144,783
parent_two,7147,171
parent_two,7149,220
parent_two,7149,983
parent_two,7154,102
parent_two,7154,878
parent_two,7158,692
parent_two,7159,297
parent_two,7159,680
parent_two,7163,116
parent_two,7164,165
parent_two,7165,340
parent_two,7165,949
parent_two,7166,467
parent_two,7167,944
parent_two,7168,561
parent_two,7172,595
parent_two,7173,101
parent_two,7173,152
parent_two,7173,853
parent_two,7176,345
parent_two,7177,184
parent_two,7178,582
parent_two,7180,205
parent_two,7180,238
parent_two,7180,479
parent_two,7181,124
parent_two,7181,549
parent_two,7182,441
parent_two,7183,970
parent_two,7189,152
parent_two,7189,170
parent_two,7190,239
parent_two,7191,907
parent_two,7193,303
parent_two,7194,587
parent_two,7194,856
parent_two,7195,460
parent_two,7196,140
parent_two,7197,161
parent_two,7197,770
parent_two,7200,482
parent_two,7200,501
parent_two,7200,772
parent_two,7201,124
parent_two,7201,454
parent_two,7201,954
parent_two,7204,255
parent_two,7210,316
parent_two,7210,550
parent_two,7211,119
parent_two,7211,518
parent_two,7217,168
parent_two,7218,228
parent_two,7220,184
parent_two,7222,177
parent_two,7222,932
parent_two,7223,196
parent_two,7226,188
parent_two,7226,407
parent_two,7226,676
parent_two,7226,685
parent_two,7230,471
parent_two,7231,466
parent_two,7232,347
parent_two,7232,829
parent_two,7233,532
parent_two,7234,142
parent_two,7234,165
parent_two,7236,132
parent_two,7236,332
parent_two,7238,171
parent_two,7239,299
parent_two,7241,213
parent_two,7243,746
parent_two,7244,251
parent_two,7245,605
parent_two,7246,267
parent_two,7246,535
parent_two,7248,181
parent_two,7249,112
parent_two,7250,931
parent_two,7251,234
parent_two,7252,502
parent_two,7254,150
parent_two,7254,394
parent_two,7254,603
parent_two,7255,794
parent_two,7257,174
parent_two,7259,895
parent_two,7261,788
parent_two,7262,222
parent_two,7262,653
parent_two,7263,398
parent_two,7269,493
parent_two,7272,205
parent_two,7272,412
parent_two,7272,518
parent_two,7277,431
parent_two,7277,840
parent_two,7278,278
parent_two,7281,245
parent_two,7288,844
parent_two,7289,591
parent_two,7290,198
parent_two,7290,437
parent_two,7291,383
parent_two,7295,134
parent_two,7295,380
parent_two,7296,412
parent_two,7297,887
parent_two,7297,988
parent_two,7298,121
parent_two,7298,599
parent_two,7300,499
parent_two,7301,344
parent_two,7301,573
parent_two,7302,941
parent_two,7303,239
parent_two,7303,381
parent_two,7305,140
parent_two,7305,478
parent_two,7305,847
parent_two,7308,109
parent_two,7308,641
parent_two,7310,564
parent_two,7312,147
parent_two,7313,108
parent_two,7314,228
parent_two,7315,368
parent_two,7315,398
parent_two,7318,170
parent_two,7318,192
parent_two,7319,210
parent_two,7321,232
parent_two,7321,345
parent_two,7322,766
parent_two,7323,156
parent_two,7323,317
parent_two,7323,413
parent_two,7323,827
parent_two,7325,249
parent_two,7325,682
parent_two,7325,827
parent_two,7328,157
parent_two,7330,124
parent_two,7330,426
parent_two,7331,195
parent_two,7332,220
parent_two,7340,706
parent_two,7342,392
parent_two,7342,450
parent_two,7343,307
parent_two,7345,245
parent_two,7345,447
parent_two,7345,513
parent_two,7347,407
parent_two,7347,502
parent_two,7349,207
parent_two,7350,387
parent_two,7351,119
parent_two,7352,235
parent_two,7352,298
parent_two,7352,475
parent_two,7356,149
parent_two,7358,537
parent_two,7358,890
parent_two,7358,979
parent_two,7360,929
parent_two,7360,974
parent_two,7361,134
parent_two,7363,177
parent_two,7363,950
parent_two,7366,213
parent_two,7366,221
parent_two,7368,427
parent_two,7370,140
parent_two,7370,221
parent_two,7376,102
parent_two,7377,121
parent_two,7377,164
parent_two,7378,185
parent_two,7378,196
parent_two,7378,684
parent_two,7378,761
parent_two,7381,179
parent_two,7381,400
parent_two,7384,316
parent_two,7386,291
parent_two,7388,975
parent_two,7389,202
parent_two,7392,106
parent_two,7394,261
parent_two,7397,136
parent_two,7397,304
parent_two,7398,917
parent_two,7399,161
parent_two,7399,236
parent_two,7403,149
parent_two,7404,197
parent_two,7405,343
parent_two,7406,799
parent_two,7406,878
parent_two,7407,420
parent_two,7408,219
parent_two,7410,116
parent_two,7411,439
parent_two,7414,154
parent_two,7415,459
parent_two,7417,262
parent_two,7418,350
parent_two,7419,110
parent_two,7419,707
parent_two,7420,146
parent_two,7422,831
parent_two,7423,194
parent_two,7423,256
parent_two,7423,491
parent_two,7426,206
parent_two,7426,347
parent_two,7426,469
parent_two,7427,174
parent_two,7427,205
parent_two,7427,368
parent_two,7427,614
parent_two,7430,271
parent_two,7433,607
parent_two,7437,104
parent_two,7437,126
parent_two,7438,743
parent_two,7438,776
parent_two,7441,645
parent_two,7441,728
parent_two,7444,670
parent_two,7445,233
parent_two,7446,334
parent_two,7446,523
parent_two,7449,112
parent_two,7450,124
parent_two,7451,276
parent_two,7451,538
parent_two,7453,684
parent_two,7455,406
parent_two,7457,387
parent_two,7459,301
parent_two,7460,536
parent_two,7460,820
parent_two,7464,740
parent_two,7465,614
parent_two,7465,788
parent_two,7467,284
parent_two,7467,665
parent_two,7467,714
parent_two,7468,120
parent_two,7468,265
parent_two,7471,395
parent_two,7474,704
parent_two,7475,104
parent_two,7476,305
parent_two,7477,322
parent_two,7479,128
parent_two,7479,395
parent_two,7480,710
parent_two,7481,734
parent_two,7485,106
parent_two,7487,192
parent_two,7488,135
parent_two,7488,295
parent_two,7489,195
parent_two,7489,400
parent_two,7490,137
parent_two,7490,742
parent_two,7491,154
parent_two,7491,222
parent_two,7491,873
parent_two,7492,213
parent_two,7493,261
parent_two,7495,771
parent_two,7499,167
parent_two,7501,199
parent_two,7501,996
parent_two,7503,242
parent_two,7504,897
parent_two,7506,176
parent_two,7507,630
parent_two,7508,220
parent_two,7509,141
parent_two,7510,150
parent_two,7510,578
parent_two,7511,470
parent_two,7512,239
parent_two,7517,618
parent_two,7518,995
parent_two,7520,214
parent_two,7521,883
parent_two,7522,344
parent_two,7523,667
parent_two,7524,153
parent_two,7524,378
parent_two,7525,113
parent_two,7525,130
parent_two,7525,714
parent_two,7527,346
parent_two,7528,267
parent_two,7528,654
parent_two,7528,853
parent_two,7528,949
parent_two,7536,226
parent_two,7536,955
parent_two,7540,126
parent_two,7541,240
parent_two,7541,712
parent_two,7542,191
parent_two,7542,228
parent_two,7543,911
parent_two,7545,110
parent_two,7545,696
parent_two,7546,472
parent_two,7549,135
parent_two,7549,141
parent_two,7549,537
parent_two,7550,860
parent_two,7551,306
parent_two,7551,845
parent_two,7553,182
parent_two,7553,650
parent_two,7555,122
parent_two,7555,180
parent_two,7555,559
parent_two,7557,226
parent_two,7557,506
parent_two,7558,215
parent_two,7559,138
parent_two,7559,354
parent_two,7559,430
parent_two,7563,164
parent_two,7563,536
parent_two,7564,635
parent_two,7564,974
parent_two,7567,110
parent_two,7567,568
parent_two,7570,197
parent_two,7570,977
parent_two,7572,770
parent_two,7574,161
parent_two,7574,300
parent_two,7575,379
parent_two,7575,676
parent_two,7575,946
parent_two,7580,171
parent_two,7580,188
parent_two,7585,264
parent_two,7588,102
parent_two,7589,601
parent_two,7591,372
parent_two,7591,697
parent_two,7593,177
parent_two,7593,239
parent_two,7600,959
parent_two,7604,392
parent_two,7605,129
parent_two,7605,391
parent_two,7608,857
parent_two,7611,877
parent_two,7614,178
parent_two,7614,480
parent_two,7616,176
parent_two,7616,360
parent_two,7617,205
parent_two,7618,293
parent_two,7618,521
parent_two,7622,103
parent_two,7622,105
parent_two,7624,101
parent_two,7626,996
parent_two,7627,357
parent_two,7628,137
parent_two,7628,700
parent_two,7629,950
parent_two,7630,103
parent_two,7630,880
parent_two,7631,332
parent_two,7634,450
parent_two,7637,163
parent_two,7637,554
parent_two,7640,167
parent_two,7640,212
parent_two,7640,510
parent_two,7640,824
parent_two,7643,252
parent_two,7644,257
parent_two,7645,454
parent_two,7646,247
parent_two,7646,284
parent_two,7647,432
parent_two,7649,183
parent_two,7650,133
parent_two,7650,357
parent_two,7652,275
parent_two,7652,659
parent_two,7653,117
parent_two,7653,136
parent_two,7656,125
parent_two,7656,527
parent_two,7657,615
parent_two,7658,716
parent_two,7661,530
parent_two,7662,440
parent_two,7665,130
parent_two,7665,209
parent_two,7665,367
parent_two,7665,586
parent_two,7666,245
parent_two,7668,102
parent_two,7668,699
parent_two,7669,513
parent_two,7670,218
parent_two,7670,302
parent_two,7674,165
parent_two,7674,278
parent_two,7676,251
parent_two,7676,271
parent_two,7676,434
parent_two,7677,727
parent_two,7681,141
parent_two,7682,122
parent_two,7682,247
parent_two,7683,665
parent_two,7684,410
parent_two,7688,613
parent_two,7697,255
parent_two,7698,116
parent_two,7698,480
parent_two,7698,506
parent_two,7699,151
parent_two,7700,859
parent_two,7701,237
parent_two,7701,409
parent_two,7702,125
parent_two,7704,191
parent_two,7705,371
parent_two,7708,124
parent_two,7709,639
parent_two,7710,445
parent_two,7711,804
parent_two,7712,154
parent_two,7712,843
parent_two,7714,312
parent_two,7714,435
parent_two,7715,373
parent_two,7716,199
parent_two,7716,814
parent_two,7721,140
parent_two,7721,297
parent_two,7721,573
parent_two,7722,802
parent_two,7726,124
parent_two,7729,332
parent_two,7730,325
parent_two,7732,379
parent_two,7734,193
parent_two,7737,226
parent_two,7737,235
parent_two,7740,232
parent_two,7740,870
parent_two,7742,446
parent_two,7742,470
parent_two,7744,226
parent_two,7744,451
parent_two,7746,130
parent_two,7748,165
parent_two,7749,401
parent_two,7749,594
parent_two,7750,199
parent_two,7751,466
parent_two,7754,754
parent_two,7755,109
parent_two,7756,396
parent_two,7757,359
parent_two,7757,570
parent_two,7759,378
parent_two,7761,133
parent_two,7764,129
parent_two,7765,369
parent_two,7765,745
parent_two,7765,794
parent_two,7765,953
parent_two,7766,931
parent_two,7772,195
parent_two,7773,442
parent_two,7775,420
parent_two,7776,322
parent_two,7780,562
parent_two,7783,206
parent_two,7783,630
parent_two,7783,697
parent_two,7788,139
parent_two,7790,379
parent_two,7790,381
parent_two,7791,320
parent_two,7793,256
parent_two,7793,534
parent_two,7796,685
parent_two,7797,353
parent_two,7797,475
parent_two,7798,198
parent_two,7799,384
parent_two,7800,172
parent_two,7800,494
parent_two,7801,162
parent_two,7803,577
parent_two,7805,161
parent_two,7805,191
parent_two,7805,236
parent_two,7805,902
parent_two,7806,438
parent_two,7807,388
parent_two,7809,118
parent_two,7809,306
parent_two,7810,196
parent_two,7811,119
parent_two,7812,220
parent_two,7812,650
parent_two,7812,681
parent_two,7813,339
parent_two,7813,449
parent_two,7817,855
parent_two,7818,720
parent_two,7821,284
parent_two,7822,542
parent_two,7822,651
parent_two,7826,355
parent_two,7826,620
parent_two,7827,563
parent_two,7829,287
parent_two,7829,881
parent_two,7830,232
parent_two,7830,634
parent_two,7831,287
parent_two,7831,775
parent_two,7832,152
parent_two,7832,248
parent_two,7833,173
parent_two,7833,181
parent_two,7834,556
parent_two,7835,322
parent_two,7836,196
parent_two,7836,248
parent_two,7836,412
parent_two,7837,406
parent_two,7837,755
parent_two,7838,276
parent_two,7838,338
parent_two,7838,346
parent_two,7839,369
parent_two,7840,141
parent_two,7840,483
parent_two,7841,313
parent_two,7841,428
parent_two,7846,576
parent_two,7846,721
parent_two,7848,231
parent_two,7848,548
parent_two,7848,707
parent_two,7849,356
parent_two,7850,473
parent_two,7850,695
parent_two,7852,170
parent_two,7852,406
parent_two,7852,436
parent_two,7853,136
parent_two,7855,370
parent_two,7857,718
parent_two,7858,226
parent_two,7858,346
parent_two,7859,218
parent_two,7859,347
parent_two,7860,341
parent_two,7862,161
parent_two,7862,357
parent_two,7865,116
parent_two,7865,253
parent_two,7865,597
parent_two,7868,178
parent_two,7869,115
parent_two,7872,226
parent_two,7873,303
parent_two,7873,359
parent_two,7875,434
parent_two,7875,576
parent_two,7879,436
parent_two,7879,743
parent_two,7881,160
parent_two,7881,483
parent_two,7885,530
parent_two,7886,159
parent_two,7887,102
parent_two,7887,190
parent_two,7887,217
parent_two,7888,345
parent_two,7888,688
parent_two,7889,116
parent_two,7890,358
parent_two,7892,115
parent_two,7892,599
parent_two,7894,185
parent_two,7894,386
parent_two,7896,954
parent_two,7897,629
parent_two,7900,288
parent_two,7900,692
parent_two,7901,234
parent_two,7901,294
parent_two,7903,159
parent_two,7903,174
parent_two,7903,949
parent_two,7904,201
parent_two,7905,209
parent_two,7905,278
parent_two,7908,667
parent_two,7912,150
parent_two,7912,552
parent_two,7913,362
parent_two,7916,147
parent_two,7916,688
parent_two,7923,557
parent_two,7924,125
parent_two,7924,215
parent_two,7925,120
parent_two,7925,219
parent_two,7926,470
parent_two,7927,128
parent_two,7927,190
parent_two,7927,398
parent_two,7928,884
parent_two,7929,272
parent_two,7931,299
parent_two,7932,287
parent_two,7932,606
parent_two,7936,814
parent_two,7937,251
parent_two,7940,615
parent_two,7940,667
parent_two,7940,669
parent_two,7941,731
parent_two,7942,304
parent_two,7942,661
parent_two,7942,956
parent_two,7948,266
parent_two,7948,453
parent_two,7948,456
parent_two,7948,574
parent_two,7949,692
parent_two,7951,321
parent_two,7952,147
parent_two,7952,299
parent_two,7952,391
parent_two,7952,812
parent_two,7954,123
parent_two,7954,184
parent_two,7954,279
parent_two,7954,499
parent_two,7954,561
parent_two,7957,127
parent_two,7958,176
parent_two,7959,406
parent_two,7961,102
parent_two,7961,381
parent_two,7961,628
parent_two,7962,192
parent_two,7962,451
parent_two,7962,469
parent_two,7963,154
parent_two,7963,386
parent_two,7963,929
parent_two,7965,140
parent_two,7965,250
parent_two,7966,351
parent_two,7968,413
parent_two,7970,272
parent_two,7971,377
parent_two,7971,423
parent_two,7971,692
parent_two,7971,727
parent_two,7973,361
parent_two,7975,506
parent_two,7975,768
parent_two,7976,632
parent_two,7977,160
parent_two,7977,459
parent_two,7978,332
parent_two,7978,535
parent_two,7979,212
parent_two,7980,951
parent_two,7981,507
parent_two,7982,279
parent_two,7986,158
parent_two,7986,298
parent_two,7988,211
parent_two,7988,425
parent_two,7989,168
parent_two,7989,180
parent_two,7989,508
parent_two,7991,402
parent_two,7991,478
parent_two,7991,509
parent_two,7991,736
parent_two,7992,184
parent_two,7992,227
parent_two,7993,205
parent_two,7995,244
parent_two,7996,139
parent_two,7996,671
parent_two,7996,702
parent_two,7999,145
parent_two,8001,136
parent_two,8001,192
parent_two,8001,640
parent_two,8003,303
parent_two,8004,106
parent_two,8004,177
parent_two,8005,294
parent_two,8006,144
parent_two,8007,289
parent_two,8011,426
parent_two,8012,192
parent_two,8013,170
parent_two,8013,251
parent_two,8014,123
parent_two,8015,117
parent_two,8015,191
parent_two,8015,524
parent_two,8017,943
parent_two,8022,211
parent_two,8022,658
parent_two,8023,168
parent_two,8023,266
parent_two,8023,537
parent_two,8024,224
parent_two,8025,379
parent_two,8027,533
parent_two,8028,244
parent_two,8028,345
parent_two,8029,408
parent_two,8031,571
parent_two,8032,305
parent_two,8037,478
parent_two,8038,160
parent_two,8038,794
parent_two,8040,113
parent_two,8040,256
parent_two,8041,114
parent_two,8048,158
parent_two,8049,461
parent_two,8051,177
parent_two,8051,200
parent_two,8053,569
parent_two,8053,610
parent_two,8054,185
parent_two,8054,259
parent_two,8055,126
parent_two,8057,292
parent_two,8058,352
parent_two,8060,289
parent_two,8061,785
parent_two,8062,137
parent_two,8064,326
parent_two,8065,115
parent_two,8066,162
parent_two,8066,247
parent_two,8067,104
parent_two,8067,242
parent_two,8072,131
parent_two,8072,256
parent_two,8075,909
parent_two,8076,132
parent_two,8078,120
parent_two,8079,884
parent_two,8080,321
parent_two,8082,975
parent_two,8083,159
parent_two,8084,107
parent_two,8086,119
parent_two,8086,760
parent_two,8087,116
parent_two,8089,234
parent_two,8089,379
parent_two,8089,458
parent_two,8093,171
parent_two,8094,118
parent_two,8094,186
parent_two,8096,105
parent_two,8096,231
parent_two,8099,294
parent_two,8100,206
parent_two,8100,271
parent_two,8100,853
parent_two,8101,396
parent_two,8103,136
parent_two,8104,128
parent_two,8104,340
parent_two,8106,209
parent_two,8109,142
parent_two,8112,284
parent_two,8112,495
parent_two,8113,162
parent_two,8113,320
parent_two,8113,590
parent_two,8113,681
parent_two,8114,155
parent_two,8116,576
parent_two,8117,141
parent_two,8117,151
parent_two,8117,316
parent_two,8119,129
parent_two,8125,966
parent_two,8128,167
parent_two,8129,611
parent_two,8132,179
parent_two,8135,651
parent_two,8136,181
parent_two,8136,876
parent_two,8138,142
parent_two,8138,417
parent_two,8140,185
parent_two,8140,187
parent_two,8142,147
parent_two,8143,110
parent_two,8144,136
parent_two,8144,561
parent_two,8144,588
parent_two,8147,449
parent_two,8148,147
parent_two,8148,391
parent_two,8149,344
parent_two,8150,360
parent_two,8151,812
parent_two,8152,142
parent_two,8153,127
parent_two,8153,135
parent_two,8154,297
parent_two,8155,211
parent_two,8157,127
parent_two,8158,103
parent_two,8158,159
parent_two,8158,174
parent_two,8161,154
parent_two,8163,143
parent_two,8163,446
parent_two,8163,938
parent_two,8164,151
parent_two,8164,481
parent_two,8164,663
parent_two,8166,147
parent_two,8166,226
parent_two,8168,157
parent_two,8168,277
parent_two,8168,456
parent_two,8169,212
parent_two,8170,437
parent_two,8172,893
parent_two,8173,115
parent_two,8173,243
parent_two,8173,492
parent_two,8175,157
parent_two,8175,218
parent_two,8176,383
parent_two,8179,114
parent_two,8179,176
parent_two,8179,770
parent_two,8180,119
parent_two,8180,769
parent_two,8182,128
parent_two,8182,493
parent_two,8183,394
parent_two,8183,516
parent_two,8184,340
parent_two,8186,283
parent_two,8187,176
parent_two,8187,461
parent_two,8188,111
parent_two,8190,104
parent_two,8190,128
parent_two,8191,198
parent_two,8191,273
parent_two,8193,122
parent_two,8193,125
parent_two,8195,317
parent_two,8195,552
parent_two,8196,269
parent_two,8196,304
parent_two,8197,112
parent_two,8198,183
parent_two,8198,248
parent_two,8199,382
parent_two,8200,231
parent_two,8202,267
parent_two,8203,178
parent_two,8204,107
parent_two,8204,119
parent_two,8204,121
parent_two,8204,211
parent_two,8205,306
parent_two,8206,287
parent_two,8206,534
parent_two,8207,121
parent_two,8207,856
parent_two,8208,101
parent_two,8209,118
parent_two,8214,361
parent_two,8214,794
parent_two,8215,174
parent_two,8215,807
parent_two,8216,272
parent_two,8218,170
parent_two,8218,190
parent_two,8218,646
parent_two,8219,171
parent_two,8224,178
parent_two,8224,432
parent_two,8224,912
parent_two,8225,139
parent_two,8225,155
parent_two,8225,318
parent_two,8227,219
parent_two,8229,259
parent_two,8231,378
parent_two,8231,413
parent_two,8232,964
parent_two,8233,260
parent_two,8233,283
parent_two,8234,493
parent_two,8235,657
parent_two,8235,725
parent_two,8236,558
parent_two,8241,161
parent_two,8242,169
parent_two,8245,358
parent_two,8246,232
parent_two,8247,265
parent_two,8248,148
parent_two,8248,573
parent_two,8249,167
parent_two,8249,746
parent_two,8250,131
parent_two,8252,150
parent_two,8253,484
parent_two,8255,155
parent_two,8255,167
parent_two,8255,322
parent_two,8255,472
parent_two,8255,522
parent_two,8256,218
parent_two,8256,918
parent_two,8257,251
parent_two,8260,171
parent_two,8260,580
parent_two,8261,558
parent_two,8262,335
parent_two,8263,104
parent_two,8264,227
parent_two,8264,322
parent_two,8264,384
parent_two,8267,121
parent_two,8268,240
parent_two,8270,132
parent_two,8270,780
parent_two,8270,912
parent_two,8271,119
parent_two,8272,173
parent_two,8273,509
parent_two,8274,171
parent_two,8274,929
parent_two,8276,404
parent_two,8278,407
parent_two,8279,231
parent_two,8279,247
parent_two,8281,188
parent_two,8281,544
parent_two,8282,126
parent_two,8284,189
parent_two,8285,159
parent_two,8285,186
parent_two,8286,103
parent_two,8286,129
parent_two,8287,159
parent_two,8288,559
parent_two,8288,739
parent_two,8292,175
parent_two,8294,404
parent_two,8296,824
parent_two,8299,535
parent_two,8300,224
parent_two,8300,350
parent_two,8300,906
parent_two,8301,627
parent_two,8303,148
parent_two,8303,236
parent_two,8304,247
parent_two,8304,256
parent_two,8304,530
parent_two,8304,749
parent_two,8305,117
parent_two,8305,162
parent_two,8305,522
parent_two,8306,122
parent_two,8306,172
parent_two,8307,116
parent_two,8307,205
parent_two,8307,396
parent_two,8307,849
parent_two,8308,125
parent_two,8308,340
parent_two,8311,199
parent_two,8312,455
parent_two,8312,773
parent_two,8317,310
parent_two,8320,979
parent_two,8322,191
parent_two,8322,270
parent_two,8322,506
parent_two,8325,108
parent_two,8325,516
parent_two,8326,199
parent_two,8327,153
parent_two,8327,589
parent_two,8327,626
parent_two,8328,146
parent_two,8328,296
parent_two,8328,763
parent_two,8328,846
parent_two,8331,138
parent_two,8332,159
parent_two,8332,176
parent_two,8336,305
parent_two,8337,117
parent_two,8338,142
parent_two,8338,153
parent_two,8342,177
parent_two,8343,126
parent_two,8343,329
parent_two,8345,132
parent_two,8347,571
parent_two,8349,361
parent_two,8350,432
parent_two,8351,133
parent_two,8357,117
parent_two,8359,405
parent_two,8360,126
parent_two,8360,152
parent_two,8361,570
parent_two,8362,424
parent_two,8363,303
parent_two,8364,351
parent_two,8364,500
parent_two,8365,108
parent_two,8365,301
parent_two,8365,803
parent_two,8366,330
parent_two,8367,339
parent_two,8368,142
parent_two,8368,865
parent_two,8370,143
parent_two,8370,377
parent_two,8371,646
parent_two,8372,143
parent_two,8372,269
parent_two,8373,194
parent_two,8373,805
parent_two,8377,133
parent_two,8377,450
parent_two,8378,146
parent_two,8378,538
parent_two,8382,143
parent_two,8382,358
parent_two,8385,127
parent_two,8385,256
parent_two,8389,222
parent_two,8389,281
parent_two,8392,130
parent_two,8396,207
parent_two,8396,293
parent_two,8396,354
parent_two,8397,124
parent_two,8399,140
parent_two,8401,653
parent_two,8401,864
parent_two,8404,220
parent_two,8404,407
parent_two,8409,425
parent_two,8410,118
parent_two,8415,524
parent_two,8416,542
parent_two,8417,190
parent_two,8418,878
parent_two,8423,122
parent_two,8425,114
parent_two,8432,228
parent_two,8432,531
parent_two,8433,349
parent_two,8433,422
parent_two,8434,233
parent_two,8436,102
parent_two,8436,237
parent_two,8436,389
parent_two,8437,102
parent_two,8437,875
parent_two,8438,841
parent_two,8439,137
parent_two,8439,185
parent_two,8439,206
parent_two,8440,146
parent_two,8445,722
parent_two,8446,645
parent_two,8448,144
parent_two,8448,374
parent_two,8449,180
parent_two,8449,358
parent_two,8450,110
parent_two,8450,370
parent_two,8452,127
parent_two,8456,383
parent_two,8458,719
parent_two,8458,781
parent_two,8458,977
parent_two,8461,659
parent_two,8462,114
parent_two,8462,135
parent_two,8463,368
parent_two,8464,260
parent_two,8464,376
parent_two,8465,620
parent_two,8466,353
parent_two,8467,293
parent_two,8467,523
parent_two,8469,672
parent_two,8469,734
parent_two,8472,103
parent_two,8475,169
parent_two,8479,150
parent_two,8482,159
parent_two,8482,377
parent_two,8482,700
parent_two,8485,124
parent_two,8486,141
parent_two,8486,181
parent_two,8486,274
parent_two,8486,855
parent_two,8487,530
parent_two,8487,539
parent_two,8487,616
parent_two,8487,636
parent_two,8488,201
parent_two,8488,663
parent_two,8491,176
parent_two,8491,367
parent_two,8492,119
parent_two,8495,237
parent_two,8496,115
parent_two,8499,207
parent_two,8501,128
parent_two,8503,150
parent_two,8504,636
parent_two,8505,117
parent_two,8505,143
parent_two,8505,222
parent_two,8506,912
parent_two,8507,386
parent_two,8508,119
parent_two,8508,274
parent_two,8511,497
parent_two,8512,124
parent_two,8512,168
parent_two,8512,697
parent_two,8514,183
parent_two,8514,193
parent_two,8514,414
parent_two,8514,824
parent_two,8515,664
parent_two,8516,128
parent_two,8516,132
parent_two,8516,336
parent_two,8519,177
parent_two,8521,124
parent_two,8525,131
parent_two,8527,214
parent_two,8530,801
parent_two,8531,127
parent_two,8531,135
parent_two,8532,384
parent_two,8536,120
parent_two,8536,823
parent_two,8537,197
parent_two,8537,283
parent_two,8537,881
parent_two,8539,288
parent_two,8539,495
parent_two,8541,165
parent_two,8545,477
parent_two,8547,204
parent_two,8548,555
parent_two,8548,932
parent_two,8549,498
parent_two,8551,836
parent_two,8553,249
parent_two,8553,365
parent_two,8554,268
parent_two,8555,247
parent_two,8556,171
parent_two,8556,505
parent_two,8557,470
parent_two,8559,229
parent_two,8562,181
parent_two,8564,257
parent_two,8564,610
parent_two,8565,302
parent_two,8566,860
parent_two,8570,242
parent_two,8572,326
parent_two,8572,388
parent_two,8577,722
parent_two,8578,741
parent_two,8580,198
parent_two,8584,241
parent_two,8584,521
parent_two,8585,624
parent_two,8585,938
parent_two,8587,850
parent_two,8588,583
parent_two,8589,123
parent_two,8592,220
parent_two,8592,354
parent_two,8593,565
parent_two,8594,505
parent_two,8595,690
parent_two,8596,225
parent_two,8596,648
parent_two,8596,910
parent_two,8597,231
parent_two,8597,295
parent_two,8597,468
parent_two,8598,560
parent_two,8601,126
parent_two,8601,266
parent_two,8602,144
parent_two,8604,106
parent_two,8605,222
parent_two,8609,211
parent_two,8618,207
parent_two,8618,523
parent_two,8619,588
parent_two,8619,762
parent_two,8620,144
parent_two,8620,187
parent_two,8620,504
parent_two,8621,106
parent_two,8621,592
parent_two,8621,605
parent_two,8622,372
parent_two,8622,811
parent_two,8623,118
parent_two,8623,330
parent_two,8624,201
parent_two,8627,120
parent_two,8628,273
parent_two,8628,282
parent_two,8631,136
parent_two,8634,532
parent_two,8634,769
parent_two,8635,848
parent_two,8636,324
parent_two,8637,672
parent_two,8637,796
parent_two,8638,122
parent_two,8638,530
parent_two,8640,516
parent_two,8641,171
parent_two,8641,198
parent_two,8641,290
parent_two,8641,685
parent_two,8643,151
parent_two,8643,160
parent_two,8643,622
parent_two,8644,147
parent_two,8644,158
parent_two,8644,208
parent_two,8645,427
parent_two,8647,929
parent_two,8648,235
parent_two,8649,516
parent_two,8650,838
parent_two,8653,168
parent_two,8653,823
parent_two,8654,255
parent_two,8655,357
parent_two,8655,363
parent_two,8657,365
parent_two,8658,109
parent_two,8658,508
parent_two,8658,839
parent_two,8660,207
parent_two,8661,121
parent_two,8661,839
parent_two,8661,845
parent_two,8663,157
parent_two,8666,112
parent_two,8666,128
parent_two,8669,105
parent_two,8669,118
parent_two,8669,734
parent_two,8669,803
parent_two,8670,152
parent_two,8671,179
parent_two,8672,243
parent_two,8675,238
parent_two,8676,918
parent_two,8677,148
parent_two,8677,556
parent_two,8677,706
parent_two,8679,419
parent_two,8679,500
parent_two,8680,139
parent_two,8681,138
parent_two,8681,837
parent_two,8682,170
parent_two,8683,209
parent_two,8684,257
parent_two,8684,265
parent_two,8685,430
parent_two,8687,323
parent_two,8689,274
parent_two,8689,393
parent_two,8690,294
parent_two,8690,488
parent_two,8690,563
parent_two,8690,572
parent_two,8693,546
parent_two,8694,199
parent_two,8695,137
parent_two,8695,144
parent_two,8696,494
parent_two,8697,213
parent_two,8698,467
parent_two,8699,406
parent_two,8700,111
parent_two,8700,721
parent_two,8700,929
parent_two,8703,152
parent_two,8703,437
parent_two,8705,342
parent_two,8705,504
parent_two,8706,132
parent_two,8706,252
parent_two,8706,430
parent_two,8707,232
parent_two,8707,434
parent_two,8709,325
parent_two,8711,535
parent_two,8712,373
parent_two,8715,124
parent_two,8716,112
parent_two,8716,219
parent_two,8717,163
parent_two,8719,131
parent_two,8719,334
parent_two,8721,172
parent_two,8722,124
parent_two,8722,128
parent_two,8722,220
parent_two,8722,611
parent_two,8723,109
parent_two,8725,340
parent_two,8727,112
parent_two,8728,167
parent_two,8729,259
parent_two,8732,169
parent_two,8732,446
parent_two,8734,531
parent_two,8735,106
parent_two,8735,702
parent_two,8737,216
parent_two,8737,708
parent_two,8738,155
parent_two,8743,704
parent_two,8748,111
parent_two,8750,114
parent_two,8750,348
parent_two,8750,557
parent_two,8753,491
parent_two,8754,833
parent_two,8760,433
parent_two,8762,112
parent_two,8762,962
parent_two,8764,144
parent_two,8765,817
parent_two,8766,104
parent_two,8770,655
parent_two,8771,661
parent_two,8773,143
parent_two,8773,287
parent_two,8773,794
parent_two,8774,156
parent_two,8776,645
parent_two,8781,233
parent_two,8782,408
parent_two,8785,121
parent_two,8786,142
parent_two,8787,295
parent_two,8790,232
parent_two,8790,472
parent_two,8792,103
parent_two,8795,126
parent_two,8795,158
parent_two,8797,318
parent_two,8797,350
parent_two,8798,214
parent_two,8798,940
parent_two,8799,372
parent_two,8802,188
parent_two,8803,187
parent_two,8803,302
parent_two,8805,294
parent_two,8806,175
parent_two,8806,564
parent_two,8808,108
parent_two,8808,122
parent_two,8808,224
parent_two,8808,547
parent_two,8809,833
parent_two,8810,108
parent_two,8812,205
parent_two,8813,413
parent_two,8816,474
parent_two,8817,985
parent_two,8818,140
parent_two,8818,615
parent_two,8818,714
parent_two,8821,202
parent_two,8822,201
parent_two,8823,562
parent_two,8824,155
parent_two,8824,157
parent_two,8827,543
parent_two,8827,876
parent_two,8828,179
parent_two,8829,198
parent_two,8829,293
parent_two,8829,294
parent_two,8829,474
parent_two,8829,596
parent_two,8832,256
parent_two,8832,576
parent_two,8838,638
parent_two,8840,795
parent_two,8841,273
parent_two,8841,929
parent_two,8843,313
parent_two,8843,488
parent_two,8844,307
parent_two,8845,308
parent_two,8849,104
parent_two,8849,139
parent_two,8851,129
parent_two,8852,108
parent_two,8853,154
parent_two,8857,615
parent_two,8858,122
parent_two,8858,724
parent_two,8859,874
parent_two,8859,936
parent_two,8861,501
parent_two,8862,306
parent_two,8862,339
parent_two,8862,651
parent_two,8862,947
parent_two,8863,190
parent_two,8863,217
parent_two,8864,197
parent_two,8864,232
parent_two,8865,143
parent_two,8865,148
parent_two,8866,275
parent_two,8867,388
parent_two,8868,341
parent_two,8869,258
parent_two,8869,908
parent_two,8870,137
parent_two,8870,191
parent_two,8871,721
parent_two,8873,247
parent_two,8873,644
parent_two,8874,153
parent_two,8874,188
parent_two,8874,650
parent_two,8874,913
parent_two,8875,133
parent_two,8875,240
parent_two,8877,149
parent_two,8880,101
parent_two,8881,173
parent_two,8883,124
parent_two,8885,703
parent_two,8885,821
parent_two,8888,106
parent_two,8889,522
parent_two,8889,876
parent_two,8890,104
parent_two,8890,136
parent_two,8890,392
parent_two,8891,490
parent_two,8892,228
parent_two,8892,680
parent_two,8892,790
parent_two,8894,209
parent_two,8894,262
parent_two,8894,400
parent_two,8895,282
parent_two,8895,729
parent_two,8896,203
parent_two,8896,286
parent_two,8899,269
parent_two,8899,434
parent_two,8900,594
parent_two,8902,115
parent_two,8902,670
parent_two,8903,105
parent_two,8903,162
parent_two,8903,773
parent_two,8905,112
parent_two,8905,302
parent_two,8907,461
parent_two,8908,232
parent_two,8908,857
parent_two,8909,227
parent_two,8909,658
parent_two,8910,849
parent_two,8912,966
parent_two,8913,296
parent_two,8913,428
parent_two,8915,769
parent_two,8916,190
parent_two,8916,867
parent_two,8920,176
parent_two,8920,839
parent_two,8921,144
parent_two,8923,256
parent_two,8927,481
parent_two,8929,186
parent_two,8930,313
parent_two,8930,791
parent_two,8933,101
parent_two,8933,232
parent_two,8933,745
parent_two,8934,262
parent_two,8935,211
parent_two,8935,279
parent_two,8939,360
parent_two,8940,159
parent_two,8941,120
parent_two,8942,108
parent_two,8943,153
parent_two,8944,422
parent_two,8944,528
parent_two,8948,130
parent_two,8949,568
parent_two,8950,522
parent_two,8952,105
parent_two,8954,148
parent_two,8954,349
parent_two,8954,983
parent_two,8957,721
parent_two,8960,286
parent_two,8960,446
parent_two,8961,473
parent_two,8963,287
parent_two,8964,536
parent_two,8966,680
parent_two,8967,609
parent_two,8969,627
parent_two,8970,110
parent_two,8970,181
parent_two,8971,917
parent_two,8973,737
parent_two,8974,191
parent_two,8974,523
parent_two,8976,208
parent_two,8976,382
parent_two,8977,170
parent_two,8978,255
parent_two,8978,284
parent_two,8978,455
parent_two,8978,746
parent_two,8979,347
parent_two,8979,501
parent_two,8982,264
parent_two,8983,139
parent_two,8984,382
parent_two,8984,394
parent_two,8987,247
parent_two,8987,252
parent_two,8988,315
parent_two,8990,786
parent_two,8991,205
parent_two,8992,429
parent_two,8992,442
parent_two,8993,530
parent_two,8993,717
parent_two,8994,783
parent_two,8996,330
parent_two,8996,415
parent_two,9001,254
parent_two,9002,253
parent_two,9004,110
parent_two,9004,147
parent_two,9005,141
parent_two,9005,198
parent_two,9006,327
parent_two,9009,346
parent_two,9010,104
parent_two,9010,167
parent_two,9010,394
parent_two,9012,253
parent_two,9012,406
parent_two,9012,582
parent_two,9017,110
parent_two,9017,408
parent_two,9018,214
parent_two,9018,254
parent_two,9020,162
parent_two,9020,611
parent_two,9021,889
parent_two,9023,151
parent_two,9025,126
parent_two,9027,126
parent_two,9028,113
parent_two,9030,110
parent_two,9030,242
parent_two,9031,182
parent_two,9034,612
parent_two,9038,902
parent_two,9039,114
parent_two,9039,702
parent_two,9040,646
parent_two,9041,110
parent_two,9042,111
parent_two,9042,184
parent_two,9042,221
parent_two,9042,320
parent_two,9043,135
parent_two,9043,160
parent_two,9044,205
parent_two,9045,123
parent_two,9046,144
parent_two,9047,132
parent_two,9048,108
parent_two,9051,395
parent_two,9052,144
parent_two,9054,312
parent_two,9055,675
parent_two,9058,138
parent_two,9058,192
parent_two,9059,546
parent_two,9059,836
parent_two,9060,446
parent_two,9062,196
parent_two,9065,224
parent_two,9065,275
parent_two,9065,361
parent_two,9066,141
parent_two,9066,605
parent_two,9067,348
parent_two,9067,491
parent_two,9072,319
parent_two,9073,320
parent_two,9076,417
parent_two,9077,391
parent_two,9078,135
parent_two,9078,820
parent_two,9080,159
parent_two,9081,543
parent_two,9081,699
parent_two,9084,306
parent_two,9085,409
parent_two,9085,519
parent_two,9085,619
parent_two,9086,276
parent_two,9086,497
parent_two,9086,779
parent_two,9087,239
parent_two,9087,381
parent_two,9087,791
parent_two,9088,760
parent_two,9089,101
parent_two,9089,143
parent_two,9089,276
parent_two,9090,328
parent_two,9093,157
parent_two,9093,782
parent_two,9095,375
parent_two,9096,107
parent_two,9096,135
parent_two,9096,263
parent_two,9096,446
parent_two,9099,316
parent_two,9100,224
parent_two,9100,685
parent_two,9103,312
parent_two,9103,440
parent_two,9103,739
parent_two,9104,321
parent_two,9109,347
parent_two,9111,350
parent_two,9112,184
parent_two,9113,177
parent_two,9115,460
parent_two,9117,321
parent_two,9117,670
parent_two,9121,621
parent_two,9122,141
parent_two,9123,459
parent_two,9125,124
parent_two,9125,372
parent_two,9131,115
parent_two,9131,139
parent_two,9132,274
parent_two,9132,759
parent_two,9133,120
parent_two,9134,651
parent_two,9135,144
parent_two,9135,681
parent_two,9136,113
parent_two,9136,171
parent_two,9136,215
parent_two,9137,278
parent_two,9138,129
parent_two,9138,141
parent_two,9139,105
parent_two,9140,265
parent_two,9142,198
parent_two,9148,593
parent_two,9151,303
parent_two,9153,421
parent_two,9153,456
parent_two,9154,109
parent_two,9155,139
parent_two,9157,224
parent_two,9158,289
parent_two,9160,166
parent_two,9160,415
parent_two,9160,439
parent_two,9161,135
parent_two,9161,155
parent_two,9162,179
parent_two,9162,678
parent_two,9168,210
parent_two,9168,370
parent_two,9171,346
parent_two,9173,259
parent_two,9173,548
parent_two,9174,118
parent_two,9176,261
parent_two,9177,593
parent_two,9180,210
parent_two,9181,493
parent_two,9181,501
parent_two,9182,127
parent_two,9182,658
parent_two,9183,252
parent_two,9183,519
parent_two,9183,555
parent_two,9186,152
parent_two,9188,358
parent_two,9191,108
parent_two,9193,172
parent_two,9193,349
parent_two,9193,678
parent_two,9195,410
parent_two,9196,128
parent_two,9196,463
parent_two,9198,170
parent_two,9198,389
parent_two,9199,104
parent_two,9199,127
parent_two,9199,366
parent_two,9201,180
parent_two,9201,430
parent_two,9202,448
parent_two,9202,484
parent_two,9203,615
parent_two,9205,161
parent_two,9205,227
parent_two,9205,471
parent_two,9206,215
parent_two,9206,465
parent_two,9207,231
parent_two,9210,165
parent_two,9210,171
parent_two,9210,333
parent_two,9211,182
parent_two,9212,260
parent_two,9214,368
parent_two,9216,103
parent_two,9216,380
parent_two,9219,174
parent_two,9219,214
parent_two,9219,658
parent_two,9222,245
parent_two,9225,335
parent_two,9227,135
parent_two,9227,199
parent_two,9227,311
parent_two,9227,565
parent_two,9227,581
parent_two,9228,641
parent_two,9230,110
parent_two,9240,197
parent_two,9240,277
parent_two,9241,355
parent_two,9241,508
parent_two,9242,109
parent_two,9243,403
parent_two,9244,457
parent_two,9244,532
parent_two,9245,590
parent_two,9249,121
parent_two,9250,335
parent_two,9250,344
parent_two,9251,591
parent_two,9254,172
parent_two,9258,226
parent_two,9259,414
parent_two,9259,483
parent_two,9259,642
parent_two,9261,368
parent_two,9261,548
parent_two,9263,330
parent_two,9264,141
parent_two,9266,127
parent_two,9267,108
parent_two,9269,188
parent_two,9272,476
parent_two,9273,114
parent_two,9273,625
parent_two,9274,130
parent_two,9274,203
parent_two,9275,602
parent_two,9276,171
parent_two,9276,578
parent_two,9278,167
parent_two,9280,208
parent_two,9281,104
parent_two,9281,124
parent_two,9281,455
parent_two,9283,150
parent_two,9283,277
parent_two,9283,348
parent_two,9289,157
parent_two,9293,213
parent_two,9294,135
parent_two,9294,289
parent_two,9294,616
parent_two,9297,135
parent_two,9302,572
parent_two,9305,362
parent_two,9305,444
parent_two,9306,237
parent_two,9306,442
parent_two,9308,334
parent_two,9309,608
parent_two,9311,256
parent_two,9312,444
parent_two,9313,233
parent_two,9314,212
parent_two,9317,215
parent_two,9317,554
parent_two,9318,275
parent_two,9319,194
parent_two,9322,137
parent_two,9322,260
parent_two,9325,419
parent_two,9331,215
parent_two,9332,200
parent_two,9335,556
parent_two,9337,139
parent_two,9337,294
parent_two,9337,399
parent_two,9337,525
parent_two,9338,308
parent_two,9338,364
parent_two,9339,162
parent_two,9341,380
parent_two,9342,241
parent_two,9343,232
parent_two,9345,227
parent_two,9345,385
parent_two,9347,107
parent_two,9347,280
parent_two,9347,506
parent_two,9349,393
parent_two,9350,296
parent_two,9352,231
parent_two,9356,170
parent_two,9358,118
parent_two,9358,533
parent_two,9359,367
parent_two,9361,116
parent_two,9361,248
parent_two,9362,344
parent_two,9364,153
parent_two,9364,223
parent_two,9365,585
parent_two,9368,498
parent_two,9368,582
parent_two,9372,393
parent_two,9374,342
parent_two,9377,339
parent_two,9379,307
parent_two,9380,264
parent_two,9382,210
parent_two,9384,292
parent_two,9385,141
parent_two,9385,246
parent_two,9386,181
parent_two,9386,216
parent_two,9389,341
parent_two,9390,104
parent_two,9390,152
parent_two,9390,198
parent_two,9390,442
parent_two,9393,252
parent_two,9393,288
parent_two,9394,115
parent_two,9394,408
parent_two,9395,163
parent_two,9400,143
parent_two,9410,186
parent_two,9415,427
parent_two,9418,142
parent_two,9418,499
parent_two,9421,364
parent_two,9421,516
parent_two,9424,197
parent_two,9424,205
parent_two,9424,235
parent_two,9425,202
parent_two,9425,230
parent_two,9427,256
parent_two,9427,405
parent_two,9428,288
parent_two,9433,113
parent_two,9434,325
parent_two,9434,351
parent_two,9435,141
parent_two,9435,248
parent_two,9436,344
parent_two,9437,234
parent_two,9438,108
parent_two,9439,172
parent_two,9439,346
parent_two,9440,102
parent_two,9440,103
parent_two,9447,312
parent_two,9448,235
parent_two,9449,480
parent_two,9453,134
parent_two,9453,135
parent_two,9454,145
parent_two,9454,348
parent_two,9456,215
parent_two,9458,129
parent_two,9460,477
parent_two,9461,141
parent_two,9462,173
parent_two,9463,395
parent_two,9466,222
parent_two,9467,242
parent_two,9467,365
parent_two,9468,398
parent_two,9472,381
parent_two,9473,132
parent_two,9475,333
parent_two,9477,144
parent_two,9477,227
parent_two,9479,221
parent_two,9483,309
parent_two,9485,124
parent_two,9485,477
parent_two,9487,180
parent_two,9487,451
parent_two,9488,339
parent_two,9492,107
parent_two,9493,266
parent_two,9501,123
parent_two,9501,143
parent_two,9501,229
parent_two,9503,240
parent_two,9503,291
parent_two,9504,123
parent_two,9507,174
parent_two,9511,124
parent_two,9512,224
parent_two,9512,359
parent_two,9515,114
parent_two,9515,364
parent_two,9520,106
parent_two,9520,403
parent_two,9522,122
parent_two,9525,125
parent_two,9527,247
parent_two,9529,212
parent_two,9532,178
parent_two,9532,205
parent_two,9535,388
parent_two,9536,205
parent_two,9537,385
parent_two,9538,238
parent_two,9538,350
parent_two,9539,445
parent_two,9540,119
parent_two,9540,348
parent_two,9541,382
parent_two,9542,421
parent_two,9543,138
parent_two,9545,317
parent_two,9549,408
parent_two,9553,287
parent_two,9553,381
parent_two,9554,353
parent_two,9556,200
parent_two,9557,184
parent_two,9561,139
parent_two,9563,179
parent_two,9564,201
parent_two,9565,202
parent_two,9565,215
parent_two,9568,217
parent_two,9569,113
parent_two,9573,221
parent_two,9578,395
parent_two,9580,153
parent_two,9581,251
parent_two,9581,379
parent_two,9583,200
parent_two,9588,145
parent_two,9591,209
parent_two,9591,306
parent_two,9595,232
parent_two,9597,106
parent_two,9597,140
parent_two,9599,344
parent_two,9600,180
parent_two,9604,303
parent_two,9606,137
parent_two,9611,309
parent_two,9621,109
parent_two,9622,169
parent_two,9631,234
parent_two,9633,258
parent_two,9644,141
parent_two,9645,110
parent_two,9645,297
parent_two,9650,124
parent_two,9650,142
parent_two,9657,305
parent_two,9658,237
parent_two,9662,273
parent_two,9670,204
parent_two,9671,152
parent_two,9671,281
parent_two,9672,144
parent_two,9672,223
parent_two,9673,239
parent_two,9673,246
parent_two,9673,277
parent_two,9674,118
parent_two,9675,202
parent_two,9679,129
parent_two,9685,138
parent_two,9685,225
parent_two,9687,212
parent_two,9688,278
parent_two,9689,190
parent_two,9690,181
parent_two,9697,119
parent_two,9699,101
parent_two,9700,199
parent_two,9701,178
parent_two,9708,170
parent_two,9711,231
parent_two,9713,284
parent_two,9718,192
parent_two,9733,232
parent_two,9736,221
parent_two,9738,104
parent_two,9741,157
parent_two,9743,241
parent_two,9748,186
parent_two,9754,183
parent_two,9754,227
parent_two,9765,112
parent_two,9765,175
parent_two,9766,108
parent_two,9766,171
parent_two,9767,153
parent_two,9769,127
parent_two,9770,107
parent_two,9771,124
parent_two,9779,162
parent_two,9783,165
parent_two,9785,101
parent_two,9785,187
parent_two,9787,150
parent_two,9793,114
parent_two,9794,125
parent_two,9802,155
parent_two,9805,179
parent_two,9812,123
parent_two,9813,129
parent_two,9824,124
parent_two,9830,136
parent_two,9832,131
parent_two,9842,120
parent_two,9850,102
parent_two,9850,116
parent_two,9851,111
parent_two,9851,112
parent_two,9857,109
parent_two,9860,120
parent_two,9877,107
parent_two,9878,103
pi,1,281
pi,1,547
pi,4,892
pi,6,193
pi,7,160
pi,7,225
pi,8,402
pi,8,562
pi,10,226
pi,10,273
pi,10,275
pi,11,113
pi,11,840
pi,12,821
pi,13,141
pi,14,493
pi,15,161
pi,15,414
pi,16,843
pi,19,468
pi,21,167
pi,22,556
pi,22,637
pi,24,130
pi,25,275
pi,25,621
pi,26,149
pi,29,479
pi,33,509
pi,34,111
pi,34,141
pi,34,500
pi,36,104
pi,36,211
pi,37,132
pi,38,138
pi,39,176
pi,40,124
pi,41,102
pi,41,393
pi,41,443
pi,44,837
pi,45,386
pi,45,845
pi,45,932
pi,46,204
pi,47,442
pi,48,652
pi,51,247
pi,51,343
pi,51,345
pi,51,712
pi,52,181
pi,57,633
pi,58,997
pi,60,242
pi,60,336
pi,60,671
pi,61,172
pi,62,176
pi,62,208
pi,64,339
pi,66,418
pi,68,176
pi,69,341
pi,69,410
pi,72,127
pi,74,143
pi,75,164
pi,81,358
pi,81,746
pi,81,800
pi,82,204
pi,82,799
pi,86,310
pi,86,347
pi,86,659
pi,88,145
pi,90,257
pi,90,370
pi,92,155
pi,92,174
pi,93,214
pi,94,547
pi,94,955
pi,98,133
pi,98,244
pi,98,320
pi,99,255
pi,100,166
pi,100,315
pi,100,360
pi,102,479
pi,102,666
pi,103,307
pi,103,534
pi,103,925
pi,104,106
pi,104,134
pi,105,595
pi,107,136
pi,109,176
pi,109,257
pi,110,287
pi,110,804
pi,111,121
pi,111,164
pi,112,253
pi,113,770
pi,115,434
pi,122,122
pi,122,281
pi,122,297
pi,122,373
pi,124,517
pi,124,799
pi,125,190
pi,125,923
pi,126,327
pi,126,484
pi,130,252
pi,133,788
pi,133,853
pi,134,400
pi,135,326
pi,135,594
pi,136,424
pi,136,486
pi,137,800
pi,138,569
pi,138,607
pi,139,759
pi,141,540
pi,141,838
pi,142,160
pi,142,222
pi,143,366
pi,144,668
pi,148,211
pi,149,742
pi,152,312
pi,154,229
pi,154,407
pi,155,291
pi,155,741
pi,156,436
pi,157,143
pi,157,281
pi,160,558
pi,160,880
pi,161,198
pi,162,346
pi,163,152
pi,163,800
pi,163,836
pi,165,178
pi,165,319
pi,166,374
pi,166,524
pi,168,201
pi,168,432
pi,168,523
pi,168,885
pi,171,355
pi,174,122
pi,174,234
pi,175,127
pi,175,170
pi,177,166
pi,177,422
pi,178,600
pi,179,466
pi,182,102
pi,186,208
pi,188,126
pi,190,169
pi,191,499
pi,191,945
pi,192,576
pi,192,746
pi,197,162
pi,197,333
pi,199,340
pi,202,148
pi,203,438
pi,204,472
pi,204,658
pi,205,147
pi,206,114
pi,208,183
pi,208,442
pi,208,580
pi,212,338
pi,212,440
pi,212,853
pi,213,317
pi,213,647
pi,214,312
pi,215,225
pi,216,104
pi,217,827
pi,218,185
pi,219,135
pi,224,350
pi,225,295
pi,225,712
pi,227,117
pi,227,521
pi,227,758
pi,229,115
pi,229,136
pi,231,567
pi,235,184
pi,235,446
pi,235,741
pi,236,210
pi,238,700
pi,239,237
pi,241,502
pi,247,155
pi,247,174
pi,249,116
pi,249,189
pi,249,422
pi,250,158
pi,250,160
pi,252,117
pi,253,111
pi,254,234
pi,256,109
pi,256,283
pi,258,152
pi,258,235
pi,258,238
pi,259,322
pi,259,871
pi,261,154
pi,263,680
pi,265,121
pi,265,152
pi,268,179
pi,268,229
pi,269,162
pi,269,582
pi,271,212
pi,271,297
pi,272,147
pi,272,198
pi,272,604
pi,272,675
pi,273,113
pi,273,148
pi,273,267
pi,273,368
pi,274,311
pi,274,578
pi,275,585
pi,278,224
pi,278,802
pi,280,143
pi,281,140
pi,282,114
pi,282,313
pi,282,584
pi,283,654
pi,285,527
pi,286,103
pi,286,701
pi,288,106
pi,288,214
pi,288,393
pi,288,745
pi,289,121
pi,289,208
pi,289,267
pi,290,101
pi,290,309
pi,292,167
pi,293,120
pi,295,863
pi,296,122
pi,297,133
pi,297,267
pi,299,446
pi,300,281
pi,302,139
pi,303,561
pi,304,187
pi,304,466
pi,305,195
pi,306,127
pi,306,170
pi,306,203
pi,309,218
pi,310,166
pi,310,380
pi,310,589
pi,310,882
pi,312,253
pi,314,111
pi,314,250
pi,314,449
pi,317,141
pi,317,402
pi,318,369
pi,319,913
pi,320,411
pi,321,236
pi,322,641
pi,324,196
pi,324,250
pi,324,276
pi,325,307
pi,325,393
pi,325,464
pi,325,709
pi,329,135
pi,331,513
pi,332,314
pi,332,564
pi,335,652
pi,336,331
pi,337,168
pi,338,131
pi,339,341
pi,339,520
pi,343,191
pi,345,151
pi,345,189
pi,345,314
pi,346,600
pi,347,953
pi,351,817
pi,356,987
pi,359,140
pi,359,805
pi,364,714
pi,365,270
pi,368,553
pi,368,619
pi,370,106
pi,370,200
pi,370,463
pi,371,395
pi,371,461
pi,373,155
pi,373,192
pi,373,478
pi,373,726
pi,376,388
pi,377,111
pi,377,171
pi,378,499
pi,379,352
pi,380,128
pi,382,161
pi,382,358
pi,384,321
pi,385,108
pi,385,296
pi,385,396
pi,386,102
pi,386,347
pi,387,180
pi,387,284
pi,387,368
pi,387,826
pi,389,110
pi,390,140
pi,390,149
pi,390,233
pi,391,108
pi,391,407
pi,393,102
pi,393,266
pi,394,106
pi,394,154
pi,394,794
pi,395,114
pi,396,256
pi,397,178
pi,397,285
pi,397,545
pi,399,491
pi,400,474
pi,402,296
pi,404,139
pi,404,598
pi,406,453
pi,407,374
pi,409,145
pi,409,258
pi,409,829
pi,411,324
pi,411,421
pi,412,183
pi,413,187
pi,413,446
pi,413,970
pi,415,160
pi,415,235
pi,415,350
pi,416,266
pi,417,152
pi,422,337
pi,423,127
pi,423,365
pi,425,153
pi,425,244
pi,427,130
pi,427,205
pi,427,881
pi,427,935
pi,429,216
pi,430,674
pi,431,249
pi,434,114
pi,434,123
pi,434,130
pi,434,312
pi,437,151
pi,437,486
pi,438,130
pi,438,199
pi,439,331
pi,440,299
pi,441,123
pi,441,129
pi,441,332
pi,442,771
pi,445,130
pi,448,175
pi,448,586
pi,448,701
pi,448,992
pi,449,488
pi,453,115
pi,453,123
pi,453,282
pi,454,122
pi,454,146
pi,456,440
pi,457,178
pi,458,390
pi,460,201
pi,460,255
pi,463,196
pi,463,219
pi,464,317
pi,465,157
pi,467,286
pi,467,307
pi,468,142
pi,469,264
pi,470,157
pi,472,691
pi,472,822
pi,474,185
pi,474,197
pi,475,147
pi,476,174
pi,480,671
pi,481,282
pi,481,504
pi,481,870
pi,482,441
pi,482,461
pi,484,150
pi,486,436
pi,487,121
pi,487,775
pi,489,596
pi,491,214
pi,492,384
pi,492,851
pi,496,537
pi,497,258
pi,497,960
pi,498,101
pi,499,316
pi,500,187
pi,501,181
pi,501,287
pi,503,525
pi,505,106
pi,507,141
pi,507,145
pi,507,533
pi,507,755
pi,508,573
pi,509,139
pi,509,152
pi,510,140
pi,510,250
pi,511,234
pi,512,365
pi,512,673
pi,516,129
pi,518,348
pi,519,336
pi,519,729
pi,521,540
pi,521,605
pi,521,900
pi,524,181
pi,524,183
pi,525,496
pi,525,703
pi,526,126
pi,526,135
pi,527,903
pi,528,182
pi,528,215
pi,529,232
pi,529,699
pi,531,316
pi,531,418
pi,532,320
pi,533,108
pi,533,333
pi,535,346
pi,535,709
pi,538,169
pi,538,515
pi,540,103
pi,540,121
pi,542,270
pi,542,755
pi,547,506
pi,548,680
pi,550,548
pi,550,576
pi,551,663
pi,551,889
pi,556,197
pi,556,236
pi,556,703
pi,558,340
pi,560,183
pi,560,438
pi,560,501
pi,562,169
pi,564,313
pi,567,787
pi,568,114
pi,568,192
pi,569,366
pi,570,137
pi,570,947
pi,571,303
pi,573,687
pi,575,132
pi,575,509
pi,577,581
pi,579,170
pi,580,102
pi,584,372
pi,584,473
pi,584,483
pi,585,189
pi,585,580
pi,585,720
pi,588,158
pi,588,461
pi,592,192
pi,593,306
pi,594,193
pi,594,358
pi,597,118
pi,600,164
pi,604,336
pi,605,141
pi,605,813
pi,606,133
pi,610,185
pi,610,217
pi,610,573
pi,610,827
pi,611,394
pi,612,117
pi,613,116
pi,614,121
pi,615,358
pi,615,529
pi,615,571
pi,616,149
pi,617,162
pi,617,811
pi,617,970
pi,620,240
pi,621,267
pi,622,176
pi,622,268
pi,622,465
pi,622,567
pi,623,988
pi,624,105
pi,625,928
pi,627,112
pi,627,159
pi,627,913
pi,628,697
pi,629,111
pi,629,120
pi,629,172
pi,629,915
pi,630,113
pi,630,271
pi,631,134
pi,631,371
pi,633,970
pi,634,123
pi,636,153
pi,636,730
pi,636,982
pi,639,225
pi,640,205
pi,641,544
pi,642,107
pi,642,206
pi,643,105
pi,643,158
pi,643,189
pi,643,388
pi,644,101
pi,645,244
pi,645,280
pi,646,169
pi,646,300
pi,646,676
pi,648,133
pi,648,325
pi,650,763
pi,651,115
pi,652,107
pi,652,237
pi,653,323
pi,654,584
pi,655,723
pi,656,604
pi,658,103
pi,665,456
pi,665,990
pi,666,653
pi,667,130
pi,667,151
pi,667,234
pi,671,147
pi,672,495
pi,674,186
pi,674,461
pi,675,113
pi,676,122
pi,680,182
pi,680,498
pi,683,738
pi,685,170
pi,685,327
pi,685,441
pi,687,462
pi,688,195
pi,689,498
pi,690,350
pi,695,247
pi,696,749
pi,697,101
pi,699,152
pi,700,160
pi,701,420
pi,705,216
pi,707,239
pi,707,829
pi,711,150
pi,712,209
pi,712,321
pi,712,442
pi,713,149
pi,713,225
pi,713,821
pi,714,133
pi,714,407
pi,714,493
pi,717,983
pi,721,112
pi,721,219
pi,723,173
pi,727,341
pi,728,153
pi,728,535
pi,729,131
pi,729,571
pi,730,358
pi,730,470
pi,731,101
pi,731,930
pi,732,492
pi,732,846
pi,733,493
pi,735,116
pi,735,148
pi,737,265
pi,738,261
pi,738,330
pi,738,880
pi,739,339
pi,740,119
pi,741,118
pi,741,194
pi,741,670
pi,744,178
pi,745,145
pi,745,563
pi,747,115
pi,747,143
pi,747,308
pi,748,113
pi,748,144
pi,748,490
pi,753,187
pi,753,517
pi,754,181
pi,756,231
pi,756,514
pi,757,117
pi,758,138
pi,759,183
pi,760,189
pi,760,241
pi,760,389
pi,760,447
pi,760,877
pi,761,130
pi,761,212
pi,761,468
pi,762,430
pi,763,338
pi,764,158
pi,765,181
pi,766,183
pi,768,415
pi,768,993
pi,769,768
pi,770,384
pi,772,171
pi,773,103
pi,776,186
pi,776,268
pi,776,387
pi,777,106
pi,777,112
pi,777,608
pi,778,756
pi,780,324
pi,782,181
pi,782,565
pi,783,215
pi,784,765
pi,785,296
pi,787,342
pi,788,147
pi,790,284
pi,791,190
pi,791,196
pi,791,277
pi,791,902
pi,792,926
pi,794,875
pi,796,189
pi,797,272
pi,797,522
pi,798,148
pi,798,300
pi,799,241
pi,800,315
pi,801,178
pi,801,554
pi,801,656
pi,803,135
pi,803,275
pi,803,411
pi,805,383
pi,806,175
pi,806,353
pi,807,493
pi,808,420
pi,811,225
pi,813,118
pi,814,349
pi,817,489
pi,820,812
pi,821,247
pi,825,159
pi,825,232
pi,825,260
pi,826,861
pi,828,249
pi,829,220
pi,830,113
pi,830,876
pi,832,384
pi,832,861
pi,834,235
pi,834,386
pi,835,150
pi,835,834
pi,836,151
pi,836,356
pi,840,261
pi,841,106
pi,841,422
pi,841,893
pi,841,930
pi,842,646
pi,844,157
pi,845,141
pi,845,142
pi,845,191
pi,848,477
pi,851,223
pi,851,387
pi,852,938
pi,854,555
pi,858,261
pi,861,480
pi,863,944
pi,870,298
pi,871,307
pi,872,404
pi,873,442
pi,874,372
pi,876,177
pi,876,372
pi,879,188
pi,880,286
pi,882,186
pi,882,744
pi,883,118
pi,883,148
pi,887,104
pi,887,438
pi,888,499
pi,889,112
pi,889,145
pi,889,373
pi,891,914
pi,893,160
pi,893,243
pi,893,256
pi,894,191
pi,894,865
pi,894,959
pi,896,138
pi,897,108
pi,897,735
pi,897,797
pi,897,803
pi,900,655
pi,900,658
pi,901,101
pi,902,359
pi,902,725
pi,902,829
pi,905,104
pi,906,183
pi,907,158
pi,907,341
pi,908,241
pi,908,407
pi,910,186
pi,911,133
pi,911,170
pi,911,325
pi,911,383
pi,914,132
pi,915,634
pi,916,149
pi,917,114
pi,918,122
pi,918,169
pi,918,217
pi,919,291
pi,919,750
pi,921,136
pi,924,385
pi,924,660
pi,927,160
pi,928,238
pi,928,508
pi,928,862
pi,929,139
pi,933,516
pi,936,249
pi,936,569
pi,937,102
pi,938,183
pi,938,805
pi,939,165
pi,939,870
pi,940,134
pi,940,366
pi,941,178
pi,943,110
pi,945,516
pi,945,999
pi,948,137
pi,948,240
pi,948,272
pi,952,146
pi,952,169
pi,952,215
pi,955,120
pi,955,928
pi,958,736
pi,961,117
pi,961,203
pi,961,253
pi,963,133
pi,963,448
pi,964,166
pi,969,126
pi,969,339
pi,970,269
pi,971,150
pi,972,125
pi,975,129
pi,976,295
pi,977,167
pi,978,682
pi,979,116
pi,979,247
pi,982,365
pi,982,431
pi,983,717
pi,984,112
pi,985,108
pi,985,166
pi,985,610
pi,985,979
pi,987,101
pi,987,134
pi,988,131
pi,988,147
pi,988,282
pi,990,111
pi,990,455
pi,990,601
pi,990,934
pi,992,563
pi,993,245
pi,994,135
pi,994,303
pi,994,434
pi,994,553
pi,995,776
pi,998,140
pi,998,166
pi,1000,183
pi,1005,158
pi,1007,292
pi,1009,215
pi,1013,138
pi,1014,105
pi,1021,907
pi,1022,375
pi,1023,162
pi,1024,125
pi,1024,454
pi,1025,658
pi,1027,569
pi,1031,228
pi,1032,510
pi,1033,938
pi,1034,236
pi,1034,448
pi,1034,533
pi,1036,153
pi,1038,127
pi,1038,321
pi,1040,650
pi,1041,715
pi,1041,971
pi,1042,641
pi,1043,524
pi,1048,105
pi,1048,106
pi,1049,439
pi,1049,801
pi,1052,164
pi,1052,540
pi,1053,128
pi,1054,800
pi,1057,451
pi,1059,338
pi,1061,139
pi,1061,476
pi,1064,313
pi,1065,115
pi,1066,182
pi,1066,588
pi,1067,113
pi,1067,192
pi,1067,564
pi,1068,440
pi,1068,563
pi,1070,405
pi,1072,144
pi,1073,116
pi,1073,235
pi,1073,854
pi,1074,777
pi,1075,362
pi,1075,382
pi,1075,449
pi,1076,311
pi,1077,309
pi,1080,182
pi,1080,235
pi,1080,267
pi,1082,264
pi,1082,272
pi,1083,131
pi,1083,340
pi,1084,257
pi,1085,103
pi,1085,326
pi,1085,419
pi,1085,716
pi,1086,192
pi,1086,332
pi,1087,210
pi,1088,132
pi,1088,831
pi,1090,251
pi,1091,454
pi,1092,224
pi,1093,183
pi,1093,347
pi,1094,723
pi,1095,501
pi,1095,560
pi,1096,523
pi,1096,609
pi,1101,175
pi,1102,402
pi,1104,148
pi,1106,235
pi,1106,916
pi,1108,106
pi,1108,116
pi,1109,877
pi,1110,583
pi,1115,582
pi,1117,119
pi,1117,135
pi,1117,527
pi,1118,310
pi,1119,231
pi,1119,304
pi,1120,150
pi,1123,185
pi,1123,514
pi,1124,521
pi,1125,225
pi,1126,408
pi,1128,834
pi,1128,940
pi,1129,407
pi,1129,745
pi,1129,819
pi,1130,109
pi,1131,184
pi,1132,426
pi,1133,521
pi,1133,671
pi,1135,208
pi,1135,833
pi,1135,887
pi,1136,649
pi,1138,417
pi,1138,496
pi,1140,226
pi,1141,282
pi,1141,417
pi,1145,445
pi,1148,386
pi,1148,734
pi,1149,838
pi,1150,429
pi,1153,153
pi,1154,168
pi,1155,920
pi,1159,103
pi,1159,241
pi,1159,990
pi,1160,319
pi,1163,266
pi,1163,940
pi,1164,106
pi,1165,578
pi,1167,391
pi,1168,233
pi,1169,150
pi,1172,448
pi,1174,227
pi,1177,491
pi,1177,731
pi,1179,168
pi,1179,311
pi,1179,541
pi,1180,233
pi,1183,121
pi,1183,462
pi,1184,118
pi,1186,136
pi,1187,159
pi,1188,235
pi,1188,601
pi,1188,951
pi,1191,112
pi,1191,429
pi,1191,919
pi,1193,111
pi,1193,122
pi,1193,126
pi,1193,753
pi,1194,154
pi,1194,284
pi,1194,317
pi,1194,614
pi,1195,136
pi,1195,459
pi,1197,186
pi,1197,204
pi,1197,476
pi,1200,543
pi,1202,148
pi,1203,786
pi,1204,102
pi,1204,652
pi,1206,273
pi,1207,223
pi,1209,137
pi,1209,302
pi,1209,462
pi,1215,546
pi,1215,563
pi,1223,723
pi,1225,321
pi,1225,330
pi,1226,352
pi,1226,380
pi,1227,210
pi,1228,126
pi,1228,978
pi,1229,288
pi,1231,214
pi,1232,528
pi,1233,419
pi,1233,563
pi,1234,166
pi,1235,496
pi,1235,905
pi,1237,137
pi,1239,178
pi,1240,186
pi,1241,721
pi,1242,140
pi,1242,242
pi,1242,401
pi,1243,753
pi,1244,246
pi,1244,425
pi,1245,246
pi,1247,342
pi,1247,540
pi,1249,679
pi,1250,437
pi,1250,470
pi,1250,737
pi,1251,126
pi,1252,171
pi,1252,306
pi,1252,359
pi,1254,131
pi,1256,106
pi,1257,572
pi,1257,712
pi,1258,129
pi,1258,752
pi,1260,160
pi,1260,180
pi,1260,374
pi,1261,794
pi,1262,555
pi,1262,750
pi,1264,145
pi,1264,732
pi,1268,220
pi,1269,160
pi,1269,190
pi,1270,283
pi,1270,323
pi,1272,187
pi,1274,135
pi,1274,427
pi,1274,436
pi,1275,227
pi,1276,199
pi,1279,294
pi,1280,231
pi,1280,295
pi,1282,522
pi,1282,848
pi,1284,146
pi,1284,389
pi,1288,383
pi,1289,278
pi,1289,516
pi,1290,123
pi,1290,518
pi,1290,731
pi,1295,153
pi,1295,216
pi,1297,214
pi,1297,833
pi,1299,419
pi,1299,551
pi,1301,190
pi,1301,623
pi,1302,301
pi,1303,120
pi,1304,286
pi,1307,782
pi,1308,110
pi,1308,647
pi,1312,221
pi,1313,132
pi,1315,108
pi,1318,301
pi,1318,465
pi,1323,316
pi,1326,133
pi,1331,157
pi,1334,186
pi,1337,252
pi,1338,445
pi,1341,113
pi,1341,285
pi,1341,296
pi,1341,575
pi,1345,278
pi,1345,972
pi,1346,281
pi,1346,552
pi,1346,966
pi,1347,504
pi,1347,783
pi,1350,111
pi,1351,106
pi,1351,148
pi,1352,300
pi,1352,578
pi,1352,947
pi,1353,205
pi,1354,124
pi,1355,123
pi,1355,133
pi,1356,101
pi,1358,239
pi,1358,611
pi,1358,710
pi,1361,144
pi,1363,752
pi,1364,144
pi,1367,112
pi,1369,276
pi,1371,224
pi,1372,371
pi,1373,258
pi,1373,294
pi,1379,465
pi,1380,379
pi,1381,143
pi,1382,732
pi,1383,815
pi,1384,285
pi,1384,359
pi,1385,105
pi,1385,570
pi,1386,238
pi,1386,439
pi,1387,146
pi,1389,367
pi,1389,849
pi,1392,121
pi,1397,156
pi,1402,386
pi,1402,884
pi,1403,315
pi,1403,869
pi,1405,808
pi,1406,218
pi,1407,212
pi,1409,182
pi,1410,809
pi,1411,109
pi,1411,471
pi,1412,123
pi,1412,542
pi,1416,177
pi,1416,257
pi,1416,871
pi,1417,167
pi,1418,106
pi,1420,159
pi,1420,198
pi,1422,114
pi,1422,115
pi,1422,268
pi,1424,565
pi,1426,123
pi,1426,192
pi,1426,655
pi,1426,995
pi,1427,109
pi,1427,244
pi,1429,884
pi,1431,537
pi,1431,570
pi,1431,601
pi,1432,367
pi,1432,904
pi,1434,113
pi,1439,256
pi,1442,145
pi,1442,383
pi,1443,252
pi,1444,143
pi,1445,184
pi,1445,547
pi,1447,478
pi,1448,286
pi,1449,208
pi,1450,181
pi,1453,205
pi,1455,250
pi,1455,655
pi,1456,198
pi,1460,323
pi,1461,234
pi,1462,462
pi,1467,615
pi,1468,107
pi,1468,150
pi,1469,120
pi,1469,634
pi,1470,355
pi,1471,474
pi,1472,103
pi,1472,336
pi,1473,111
pi,1476,184
pi,1476,337
pi,1476,582
pi,1477,107
pi,1477,306
pi,1479,695
pi,1481,142
pi,1484,604
pi,1484,655
pi,1486,457
pi,1487,623
pi,1490,694
pi,1490,881
pi,1495,450
pi,1498,675
pi,1499,169
pi,1499,170
pi,1502,241
pi,1502,266
pi,1502,350
pi,1502,682
pi,1503,405
pi,1504,216
pi,1504,230
pi,1504,420
pi,1504,421
pi,1504,444
pi,1507,198
pi,1507,292
pi,1508,581
pi,1509,436
pi,1513,132
pi,1515,129
pi,1516,185
pi,1517,183
pi,1520,117
pi,1520,138
pi,1520,593
pi,1522,105
pi,1524,577
pi,1524,748
pi,1525,146
pi,1525,462
pi,1526,108
pi,1528,139
pi,1529,254
pi,1530,107
pi,1535,681
pi,1537,160
pi,1537,382
pi,1538,130
pi,1539,104
pi,1540,643
pi,1542,168
pi,1543,596
pi,1543,784
pi,1543,895
pi,1544,131
pi,1545,145
pi,1546,123
pi,1548,683
pi,1549,385
pi,1551,132
pi,1551,155
pi,1551,373
pi,1551,496
pi,1553,146
pi,1553,395
pi,1555,133
pi,1558,373
pi,1558,780
pi,1559,409
pi,1562,676
pi,1564,235
pi,1565,381
pi,1565,403
pi,1565,441
pi,1569,282
pi,1569,602
pi,1570,378
pi,1572,250
pi,1572,353
pi,1572,531
pi,1573,277
pi,1575,108
pi,1576,963
pi,1577,255
pi,1581,125
pi,1581,617
pi,1582,446
pi,1582,506
pi,1583,218
pi,1583,351
pi,1584,363
pi,1584,380
pi,1588,501
pi,1588,579
pi,1589,105
pi,1589,980
pi,1591,140
pi,1591,753
pi,1596,359
pi,1603,351
pi,1605,185
pi,1605,864
pi,1612,377
pi,1612,504
pi,1613,126
pi,1613,130
pi,1613,573
pi,1617,257
pi,1617,574
pi,1617,786
pi,1618,283
pi,1618,404
pi,1619,180
pi,1619,454
pi,1620,188
pi,1620,481
pi,1621,333
pi,1622,177
pi,1626,173
pi,1626,976
pi,1627,116
pi,1628,475
pi,1631,645
pi,1632,336
pi,1633,271
pi,1637,351
pi,1637,544
pi,1639,117
pi,1640,147
pi,1640,284
pi,1642,379
pi,1645,369
pi,1645,957
pi,1647,483
pi,1648,348
pi,1648,474
pi,1649,115
pi,1649,595
pi,1649,627
pi,1652,138
pi,1653,952
pi,1657,103
pi,1657,236
pi,1657,527
pi,1660,169
pi,1661,948
pi,1662,266
pi,1663,556
pi,1668,666
pi,1670,347
pi,1670,618
pi,1671,520
pi,1672,258
pi,1672,526
pi,1672,600
pi,1674,122
pi,1674,324
pi,1676,272
pi,1678,147
pi,1679,276
pi,1681,924
pi,1682,127
pi,1682,300
pi,1684,169
pi,1685,243
pi,1686,443
pi,1687,335
pi,1688,504
pi,1689,623
pi,1690,383
pi,1693,120
pi,1693,167
pi,1695,390
pi,1696,306
pi,1696,419
pi,1697,545
pi,1698,648
pi,1699,609
pi,1699,1000
pi,1701,230
pi,1702,215
pi,1704,194
pi,1704,436
pi,1705,242
pi,1705,454
pi,1706,640
pi,1707,742
pi,1708,465
pi,1710,252
pi,1712,204
pi,1712,787
pi,1714,899
pi,1716,340
pi,1717,252
pi,1717,704
pi,1719,406
pi,1722,555
pi,1723,260
pi,1724,395
pi,1725,119
pi,1725,400
pi,1725,450
pi,1727,528
pi,1728,449
pi,1730,601
pi,1731,129
pi,1731,485
pi,1732,112
pi,1732,727
pi,1733,120
pi,1734,203
pi,1735,117
pi,1737,344
pi,1740,197
pi,1740,481
pi,1742,172
pi,1742,730
pi,1743,122
pi,1744,109
pi,1744,311
pi,1747,566
pi,1747,585
pi,1749,155
pi,1749,252
pi,1750,147
pi,1750,219
pi,1752,467
pi,1758,409
pi,1760,177
pi,1765,681
pi,1765,722
pi,1768,622
pi,1770,178
pi,1771,838
pi,1772,142
pi,1778,244
pi,1779,904
pi,1780,171
pi,1781,149
pi,1782,161
pi,1782,915
pi,1784,109
pi,1786,501
pi,1787,142
pi,1789,327
pi,1789,661
pi,1790,750
pi,1791,293
pi,1793,562
pi,1794,340
pi,1798,444
pi,1799,947
pi,1801,186
pi,1802,658
pi,1804,889
pi,1805,728
pi,1807,671
pi,1810,118
pi,1810,756
pi,1811,290
pi,1812,148
pi,1812,374
pi,1812,422
pi,1814,113
pi,1816,300
pi,1820,891
pi,1822,121
pi,1822,942
pi,1824,120
pi,1825,207
pi,1825,916
pi,1826,618
pi,1828,200
pi,1828,656
pi,1831,778
pi,1834,129
pi,1835,348
pi,1840,351
pi,1840,853
pi,1841,643
pi,1842,170
pi,1842,313
pi,1842,732
pi,1845,228
pi,1846,137
pi,1851,103
pi,1851,155
pi,1851,219
pi,1853,658
pi,1855,344
pi,1856,289
pi,1857,197
pi,1858,641
pi,1859,209
pi,1860,132
pi,1860,142
pi,1860,221
pi,1860,346
pi,1862,223
pi,1862,327
pi,1862,446
pi,1862,934
pi,1869,203
pi,1870,464
pi,1871,304
pi,1875,111
pi,1875,250
pi,1875,428
pi,1878,134
pi,1879,110
pi,1881,147
pi,1882,898
pi,1883,416
pi,1884,170
pi,1884,256
pi,1885,104
pi,1885,442
pi,1887,185
pi,1889,232
pi,1889,423
pi,1890,968
pi,1892,263
pi,1896,177
pi,1896,192
pi,1897,428
pi,1900,215
pi,1900,271
pi,1903,274
pi,1903,996
pi,1904,117
pi,1904,995
pi,1905,701
pi,1906,261
pi,1909,175
pi,1909,179
pi,1911,724
pi,1913,268
pi,1913,419
pi,1913,932
pi,1914,311
pi,1917,269
pi,1917,816
pi,1918,212
pi,1918,658
pi,1918,885
pi,1919,153
pi,1919,420
pi,1920,263
pi,1920,278
pi,1920,504
pi,1924,237
pi,1925,804
pi,1926,820
pi,1927,350
pi,1927,385
pi,1929,139
pi,1929,796
pi,1931,689
pi,1933,698
pi,1936,242
pi,1936,690
pi,1936,818
pi,1936,860
pi,1938,137
pi,1938,555
pi,1939,146
pi,1940,161
pi,1940,509
pi,1942,488
pi,1944,205
pi,1944,292
pi,1945,174
pi,1945,289
pi,1946,328
pi,1947,216
pi,1947,220
pi,1947,715
pi,1949,249
pi,1949,369
pi,1951,760
pi,1953,103
pi,1954,149
pi,1955,244
pi,1957,612
pi,1960,250
pi,1962,187
pi,1963,190
pi,1964,181
pi,1964,227
pi,1964,485
pi,1966,187
pi,1966,833
pi,1967,231
pi,1967,883
pi,1968,198
pi,1968,501
pi,1969,219
pi,1974,543
pi,1974,851
pi,1975,198
pi,1976,336
pi,1978,438
pi,1980,482
pi,1980,519
pi,1982,356
pi,1982,795
pi,1984,105
pi,1984,435
pi,1987,249
pi,1990,586
pi,1994,109
pi,1996,165
pi,1997,246
pi,2000,119
pi,2000,350
pi,2000,472
pi,2001,114
pi,2003,329
pi,2004,110
pi,2004,170
pi,2004,171
pi,2004,961
pi,2005,445
pi,2005,678
pi,2006,145
pi,2006,228
pi,2006,946
pi,2007,721
pi,2010,196
pi,2010,264
pi,2010,327
pi,2010,440
pi,2010,581
pi,2011,327
pi,2013,482
pi,2013,492
pi,2013,719
pi,2013,838
pi,2014,125
pi,2016,476
pi,2018,103
pi,2018,121
pi,2018,270
pi,2021,267
pi,2021,918
pi,2023,622
pi,2024,499
pi,2025,309
pi,2027,164
pi,2028,101
pi,2028,316
pi,2029,114
pi,2033,180
pi,2034,176
pi,2034,831
pi,2034,926
pi,2036,115
pi,2037,122
pi,2041,702
pi,2044,192
pi,2045,128
pi,2046,190
pi,2049,170
pi,2053,234
pi,2053,744
pi,2053,848
pi,2055,133
pi,2056,160
pi,2056,163
pi,2056,417
pi,2056,618
pi,2057,314
pi,2057,534
pi,2058,181
pi,2061,264
pi,2061,919
pi,2063,659
pi,2065,124
pi,2067,210
pi,2068,148
pi,2069,137
pi,2071,216
pi,2076,370
pi,2077,111
pi,2077,269
pi,2078,182
pi,2078,243
pi,2080,101
pi,2081,179
pi,2081,960
pi,2084,129
pi,2086,103
pi,2088,870
pi,2089,228
pi,2089,462
pi,2090,890
pi,2097,882
pi,2098,638
pi,2101,175
pi,2102,225
pi,2102,672
pi,2103,694
pi,2107,444
pi,2107,502
pi,2109,167
pi,2110,104
pi,2111,551
pi,2111,707
pi,2111,856
pi,2112,296
pi,2112,698
pi,2113,419
pi,2115,850
pi,2117,114
pi,2117,214
pi,2118,121
pi,2118,208
pi,2120,192
pi,2120,197
pi,2122,112
pi,2122,362
pi,2129,105
pi,2134,974
pi,2135,108
pi,2137,135
pi,2142,638
pi,2143,851
pi,2143,914
pi,2146,131
pi,2147,191
pi,2147,999
pi,2149,626
pi,2149,830
pi,2150,126
pi,2150,205
pi,2150,463
pi,2150,629
pi,2151,220
pi,2152,258
pi,2154,520
pi,2155,131
pi,2156,313
pi,2156,473
pi,2156,556
pi,2156,598
pi,2159,196
pi,2160,144
pi,2161,126
pi,2161,143
pi,2164,113
pi,2164,533
pi,2165,652
pi,2166,291
pi,2168,140
pi,2169,105
pi,2170,102
pi,2172,116
pi,2172,238
pi,2173,103
pi,2176,323
pi,2178,125
pi,2182,433
pi,2183,225
pi,2183,536
pi,2186,803
pi,2186,860
pi,2188,137
pi,2188,290
pi,2189,201
pi,2189,586
pi,2190,138
pi,2190,589
pi,2192,107
pi,2192,154
pi,2194,408
pi,2195,640
pi,2197,476
pi,2198,637
pi,2199,833
pi,2200,113
pi,2202,481
pi,2204,289
pi,2204,295
pi,2205,185
pi,2205,255
pi,2206,311
pi,2207,638
pi,2207,674
pi,2208,161
pi,2208,555
pi,2209,600
pi,2211,747
pi,2212,964
pi,2213,156
pi,2213,586
pi,2214,912
pi,2215,541
pi,2216,155
pi,2217,541
pi,2218,281
pi,2218,766
pi,2219,115
pi,2219,273
pi,2220,272
pi,2223,375
pi,2226,385
pi,2227,217
pi,2228,122
pi,2228,229
pi,2229,362
pi,2229,444
pi,2234,175
pi,2235,174
pi,2235,568
pi,2236,729
pi,2245,620
pi,2248,703
pi,2252,690
pi,2253,708
pi,2254,858
pi,2255,482
pi,2257,699
pi,2260,199
pi,2263,249
pi,2263,776
pi,2264,247
pi,2264,643
pi,2265,156
pi,2266,340
pi,2266,551
pi,2267,238
pi,2267,563
pi,2270,300
pi,2270,459
pi,2271,913
pi,2274,228
pi,2275,240
pi,2277,311
pi,2279,356
pi,2280,361
pi,2283,775
pi,2285,891
pi,2287,616
pi,2289,101
pi,2289,952
pi,2290,750
pi,2294,470
pi,2295,114
pi,2295,240
pi,2295,565
pi,2296,500
pi,2297,162
pi,2297,496
pi,2299,120
pi,2302,183
pi,2302,606
pi,2302,765
pi,2303,231
pi,2303,570
pi,2305,176
pi,2305,671
pi,2306,104
pi,2306,426
pi,2306,468
pi,2307,599
pi,2307,776
pi,2309,572
pi,2310,541
pi,2311,228
pi,2315,368
pi,2316,189
pi,2316,778
pi,2317,592
pi,2320,203
pi,2320,631
pi,2323,182
pi,2326,363
pi,2326,782
pi,2327,178
pi,2329,115
pi,2329,128
pi,2329,235
pi,2330,209
pi,2330,736
pi,2332,288
pi,2335,163
pi,2335,429
pi,2337,141
pi,2337,617
pi,2338,143
pi,2338,487
pi,2341,300
pi,2341,595
pi,2343,711
pi,2344,129
pi,2344,722
pi,2345,391
pi,2346,912
pi,2348,429
pi,2350,553
pi,2351,121
pi,2351,361
pi,2354,449
pi,2356,280
pi,2357,166
pi,2359,101
pi,2359,879
pi,2361,141
pi,2361,151
pi,2361,208
pi,2361,623
pi,2364,635
pi,2365,545
pi,2367,279
pi,2368,171
pi,2368,537
pi,2369,164
pi,2369,310
pi,2370,278
pi,2370,423
pi,2372,203
pi,2372,210
pi,2372,604
pi,2373,220
pi,2373,413
pi,2373,512
pi,2376,244
pi,2376,388
pi,2377,138
pi,2377,221
pi,2377,285
pi,2377,607
pi,2379,486
pi,2379,688
pi,2380,105
pi,2380,190
pi,2380,355
pi,2382,169
pi,2382,245
pi,2383,400
pi,2383,434
pi,2384,688
pi,2386,148
pi,2389,955
pi,2390,427
pi,2393,553
pi,2400,561
pi,2400,855
pi,2402,348
pi,2403,691
pi,2404,971
pi,2405,193
pi,2405,281
pi,2405,331
pi,2405,654
pi,2406,140
pi,2406,655
pi,2407,199
pi,2407,478
pi,2407,839
pi,2408,199
pi,2408,738
pi,2409,681
pi,2410,681
pi,2413,533
pi,2414,1000
pi,2415,362
pi,2416,230
pi,2416,377
pi,2417,441
pi,2418,363
pi,2420,376
pi,2421,114
pi,2422,714
pi,2422,849
pi,2424,257
pi,2426,447
pi,2426,895
pi,2427,341
pi,2427,560
pi,2428,971
pi,2430,746
pi,2437,343
pi,2437,839
pi,2438,132
pi,2438,427
pi,2442,545
pi,2443,104
pi,2444,617
pi,2448,502
pi,2449,234
pi,2449,448
pi,2449,825
pi,2450,239
pi,2452,576
pi,2453,154
pi,2454,121
pi,2456,150
pi,2456,153
pi,2456,492
pi,2457,109
pi,2457,275
pi,2458,477
pi,2458,656
pi,2459,132
pi,2462,173
pi,2463,372
pi,2463,651
pi,2464,292
pi,2465,486
pi,2465,846
pi,2466,143
pi,2466,245
pi,2467,500
pi,2468,147
pi,2470,387
pi,2471,210
pi,2472,176
pi,2472,342
pi,2473,125
pi,2473,492
pi,2474,431
pi,2474,693
pi,2475,262
pi,2475,302
pi,2475,591
pi,2476,110
pi,2476,139
pi,2476,216
pi,2476,260
pi,2476,427
pi,2477,251
pi,2478,155
pi,2480,125
pi,2481,111
pi,2481,370
pi,2482,488
pi,2482,497
pi,2485,420
pi,2486,150
pi,2486,288
pi,2489,758
pi,2490,286
pi,2490,416
pi,2491,246
pi,2491,868
pi,2492,101
pi,2493,665
pi,2494,112
pi,2494,829
pi,2495,242
pi,2495,743
pi,2496,972
pi,2497,346
pi,2497,407
pi,2497,502
pi,2497,683
pi,2497,793
pi,2498,282
pi,2498,293
pi,2499,352
pi,2502,458
pi,2504,102
pi,2504,131
pi,2504,144
pi,2504,347
pi,2508,452
pi,2510,769
pi,2512,225
pi,2512,252
pi,2517,112
pi,2517,230
pi,2518,250
pi,2522,255
pi,2523,128
pi,2523,217
pi,2523,547
pi,2523,560
pi,2523,958
pi,2525,239
pi,2525,973
pi,2528,275
pi,2528,618
pi,2528,805
pi,2529,336
pi,2530,368
pi,2531,260
pi,2531,903
pi,2532,889
pi,2534,226
pi,2534,275
pi,2536,145
pi,2537,261
pi,2538,301
pi,2539,221
pi,2539,680
pi,2540,122
pi,2547,132
pi,2547,267
pi,2548,263
pi,2548,764
pi,2549,133
pi,2549,569
pi,2550,225
pi,2552,355
pi,2553,140
pi,2553,200
pi,2553,221
pi,2553,355
pi,2554,145
pi,2554,157
pi,2554,171
pi,2556,141
pi,2556,379
pi,2556,472
pi,2558,182
pi,2558,327
pi,2558,959
pi,2560,123
pi,2561,203
pi,2563,832
pi,2566,113
pi,2566,116
pi,2566,829
pi,2568,610
pi,2569,895
pi,2571,111
pi,2572,279
pi,2572,336
pi,2572,495
pi,2573,292
pi,2575,153
pi,2575,679
pi,2576,251
pi,2576,259
pi,2576,490
pi,2579,260
pi,2581,834
pi,2584,836
pi,2585,439
pi,2586,697
pi,2587,154
pi,2588,396
pi,2588,782
pi,2590,319
pi,2593,165
pi,2593,170
pi,2593,574
pi,2593,982
pi,2594,590
pi,2595,117
pi,2595,304
pi,2595,404
pi,2596,324
pi,2596,436
pi,2596,634
pi,2596,891
pi,2597,159
pi,2597,233
pi,2598,382
pi,2598,406
pi,2599,138
pi,2599,539
pi,2600,309
pi,2600,646
pi,2601,892
pi,2604,543
pi,2605,434
pi,2606,300
pi,2608,167
pi,2610,728
pi,2611,992
pi,2612,117
pi,2612,156
pi,2612,954
pi,2613,134
pi,2613,523
pi,2614,303
pi,2614,954
pi,2615,799
pi,2615,890
pi,2616,879
pi,2617,280
pi,2619,192
pi,2620,420
pi,2620,782
pi,2621,236
pi,2622,114
pi,2622,982
pi,2623,327
pi,2625,104
pi,2625,298
pi,2626,407
pi,2626,545
pi,2628,519
pi,2629,836
pi,2631,409
pi,2631,763
pi,2632,910
pi,2633,585
pi,2634,112
pi,2634,713
pi,2634,916
pi,2635,123
pi,2636,114
pi,2636,236
pi,2637,177
pi,2638,341
pi,2639,125
pi,2639,296
pi,2639,312
pi,2639,337
pi,2641,477
pi,2641,730
pi,2647,384
pi,2648,300
pi,2649,130
pi,2649,155
pi,2651,316
pi,2651,625
pi,2652,162
pi,2653,143
pi,2653,146
pi,2653,274
pi,2653,293
pi,2653,643
pi,2654,686
pi,2654,896
pi,2659,121
pi,2659,236
pi,2659,247
pi,2660,115
pi,2660,213
pi,2661,887
pi,2661,934
pi,2663,240
pi,2664,153
pi,2664,275
pi,2664,504
pi,2667,147
pi,2667,278
pi,2667,509
pi,2668,131
pi,2668,241
pi,2669,170
pi,2669,518
pi,2669,725
pi,2671,186
pi,2672,618
pi,2672,726
pi,2676,263
pi,2677,183
pi,2678,223
pi,2680,634
pi,2680,948
pi,2680,978
pi,2681,610
pi,2684,201
pi,2687,152
pi,2687,188
pi,2687,551
pi,2687,865
pi,2688,368
pi,2689,377
pi,2692,707
pi,2693,179
pi,2693,588
pi,2696,107
pi,2696,134
pi,2698,548
pi,2698,769
pi,2698,830
pi,2702,263
pi,2705,140
pi,2705,276
pi,2705,751
pi,2705,840
pi,2706,524
pi,2707,292
pi,2707,970
pi,2708,248
pi,2708,297
pi,2709,562
pi,2711,782
pi,2712,193
pi,2712,248
pi,2713,337
pi,2713,961
pi,2714,270
pi,2716,319
pi,2719,894
pi,2721,128
pi,2723,142
pi,2724,702
pi,2725,413
pi,2725,547
pi,2726,275
pi,2727,845
pi,2728,699
pi,2729,110
pi,2729,136
pi,2730,169
pi,2730,182
pi,2733,867
pi,2733,998
pi,2735,120
pi,2735,356
pi,2736,215
pi,2736,597
pi,2736,670
pi,2737,767
pi,2739,135
pi,2739,545
pi,2739,903
pi,2741,836
pi,2742,143
pi,2742,405
pi,2742,452
pi,2747,230
pi,2747,252
pi,2748,471
pi,2748,555
pi,2749,671
pi,2751,277
pi,2754,104
pi,2756,288
pi,2758,150
pi,2760,201
pi,2761,180
pi,2761,639
pi,2763,973
pi,2767,530
pi,2768,371
pi,2769,349
pi,2770,184
pi,2772,180
pi,2773,126
pi,2773,931
pi,2774,477
pi,2774,509
pi,2774,547
pi,2775,202
pi,2776,238
pi,2777,175
pi,2777,256
pi,2778,799
pi,2778,943
pi,2779,144
pi,2779,175
pi,2780,297
pi,2782,725
pi,2783,136
pi,2788,135
pi,2790,631
pi,2795,672
pi,2796,317
pi,2797,679
pi,2798,182
pi,2803,159
pi,2803,399
pi,2805,185
pi,2805,498
pi,2809,731
pi,2809,968
pi,2810,832
pi,2812,219
pi,2812,301
pi,2812,358
pi,2812,558
pi,2813,181
pi,2813,245
pi,2813,581
pi,2813,616
pi,2813,836
pi,2814,184
pi,2814,253
pi,2815,729
pi,2815,763
pi,2816,111
pi,2816,297
pi,2816,393
pi,2816,907
pi,2819,256
pi,2820,491
pi,2820,524
pi,2822,209
pi,2822,682
pi,2823,217
pi,2823,842
pi,2823,943
pi,2823,972
pi,2825,283
pi,2826,123
pi,2826,168
pi,2826,352
pi,2826,693
pi,2828,148
pi,2828,578
pi,2829,131
pi,2829,143
pi,2830,467
pi,2830,755
pi,2832,165
pi,2832,262
pi,2833,102
pi,2833,122
pi,2834,117
pi,2834,447
pi,2835,111
pi,2836,124
pi,2837,102
pi,2837,161
pi,2837,275
pi,2840,122
pi,2840,704
pi,2843,218
pi,2843,465
pi,2843,770
pi,2845,953
pi,2846,470
pi,2847,602
pi,2848,222
pi,2849,149
pi,2849,201
pi,2849,290
pi,2850,240
pi,2850,654
pi,2851,267
pi,2852,214
pi,2853,219
pi,2853,645
pi,2855,396
pi,2855,560
pi,2856,156
pi,2856,365
pi,2856,934
pi,2858,717
pi,2860,915
pi,2862,929
pi,2864,137
pi,2864,167
pi,2864,331
pi,2868,310
pi,2868,753
pi,2870,205
pi,2870,371
pi,2872,449
pi,2872,919
pi,2874,754
pi,2876,114
pi,2876,190
pi,2876,438
pi,2876,494
pi,2876,788
pi,2877,187
pi,2878,167
pi,2878,393
pi,2879,166
pi,2879,167
pi,2879,742
pi,2880,109
pi,2883,354
pi,2884,156
pi,2884,787
pi,2885,718
pi,2887,145
pi,2887,146
pi,2888,337
pi,2888,392
pi,2890,713
pi,2893,139
pi,2895,109
pi,2896,502
pi,2897,102
pi,2897,827
pi,2899,177
pi,2900,133
pi,2901,973
pi,2902,278
pi,2902,819
pi,2903,143
pi,2903,169
pi,2903,194
pi,2903,808
pi,2904,121
pi,2904,142
pi,2904,682
pi,2905,873
pi,2906,636
pi,2906,843
pi,2907,635
pi,2908,747
pi,2909,141
pi,2910,266
pi,2912,120
pi,2912,616
pi,2913,591
pi,2915,155
pi,2915,931
pi,2916,125
pi,2916,697
pi,2917,769
pi,2917,925
pi,2921,360
pi,2921,487
pi,2921,549
pi,2921,586
pi,2922,123
pi,2922,413
pi,2923,631
pi,2925,110
pi,2925,730
pi,2925,739
pi,2926,133
pi,2934,143
pi,2934,234
pi,2935,773
pi,2936,424
pi,2936,539
pi,2936,760
pi,2937,154
pi,2938,121
pi,2938,212
pi,2939,117
pi,2940,127
pi,2944,136
pi,2945,309
pi,2945,457
pi,2946,118
pi,2947,103
pi,2947,244
pi,2947,312
pi,2951,728
pi,2952,160
pi,2953,150
pi,2953,457
pi,2954,273
pi,2955,275
pi,2957,310
pi,2958,448
pi,2962,464
pi,2963,109
pi,2965,410
pi,2965,475
pi,2967,349
pi,2968,438
pi,2968,803
pi,2968,886
pi,2969,190
pi,2971,223
pi,2972,467
pi,2973,117
pi,2974,245
pi,2974,425
pi,2974,776
pi,2976,155
pi,2976,697
pi,2978,576
pi,2979,160
pi,2982,202
pi,2984,246
pi,2984,308
pi,2988,174
pi,2988,427
pi,2989,137
pi,2989,337
pi,2990,181
pi,2991,752
pi,2991,805
pi,2992,226
pi,2992,284
pi,2992,413
pi,2995,221
pi,2995,302
pi,2995,590
pi,2996,150
pi,2998,675
pi,2999,339
pi,3000,195
pi,3000,447
pi,3000,465
pi,3001,334
pi,3004,212
pi,3005,470
pi,3005,547
pi,3007,106
pi,3007,886
pi,3009,594
pi,3009,781
pi,3011,147
pi,3011,713
pi,3013,228
pi,3017,130
pi,3019,565
pi,3022,922
pi,3023,329
pi,3023,925
pi,3024,710
pi,3027,198
pi,3027,264
pi,3027,631
pi,3028,210
pi,3030,419
pi,3030,812
pi,3031,107
pi,3031,156
pi,3031,587
pi,3032,258
pi,3034,208
pi,3034,249
pi,3035,260
pi,3036,142
pi,3036,155
pi,3038,171
pi,3040,198
pi,3042,126
pi,3043,806
pi,3046,356
pi,3048,402
pi,3049,101
pi,3051,355
pi,3051,806
pi,3056,532
pi,3056,694
pi,3057,159
pi,3059,341
pi,3060,212
pi,3063,248
pi,3063,387
pi,3066,529
pi,3066,806
pi,3066,947
pi,3068,504
pi,3070,607
pi,3072,417
pi,3074,120
pi,3074,286
pi,3074,372
pi,3074,982
pi,3075,388
pi,3076,476
pi,3077,193
pi,3078,412
pi,3079,105
pi,3079,148
pi,3079,561
pi,3082,748
pi,3083,292
pi,3083,996
pi,3084,276
pi,3085,455
pi,3086,206
pi,3087,104
pi,3087,252
pi,3087,318
pi,3088,752
pi,3089,268
pi,3090,201
pi,3090,893
pi,3092,204
pi,3092,335
pi,3093,128
pi,3094,456
pi,3097,384
pi,3099,152
pi,3099,191
pi,3099,574
pi,3100,620
pi,3102,121
pi,3102,688
pi,3104,271
pi,3104,338
pi,3104,645
pi,3104,822
pi,3104,852
pi,3107,741
pi,3108,262
pi,3108,440
pi,3108,595
pi,3109,150
pi,3110,157
pi,3110,174
pi,3112,990
pi,3113,257
pi,3114,170
pi,3115,211
pi,3116,707
pi,3116,779
pi,3117,317
pi,3118,402
pi,3120,410
pi,3121,570
pi,3124,274
pi,3124,326
pi,3124,395
pi,3125,996
pi,3127,895
pi,3130,210
pi,3130,411
pi,3131,165
pi,3131,677
pi,3132,893
pi,3133,162
pi,3133,393
pi,3136,234
pi,3136,400
pi,3136,416
pi,3136,692
pi,3137,297
pi,3137,594
pi,3140,280
pi,3140,379
pi,3141,914
pi,3142,365
pi,3142,892
pi,3143,870
pi,3145,814
pi,3146,149
pi,3146,339
pi,3146,354
pi,3146,893
pi,3147,137
pi,3148,163
pi,3148,912
pi,3149,250
pi,3150,183
pi,3152,201
pi,3152,275
pi,3153,205
pi,3156,782
pi,3156,866
pi,3157,126
pi,3158,116
pi,3158,310
pi,3158,596
pi,3160,846
pi,3162,135
pi,3162,524
pi,3164,116
pi,3164,199
pi,3165,206
pi,3166,146
pi,3166,580
pi,3167,228
pi,3167,238
pi,3169,431
pi,3172,249
pi,3172,376
pi,3173,827
pi,3174,109
pi,3175,220
pi,3176,211
pi,3177,371
pi,3178,197
pi,3178,496
pi,3181,434
pi,3181,527
pi,3182,176
pi,3182,207
pi,3183,172
pi,3185,403
pi,3185,697
pi,3186,110
pi,3186,167
pi,3188,120
pi,3188,412
pi,3189,181
pi,3189,641
pi,3190,651
pi,3192,532
pi,3192,599
pi,3194,205
pi,3196,114
pi,3197,293
pi,3197,336
pi,3197,348
pi,3199,241
pi,3200,158
pi,3200,894
pi,3205,118
pi,3205,416
pi,3207,388
pi,3210,109
pi,3211,184
pi,3211,283
pi,3212,104
pi,3213,291
pi,3214,290
pi,3215,144
pi,3215,741
pi,3217,578
pi,3218,686
pi,3220,113
pi,3220,169
pi,3221,184
pi,3222,106
pi,3222,217
pi,3222,686
pi,3223,702
pi,3225,225
pi,3225,604
pi,3228,177
pi,3228,299
pi,3229,106
pi,3230,279
pi,3231,126
pi,3234,168
pi,3236,134
pi,3237,253
pi,3238,114
pi,3240,118
pi,3240,385
pi,3241,153
pi,3243,343
pi,3243,606
pi,3244,170
pi,3244,446
pi,3244,970
pi,3245,176
pi,3245,764
pi,3246,376
pi,3254,573
pi,3257,592
pi,3258,200
pi,3258,590
pi,3261,567
pi,3261,778
pi,3262,472
pi,3263,449
pi,3263,863
pi,3265,562
pi,3266,215
pi,3270,842
pi,3275,106
pi,3275,118
pi,3275,860
pi,3276,328
pi,3278,137
pi,3279,567
pi,3279,649
pi,3279,942
pi,3282,678
pi,3286,336
pi,3286,979
pi,3289,215
pi,3289,347
pi,3291,295
pi,3291,327
pi,3292,134
pi,3292,950
pi,3294,106
pi,3294,146
pi,3294,405
pi,3295,385
pi,3302,120
pi,3302,557
pi,3305,201
pi,3306,194
pi,3306,214
pi,3306,242
pi,3306,398
pi,3306,480
pi,3307,237
pi,3307,948
pi,3309,159
pi,3309,221
pi,3310,197
pi,3311,297
pi,3312,309
pi,3313,616
pi,3315,434
pi,3315,906
pi,3316,513
pi,3317,374
pi,3318,185
pi,3318,517
pi,3319,127
pi,3319,168
pi,3319,301
pi,3320,498
pi,3320,588
pi,3325,252
pi,3325,339
pi,3325,690
pi,3326,488
pi,3326,681
pi,3328,172
pi,3328,264
pi,3329,259
pi,3331,504
pi,3331,864
pi,3332,208
pi,3333,162
pi,3333,244
pi,3333,842
pi,3335,111
pi,3337,172
pi,3340,165
pi,3341,187
pi,3341,408
pi,3342,193
pi,3342,652
pi,3344,204
pi,3344,486
pi,3345,258
pi,3345,316
pi,3346,231
pi,3347,357
pi,3348,110
pi,3349,114
pi,3350,106
pi,3350,247
pi,3351,153
pi,3351,227
pi,3351,241
pi,3351,257
pi,3351,345
pi,3351,738
pi,3352,109
pi,3352,183
pi,3352,261
pi,3352,462
pi,3354,152
pi,3354,355
pi,3355,138
pi,3355,233
pi,3359,108
pi,3359,207
pi,3359,860
pi,3360,127
pi,3361,169
pi,3362,857
pi,3364,454
pi,3366,229
pi,3366,262
pi,3366,297
pi,3367,759
pi,3368,778
pi,3369,308
pi,3369,821
pi,3370,367
pi,3372,627
pi,3373,541
pi,3374,102
pi,3374,189
pi,3374,783
pi,3379,292
pi,3381,146
pi,3382,236
pi,3383,340
pi,3387,458
pi,3389,470
pi,3393,101
pi,3393,142
pi,3394,330
pi,3396,114
pi,3396,124
pi,3396,284
pi,3396,497
pi,3397,107
pi,3398,341
pi,3398,525
pi,3402,103
pi,3402,501
pi,3404,270
pi,3405,190
pi,3405,266
pi,3408,128
pi,3409,143
pi,3410,294
pi,3410,380
pi,3410,906
pi,3419,272
pi,3419,282
pi,3419,453
pi,3420,172
pi,3421,163
pi,3421,342
pi,3422,162
pi,3422,253
pi,3422,359
pi,3426,243
pi,3427,186
pi,3427,354
pi,3427,633
pi,3428,113
pi,3429,461
pi,3430,198
pi,3430,300
pi,3431,164
pi,3432,496
pi,3434,707
pi,3435,136
pi,3435,276
pi,3437,126
pi,3437,159
pi,3437,576
pi,3438,190
pi,3438,202
pi,3439,311
pi,3440,234
pi,3440,248
pi,3440,613
pi,3441,130
pi,3442,398
pi,3443,165
pi,3443,201
pi,3443,780
pi,3445,229
pi,3445,357
pi,3445,463
pi,3446,800
pi,3447,137
pi,3447,141
pi,3447,218
pi,3447,222
pi,3447,347
pi,3448,490
pi,3449,590
pi,3451,372
pi,3453,131
pi,3454,402
pi,3455,190
pi,3457,279
pi,3457,377
pi,3459,650
pi,3460,574
pi,3462,288
pi,3462,394
pi,3465,101
pi,3465,106
pi,3465,637
pi,3466,995
pi,3468,253
pi,3469,361
pi,3470,138
pi,3470,148
pi,3471,113
pi,3474,667
pi,3474,932
pi,3475,129
pi,3475,371
pi,3476,102
pi,3478,234
pi,3478,557
pi,3479,113
pi,3479,416
pi,3480,295
pi,3480,919
pi,3484,133
pi,3484,511
pi,3485,179
pi,3485,192
pi,3488,187
pi,3491,105
pi,3492,128
pi,3493,344
pi,3493,490
pi,3493,507
pi,3493,934
pi,3494,164
pi,3496,205
pi,3496,300
pi,3497,182
pi,3497,215
pi,3498,795
pi,3499,500
pi,3500,142
pi,3500,191
pi,3500,372
pi,3502,300
pi,3506,114
pi,3506,399
pi,3506,503
pi,3506,855
pi,3507,216
pi,3508,740
pi,3509,320
pi,3511,102
pi,3511,131
pi,3512,312
pi,3512,814
pi,3515,221
pi,3516,618
pi,3518,947
pi,3519,279
pi,3519,504
pi,3520,248
pi,3521,532
pi,3521,534
pi,3522,168
pi,3522,276
pi,3523,200
pi,3526,739
pi,3527,396
pi,3527,576
pi,3527,590
pi,3527,905
pi,3531,105
pi,3531,127
pi,3531,263
pi,3532,110
pi,3532,230
pi,3532,255
pi,3533,798
pi,3534,919
pi,3535,168
pi,3536,354
pi,3536,383
pi,3537,209
pi,3537,229
pi,3537,265
pi,3537,523
pi,3539,203
pi,3539,224
pi,3539,296
pi,3540,109
pi,3540,173
pi,3540,210
pi,3542,333
pi,3542,572
pi,3543,148
pi,3543,491
pi,3548,487
pi,3548,637
pi,3549,217
pi,3549,577
pi,3550,424
pi,3550,788
pi,3551,110
pi,3551,230
pi,3553,820
pi,3556,557
pi,3557,154
pi,3557,321
pi,3560,418
pi,3560,823
pi,3562,292
pi,3562,433
pi,3565,159
pi,3565,275
pi,3565,339
pi,3565,517
pi,3566,283
pi,3566,748
pi,3567,242
pi,3568,141
pi,3568,145
pi,3568,238
pi,3568,646
pi,3569,745
pi,3571,451
pi,3573,441
pi,3574,172
pi,3574,432
pi,3574,583
pi,3575,299
pi,3576,138
pi,3576,173
pi,3578,645
pi,3579,117
pi,3579,815
pi,3580,566
pi,3583,474
pi,3585,213
pi,3585,858
pi,3587,218
pi,3587,729
pi,3589,620
pi,3591,211
pi,3591,657
pi,3593,127
pi,3593,971
pi,3594,141
pi,3595,109
pi,3595,761
pi,3596,170
pi,3598,180
pi,3598,306
pi,3598,791
pi,3599,136
pi,3600,280
pi,3600,414
pi,3601,120
pi,3602,646
pi,3603,140
pi,3603,416
pi,3603,687
pi,3604,105
pi,3604,109
pi,3605,610
pi,3606,175
pi,3607,773
pi,3608,227
pi,3608,643
pi,3612,229
pi,3614,122
pi,3614,813
pi,3615,917
pi,3616,130
pi,3616,747
pi,3617,224
pi,3617,278
pi,3617,744
pi,3618,153
pi,3618,189
pi,3619,152
pi,3620,220
pi,3620,419
pi,3620,825
pi,3624,205
pi,3624,319
pi,3625,204
pi,3626,875
pi,3627,950
pi,3633,692
pi,3636,269
pi,3638,704
pi,3639,571
pi,3643,181
pi,3648,114
pi,3648,123
pi,3649,256
pi,3650,292
pi,3651,155
pi,3651,752
pi,3652,392
pi,3653,354
pi,3654,552
pi,3654,819
pi,3655,988
pi,3656,184
pi,3658,499
pi,3659,164
pi,3659,189
pi,3660,146
pi,3661,214
pi,3662,173
pi,3662,664
pi,3663,337
pi,3663,719
pi,3664,131
pi,3664,144
pi,3664,380
pi,3664,719
pi,3667,175
pi,3668,477
pi,3670,595
pi,3671,285
pi,3672,106
pi,3675,338
pi,3676,303
pi,3678,178
pi,3678,861
pi,3680,810
pi,3682,112
pi,3683,158
pi,3684,150
pi,3684,395
pi,3686,163
pi,3686,240
pi,3688,502
pi,3688,889
pi,3691,163
pi,3692,117
pi,3692,231
pi,3695,789
pi,3695,791
pi,3699,125
pi,3701,108
pi,3701,145
pi,3701,194
pi,3702,159
pi,3704,170
pi,3705,975
pi,3708,719
pi,3709,217
pi,3710,566
pi,3711,672
pi,3712,734
pi,3712,747
pi,3713,117
pi,3716,497
pi,3716,532
pi,3717,283
pi,3719,201
pi,3720,725
pi,3722,181
pi,3723,260
pi,3723,447
pi,3724,104
pi,3724,702
pi,3724,906
pi,3726,131
pi,3726,239
pi,3727,610
pi,3728,294
pi,3730,746
pi,3731,596
pi,3733,113
pi,3733,380
pi,3737,141
pi,3738,104
pi,3738,154
pi,3738,572
pi,3741,382
pi,3743,131
pi,3743,530
pi,3744,880
pi,3746,388
pi,3746,825
pi,3747,101
pi,3748,144
pi,3748,271
pi,3751,632
pi,3751,695
pi,3752,138
pi,3752,222
pi,3752,243
pi,3754,359
pi,3757,494
pi,3760,905
pi,3761,706
pi,3762,181
pi,3765,230
pi,3767,175
pi,3768,226
pi,3770,123
pi,3770,449
pi,3770,563
pi,3771,172
pi,3772,322
pi,3773,236
pi,3774,104
pi,3777,131
pi,3780,125
pi,3780,220
pi,3781,465
pi,3782,161
pi,3782,358
pi,3782,730
pi,3783,696
pi,3784,222
pi,3785,775
pi,3787,273
pi,3792,146
pi,3793,409
pi,3794,433
pi,3799,106
pi,3799,143
pi,3799,630
pi,3802,223
pi,3802,812
pi,3804,174
pi,3804,275
pi,3805,232
pi,3805,416
pi,3806,758
pi,3809,146
pi,3809,496
pi,3810,169
pi,3810,392
pi,3810,847
pi,3813,285
pi,3815,412
pi,3817,177
pi,3820,756
pi,3826,505
pi,3827,180
pi,3827,302
pi,3827,757
pi,3828,518
pi,3828,665
pi,3828,829
pi,3831,143
pi,3834,144
pi,3839,422
pi,3839,721
pi,3839,728
pi,3840,103
pi,3842,348
pi,3843,347
pi,3845,672
pi,3847,623
pi,3847,681
pi,3851,143
pi,3852,115
pi,3852,415
pi,3852,805
pi,3852,888
pi,3858,998
pi,3859,238
pi,3860,590
pi,3866,113
pi,3866,230
pi,3868,192
pi,3868,255
pi,3868,493
pi,3870,318
pi,3872,119
pi,3872,524
pi,3872,822
pi,3873,447
pi,3874,125
pi,3874,945
pi,3876,264
pi,3876,984
pi,3877,852
pi,3877,986
pi,3879,114
pi,3880,326
pi,3881,361
pi,3883,463
pi,3883,497
pi,3885,160
pi,3885,624
pi,3885,779
pi,3886,196
pi,3887,104
pi,3887,927
pi,3888,256
pi,3889,326
pi,3890,954
pi,3892,133
pi,3892,344
pi,3894,177
pi,3895,246
pi,3895,746
pi,3896,465
pi,3898,108
pi,3898,309
pi,3899,657
pi,3900,182
pi,3905,176
pi,3905,415
pi,3906,994
pi,3907,726
pi,3910,225
pi,3910,502
pi,3912,355
pi,3912,388
pi,3912,903
pi,3913,730
pi,3914,400
pi,3914,808
pi,3915,728
pi,3915,907
pi,3916,906
pi,3918,135
pi,3918,633
pi,3920,353
pi,3920,385
pi,3921,578
pi,3922,491
pi,3922,537
pi,3923,221
pi,3923,579
pi,3925,289
pi,3928,233
pi,3929,110
pi,3930,703
pi,3931,140
pi,3932,163
pi,3932,411
pi,3933,572
pi,3933,720
pi,3939,930
pi,3941,141
pi,3941,463
pi,3942,325
pi,3942,908
pi,3943,122
pi,3944,226
pi,3946,370
pi,3946,649
pi,3946,804
pi,3947,151
pi,3948,254
pi,3952,403
pi,3956,185
pi,3957,256
pi,3957,764
pi,3959,850
pi,3961,160
pi,3962,577
pi,3968,211
pi,3970,111
pi,3970,375
pi,3971,268
pi,3975,159
pi,3976,767
pi,3977,196
pi,3977,236
pi,3980,109
pi,3984,150
pi,3986,143
pi,3986,250
pi,3987,222
pi,3987,379
pi,3989,714
pi,3990,475
pi,3995,180
pi,3996,706
pi,3998,175
pi,3999,210
pi,3999,508
pi,4000,126
pi,4000,293
pi,4000,327
pi,4000,860
pi,4002,139
pi,4004,268
pi,4006,214
pi,4008,347
pi,4008,976
pi,4009,176
pi,4009,624
pi,4009,686
pi,4010,281
pi,4011,585
pi,4011,980
pi,4014,369
pi,4017,104
pi,4018,441
pi,4018,461
pi,4019,554
pi,4020,508
pi,4021,284
pi,4021,944
pi,4024,215
pi,4024,224
pi,4024,248
pi,4024,716
pi,4025,109
pi,4026,226
pi,4026,300
pi,4026,319
pi,4027,293
pi,4027,702
pi,4031,633
pi,4032,188
pi,4032,777
pi,4033,157
pi,4033,182
pi,4033,420
pi,4033,856
pi,4034,257
pi,4036,183
pi,4036,210
pi,4036,353
pi,4040,533
pi,4040,978
pi,4041,498
pi,4041,720
pi,4043,137
pi,4043,890
pi,4045,275
pi,4046,226
pi,4049,383
pi,4049,535
pi,4049,994
pi,4051,768
pi,4052,293
pi,4052,521
pi,4055,349
pi,4055,838
pi,4057,394
pi,4057,961
pi,4059,189
pi,4059,348
pi,4059,885
pi,4061,109
pi,4062,113
pi,4062,125
pi,4062,174
pi,4063,143
pi,4063,712
pi,4066,250
pi,4072,695
pi,4073,252
pi,4074,281
pi,4075,569
pi,4078,260
pi,4079,758
pi,4080,451
pi,4080,853
pi,4081,158
pi,4085,335
pi,4086,180
pi,4086,960
pi,4087,238
pi,4087,384
pi,4088,388
pi,4088,606
pi,4089,788
pi,4090,376
pi,4094,367
pi,4095,288
pi,4095,539
pi,4096,106
pi,4096,957
pi,4100,107
pi,4101,257
pi,4101,435
pi,4102,203
pi,4103,136
pi,4104,863
pi,4106,214
pi,4106,252
pi,4106,340
pi,4108,239
pi,4109,401
pi,4109,491
pi,4114,137
pi,4114,290
pi,4115,151
pi,4115,799
pi,4116,303
pi,4117,129
pi,4118,143
pi,4119,123
pi,4119,181
pi,4123,491
pi,4129,141
pi,4129,399
pi,4130,498
pi,4131,413
pi,4133,877
pi,4134,114
pi,4134,591
pi,4135,319
pi,4138,840
pi,4141,164
pi,4142,342
pi,4142,601
pi,4143,184
pi,4143,347
pi,4144,887
pi,4146,338
pi,4147,885
pi,4148,330
pi,4148,496
pi,4149,427
pi,4149,869
pi,4151,280
pi,4152,195
pi,4152,542
pi,4154,281
pi,4155,480
pi,4156,191
pi,4156,226
pi,4157,314
pi,4161,104
pi,4161,200
pi,4161,350
pi,4163,147
pi,4165,926
pi,4165,954
pi,4167,166
pi,4169,556
pi,4171,737
pi,4174,451
pi,4174,754
pi,4175,114
pi,4175,743
pi,4176,794
pi,4177,438
pi,4177,456
pi,4178,291
pi,4179,331
pi,4179,383
pi,4181,321
pi,4181,836
pi,4182,164
pi,4182,268
pi,4182,629
pi,4184,105
pi,4186,209
pi,4189,506
pi,4190,682
pi,4192,435
pi,4192,753
pi,4192,937
pi,4194,297
pi,4195,400
pi,4197,381
pi,4197,583
pi,4204,133
pi,4206,127
pi,4206,240
pi,4209,610
pi,4210,259
pi,4210,470
pi,4211,103
pi,4211,193
pi,4211,517
pi,4212,192
pi,4213,214
pi,4213,260
pi,4214,182
pi,4215,111
pi,4215,291
pi,4215,483
pi,4216,254
pi,4219,106
pi,4219,118
pi,4219,154
pi,4220,246
pi,4221,754
pi,4225,102
pi,4225,141
pi,4225,161
pi,4228,118
pi,4229,338
pi,4229,371
pi,4232,382
pi,4232,690
pi,4234,233
pi,4237,236
pi,4237,501
pi,4237,694
pi,4239,231
pi,4239,272
pi,4239,605
pi,4240,126
pi,4240,150
pi,4241,480
pi,4243,459
pi,4244,215
pi,4245,197
pi,4245,331
pi,4245,759
pi,4246,497
pi,4247,420
pi,4248,283
pi,4250,106
pi,4251,599
pi,4251,849
pi,4253,148
pi,4254,259
pi,4254,567
pi,4258,128
pi,4258,279
pi,4261,183
pi,4267,397
pi,4269,262
pi,4269,676
pi,4270,208
pi,4270,830
pi,4271,777
pi,4272,544
pi,4274,339
pi,4276,345
pi,4276,349
pi,4277,199
pi,4277,790
pi,4278,189
pi,4279,134
pi,4280,400
pi,4281,826
pi,4283,218
pi,4286,103
pi,4289,341
pi,4290,216
pi,4291,129
pi,4292,158
pi,4292,226
pi,4292,500
pi,4295,155
pi,4296,318
pi,4298,195
pi,4298,506
pi,4299,127
pi,4299,402
pi,4301,343
pi,4301,617
pi,4302,554
pi,4303,126
pi,4303,207
pi,4304,203
pi,4305,204
pi,4305,206
pi,4309,228
pi,4309,382
pi,4309,692
pi,4311,314
pi,4311,665
pi,4312,132
pi,4312,301
pi,4313,468
pi,4313,537
pi,4315,194
pi,4315,320
pi,4317,154
pi,4317,190
pi,4317,219
pi,4318,141
pi,4318,173
pi,4319,214
pi,4319,218
pi,4320,124
pi,4324,129
pi,4325,246
pi,4328,285
pi,4328,791
pi,4329,207
pi,4329,830
pi,4330,266
pi,4331,138
pi,4331,604
pi,4332,335
pi,4333,155
pi,4333,177
pi,4333,661
pi,4333,909
pi,4335,558
pi,4337,232
pi,4338,115
pi,4338,837
pi,4340,304
pi,4340,444
pi,4340,523
pi,4341,369
pi,4342,787
pi,4343,111
pi,4349,903
pi,4349,976
pi,4350,551
pi,4353,231
pi,4353,268
pi,4355,310
pi,4358,111
pi,4358,160
pi,4359,256
pi,4360,376
pi,4362,128
pi,4362,140
pi,4362,303
pi,4363,199
pi,4363,294
pi,4363,504
pi,4364,164
pi,4364,600
pi,4364,889
pi,4364,935
pi,4365,574
pi,4366,117
pi,4369,122
pi,4369,897
pi,4369,957
pi,4372,184
pi,4373,187
pi,4378,158
pi,4378,448
pi,4378,606
pi,4379,860
pi,4380,153
pi,4384,125
pi,4385,624
pi,4386,566
pi,4388,256
pi,4388,337
pi,4388,433
pi,4388,924
pi,4389,110
pi,4389,422
pi,4390,172
pi,4394,473
pi,4395,631
pi,4396,340
pi,4396,346
pi,4397,171
pi,4398,179
pi,4399,231
pi,4399,497
pi,4400,221
pi,4402,336
pi,4403,251
pi,4403,318
pi,4407,155
pi,4409,375
pi,4409,413
pi,4410,108
pi,4413,118
pi,4413,123
pi,4413,215
pi,4413,315
pi,4413,882
pi,4415,850
pi,4416,294
pi,4416,364
pi,4417,853
pi,4418,396
pi,4419,152
pi,4422,258
pi,4422,437
pi,4423,110
pi,4426,719
pi,4426,972
pi,4427,104
pi,4428,651
pi,4432,137
pi,4432,233
pi,4432,503
pi,4433,131
pi,4433,802
pi,4434,233
pi,4435,161
pi,4435,192
pi,4435,307
pi,4436,120
pi,4437,823
pi,4440,138
pi,4441,115
pi,4441,262
pi,4442,833
pi,4443,101
pi,4443,304
pi,4444,231
pi,4444,718
pi,4447,151
pi,4449,113
pi,4450,246
pi,4450,392
pi,4450,983
pi,4451,909
pi,4454,247
pi,4458,110
pi,4458,271
pi,4458,377
pi,4460,278
pi,4463,398
pi,4464,137
pi,4465,240
pi,4465,926
pi,4466,315
pi,4467,336
pi,4467,377
pi,4468,538
pi,4470,108
pi,4470,693
pi,4473,239
pi,4473,311
pi,4473,511
pi,4474,175
pi,4475,482
pi,4477,508
pi,4478,212
pi,4482,159
pi,4482,362
pi,4485,150
pi,4487,120
pi,4487,522
pi,4487,624
pi,4490,410
pi,4493,180
pi,4493,202
pi,4494,328
pi,4494,800
pi,4498,487
pi,4500,475
pi,4502,155
pi,4502,408
pi,4503,111
pi,4505,305
pi,4505,635
pi,4506,274
pi,4506,338
pi,4506,620
pi,4507,877
pi,4510,136
pi,4510,290
pi,4511,607
pi,4515,218
pi,4515,506
pi,4515,847
pi,4516,209
pi,4516,584
pi,4517,383
pi,4518,139
pi,4518,838
pi,4521,113
pi,4522,874
pi,4523,202
pi,4524,280
pi,4527,213
pi,4527,289
pi,4530,114
pi,4530,192
pi,4531,164
pi,4534,509
pi,4535,114
pi,4536,273
pi,4536,699
pi,4537,704
pi,4538,764
pi,4539,102
pi,4542,112
pi,4542,272
pi,4547,506
pi,4548,105
pi,4550,125
pi,4552,232
pi,4552,478
pi,4555,444
pi,4557,299
pi,4559,369
pi,4559,582
pi,4561,232
pi,4562,273
pi,4564,466
pi,4564,967
pi,4566,323
pi,4566,594
pi,4568,215
pi,4569,181
pi,4569,360
pi,4570,168
pi,4570,280
pi,4570,917
pi,4571,150
pi,4573,476
pi,4574,207
pi,4574,526
pi,4575,150
pi,4575,442
pi,4577,216
pi,4577,554
pi,4579,115
pi,4579,425
pi,4579,427
pi,4580,255
pi,4580,313
pi,4582,281
pi,4583,153
pi,4583,831
pi,4584,469
pi,4584,614
pi,4585,459
pi,4587,326
pi,4587,752
pi,4588,714
pi,4589,106
pi,4589,222
pi,4589,609
pi,4591,323
pi,4596,142
pi,4598,135
pi,4599,116
pi,4601,166
pi,4601,292
pi,4601,330
pi,4602,825
pi,4606,292
pi,4606,634
pi,4607,581
pi,4609,247
pi,4611,303
pi,4613,549
pi,4614,133
pi,4614,169
pi,4614,189
pi,4614,215
pi,4614,371
pi,4614,607
pi,4615,520
pi,4616,244
pi,4616,629
pi,4616,654
pi,4617,119
pi,4620,161
pi,4622,121
pi,4624,494
pi,4627,109
pi,4628,122
pi,4629,337
pi,4631,225
pi,4633,674
pi,4634,255
pi,4634,723
pi,4636,365
pi,4639,382
pi,4640,282
pi,4642,328
pi,4642,941
pi,4643,168
pi,4647,432
pi,4648,386
pi,4648,961
pi,4651,280
pi,4652,369
pi,4654,491
pi,4654,510
pi,4655,355
pi,4657,463
pi,4658,250
pi,4658,908
pi,4659,221
pi,4660,279
pi,4660,282
pi,4662,130
pi,4665,664
pi,4668,252
pi,4669,135
pi,4670,775
pi,4675,131
pi,4675,277
pi,4681,212
pi,4681,360
pi,4683,101
pi,4683,883
pi,4685,120
pi,4685,164
pi,4689,111
pi,4693,168
pi,4694,128
pi,4696,141
pi,4697,354
pi,4697,490
pi,4700,106
pi,4700,418
pi,4702,163
pi,4703,346
pi,4703,906
pi,4704,225
pi,4704,227
pi,4704,653
pi,4706,850
pi,4707,457
pi,4709,135
pi,4709,199
pi,4710,101
pi,4711,655
pi,4712,137
pi,4712,747
pi,4713,291
pi,4714,415
pi,4715,104
pi,4716,173
pi,4717,301
pi,4719,695
pi,4720,642
pi,4721,152
pi,4724,407
pi,4724,608
pi,4725,131
pi,4725,434
pi,4729,308
pi,4729,791
pi,4731,809
pi,4732,841
pi,4733,109
pi,4733,123
pi,4733,167
pi,4733,579
pi,4735,667
pi,4736,101
pi,4738,622
pi,4741,796
pi,4742,186
pi,4743,293
pi,4744,495
pi,4747,292
pi,4748,497
pi,4748,841
pi,4749,362
pi,4751,215
pi,4753,534
pi,4757,282
pi,4757,525
pi,4759,585
pi,4760,797
pi,4761,153
pi,4761,169
pi,4761,938
pi,4765,325
pi,4766,341
pi,4766,354
pi,4766,625
pi,4768,241
pi,4771,180
pi,4772,390
pi,4773,899
pi,4774,168
pi,4774,625
pi,4776,173
pi,4776,254
pi,4776,270
pi,4780,311
pi,4782,193
pi,4783,321
pi,4785,104
pi,4791,451
pi,4796,343
pi,4796,529
pi,4797,343
pi,4797,444
pi,4798,560
pi,4798,998
pi,4800,145
pi,4802,371
pi,4805,123
pi,4805,530
pi,4807,178
pi,4807,319
pi,4807,372
pi,4809,237
pi,4810,251
pi,4812,288
pi,4812,938
pi,4812,957
pi,4812,980
pi,4814,214
pi,4814,407
pi,4817,168
pi,4818,149
pi,4818,181
pi,4820,206
pi,4821,155
pi,4821,207
pi,4821,747
pi,4823,750
pi,4824,421
pi,4824,542
pi,4828,121
pi,4828,832
pi,4835,276
pi,4836,876
pi,4836,907
pi,4837,677
pi,4838,479
pi,4841,389
pi,4841,794
pi,4841,829
pi,4843,116
pi,4844,331
pi,4845,314
pi,4845,821
pi,4846,195
pi,4846,344
pi,4847,403
pi,4848,264
pi,4857,281
pi,4857,306
pi,4857,427
pi,4864,135
pi,4864,276
pi,4864,370
pi,4865,745
pi,4868,169
pi,4868,560
pi,4870,330
pi,4870,445
pi,4871,175
pi,4873,306
pi,4875,364
pi,4875,693
pi,4876,394
pi,4877,502
pi,4879,572
pi,4882,388
pi,4884,518
pi,4887,882
pi,4890,633
pi,4892,131
pi,4892,169
pi,4892,407
pi,4894,421
pi,4895,462
pi,4896,291
pi,4898,799
pi,4900,110
pi,4900,588
pi,4901,262
pi,4901,862
pi,4901,881
pi,4902,104
pi,4902,261
pi,4902,479
pi,4906,220
pi,4906,654
pi,4907,137
pi,4909,840
pi,4911,320
pi,4913,207
pi,4914,186
pi,4917,296
pi,4918,186
pi,4918,270
pi,4921,501
pi,4924,644
pi,4925,514
pi,4926,186
pi,4926,418
pi,4928,412
pi,4929,171
pi,4929,224
pi,4932,651
pi,4933,666
pi,4935,449
pi,4937,174
pi,4939,179
pi,4939,282
pi,4941,259
pi,4941,560
pi,4941,658
pi,4942,753
pi,4947,144
pi,4948,231
pi,4948,492
pi,4951,175
pi,4952,131
pi,4952,413
pi,4952,545
pi,4954,125
pi,4954,214
pi,4956,310
pi,4957,545
pi,4957,549
pi,4958,213
pi,4958,254
pi,4958,371
pi,4959,205
pi,4960,160
pi,4961,129
pi,4962,105
pi,4962,149
pi,4962,398
pi,4965,142
pi,4967,485
pi,4968,467
pi,4968,733
pi,4970,171
pi,4970,280
pi,4970,759
pi,4971,191
pi,4971,621
pi,4972,139
pi,4972,360
pi,4972,380
pi,4972,456
pi,4972,681
pi,4975,349
pi,4975,581
pi,4977,682
pi,4979,926
pi,4981,955
pi,4983,124
pi,4983,145
pi,4983,156
pi,4983,291
pi,4983,405
pi,4984,269
pi,4985,160
pi,4985,296
pi,4987,273
pi,4988,175
pi,4990,668
pi,4994,207
pi,4997,123
pi,4998,189
pi,4999,261
pi,5001,110
pi,5002,136
pi,5003,503
pi,5004,156
pi,5007,132
pi,5008,509
pi,5009,162
pi,5011,328
pi,5012,663
pi,5013,539
pi,5016,654
pi,5017,206
pi,5017,223
pi,5020,814
pi,5022,238
pi,5026,119
pi,5027,118
pi,5028,243
pi,5028,324
pi,5029,236
pi,5030,248
pi,5034,134
pi,5034,141
pi,5039,174
pi,5039,334
pi,5039,651
pi,5039,857
pi,5040,150
pi,5040,395
pi,5040,667
pi,5043,121
pi,5043,359
pi,5044,494
pi,5045,159
pi,5045,254
pi,5045,457
pi,5047,140
pi,5048,150
pi,5048,238
pi,5049,182
pi,5050,653
pi,5051,122
pi,5052,540
pi,5053,299
pi,5054,547
pi,5055,186
pi,5057,147
pi,5058,186
pi,5059,243
pi,5059,499
pi,5060,170
pi,5060,506
pi,5063,258
pi,5063,979
pi,5064,238
pi,5064,260
pi,5064,686
pi,5064,933
pi,5066,492
pi,5067,409
pi,5069,195
pi,5072,199
pi,5072,361
pi,5076,104
pi,5076,124
pi,5077,106
pi,5077,262
pi,5077,375
pi,5079,434
pi,5080,163
pi,5084,116
pi,5085,175
pi,5085,850
pi,5087,182
pi,5091,122
pi,5092,315
pi,5092,839
pi,5096,474
pi,5096,648
pi,5096,673
pi,5097,241
pi,5100,174
pi,5104,210
pi,5104,331
pi,5107,951
pi,5108,629
pi,5109,260
pi,5110,543
pi,5110,626
pi,5111,163
pi,5111,200
pi,5111,946
pi,5112,666
pi,5113,327
pi,5114,185
pi,5114,528
pi,5115,584
pi,5118,746
pi,5119,383
pi,5119,909
pi,5123,130
pi,5123,147
pi,5123,202
pi,5124,363
pi,5127,379
pi,5127,876
pi,5129,135
pi,5129,299
pi,5130,206
pi,5130,521
pi,5131,176
pi,5131,205
pi,5131,276
pi,5131,591
pi,5134,105
pi,5134,109
pi,5139,371
pi,5139,597
pi,5140,226
pi,5142,165
pi,5142,183
pi,5142,271
pi,5142,752
pi,5143,124
pi,5146,252
pi,5146,792
pi,5150,167
pi,5152,221
pi,5152,345
pi,5156,155
pi,5159,239
pi,5160,192
pi,5160,300
pi,5160,350
pi,5162,545
pi,5163,495
pi,5164,232
pi,5166,486
pi,5167,482
pi,5170,759
pi,5171,489
pi,5174,135
pi,5176,812
pi,5179,354
pi,5179,849
pi,5179,999
pi,5181,539
pi,5183,149
pi,5183,752
pi,5185,673
pi,5186,930
pi,5187,204
pi,5190,343
pi,5190,344
pi,5191,806
pi,5193,603
pi,5193,790
pi,5194,133
pi,5195,193
pi,5195,500
pi,5197,492
pi,5199,216
pi,5199,510
pi,5199,624
pi,5200,508
pi,5201,234
pi,5202,270
pi,5203,408
pi,5203,469
pi,5204,488
pi,5205,109
pi,5206,494
pi,5207,104
pi,5207,128
pi,5207,425
pi,5207,919
pi,5209,194
pi,5209,243
pi,5210,250
pi,5210,412
pi,5211,133
pi,5212,895
pi,5214,529
pi,5217,579
pi,5218,169
pi,5218,342
pi,5219,240
pi,5220,349
pi,5220,479
pi,5221,135
pi,5222,365
pi,5223,440
pi,5225,110
pi,5225,111
pi,5225,175
pi,5225,782
pi,5229,150
pi,5231,300
pi,5232,149
pi,5234,181
pi,5235,237
pi,5236,351
pi,5237,128
pi,5238,176
pi,5239,422
pi,5239,464
pi,5240,270
pi,5242,156
pi,5242,553
pi,5245,128
pi,5246,150
pi,5246,181
pi,5246,775
pi,5247,226
pi,5247,330
pi,5247,385
pi,5249,235
pi,5249,451
pi,5250,449
pi,5250,457
pi,5251,255
pi,5252,298
pi,5252,486
pi,5255,583
pi,5255,754
pi,5256,195
pi,5257,194
pi,5258,795
pi,5258,870
pi,5260,499
pi,5260,862
pi,5263,322
pi,5264,333
pi,5265,150
pi,5265,718
pi,5265,849
pi,5265,886
pi,5266,307
pi,5268,441
pi,5269,218
pi,5270,466
pi,5272,109
pi,5272,112
pi,5275,303
pi,5276,112
pi,5276,123
pi,5276,354
pi,5276,547
pi,5277,125
pi,5277,137
pi,5277,151
pi,5278,288
pi,5279,275
pi,5279,519
pi,5279,577
pi,5280,839
pi,5281,648
pi,5283,105
pi,5286,329
pi,5286,630
pi,5287,135
pi,5288,140
pi,5288,222
pi,5288,289
pi,5288,579
pi,5289,807
pi,5290,262
pi,5291,291
pi,5292,276
pi,5292,291
pi,5293,166
pi,5293,292
pi,5294,784
pi,5295,213
pi,5295,238
pi,5296,975
pi,5298,129
pi,5298,832
pi,5301,121
pi,5301,669
pi,5302,365
pi,5302,997
pi,5304,141
pi,5304,381
pi,5305,147
pi,5305,148
pi,5305,168
pi,5306,735
pi,5309,730
pi,5310,103
pi,5312,148
pi,5312,955
pi,5313,394
pi,5316,201
pi,5316,277
pi,5317,242
pi,5318,103
pi,5321,138
pi,5322,154
pi,5322,287
pi,5322,308
pi,5324,149
pi,5325,355
pi,5325,363
pi,5326,524
pi,5328,212
pi,5328,441
pi,5328,989
pi,5329,668
pi,5330,729
pi,5331,108
pi,5331,158
pi,5331,527
pi,5334,150
pi,5335,171
pi,5335,272
pi,5335,297
pi,5336,104
pi,5336,152
pi,5336,220
pi,5336,275
pi,5337,217
pi,5337,231
pi,5339,324
pi,5340,345
pi,5341,132
pi,5341,597
pi,5341,869
pi,5343,130
pi,5343,230
pi,5343,385
pi,5344,972
pi,5345,178
pi,5345,414
pi,5345,946
pi,5347,400
pi,5348,125
pi,5349,212
pi,5349,379
pi,5353,566
pi,5355,340
pi,5355,960
pi,5356,380
pi,5356,628
pi,5357,149
pi,5357,773
pi,5359,660
pi,5360,146
pi,5360,306
pi,5360,383
pi,5360,905
pi,5360,943
pi,5364,205
pi,5365,338
pi,5368,206
pi,5373,209
pi,5375,288
pi,5377,101
pi,5378,123
pi,5380,137
pi,5380,290
pi,5381,120
pi,5381,202
pi,5382,119
pi,5383,106
pi,5383,161
pi,5384,139
pi,5387,595
pi,5389,348
pi,5391,202
pi,5391,284
pi,5392,240
pi,5392,287
pi,5394,146
pi,5395,801
pi,5396,115
pi,5396,219
pi,5397,162
pi,5397,171
pi,5397,278
pi,5399,329
pi,5400,267
pi,5401,244
pi,5401,528
pi,5402,629
pi,5403,340
pi,5403,815
pi,5405,108
pi,5406,148
pi,5407,290
pi,5407,346
pi,5408,650
pi,5409,135
pi,5409,288
pi,5409,700
pi,5409,719
pi,5410,160
pi,5410,235
pi,5410,543
pi,5411,903
pi,5411,906
pi,5412,248
pi,5412,764
pi,5413,867
pi,5415,273
pi,5416,291
pi,5416,440
pi,5416,443
pi,5417,215
pi,5418,193
pi,5418,280
pi,5418,345
pi,5419,662
pi,5424,399
pi,5424,660
pi,5424,727
pi,5425,136
pi,5426,512
pi,5426,648
pi,5426,725
pi,5427,216
pi,5427,478
pi,5428,236
pi,5428,752
pi,5429,695
pi,5430,840
pi,5431,152
pi,5431,239
pi,5432,207
pi,5434,134
pi,5434,688
pi,5435,109
pi,5435,324
pi,5436,286
pi,5436,411
pi,5438,177
pi,5440,735
pi,5440,808
pi,5442,110
pi,5444,109
pi,5450,288
pi,5451,103
pi,5453,604
pi,5456,859
pi,5457,999
pi,5458,103
pi,5458,216
pi,5458,408
pi,5459,128
pi,5459,242
pi,5464,709
pi,5465,236
pi,5465,363
pi,5465,383
pi,5466,707
pi,5472,617
pi,5474,174
pi,5475,997
pi,5476,630
pi,5477,919
pi,5479,120
pi,5479,280
pi,5481,420
pi,5483,114
pi,5483,711
pi,5485,551
pi,5488,127
pi,5488,312
pi,5489,889
pi,5491,118
pi,5492,413
pi,5494,399
pi,5494,939
pi,5495,150
pi,5497,392
pi,5498,134
pi,5498,182
pi,5500,110
pi,5500,817
pi,5501,327
pi,5502,627
pi,5506,202
pi,5507,711
pi,5507,879
pi,5508,616
pi,5509,165
pi,5512,216
pi,5513,769
pi,5514,174
pi,5514,333
pi,5514,562
pi,5517,163
pi,5518,146
pi,5519,532
pi,5521,151
pi,5521,667
pi,5522,137
pi,5524,583
pi,5524,902
pi,5525,118
pi,5525,134
pi,5525,233
pi,5525,324
pi,5526,218
pi,5526,502
pi,5527,217
pi,5528,151
pi,5528,206
pi,5531,828
pi,5533,205
pi,5533,984
pi,5535,589
pi,5538,257
pi,5540,371
pi,5540,975
pi,5541,111
pi,5541,441
pi,5541,442
pi,5542,110
pi,5544,148
pi,5545,124
pi,5545,322
pi,5545,927
pi,5548,115
pi,5548,653
pi,5549,571
pi,5550,227
pi,5551,233
pi,5553,358
pi,5555,606
pi,5557,101
pi,5557,133
pi,5557,689
pi,5558,530
pi,5558,699
pi,5560,139
pi,5561,124
pi,5561,335
pi,5561,593
pi,5561,747
pi,5562,631
pi,5564,144
pi,5564,812
pi,5566,106
pi,5567,121
pi,5568,444
pi,5570,223
pi,5570,362
pi,5571,609
pi,5572,150
pi,5573,117
pi,5573,150
pi,5573,563
pi,5574,154
pi,5575,153
pi,5575,225
pi,5578,189
pi,5578,402
pi,5579,277
pi,5581,178
pi,5582,404
pi,5586,362
pi,5587,157
pi,5589,112
pi,5590,523
pi,5591,593
pi,5591,675
pi,5594,730
pi,5595,183
pi,5595,191
pi,5595,811
pi,5596,423
pi,5596,535
pi,5604,955
pi,5605,322
pi,5608,444
pi,5610,159
pi,5611,119
pi,5614,818
pi,5615,483
pi,5618,160
pi,5618,519
pi,5618,720
pi,5620,123
pi,5620,401
pi,5621,124
pi,5621,129
pi,5623,833
pi,5624,114
pi,5625,239
pi,5625,378
pi,5625,532
pi,5626,112
pi,5626,241
pi,5628,678
pi,5629,130
pi,5629,164
pi,5630,466
pi,5631,366
pi,5633,345
pi,5633,555
pi,5639,106
pi,5640,418
pi,5640,686
pi,5641,161
pi,5641,207
pi,5642,781
pi,5647,218
pi,5648,218
pi,5649,731
pi,5650,288
pi,5651,102
pi,5653,181
pi,5654,141
pi,5655,660
pi,5657,373
pi,5657,471
pi,5659,125
pi,5659,216
pi,5663,350
pi,5665,117
pi,5665,442
pi,5665,809
pi,5668,961
pi,5670,419
pi,5671,455
pi,5673,263
pi,5673,785
pi,5674,185
pi,5676,757
pi,5677,116
pi,5678,290
pi,5679,430
pi,5679,939
pi,5684,721
pi,5687,146
pi,5687,240
pi,5687,559
pi,5689,377
pi,5691,433
pi,5692,101
pi,5693,201
pi,5693,328
pi,5697,214
pi,5699,197
pi,5700,390
pi,5701,492
pi,5702,729
pi,5703,135
pi,5703,472
pi,5706,144
pi,5706,495
pi,5707,194
pi,5707,399
pi,5708,381
pi,5708,449
pi,5710,178
pi,5713,663
pi,5716,173
pi,5718,419
pi,5721,475
pi,5722,957
pi,5723,703
pi,5726,149
pi,5727,516
pi,5727,532
pi,5727,722
pi,5728,173
pi,5728,277
pi,5729,562
pi,5730,313
pi,5732,197
pi,5733,134
pi,5733,167
pi,5733,993
pi,5734,201
pi,5735,316
pi,5737,162
pi,5739,222
pi,5742,998
pi,5743,905
pi,5746,113
pi,5746,129
pi,5748,145
pi,5748,280
pi,5749,762
pi,5751,124
pi,5751,138
pi,5751,685
pi,5755,418
pi,5755,420
pi,5756,251
pi,5757,621
pi,5758,971
pi,5760,259
pi,5762,127
pi,5765,110
pi,5766,172
pi,5768,589
pi,5769,530
pi,5770,159
pi,5771,386
pi,5773,146
pi,5776,260
pi,5776,992
pi,5777,475
pi,5777,549
pi,5778,138
pi,5778,202
pi,5778,761
pi,5780,189
pi,5781,413
pi,5784,256
pi,5786,396
pi,5786,445
pi,5788,343
pi,5789,362
pi,5789,681
pi,5791,523
pi,5792,108
pi,5792,161
pi,5792,993
pi,5793,431
pi,5793,854
pi,5794,294
pi,5794,304
pi,5794,334
pi,5795,208
pi,5797,525
pi,5799,112
pi,5799,128
pi,5799,990
pi,5803,239
pi,5804,238
pi,5804,326
pi,5806,118
pi,5806,866
pi,5808,170
pi,5808,188
pi,5809,959
pi,5810,114
pi,5810,248
pi,5810,329
pi,5810,570
pi,5815,358
pi,5817,687
pi,5818,381
pi,5819,150
pi,5819,240
pi,5821,400
pi,5821,439
pi,5823,112
pi,5823,301
pi,5823,734
pi,5824,727
pi,5825,107
pi,5829,349
pi,5830,628
pi,5832,203
pi,5837,395
pi,5840,431
pi,5841,959
pi,5844,629
pi,5845,139
pi,5846,280
pi,5846,628
pi,5848,240
pi,5848,261
pi,5849,172
pi,5849,209
pi,5849,247
pi,5850,213
pi,5850,926
pi,5852,279
pi,5852,384
pi,5855,229
pi,5855,380
pi,5855,761
pi,5855,919
pi,5856,549
pi,5858,126
pi,5858,320
pi,5858,445
pi,5859,899
pi,5862,150
pi,5862,909
pi,5864,402
pi,5865,164
pi,5865,326
pi,5866,220
pi,5867,169
pi,5868,258
pi,5868,286
pi,5868,691
pi,5871,186
pi,5871,192
pi,5875,623
pi,5877,103
pi,5877,249
pi,5878,162
pi,5879,563
pi,5880,132
pi,5880,385
pi,5880,979
pi,5883,120
pi,5883,764
pi,5886,511
pi,5887,144
pi,5887,248
pi,5887,286
pi,5888,900
pi,5889,192
pi,5889,308
pi,5889,507
pi,5889,830
pi,5893,203
pi,5894,113
pi,5895,308
pi,5899,455
pi,5907,367
pi,5909,112
pi,5909,555
pi,5910,132
pi,5910,496
pi,5910,983
pi,5913,425
pi,5914,754
pi,5915,737
pi,5919,249
pi,5919,317
pi,5920,129
pi,5921,401
pi,5925,480
pi,5926,133
pi,5928,114
pi,5930,466
pi,5930,493
pi,5932,188
pi,5934,102
pi,5934,155
pi,5935,446
pi,5935,539
pi,5936,106
pi,5936,191
pi,5937,330
pi,5941,778
pi,5946,172
pi,5946,430
pi,5947,167
pi,5947,398
pi,5947,479
pi,5948,166
pi,5950,913
pi,5952,788
pi,5953,157
pi,5954,168
pi,5957,313
pi,5959,949
pi,5960,201
pi,5961,158
pi,5967,114
pi,5967,161
pi,5967,164
pi,5967,170
pi,5967,281
pi,5968,791
pi,5969,204
pi,5969,502
pi,5972,219
pi,5974,157
pi,5975,157
pi,5975,203
pi,5975,531
pi,5975,658
pi,5978,751
pi,5978,813
pi,5979,160
pi,5981,946
pi,5983,143
pi,5983,216
pi,5984,303
pi,5984,322
pi,5985,247
pi,5985,275
pi,5988,194
pi,5988,641
pi,5990,201
pi,5994,276
pi,5994,513
pi,5998,124
pi,6002,108
pi,6002,124
pi,6005,111
pi,6005,636
pi,6006,740
pi,6007,125
pi,6011,177
pi,6011,523
pi,6012,267
pi,6012,527
pi,6013,794
pi,6014,310
pi,6015,117
pi,6017,792
pi,6018,944
pi,6019,103
pi,6019,116
pi,6019,238
pi,6020,507
pi,6021,158
pi,6022,437
pi,6025,396
pi,6027,157
pi,6028,773
pi,6029,168
pi,6030,149
pi,6032,153
pi,6033,461
pi,6033,983
pi,6034,371
pi,6035,145
pi,6037,448
pi,6039,146
pi,6040,677
pi,6041,182
pi,6042,556
pi,6044,222
pi,6045,446
pi,6045,825
pi,6046,469
pi,6047,582
pi,6048,162
pi,6049,423
pi,6049,665
pi,6050,153
pi,6050,611
pi,6050,696
pi,6051,148
pi,6051,435
pi,6054,658
pi,6054,705
pi,6057,557
pi,6057,571
pi,6059,211
pi,6061,112
pi,6061,558
pi,6062,536
pi,6063,115
pi,6064,257
pi,6064,988
pi,6066,144
pi,6067,113
pi,6067,193
pi,6068,155
pi,6068,318
pi,6068,354
pi,6071,211
pi,6071,714
pi,6072,299
pi,6072,514
pi,6072,702
pi,6073,115
pi,6073,558
pi,6074,126
pi,6074,147
pi,6074,232
pi,6077,216
pi,6078,123
pi,6078,281
pi,6079,496
pi,6080,342
pi,6081,155
pi,6083,149
pi,6083,152
pi,6083,956
pi,6085,647
pi,6086,952
pi,6087,188
pi,6087,234
pi,6089,405
pi,6090,181
pi,6090,803
pi,6091,802
pi,6094,166
pi,6094,362
pi,6094,878
pi,6096,400
pi,6097,139
pi,6098,579
pi,6100,101
pi,6100,398
pi,6101,280
pi,6102,212
pi,6102,403
pi,6102,842
pi,6103,188
pi,6105,154
pi,6106,117
pi,6109,140
pi,6110,348
pi,6111,534
pi,6113,190
pi,6115,448
pi,6116,243
pi,6117,269
pi,6119,309
pi,6120,103
pi,6120,645
pi,6120,739
pi,6121,616
pi,6122,506
pi,6122,528
pi,6123,185
pi,6126,182
pi,6126,257
pi,6127,668
pi,6127,859
pi,6133,188
pi,6134,141
pi,6134,618
pi,6134,736
pi,6135,236
pi,6135,413
pi,6135,584
pi,6138,175
pi,6138,410
pi,6141,125
pi,6141,659
pi,6143,626
pi,6144,333
pi,6145,208
pi,6145,518
pi,6148,176
pi,6148,206
pi,6148,301
pi,6148,807
pi,6149,325
pi,6149,493
pi,6151,151
pi,6151,447
pi,6151,551
pi,6152,108
pi,6152,254
pi,6153,113
pi,6154,663
pi,6156,485
pi,6156,514
pi,6157,157
pi,6157,899
pi,6159,306
pi,6159,444
pi,6160,341
pi,6160,421
pi,6160,459
pi,6161,159
pi,6161,208
pi,6161,992
pi,6163,478
pi,6164,395
pi,6164,546
pi,6164,785
pi,6165,512
pi,6166,611
pi,6167,275
pi,6168,212
pi,6168,253
pi,6169,273
pi,6170,402
pi,6171,378
pi,6173,319
pi,6174,424
pi,6174,540
pi,6175,281
pi,6175,599
pi,6176,183
pi,6176,501
pi,6177,223
pi,6178,203
pi,6179,251
pi,6180,337
pi,6182,124
pi,6182,357
pi,6187,296
pi,6189,125
pi,6189,294
pi,6189,397
pi,6189,858
pi,6190,163
pi,6190,743
pi,6193,143
pi,6193,595
pi,6193,716
pi,6193,846
pi,6194,264
pi,6198,481
pi,6199,123
pi,6199,154
pi,6200,277
pi,6200,378
pi,6202,329
pi,6204,313
pi,6205,171
pi,6205,953
pi,6206,110
pi,6206,115
pi,6206,265
pi,6207,131
pi,6207,463
pi,6209,753
pi,6210,184
pi,6211,263
pi,6211,682
pi,6211,761
pi,6213,123
pi,6213,923
pi,6215,721
pi,6215,754
pi,6217,147
pi,6217,571
pi,6221,155
pi,6221,419
pi,6222,937
pi,6223,368
pi,6223,424
pi,6226,205
pi,6228,449
pi,6228,451
pi,6232,420
pi,6232,783
pi,6234,329
pi,6234,369
pi,6235,110
pi,6235,224
pi,6235,259
pi,6235,522
pi,6238,348
pi,6238,494
pi,6241,250
pi,6241,431
pi,6242,127
pi,6242,679
pi,6243,184
pi,6243,239
pi,6243,516
pi,6245,420
pi,6247,129
pi,6247,139
pi,6249,255
pi,6249,588
pi,6250,173
pi,6252,988
pi,6256,313
pi,6256,456
pi,6257,164
pi,6258,198
pi,6259,472
pi,6259,517
pi,6259,553
pi,6259,944
pi,6259,969
pi,6259,983
pi,6262,102
pi,6262,134
pi,6262,892
pi,6263,384
pi,6264,117
pi,6265,212
pi,6265,403
pi,6265,437
pi,6266,332
pi,6268,535
pi,6268,887
pi,6272,887
pi,6274,203
pi,6278,128
pi,6278,527
pi,6282,235
pi,6283,300
pi,6283,934
pi,6285,171
pi,6286,150
pi,6287,152
pi,6287,661
pi,6287,680
pi,6290,146
pi,6290,627
pi,6292,184
pi,6292,512
pi,6294,672
pi,6295,384
pi,6295,425
pi,6297,472
pi,6300,377
pi,6301,131
pi,6305,336
pi,6305,502
pi,6306,346
pi,6306,478
pi,6308,308
pi,6309,282
pi,6309,468
pi,6311,193
pi,6311,852
pi,6312,180
pi,6314,289
pi,6315,549
pi,6316,275
pi,6317,520
pi,6320,111
pi,6320,219
pi,6323,267
pi,6324,152
pi,6325,294
pi,6325,571
pi,6326,146
pi,6327,167
pi,6328,660
pi,6329,157
pi,6329,819
pi,6330,187
pi,6330,592
pi,6330,734
pi,6331,131
pi,6331,226
pi,6333,140
pi,6333,563
pi,6337,128
pi,6337,487
pi,6337,511
pi,6339,143
pi,6343,168
pi,6343,978
pi,6344,239
pi,6345,691
pi,6347,118
pi,6351,443
pi,6351,927
pi,6352,179
pi,6352,621
pi,6352,821
pi,6354,908
pi,6358,805
pi,6361,902
pi,6362,189
pi,6362,344
pi,6362,784
pi,6363,109
pi,6363,817
pi,6364,214
pi,6364,304
pi,6366,120
pi,6366,138
pi,6368,347
pi,6369,825
pi,6373,227
pi,6375,123
pi,6377,470
pi,6379,212
pi,6379,291
pi,6379,307
pi,6379,794
pi,6380,103
pi,6382,347
pi,6382,370
pi,6385,213
pi,6385,389
pi,6386,434
pi,6389,273
pi,6395,246
pi,6395,306
pi,6396,161
pi,6396,717
pi,6399,369
pi,6399,557
pi,6401,571
pi,6402,327
pi,6403,480
pi,6403,960
pi,6405,180
pi,6406,352
pi,6406,722
pi,6409,106
pi,6412,139
pi,6412,936
pi,6413,487
pi,6414,143
pi,6414,395
pi,6416,163
pi,6418,247
pi,6418,353
pi,6418,359
pi,6421,332
pi,6422,284
pi,6422,328
pi,6424,115
pi,6424,133
pi,6424,151
pi,6424,424
pi,6424,519
pi,6425,667
pi,6426,152
pi,6426,541
pi,6429,211
pi,6430,276
pi,6432,232
pi,6433,136
pi,6433,165
pi,6433,283
pi,6433,638
pi,6434,648
pi,6435,689
pi,6436,211
pi,6437,419
pi,6437,511
pi,6437,540
pi,6437,926
pi,6438,127
pi,6438,131
pi,6441,106
pi,6441,201
pi,6441,536
pi,6443,218
pi,6444,121
pi,6444,131
pi,6444,225
pi,6444,309
pi,6445,591
pi,6448,739
pi,6449,263
pi,6452,492
pi,6453,128
pi,6453,430
pi,6453,447
pi,6453,791
pi,6455,264
pi,6455,393
pi,6456,491
pi,6457,188
pi,6461,215
pi,6461,291
pi,6461,525
pi,6463,150
pi,6463,151
pi,6464,122
pi,6466,176
pi,6466,197
pi,6467,174
pi,6467,392
pi,6468,322
pi,6469,144
pi,6470,108
pi,6472,204
pi,6473,565
pi,6474,454
pi,6476,545
pi,6476,675
pi,6476,734
pi,6479,425
pi,6479,676
pi,6480,324
pi,6481,314
pi,6482,132
pi,6482,250
pi,6483,130
pi,6483,364
pi,6484,116
pi,6484,230
pi,6484,284
pi,6484,710
pi,6486,980
pi,6487,577
pi,6488,125
pi,6488,300
pi,6488,967
pi,6490,110
pi,6491,294
pi,6491,316
pi,6492,459
pi,6493,141
pi,6496,138
pi,6499,134
pi,6500,150
pi,6500,277
pi,6500,356
pi,6502,471
pi,6503,478
pi,6508,419
pi,6509,358
pi,6509,646
pi,6509,694
pi,6509,750
pi,6512,220
pi,6513,618
pi,6514,148
pi,6515,244
pi,6516,252
pi,6518,277
pi,6518,429
pi,6519,612
pi,6521,270
pi,6522,103
pi,6526,873
pi,6527,174
pi,6527,488
pi,6528,135
pi,6528,240
pi,6530,345
pi,6531,110
pi,6532,305
pi,6532,634
pi,6533,169
pi,6534,182
pi,6535,130
pi,6535,909
pi,6538,125
pi,6539,230
pi,6541,307
pi,6542,406
pi,6546,524
pi,6548,169
pi,6548,269
pi,6548,348
pi,6550,219
pi,6550,235
pi,6551,337
pi,6553,390
pi,6554,122
pi,6555,248
pi,6555,622
pi,6556,197
pi,6556,777
pi,6558,301
pi,6560,519
pi,6563,190
pi,6563,631
pi,6565,154
pi,6565,172
pi,6565,230
pi,6565,423
pi,6565,447
pi,6565,798
pi,6567,355
pi,6567,402
pi,6567,939
pi,6570,159
pi,6570,182
pi,6570,339
pi,6573,196
pi,6573,933
pi,6573,962
pi,6575,344
pi,6575,529
pi,6576,391
pi,6578,193
pi,6581,139
pi,6581,396
pi,6583,118
pi,6583,336
pi,6583,695
pi,6585,146
pi,6585,176
pi,6588,162
pi,6588,316
pi,6588,923
pi,6590,228
pi,6590,508
pi,6592,169
pi,6592,184
pi,6595,591
pi,6596,157
pi,6599,324
pi,6599,598
pi,6602,159
pi,6602,553
pi,6607,599
pi,6608,163
pi,6608,895
pi,6609,152
pi,6612,772
pi,6613,505
pi,6615,613
pi,6615,803
pi,6616,248
pi,6618,147
pi,6618,185
pi,6618,985
pi,6621,129
pi,6621,186
pi,6621,328
pi,6623,134
pi,6623,389
pi,6623,564
pi,6623,888
pi,6626,270
pi,6627,210
pi,6628,112
pi,6630,131
pi,6630,174
pi,6631,138
pi,6631,216
pi,6631,286
pi,6632,241
pi,6632,803
pi,6633,781
pi,6634,192
pi,6639,702
pi,6640,243
pi,6644,108
pi,6645,472
pi,6646,700
pi,6646,985
pi,6647,143
pi,6647,800
pi,6651,106
pi,6651,449
pi,6651,543
pi,6653,171
pi,6653,370
pi,6654,209
pi,6655,614
pi,6657,108
pi,6657,427
pi,6657,432
pi,6657,626
pi,6658,262
pi,6659,139
pi,6660,623
pi,6663,681
pi,6665,119
pi,6665,716
pi,6668,150
pi,6668,592
pi,6669,296
pi,6671,199
pi,6672,140
pi,6672,591
pi,6674,103
pi,6675,608
pi,6675,853
pi,6676,475
pi,6678,330
pi,6679,109
pi,6680,376
pi,6681,266
pi,6682,182
pi,6682,422
pi,6685,122
pi,6688,103
pi,6688,891
pi,6689,111
pi,6689,135
pi,6689,409
pi,6695,223
pi,6698,250
pi,6698,473
pi,6701,285
pi,6701,485
pi,6701,725
pi,6703,381
pi,6705,119
pi,6708,380
pi,6709,176
pi,6709,868
pi,6711,879
pi,6712,414
pi,6712,434
pi,6713,919
pi,6714,431
pi,6716,143
pi,6716,233
pi,6718,210
pi,6721,116
pi,6721,170
pi,6721,415
pi,6722,151
pi,6726,138
pi,6726,451
pi,6727,164
pi,6727,430
pi,6727,441
pi,6732,392
pi,6733,484
pi,6735,329
pi,6735,459
pi,6738,158
pi,6738,391
pi,6738,434
pi,6742,602
pi,6744,223
pi,6744,264
pi,6744,347
pi,6749,300
pi,6749,655
pi,6752,104
pi,6752,332
pi,6753,389
pi,6753,500
pi,6755,112
pi,6755,505
pi,6756,111
pi,6756,691
pi,6756,795
pi,6757,388
pi,6758,826
pi,6758,935
pi,6759,105
pi,6759,843
pi,6760,185
pi,6760,644
pi,6762,120
pi,6762,231
pi,6763,107
pi,6768,383
pi,6768,565
pi,6772,115
pi,6772,146
pi,6772,951
pi,6773,109
pi,6773,338
pi,6774,114
pi,6774,119
pi,6774,208
pi,6775,821
pi,6776,151
pi,6776,182
pi,6776,477
pi,6777,176
pi,6777,482
pi,6780,227
pi,6781,416
pi,6782,190
pi,6782,372
pi,6783,509
pi,6784,137
pi,6788,375
pi,6790,545
pi,6790,716
pi,6792,172
pi,6793,165
pi,6794,214
pi,6795,115
pi,6795,182
pi,6796,421
pi,6797,332
pi,6798,160
pi,6798,454
pi,6801,303
pi,6801,462
pi,6803,101
pi,6804,123
pi,6804,254
pi,6806,273
pi,6809,140
pi,6810,602
pi,6811,343
pi,6812,146
pi,6814,250
pi,6814,814
pi,6815,370
pi,6816,273
pi,6817,204
pi,6818,151
pi,6818,488
pi,6820,153
pi,6822,122
pi,6822,134
pi,6822,260
pi,6823,185
pi,6823,318
pi,6823,697
pi,6825,103
pi,6825,754
pi,6826,258
pi,6827,133
pi,6827,264
pi,6827,979
pi,6829,116
pi,6829,316
pi,6829,446
pi,6831,157
pi,6831,759
pi,6832,481
pi,6834,209
pi,6834,334
pi,6835,161
pi,6836,685
pi,6837,156
pi,6837,698
pi,6842,271
pi,6842,754
pi,6847,135
pi,6848,372
pi,6849,302
pi,6849,304
pi,6850,335
pi,6854,531
pi,6856,165
pi,6857,112
pi,6857,415
pi,6858,324
pi,6858,829
pi,6860,768
pi,6864,132
pi,6866,181
pi,6868,704
pi,6869,483
pi,6870,281
pi,6871,601
pi,6874,624
pi,6875,111
pi,6876,255
pi,6879,168
pi,6879,373
pi,6882,275
pi,6883,263
pi,6884,131
pi,6884,165
pi,6887,226
pi,6890,262
pi,6893,163
pi,6895,830
pi,6896,151
pi,6896,779
pi,6897,872
pi,6898,255
pi,6898,633
pi,6899,211
pi,6900,143
pi,6900,259
pi,6902,129
pi,6902,446
pi,6903,186
pi,6903,694
pi,6904,188
pi,6904,906
pi,6905,108
pi,6906,101
pi,6906,130
pi,6906,183
pi,6906,725
pi,6908,309
pi,6909,322
pi,6909,706
pi,6911,101
pi,6911,125
pi,6912,472
pi,6913,189
pi,6915,143
pi,6915,503
pi,6916,160
pi,6918,115
pi,6918,477
pi,6920,342
pi,6921,117
pi,6923,228
pi,6924,194
pi,6924,213
pi,6925,306
pi,6926,112
pi,6926,291
pi,6927,164
pi,6927,224
pi,6927,262
pi,6929,102
pi,6930,218
pi,6930,698
pi,6932,172
pi,6932,255
pi,6932,381
pi,6933,675
pi,6934,569
pi,6936,111
pi,6936,151
pi,6937,103
pi,6938,150
pi,6939,342
pi,6940,102
pi,6940,149
pi,6940,457
pi,6945,111
pi,6946,207
pi,6946,367
pi,6946,444
pi,6946,445
pi,6948,485
pi,6948,496
pi,6948,981
pi,6949,403
pi,6950,232
pi,6950,704
pi,6951,395
pi,6951,625
pi,6952,199
pi,6952,590
pi,6953,473
pi,6954,188
pi,6954,423
pi,6955,145
pi,6955,473
pi,6956,915
pi,6957,318
pi,6958,513
pi,6959,194
pi,6959,271
pi,6959,547
pi,6960,344
pi,6961,295
pi,6961,941
pi,6964,749
pi,6965,259
pi,6967,131
pi,6967,579
pi,6971,121
pi,6971,779
pi,6975,109
pi,6976,108
pi,6976,436
pi,6979,130
pi,6979,682
pi,6981,213
pi,6981,694
pi,6981,870
pi,6981,926
pi,6983,117
pi,6983,564
pi,6985,186
pi,6985,244
pi,6988,701
pi,6992,108
pi,6992,142
pi,6992,303
pi,6992,775
pi,6994,256
pi,6995,225
pi,6995,774
pi,6996,141
pi,6996,235
pi,6997,116
pi,6999,293
pi,6999,833
pi,7000,146
pi,7001,162
pi,7001,255
pi,7001,958
pi,7002,149
pi,7005,143
pi,7005,388
pi,7005,452
pi,7005,862
pi,7006,146
pi,7006,148
pi,7007,276
pi,7008,123
pi,7008,470
pi,7009,368
pi,7010,147
pi,7010,323
pi,7010,507
pi,7010,832
pi,7013,104
pi,7013,116
pi,7013,121
pi,7013,167
pi,7015,872
pi,7015,934
pi,7016,110
pi,7016,114
pi,7020,645
pi,7023,298
pi,7024,184
pi,7024,762
pi,7025,720
pi,7026,541
pi,7029,200
pi,7030,121
pi,7030,178
pi,7032,136
pi,7037,304
pi,7038,483
pi,7039,282
pi,7041,549
pi,7041,846
pi,7042,185
pi,7042,838
pi,7043,116
pi,7045,185
pi,7045,519
pi,7045,595
pi,7046,223
pi,7047,714
pi,7048,141
pi,7048,878
pi,7050,492
pi,7051,280
pi,7054,140
pi,7056,121
pi,7056,188
pi,7059,248
pi,7059,274
pi,7059,359
pi,7060,358
pi,7063,181
pi,7065,112
pi,7065,301
pi,7065,802
pi,7066,367
pi,7066,492
pi,7069,204
pi,7069,310
pi,7070,159
pi,7073,928
pi,7074,500
pi,7076,441
pi,7078,363
pi,7079,138
pi,7079,166
pi,7079,759
pi,7085,104
pi,7087,259
pi,7087,606
pi,7087,912
pi,7088,132
pi,7090,138
pi,7091,741
pi,7093,185
pi,7093,202
pi,7093,290
pi,7093,491
pi,7094,162
pi,7094,668
pi,7095,155
pi,7096,757
pi,7101,321
pi,7101,506
pi,7103,149
pi,7104,528
pi,7105,866
pi,7106,111
pi,7106,172
pi,7106,191
pi,7106,710
pi,7107,176
pi,7107,906
pi,7109,486
pi,7110,699
pi,7111,536
pi,7111,785
pi,7112,972
pi,7114,161
pi,7117,342
pi,7119,264
pi,7122,134
pi,7123,212
pi,7123,398
pi,7124,299
pi,7128,196
pi,7128,218
pi,7128,234
pi,7130,265
pi,7130,282
pi,7131,176
pi,7133,420
pi,7133,475
pi,7136,280
pi,7136,378
pi,7137,446
pi,7139,164
pi,7139,284
pi,7141,142
pi,7141,624
pi,7142,329
pi,7142,504
pi,7142,695
pi,7144,324
pi,7144,861
pi,7144,953
pi,7145,115
pi,7145,162
pi,7147,357
pi,7149,620
pi,7149,879
pi,7150,184
pi,7150,896
pi,7152,1000
pi,7155,303
pi,7156,609
pi,7158,813
pi,7160,244
pi,7161,131
pi,7161,146
pi,7164,525
pi,7166,562
pi,7168,173
pi,7170,339
pi,7170,358
pi,7171,110
pi,7171,121
pi,7171,360
pi,7173,406
pi,7176,422
pi,7178,269
pi,7182,244
pi,7182,251
pi,7184,111
pi,7185,286
pi,7189,968
pi,7190,233
pi,7190,255
pi,7191,171
pi,7191,264
pi,7193,141
pi,7193,311
pi,7194,197
pi,7195,584
pi,7195,892
pi,7202,758
pi,7203,783
pi,7205,385
pi,7205,690
pi,7205,814
pi,7207,160
pi,7207,348
pi,7208,138
pi,7208,307
pi,7210,694
pi,7212,459
pi,7212,953
pi,7213,131
pi,7213,964
pi,7216,105
pi,7217,166
pi,7217,190
pi,7218,103
pi,7218,227
pi,7219,504
pi,7220,161
pi,7220,679
pi,7225,471
pi,7226,476
pi,7226,793
pi,7227,154
pi,7228,438
pi,7229,317
pi,7229,446
pi,7229,559
pi,7230,472
pi,7232,272
pi,7233,130
pi,7235,248
pi,7239,390
pi,7241,135
pi,7242,451
pi,7243,142
pi,7244,192
pi,7244,852
pi,7247,534
pi,7248,175
pi,7248,319
pi,7249,223
pi,7250,205
pi,7253,315
pi,7253,539
pi,7254,152
pi,7255,871
pi,7256,833
pi,7257,200
pi,7258,899
pi,7259,199
pi,7260,249
pi,7260,405
pi,7262,101
pi,7262,293
pi,7262,481
pi,7262,999
pi,7263,347
pi,7263,513
pi,7264,193
pi,7265,325
pi,7268,131
pi,7271,164
pi,7272,198
pi,7272,226
pi,7274,177
pi,7277,306
pi,7280,186
pi,7282,125
pi,7283,150
pi,7283,509
pi,7284,106
pi,7284,236
pi,7284,675
pi,7287,120
pi,7287,183
pi,7287,406
pi,7292,305
pi,7292,483
pi,7295,141
pi,7297,305
pi,7298,270
pi,7300,158
pi,7300,784
pi,7302,373
pi,7302,560
pi,7302,872
pi,7304,198
pi,7305,312
pi,7312,567
pi,7312,638
pi,7313,233
pi,7313,294
pi,7320,341
pi,7321,565
pi,7322,289
pi,7322,721
pi,7323,427
pi,7323,906
pi,7324,271
pi,7324,293
pi,7325,336
pi,7326,687
pi,7330,893
pi,7331,243
pi,7332,226
pi,7333,202
pi,7335,241
pi,7335,544
pi,7335,731
pi,7336,233
pi,7338,275
pi,7338,364
pi,7338,880
pi,7338,972
pi,7340,633
pi,7342,999
pi,7346,146
pi,7348,316
pi,7349,215
pi,7349,302
pi,7350,460
pi,7352,140
pi,7352,192
pi,7352,304
pi,7355,137
pi,7355,531
pi,7357,275
pi,7357,647
pi,7357,786
pi,7357,853
pi,7361,389
pi,7362,140
pi,7364,239
pi,7367,184
pi,7371,413
pi,7373,174
pi,7373,443
pi,7374,166
pi,7375,172
pi,7378,115
pi,7378,316
pi,7378,406
pi,7378,997
pi,7381,144
pi,7381,193
pi,7381,308
pi,7383,109
pi,7385,179
pi,7387,891
pi,7388,491
pi,7390,820
pi,7392,652
pi,7395,193
pi,7396,279
pi,7399,105
pi,7400,184
pi,7401,150
pi,7401,815
pi,7402,196
pi,7402,449
pi,7402,582
pi,7402,751
pi,7403,103
pi,7403,483
pi,7403,729
pi,7404,731
pi,7405,110
pi,7405,643
pi,7409,349
pi,7410,479
pi,7410,528
pi,7410,693
pi,7412,413
pi,7413,473
pi,7414,299
pi,7414,374
pi,7415,313
pi,7416,193
pi,7417,213
pi,7418,737
pi,7419,410
pi,7420,498
pi,7421,417
pi,7421,855
pi,7421,894
pi,7422,174
pi,7423,146
pi,7427,204
pi,7429,161
pi,7430,201
pi,7430,346
pi,7430,879
pi,7431,171
pi,7432,199
pi,7432,224
pi,7435,979
pi,7436,108
pi,7436,984
pi,7437,209
pi,7437,622
pi,7439,156
pi,7440,310
pi,7440,829
pi,7441,128
pi,7441,133
pi,7442,295
pi,7443,113
pi,7444,171
pi,7444,555
pi,7445,229
pi,7446,333
pi,7449,343
pi,7449,361
pi,7449,617
pi,7449,687
pi,7450,225
pi,7453,426
pi,7454,197
pi,7454,217
pi,7456,755
pi,7457,258
pi,7458,707
pi,7459,752
pi,7461,142
pi,7462,110
pi,7462,251
pi,7462,828
pi,7463,955
pi,7464,145
pi,7465,102
pi,7465,869
pi,7470,126
pi,7470,182
pi,7471,236
pi,7472,107
pi,7473,696
pi,7474,157
pi,7479,228
pi,7479,518
pi,7480,148
pi,7480,484
pi,7481,134
pi,7482,183
pi,7482,915
pi,7483,265
pi,7483,435
pi,7487,670
pi,7488,476
pi,7491,906
pi,7492,210
pi,7496,111
pi,7497,341
pi,7497,585
pi,7497,809
pi,7498,486
pi,7499,109
pi,7500,154
pi,7501,401
pi,7501,447
pi,7502,109
pi,7503,104
pi,7504,688
pi,7508,167
pi,7508,253
pi,7509,106
pi,7509,986
pi,7510,386
pi,7510,443
pi,7511,683
pi,7513,851
pi,7515,844
pi,7516,525
pi,7523,227
pi,7524,132
pi,7526,120
pi,7526,458
pi,7528,297
pi,7528,537
pi,7530,207
pi,7531,453
pi,7532,317
pi,7534,416
pi,7535,626
pi,7536,110
pi,7536,801
pi,7538,820
pi,7544,237
pi,7545,770
pi,7550,256
pi,7551,101
pi,7551,151
pi,7551,689
pi,7552,511
pi,7552,589
pi,7554,347
pi,7557,104
pi,7558,359
pi,7559,424
pi,7560,630
pi,7560,698
pi,7562,484
pi,7562,910
pi,7565,883
pi,7566,130
pi,7568,211
pi,7569,429
pi,7569,518
pi,7572,726
pi,7573,155
pi,7577,120
pi,7581,874
pi,7582,207
pi,7586,710
pi,7588,204
pi,7590,871
pi,7591,488
pi,7592,577
pi,7594,346
pi,7595,153
pi,7595,314
pi,7596,152
pi,7596,293
pi,7597,327
pi,7598,186
pi,7598,537
pi,7601,385
pi,7602,162
pi,7603,216
pi,7605,700
pi,7606,122
pi,7606,636
pi,7607,668
pi,7608,438
pi,7609,396
pi,7611,173
pi,7611,199
pi,7612,283
pi,7612,630
pi,7617,343
pi,7619,425
pi,7619,515
pi,7620,209
pi,7620,316
pi,7625,144
pi,7625,181
pi,7625,213
pi,7626,104
pi,7627,619
pi,7630,131
pi,7630,156
pi,7631,417
pi,7632,614
pi,7634,680
pi,7635,554
pi,7636,819
pi,7636,891
pi,7637,303
pi,7638,214
pi,7640,379
pi,7640,713
pi,7641,211
pi,7641,261
pi,7644,243
pi,7646,484
pi,7646,809
pi,7647,302
pi,7647,747
pi,7649,218
pi,7649,349
pi,7649,956
pi,7650,139
pi,7650,623
pi,7653,198
pi,7653,265
pi,7656,713
pi,7657,414
pi,7659,483
pi,7659,650
pi,7660,149
pi,7660,688
pi,7661,149
pi,7662,140
pi,7663,126
pi,7663,711
pi,7664,592
pi,7665,285
pi,7669,609
pi,7670,396
pi,7670,746
pi,7671,693
pi,7673,669
pi,7673,966
pi,7676,852
pi,7677,793
pi,7678,147
pi,7680,334
pi,7681,331
pi,7683,303
pi,7685,314
pi,7687,402
pi,7688,192
pi,7689,191
pi,7690,197
pi,7692,467
pi,7697,358
pi,7698,104
pi,7699,372
pi,7699,570
pi,7701,668
pi,7701,838
pi,7704,393
pi,7705,747
pi,7708,666
pi,7711,160
pi,7711,229
pi,7713,160
pi,7713,423
pi,7713,479
pi,7714,166
pi,7714,538
pi,7716,142
pi,7716,237
pi,7718,399
pi,7718,418
pi,7718,506
pi,7719,245
pi,7721,108
pi,7722,149
pi,7726,116
pi,7726,413
pi,7728,271
pi,7729,109
pi,7729,700
pi,7730,143
pi,7731,187
pi,7731,249
pi,7733,623
pi,7735,213
pi,7735,293
pi,7738,417
pi,7738,500
pi,7742,160
pi,7742,358
pi,7744,182
pi,7745,805
pi,7748,339
pi,7749,445
pi,7750,464
pi,7752,472
pi,7753,126
pi,7755,152
pi,7756,587
pi,7757,557
pi,7758,420
pi,7760,111
pi,7761,148
pi,7761,356
pi,7761,444
pi,7762,457
pi,7762,597
pi,7763,501
pi,7764,116
pi,7765,481
pi,7765,545
pi,7767,104
pi,7767,796
pi,7768,196
pi,7770,420
pi,7770,780
pi,7774,143
pi,7774,322
pi,7776,268
pi,7776,403
pi,7776,780
pi,7778,419
pi,7781,267
pi,7783,433
pi,7785,786
pi,7786,961
pi,7787,166
pi,7787,905
pi,7788,107
pi,7788,348
pi,7789,147
pi,7793,488
pi,7793,716
pi,7799,576
pi,7800,159
pi,7802,436
pi,7802,761
pi,7805,199
pi,7805,327
pi,7806,324
pi,7806,481
pi,7809,239
pi,7811,139
pi,7811,533
pi,7813,140
pi,7813,966
pi,7814,604
pi,7815,125
pi,7816,384
pi,7816,446
pi,7816,990
pi,7819,193
pi,7819,518
pi,7820,120
pi,7820,592
pi,7821,139
pi,7821,143
pi,7821,331
pi,7822,453
pi,7823,309
pi,7823,391
pi,7828,104
pi,7830,184
pi,7830,909
pi,7831,456
pi,7836,123
pi,7836,531
pi,7839,375
pi,7840,731
pi,7841,481
pi,7845,221
pi,7847,800
pi,7848,288
pi,7849,347
pi,7849,832
pi,7850,239
pi,7850,436
pi,7850,480
pi,7851,471
pi,7852,515
pi,7853,422
pi,7853,674
pi,7855,224
pi,7855,336
pi,7856,732
pi,7856,752
pi,7857,998
pi,7858,284
pi,7861,553
pi,7862,227
pi,7863,867
pi,7867,979
pi,7868,115
pi,7868,418
pi,7870,608
pi,7873,337
pi,7877,137
pi,7882,769
pi,7883,221
pi,7883,933
pi,7884,121
pi,7884,563
pi,7884,566
pi,7884,899
pi,7886,560
pi,7887,603
pi,7889,729
pi,7889,917
pi,7890,227
pi,7892,298
pi,7894,331
pi,7895,415
pi,7896,221
pi,7896,934
pi,7897,349
pi,7898,932
pi,7901,104
pi,7902,196
pi,7903,468
pi,7905,225
pi,7905,452
pi,7905,827
pi,7906,183
pi,7908,363
pi,7909,135
pi,7909,173
pi,7909,393
pi,7909,397
pi,7909,906
pi,7910,102
pi,7910,666
pi,7911,824
pi,7914,337
pi,7914,614
pi,7914,795
pi,7915,844
pi,7916,243
pi,7916,312
pi,7918,343
pi,7918,554
pi,7919,351
pi,7923,205
pi,7923,754
pi,7926,202
pi,7927,162
pi,7928,208
pi,7928,225
pi,7928,345
pi,7930,174
pi,7931,485
pi,7932,405
pi,7935,599
pi,7937,385
pi,7939,831
pi,7940,147
pi,7940,991
pi,7941,291
pi,7941,575
pi,7945,163
pi,7945,210
pi,7948,322
pi,7948,524
pi,7951,115
pi,7955,383
pi,7957,177
pi,7959,363
pi,7959,875
pi,7960,264
pi,7963,172
pi,7964,102
pi,7965,152
pi,7966,195
pi,7967,127
pi,7968,723
pi,7968,740
pi,7969,598
pi,7969,612
pi,7971,155
pi,7972,506
pi,7973,204
pi,7973,347
pi,7974,792
pi,7975,166
pi,7975,596
pi,7976,106
pi,7976,166
pi,7976,858
pi,7977,333
pi,7978,148
pi,7978,688
pi,7979,118
pi,7979,433
pi,7979,660
pi,7980,128
pi,7981,154
pi,7981,251
pi,7984,845
pi,7988,142
pi,7988,540
pi,7989,110
pi,7991,351
pi,7992,317
pi,7993,383
pi,7993,416
pi,7994,171
pi,7996,103
pi,7997,102
pi,7998,154
pi,7999,368
pi,7999,427
pi,8000,302
pi,8001,209
pi,8001,707
pi,8002,294
pi,8003,705
pi,8008,542
pi,8010,124
pi,8010,343
pi,8011,436
pi,8016,129
pi,8016,253
pi,8019,111
pi,8019,161
pi,8022,321
pi,8022,390
pi,8026,102
pi,8027,101
pi,8027,126
pi,8027,161
pi,8027,287
pi,8028,204
pi,8031,196
pi,8031,271
pi,8031,954
pi,8032,396
pi,8032,607
pi,8034,237
pi,8036,730
pi,8038,232
pi,8042,273
pi,8043,185
pi,8044,153
pi,8044,623
pi,8047,799
pi,8049,125
pi,8049,690
pi,8050,115
pi,8050,140
pi,8051,104
pi,8052,750
pi,8054,191
pi,8055,556
pi,8055,962
pi,8056,103
pi,8056,172
pi,8056,200
pi,8060,409
pi,8065,164
pi,8066,108
pi,8066,128
pi,8066,172
pi,8067,110
pi,8067,113
pi,8067,680
pi,8067,690
pi,8070,758
pi,8071,143
pi,8071,274
pi,8071,505
pi,8074,341
pi,8076,957
pi,8077,111
pi,8077,128
pi,8077,196
pi,8078,857
pi,8080,699
pi,8081,731
pi,8082,118
pi,8082,160
pi,8085,166
pi,8086,187
pi,8087,252
pi,8088,135
pi,8090,128
pi,8092,403
pi,8092,930
pi,8093,171
pi,8097,218
pi,8099,295
pi,8101,115
pi,8102,167
pi,8102,572
pi,8103,202
pi,8104,387
pi,8105,365
pi,8109,337
pi,8109,767
pi,8113,165
pi,8114,105
pi,8114,305
pi,8116,135
pi,8117,146
pi,8117,626
pi,8117,729
pi,8118,568
pi,8118,593
pi,8118,641
pi,8119,693
pi,8120,120
pi,8120,682
pi,8121,107
pi,8122,217
pi,8123,220
pi,8123,296
pi,8125,442
pi,8125,619
pi,8126,548
pi,8129,280
pi,8130,101
pi,8130,319
pi,8132,235
pi,8132,431
pi,8132,505
pi,8134,209
pi,8135,139
pi,8137,483
pi,8137,865
pi,8138,118
pi,8138,390
pi,8141,222
pi,8141,275
pi,8142,319
pi,8143,225
pi,8144,275
pi,8145,224
pi,8146,195
pi,8147,482
pi,8148,200
pi,8150,191
pi,8151,224
pi,8152,594
pi,8152,664
pi,8152,699
pi,8153,364
pi,8153,436
pi,8153,499
pi,8156,424
pi,8157,104
pi,8161,233
pi,8161,251
pi,8163,248
pi,8163,298
pi,8164,466
pi,8165,514
pi,8166,364
pi,8166,929
pi,8168,278
pi,8168,293
pi,8169,176
pi,8169,207
pi,8170,342
pi,8173,935
pi,8174,561
pi,8177,670
pi,8178,344
pi,8181,158
pi,8181,183
pi,8184,158
pi,8184,294
pi,8187,136
pi,8188,120
pi,8189,346
pi,8190,683
pi,8192,113
pi,8192,901
pi,8193,242
pi,8196,534
pi,8196,795
pi,8199,799
pi,8200,122
pi,8200,335
pi,8200,468
pi,8200,647
pi,8201,428
pi,8203,972
pi,8205,330
pi,8205,625
pi,8207,209
pi,8207,349
pi,8208,107
pi,8210,124
pi,8210,346
pi,8210,781
pi,8213,322
pi,8213,593
pi,8214,201
pi,8214,215
pi,8217,113
pi,8218,112
pi,8218,145
pi,8220,512
pi,8220,624
pi,8221,214
pi,8221,248
pi,8222,277
pi,8222,653
pi,8223,115
pi,8225,201
pi,8226,164
pi,8226,223
pi,8226,265
pi,8226,780
pi,8229,182
pi,8230,253
pi,8231,379
pi,8233,176
pi,8233,907
pi,8236,101
pi,8237,297
pi,8237,339
pi,8238,929
pi,8240,146
pi,8240,276
pi,8241,396
pi,8242,126
pi,8246,326
pi,8246,334
pi,8246,841
pi,8249,177
pi,8250,479
pi,8250,827
pi,8251,119
pi,8254,849
pi,8255,912
pi,8256,517
pi,8257,117
pi,8258,527
pi,8259,589
pi,8261,274
pi,8262,101
pi,8262,114
pi,8262,153
pi,8264,227
pi,8265,443
pi,8266,425
pi,8268,179
pi,8268,448
pi,8269,221
pi,8269,697
pi,8273,244
pi,8274,204
pi,8274,841
pi,8278,683
pi,8279,313
pi,8280,501
pi,8280,620
pi,8283,149
pi,8288,182
pi,8288,378
pi,8289,143
pi,8291,127
pi,8291,243
pi,8292,134
pi,8293,274
pi,8295,640
pi,8300,847
pi,8301,221
pi,8302,618
pi,8302,818
pi,8304,307
pi,8306,129
pi,8308,104
pi,8309,331
pi,8310,102
pi,8310,110
pi,8310,870
pi,8313,221
pi,8313,424
pi,8313,602
pi,8314,961
pi,8315,120
pi,8315,171
pi,8315,513
pi,8316,386
pi,8321,119
pi,8323,628
pi,8323,886
pi,8325,165
pi,8325,595
pi,8328,946
pi,8329,144
pi,8329,403
pi,8329,744
pi,8329,821
pi,8331,250
pi,8331,298
pi,8331,809
pi,8332,277
pi,8333,358
pi,8333,367
pi,8333,801
pi,8334,512
pi,8335,120
pi,8335,522
pi,8336,188
pi,8336,528
pi,8337,153
pi,8339,110
pi,8342,130
pi,8343,140
pi,8343,547
pi,8343,588
pi,8345,172
pi,8345,436
pi,8347,143
pi,8347,675
pi,8347,773
pi,8351,401
pi,8352,138
pi,8353,334
pi,8355,123
pi,8355,347
pi,8356,450
pi,8362,965
pi,8363,323
pi,8364,164
pi,8365,108
pi,8367,172
pi,8369,323
pi,8370,132
pi,8370,414
pi,8371,234
pi,8371,239
pi,8372,233
pi,8372,735
pi,8373,459
pi,8375,547
pi,8379,850
pi,8382,262
pi,8382,597
pi,8383,313
pi,8384,316
pi,8387,148
pi,8390,464
pi,8391,143
pi,8393,225
pi,8393,712
pi,8394,355
pi,8395,120
pi,8395,808
pi,8397,408
pi,8398,119
pi,8398,551
pi,8399,123
pi,8400,707
pi,8401,275
pi,8402,562
pi,8402,791
pi,8403,792
pi,8404,283
pi,8404,689
pi,8407,561
pi,8408,192
pi,8413,104
pi,8414,103
pi,8414,115
pi,8414,191
pi,8414,662
pi,8415,109
pi,8418,413
pi,8419,327
pi,8421,419
pi,8425,363
pi,8425,718
pi,8428,153
pi,8428,240
pi,8429,387
pi,8431,969
pi,8433,518
pi,8434,138
pi,8434,478
pi,8437,701
pi,8438,346
pi,8438,755
pi,8439,409
pi,8439,846
pi,8442,156
pi,8443,433
pi,8443,548
pi,8443,842
pi,8444,228
pi,8449,132
pi,8451,355
pi,8451,928
pi,8452,874
pi,8454,144
pi,8454,190
pi,8454,233
pi,8454,267
pi,8454,940
pi,8456,153
pi,8456,231
pi,8457,195
pi,8459,150
pi,8460,129
pi,8460,700
pi,8461,345
pi,8461,522
pi,8462,354
pi,8465,231
pi,8467,260
pi,8469,925
pi,8470,102
pi,8470,262
pi,8471,105
pi,8474,146
pi,8477,152
pi,8477,252
pi,8482,209
pi,8483,352
pi,8484,691
pi,8486,497
pi,8488,241
pi,8488,250
pi,8489,434
pi,8490,147
pi,8493,312
pi,8494,104
pi,8494,115
pi,8498,131
pi,8499,180
pi,8499,343
pi,8500,111
pi,8500,847
pi,8501,572
pi,8502,593
pi,8504,135
pi,8504,242
pi,8504,277
pi,8504,330
pi,8507,145
pi,8510,944
pi,8511,397
pi,8515,336
pi,8515,453
pi,8519,330
pi,8520,182
pi,8522,144
pi,8522,308
pi,8527,506
pi,8527,720
pi,8530,548
pi,8531,121
pi,8531,551
pi,8532,728
pi,8533,133
pi,8533,273
pi,8534,106
pi,8536,129
pi,8536,479
pi,8537,149
pi,8538,254
pi,8540,139
pi,8540,280
pi,8540,456
pi,8540,784
pi,8543,125
pi,8543,365
pi,8544,107
pi,8546,284
pi,8546,296
pi,8547,190
pi,8549,230
pi,8550,168
pi,8552,403
pi,8555,143
pi,8555,539
pi,8560,119
pi,8560,280
pi,8562,613
pi,8562,826
pi,8563,616
pi,8563,691
pi,8563,888
pi,8564,252
pi,8568,305
pi,8570,281
pi,8570,331
pi,8571,286
pi,8574,117
pi,8574,231
pi,8575,192
pi,8577,411
pi,8577,440
pi,8578,242
pi,8578,324
pi,8579,447
pi,8580,786
pi,8582,139
pi,8582,263
pi,8583,156
pi,8583,416
pi,8584,208
pi,8586,158
pi,8586,598
pi,8586,951
pi,8587,188
pi,8589,122
pi,8590,644
pi,8591,524
pi,8592,778
pi,8594,544
pi,8595,306
pi,8600,108
pi,8600,230
pi,8603,299
pi,8606,379
pi,8607,419
pi,8607,568
pi,8609,568
pi,8610,174
pi,8610,427
pi,8611,146
pi,8614,328
pi,8615,307
pi,8616,182
pi,8616,487
pi,8617,390
pi,8619,147
pi,8619,209
pi,8619,227
pi,8619,467
pi,8620,109
pi,8620,161
pi,8620,714
pi,8621,114
pi,8621,116
pi,8621,118
pi,8622,739
pi,8623,104
pi,8623,252
pi,8623,328
pi,8626,219
pi,8628,119
pi,8629,491
pi,8629,703
pi,8630,151
pi,8630,168
pi,8630,447
pi,8631,445
pi,8633,105
pi,8633,269
pi,8633,775
pi,8635,103
pi,8637,286
pi,8638,263
pi,8638,855
pi,8642,110
pi,8642,170
pi,8642,670
pi,8643,127
pi,8643,166
pi,8643,258
pi,8644,667
pi,8645,139
pi,8645,697
pi,8649,108
pi,8650,138
pi,8650,139
pi,8650,171
pi,8650,382
pi,8656,265
pi,8656,316
pi,8656,449
pi,8657,414
pi,8657,652
pi,8658,340
pi,8661,169
pi,8664,303
pi,8664,343
pi,8667,121
pi,8669,402
pi,8669,893
pi,8669,963
pi,8672,244
pi,8672,308
pi,8672,535
pi,8674,105
pi,8675,172
pi,8676,175
pi,8676,200
pi,8677,104
pi,8678,128
pi,8681,212
pi,8682,873
pi,8682,901
pi,8683,586
pi,8684,164
pi,8684,402
pi,8685,644
pi,8686,966
pi,8687,155
pi,8688,673
pi,8690,210
pi,8692,395
pi,8692,721
pi,8693,137
pi,8696,144
pi,8696,151
pi,8696,887
pi,8698,314
pi,8699,496
pi,8701,278
pi,8702,152
pi,8702,826
pi,8703,623
pi,8705,142
pi,8705,197
pi,8708,149
pi,8710,270
pi,8711,384
pi,8712,117
pi,8712,210
pi,8712,310
pi,8713,480
pi,8713,671
pi,8714,303
pi,8717,936
pi,8719,264
pi,8720,388
pi,8722,769
pi,8723,141
pi,8723,262
pi,8724,454
pi,8726,927
pi,8727,149
pi,8727,797
pi,8728,129
pi,8728,278
pi,8729,254
pi,8729,308
pi,8734,681
pi,8736,215
pi,8736,516
pi,8737,175
pi,8737,647
pi,8739,456
pi,8739,893
pi,8742,112
pi,8742,337
pi,8742,414
pi,8743,126
pi,8743,774
pi,8745,571
pi,8746,177
pi,8746,252
pi,8747,184
pi,8747,462
pi,8748,187
pi,8749,468
pi,8749,662
pi,8750,233
pi,8751,216
pi,8753,847
pi,8757,118
pi,8757,163
pi,8758,142
pi,8759,146
pi,8761,566
pi,8765,157
pi,8766,580
pi,8768,200
pi,8768,439
pi,8768,714
pi,8769,199
pi,8770,494
pi,8772,140
pi,8773,210
pi,8773,322
pi,8773,709
pi,8773,714
pi,8774,819
pi,8775,318
pi,8775,479
pi,8778,127
pi,8779,214
pi,8780,140
pi,8780,896
pi,8782,108
pi,8782,700
pi,8782,717
pi,8783,254
pi,8783,674
pi,8785,335
pi,8785,357
pi,8787,291
pi,8790,319
pi,8791,173
pi,8792,120
pi,8792,468
pi,8793,302
pi,8793,326
pi,8795,242
pi,8796,551
pi,8798,122
pi,8798,133
pi,8798,755
pi,8800,121
pi,8800,164
pi,8800,276
pi,8801,119
pi,8802,751
pi,8803,119
pi,8803,337
pi,8804,157
pi,8804,374
pi,8804,584
pi,8804,637
pi,8805,648
pi,8807,920
pi,8808,818
pi,8811,101
pi,8811,311
pi,8812,139
pi,8813,154
pi,8816,105
pi,8818,801
pi,8820,299
pi,8821,186
pi,8822,694
pi,8823,611
pi,8823,896
pi,8827,739
pi,8829,102
pi,8829,264
pi,8829,480
pi,8830,694
pi,8830,846
pi,8832,246
pi,8832,478
pi,8833,286
pi,8833,869
pi,8833,877
pi,8834,794
pi,8836,852
pi,8838,661
pi,8839,562
pi,8839,992
pi,8840,783
pi,8841,157
pi,8844,673
pi,8844,751
pi,8844,808
pi,8845,231
pi,8846,186
pi,8848,132
pi,8849,112
pi,8849,944
pi,8850,167
pi,8851,691
pi,8852,103
pi,8853,799
pi,8854,603
pi,8856,177
pi,8856,665
pi,8856,732
pi,8858,224
pi,8859,132
pi,8860,754
pi,8863,136
pi,8863,582
pi,8864,544
pi,8865,131
pi,8865,597
pi,8868,767
pi,8870,359
pi,8871,447
pi,8876,484
pi,8877,130
pi,8878,726
pi,8882,500
pi,8883,463
pi,8887,112
pi,8887,966
pi,8891,550
pi,8891,569
pi,8892,151
pi,8895,120
pi,8896,126
pi,8901,109
pi,8902,110
pi,8905,816
pi,8911,111
pi,8913,296
pi,8914,208
pi,8915,183
pi,8916,127
pi,8916,501
pi,8916,749
pi,8917,649
pi,8920,644
pi,8922,539
pi,8923,641
pi,8924,330
pi,8924,442
pi,8925,148
pi,8925,509
pi,8925,547
pi,8925,827
pi,8926,882
pi,8929,909
pi,8930,237
pi,8931,102
pi,8931,585
pi,8933,162
pi,8933,341
pi,8935,217
pi,8936,107
pi,8939,176
pi,8939,483
pi,8940,481
pi,8940,593
pi,8941,138
pi,8941,252
pi,8941,852
pi,8942,236
pi,8942,343
pi,8943,587
pi,8944,236
pi,8945,205
pi,8945,890
pi,8946,196
pi,8946,325
pi,8949,211
pi,8950,165
pi,8952,667
pi,8956,117
pi,8956,228
pi,8957,222
pi,8961,565
pi,8964,177
pi,8964,247
pi,8965,534
pi,8966,103
pi,8966,174
pi,8967,156
pi,8970,197
pi,8970,341
pi,8972,122
pi,8974,559
pi,8975,136
pi,8975,386
pi,8977,170
pi,8978,144
pi,8978,558
pi,8979,161
pi,8980,332
pi,8982,138
pi,8983,593
pi,8984,422
pi,8985,120
pi,8985,857
pi,8987,244
pi,8987,288
pi,8987,969
pi,8990,104
pi,8995,994
pi,8996,156
pi,8997,101
pi,8998,179
pi,8998,283
pi,8999,527
pi,9000,964
pi,9001,177
pi,9001,579
pi,9001,830
pi,9004,243
pi,9004,430
pi,9005,162
pi,9006,114
pi,9006,325
pi,9009,171
pi,9009,969
pi,9015,178
pi,9015,450
pi,9016,477
pi,9019,244
pi,9019,360
pi,9022,355
pi,9025,115
pi,9026,294
pi,9027,630
pi,9028,113
pi,9029,537
pi,9029,809
pi,9030,145
pi,9032,829
pi,9033,156
pi,9036,810
pi,9040,144
pi,9040,189
pi,9041,277
pi,9041,336
pi,9043,500
pi,9045,324
pi,9048,261
pi,9048,382
pi,9050,102
pi,9054,805
pi,9055,571
pi,9056,811
pi,9057,751
pi,9060,340
pi,9060,592
pi,9060,692
pi,9062,561
pi,9065,104
pi,9067,523
pi,9068,263
pi,9070,536
pi,9070,679
pi,9071,196
pi,9071,356
pi,9072,260
pi,9075,212
pi,9075,903
pi,9077,344
pi,9077,630
pi,9079,457
pi,9079,511
pi,9081,227
pi,9086,125
pi,9087,122
pi,9089,175
pi,9092,183
pi,9092,627
pi,9092,714
pi,9095,280
pi,9095,674
pi,9096,107
pi,9097,118
pi,9098,866
pi,9099,747
pi,9100,211
pi,9100,500
pi,9101,829
pi,9102,214
pi,9102,555
pi,9105,507
pi,9105,791
pi,9108,121
pi,9108,285
pi,9108,465
pi,9110,121
pi,9110,131
pi,9110,171
pi,9111,340
pi,9111,437
pi,9112,487
pi,9112,786
pi,9114,167
pi,9115,345
pi,9118,446
pi,9118,728
pi,9119,193
pi,9122,404
pi,9123,204
pi,9128,126
pi,9128,249
pi,9130,145
pi,9134,220
pi,9135,150
pi,9135,287
pi,9137,190
pi,9137,247
pi,9138,629
pi,9140,849
pi,9143,268
pi,9145,328
pi,9146,233
pi,9148,227
pi,9149,209
pi,9152,501
pi,9154,194
pi,9156,309
pi,9157,151
pi,9159,383
pi,9161,606
pi,9162,250
pi,9163,326
pi,9164,196
pi,9164,477
pi,9165,122
pi,9166,291
pi,9166,705
pi,9168,117
pi,9170,101
pi,9171,183
pi,9173,288
pi,9173,343
pi,9173,607
pi,9174,239
pi,9174,260
pi,9177,743
pi,9179,347
pi,9179,674
pi,9180,144
pi,9182,437
pi,9185,414
pi,9187,696
pi,9188,122
pi,9189,387
pi,9189,690
pi,9190,158
pi,9191,230
pi,9193,572
pi,9194,351
pi,9198,434
pi,9198,485
pi,9200,215
pi,9200,231
pi,9201,216
pi,9201,252
pi,9201,286
pi,9202,199
pi,9205,231
pi,9210,335
pi,9211,660
pi,9211,690
pi,9215,167
pi,9215,191
pi,9215,302
pi,9215,450
pi,9215,681
pi,9216,431
pi,9217,114
pi,9217,347
pi,9220,134
pi,9220,363
pi,9221,321
pi,9221,757
pi,9222,148
pi,9222,191
pi,9222,203
pi,9223,147
pi,9224,158
pi,9226,236
pi,9230,354
pi,9230,742
pi,9231,146
pi,9235,140
pi,9237,175
pi,9240,239
pi,9242,124
pi,9242,270
pi,9242,334
pi,9243,112
pi,9243,151
pi,9244,140
pi,9245,308
pi,9246,108
pi,9250,679
pi,9251,390
pi,9253,275
pi,9253,308
pi,9253,677
pi,9257,551
pi,9260,110
pi,9262,146
pi,9265,535
pi,9266,334
pi,9267,677
pi,9268,244
pi,9268,471
pi,9271,122
pi,9271,233
pi,9271,502
pi,9272,207
pi,9273,359
pi,9274,286
pi,9274,561
pi,9275,125
pi,9275,241
pi,9277,522
pi,9279,457
pi,9281,295
pi,9281,628
pi,9283,118
pi,9283,125
pi,9283,379
pi,9284,209
pi,9284,607
pi,9286,349
pi,9292,334
pi,9293,115
pi,9295,536
pi,9296,304
pi,9297,130
pi,9297,246
pi,9300,195
pi,9303,621
pi,9306,337
pi,9306,346
pi,9308,485
pi,9310,326
pi,9311,143
pi,9311,149
pi,9311,226
pi,9312,432
pi,9312,555
pi,9314,107
pi,9315,269
pi,9319,106
pi,9323,164
pi,9323,398
pi,9324,176
pi,9325,109
pi,9325,203
pi,9333,187
pi,9334,177
pi,9339,133
pi,9341,104
pi,9342,206
pi,9343,114
pi,9345,302
pi,9348,565
pi,9349,113
pi,9349,133
pi,9349,303
pi,9353,231
pi,9353,433
pi,9354,609
pi,9356,172
pi,9357,197
pi,9357,419
pi,9360,112
pi,9361,583
pi,9372,156
pi,9372,324
pi,9375,149
pi,9375,189
pi,9375,233
pi,9375,405
pi,9378,164
pi,9381,425
pi,9383,193
pi,9384,144
pi,9386,221
pi,9387,179
pi,9387,610
pi,9388,107
pi,9389,187
pi,9389,245
pi,9390,217
pi,9394,123
pi,9395,141
pi,9395,257
pi,9398,101
pi,9398,238
pi,9398,309
pi,9399,358
pi,9399,557
pi,9410,197
pi,9410,331
pi,9411,122
pi,9412,249
pi,9415,130
pi,9417,133
pi,9417,163
pi,9418,125
pi,9418,554
pi,9419,117
pi,9420,203
pi,9423,516
pi,9424,131
pi,9425,129
pi,9425,446
pi,9427,175
pi,9430,550
pi,9434,260
pi,9436,106
pi,9436,126
pi,9437,128
pi,9442,123
pi,9446,414
pi,9447,215
pi,9448,149
pi,9449,225
pi,9450,143
pi,9450,215
pi,9451,529
pi,9453,175
pi,9454,158
pi,9454,518
pi,9455,106
pi,9455,169
pi,9459,160
pi,9465,171
pi,9465,256
pi,9467,243
pi,9471,148
pi,9473,177
pi,9473,401
pi,9475,423
pi,9478,124
pi,9479,128
pi,9479,185
pi,9479,395
pi,9480,240
pi,9482,230
pi,9482,257
pi,9486,438
pi,9488,136
pi,9490,204
pi,9491,137
pi,9494,101
pi,9495,311
pi,9497,247
pi,9502,375
pi,9503,193
pi,9508,206
pi,9508,249
pi,9511,108
pi,9515,316
pi,9520,250
pi,9522,278
pi,9523,134
pi,9526,321
pi,9526,361
pi,9528,130
pi,9531,268
pi,9535,106
pi,9535,167
pi,9537,183
pi,9538,126
pi,9539,228
pi,9541,186
pi,9542,350
pi,9544,351
pi,9547,173
pi,9548,340
pi,9549,349
pi,9553,166
pi,9554,160
pi,9554,252
pi,9559,103
pi,9561,160
pi,9563,252
pi,9564,272
pi,9572,372
pi,9574,114
pi,9577,209
pi,9577,335
pi,9580,318
pi,9581,192
pi,9581,232
pi,9581,331
pi,9582,137
pi,9582,224
pi,9583,126
pi,9583,203
pi,9586,267
pi,9587,184
pi,9588,359
pi,9589,290
pi,9591,195
pi,9593,274
pi,9596,116
pi,9597,332
pi,9599,168
pi,9600,107
pi,9604,103
pi,9606,303
pi,9611,159
pi,9616,319
pi,9617,127
pi,9618,235
pi,9622,255
pi,9623,297
pi,9629,164
pi,9629,184
pi,9630,137
pi,9630,217
pi,9631,260
pi,9634,258
pi,9637,319
pi,9640,159
pi,9640,349
pi,9642,134
pi,9644,157
pi,9651,236
pi,9651,258
pi,9653,162
pi,9653,230
pi,9659,319
pi,9660,107
pi,9661,112
pi,9662,111
pi,9662,124
pi,9662,205
pi,9669,154
pi,9672,143
pi,9675,148
pi,9677,113
pi,9687,278
pi,9688,176
pi,9691,201
pi,9695,174
pi,9695,301
pi,9696,117
pi,9699,137
pi,9706,160
pi,9708,139
pi,9709,247
pi,9717,157
pi,9720,154
pi,9721,145
pi,9721,201
pi,9730,194
pi,9740,107
pi,9740,188
pi,9741,190
pi,9743,206
pi,9744,144
pi,9745,126
pi,9754,138
pi,9759,161
pi,9765,106
pi,9767,163
pi,9768,115
pi,9769,140
pi,9774,121
pi,9778,187
pi,9790,105
pi,9790,173
pi,9793,154
pi,9806,133
pi,9811,156
pi,9816,162
pi,9824,163
pi,9825,105
pi,9826,123
pi,9832,129
pi,9833,128
pi,9835,129
pi,9835,143
pi,9837,126
pi,9841,137
pi,9850,124
pi,9853,127
