window_start_place,entropy_bits
1,2.251629
2,2.584963
3,2.251629
4,1.918296
5,1.918296
6,1.918296
7,1.918296
8,1.918296
9,1.918296
10,2.251629
11,2.251629
12,2.251629
13,2.251629
14,2.251629
15,2.251629
16,2.251629
17,2.251629
18,1.792481
19,1.459148
20,1.918296
21,2.251629
22,2.251629
23,2.251629
24,2.251629
25,2.251629
26,2.251629
27,2.251629
28,2.584963
29,2.251629
30,2.251629
31,1.792481
32,1.251629
33,1.251629
34,1.792481
35,2.251629
36,2.251629
37,2.584963
38,2.584963
39,2.251629
40,1.792481
41,1.792481
42,1.251629
43,1.792481
44,1.792481
45,1.918296
46,1.918296
47,2.251629
48,2.251629
49,2.251629
50,2.251629
51,2.251629
52,2.584963
53,2.584963
54,2.251629
55,2.251629
56,2.251629
57,2.251629
58,2.584963
59,2.251629
60,2.584963
61,2.251629
62,1.918296
63,1.918296
64,1.918296
65,1.792481
66,1.918296
67,1.918296
68,2.251629
69,2.251629
70,2.584963
71,2.584963
72,2.251629
73,1.918296
74,2.251629
75,1.918296
76,1.792481
77,2.251629
78,2.251629
79,2.251629
80,2.251629
81,2.251629
82,2.251629
83,2.251629
84,2.584963
85,2.251629
86,2.251629
87,2.251629
88,2.251629
89,2.584963
90,2.251629
91,2.251629
92,1.918296
93,2.251629
94,2.584963
95,2.251629
96,1.918296
97,1.459148
98,1.251629
99,0.650022
100,1.251629
101,1.792481
102,1.792481
103,1.918296
104,1.918296
105,1.792481
106,2.251629
107,1.792481
108,1.792481
109,1.918296
110,1.918296
111,1.918296
112,1.584963
113,1.918296
114,1.918296
115,2.251629
116,2.251629
117,2.251629
118,2.251629
119,2.251629
120,1.918296
121,1.918296
122,1.918296
123,2.251629
124,1.918296
125,2.251629
126,2.251629
127,1.792481
128,1.459148
129,1.459148
130,1.918296
131,2.251629
132,2.251629
133,2.584963
134,2.584963
135,2.251629
136,1.918296
137,1.918296
138,1.792481
139,2.251629
140,1.792481
141,1.792481
142,2.251629
143,1.918296
144,1.918296
145,1.918296
146,2.251629
147,2.251629
148,1.918296
149,1.918296
150,1.918296
151,1.918296
152,1.918296
153,1.918296
154,1.918296
155,2.251629
156,1.918296
157,1.459148
158,1.792481
159,2.251629
160,2.251629
161,1.918296
162,2.251629
163,1.918296
164,1.459148
165,1.918296
166,1.918296
167,2.251629
168,2.251629
169,2.251629
170,2.251629
171,1.918296
172,2.251629
173,1.792481
174,2.251629
175,2.251629
176,2.584963
177,2.584963
178,2.251629
179,2.584963
180,2.584963
181,2.251629
182,1.918296
183,1.459148
184,0.918296
185,0.918296
186,1.459148
187,1.918296
188,2.251629
189,2.251629
190,1.792481
191,1.792481
192,1.792481
193,1.792481
194,1.918296
195,1.918296
196,1.459148
197,1.918296
198,1.792481
199,1.792481
200,2.251629
201,1.792481
202,2.251629
203,2.251629
204,2.251629
205,1.918296
206,2.251629
207,2.251629
208,2.584963
209,2.584963
210,2.251629
211,1.918296
212,1.918296
213,2.251629
214,2.251629
215,2.251629
216,2.251629
217,1.918296
218,1.918296
219,2.251629
220,1.918296
221,1.918296
222,1.918296
223,2.251629
224,1.792481
225,2.251629
226,2.251629
227,2.584963
228,2.584963
229,2.584963
230,2.251629
231,2.251629
232,2.251629
233,2.584963
234,2.584963
235,2.584963
236,2.584963
237,2.584963
238,2.584963
239,2.584963
240,2.251629
241,2.251629
242,2.251629
243,1.918296
244,1.459148
245,1.918296
246,2.251629
247,2.251629
248,2.584963
249,2.584963
250,2.251629
251,1.918296
252,1.918296
253,2.251629
254,2.251629
255,2.584963
256,2.584963
257,2.584963
258,2.584963
259,2.584963
260,2.251629
261,1.918296
262,1.792481
263,1.918296
264,2.251629
265,1.918296
266,2.251629
267,2.251629
268,1.792481
269,1.792481
270,1.918296
271,2.251629
272,2.251629
273,2.251629
274,1.918296
275,2.251629
276,1.792481
277,1.918296
278,2.251629
279,1.792481
280,1.918296
281,2.251629
282,2.251629
283,2.251629
284,2.251629
285,2.251629
286,2.251629
287,2.251629
288,2.251629
289,1.918296
290,1.918296
291,1.918296
292,2.251629
293,2.251629
294,2.251629
295,2.251629
296,1.918296
297,1.918296
298,1.918296
299,1.918296
300,1.792481
301,1.792481
302,1.918296
303,1.459148
304,1.792481
305,1.918296
306,1.918296
307,1.918296
308,1.918296
309,2.251629
310,2.251629
311,2.584963
312,2.584963
313,2.584963
314,2.251629
315,1.918296
316,1.918296
317,2.251629
318,2.584963
319,2.584963
320,2.251629
321,2.251629
322,1.918296
323,2.251629
324,2.584963
325,2.584963
326,2.584963
327,2.251629
328,2.251629
329,1.918296
330,1.918296
331,1.918296
332,2.251629
333,1.792481
334,2.251629
335,2.584963
336,2.251629
337,1.792481
338,1.918296
339,1.918296
340,2.251629
341,1.792481
342,2.251629
343,2.584963
344,2.251629
345,2.251629
346,2.251629
347,1.792481
348,1.792481
349,2.251629
350,2.584963
351,2.251629
352,2.251629
353,2.251629
354,2.251629
355,2.251629
356,2.584963
357,2.251629
358,2.251629
359,2.251629
360,2.251629
361,2.251629
362,2.584963
363,2.251629
364,2.251629
365,1.918296
366,1.918296
367,2.251629
368,2.251629
369,1.918296
370,2.251629
371,2.584963
372,2.584963
373,2.584963
374,2.584963
375,2.584963
376,2.251629
377,2.251629
378,2.251629
379,1.918296
380,2.251629
381,2.251629
382,2.584963
383,2.251629
384,1.918296
385,1.918296
386,1.918296
387,1.918296
388,2.251629
389,2.251629
390,2.584963
391,2.251629
392,1.918296
393,1.792481
394,1.792481
395,1.251629
396,1.459148
397,1.918296
398,2.251629
399,2.584963
400,2.584963
401,2.251629
402,2.251629
403,2.251629
404,1.918296
405,1.918296
406,1.792481
407,1.792481
408,1.792481
409,2.251629
410,2.251629
411,2.251629
412,1.792481
413,1.792481
414,2.251629
415,1.918296
416,1.918296
417,2.251629
418,2.251629
419,1.918296
420,2.251629
421,2.251629
422,2.251629
423,2.251629
424,1.918296
425,2.251629
426,2.584963
427,2.251629
428,2.251629
429,2.251629
430,2.584963
431,2.584963
432,2.251629
433,2.251629
434,2.251629
435,1.792481
436,2.251629
437,1.918296
438,1.918296
439,1.792481
440,2.251629
441,2.251629
442,2.251629
443,2.584963
444,2.584963
445,2.251629
446,2.584963
447,2.251629
448,2.251629
449,2.251629
450,1.918296
451,2.251629
452,2.584963
453,2.251629
454,2.251629
455,2.584963
456,2.584963
457,2.584963
458,2.584963
459,2.584963
460,2.584963
461,2.584963
462,2.584963
463,2.251629
464,2.251629
465,2.251629
466,2.251629
467,2.251629
468,2.251629
469,1.918296
470,1.584963
471,1.459148
472,1.918296
473,1.918296
474,2.251629
475,1.792481
476,1.251629
477,1.251629
478,1.792481
479,1.918296
480,1.918296
481,1.792481
482,1.459148
483,1.459148
484,1.459148
485,1.792481
486,2.251629
487,2.251629
488,2.251629
489,2.251629
490,1.918296
491,2.251629
492,1.792481
493,1.792481
494,2.251629
495,2.584963
496,2.584963
497,2.251629
498,2.584963
499,2.251629
500,1.918296
501,1.459148
502,1.459148
503,1.792481
504,1.918296
505,1.918296
506,1.918296
507,1.918296
508,2.251629
509,2.251629
510,2.251629
511,1.792481
512,1.459148
513,1.459148
514,1.459148
515,1.918296
516,1.918296
517,1.584963
518,1.459148
519,1.918296
520,1.459148
521,1.792481
522,1.792481
523,2.251629
524,2.251629
525,2.251629
526,2.251629
527,2.251629
528,1.792481
529,1.792481
530,1.792481
531,2.251629
532,1.918296
533,1.918296
534,2.251629
535,1.918296
536,1.918296
537,2.251629
538,1.918296
539,1.918296
540,2.251629
541,2.584963
542,2.584963
543,2.251629
544,2.251629
545,2.251629
546,2.251629
547,2.584963
548,2.251629
549,1.918296
550,1.918296
551,2.251629
552,2.584963
553,2.251629
554,1.918296
555,1.918296
556,1.918296
557,1.918296
558,2.251629
559,1.792481
560,1.792481
561,2.251629
562,2.584963
563,2.251629
564,2.584963
565,2.584963
566,2.251629
567,2.251629
568,2.251629
569,2.251629
570,2.251629
571,2.584963
572,2.584963
573,2.251629
574,1.918296
575,1.918296
576,1.918296
577,1.918296
578,1.792481
579,1.792481
580,2.251629
581,1.918296
582,1.918296
583,2.251629
584,2.251629
585,1.792481
586,1.792481
587,2.251629
588,1.792481
589,1.792481
590,1.792481
591,2.251629
592,2.251629
593,1.918296
594,2.251629
595,2.251629
596,1.918296
597,1.918296
598,2.251629
599,2.251629
600,2.251629
601,2.251629
602,1.918296
603,1.918296
604,1.918296
605,1.918296
606,1.918296
607,2.251629
608,2.251629
609,2.251629
610,2.251629
611,2.251629
612,2.251629
613,2.251629
614,1.918296
615,1.918296
616,1.792481
617,1.792481
618,1.459148
619,1.918296
620,2.251629
621,2.251629
622,1.918296
623,1.918296
624,1.918296
625,1.918296
626,2.251629
627,2.584963
628,2.251629
629,2.251629
630,2.584963
631,2.251629
632,2.251629
633,2.584963
634,2.251629
635,1.918296
636,1.918296
637,1.918296
638,2.251629
639,2.251629
640,2.251629
641,2.251629
642,2.584963
643,2.251629
644,1.918296
645,1.918296
646,2.251629
647,1.918296
648,1.918296
649,1.918296
650,2.251629
651,2.251629
652,2.584963
653,2.251629
654,2.584963
655,2.584963
656,2.584963
657,2.251629
658,2.251629
659,2.251629
660,2.251629
661,1.918296
662,1.918296
663,2.251629
664,2.251629
665,2.584963
666,2.251629
667,2.251629
668,1.792481
669,1.792481
670,1.251629
671,1.459148
672,1.792481
673,2.251629
674,2.584963
675,2.584963
676,2.584963
677,2.584963
678,2.584963
679,2.251629
680,2.251629
681,1.918296
682,1.918296
683,2.251629
684,2.251629
685,2.251629
686,2.251629
687,1.918296
688,1.792481
689,2.251629
690,1.918296
691,1.918296
692,1.918296
693,1.584963
694,1.918296
695,2.251629
696,2.584963
697,2.251629
698,2.251629
699,2.251629
700,2.584963
701,2.584963
702,2.584963
703,2.584963
704,2.584963
705,2.251629
706,1.918296
707,1.918296
708,2.251629
709,2.251629
710,2.584963
711,2.584963
712,2.251629
713,2.251629
714,2.584963
715,2.584963
716,2.584963
717,2.251629
718,2.251629
719,2.251629
720,1.918296
721,2.251629
722,2.251629
723,1.792481
724,1.792481
725,1.918296
726,1.792481
727,2.251629
728,1.792481
729,1.792481
730,1.792481
731,1.918296
732,1.918296
733,1.918296
734,1.918296
735,2.251629
736,2.584963
737,2.584963
738,2.251629
739,2.251629
740,2.251629
741,2.251629
742,1.918296
743,1.792481
744,1.459148
745,1.000000
746,1.459148
747,1.918296
748,2.251629
749,1.918296
750,1.918296
751,1.918296
752,2.251629
753,1.792481
754,1.918296
755,2.251629
756,2.251629
757,2.584963
758,2.584963
759,2.584963
760,2.251629
761,2.251629
762,2.251629
763,1.918296
764,2.251629
765,2.584963
766,2.251629
767,2.251629
768,1.918296
769,1.918296
770,1.459148
771,1.918296
772,1.918296
773,2.251629
774,1.918296
775,1.918296
776,2.251629
777,2.251629
778,2.251629
779,2.251629
780,2.251629
781,2.251629
782,2.584963
783,2.251629
784,2.251629
785,2.584963
786,2.584963
787,2.584963
788,2.584963
789,2.251629
790,1.918296
791,1.918296
792,2.251629
793,2.251629
794,2.584963
795,2.251629
796,2.251629
797,2.584963
798,2.584963
799,2.251629
800,1.918296
801,2.251629
802,2.251629
803,2.251629
804,2.251629
805,1.918296
806,1.918296
807,1.918296
808,1.918296
809,1.918296
810,1.918296
811,1.918296
812,2.251629
813,2.251629
814,2.251629
815,2.251629
816,2.251629
817,2.584963
818,2.584963
819,2.584963
820,2.584963
821,2.251629
822,2.251629
823,1.918296
824,2.251629
825,2.251629
826,2.251629
827,2.251629
828,2.584963
829,2.584963
830,2.251629
831,1.918296
832,1.584963
833,1.918296
834,2.251629
835,2.584963
836,2.251629
837,1.918296
838,1.918296
839,1.918296
840,1.918296
841,1.918296
842,1.459148
843,1.918296
844,1.918296
845,2.251629
846,2.584963
847,2.584963
848,2.584963
849,2.251629
850,2.251629
851,1.918296
852,1.918296
853,1.918296
854,2.251629
855,1.918296
856,2.251629
857,2.251629
858,2.251629
859,2.251629
860,1.918296
861,1.918296
862,2.251629
863,2.584963
864,2.584963
865,2.251629
866,2.251629
867,2.251629
868,2.251629
869,2.251629
870,2.584963
871,2.584963
872,2.251629
873,2.584963
874,2.584963
875,2.584963
876,2.584963
877,2.584963
878,2.584963
879,2.251629
880,1.918296
881,2.251629
882,2.251629
883,1.918296
884,2.251629
885,2.251629
886,2.251629
887,1.918296
888,2.251629
889,2.584963
890,2.251629
891,2.584963
892,2.584963
893,2.584963
894,2.251629
895,2.251629
896,1.918296
897,1.584963
898,1.918296
899,1.918296
900,1.918296
901,1.792481
902,1.251629
903,1.251629
904,1.792481
905,1.459148
906,1.918296
907,2.251629
908,2.251629
909,2.251629
910,2.584963
911,2.251629
912,2.251629
913,2.251629
914,1.918296
915,1.918296
916,1.918296
917,2.251629
918,2.584963
919,2.584963
920,2.584963
921,2.584963
922,2.584963
923,2.584963
924,2.584963
925,2.251629
926,2.251629
927,1.918296
928,1.918296
929,1.584963
930,1.918296
931,1.459148
932,1.918296
933,1.918296
934,1.918296
935,1.918296
936,2.251629
937,1.918296
938,2.251629
939,2.251629
940,1.918296
941,1.918296
942,2.251629
943,1.918296
944,2.251629
945,1.918296
946,1.918296
947,2.251629
948,2.251629
949,2.251629
950,2.584963
951,2.251629
952,2.251629
953,2.251629
954,2.251629
955,2.584963
956,2.251629
957,2.251629
958,2.251629
959,2.251629
960,1.918296
961,2.251629
962,2.251629
963,1.918296
964,1.792481
965,2.251629
966,2.251629
967,1.918296
968,1.459148
969,1.459148
970,1.792481
971,2.251629
972,2.251629
973,2.251629
974,2.584963
975,2.584963
976,2.251629
977,2.251629
978,2.251629
979,2.251629
980,2.251629
981,2.251629
982,1.918296
983,1.918296
984,2.251629
985,2.251629
986,2.251629
987,2.251629
988,2.584963
989,2.251629
990,2.584963
991,2.584963
992,2.251629
993,2.251629
994,2.251629
995,2.584963
996,2.251629
997,2.251629
998,2.584963
999,2.251629
1000,1.918296
1001,1.918296
1002,1.918296
1003,2.251629
1004,1.918296
1005,2.251629
1006,2.251629
1007,2.251629
1008,2.251629
1009,2.251629
1010,2.584963
1011,2.584963
1012,2.251629
1013,2.251629
1014,2.584963
1015,2.251629
1016,2.251629
1017,2.251629
1018,2.251629
1019,2.251629
1020,2.251629
1021,2.251629
1022,2.251629
1023,1.918296
1024,2.251629
1025,2.584963
1026,2.584963
1027,2.251629
1028,1.792481
1029,1.792481
1030,2.251629
1031,2.251629
1032,2.251629
1033,2.251629
1034,2.251629
1035,2.251629
1036,2.584963
1037,2.584963
1038,2.251629
1039,1.918296
1040,2.251629
1041,1.918296
1042,1.918296
1043,1.918296
1044,1.584963
1045,1.918296
1046,2.251629
1047,2.584963
1048,2.251629
1049,2.584963
1050,2.251629
1051,2.251629
1052,2.251629
1053,2.251629
1054,1.792481
1055,1.918296
1056,1.918296
1057,1.918296
1058,2.251629
1059,2.251629
1060,2.251629
1061,2.584963
1062,2.251629
1063,2.251629
1064,2.251629
1065,2.251629
1066,1.918296
1067,1.918296
1068,1.918296
1069,2.251629
1070,2.584963
1071,2.584963
1072,2.251629
1073,2.251629
1074,2.251629
1075,2.251629
1076,1.792481
1077,2.251629
1078,2.251629
1079,2.584963
1080,2.584963
1081,2.251629
1082,2.251629
1083,2.251629
1084,2.251629
1085,2.251629
1086,2.251629
1087,2.251629
1088,2.251629
1089,2.251629
1090,2.251629
1091,2.251629
1092,2.251629
1093,2.584963
1094,2.584963
1095,2.584963
1096,2.584963
1097,2.584963
1098,2.251629
1099,2.251629
1100,1.918296
1101,2.251629
1102,2.251629
1103,2.251629
1104,2.251629
1105,2.251629
1106,2.584963
1107,2.584963
1108,2.584963
1109,2.251629
1110,2.251629
1111,2.251629
1112,2.251629
1113,1.918296
1114,2.251629
1115,2.584963
1116,2.584963
1117,2.251629
1118,2.251629
1119,1.792481
1120,1.792481
1121,1.459148
1122,1.584963
1123,1.918296
1124,2.251629
1125,2.251629
1126,2.584963
1127,2.584963
1128,2.584963
1129,2.251629
1130,2.251629
1131,1.918296
1132,1.918296
1133,1.918296
1134,2.251629
1135,2.251629
1136,2.584963
1137,2.584963
1138,2.584963
1139,2.584963
1140,2.251629
1141,2.251629
1142,1.918296
1143,1.459148
1144,1.792481
1145,2.251629
1146,2.251629
1147,2.251629
1148,2.251629
1149,2.251629
1150,1.918296
1151,1.918296
1152,1.459148
1153,1.792481
1154,1.792481
1155,2.251629
1156,2.584963
1157,2.584963
1158,2.251629
1159,2.251629
1160,2.251629
1161,1.918296
1162,1.918296
1163,1.792481
1164,1.792481
1165,2.251629
1166,2.584963
1167,2.584963
1168,2.251629
1169,2.251629
1170,2.251629
1171,2.584963
1172,2.584963
1173,2.584963
1174,2.251629
1175,2.251629
1176,2.251629
1177,2.251629
1178,2.251629
1179,2.251629
1180,1.918296
1181,1.584963
1182,1.584963
1183,1.918296
1184,2.251629
1185,2.584963
1186,2.251629
1187,2.584963
1188,2.251629
1189,2.251629
1190,1.918296
1191,1.792481
1192,2.251629
1193,1.918296
1194,1.918296
1195,1.584963
1196,1.584963
1197,1.459148
1198,1.918296
1199,2.251629
1200,1.792481
1201,2.251629
1202,2.251629
1203,1.918296
1204,1.459148
1205,1.792481
1206,1.792481
1207,1.918296
1208,2.251629
1209,2.584963
1210,2.584963
1211,2.251629
1212,2.251629
1213,2.584963
1214,2.251629
1215,1.918296
1216,1.918296
1217,1.918296
1218,2.251629
1219,2.584963
1220,2.584963
1221,2.251629
1222,2.584963
1223,2.251629
1224,2.251629
1225,1.792481
1226,1.792481
1227,1.792481
1228,1.792481
1229,1.251629
1230,1.792481
1231,2.251629
1232,2.251629
1233,2.251629
1234,1.918296
1235,1.918296
1236,1.918296
1237,1.459148
1238,1.792481
1239,1.792481
1240,1.459148
1241,1.584963
1242,1.918296
1243,1.792481
1244,2.251629
1245,2.251629
1246,1.918296
1247,2.251629
1248,2.251629
1249,1.792481
1250,2.251629
1251,2.251629
1252,2.251629
1253,2.251629
1254,2.584963
1255,2.251629
1256,1.918296
1257,1.584963
1258,1.918296
1259,2.251629
1260,2.584963
1261,2.584963
1262,2.584963
1263,2.584963
1264,2.584963
1265,2.584963
1266,2.251629
1267,2.251629
1268,1.792481
1269,1.792481
1270,2.251629
1271,1.792481
1272,2.251629
1273,2.251629
1274,2.584963
1275,2.251629
1276,2.251629
1277,1.918296
1278,1.918296
1279,2.251629
1280,2.584963
1281,2.251629
1282,2.251629
1283,2.251629
1284,1.918296
1285,1.918296
1286,1.792481
1287,1.792481
1288,2.251629
1289,2.251629
1290,2.251629
1291,1.918296
1292,2.251629
1293,2.584963
1294,2.584963
1295,2.251629
1296,2.251629
1297,2.251629
1298,2.251629
1299,1.918296
1300,1.918296
1301,1.918296
1302,1.918296
1303,1.792481
1304,1.918296
1305,2.251629
1306,2.251629
1307,2.251629
1308,2.251629
1309,1.918296
1310,1.459148
1311,0.918296
1312,1.251629
1313,0.650022
1314,0.918296
1315,1.459148
1316,1.918296
1317,2.251629
1318,2.584963
1319,2.251629
1320,1.918296
1321,1.918296
1322,2.251629
1323,2.251629
1324,2.584963
1325,2.584963
1326,2.251629
1327,2.251629
1328,1.918296
1329,1.918296
1330,1.918296
1331,2.251629
1332,2.251629
1333,2.251629
1334,2.251629
1335,1.792481
1336,1.792481
1337,1.251629
1338,1.792481
1339,1.792481
1340,2.251629
1341,2.584963
1342,2.251629
1343,1.918296
1344,1.918296
1345,1.918296
1346,2.251629
1347,2.251629
1348,1.792481
1349,1.792481
1350,1.792481
1351,1.792481
1352,2.251629
1353,2.251629
1354,2.251629
1355,2.251629
1356,1.792481
1357,1.792481
1358,2.251629
1359,2.251629
1360,2.251629
1361,1.918296
1362,1.918296
1363,2.251629
1364,2.251629
1365,2.584963
1366,2.251629
1367,2.251629
1368,1.918296
1369,1.792481
1370,1.792481
1371,1.792481
1372,1.918296
1373,2.251629
1374,2.251629
1375,2.251629
1376,1.918296
1377,1.792481
1378,2.251629
1379,1.918296
1380,1.918296
1381,2.251629
1382,2.251629
1383,1.918296
1384,2.251629
1385,1.918296
1386,1.792481
1387,1.918296
1388,1.918296
1389,1.584963
1390,1.459148
1391,1.792481
1392,1.792481
1393,1.792481
1394,2.251629
1395,2.251629
1396,1.918296
1397,1.459148
1398,0.918296
1399,1.459148
1400,1.459148
1401,1.459148
1402,1.459148
1403,1.459148
1404,1.792481
1405,2.251629
1406,2.584963
1407,2.251629
1408,2.251629
1409,2.251629
1410,2.251629
1411,2.251629
1412,2.251629
1413,1.918296
1414,1.459148
1415,1.459148
1416,1.459148
1417,1.459148
1418,1.251629
1419,1.792481
1420,1.918296
1421,2.251629
1422,2.251629
1423,2.584963
1424,2.251629
1425,1.918296
1426,1.792481
1427,1.792481
1428,1.459148
1429,1.918296
1430,2.251629
1431,1.792481
1432,1.792481
1433,2.251629
1434,2.251629
1435,1.918296
1436,1.459148
1437,1.918296
1438,1.918296
1439,1.918296
1440,2.251629
1441,1.918296
1442,2.251629
1443,1.792481
1444,2.251629
1445,2.584963
1446,2.251629
1447,2.251629
1448,2.584963
1449,2.251629
1450,2.251629
1451,1.918296
1452,1.918296
1453,1.918296
1454,2.251629
1455,2.251629
1456,2.584963
1457,2.251629
1458,2.584963
1459,2.251629
1460,2.251629
1461,2.251629
1462,2.251629
1463,2.584963
1464,2.584963
1465,2.584963
1466,2.251629
1467,2.584963
1468,2.251629
1469,1.918296
1470,1.918296
1471,1.918296
1472,1.918296
1473,1.918296
1474,2.251629
1475,2.251629
1476,1.918296
1477,1.918296
1478,1.918296
1479,2.251629
1480,2.251629
1481,2.251629
1482,1.918296
1483,2.251629
1484,2.584963
1485,2.251629
1486,2.251629
1487,1.792481
1488,1.792481
1489,1.792481
1490,1.792481
1491,1.792481
1492,1.918296
1493,2.251629
1494,2.251629
1495,1.918296
1496,1.918296
1497,1.918296
1498,1.584963
1499,1.918296
1500,2.251629
1501,2.251629
1502,2.584963
1503,2.251629
1504,2.251629
1505,2.251629
1506,2.251629
1507,2.251629
1508,2.584963
1509,2.584963
1510,2.584963
1511,2.584963
1512,2.584963
1513,2.584963
1514,2.584963
1515,2.251629
1516,2.584963
1517,2.584963
1518,2.251629
1519,1.918296
1520,2.251629
1521,2.251629
1522,2.251629
1523,2.251629
1524,1.918296
1525,1.792481
1526,1.459148
1527,1.459148
1528,1.459148
1529,1.918296
1530,2.251629
1531,2.251629
1532,2.251629
1533,2.251629
1534,2.584963
1535,2.584963
1536,2.251629
1537,2.251629
1538,2.251629
1539,2.251629
1540,2.251629
1541,2.251629
1542,2.251629
1543,2.251629
1544,2.251629
1545,2.251629
1546,2.251629
1547,2.584963
1548,2.584963
1549,2.251629
1550,1.918296
1551,2.251629
1552,1.918296
1553,1.792481
1554,1.792481
1555,2.251629
1556,1.918296
1557,2.251629
1558,2.251629
1559,2.251629
1560,1.918296
1561,2.251629
1562,1.918296
1563,1.918296
1564,1.918296
1565,1.918296
1566,1.918296
1567,2.251629
1568,1.918296
1569,1.459148
1570,1.918296
1571,1.459148
1572,1.918296
1573,1.792481
1574,1.792481
1575,2.251629
1576,1.918296
1577,2.251629
1578,2.251629
1579,2.251629
1580,1.918296
1581,2.251629
1582,2.251629
1583,1.918296
1584,1.584963
1585,1.459148
1586,1.459148
1587,1.792481
1588,1.792481
1589,1.792481
1590,2.251629
1591,2.584963
1592,2.251629
1593,1.792481
1594,2.251629
1595,2.251629
1596,2.251629
1597,2.251629
1598,2.251629
1599,1.918296
1600,1.918296
1601,1.584963
1602,1.918296
1603,2.251629
1604,1.918296
1605,1.918296
1606,1.918296
1607,1.459148
1608,1.792481
1609,1.792481
1610,1.459148
1611,1.792481
1612,1.918296
1613,2.251629
1614,2.251629
1615,2.251629
1616,2.584963
1617,2.584963
1618,2.251629
1619,2.251629
1620,1.918296
1621,1.918296
1622,1.792481
1623,1.459148
1624,1.000000
1625,1.459148
1626,1.792481
1627,2.251629
1628,1.918296
1629,2.251629
1630,2.251629
1631,2.251629
1632,2.251629
1633,2.251629
1634,1.918296
1635,2.251629
1636,2.251629
1637,2.251629
1638,1.792481
1639,2.251629
1640,2.584963
1641,2.584963
1642,2.584963
1643,2.584963
1644,2.584963
1645,2.251629
1646,1.792481
1647,1.792481
1648,1.918296
1649,1.918296
1650,1.918296
1651,2.251629
1652,2.251629
1653,1.792481
1654,1.918296
1655,2.251629
1656,2.251629
1657,2.251629
1658,2.251629
1659,2.251629
1660,1.918296
1661,2.251629
1662,1.918296
1663,1.918296
1664,1.918296
1665,2.251629
1666,2.251629
1667,2.584963
1668,2.251629
1669,2.584963
1670,2.584963
1671,2.584963
1672,2.251629
1673,2.251629
1674,2.584963
1675,2.584963
1676,2.251629
1677,1.792481
1678,2.251629
1679,2.251629
1680,2.251629
1681,1.792481
1682,1.918296
1683,2.251629
1684,1.918296
1685,1.792481
1686,1.459148
1687,1.918296
1688,1.459148
1689,1.459148
1690,1.459148
1691,1.918296
1692,1.918296
1693,1.918296
1694,1.918296
1695,1.918296
1696,1.918296
1697,2.251629
1698,2.584963
1699,2.251629
1700,1.918296
1701,1.918296
1702,1.918296
1703,2.251629
1704,2.584963
1705,2.584963
1706,2.584963
1707,2.251629
1708,2.251629
1709,2.251629
1710,1.918296
1711,1.584963
1712,1.918296
1713,1.918296
1714,1.792481
1715,1.918296
1716,1.918296
1717,2.251629
1718,2.584963
1719,2.584963
1720,2.584963
1721,2.584963
1722,2.584963
1723,2.584963
1724,2.251629
1725,2.251629
1726,1.792481
1727,1.792481
1728,2.251629
1729,2.251629
1730,2.251629
1731,2.251629
1732,2.251629
1733,2.584963
1734,2.251629
1735,1.918296
1736,1.584963
1737,1.584963
1738,1.918296
1739,2.251629
1740,2.251629
1741,2.251629
1742,2.251629
1743,2.251629
1744,1.792481
1745,1.792481
1746,1.918296
1747,1.918296
1748,1.792481
1749,2.251629
1750,2.251629
1751,2.251629
1752,2.584963
1753,2.584963
1754,2.251629
1755,2.251629
1756,1.918296
1757,2.251629
1758,2.251629
1759,2.584963
1760,2.251629
1761,1.918296
1762,1.918296
1763,1.918296
1764,1.918296
1765,2.251629
1766,2.251629
1767,2.251629
1768,2.251629
1769,1.918296
1770,2.251629
1771,1.918296
1772,2.251629
1773,2.251629
1774,2.584963
1775,2.251629
1776,2.251629
1777,1.918296
1778,1.918296
1779,1.918296
1780,1.459148
1781,1.459148
1782,1.251629
1783,1.792481
1784,2.251629
1785,2.251629
1786,2.251629
1787,2.251629
1788,1.918296
1789,2.251629
1790,2.251629
1791,2.251629
1792,1.918296
1793,2.251629
1794,2.251629
1795,1.792481
1796,1.459148
1797,1.792481
1798,2.251629
1799,2.251629
1800,2.251629
1801,1.918296
1802,1.918296
1803,1.918296
1804,2.251629
1805,2.584963
1806,2.251629
1807,2.251629
1808,2.251629
1809,2.251629
1810,1.792481
1811,1.792481
1812,1.792481
1813,1.459148
1814,1.918296
1815,1.918296
1816,1.918296
1817,1.918296
1818,1.792481
1819,1.792481
1820,2.251629
1821,2.251629
1822,2.251629
1823,2.251629
1824,2.251629
1825,1.918296
1826,1.918296
1827,2.251629
1828,2.251629
1829,1.792481
1830,2.251629
1831,2.251629
1832,1.918296
1833,2.251629
1834,2.251629
1835,2.251629
1836,2.584963
1837,2.584963
1838,2.251629
1839,1.918296
1840,1.918296
1841,2.251629
1842,2.584963
1843,2.584963
1844,2.251629
1845,1.918296
1846,2.251629
1847,2.251629
1848,2.251629
1849,2.251629
1850,2.251629
1851,1.918296
1852,1.918296
1853,2.251629
1854,2.251629
1855,1.918296
1856,2.251629
1857,1.918296
1858,1.918296
1859,1.918296
1860,1.918296
1861,2.251629
1862,1.918296
1863,1.918296
1864,2.251629
1865,2.251629
1866,1.918296
1867,2.251629
1868,1.792481
1869,1.251629
1870,0.650022
1871,1.251629
1872,1.459148
1873,0.918296
1874,1.459148
1875,1.918296
1876,1.792481
1877,1.792481
1878,1.918296
1879,1.918296
1880,2.251629
1881,2.251629
1882,2.251629
1883,1.918296
1884,1.918296
1885,1.918296
1886,2.251629
1887,2.251629
1888,2.251629
1889,1.918296
1890,1.459148
1891,1.459148
1892,1.918296
1893,2.251629
1894,2.251629
1895,2.251629
1896,2.251629
1897,2.251629
1898,2.251629
1899,2.251629
1900,1.918296
1901,1.918296
1902,1.459148
1903,1.792481
1904,1.792481
1905,1.251629
1906,1.459148
1907,1.918296
1908,2.251629
1909,2.251629
1910,2.251629
1911,2.584963
1912,2.584963
1913,2.251629
1914,2.251629
1915,1.918296
1916,1.918296
1917,1.918296
1918,2.251629
1919,1.918296
1920,2.251629
1921,1.918296
1922,1.918296
1923,1.918296
1924,1.918296
1925,1.459148
1926,1.459148
1927,1.459148
1928,1.792481
1929,1.918296
1930,1.918296
1931,2.251629
1932,2.251629
1933,2.584963
1934,2.251629
1935,1.918296
1936,1.918296
1937,1.918296
1938,2.251629
1939,2.251629
1940,2.251629
1941,2.251629
1942,2.251629
1943,2.584963
1944,2.584963
1945,2.251629
1946,2.584963
1947,2.251629
1948,2.251629
1949,2.584963
1950,2.251629
1951,1.792481
1952,1.792481
1953,2.251629
1954,2.251629
1955,1.792481
1956,2.251629
1957,2.584963
1958,2.584963
1959,2.584963
1960,2.251629
1961,2.251629
1962,1.792481
1963,1.459148
1964,1.000000
1965,1.459148
1966,1.459148
1967,1.459148
1968,1.459148
1969,1.792481
1970,1.792481
1971,2.251629
1972,2.251629
1973,2.251629
1974,2.251629
1975,2.251629
1976,2.584963
1977,2.584963
1978,2.584963
1979,2.251629
1980,2.584963
1981,2.584963
1982,2.251629
1983,1.918296
1984,1.918296
1985,1.792481
1986,1.792481
1987,2.251629
1988,2.251629
1989,2.251629
1990,2.251629
1991,2.251629
1992,2.251629
1993,2.584963
1994,2.251629
1995,1.918296
1996,2.251629
1997,1.918296
1998,2.251629
1999,1.792481
2000,1.792481
2001,1.792481
2002,2.251629
2003,2.251629
2004,2.251629
2005,2.251629
2006,2.251629
2007,2.251629
2008,2.584963
2009,2.584963
2010,2.584963
2011,2.251629
2012,2.584963
2013,2.584963
2014,2.584963
2015,2.584963
2016,2.251629
2017,2.251629
2018,2.584963
2019,2.584963
2020,2.584963
2021,2.584963
2022,2.584963
2023,2.251629
2024,2.251629
2025,1.918296
2026,2.251629
2027,2.251629
2028,2.584963
2029,2.251629
2030,1.792481
2031,1.459148
2032,1.459148
2033,1.459148
2034,1.918296
2035,1.918296
2036,1.918296
2037,1.918296
2038,1.918296
2039,2.251629
2040,2.251629
2041,2.584963
2042,2.251629
2043,1.918296
2044,1.918296
2045,1.584963
2046,1.918296
2047,2.251629
2048,1.918296
2049,2.251629
2050,2.584963
2051,2.251629
2052,1.918296
2053,1.459148
2054,1.459148
2055,1.918296
2056,1.918296
2057,2.251629
2058,2.251629
2059,2.251629
2060,2.251629
2061,2.251629
2062,1.918296
2063,1.918296
2064,2.251629
2065,2.584963
2066,2.251629
2067,2.251629
2068,1.918296
2069,1.459148
2070,1.792481
2071,1.792481
2072,2.251629
2073,2.584963
2074,2.251629
2075,2.251629
2076,1.918296
2077,1.918296
2078,1.792481
2079,1.792481
2080,1.792481
2081,1.792481
2082,1.792481
2083,1.251629
2084,1.459148
2085,1.459148
2086,1.918296
2087,2.251629
2088,2.251629
2089,2.584963
2090,2.251629
2091,2.251629
2092,2.251629
2093,2.251629
2094,2.251629
2095,2.251629
2096,2.584963
2097,2.251629
2098,2.251629
2099,1.918296
2100,1.918296
2101,1.918296
2102,1.918296
2103,2.251629
2104,1.918296
2105,2.251629
2106,2.584963
2107,2.584963
2108,2.584963
2109,2.584963
2110,2.251629
2111,2.251629
2112,2.251629
2113,2.251629
2114,2.251629
2115,2.584963
2116,2.251629
2117,2.251629
2118,2.251629
2119,2.251629
2120,2.251629
2121,2.251629
2122,2.251629
2123,1.918296
2124,1.459148
2125,1.000000
2126,1.459148
2127,1.792481
2128,2.251629
2129,2.251629
2130,2.251629
2131,1.918296
2132,2.251629
2133,2.251629
2134,1.792481
2135,1.792481
2136,1.918296
2137,1.918296
2138,2.251629
2139,1.918296
2140,2.251629
2141,2.251629
2142,2.251629
2143,2.251629
2144,2.251629
2145,1.918296
2146,2.251629
2147,2.584963
2148,2.251629
2149,1.918296
2150,2.251629
2151,1.918296
2152,1.918296
2153,1.792481
2154,1.918296
2155,2.251629
2156,2.251629
2157,2.251629
2158,2.584963
2159,2.251629
2160,1.918296
2161,1.918296
2162,2.251629
2163,2.584963
2164,2.251629
2165,1.918296
2166,1.918296
2167,2.251629
2168,2.584963
2169,2.584963
2170,2.584963
2171,2.251629
2172,2.251629
2173,2.251629
2174,2.251629
2175,2.251629
2176,2.251629
2177,1.918296
2178,2.251629
2179,2.251629
2180,2.251629
2181,2.251629
2182,2.251629
2183,2.251629
2184,2.584963
2185,2.251629
2186,2.251629
2187,2.251629
2188,2.251629
2189,1.918296
2190,1.792481
2191,1.459148
2192,1.918296
2193,1.918296
2194,2.251629
2195,1.918296
2196,1.918296
2197,1.918296
2198,2.251629
2199,2.251629
2200,2.251629
2201,2.251629
2202,2.251629
2203,2.251629
2204,1.918296
2205,1.918296
2206,1.459148
2207,1.459148
2208,1.459148
2209,1.792481
2210,1.918296
2211,2.251629
2212,2.251629
2213,2.251629
2214,2.251629
2215,2.251629
2216,2.251629
2217,1.918296
2218,1.792481
2219,1.792481
2220,1.792481
2221,2.251629
2222,2.584963
2223,2.584963
2224,2.251629
2225,1.918296
2226,1.918296
2227,1.918296
2228,1.918296
2229,1.792481
2230,1.792481
2231,1.792481
2232,1.918296
2233,1.918296
2234,1.918296
2235,1.918296
2236,1.918296
2237,1.918296
2238,2.251629
2239,2.251629
2240,2.584963
2241,2.584963
2242,2.251629
2243,1.918296
2244,1.918296
2245,1.792481
2246,1.792481
2247,1.792481
2248,2.251629
2249,1.918296
2250,1.918296
2251,1.918296
2252,2.251629
2253,1.918296
2254,2.251629
2255,2.251629
2256,2.251629
2257,2.251629
2258,2.251629
2259,2.251629
2260,2.251629
2261,2.251629
2262,2.584963
2263,2.251629
2264,2.251629
2265,2.584963
2266,2.584963
2267,2.251629
2268,1.792481
2269,1.459148
2270,1.459148
2271,1.584963
2272,1.918296
2273,1.918296
2274,1.459148
2275,1.918296
2276,1.918296
2277,1.918296
2278,1.918296
2279,1.918296
2280,2.251629
2281,2.251629
2282,2.251629
2283,2.584963
2284,2.584963
2285,2.584963
2286,2.584963
2287,2.251629
2288,1.918296
2289,2.251629
2290,2.251629
2291,1.918296
2292,2.251629
2293,2.584963
2294,2.584963
2295,2.251629
2296,2.584963
2297,2.251629
2298,2.251629
2299,2.251629
2300,2.584963
2301,2.251629
2302,2.251629
2303,1.918296
2304,1.918296
2305,1.918296
2306,2.251629
2307,2.584963
2308,2.584963
2309,2.584963
2310,2.584963
2311,2.584963
2312,2.584963
2313,2.251629
2314,2.251629
2315,1.918296
2316,2.251629
2317,2.584963
2318,2.584963
2319,2.584963
2320,2.251629
2321,2.251629
2322,1.918296
2323,1.918296
2324,2.251629
2325,2.251629
2326,2.251629
2327,1.792481
2328,1.792481
2329,1.792481
2330,2.251629
2331,2.584963
2332,2.584963
2333,2.584963
2334,2.584963
2335,2.584963
2336,2.584963
2337,2.251629
2338,2.251629
2339,1.792481
2340,1.792481
2341,1.918296
2342,2.251629
2343,2.251629
2344,1.918296
2345,1.584963
2346,1.918296
2347,2.251629
2348,2.584963
2349,2.584963
2350,2.584963
2351,2.251629
2352,2.584963
2353,2.251629
2354,1.918296
2355,2.251629
2356,2.251629
2357,2.584963
2358,2.251629
2359,2.251629
2360,2.584963
2361,2.584963
2362,2.251629
2363,1.792481
2364,2.251629
2365,2.251629
2366,1.918296
2367,1.918296
2368,2.251629
2369,1.918296
2370,2.251629
2371,2.251629
2372,1.918296
2373,1.918296
2374,1.584963
2375,1.918296
2376,2.251629
2377,2.584963
2378,2.584963
2379,2.584963
2380,2.584963
2381,2.251629
2382,2.251629
2383,2.584963
2384,2.251629
2385,2.251629
2386,2.251629
2387,2.584963
2388,2.584963
2389,2.584963
2390,2.584963
2391,2.251629
2392,2.251629
2393,2.251629
2394,2.584963
2395,2.584963
2396,2.584963
2397,2.584963
2398,2.584963
2399,2.251629
2400,1.918296
2401,1.918296
2402,2.251629
2403,2.251629
2404,2.584963
2405,2.251629
2406,1.792481
2407,1.792481
2408,1.792481
2409,2.251629
2410,2.251629
2411,2.251629
2412,1.918296
2413,2.251629
2414,1.792481
2415,2.251629
2416,1.918296
2417,1.918296
2418,2.251629
2419,2.251629
2420,2.251629
2421,1.918296
2422,2.251629
2423,2.251629
2424,2.251629
2425,1.918296
2426,1.918296
2427,1.918296
2428,1.918296
2429,2.251629
2430,2.251629
2431,2.251629
2432,2.251629
2433,1.918296
2434,1.792481
2435,2.251629
2436,2.584963
2437,2.251629
2438,2.584963
2439,2.584963
2440,2.251629
2441,2.251629
2442,2.251629
2443,1.918296
2444,1.918296
2445,2.251629
2446,1.792481
2447,1.918296
2448,1.918296
2449,2.251629
2450,2.251629
2451,2.251629
2452,2.251629
2453,1.918296
2454,1.918296
2455,1.918296
2456,1.918296
2457,2.251629
2458,1.918296
2459,1.918296
2460,2.251629
2461,2.584963
2462,2.584963
2463,2.584963
2464,2.584963
2465,2.251629
2466,2.584963
2467,2.584963
2468,2.251629
2469,2.251629
2470,1.918296
2471,1.459148
2472,1.918296
2473,2.251629
2474,2.584963
2475,2.584963
2476,2.251629
2477,1.918296
2478,1.918296
2479,2.251629
2480,2.251629
2481,2.584963
2482,2.251629
2483,1.918296
2484,2.251629
2485,2.251629
2486,2.251629
2487,2.251629
2488,2.251629
2489,1.792481
2490,2.251629
2491,2.584963
2492,2.584963
2493,2.584963
2494,2.584963
2495,2.584963
2496,2.584963
2497,2.584963
2498,2.251629
2499,1.792481
2500,1.792481
2501,2.251629
2502,2.251629
2503,2.251629
2504,2.251629
2505,2.251629
2506,1.918296
2507,1.459148
2508,1.459148
2509,1.918296
2510,2.251629
2511,1.918296
2512,2.251629
2513,2.584963
2514,2.584963
2515,2.584963
2516,2.251629
2517,1.792481
2518,1.251629
2519,1.251629
2520,1.251629
2521,1.251629
2522,1.792481
2523,1.918296
2524,2.251629
2525,1.918296
2526,2.251629
2527,2.251629
2528,2.251629
2529,1.792481
2530,2.251629
2531,2.584963
2532,2.584963
2533,2.584963
2534,2.251629
2535,1.792481
2536,1.792481
2537,1.792481
2538,1.792481
2539,1.792481
2540,2.251629
2541,2.251629
2542,2.251629
2543,2.584963
2544,2.584963
2545,2.584963
2546,2.251629
2547,2.584963
2548,2.251629
2549,1.918296
2550,2.251629
2551,2.584963
2552,2.251629
2553,2.251629
2554,2.251629
2555,2.251629
2556,2.251629
2557,2.251629
2558,2.251629
2559,2.251629
2560,1.918296
2561,1.918296
2562,1.584963
2563,1.459148
2564,1.792481
2565,2.251629
2566,2.251629
2567,1.918296
2568,2.251629
2569,2.584963
2570,2.584963
2571,2.251629
2572,1.792481
2573,1.792481
2574,1.459148
2575,1.918296
2576,1.918296
2577,1.918296
2578,1.918296
2579,1.918296
2580,1.459148
2581,1.918296
2582,1.584963
2583,1.918296
2584,2.251629
2585,1.918296
2586,1.918296
2587,1.918296
2588,1.918296
2589,1.918296
2590,2.251629
2591,2.251629
2592,2.251629
2593,1.918296
2594,1.792481
2595,1.792481
2596,1.792481
2597,1.459148
2598,1.918296
2599,2.251629
2600,2.251629
2601,2.251629
2602,2.251629
2603,2.251629
2604,2.251629
2605,2.584963
2606,2.584963
2607,2.251629
2608,1.918296
2609,1.918296
2610,1.918296
2611,1.459148
2612,1.251629
2613,0.650022
2614,1.251629
2615,1.792481
2616,1.792481
2617,2.251629
2618,2.584963
2619,2.584963
2620,2.584963
2621,2.251629
2622,2.251629
2623,2.584963
2624,2.251629
2625,2.251629
2626,1.918296
2627,1.918296
2628,2.251629
2629,1.918296
2630,1.584963
2631,1.918296
2632,1.918296
2633,2.251629
2634,2.584963
2635,2.584963
2636,2.584963
2637,2.251629
2638,1.792481
2639,1.792481
2640,1.792481
2641,1.792481
2642,2.251629
2643,2.251629
2644,2.251629
2645,2.251629
2646,2.251629
2647,2.251629
2648,2.584963
2649,2.251629
2650,2.251629
2651,1.792481
2652,1.459148
2653,1.792481
2654,2.251629
2655,2.584963
2656,2.251629
2657,1.792481
2658,1.792481
2659,2.251629
2660,1.918296
2661,1.918296
2662,2.251629
2663,1.918296
2664,2.251629
2665,2.584963
2666,2.251629
2667,2.251629
2668,2.584963
2669,2.251629
2670,2.584963
2671,2.584963
2672,2.584963
2673,2.584963
2674,2.251629
2675,1.792481
2676,1.918296
2677,1.918296
2678,2.251629
2679,1.918296
2680,2.251629
2681,2.251629
2682,2.251629
2683,1.918296
2684,1.918296
2685,1.918296
2686,1.918296
2687,1.918296
2688,2.251629
2689,1.918296
2690,2.251629
2691,1.792481
2692,1.792481
2693,1.792481
2694,2.251629
2695,2.584963
2696,2.584963
2697,2.584963
2698,2.584963
2699,2.584963
2700,2.584963
2701,2.251629
2702,2.251629
2703,2.584963
2704,2.251629
2705,2.251629
2706,2.584963
2707,2.251629
2708,2.584963
2709,2.251629
2710,1.918296
2711,1.918296
2712,1.918296
2713,1.918296
2714,1.918296
2715,1.918296
2716,1.792481
2717,1.792481
2718,1.792481
2719,2.251629
2720,2.584963
2721,2.584963
2722,2.584963
2723,2.251629
2724,1.918296
2725,1.459148
2726,1.459148
2727,1.584963
2728,1.918296
2729,2.251629
2730,2.251629
2731,2.251629
2732,2.251629
2733,2.584963
2734,2.584963
2735,2.584963
2736,2.584963
2737,2.584963
2738,2.584963
2739,2.251629
2740,2.251629
2741,1.918296
2742,1.918296
2743,1.918296
2744,1.918296
2745,2.251629
2746,1.918296
2747,2.251629
2748,2.584963
2749,2.251629
2750,2.584963
2751,2.584963
2752,2.251629
2753,2.251629
2754,2.251629
2755,1.918296
2756,1.918296
2757,2.251629
2758,2.251629
2759,2.251629
2760,1.918296
2761,1.918296
2762,2.251629
2763,2.584963
2764,2.251629
2765,1.918296
2766,2.251629
2767,1.792481
2768,1.792481
2769,1.918296
2770,1.918296
2771,2.251629
2772,2.584963
2773,2.251629
2774,2.251629
2775,2.251629
2776,2.251629
2777,2.251629
2778,2.251629
2779,2.251629
2780,2.584963
2781,2.584963
2782,2.251629
2783,2.584963
2784,2.251629
2785,2.251629
2786,2.251629
2787,2.251629
2788,1.918296
2789,2.251629
2790,2.251629
2791,2.251629
2792,2.251629
2793,2.251629
2794,2.251629
2795,2.251629
2796,1.918296
2797,1.918296
2798,2.251629
2799,1.792481
2800,1.918296
2801,1.918296
2802,2.251629
2803,1.792481
2804,2.251629
2805,2.251629
2806,2.584963
2807,2.584963
2808,2.251629
2809,2.584963
2810,2.251629
2811,2.251629
2812,1.918296
2813,1.918296
2814,2.251629
2815,2.251629
2816,2.251629
2817,2.584963
2818,2.251629
2819,2.584963
2820,2.251629
2821,1.918296
2822,2.251629
2823,2.251629
2824,1.918296
2825,1.918296
2826,1.918296
2827,1.918296
2828,1.918296
2829,1.918296
2830,1.918296
2831,2.251629
2832,2.584963
2833,2.584963
2834,2.584963
2835,2.584963
2836,2.251629
2837,2.584963
2838,2.584963
2839,2.584963
2840,2.584963
2841,2.251629
2842,2.251629
2843,2.251629
2844,2.251629
2845,2.251629
2846,2.584963
2847,2.251629
2848,1.918296
2849,2.251629
2850,2.251629
2851,1.918296
2852,1.459148
2853,1.918296
2854,1.918296
2855,1.918296
2856,2.251629
2857,2.584963
2858,2.251629
2859,1.918296
2860,1.918296
2861,2.251629
2862,2.584963
2863,2.251629
2864,2.584963
2865,2.251629
2866,2.251629
2867,2.251629
2868,2.251629
2869,2.251629
2870,1.918296
2871,1.792481
2872,1.792481
2873,1.459148
2874,1.918296
2875,1.918296
2876,1.918296
2877,2.251629
2878,2.584963
2879,2.584963
2880,2.251629
2881,2.251629
2882,2.251629
2883,2.251629
2884,1.792481
2885,1.459148
2886,1.459148
2887,1.918296
2888,1.918296
2889,1.459148
2890,1.459148
2891,1.918296
2892,1.792481
2893,2.251629
2894,2.251629
2895,1.918296
2896,1.918296
2897,1.918296
2898,1.918296
2899,2.251629
2900,2.251629
2901,2.584963
2902,2.584963
2903,2.251629
2904,1.918296
2905,2.251629
2906,1.918296
2907,1.918296
2908,2.251629
2909,1.918296
2910,1.918296
2911,2.251629
2912,2.251629
2913,2.584963
2914,2.584963
2915,2.584963
2916,2.584963
2917,2.584963
2918,2.584963
2919,2.584963
2920,2.251629
2921,1.918296
2922,2.251629
2923,2.251629
2924,2.251629
2925,2.584963
2926,2.584963
2927,2.584963
2928,2.584963
2929,2.251629
2930,2.251629
2931,2.251629
2932,2.251629
2933,2.584963
2934,2.251629
2935,1.918296
2936,1.918296
2937,1.918296
2938,2.251629
2939,2.251629
2940,1.918296
2941,1.918296
2942,2.251629
2943,2.251629
2944,2.251629
2945,2.251629
2946,2.251629
2947,2.251629
2948,1.918296
2949,1.918296
2950,1.918296
2951,1.918296
2952,2.251629
2953,2.584963
2954,2.251629
2955,2.251629
2956,2.251629
2957,2.251629
2958,1.918296
2959,2.251629
2960,1.792481
2961,2.251629
2962,2.584963
2963,2.251629
2964,2.251629
2965,2.251629
2966,2.251629
2967,2.251629
2968,2.251629
2969,2.251629
2970,1.918296
2971,1.918296
2972,1.918296
2973,1.918296
2974,1.584963
2975,1.918296
2976,1.459148
2977,1.459148
2978,1.918296
2979,1.918296
2980,2.251629
2981,2.251629
2982,2.584963
2983,2.584963
2984,2.584963
2985,2.584963
2986,2.251629
2987,2.251629
2988,2.251629
2989,2.251629
2990,2.251629
2991,1.918296
2992,1.459148
2993,1.918296
2994,1.918296
2995,1.918296
2996,1.918296
2997,1.918296
2998,1.918296
2999,1.918296
3000,2.251629
3001,2.251629
3002,2.584963
3003,2.584963
3004,2.251629
3005,1.918296
3006,2.251629
3007,1.792481
3008,1.792481
3009,1.792481
3010,1.459148
3011,1.584963
3012,1.918296
3013,2.251629
3014,2.584963
3015,2.584963
3016,2.584963
3017,2.584963
3018,2.251629
3019,1.918296
3020,1.918296
3021,2.251629
3022,1.918296
3023,1.918296
3024,1.792481
3025,1.792481
3026,1.792481
3027,1.792481
3028,2.251629
3029,2.251629
3030,2.251629
3031,2.251629
3032,2.251629
3033,2.584963
3034,2.584963
3035,2.251629
3036,1.918296
3037,1.584963
3038,1.459148
3039,1.251629
3040,1.459148
3041,1.584963
3042,1.918296
3043,1.918296
3044,2.251629
3045,2.251629
3046,2.251629
3047,2.251629
3048,2.251629
3049,2.251629
3050,2.251629
3051,2.251629
3052,2.584963
3053,2.251629
3054,2.251629
3055,2.251629
3056,2.251629
3057,2.251629
3058,2.251629
3059,2.251629
3060,2.584963
3061,2.251629
3062,2.251629
3063,2.584963
3064,2.584963
3065,2.584963
3066,2.251629
3067,2.251629
3068,2.251629
3069,1.918296
3070,1.584963
3071,1.918296
3072,1.918296
3073,2.251629
3074,2.251629
3075,1.792481
3076,1.459148
3077,1.792481
3078,1.792481
3079,2.251629
3080,2.251629
3081,2.251629
3082,2.251629
3083,2.251629
3084,1.918296
3085,2.251629
3086,2.251629
3087,1.918296
3088,2.251629
3089,1.918296
3090,1.918296
3091,2.251629
3092,2.584963
3093,2.584963
3094,2.584963
3095,2.584963
3096,2.584963
3097,2.584963
3098,2.251629
3099,1.918296
3100,1.918296
3101,1.918296
3102,1.792481
3103,2.251629
3104,1.918296
3105,1.918296
3106,2.251629
3107,1.792481
3108,1.792481
3109,1.792481
3110,1.792481
3111,1.792481
3112,1.459148
3113,1.918296
3114,1.918296
3115,2.251629
3116,2.251629
3117,2.251629
3118,2.584963
3119,2.584963
3120,2.584963
3121,2.584963
3122,2.584963
3123,2.584963
3124,2.251629
3125,2.251629
3126,2.251629
3127,2.251629
3128,1.918296
3129,1.459148
3130,1.459148
3131,0.918296
3132,1.251629
3133,1.792481
3134,2.251629
3135,2.251629
3136,1.918296
3137,1.584963
3138,1.918296
3139,2.251629
3140,2.251629
3141,2.251629
3142,2.584963
3143,2.584963
3144,2.584963
3145,2.251629
3146,1.918296
3147,2.251629
3148,2.251629
3149,2.251629
3150,2.251629
3151,2.584963
3152,2.251629
3153,2.251629
3154,2.251629
3155,2.584963
3156,2.584963
3157,2.584963
3158,2.251629
3159,2.251629
3160,2.251629
3161,2.251629
3162,2.251629
3163,2.251629
3164,2.251629
3165,2.584963
3166,2.251629
3167,2.584963
3168,2.584963
3169,2.251629
3170,2.251629
3171,1.792481
3172,1.792481
3173,2.251629
3174,1.918296
3175,2.251629
3176,2.251629
3177,2.251629
3178,2.251629
3179,2.251629
3180,2.584963
3181,2.251629
3182,2.251629
3183,1.792481
3184,1.792481
3185,1.792481
3186,1.918296
3187,2.251629
3188,2.251629
3189,1.792481
3190,2.251629
3191,2.251629
3192,2.251629
3193,2.251629
3194,2.251629
3195,1.918296
3196,1.918296
3197,2.251629
3198,1.918296
3199,1.918296
3200,1.584963
3201,1.918296
3202,2.251629
3203,2.251629
3204,1.918296
3205,2.251629
3206,1.918296
3207,1.459148
3208,1.459148
3209,1.918296
3210,1.918296
3211,2.251629
3212,2.584963
3213,2.584963
3214,2.584963
3215,2.251629
3216,2.251629
3217,2.584963
3218,2.251629
3219,2.584963
3220,2.251629
3221,2.584963
3222,2.251629
3223,2.251629
3224,2.251629
3225,1.918296
3226,1.459148
3227,1.792481
3228,1.459148
3229,1.918296
3230,2.251629
3231,1.918296
3232,1.459148
3233,1.792481
3234,1.792481
3235,1.792481
3236,1.918296
3237,1.792481
3238,1.792481
3239,1.792481
3240,1.792481
3241,1.792481
3242,2.251629
3243,2.584963
3244,2.251629
3245,2.251629
3246,2.584963
3247,2.584963
3248,2.251629
3249,1.918296
3250,1.918296
3251,1.792481
3252,1.459148
3253,1.918296
3254,2.251629
3255,2.584963
3256,2.251629
3257,2.251629
3258,2.251629
3259,1.918296
3260,1.918296
3261,2.251629
3262,2.251629
3263,2.584963
3264,2.251629
3265,2.251629
3266,1.792481
3267,1.792481
3268,1.792481
3269,2.251629
3270,2.251629
3271,2.584963
3272,2.584963
3273,2.251629
3274,1.918296
3275,1.584963
3276,1.584963
3277,1.584963
3278,1.584963
3279,1.918296
3280,1.918296
3281,2.251629
3282,1.918296
3283,2.251629
3284,2.584963
3285,2.251629
3286,2.584963
3287,2.251629
3288,1.918296
3289,1.459148
3290,1.792481
3291,1.459148
3292,1.918296
3293,2.251629
3294,2.584963
3295,2.584963
3296,2.584963
3297,2.251629
3298,2.251629
3299,2.584963
3300,2.584963
3301,2.251629
3302,2.584963
3303,2.584963
3304,2.584963
3305,2.584963
3306,2.251629
3307,2.251629
3308,1.918296
3309,2.251629
3310,2.251629
3311,2.251629
3312,1.918296
3313,2.251629
3314,1.918296
3315,2.251629
3316,1.918296
3317,1.918296
3318,1.918296
3319,2.251629
3320,2.584963
3321,2.584963
3322,2.251629
3323,2.584963
3324,2.251629
3325,2.251629
3326,2.251629
3327,2.251629
3328,2.251629
3329,2.251629
3330,2.251629
3331,2.251629
3332,2.251629
3333,2.251629
3334,2.251629
3335,1.918296
3336,2.251629
3337,1.918296
3338,1.918296
3339,2.251629
3340,2.251629
3341,1.918296
3342,1.918296
3343,1.918296
3344,1.918296
3345,2.251629
3346,2.251629
3347,2.251629
3348,2.251629
3349,2.584963
3350,2.584963
3351,2.584963
3352,2.584963
3353,2.251629
3354,1.918296
3355,1.459148
3356,1.459148
3357,1.918296
3358,1.918296
3359,1.918296
3360,2.251629
3361,1.918296
3362,2.251629
3363,2.251629
3364,2.251629
3365,2.251629
3366,2.251629
3367,2.251629
3368,2.251629
3369,2.251629
3370,2.251629
3371,1.918296
3372,2.251629
3373,2.584963
3374,2.584963
3375,2.584963
3376,2.251629
3377,2.251629
3378,2.251629
3379,1.918296
3380,1.918296
3381,2.251629
3382,2.251629
3383,2.584963
3384,2.584963
3385,2.584963
3386,2.251629
3387,2.251629
3388,2.584963
3389,2.251629
3390,2.251629
3391,2.251629
3392,2.251629
3393,2.251629
3394,1.918296
3395,2.251629
3396,2.251629
3397,1.792481
3398,1.792481
3399,2.251629
3400,2.251629
3401,2.251629
3402,1.792481
3403,1.792481
3404,2.251629
3405,2.251629
3406,2.251629
3407,1.792481
3408,1.792481
3409,1.459148
3410,1.918296
3411,1.918296
3412,2.251629
3413,2.251629
3414,1.918296
3415,1.918296
3416,1.918296
3417,1.918296
3418,2.251629
3419,2.251629
3420,2.251629
3421,1.792481
3422,1.459148
3423,1.459148
3424,1.459148
3425,1.918296
3426,1.792481
3427,2.251629
3428,2.251629
3429,2.584963
3430,2.584963
3431,2.584963
3432,2.584963
3433,2.251629
3434,2.251629
3435,2.251629
3436,2.251629
3437,2.251629
3438,2.251629
3439,2.584963
3440,2.251629
3441,1.918296
3442,1.918296
3443,1.918296
3444,1.918296
3445,1.918296
3446,1.918296
3447,1.459148
3448,1.459148
3449,1.918296
3450,2.251629
3451,2.584963
3452,2.251629
3453,2.584963
3454,2.584963
3455,2.251629
3456,2.251629
3457,2.251629
3458,2.584963
3459,2.584963
3460,2.584963
3461,2.584963
3462,2.584963
3463,2.584963
3464,2.584963
3465,2.584963
3466,2.584963
3467,2.251629
3468,2.584963
3469,2.251629
3470,1.918296
3471,1.918296
3472,2.251629
3473,2.251629
3474,1.918296
3475,1.918296
3476,2.251629
3477,2.251629
3478,1.918296
3479,1.918296
3480,1.918296
3481,1.918296
3482,2.251629
3483,2.584963
3484,2.584963
3485,2.584963
3486,2.251629
3487,2.251629
3488,2.251629
3489,1.792481
3490,1.792481
3491,1.251629
3492,1.251629
3493,1.792481
3494,2.251629
3495,2.251629
3496,2.251629
3497,2.251629
3498,2.251629
3499,1.918296
3500,1.459148
3501,1.918296
3502,1.918296
3503,2.251629
3504,2.251629
3505,1.792481
3506,1.792481
3507,2.251629
3508,1.918296
3509,1.918296
3510,2.251629
3511,2.251629
3512,2.584963
3513,2.584963
3514,2.584963
3515,2.584963
3516,2.584963
3517,2.251629
3518,1.918296
3519,1.918296
3520,1.918296
3521,2.251629
3522,2.584963
3523,2.251629
3524,2.251629
3525,2.251629
3526,2.251629
3527,2.251629
3528,2.584963
3529,2.584963
3530,2.251629
3531,2.251629
3532,1.918296
3533,2.251629
3534,2.251629
3535,1.918296
3536,1.918296
3537,2.251629
3538,1.918296
3539,2.251629
3540,1.918296
3541,1.918296
3542,1.918296
3543,2.251629
3544,2.251629
3545,1.918296
3546,2.251629
3547,2.584963
3548,2.251629
3549,1.918296
3550,1.459148
3551,1.459148
3552,1.459148
3553,1.918296
3554,1.792481
3555,2.251629
3556,1.918296
3557,1.918296
3558,1.918296
3559,2.251629
3560,2.251629
3561,2.584963
3562,2.251629
3563,2.251629
3564,2.251629
3565,2.251629
3566,2.251629
3567,2.251629
3568,2.251629
3569,2.584963
3570,2.251629
3571,1.918296
3572,2.251629
3573,2.584963
3574,2.251629
3575,2.251629
3576,2.584963
3577,2.251629
3578,2.251629
3579,2.251629
3580,1.792481
3581,1.792481
3582,1.792481
3583,1.792481
3584,1.918296
3585,1.792481
3586,1.459148
3587,1.459148
3588,1.459148
3589,1.459148
3590,1.918296
3591,2.251629
3592,2.584963
3593,2.251629
3594,2.584963
3595,2.584963
3596,2.584963
3597,2.584963
3598,2.251629
3599,2.251629
3600,2.584963
3601,2.251629
3602,2.251629
3603,1.918296
3604,2.251629
3605,1.792481
3606,2.251629
3607,1.918296
3608,1.459148
3609,1.918296
3610,1.918296
3611,2.251629
3612,1.918296
3613,2.251629
3614,2.251629
3615,2.251629
3616,2.251629
3617,1.918296
3618,1.918296
3619,2.251629
3620,2.251629
3621,1.918296
3622,2.251629
3623,1.792481
3624,1.459148
3625,1.918296
3626,2.251629
3627,2.251629
3628,2.251629
3629,2.251629
3630,2.584963
3631,2.584963
3632,2.584963
3633,2.251629
3634,2.251629
3635,2.251629
3636,1.918296
3637,2.251629
3638,2.251629
3639,2.584963
3640,2.251629
3641,1.918296
3642,2.251629
3643,2.251629
3644,2.584963
3645,2.584963
3646,2.584963
3647,2.251629
3648,1.792481
3649,1.792481
3650,1.918296
3651,2.251629
3652,2.251629
3653,2.584963
3654,2.251629
3655,1.918296
3656,1.918296
3657,1.918296
3658,1.918296
3659,2.251629
3660,2.251629
3661,1.792481
3662,2.251629
3663,1.792481
3664,2.251629
3665,2.251629
3666,1.918296
3667,1.918296
3668,2.251629
3669,1.918296
3670,1.918296
3671,2.251629
3672,1.792481
3673,1.792481
3674,1.918296
3675,1.918296
3676,2.251629
3677,1.792481
3678,1.459148
3679,1.918296
3680,1.792481
3681,1.918296
3682,1.459148
3683,1.459148
3684,1.918296
3685,1.918296
3686,1.918296
3687,1.918296
3688,1.918296
3689,1.918296
3690,1.918296
3691,2.251629
3692,1.918296
3693,1.918296
3694,1.459148
3695,1.918296
3696,2.251629
3697,2.251629
3698,2.251629
3699,2.251629
3700,2.584963
3701,2.251629
3702,2.251629
3703,1.918296
3704,1.918296
3705,1.918296
3706,2.251629
3707,1.918296
3708,2.251629
3709,2.251629
3710,1.918296
3711,2.251629
3712,2.251629
3713,2.251629
3714,2.251629
3715,2.584963
3716,2.584963
3717,2.584963
3718,2.584963
3719,2.251629
3720,1.792481
3721,2.251629
3722,2.251629
3723,2.251629
3724,1.918296
3725,2.251629
3726,2.251629
3727,1.918296
3728,2.251629
3729,2.251629
3730,2.251629
3731,2.251629
3732,2.251629
3733,1.792481
3734,2.251629
3735,2.251629
3736,2.251629
3737,2.251629
3738,2.251629
3739,2.251629
3740,2.584963
3741,2.584963
3742,2.251629
3743,2.251629
3744,2.251629
3745,1.918296
3746,2.251629
3747,2.251629
3748,2.251629
3749,2.251629
3750,2.584963
3751,2.251629
3752,2.584963
3753,2.251629
3754,1.918296
3755,1.792481
3756,1.459148
3757,1.918296
3758,2.251629
3759,2.251629
3760,2.584963
3761,2.584963
3762,2.251629
3763,2.251629
3764,1.918296
3765,1.918296
3766,2.251629
3767,2.584963
3768,2.584963
3769,2.251629
3770,1.792481
3771,1.459148
3772,1.000000
3773,1.459148
3774,1.918296
3775,1.918296
3776,1.918296
3777,1.792481
3778,1.792481
3779,1.918296
3780,1.918296
3781,1.792481
3782,1.459148
3783,1.251629
3784,1.792481
3785,2.251629
3786,2.251629
3787,2.251629
3788,1.792481
3789,2.251629
3790,2.251629
3791,2.251629
3792,1.792481
3793,2.251629
3794,2.584963
3795,2.584963
3796,2.584963
3797,2.584963
3798,2.584963
3799,2.584963
3800,2.251629
3801,2.251629
3802,2.251629
3803,2.251629
3804,2.251629
3805,2.251629
3806,1.792481
3807,1.792481
3808,1.792481
3809,1.792481
3810,2.251629
3811,2.251629
3812,2.584963
3813,2.251629
3814,1.792481
3815,1.251629
3816,0.918296
3817,1.459148
3818,1.792481
3819,2.251629
3820,2.251629
3821,2.251629
3822,2.251629
3823,1.918296
3824,1.918296
3825,2.251629
3826,2.251629
3827,2.584963
3828,2.584963
3829,2.251629
3830,2.251629
3831,1.918296
3832,2.251629
3833,2.251629
3834,2.584963
3835,2.251629
3836,2.251629
3837,1.792481
3838,1.792481
3839,1.792481
3840,2.251629
3841,2.251629
3842,2.584963
3843,2.251629
3844,2.251629
3845,2.251629
3846,2.251629
3847,2.251629
3848,2.584963
3849,2.584963
3850,2.251629
3851,1.792481
3852,1.792481
3853,1.251629
3854,1.251629
3855,1.251629
3856,1.792481
3857,2.251629
3858,1.792481
3859,2.251629
3860,1.918296
3861,2.251629
3862,2.251629
3863,2.251629
3864,2.251629
3865,2.584963
3866,2.251629
3867,2.251629
3868,1.918296
3869,1.918296
3870,2.251629
3871,1.918296
3872,2.251629
3873,2.251629
3874,2.584963
3875,2.251629
3876,1.918296
3877,1.918296
3878,2.251629
3879,2.251629
3880,2.584963
3881,2.584963
3882,2.251629
3883,2.584963
3884,2.584963
3885,2.584963
3886,2.251629
3887,1.918296
3888,1.792481
3889,1.792481
3890,1.459148
3891,1.918296
3892,2.251629
3893,2.251629
3894,2.251629
3895,1.918296
3896,1.918296
3897,2.251629
3898,2.251629
3899,1.918296
3900,1.918296
3901,1.918296
3902,2.251629
3903,1.918296
3904,1.918296
3905,1.918296
3906,1.918296
3907,2.251629
3908,2.584963
3909,2.251629
3910,2.251629
3911,2.251629
3912,2.584963
3913,2.584963
3914,2.251629
3915,2.251629
3916,2.251629
3917,1.792481
3918,1.459148
3919,1.792481
3920,2.251629
3921,1.918296
3922,2.251629
3923,1.918296
3924,1.918296
3925,1.918296
3926,1.792481
3927,1.792481
3928,2.251629
3929,2.584963
3930,2.584963
3931,2.584963
3932,2.251629
3933,2.251629
3934,2.251629
3935,2.251629
3936,2.251629
3937,2.584963
3938,2.251629
3939,2.584963
3940,2.584963
3941,2.251629
3942,2.251629
3943,2.251629
3944,2.251629
3945,2.251629
3946,2.584963
3947,2.584963
3948,2.251629
3949,2.251629
3950,2.251629
3951,1.918296
3952,1.918296
3953,1.918296
3954,2.251629
3955,2.584963
3956,2.251629
3957,1.792481
3958,1.792481
3959,1.792481
3960,1.918296
3961,1.918296
3962,2.251629
3963,2.251629
3964,2.251629
3965,2.251629
3966,2.584963
3967,2.251629
3968,1.918296
3969,1.918296
3970,1.918296
3971,1.792481
3972,2.251629
3973,2.584963
3974,2.584963
3975,2.584963
3976,2.584963
3977,2.584963
3978,2.251629
3979,1.918296
3980,1.459148
3981,1.459148
3982,1.459148
3983,1.792481
3984,1.918296
3985,1.918296
3986,1.918296
3987,1.918296
3988,1.918296
3989,2.251629
3990,2.251629
3991,2.584963
3992,2.584963
3993,2.251629
3994,2.251629
3995,2.251629
3996,2.251629
3997,1.792481
3998,2.251629
3999,2.251629
4000,2.584963
4001,2.584963
4002,2.251629
4003,2.251629
4004,2.251629
4005,2.584963
4006,2.251629
4007,2.251629
4008,2.251629
4009,2.251629
4010,2.251629
4011,1.918296
4012,1.459148
4013,1.459148
4014,1.792481
4015,1.918296
4016,1.918296
4017,2.251629
4018,2.251629
4019,2.251629
4020,2.251629
4021,2.251629
4022,2.251629
4023,2.251629
4024,2.584963
4025,2.584963
4026,2.251629
4027,2.584963
4028,2.251629
4029,2.251629
4030,2.251629
4031,2.251629
4032,1.918296
4033,1.918296
4034,1.918296
4035,1.459148
4036,1.918296
4037,1.918296
4038,2.251629
4039,2.584963
4040,2.251629
4041,2.251629
4042,2.251629
4043,2.584963
4044,2.251629
4045,1.918296
4046,1.918296
4047,1.918296
4048,2.251629
4049,2.584963
4050,2.251629
4051,2.251629
4052,2.251629
4053,2.251629
4054,1.918296
4055,2.251629
4056,2.251629
4057,1.918296
4058,1.918296
4059,1.459148
4060,1.792481
4061,1.459148
4062,1.459148
4063,1.918296
4064,1.918296
4065,1.584963
4066,1.918296
4067,1.918296
4068,1.918296
4069,2.251629
4070,1.918296
4071,1.918296
4072,2.251629
4073,2.251629
4074,2.251629
4075,2.251629
4076,1.918296
4077,2.251629
4078,2.584963
4079,2.584963
4080,2.584963
4081,2.584963
4082,2.584963
4083,2.584963
4084,2.251629
4085,2.584963
4086,2.584963
4087,2.584963
4088,2.251629
4089,2.251629
4090,2.251629
4091,2.251629
4092,2.584963
4093,2.584963
4094,2.584963
4095,2.584963
4096,2.251629
4097,2.584963
4098,2.584963
4099,2.584963
4100,2.251629
4101,2.584963
4102,2.584963
4103,2.251629
4104,2.251629
4105,2.584963
4106,2.584963
4107,2.251629
4108,2.251629
4109,1.918296
4110,2.251629
4111,1.918296
4112,2.251629
4113,2.251629
4114,2.584963
4115,2.251629
4116,2.251629
4117,1.918296
4118,1.918296
4119,1.918296
4120,1.918296
4121,1.459148
4122,1.459148
4123,1.792481
4124,1.251629
4125,1.792481
4126,1.918296
4127,2.251629
4128,1.918296
4129,1.918296
4130,1.918296
4131,1.918296
4132,1.918296
4133,1.459148
4134,1.918296
4135,2.251629
4136,2.584963
4137,2.584963
4138,2.251629
4139,1.918296
4140,2.251629
4141,1.918296
4142,2.251629
4143,2.251629
4144,2.251629
4145,2.251629
4146,2.251629
4147,2.584963
4148,2.584963
4149,2.251629
4150,1.918296
4151,2.251629
4152,2.251629
4153,2.251629
4154,2.251629
4155,2.251629
4156,2.584963
4157,2.251629
4158,2.251629
4159,2.251629
4160,1.792481
4161,1.792481
4162,1.918296
4163,1.792481
4164,1.918296
4165,1.918296
4166,1.918296
4167,1.918296
4168,1.918296
4169,2.251629
4170,2.251629
4171,1.918296
4172,1.918296
4173,2.251629
4174,2.584963
4175,2.584963
4176,2.584963
4177,2.251629
4178,2.251629
4179,1.918296
4180,2.251629
4181,2.251629
4182,2.251629
4183,1.918296
4184,2.251629
4185,1.918296
4186,2.251629
4187,2.251629
4188,2.251629
4189,1.918296
4190,1.918296
4191,1.584963
4192,1.459148
4193,1.459148
4194,1.792481
4195,1.251629
4196,1.792481
4197,1.792481
4198,2.251629
4199,1.918296
4200,1.459148
4201,1.792481
4202,1.792481
4203,1.792481
4204,1.792481
4205,2.251629
4206,2.584963
4207,2.584963
4208,2.251629
4209,1.918296
4210,1.918296
4211,1.918296
4212,2.251629
4213,2.251629
4214,2.251629
4215,2.251629
4216,2.251629
4217,2.251629
4218,2.251629
4219,1.792481
4220,1.792481
4221,1.459148
4222,1.918296
4223,1.918296
4224,2.251629
4225,2.584963
4226,2.251629
4227,1.792481
4228,1.792481
4229,1.792481
4230,1.459148
4231,1.792481
4232,2.251629
4233,2.584963
4234,2.584963
4235,2.584963
4236,2.584963
4237,2.251629
4238,2.251629
4239,2.251629
4240,2.251629
4241,2.584963
4242,2.584963
4243,2.584963
4244,2.251629
4245,2.584963
4246,2.584963
4247,2.251629
4248,2.251629
4249,2.251629
4250,2.584963
4251,2.251629
4252,2.584963
4253,2.584963
4254,2.251629
4255,2.251629
4256,1.792481
4257,1.792481
4258,1.459148
4259,1.918296
4260,2.251629
4261,2.584963
4262,2.584963
4263,2.251629
4264,1.918296
4265,1.918296
4266,1.918296
4267,2.251629
4268,2.251629
4269,1.918296
4270,1.918296
4271,2.251629
4272,1.792481
4273,2.251629
4274,2.251629
4275,2.584963
4276,2.584963
4277,2.584963
4278,2.584963
4279,2.584963
4280,2.251629
4281,2.251629
4282,2.584963
4283,2.584963
4284,2.251629
4285,2.251629
4286,2.584963
4287,2.251629
4288,1.792481
4289,1.792481
4290,1.251629
4291,1.792481
4292,1.792481
4293,2.251629
4294,2.251629
4295,2.251629
4296,2.251629
4297,2.251629
4298,1.792481
4299,1.918296
4300,2.251629
4301,2.251629
4302,2.251629
4303,2.584963
4304,2.251629
4305,1.792481
4306,2.251629
4307,1.792481
4308,1.792481
4309,1.251629
4310,1.459148
4311,1.584963
4312,1.459148
4313,1.459148
4314,1.918296
4315,1.918296
4316,1.918296
4317,1.918296
4318,2.251629
4319,2.251629
4320,2.251629
4321,1.792481
4322,1.918296
4323,2.251629
4324,1.918296
4325,1.918296
4326,1.792481
4327,1.792481
4328,1.792481
4329,1.918296
4330,2.251629
4331,2.251629
4332,1.792481
4333,1.792481
4334,1.251629
4335,1.251629
4336,1.792481
4337,2.251629
4338,2.251629
4339,2.251629
4340,2.584963
4341,2.251629
4342,2.584963
4343,2.251629
4344,2.251629
4345,1.918296
4346,1.918296
4347,2.251629
4348,2.251629
4349,2.251629
4350,1.918296
4351,1.918296
4352,1.584963
4353,1.918296
4354,1.918296
4355,1.918296
4356,1.918296
4357,2.251629
4358,2.251629
4359,2.251629
4360,2.251629
4361,2.584963
4362,2.584963
4363,2.251629
4364,2.584963
4365,2.584963
4366,2.251629
4367,1.918296
4368,1.918296
4369,1.584963
4370,1.918296
4371,1.918296
4372,1.918296
4373,2.251629
4374,2.251629
4375,1.792481
4376,2.251629
4377,2.251629
4378,2.251629
4379,1.918296
4380,2.251629
4381,2.251629
4382,1.792481
4383,2.251629
4384,2.251629
4385,2.251629
4386,2.251629
4387,2.251629
4388,2.251629
4389,2.251629
4390,2.251629
4391,2.251629
4392,2.251629
4393,2.251629
4394,2.251629
4395,2.251629
4396,2.251629
4397,2.251629
4398,2.251629
4399,1.918296
4400,2.251629
4401,1.918296
4402,2.251629
4403,2.251629
4404,1.918296
4405,1.918296
4406,1.918296
4407,1.918296
4408,1.584963
4409,1.918296
4410,2.251629
4411,2.251629
4412,2.251629
4413,2.251629
4414,2.251629
4415,1.792481
4416,1.918296
4417,1.918296
4418,2.251629
4419,2.251629
4420,2.251629
4421,2.251629
4422,2.251629
4423,1.792481
4424,1.792481
4425,1.792481
4426,1.918296
4427,2.251629
4428,2.584963
4429,2.584963
4430,2.251629
4431,2.251629
4432,1.918296
4433,2.251629
4434,2.251629
4435,2.251629
4436,1.792481
4437,1.918296
4438,2.251629
4439,2.251629
4440,2.251629
4441,1.792481
4442,1.792481
4443,1.792481
4444,1.792481
4445,2.251629
4446,2.584963
4447,2.584963
4448,2.584963
4449,2.251629
4450,2.251629
4451,2.251629
4452,1.918296
4453,1.918296
4454,1.792481
4455,1.792481
4456,1.918296
4457,2.251629
4458,1.918296
4459,1.918296
4460,1.459148
4461,1.792481
4462,1.792481
4463,2.251629
4464,2.251629
4465,2.251629
4466,2.251629
4467,2.251629
4468,2.251629
4469,1.792481
4470,2.251629
4471,2.251629
4472,1.918296
4473,2.251629
4474,1.918296
4475,1.918296
4476,2.251629
4477,1.792481
4478,1.792481
4479,1.792481
4480,2.251629
4481,2.584963
4482,2.584963
4483,2.584963
4484,2.584963
4485,2.584963
4486,2.584963
4487,2.251629
4488,2.251629
4489,2.251629
4490,1.918296
4491,2.251629
4492,1.918296
4493,1.918296
4494,2.251629
4495,2.251629
4496,1.918296
4497,2.251629
4498,1.792481
4499,1.792481
4500,1.792481
4501,1.918296
4502,2.251629
4503,1.918296
4504,1.918296
4505,2.251629
4506,2.251629
4507,2.584963
4508,2.584963
4509,2.251629
4510,1.918296
4511,2.251629
4512,1.918296
4513,1.792481
4514,1.459148
4515,1.459148
4516,1.792481
4517,1.918296
4518,1.918296
4519,1.792481
4520,1.792481
4521,1.459148
4522,1.918296
4523,2.251629
4524,1.918296
4525,1.918296
4526,2.251629
4527,1.792481
4528,2.251629
4529,2.251629
4530,2.251629
4531,1.918296
4532,2.251629
4533,2.251629
4534,2.584963
4535,2.584963
4536,2.584963
4537,2.584963
4538,2.251629
4539,2.251629
4540,1.918296
4541,1.918296
4542,1.459148
4543,1.792481
4544,2.251629
4545,2.251629
4546,2.251629
4547,2.251629
4548,2.584963
4549,2.251629
4550,2.251629
4551,1.918296
4552,1.918296
4553,1.918296
4554,1.792481
4555,1.792481
4556,1.918296
4557,1.918296
4558,2.251629
4559,2.251629
4560,1.918296
4561,2.251629
4562,2.251629
4563,1.792481
4564,1.918296
4565,1.584963
4566,1.918296
4567,2.251629
4568,2.584963
4569,2.584963
4570,2.584963
4571,2.251629
4572,2.251629
4573,2.251629
4574,2.251629
4575,2.584963
4576,2.584963
4577,2.584963
4578,2.251629
4579,2.251629
4580,1.918296
4581,1.918296
4582,1.918296
4583,1.918296
4584,1.918296
4585,1.459148
4586,1.918296
4587,1.918296
4588,1.918296
4589,1.918296
4590,2.251629
4591,2.584963
4592,2.584963
4593,2.251629
4594,1.918296
4595,1.918296
4596,2.251629
4597,2.251629
4598,2.251629
4599,2.251629
4600,2.584963
4601,2.584963
4602,2.251629
4603,2.251629
4604,1.918296
4605,2.251629
4606,2.251629
4607,2.584963
4608,2.251629
4609,2.251629
4610,2.251629
4611,1.918296
4612,1.584963
4613,1.918296
4614,1.918296
4615,1.918296
4616,1.918296
4617,1.918296
4618,2.251629
4619,2.584963
4620,2.251629
4621,2.584963
4622,2.584963
4623,2.584963
4624,2.584963
4625,2.584963
4626,2.584963
4627,2.584963
4628,2.251629
4629,2.251629
4630,2.251629
4631,1.918296
4632,1.918296
4633,1.918296
4634,1.918296
4635,2.251629
4636,2.584963
4637,2.584963
4638,2.251629
4639,2.251629
4640,2.251629
4641,2.251629
4642,2.251629
4643,2.251629
4644,2.251629
4645,2.251629
4646,1.918296
4647,1.918296
4648,1.918296
4649,1.918296
4650,1.918296
4651,1.918296
4652,1.459148
4653,1.792481
4654,1.792481
4655,2.251629
4656,2.251629
4657,2.251629
4658,2.251629
4659,1.918296
4660,1.918296
4661,1.918296
4662,1.918296
4663,2.251629
4664,2.251629
4665,1.918296
4666,1.918296
4667,1.918296
4668,1.918296
4669,1.918296
4670,1.792481
4671,1.792481
4672,1.792481
4673,1.251629
4674,1.792481
4675,2.251629
4676,2.584963
4677,2.584963
4678,2.251629
4679,1.792481
4680,1.459148
4681,0.918296
4682,1.459148
4683,1.792481
4684,2.251629
4685,2.251629
4686,1.918296
4687,1.918296
4688,1.459148
4689,1.918296
4690,1.792481
4691,1.792481
4692,1.918296
4693,1.918296
4694,1.918296
4695,2.251629
4696,2.251629
4697,2.251629
4698,1.918296
4699,1.918296
4700,2.251629
4701,2.251629
4702,2.251629
4703,1.918296
4704,1.918296
4705,1.918296
4706,1.459148
4707,1.459148
4708,1.584963
4709,1.918296
4710,2.251629
4711,1.918296
4712,2.251629
4713,2.251629
4714,1.918296
4715,1.918296
4716,1.792481
4717,1.459148
4718,1.584963
4719,1.918296
4720,2.251629
4721,2.584963
4722,2.584963
4723,2.584963
4724,2.251629
4725,2.251629
4726,1.918296
4727,1.459148
4728,1.584963
4729,1.459148
4730,1.918296
4731,2.251629
4732,2.251629
4733,2.584963
4734,2.251629
4735,2.251629
4736,2.251629
4737,2.251629
4738,2.251629
4739,2.251629
4740,1.918296
4741,1.918296
4742,1.918296
4743,1.918296
4744,1.918296
4745,1.918296
4746,2.251629
4747,1.918296
4748,2.251629
4749,2.251629
4750,2.584963
4751,2.251629
4752,1.918296
4753,1.918296
4754,1.792481
4755,1.459148
4756,1.918296
4757,1.918296
4758,1.792481
4759,2.251629
4760,1.918296
4761,2.251629
4762,2.251629
4763,2.584963
4764,2.584963
4765,2.251629
4766,1.792481
4767,1.792481
4768,1.792481
4769,1.459148
4770,1.459148
4771,1.792481
4772,1.459148
4773,1.459148
4774,1.459148
4775,1.918296
4776,2.251629
4777,2.584963
4778,2.251629
4779,2.584963
4780,2.584963
4781,2.251629
4782,2.584963
4783,2.584963
4784,2.251629
4785,1.792481
4786,1.459148
4787,1.792481
4788,1.792481
4789,1.792481
4790,1.918296
4791,1.918296
4792,1.918296
4793,2.251629
4794,2.251629
4795,2.251629
4796,2.251629
4797,2.251629
4798,2.251629
4799,1.918296
4800,2.251629
4801,1.918296
4802,2.251629
4803,2.251629
4804,2.251629
4805,2.251629
4806,2.584963
4807,2.251629
4808,1.918296
4809,1.918296
4810,1.918296
4811,2.251629
4812,2.584963
4813,2.251629
4814,2.251629
4815,2.251629
4816,2.584963
4817,2.251629
4818,2.251629
4819,2.251629
4820,2.251629
4821,2.251629
4822,2.251629
4823,1.918296
4824,2.251629
4825,2.251629
4826,2.251629
4827,1.918296
4828,1.918296
4829,2.251629
4830,2.251629
4831,1.918296
4832,1.918296
4833,2.251629
4834,2.251629
4835,2.251629
4836,2.251629
4837,1.792481
4838,2.251629
4839,1.792481
4840,1.792481
4841,1.918296
4842,1.918296
4843,2.251629
4844,2.251629
4845,1.918296
4846,1.918296
4847,1.792481
4848,1.792481
4849,1.459148
4850,1.459148
4851,1.918296
4852,1.918296
4853,2.251629
4854,2.251629
4855,2.251629
4856,2.251629
4857,2.251629
4858,2.251629
4859,2.251629
4860,2.251629
4861,2.584963
4862,2.584963
4863,2.584963
4864,2.251629
4865,1.918296
4866,1.918296
4867,2.251629
4868,1.918296
4869,2.251629
4870,1.918296
4871,2.251629
4872,2.251629
4873,1.918296
4874,1.918296
4875,1.918296
4876,1.584963
4877,1.459148
4878,1.792481
4879,1.792481
4880,2.251629
4881,1.918296
4882,2.251629
4883,1.918296
4884,1.918296
4885,1.918296
4886,1.918296
4887,1.459148
4888,1.792481
4889,1.792481
4890,2.251629
4891,2.584963
4892,2.584963
4893,2.584963
4894,2.584963
4895,2.584963
4896,2.251629
4897,1.918296
4898,1.918296
4899,1.918296
4900,2.251629
4901,2.251629
4902,1.918296
4903,1.918296
4904,2.251629
4905,2.251629
4906,1.918296
4907,2.251629
4908,1.792481
4909,1.792481
4910,1.918296
4911,2.251629
4912,2.251629
4913,2.251629
4914,2.584963
4915,2.584963
4916,2.251629
4917,2.251629
4918,1.792481
4919,2.251629
4920,2.251629
4921,1.918296
4922,1.918296
4923,1.918296
4924,2.251629
4925,2.251629
4926,2.584963
4927,2.584963
4928,2.251629
4929,1.918296
4930,1.918296
4931,1.918296
4932,2.251629
4933,2.251629
4934,2.251629
4935,2.251629
4936,2.251629
4937,1.918296
4938,2.251629
4939,1.792481
4940,2.251629
4941,2.251629
4942,2.251629
4943,2.251629
4944,2.251629
4945,2.584963
4946,2.251629
4947,2.584963
4948,2.251629
4949,2.251629
4950,2.584963
4951,2.584963
4952,2.584963
4953,2.251629
4954,2.251629
4955,2.251629
4956,2.251629
4957,2.584963
4958,2.584963
4959,2.251629
4960,1.918296
4961,2.251629
4962,2.251629
4963,2.251629
4964,2.584963
4965,2.251629
4966,2.251629
4967,1.918296
4968,2.251629
4969,2.584963
4970,2.584963
4971,2.251629
4972,2.251629
4973,2.251629
4974,1.918296
4975,2.251629
4976,2.251629
4977,1.792481
4978,2.251629
4979,2.251629
4980,2.251629
4981,1.918296
4982,1.792481
4983,1.792481
4984,1.792481
4985,1.792481
4986,2.251629
4987,2.584963
4988,2.251629
4989,2.251629
4990,1.918296
4991,1.918296
4992,1.918296
4993,2.251629
4994,2.584963
4995,2.251629
4996,2.584963
4997,2.584963
4998,2.251629
4999,2.251629
5000,2.251629
5001,2.584963
5002,2.251629
5003,2.251629
5004,1.918296
5005,2.251629
5006,2.251629
5007,2.584963
5008,2.251629
5009,2.251629
5010,2.251629
5011,1.792481
5012,1.792481
5013,2.251629
5014,2.251629
5015,2.251629
5016,1.918296
5017,1.918296
5018,1.918296
5019,2.251629
5020,2.251629
5021,2.584963
5022,2.584963
5023,2.251629
5024,1.918296
5025,1.792481
5026,1.459148
5027,1.792481
5028,2.251629
5029,2.251629
5030,2.251629
5031,2.251629
5032,2.584963
5033,2.584963
5034,2.251629
5035,2.251629
5036,1.918296
5037,1.918296
5038,1.918296
5039,1.459148
5040,1.459148
5041,1.251629
5042,1.251629
5043,1.792481
5044,2.251629
5045,2.251629
5046,2.251629
5047,2.251629
5048,2.251629
5049,2.251629
5050,1.918296
5051,1.918296
5052,1.792481
5053,2.251629
5054,1.918296
5055,1.792481
5056,1.792481
5057,1.792481
5058,1.459148
5059,1.792481
5060,1.918296
5061,1.792481
5062,1.459148
5063,1.792481
5064,2.251629
5065,2.251629
5066,2.584963
5067,2.251629
5068,2.584963
5069,2.251629
5070,2.251629
5071,2.251629
5072,1.918296
5073,2.251629
5074,2.584963
5075,2.251629
5076,1.918296
5077,1.918296
5078,1.918296
5079,1.918296
5080,1.918296
5081,1.918296
5082,1.918296
5083,1.918296
5084,2.251629
5085,1.918296
5086,1.918296
5087,2.251629
5088,2.251629
5089,2.251629
5090,2.584963
5091,2.584963
5092,2.251629
5093,2.251629
5094,2.251629
5095,2.584963
5096,2.584963
5097,2.251629
5098,2.251629
5099,2.584963
5100,2.584963
5101,2.251629
5102,2.251629
5103,2.251629
5104,1.918296
5105,1.792481
5106,1.792481
5107,1.792481
5108,1.792481
5109,1.918296
5110,1.792481
5111,1.792481
5112,1.459148
5113,1.459148
5114,1.918296
5115,2.251629
5116,2.251629
5117,2.584963
5118,2.251629
5119,2.251629
5120,2.584963
5121,2.584963
5122,2.584963
5123,2.251629
5124,2.251629
5125,2.251629
5126,2.251629
5127,1.918296
5128,2.251629
5129,2.584963
5130,2.251629
5131,2.251629
5132,1.792481
5133,1.459148
5134,1.792481
5135,2.251629
5136,2.584963
5137,2.584963
5138,2.251629
5139,1.792481
5140,2.251629
5141,2.251629
5142,2.251629
5143,2.251629
5144,2.251629
5145,2.251629
5146,1.918296
5147,2.251629
5148,2.251629
5149,2.584963
5150,2.251629
5151,2.251629
5152,2.251629
5153,2.584963
5154,2.251629
5155,2.251629
5156,2.251629
5157,2.251629
5158,2.584963
5159,2.584963
5160,2.584963
5161,2.584963
5162,2.251629
5163,1.918296
5164,1.918296
5165,1.584963
5166,1.918296
5167,2.251629
5168,2.251629
5169,2.251629
5170,2.584963
5171,2.584963
5172,2.251629
5173,2.251629
5174,2.584963
5175,2.584963
5176,2.584963
5177,2.251629
5178,2.251629
5179,2.584963
5180,2.584963
5181,2.251629
5182,2.251629
5183,2.251629
5184,1.918296
5185,2.251629
5186,2.251629
5187,2.251629
5188,2.584963
5189,2.584963
5190,2.251629
5191,2.251629
5192,2.251629
5193,1.918296
5194,2.251629
5195,1.918296
5196,1.459148
5197,1.918296
5198,1.918296
5199,2.251629
5200,2.584963
5201,2.251629
5202,1.918296
5203,1.918296
5204,1.918296
5205,1.792481
5206,1.918296
5207,2.251629
5208,1.918296
5209,2.251629
5210,2.251629
5211,2.251629
5212,2.251629
5213,1.792481
5214,1.792481
5215,1.792481
5216,1.918296
5217,2.251629
5218,2.251629
5219,2.251629
5220,1.918296
5221,2.251629
5222,1.918296
5223,2.251629
5224,2.251629
5225,2.584963
5226,2.584963
5227,2.584963
5228,2.584963
5229,2.251629
5230,2.251629
5231,2.251629
5232,2.251629
5233,1.918296
5234,1.918296
5235,1.918296
5236,1.918296
5237,1.918296
5238,1.584963
5239,1.918296
5240,1.918296
5241,1.918296
5242,2.251629
5243,1.918296
5244,1.918296
5245,1.459148
5246,1.459148
5247,1.459148
5248,1.459148
5249,0.918296
5250,1.251629
5251,1.792481
5252,1.459148
5253,1.584963
5254,1.918296
5255,1.918296
5256,1.918296
5257,2.251629
5258,1.918296
5259,2.251629
5260,2.251629
5261,2.251629
5262,2.251629
5263,2.251629
5264,1.918296
5265,1.918296
5266,1.918296
5267,1.918296
5268,2.251629
5269,2.251629
5270,1.918296
5271,1.918296
5272,1.584963
5273,1.918296
5274,1.918296
5275,1.584963
5276,1.918296
5277,2.251629
5278,2.251629
5279,2.251629
5280,2.584963
5281,2.251629
5282,2.251629
5283,2.251629
5284,2.584963
5285,2.251629
5286,2.584963
5287,2.584963
5288,2.251629
5289,2.251629
5290,2.251629
5291,2.251629
5292,2.251629
5293,1.792481
5294,1.918296
5295,1.918296
5296,1.918296
5297,1.918296
5298,2.251629
5299,2.251629
5300,2.251629
5301,2.251629
5302,2.251629
5303,1.792481
5304,1.792481
5305,1.792481
5306,1.792481
5307,1.792481
5308,2.251629
5309,2.251629
5310,1.918296
5311,1.918296
5312,2.251629
5313,2.251629
5314,2.251629
5315,2.251629
5316,2.251629
5317,2.251629
5318,2.251629
5319,2.251629
5320,1.792481
5321,1.459148
5322,1.459148
5323,1.459148
5324,1.251629
5325,1.792481
5326,1.792481
5327,1.918296
5328,1.918296
5329,1.918296
5330,1.918296
5331,2.251629
5332,2.584963
5333,2.251629
5334,1.918296
5335,2.251629
5336,2.251629
5337,2.251629
5338,2.251629
5339,2.251629
5340,2.251629
5341,1.792481
5342,2.251629
5343,1.918296
5344,2.251629
5345,2.251629
5346,2.251629
5347,2.251629
5348,2.584963
5349,2.584963
5350,2.251629
5351,2.584963
5352,2.251629
5353,2.251629
5354,2.251629
5355,2.251629
5356,2.584963
5357,2.584963
5358,2.584963
5359,2.584963
5360,2.584963
5361,2.251629
5362,2.251629
5363,2.251629
5364,2.584963
5365,2.251629
5366,2.251629
5367,2.251629
5368,2.251629
5369,2.251629
5370,2.251629
5371,2.251629
5372,2.251629
5373,2.251629
5374,2.251629
5375,2.584963
5376,2.251629
5377,2.251629
5378,2.251629
5379,2.251629
5380,2.251629
5381,1.792481
5382,1.792481
5383,1.792481
5384,1.792481
5385,2.251629
5386,2.251629
5387,1.918296
5388,1.918296
5389,2.251629
5390,1.918296
5391,2.251629
5392,2.251629
5393,2.251629
5394,2.251629
5395,2.251629
5396,1.918296
5397,1.918296
5398,1.918296
5399,2.251629
5400,2.584963
5401,2.251629
5402,1.792481
5403,1.792481
5404,1.251629
5405,1.792481
5406,1.792481
5407,2.251629
5408,2.584963
5409,2.584963
5410,2.584963
5411,2.584963
5412,2.251629
5413,1.792481
5414,2.251629
5415,1.918296
5416,1.918296
5417,1.459148
5418,1.792481
5419,1.792481
5420,1.918296
5421,2.251629
5422,2.251629
5423,2.251629
5424,2.251629
5425,1.918296
5426,1.918296
5427,2.251629
5428,2.251629
5429,2.251629
5430,1.918296
5431,1.918296
5432,2.251629
5433,2.584963
5434,2.251629
5435,2.251629
5436,1.918296
5437,2.251629
5438,2.251629
5439,1.918296
5440,1.459148
5441,1.792481
5442,1.459148
5443,1.459148
5444,1.459148
5445,1.792481
5446,1.459148
5447,1.459148
5448,1.584963
5449,1.459148
5450,1.459148
5451,1.459148
5452,1.792481
5453,1.918296
5454,1.584963
5455,1.918296
5456,2.251629
5457,2.251629
5458,2.584963
5459,2.251629
5460,2.251629
5461,2.251629
5462,2.251629
5463,2.584963
5464,2.251629
5465,1.918296
5466,1.918296
5467,2.251629
5468,2.251629
5469,1.918296
5470,1.792481
5471,1.792481
5472,1.792481
5473,1.792481
5474,1.918296
5475,2.251629
5476,2.251629
5477,1.792481
5478,1.918296
5479,1.918296
5480,1.918296
5481,1.918296
5482,1.918296
5483,1.918296
5484,1.918296
5485,2.251629
5486,1.918296
5487,2.251629
5488,1.918296
5489,2.251629
5490,2.251629
5491,2.251629
5492,2.251629
5493,2.251629
5494,1.918296
5495,2.251629
5496,2.251629
5497,2.251629
5498,2.251629
5499,2.251629
5500,2.584963
5501,2.251629
5502,1.918296
5503,1.918296
5504,1.918296
5505,1.792481
5506,1.792481
5507,2.251629
5508,2.251629
5509,2.251629
5510,2.251629
5511,2.251629
5512,1.918296
5513,1.918296
5514,2.251629
5515,2.251629
5516,2.251629
5517,2.584963
5518,2.251629
5519,2.251629
5520,2.584963
5521,2.251629
5522,2.584963
5523,2.251629
5524,2.251629
5525,2.251629
5526,1.918296
5527,1.918296
5528,1.918296
5529,1.918296
5530,2.251629
5531,2.251629
5532,2.251629
5533,1.918296
5534,2.251629
5535,1.918296
5536,1.918296
5537,1.918296
5538,2.251629
5539,2.251629
5540,2.251629
5541,1.792481
5542,1.792481
5543,1.792481
5544,1.792481
5545,1.792481
5546,1.918296
5547,2.251629
5548,1.918296
5549,1.918296
5550,2.251629
5551,2.251629
5552,2.251629
5553,2.584963
5554,2.251629
5555,2.251629
5556,2.251629
5557,2.584963
5558,2.584963
5559,2.251629
5560,2.251629
5561,1.918296
5562,2.251629
5563,2.251629
5564,2.251629
5565,2.251629
5566,2.251629
5567,1.918296
5568,2.251629
5569,2.251629
5570,1.918296
5571,1.584963
5572,1.584963
5573,1.918296
5574,1.918296
5575,2.251629
5576,2.584963
5577,2.251629
5578,2.584963
5579,2.251629
5580,2.251629
5581,2.251629
5582,2.251629
5583,2.251629
5584,2.251629
5585,2.584963
5586,2.584963
5587,2.584963
5588,2.584963
5589,2.584963
5590,2.251629
5591,2.251629
5592,1.918296
5593,1.918296
5594,1.918296
5595,2.251629
5596,2.251629
5597,2.251629
5598,2.251629
5599,2.251629
5600,2.251629
5601,2.584963
5602,2.584963
5603,2.251629
5604,2.251629
5605,2.251629
5606,2.251629
5607,2.251629
5608,1.918296
5609,2.251629
5610,2.251629
5611,2.251629
5612,2.251629
5613,2.251629
5614,1.792481
5615,1.918296
5616,1.918296
5617,1.918296
5618,2.251629
5619,2.251629
5620,2.251629
5621,2.251629
5622,1.918296
5623,2.251629
5624,1.918296
5625,1.918296
5626,1.918296
5627,2.251629
5628,2.251629
5629,1.918296
5630,2.251629
5631,2.251629
5632,2.251629
5633,1.918296
5634,2.251629
5635,2.251629
5636,2.251629
5637,1.918296
5638,1.792481
5639,1.251629
5640,0.918296
5641,0.918296
5642,1.251629
5643,1.792481
5644,2.251629
5645,2.584963
5646,2.251629
5647,2.251629
5648,2.584963
5649,2.584963
5650,2.584963
5651,2.251629
5652,1.918296
5653,1.459148
5654,1.792481
5655,1.792481
5656,1.792481
5657,2.251629
5658,2.251629
5659,2.584963
5660,2.251629
5661,2.251629
5662,1.918296
5663,1.918296
5664,2.251629
5665,1.918296
5666,1.918296
5667,1.918296
5668,1.584963
5669,1.918296
5670,1.918296
5671,2.251629
5672,2.584963
5673,2.584963
5674,2.251629
5675,2.251629
5676,2.251629
5677,2.251629
5678,2.251629
5679,2.251629
5680,1.792481
5681,2.251629
5682,2.251629
5683,2.251629
5684,1.918296
5685,2.251629
5686,1.792481
5687,1.792481
5688,1.918296
5689,1.918296
5690,1.918296
5691,2.251629
5692,1.918296
5693,1.918296
5694,1.584963
5695,1.918296
5696,1.918296
5697,2.251629
5698,2.251629
5699,1.918296
5700,2.251629
5701,2.251629
5702,1.918296
5703,2.251629
5704,2.251629
5705,2.251629
5706,2.251629
5707,2.251629
5708,2.251629
5709,1.918296
5710,1.918296
5711,1.918296
5712,1.918296
5713,2.251629
5714,2.251629
5715,1.792481
5716,1.792481
5717,1.792481
5718,1.918296
5719,1.584963
5720,1.459148
5721,1.459148
5722,1.459148
5723,1.918296
5724,2.251629
5725,2.251629
5726,1.792481
5727,1.792481
5728,1.251629
5729,1.251629
5730,1.792481
5731,2.251629
5732,2.584963
5733,2.584963
5734,2.584963
5735,2.251629
5736,1.918296
5737,2.251629
5738,1.918296
5739,2.251629
5740,2.584963
5741,2.584963
5742,2.251629
5743,2.251629
5744,2.251629
5745,1.918296
5746,1.918296
5747,1.792481
5748,1.251629
5749,1.792481
5750,1.792481
5751,1.918296
5752,1.918296
5753,1.918296
5754,2.251629
5755,2.251629
5756,2.251629
5757,2.251629
5758,1.918296
5759,2.251629
5760,2.251629
5761,1.792481
5762,1.251629
5763,1.792481
5764,2.251629
5765,1.918296
5766,2.251629
5767,2.584963
5768,2.584963
5769,2.584963
5770,2.584963
5771,2.584963
5772,2.251629
5773,2.251629
5774,2.251629
5775,1.918296
5776,1.918296
5777,1.918296
5778,1.792481
5779,1.792481
5780,1.792481
5781,2.251629
5782,2.584963
5783,2.584963
5784,2.251629
5785,2.251629
5786,2.584963
5787,2.251629
5788,2.251629
5789,1.792481
5790,2.251629
5791,1.918296
5792,1.584963
5793,1.918296
5794,1.918296
5795,1.918296
5796,2.251629
5797,2.584963
5798,2.251629
5799,2.251629
5800,1.918296
5801,2.251629
5802,1.792481
5803,2.251629
5804,1.792481
5805,1.251629
5806,1.792481
5807,1.792481
5808,1.918296
5809,1.918296
5810,2.251629
5811,2.251629
5812,1.918296
5813,2.251629
5814,1.792481
5815,1.792481
5816,2.251629
5817,2.251629
5818,2.584963
5819,2.251629
5820,2.251629
5821,2.251629
5822,1.918296
5823,1.918296
5824,1.792481
5825,1.792481
5826,1.792481
5827,1.459148
5828,1.918296
5829,1.918296
5830,1.918296
5831,1.918296
5832,1.584963
5833,1.459148
5834,1.792481
5835,1.918296
5836,2.251629
5837,2.251629
5838,2.251629
5839,2.251629
5840,2.251629
5841,1.918296
5842,1.918296
5843,1.918296
5844,1.918296
5845,2.251629
5846,2.251629
5847,2.584963
5848,2.584963
5849,2.251629
5850,2.251629
5851,2.584963
5852,2.251629
5853,1.918296
5854,2.251629
5855,2.584963
5856,2.584963
5857,2.584963
5858,2.584963
5859,2.584963
5860,2.584963
5861,2.584963
5862,2.251629
5863,2.251629
5864,1.918296
5865,2.251629
5866,2.251629
5867,2.251629
5868,2.251629
5869,2.251629
5870,2.251629
5871,1.918296
5872,1.918296
5873,1.918296
5874,1.918296
5875,2.251629
5876,1.918296
5877,1.918296
5878,1.792481
5879,1.792481
5880,1.918296
5881,1.459148
5882,1.459148
5883,1.792481
5884,1.918296
5885,2.251629
5886,2.251629
5887,1.792481
5888,1.918296
5889,1.918296
5890,1.918296
5891,2.251629
5892,2.251629
5893,1.918296
5894,1.584963
5895,1.459148
5896,1.459148
5897,1.918296
5898,2.251629
5899,2.251629
5900,1.918296
5901,1.459148
5902,1.459148
5903,1.459148
5904,1.918296
5905,2.251629
5906,2.584963
5907,2.251629
5908,1.918296
5909,1.918296
5910,2.251629
5911,1.918296
5912,1.918296
5913,1.792481
5914,1.792481
5915,1.792481
5916,2.251629
5917,2.584963
5918,2.584963
5919,2.584963
5920,2.251629
5921,1.792481
5922,1.792481
5923,1.792481
5924,1.792481
5925,1.792481
5926,1.918296
5927,2.251629
5928,2.251629
5929,2.584963
5930,2.251629
5931,1.918296
5932,1.918296
5933,2.251629
5934,2.584963
5935,2.584963
5936,2.251629
5937,1.918296
5938,1.584963
5939,1.918296
5940,2.251629
5941,2.584963
5942,2.584963
5943,2.584963
5944,2.251629
5945,2.584963
5946,2.584963
5947,2.251629
5948,2.251629
5949,2.251629
5950,2.251629
5951,1.918296
5952,2.251629
5953,2.584963
5954,2.251629
5955,2.251629
5956,2.251629
5957,2.251629
5958,2.251629
5959,2.251629
5960,1.918296
5961,1.918296
5962,1.918296
5963,2.251629
5964,2.251629
5965,2.251629
5966,2.251629
5967,2.251629
5968,2.251629
5969,2.251629
5970,2.251629
5971,2.251629
5972,1.792481
5973,2.251629
5974,2.251629
5975,2.584963
5976,2.584963
5977,2.584963
5978,2.251629
5979,2.251629
5980,2.251629
5981,2.251629
5982,2.251629
5983,2.251629
5984,2.251629
5985,1.792481
5986,1.792481
5987,2.251629
5988,2.251629
5989,2.251629
5990,2.251629
5991,2.251629
5992,2.584963
5993,2.251629
5994,1.918296
5995,1.792481
5996,2.251629
5997,1.918296
5998,1.918296
5999,1.918296
6000,2.251629
6001,1.792481
6002,2.251629
6003,1.918296
6004,2.251629
6005,2.584963
6006,2.251629
6007,1.918296
6008,1.918296
6009,1.918296
6010,2.251629
6011,2.584963
6012,2.251629
6013,2.251629
6014,2.251629
6015,2.251629
6016,2.251629
6017,1.918296
6018,1.918296
6019,2.251629
6020,2.251629
6021,1.792481
6022,1.792481
6023,1.792481
6024,1.792481
6025,1.792481
6026,1.792481
6027,2.251629
6028,2.584963
6029,2.251629
6030,2.251629
6031,2.251629
6032,1.918296
6033,2.251629
6034,2.584963
6035,2.251629
6036,2.251629
6037,1.918296
6038,1.918296
6039,2.251629
6040,1.792481
6041,1.459148
6042,1.918296
6043,2.251629
6044,2.251629
6045,2.251629
6046,2.251629
6047,2.251629
6048,2.584963
6049,2.251629
6050,2.251629
6051,2.251629
6052,2.251629
6053,2.584963
6054,2.251629
6055,2.251629
6056,2.251629
6057,1.918296
6058,2.251629
6059,2.251629
6060,2.251629
6061,1.918296
6062,2.251629
6063,2.251629
6064,2.251629
6065,2.251629
6066,2.251629
6067,1.918296
6068,1.918296
6069,1.918296
6070,1.918296
6071,1.918296
6072,1.918296
6073,2.251629
6074,2.584963
6075,2.251629
6076,2.251629
6077,2.251629
6078,2.251629
6079,1.918296
6080,2.251629
6081,2.251629
6082,2.251629
6083,2.251629
6084,2.251629
6085,2.584963
6086,2.584963
6087,2.584963
6088,2.584963
6089,2.584963
6090,2.251629
6091,2.251629
6092,2.251629
6093,2.251629
6094,1.918296
6095,2.251629
6096,2.584963
6097,2.584963
6098,2.251629
6099,2.251629
6100,1.918296
6101,2.251629
6102,2.251629
6103,1.792481
6104,1.792481
6105,2.251629
6106,2.251629
6107,2.584963
6108,2.584963
6109,2.251629
6110,2.584963
6111,2.584963
6112,2.251629
6113,2.251629
6114,1.918296
6115,2.251629
6116,2.584963
6117,2.584963
6118,2.251629
6119,2.584963
6120,2.251629
6121,2.251629
6122,2.584963
6123,2.584963
6124,2.584963
6125,2.584963
6126,2.584963
6127,2.584963
6128,2.584963
6129,2.251629
6130,1.792481
6131,1.792481
6132,1.251629
6133,1.251629
6134,1.792481
6135,2.251629
6136,2.251629
6137,2.251629
6138,2.584963
6139,2.251629
6140,1.918296
6141,1.918296
6142,1.918296
6143,2.251629
6144,2.584963
6145,2.584963
6146,2.251629
6147,1.918296
6148,1.918296
6149,1.459148
6150,1.459148
6151,1.918296
6152,2.251629
6153,2.584963
6154,2.584963
6155,2.584963
6156,2.251629
6157,2.251629
6158,2.584963
6159,2.251629
6160,2.584963
6161,2.584963
6162,2.251629
6163,2.251629
6164,2.251629
6165,2.251629
6166,2.251629
6167,2.251629
6168,2.251629
6169,1.918296
6170,1.584963
6171,1.918296
6172,1.918296
6173,1.918296
6174,2.251629
6175,2.251629
6176,1.918296
6177,1.918296
6178,2.251629
6179,1.918296
6180,1.918296
6181,1.918296
6182,1.918296
6183,1.918296
6184,2.251629
6185,2.251629
6186,2.251629
6187,1.918296
6188,1.918296
6189,1.918296
6190,2.251629
6191,2.251629
6192,2.584963
6193,2.251629
6194,1.918296
6195,1.918296
6196,2.251629
6197,1.918296
6198,2.251629
6199,2.584963
6200,2.584963
6201,2.251629
6202,1.918296
6203,2.251629
6204,2.251629
6205,2.251629
6206,1.918296
6207,1.918296
6208,2.251629
6209,2.251629
6210,2.251629
6211,2.584963
6212,2.251629
6213,1.792481
6214,1.792481
6215,1.792481
6216,2.251629
6217,2.251629
6218,2.584963
6219,2.584963
6220,2.584963
6221,2.584963
6222,2.251629
6223,2.251629
6224,1.918296
6225,2.251629
6226,2.251629
6227,2.584963
6228,2.584963
6229,2.251629
6230,2.251629
6231,2.251629
6232,2.251629
6233,2.251629
6234,2.251629
6235,2.251629
6236,2.251629
6237,2.251629
6238,2.251629
6239,2.251629
6240,2.251629
6241,2.251629
6242,2.251629
6243,2.251629
6244,1.918296
6245,1.918296
6246,1.792481
6247,1.792481
6248,1.251629
6249,1.792481
6250,2.251629
6251,1.918296
6252,2.251629
6253,1.918296
6254,1.918296
6255,1.584963
6256,1.459148
6257,1.000000
6258,1.459148
6259,1.792481
6260,1.918296
6261,2.251629
6262,2.584963
6263,2.251629
6264,1.918296
6265,1.792481
6266,1.459148
6267,1.459148
6268,1.459148
6269,1.918296
6270,1.918296
6271,1.918296
6272,2.251629
6273,1.918296
6274,1.918296
6275,2.251629
6276,1.918296
6277,2.251629
6278,2.584963
6279,2.251629
6280,1.918296
6281,2.251629
6282,2.584963
6283,2.251629
6284,1.918296
6285,1.918296
6286,2.251629
6287,2.251629
6288,2.251629
6289,2.251629
6290,2.584963
6291,2.251629
6292,2.584963
6293,2.584963
6294,2.251629
6295,2.251629
6296,2.251629
6297,2.251629
6298,2.251629
6299,2.251629
6300,2.251629
6301,1.918296
6302,2.251629
6303,2.251629
6304,2.584963
6305,2.584963
6306,2.584963
6307,2.251629
6308,2.251629
6309,2.584963
6310,2.251629
6311,2.251629
6312,2.584963
6313,2.584963
6314,2.251629
6315,2.251629
6316,2.251629
6317,1.792481
6318,1.792481
6319,1.918296
6320,2.251629
6321,2.251629
6322,2.584963
6323,2.251629
6324,2.251629
6325,2.251629
6326,2.251629
6327,1.918296
6328,1.918296
6329,2.251629
6330,1.918296
6331,2.251629
6332,2.251629
6333,2.251629
6334,2.584963
6335,2.584963
6336,2.251629
6337,1.918296
6338,2.251629
6339,2.251629
6340,1.918296
6341,2.251629
6342,2.251629
6343,1.792481
6344,2.251629
6345,2.584963
6346,2.584963
6347,2.251629
6348,1.792481
6349,1.792481
6350,2.251629
6351,2.251629
6352,1.918296
6353,2.251629
6354,1.918296
6355,1.918296
6356,2.251629
6357,1.918296
6358,1.918296
6359,1.918296
6360,1.918296
6361,1.918296
6362,2.251629
6363,2.584963
6364,2.251629
6365,2.251629
6366,2.251629
6367,2.251629
6368,2.251629
6369,1.918296
6370,1.918296
6371,1.792481
6372,1.792481
6373,1.792481
6374,1.792481
6375,1.792481
6376,1.459148
6377,1.918296
6378,1.459148
6379,1.459148
6380,1.918296
6381,1.918296
6382,2.251629
6383,2.584963
6384,2.584963
6385,2.251629
6386,2.251629
6387,2.251629
6388,2.251629
6389,1.918296
6390,1.918296
6391,1.918296
6392,2.251629
6393,1.918296
6394,2.251629
6395,2.251629
6396,2.584963
6397,2.584963
6398,2.251629
6399,2.251629
6400,1.918296
6401,1.918296
6402,1.459148
6403,1.792481
6404,2.251629
6405,1.918296
6406,1.792481
6407,1.792481
6408,1.792481
6409,1.792481
6410,2.251629
6411,2.251629
6412,2.584963
6413,2.584963
6414,2.251629
6415,1.918296
6416,1.918296
6417,1.459148
6418,1.584963
6419,1.918296
6420,1.792481
6421,1.459148
6422,1.918296
6423,1.918296
6424,2.251629
6425,2.251629
6426,2.251629
6427,1.918296
6428,1.584963
6429,1.918296
6430,1.918296
6431,1.459148
6432,1.459148
6433,1.459148
6434,1.792481
6435,1.918296
6436,1.918296
6437,1.459148
6438,1.918296
6439,2.251629
6440,2.251629
6441,2.584963
6442,2.584963
6443,2.584963
6444,2.251629
6445,1.792481
6446,1.459148
6447,1.918296
6448,1.918296
6449,2.251629
6450,2.584963
6451,2.584963
6452,2.584963
6453,2.251629
6454,2.251629
6455,2.251629
6456,1.918296
6457,1.918296
6458,2.251629
6459,2.251629
6460,2.584963
6461,2.584963
6462,2.251629
6463,2.251629
6464,2.251629
6465,1.792481
6466,1.918296
6467,1.918296
6468,2.251629
6469,2.251629
6470,2.251629
6471,2.251629
6472,1.792481
6473,2.251629
6474,2.251629
6475,2.584963
6476,2.251629
6477,1.918296
6478,1.792481
6479,1.792481
6480,1.792481
6481,1.792481
6482,1.792481
6483,2.251629
6484,2.251629
6485,2.251629
6486,2.251629
6487,2.251629
6488,2.251629
6489,2.584963
6490,2.584963
6491,2.584963
6492,2.584963
6493,2.251629
6494,2.251629
6495,2.251629
6496,2.251629
6497,2.251629
6498,1.918296
6499,1.918296
6500,1.918296
6501,1.918296
6502,1.792481
6503,1.918296
6504,1.918296
6505,1.918296
6506,1.918296
6507,2.251629
6508,2.584963
6509,2.584963
6510,2.584963
6511,2.251629
6512,2.251629
6513,1.918296
6514,2.251629
6515,2.251629
6516,1.792481
6517,1.792481
6518,2.251629
6519,2.584963
6520,2.584963
6521,2.584963
6522,2.584963
6523,2.584963
6524,2.584963
6525,2.251629
6526,1.918296
6527,2.251629
6528,1.918296
6529,1.918296
6530,2.251629
6531,2.251629
6532,1.918296
6533,2.251629
6534,2.251629
6535,1.792481
6536,1.918296
6537,1.918296
6538,2.251629
6539,1.792481
6540,1.918296
6541,1.459148
6542,1.918296
6543,1.918296
6544,2.251629
6545,2.584963
6546,2.584963
6547,2.251629
6548,2.251629
6549,1.918296
6550,1.918296
6551,2.251629
6552,2.251629
6553,1.918296
6554,1.918296
6555,2.251629
6556,1.918296
6557,2.251629
6558,2.251629
6559,2.251629
6560,2.251629
6561,2.251629
6562,2.251629
6563,2.251629
6564,2.584963
6565,2.584963
6566,2.584963
6567,2.251629
6568,1.918296
6569,1.918296
6570,2.251629
6571,2.251629
6572,2.584963
6573,2.251629
6574,2.251629
6575,2.251629
6576,2.251629
6577,1.918296
6578,1.918296
6579,2.251629
6580,2.584963
6581,2.584963
6582,2.251629
6583,2.251629
6584,2.251629
6585,1.918296
6586,2.251629
6587,1.792481
6588,1.918296
6589,1.918296
6590,1.918296
6591,1.918296
6592,2.251629
6593,2.251629
6594,2.251629
6595,1.918296
6596,1.792481
6597,1.792481
6598,1.918296
6599,2.251629
6600,1.918296
6601,2.251629
6602,1.918296
6603,1.918296
6604,1.918296
6605,2.251629
6606,2.251629
6607,2.584963
6608,2.251629
6609,2.251629
6610,2.251629
6611,1.792481
6612,1.792481
6613,1.918296
6614,1.918296
6615,2.251629
6616,2.251629
6617,1.918296
6618,1.918296
6619,1.918296
6620,2.251629
6621,2.584963
6622,2.584963
6623,2.251629
6624,1.918296
6625,1.459148
6626,1.584963
6627,1.918296
6628,2.251629
6629,2.251629
6630,2.584963
6631,2.584963
6632,2.251629
6633,2.584963
6634,2.251629
6635,2.251629
6636,1.792481
6637,2.251629
6638,2.251629
6639,2.251629
6640,1.918296
6641,2.251629
6642,2.251629
6643,1.792481
6644,1.918296
6645,1.918296
6646,2.251629
6647,2.251629
6648,1.918296
6649,2.251629
6650,2.251629
6651,1.918296
6652,1.459148
6653,1.792481
6654,1.792481
6655,1.792481
6656,1.792481
6657,1.918296
6658,2.251629
6659,1.918296
6660,1.918296
6661,2.251629
6662,2.584963
6663,2.251629
6664,2.251629
6665,2.251629
6666,1.918296
6667,2.251629
6668,2.584963
6669,2.584963
6670,2.584963
6671,2.584963
6672,2.251629
6673,1.918296
6674,1.918296
6675,2.251629
6676,2.251629
6677,2.584963
6678,2.584963
6679,2.251629
6680,2.251629
6681,2.251629
6682,1.918296
6683,1.918296
6684,1.918296
6685,1.918296
6686,2.251629
6687,1.792481
6688,2.251629
6689,2.251629
6690,2.251629
6691,2.251629
6692,1.918296
6693,1.918296
6694,1.792481
6695,2.251629
6696,2.251629
6697,2.251629
6698,2.584963
6699,2.251629
6700,2.251629
6701,1.918296
6702,1.918296
6703,1.918296
6704,1.918296
6705,2.251629
6706,2.251629
6707,2.251629
6708,2.251629
6709,1.918296
6710,1.459148
6711,1.792481
6712,1.459148
6713,1.459148
6714,1.792481
6715,2.251629
6716,2.584963
6717,2.584963
6718,2.251629
6719,2.251629
6720,2.251629
6721,2.251629
6722,1.918296
6723,1.918296
6724,1.459148
6725,1.792481
6726,1.918296
6727,1.918296
6728,1.918296
6729,1.918296
6730,1.459148
6731,1.459148
6732,1.918296
6733,1.792481
6734,1.792481
6735,1.459148
6736,1.918296
6737,1.792481
6738,2.251629
6739,2.251629
6740,2.251629
6741,2.251629
6742,2.251629
6743,1.918296
6744,1.792481
6745,1.792481
6746,1.792481
6747,1.792481
6748,1.792481
6749,2.251629
6750,2.584963
6751,2.251629
6752,2.251629
6753,2.251629
6754,1.792481
6755,1.792481
6756,1.792481
6757,2.251629
6758,2.584963
6759,2.584963
6760,2.251629
6761,2.251629
6762,1.918296
6763,2.251629
6764,2.584963
6765,2.584963
6766,2.584963
6767,2.251629
6768,2.251629
6769,2.251629
6770,1.918296
6771,1.918296
6772,2.251629
6773,2.251629
6774,2.251629
6775,2.251629
6776,2.584963
6777,2.584963
6778,2.584963
6779,2.584963
6780,2.251629
6781,2.251629
6782,2.251629
6783,2.251629
6784,2.251629
6785,2.251629
6786,2.251629
6787,2.251629
6788,1.792481
6789,1.792481
6790,2.251629
6791,2.584963
6792,2.584963
6793,2.251629
6794,2.251629
6795,1.918296
6796,1.918296
6797,1.584963
6798,1.584963
6799,1.918296
6800,2.251629
6801,2.251629
6802,2.251629
6803,2.584963
6804,2.584963
6805,2.251629
6806,2.251629
6807,2.584963
6808,2.584963
6809,2.584963
6810,2.251629
6811,1.918296
6812,1.918296
6813,2.251629
6814,2.251629
6815,2.251629
6816,2.251629
6817,2.251629
6818,2.251629
6819,2.584963
6820,2.584963
6821,2.584963
6822,2.251629
6823,2.584963
6824,2.584963
6825,2.251629
6826,1.918296
6827,1.918296
6828,2.251629
6829,2.251629
6830,2.251629
6831,2.251629
6832,2.251629
6833,1.918296
6834,1.459148
6835,1.918296
6836,2.251629
6837,1.918296
6838,2.251629
6839,1.918296
6840,1.918296
6841,1.792481
6842,2.251629
6843,2.584963
6844,2.251629
6845,2.584963
6846,2.584963
6847,2.251629
6848,1.918296
6849,1.918296
6850,1.918296
6851,1.918296
6852,1.918296
6853,1.918296
6854,2.251629
6855,2.584963
6856,2.584963
6857,2.251629
6858,2.251629
6859,2.251629
6860,2.584963
6861,2.584963
6862,2.584963
6863,2.584963
6864,2.251629
6865,1.918296
6866,2.251629
6867,2.251629
6868,2.251629
6869,2.251629
6870,2.251629
6871,1.792481
6872,1.792481
6873,1.918296
6874,1.918296
6875,2.251629
6876,1.918296
6877,1.918296
6878,1.918296
6879,1.918296
6880,1.918296
6881,1.792481
6882,1.792481
6883,1.918296
6884,2.251629
6885,2.251629
6886,1.918296
6887,1.918296
6888,1.918296
6889,1.459148
6890,1.459148
6891,1.918296
6892,2.251629
6893,2.584963
6894,2.584963
6895,2.251629
6896,2.251629
6897,1.918296
6898,1.918296
6899,2.251629
6900,1.792481
6901,1.792481
6902,2.251629
6903,2.584963
6904,2.584963
6905,2.584963
6906,2.584963
6907,2.251629
6908,2.251629
6909,1.918296
6910,2.251629
6911,2.251629
6912,1.918296
6913,1.918296
6914,2.251629
6915,2.251629
6916,2.251629
6917,2.584963
6918,2.584963
6919,2.251629
6920,2.251629
6921,2.251629
6922,1.792481
6923,1.792481
6924,1.792481
6925,2.251629
6926,2.251629
6927,2.584963
6928,2.584963
6929,2.251629
6930,1.918296
6931,1.918296
6932,1.918296
6933,2.251629
6934,2.584963
6935,2.251629
6936,2.251629
6937,2.251629
6938,1.792481
6939,2.251629
6940,2.251629
6941,2.251629
6942,2.584963
6943,2.251629
6944,1.792481
6945,1.251629
6946,1.792481
6947,1.792481
6948,1.792481
6949,1.918296
6950,2.251629
6951,2.251629
6952,2.251629
6953,2.251629
6954,2.251629
6955,2.251629
6956,2.251629
6957,1.918296
6958,2.251629
6959,2.251629
6960,1.918296
6961,2.251629
6962,2.251629
6963,2.251629
6964,2.251629
6965,1.918296
6966,1.918296
6967,1.792481
6968,1.792481
6969,1.251629
6970,1.459148
6971,1.918296
6972,1.918296
6973,1.918296
6974,2.251629
6975,1.918296
6976,2.251629
6977,2.251629
6978,2.251629
6979,1.792481
6980,1.792481
6981,1.792481
6982,2.251629
6983,2.584963
6984,2.584963
6985,2.251629
6986,2.251629
6987,1.792481
6988,1.459148
6989,1.918296
6990,2.251629
6991,2.584963
6992,2.584963
6993,2.251629
6994,2.251629
6995,2.251629
6996,2.251629
6997,2.251629
6998,2.251629
6999,2.251629
7000,2.251629
7001,1.918296
7002,1.918296
7003,1.918296
7004,1.918296
7005,2.251629
7006,2.584963
7007,2.584963
7008,2.584963
7009,2.584963
7010,2.251629
7011,1.918296
7012,2.251629
7013,2.251629
7014,2.251629
7015,2.251629
7016,2.251629
7017,2.251629
7018,2.251629
7019,2.251629
7020,2.251629
7021,2.251629
7022,2.251629
7023,1.792481
7024,2.251629
7025,1.792481
7026,1.459148
7027,1.918296
7028,1.918296
7029,2.251629
7030,1.918296
7031,1.918296
7032,2.251629
7033,2.251629
7034,2.251629
7035,2.584963
7036,2.584963
7037,2.584963
7038,2.251629
7039,2.251629
7040,2.251629
7041,2.584963
7042,2.584963
7043,2.584963
7044,2.584963
7045,2.584963
7046,2.584963
7047,2.584963
7048,2.584963
7049,2.584963
7050,2.584963
7051,2.584963
7052,2.584963
7053,2.584963
7054,2.251629
7055,2.251629
7056,2.251629
7057,2.251629
7058,2.584963
7059,2.251629
7060,2.251629
7061,2.251629
7062,2.251629
7063,2.251629
7064,1.918296
7065,2.251629
7066,2.584963
7067,2.251629
7068,2.251629
7069,2.251629
7070,1.918296
7071,1.918296
7072,2.251629
7073,2.584963
7074,2.584963
7075,2.251629
7076,2.251629
7077,1.792481
7078,1.792481
7079,1.792481
7080,1.792481
7081,2.251629
7082,2.251629
7083,2.584963
7084,2.584963
7085,2.251629
7086,2.251629
7087,2.251629
7088,2.584963
7089,2.584963
7090,2.251629
7091,2.251629
7092,2.251629
7093,1.918296
7094,1.459148
7095,1.792481
7096,1.792481
7097,2.251629
7098,1.792481
7099,1.792481
7100,1.918296
7101,1.918296
7102,1.792481
7103,1.251629
7104,1.792481
7105,2.251629
7106,2.251629
7107,1.918296
7108,2.251629
7109,1.918296
7110,2.251629
7111,2.251629
7112,2.251629
7113,2.251629
7114,2.584963
7115,2.584963
7116,2.584963
7117,2.251629
7118,2.251629
7119,2.251629
7120,2.584963
7121,2.251629
7122,2.251629
7123,2.251629
7124,1.918296
7125,1.918296
7126,1.459148
7127,1.000000
7128,1.000000
7129,1.000000
7130,1.459148
7131,1.459148
7132,1.918296
7133,2.251629
7134,2.251629
7135,2.251629
7136,2.251629
7137,2.251629
7138,2.584963
7139,2.584963
7140,2.251629
7141,2.251629
7142,2.251629
7143,1.918296
7144,1.459148
7145,1.918296
7146,2.251629
7147,2.251629
7148,2.251629
7149,2.251629
7150,2.251629
7151,2.251629
7152,2.251629
7153,2.251629
7154,1.792481
7155,1.792481
7156,2.251629
7157,2.584963
7158,2.584963
7159,2.251629
7160,1.918296
7161,2.251629
7162,2.251629
7163,2.251629
7164,2.251629
7165,2.251629
7166,1.918296
7167,1.459148
7168,1.918296
7169,1.918296
7170,1.918296
7171,1.918296
7172,1.584963
7173,1.918296
7174,1.918296
7175,2.251629
7176,2.251629
7177,2.584963
7178,2.251629
7179,1.918296
7180,1.918296
7181,1.459148
7182,1.918296
7183,2.251629
7184,2.251629
7185,1.918296
7186,2.251629
7187,1.918296
7188,2.251629
7189,2.584963
7190,2.251629
7191,2.251629
7192,1.918296
7193,2.251629
7194,2.251629
7195,2.251629
7196,2.584963
7197,2.584963
7198,2.251629
7199,2.584963
7200,2.584963
7201,2.584963
7202,2.251629
7203,2.584963
7204,2.251629
7205,2.251629
7206,2.251629
7207,2.251629
7208,1.918296
7209,1.792481
7210,1.792481
7211,1.918296
7212,1.918296
7213,2.251629
7214,1.918296
7215,1.459148
7216,1.459148
7217,1.918296
7218,1.918296
7219,1.918296
7220,1.918296
7221,2.251629
7222,1.918296
7223,2.251629
7224,2.251629
7225,1.918296
7226,2.251629
7227,2.251629
7228,2.584963
7229,2.251629
7230,1.918296
7231,2.251629
7232,2.251629
7233,2.251629
7234,2.251629
7235,2.251629
7236,2.584963
7237,2.584963
7238,2.584963
7239,2.584963
7240,2.251629
7241,2.251629
7242,1.918296
7243,1.459148
7244,1.584963
7245,1.918296
7246,1.584963
7247,1.918296
7248,2.251629
7249,2.251629
7250,2.251629
7251,2.251629
7252,2.251629
7253,2.251629
7254,1.918296
7255,1.918296
7256,1.918296
7257,1.918296
7258,2.251629
7259,2.251629
7260,2.251629
7261,1.918296
7262,1.918296
7263,1.918296
7264,1.918296
7265,2.251629
7266,2.584963
7267,2.584963
7268,2.584963
7269,2.251629
7270,1.918296
7271,1.918296
7272,2.251629
7273,1.918296
7274,1.918296
7275,1.918296
7276,1.918296
7277,2.251629
7278,2.251629
7279,1.918296
7280,1.459148
7281,1.459148
7282,1.792481
7283,2.251629
7284,2.251629
7285,2.251629
7286,1.918296
7287,2.251629
7288,2.584963
7289,2.584963
7290,2.584963
7291,2.251629
7292,2.251629
7293,2.251629
7294,2.584963
7295,2.251629
7296,2.251629
7297,1.792481
7298,1.459148
7299,1.459148
7300,1.918296
7301,1.918296
7302,1.918296
7303,1.918296
7304,2.251629
7305,1.918296
7306,2.251629
7307,2.251629
7308,2.251629
7309,2.251629
7310,1.918296
7311,2.251629
7312,2.584963
7313,2.251629
7314,2.584963
7315,2.584963
7316,2.584963
7317,2.584963
7318,2.251629
7319,1.918296
7320,1.918296
7321,1.918296
7322,2.251629
7323,2.251629
7324,1.792481
7325,1.792481
7326,1.459148
7327,1.918296
7328,2.251629
7329,2.584963
7330,2.584963
7331,2.251629
7332,1.792481
7333,2.251629
7334,2.251629
7335,2.251629
7336,1.918296
7337,1.918296
7338,1.459148
7339,1.918296
7340,1.918296
7341,2.251629
7342,1.918296
7343,2.251629
7344,1.918296
7345,2.251629
7346,2.584963
7347,2.251629
7348,2.584963
7349,2.584963
7350,2.584963
7351,2.584963
7352,2.584963
7353,2.251629
7354,1.792481
7355,1.459148
7356,1.792481
7357,2.251629
7358,1.918296
7359,2.251629
7360,1.918296
7361,2.251629
7362,1.918296
7363,2.251629
7364,2.251629
7365,2.251629
7366,2.251629
7367,2.584963
7368,2.584963
7369,2.584963
7370,2.584963
7371,2.584963
7372,2.251629
7373,2.251629
7374,1.918296
7375,2.251629
7376,2.251629
7377,2.251629
7378,1.918296
7379,2.251629
7380,2.251629
7381,1.918296
7382,1.792481
7383,1.792481
7384,1.251629
7385,1.251629
7386,1.459148
7387,1.459148
7388,1.918296
7389,2.251629
7390,2.251629
7391,2.251629
7392,2.251629
7393,1.918296
7394,1.584963
7395,1.918296
7396,1.918296
7397,2.251629
7398,2.251629
7399,2.251629
7400,2.251629
7401,2.251629
7402,2.251629
7403,1.918296
7404,1.918296
7405,2.251629
7406,2.251629
7407,2.251629
7408,2.251629
7409,1.918296
7410,1.584963
7411,1.918296
7412,2.251629
7413,2.584963
7414,2.251629
7415,2.251629
7416,1.918296
7417,1.792481
7418,2.251629
7419,2.251629
7420,2.584963
7421,2.251629
7422,1.918296
7423,2.251629
7424,2.251629
7425,2.251629
7426,2.251629
7427,2.251629
7428,2.251629
7429,2.251629
7430,1.918296
7431,1.459148
7432,1.918296
7433,2.251629
7434,1.918296
7435,1.792481
7436,1.792481
7437,1.251629
7438,0.918296
7439,1.459148
7440,1.918296
7441,2.251629
7442,2.251629
7443,2.251629
7444,1.918296
7445,1.459148
7446,1.584963
7447,1.918296
7448,2.251629
7449,2.251629
7450,1.792481
7451,1.792481
7452,1.918296
7453,1.918296
7454,1.584963
7455,1.918296
7456,1.918296
7457,1.918296
7458,1.918296
7459,2.251629
7460,2.251629
7461,2.251629
7462,2.251629
7463,2.251629
7464,2.251629
7465,2.251629
7466,2.251629
7467,2.251629
7468,2.251629
7469,1.792481
7470,2.251629
7471,1.918296
7472,1.792481
7473,1.792481
7474,1.792481
7475,1.792481
7476,2.251629
7477,2.584963
7478,2.251629
7479,2.251629
7480,2.251629
7481,2.251629
7482,2.251629
7483,2.584963
7484,2.584963
7485,2.584963
7486,2.584963
7487,2.251629
7488,1.792481
7489,2.251629
7490,2.251629
7491,2.251629
7492,1.918296
7493,1.918296
7494,2.251629
7495,2.251629
7496,2.251629
7497,2.584963
7498,2.584963
7499,2.251629
7500,2.251629
7501,2.251629
7502,1.792481
7503,1.792481
7504,2.251629
7505,2.251629
7506,2.251629
7507,2.251629
7508,1.918296
7509,1.918296
7510,1.918296
7511,1.918296
7512,1.918296
7513,1.918296
7514,2.251629
7515,1.918296
7516,2.251629
7517,2.251629
7518,2.251629
7519,2.251629
7520,2.251629
7521,1.918296
7522,1.792481
7523,1.792481
7524,1.459148
7525,1.459148
7526,1.459148
7527,1.459148
7528,1.459148
7529,1.792481
7530,1.792481
7531,2.251629
7532,2.584963
7533,2.251629
7534,2.251629
7535,2.251629
7536,2.584963
7537,2.251629
7538,1.792481
7539,2.251629
7540,2.251629
7541,1.918296
7542,1.918296
7543,2.251629
7544,1.918296
7545,1.918296
7546,2.251629
7547,2.251629
7548,2.251629
7549,2.584963
7550,2.251629
7551,2.251629
7552,1.918296
7553,1.918296
7554,1.918296
7555,1.918296
7556,1.792481
7557,1.459148
7558,1.251629
7559,1.251629
7560,1.459148
7561,1.918296
7562,2.251629
7563,1.918296
7564,1.459148
7565,1.792481
7566,1.251629
7567,1.792481
7568,1.251629
7569,1.792481
7570,2.251629
7571,2.251629
7572,2.584963
7573,2.251629
7574,2.251629
7575,1.918296
7576,1.918296
7577,2.251629
7578,2.251629
7579,2.584963
7580,2.584963
7581,2.584963
7582,2.251629
7583,1.918296
7584,2.251629
7585,2.251629
7586,1.918296
7587,1.459148
7588,1.459148
7589,1.459148
7590,1.918296
7591,2.251629
7592,2.584963
7593,2.251629
7594,2.584963
7595,2.584963
7596,2.584963
7597,2.584963
7598,2.584963
7599,2.584963
7600,2.251629
7601,2.251629
7602,2.251629
7603,2.584963
7604,2.584963
7605,2.251629
7606,2.251629
7607,1.792481
7608,1.459148
7609,1.459148
7610,1.918296
7611,2.251629
7612,2.251629
7613,2.584963
7614,2.584963
7615,2.251629
7616,2.251629
7617,2.251629
7618,2.251629
7619,2.251629
7620,2.251629
7621,2.251629
7622,1.918296
7623,1.918296
7624,2.251629
7625,1.792481
7626,1.792481
7627,1.792481
7628,2.251629
7629,2.251629
7630,2.251629
7631,2.251629
7632,2.251629
7633,1.918296
7634,2.251629
7635,2.251629
7636,2.251629
7637,2.584963
7638,2.251629
7639,2.251629
7640,1.792481
7641,1.792481
7642,1.792481
7643,1.918296
7644,1.918296
7645,2.251629
7646,2.251629
7647,2.251629
7648,2.584963
7649,2.251629
7650,2.251629
7651,2.251629
7652,2.251629
7653,1.918296
7654,2.251629
7655,1.918296
7656,1.918296
7657,1.918296
7658,1.792481
7659,1.792481
7660,1.792481
7661,2.251629
7662,2.251629
7663,1.918296
7664,2.251629
7665,1.918296
7666,1.918296
7667,1.918296
7668,1.918296
7669,1.918296
7670,2.251629
7671,2.251629
7672,2.584963
7673,2.584963
7674,2.584963
7675,2.251629
7676,1.918296
7677,2.251629
7678,2.584963
7679,2.251629
7680,2.584963
7681,2.251629
7682,2.251629
7683,2.251629
7684,1.918296
7685,2.251629
7686,1.918296
7687,1.918296
7688,1.792481
7689,1.459148
7690,1.459148
7691,1.918296
7692,1.918296
7693,1.918296
7694,1.918296
7695,1.918296
7696,2.251629
7697,2.251629
7698,2.251629
7699,1.918296
7700,2.251629
7701,2.251629
7702,2.251629
7703,1.918296
7704,1.918296
7705,1.918296
7706,2.251629
7707,2.251629
7708,1.792481
7709,2.251629
7710,1.792481
7711,1.792481
7712,1.792481
7713,2.251629
7714,2.584963
7715,2.584963
7716,2.584963
7717,2.251629
7718,2.251629
7719,2.251629
7720,2.584963
7721,2.251629
7722,2.584963
7723,2.584963
7724,2.251629
7725,2.251629
7726,2.584963
7727,2.584963
7728,2.251629
7729,2.251629
7730,1.792481
7731,1.792481
7732,1.792481
7733,2.251629
7734,2.251629
7735,2.251629
7736,1.918296
7737,1.918296
7738,1.459148
7739,1.584963
7740,1.918296
7741,1.918296
7742,1.918296
7743,1.918296
7744,2.251629
7745,2.584963
7746,2.251629
7747,2.251629
7748,2.251629
7749,2.251629
7750,2.251629
7751,2.251629
7752,1.918296
7753,1.918296
7754,2.251629
7755,1.792481
7756,1.459148
7757,1.459148
7758,1.792481
7759,2.251629
7760,2.251629
7761,1.918296
7762,1.918296
7763,1.918296
7764,2.251629
7765,2.584963
7766,2.251629
7767,2.251629
7768,2.251629
7769,2.251629
7770,2.251629
7771,2.584963
7772,2.584963
7773,2.251629
7774,2.251629
7775,1.918296
7776,1.459148
7777,1.792481
7778,1.918296
7779,1.918296
7780,2.251629
7781,2.251629
7782,1.792481
7783,1.792481
7784,1.792481
7785,1.918296
7786,2.251629
7787,2.251629
7788,2.251629
7789,2.251629
7790,2.251629
7791,2.584963
7792,2.251629
7793,1.918296
7794,2.251629
7795,2.584963
7796,2.584963
7797,2.584963
7798,2.251629
7799,1.792481
7800,1.918296
7801,1.918296
7802,1.918296
7803,1.792481
7804,1.918296
7805,2.251629
7806,2.251629
7807,2.584963
7808,2.584963
7809,2.584963
7810,2.251629
7811,1.918296
7812,1.918296
7813,2.251629
7814,1.918296
7815,2.251629
7816,1.918296
7817,1.459148
7818,1.792481
7819,1.459148
7820,1.459148
7821,1.918296
7822,1.918296
7823,1.918296
7824,1.918296
7825,1.918296
7826,2.251629
7827,2.251629
7828,2.251629
7829,2.584963
7830,2.584963
7831,2.251629
7832,1.792481
7833,2.251629
7834,1.918296
7835,1.918296
7836,1.584963
7837,1.918296
7838,1.918296
7839,2.251629
7840,1.792481
7841,2.251629
7842,2.584963
7843,2.584963
7844,2.251629
7845,2.251629
7846,2.251629
7847,2.251629
7848,1.918296
7849,1.918296
7850,2.251629
7851,2.251629
7852,2.251629
7853,1.918296
7854,1.459148
7855,1.792481
7856,1.792481
7857,1.918296
7858,1.918296
7859,1.918296
7860,2.251629
7861,2.251629
7862,2.251629
7863,2.584963
7864,2.584963
7865,2.251629
7866,1.918296
7867,1.459148
7868,1.459148
7869,1.459148
7870,1.584963
7871,1.918296
7872,2.251629
7873,1.918296
7874,1.918296
7875,2.251629
7876,1.792481
7877,1.459148
7878,1.918296
7879,2.251629
7880,1.918296
7881,2.251629
7882,2.251629
7883,2.251629
7884,2.251629
7885,2.584963
7886,2.251629
7887,2.251629
7888,2.251629
7889,2.251629
7890,2.251629
7891,2.584963
7892,2.584963
7893,2.584963
7894,2.251629
7895,2.584963
7896,2.584963
7897,2.251629
7898,1.918296
7899,1.918296
7900,1.918296
7901,1.792481
7902,1.251629
7903,1.792481
7904,1.792481
7905,2.251629
7906,2.251629
7907,2.584963
7908,2.584963
7909,2.251629
7910,2.251629
7911,2.584963
7912,2.251629
7913,1.918296
7914,2.251629
7915,2.251629
7916,2.251629
7917,2.251629
7918,2.251629
7919,2.251629
7920,2.251629
7921,2.584963
7922,2.584963
7923,2.584963
7924,2.584963
7925,2.251629
7926,2.251629
7927,2.251629
7928,2.251629
7929,2.251629
7930,2.251629
7931,2.251629
7932,2.251629
7933,2.251629
7934,1.918296
7935,1.918296
7936,2.251629
7937,2.584963
7938,2.251629
7939,2.251629
7940,2.251629
7941,1.792481
7942,1.918296
7943,1.918296
7944,2.251629
7945,2.584963
7946,2.584963
7947,2.251629
7948,2.251629
7949,2.251629
7950,2.584963
7951,2.584963
7952,2.251629
7953,2.251629
7954,2.251629
7955,2.251629
7956,2.251629
7957,2.251629
7958,2.251629
7959,1.918296
7960,2.251629
7961,2.251629
7962,1.918296
7963,1.792481
7964,1.792481
7965,1.792481
7966,1.792481
7967,1.792481
7968,1.792481
7969,1.918296
7970,1.792481
7971,1.792481
7972,2.251629
7973,1.918296
7974,1.918296
7975,1.584963
7976,1.918296
7977,1.918296
7978,2.251629
7979,2.251629
7980,2.251629
7981,2.251629
7982,2.251629
7983,2.251629
7984,1.918296
7985,1.792481
7986,2.251629
7987,2.251629
7988,2.251629
7989,1.792481
7990,2.251629
7991,2.251629
7992,1.918296
7993,1.918296
7994,1.918296
7995,2.251629
7996,2.584963
7997,2.251629
7998,2.251629
7999,2.251629
8000,2.251629
8001,2.251629
8002,2.584963
8003,2.584963
8004,2.251629
8005,2.251629
8006,2.251629
8007,2.251629
8008,2.251629
8009,2.584963
8010,2.251629
8011,2.251629
8012,1.918296
8013,1.918296
8014,1.918296
8015,1.918296
8016,1.918296
8017,1.792481
8018,1.792481
8019,2.251629
8020,2.251629
8021,2.251629
8022,2.251629
8023,1.918296
8024,1.918296
8025,1.918296
8026,1.792481
8027,1.792481
8028,1.459148
8029,1.459148
8030,1.918296
8031,2.251629
8032,2.251629
8033,2.584963
8034,2.251629
8035,2.251629
8036,1.918296
8037,1.918296
8038,2.251629
8039,1.918296
8040,2.251629
8041,1.918296
8042,2.251629
8043,2.251629
8044,2.251629
8045,2.251629
8046,1.918296
8047,1.918296
8048,2.251629
8049,2.251629
8050,2.584963
8051,2.584963
8052,2.584963
8053,2.584963
8054,2.584963
8055,2.251629
8056,2.251629
8057,1.918296
8058,1.459148
8059,1.792481
8060,1.792481
8061,1.918296
8062,1.459148
8063,1.459148
8064,1.459148
8065,1.918296
8066,2.251629
8067,2.584963
8068,2.251629
8069,2.251629
8070,2.251629
8071,2.251629
8072,2.251629
8073,2.251629
8074,2.251629
8075,2.251629
8076,1.792481
8077,1.459148
8078,1.459148
8079,1.459148
8080,1.918296
8081,1.918296
8082,2.251629
8083,1.792481
8084,1.918296
8085,1.792481
8086,1.792481
8087,1.792481
8088,1.792481
8089,1.792481
8090,1.918296
8091,1.792481
8092,1.459148
8093,1.918296
8094,1.918296
8095,2.251629
8096,2.584963
8097,2.251629
8098,2.251629
8099,2.251629
8100,2.251629
8101,2.251629
8102,2.584963
8103,2.584963
8104,2.584963
8105,2.584963
8106,2.584963
8107,2.584963
8108,2.251629
8109,2.251629
8110,2.251629
8111,2.251629
8112,1.918296
8113,2.251629
8114,1.918296
8115,1.792481
8116,1.459148
8117,1.459148
8118,0.918296
8119,1.459148
8120,1.792481
8121,1.792481
8122,1.918296
8123,2.251629
8124,1.918296
8125,1.918296
8126,1.918296
8127,1.584963
8128,1.918296
8129,2.251629
8130,1.918296
8131,2.251629
8132,2.251629
8133,1.792481
8134,1.918296
8135,1.918296
8136,2.251629
8137,2.251629
8138,2.251629
8139,2.251629
8140,1.918296
8141,2.251629
8142,2.251629
8143,2.251629
8144,2.251629
8145,2.251629
8146,2.251629
8147,1.792481
8148,1.792481
8149,1.918296
8150,2.251629
8151,2.584963
8152,2.251629
8153,2.251629
8154,2.251629
8155,2.251629
8156,1.792481
8157,2.251629
8158,1.792481
8159,1.792481
8160,1.792481
8161,1.918296
8162,2.251629
8163,1.918296
8164,1.584963
8165,1.918296
8166,2.251629
8167,2.251629
8168,2.251629
8169,1.792481
8170,1.792481
8171,1.792481
8172,2.251629
8173,2.251629
8174,2.251629
8175,1.918296
8176,1.918296
8177,2.251629
8178,1.918296
8179,2.251629
8180,2.584963
8181,2.251629
8182,1.792481
8183,2.251629
8184,1.918296
8185,1.918296
8186,2.251629
8187,2.584963
8188,2.584963
8189,2.251629
8190,2.251629
8191,1.918296
8192,1.584963
8193,1.918296
8194,1.792481
8195,1.792481
8196,2.251629
8197,2.251629
8198,2.251629
8199,2.251629
8200,2.251629
8201,1.918296
8202,1.918296
8203,1.918296
8204,2.251629
8205,1.918296
8206,2.251629
8207,2.251629
8208,2.251629
8209,2.251629
8210,2.584963
8211,2.584963
8212,2.584963
8213,2.584963
8214,2.584963
8215,2.584963
8216,2.251629
8217,2.251629
8218,2.251629
8219,1.792481
8220,2.251629
8221,2.251629
8222,1.918296
8223,2.251629
8224,2.251629
8225,2.251629
8226,2.251629
8227,2.584963
8228,2.251629
8229,2.584963
8230,2.584963
8231,2.584963
8232,2.251629
8233,1.918296
8234,1.459148
8235,1.459148
8236,1.918296
8237,2.251629
8238,2.584963
8239,2.251629
8240,2.584963
8241,2.251629
8242,1.918296
8243,1.918296
8244,1.459148
8245,1.792481
8246,1.251629
8247,1.251629
8248,1.792481
8249,2.251629
8250,2.251629
8251,1.792481
8252,2.251629
8253,1.918296
8254,1.459148
8255,0.918296
8256,1.459148
8257,1.918296
8258,1.918296
8259,2.251629
8260,2.584963
8261,2.251629
8262,2.251629
8263,2.584963
8264,2.584963
8265,2.584963
8266,2.584963
8267,2.584963
8268,2.251629
8269,2.251629
8270,1.918296
8271,2.251629
8272,1.918296
8273,2.251629
8274,2.584963
8275,2.251629
8276,2.251629
8277,2.251629
8278,1.792481
8279,1.918296
8280,1.459148
8281,1.459148
8282,1.459148
8283,1.459148
8284,1.792481
8285,2.251629
8286,2.251629
8287,2.584963
8288,2.584963
8289,2.584963
8290,2.584963
8291,2.251629
8292,2.251629
8293,2.251629
8294,1.918296
8295,1.792481
8296,1.792481
8297,1.792481
8298,1.792481
8299,2.251629
8300,2.251629
8301,1.918296
8302,1.918296
8303,2.251629
8304,2.251629
8305,2.251629
8306,1.792481
8307,1.792481
8308,1.251629
8309,1.459148
8310,1.459148
8311,1.918296
8312,2.251629
8313,2.251629
8314,2.251629
8315,2.251629
8316,2.251629
8317,1.918296
8318,1.918296
8319,1.792481
8320,2.251629
8321,2.251629
8322,2.251629
8323,2.251629
8324,2.251629
8325,2.251629
8326,1.918296
8327,2.251629
8328,1.918296
8329,1.918296
8330,1.918296
8331,1.792481
8332,1.459148
8333,1.918296
8334,2.251629
8335,2.251629
8336,1.918296
8337,1.918296
8338,1.918296
8339,2.251629
8340,2.251629
8341,1.918296
8342,2.251629
8343,2.251629
8344,2.584963
8345,2.251629
8346,2.251629
8347,2.584963
8348,2.584963
8349,2.584963
8350,2.251629
8351,2.251629
8352,2.251629
8353,1.918296
8354,1.584963
8355,1.918296
8356,2.251629
8357,2.251629
8358,2.584963
8359,2.251629
8360,2.251629
8361,1.918296
8362,1.918296
8363,1.792481
8364,2.251629
8365,2.251629
8366,2.251629
8367,2.584963
8368,2.584963
8369,2.251629
8370,1.918296
8371,1.918296
8372,2.251629
8373,2.251629
8374,2.251629
8375,2.584963
8376,2.251629
8377,2.251629
8378,2.251629
8379,1.918296
8380,2.251629
8381,1.918296
8382,1.584963
8383,1.918296
8384,2.251629
8385,2.251629
8386,2.584963
8387,2.251629
8388,1.918296
8389,1.918296
8390,1.918296
8391,1.459148
8392,1.792481
8393,1.792481
8394,2.251629
8395,2.251629
8396,2.251629
8397,2.251629
8398,2.251629
8399,2.251629
8400,2.251629
8401,2.251629
8402,2.251629
8403,1.792481
8404,1.792481
8405,1.792481
8406,1.792481
8407,2.251629
8408,2.251629
8409,2.251629
8410,2.251629
8411,1.792481
8412,1.251629
8413,1.251629
8414,1.251629
8415,1.792481
8416,2.251629
8417,2.584963
8418,2.251629
8419,1.792481
8420,1.459148
8421,1.459148
8422,1.792481
8423,2.251629
8424,2.251629
8425,1.792481
8426,2.251629
8427,2.251629
8428,2.251629
8429,2.251629
8430,2.251629
8431,2.251629
8432,1.918296
8433,1.792481
8434,1.918296
8435,1.918296
8436,1.459148
8437,1.000000
8438,1.459148
8439,1.792481
8440,2.251629
8441,2.584963
8442,2.584963
8443,2.251629
8444,2.251629
8445,2.251629
8446,2.251629
8447,2.251629
8448,1.792481
8449,1.792481
8450,1.792481
8451,1.792481
8452,1.792481
8453,2.251629
8454,2.584963
8455,2.251629
8456,2.251629
8457,1.918296
8458,2.251629
8459,2.251629
8460,1.918296
8461,2.251629
8462,2.584963
8463,2.251629
8464,2.251629
8465,2.251629
8466,1.918296
8467,2.251629
8468,1.918296
8469,1.918296
8470,1.918296
8471,2.251629
8472,1.918296
8473,1.792481
8474,1.792481
8475,1.792481
8476,1.792481
8477,2.251629
8478,2.251629
8479,1.918296
8480,1.918296
8481,1.918296
8482,1.918296
8483,1.792481
8484,1.459148
8485,1.918296
8486,2.251629
8487,2.251629
8488,2.251629
8489,1.792481
8490,1.792481
8491,2.251629
8492,2.251629
8493,2.251629
8494,2.251629
8495,1.918296
8496,1.918296
8497,2.251629
8498,2.251629
8499,2.251629
8500,2.251629
8501,2.251629
8502,2.251629
8503,2.251629
8504,2.251629
8505,2.251629
8506,2.251629
8507,1.792481
8508,1.792481
8509,2.251629
8510,2.251629
8511,2.584963
8512,2.251629
8513,2.251629
8514,2.251629
8515,2.584963
8516,2.251629
8517,2.251629
8518,2.251629
8519,1.918296
8520,1.459148
8521,1.918296
8522,2.251629
8523,2.584963
8524,2.251629
8525,2.584963
8526,2.584963
8527,2.584963
8528,2.251629
8529,1.918296
8530,2.251629
8531,2.251629
8532,2.251629
8533,1.918296
8534,1.459148
8535,0.918296
8536,1.459148
8537,1.792481
8538,1.918296
8539,1.918296
8540,1.918296
8541,2.251629
8542,2.251629
8543,2.251629
8544,2.251629
8545,2.251629
8546,2.251629
8547,1.918296
8548,1.584963
8549,1.584963
8550,1.918296
8551,1.918296
8552,1.918296
8553,2.251629
8554,2.251629
8555,2.251629
8556,2.251629
8557,1.918296
8558,1.918296
8559,2.251629
8560,1.918296
8561,2.251629
8562,2.251629
8563,2.251629
8564,2.251629
8565,1.918296
8566,2.251629
8567,2.251629
8568,2.584963
8569,2.584963
8570,2.584963
8571,2.584963
8572,2.251629
8573,2.251629
8574,2.251629
8575,2.251629
8576,2.251629
8577,2.251629
8578,2.584963
8579,2.251629
8580,2.251629
8581,2.584963
8582,2.584963
8583,2.251629
8584,2.584963
8585,2.251629
8586,1.918296
8587,2.251629
8588,1.918296
8589,2.251629
8590,2.251629
8591,2.251629
8592,1.918296
8593,1.918296
8594,2.251629
8595,2.251629
8596,2.584963
8597,2.251629
8598,2.251629
8599,1.918296
8600,2.251629
8601,2.251629
8602,2.251629
8603,2.251629
8604,2.251629
8605,2.251629
8606,2.584963
8607,2.584963
8608,2.251629
8609,1.918296
8610,1.918296
8611,1.918296
8612,1.918296
8613,2.251629
8614,2.584963
8615,2.251629
8616,2.251629
8617,2.251629
8618,2.251629
8619,2.251629
8620,1.918296
8621,1.584963
8622,1.584963
8623,1.459148
8624,1.459148
8625,1.459148
8626,1.584963
8627,1.459148
8628,1.918296
8629,2.251629
8630,2.251629
8631,2.251629
8632,2.251629
8633,2.251629
8634,2.251629
8635,1.918296
8636,2.251629
8637,1.792481
8638,1.792481
8639,2.251629
8640,2.251629
8641,2.251629
8642,2.251629
8643,2.251629
8644,2.251629
8645,1.918296
8646,2.251629
8647,1.792481
8648,1.792481
8649,1.792481
8650,1.251629
8651,1.792481
8652,1.792481
8653,1.918296
8654,1.918296
8655,2.251629
8656,2.251629
8657,2.584963
8658,2.251629
8659,2.251629
8660,2.251629
8661,1.792481
8662,1.459148
8663,1.459148
8664,1.000000
8665,1.459148
8666,1.459148
8667,1.792481
8668,2.251629
8669,2.251629
8670,2.251629
8671,1.792481
8672,1.792481
8673,1.792481
8674,2.251629
8675,2.584963
8676,2.584963
8677,2.584963
8678,2.584963
8679,2.584963
8680,2.251629
8681,1.918296
8682,1.459148
8683,1.459148
8684,1.459148
8685,1.792481
8686,1.792481
8687,2.251629
8688,2.251629
8689,1.918296
8690,1.918296
8691,1.918296
8692,1.918296
8693,2.251629
8694,2.251629
8695,2.251629
8696,2.584963
8697,2.251629
8698,1.918296
8699,2.251629
8700,2.584963
8701,2.251629
8702,2.584963
8703,2.584963
8704,2.251629
8705,2.251629
8706,2.251629
8707,2.584963
8708,2.584963
8709,2.251629
8710,2.251629
8711,2.584963
8712,2.584963
8713,2.251629
8714,2.251629
8715,1.918296
8716,1.918296
8717,1.918296
8718,1.918296
8719,2.251629
8720,2.251629
8721,2.251629
8722,2.251629
8723,2.584963
8724,2.584963
8725,2.584963
8726,2.584963
8727,2.584963
8728,2.251629
8729,2.251629
8730,2.251629
8731,2.251629
8732,1.792481
8733,1.918296
8734,1.918296
8735,2.251629
8736,1.918296
8737,2.251629
8738,2.584963
8739,2.251629
8740,2.251629
8741,2.251629
8742,2.251629
8743,2.251629
8744,2.251629
8745,2.251629
8746,1.918296
8747,2.251629
8748,2.251629
8749,2.584963
8750,2.584963
8751,2.584963
8752,2.251629
8753,2.251629
8754,2.584963
8755,2.251629
8756,1.792481
8757,1.792481
8758,1.792481
8759,2.251629
8760,1.918296
8761,2.251629
8762,1.918296
8763,1.918296
8764,2.251629
8765,2.251629
8766,2.251629
8767,2.251629
8768,1.918296
8769,1.918296
8770,1.918296
8771,1.918296
8772,2.251629
8773,2.251629
8774,2.584963
8775,2.584963
8776,2.251629
8777,2.251629
8778,2.251629
8779,2.251629
8780,2.251629
8781,2.251629
8782,1.918296
8783,1.918296
8784,1.792481
8785,1.918296
8786,1.584963
8787,1.918296
8788,1.918296
8789,1.918296
8790,1.918296
8791,1.918296
8792,1.918296
8793,2.251629
8794,1.792481
8795,2.251629
8796,2.251629
8797,2.251629
8798,2.584963
8799,2.584963
8800,2.251629
8801,1.918296
8802,1.918296
8803,2.251629
8804,2.584963
8805,2.251629
8806,1.918296
8807,1.918296
8808,1.918296
8809,1.918296
8810,1.918296
8811,1.918296
8812,1.918296
8813,2.251629
8814,2.251629
8815,2.584963
8816,2.251629
8817,2.251629
8818,1.918296
8819,1.584963
8820,1.918296
8821,2.251629
8822,2.251629
8823,2.251629
8824,2.584963
8825,2.251629
8826,2.251629
8827,2.251629
8828,1.918296
8829,2.251629
8830,2.251629
8831,1.918296
8832,1.918296
8833,2.251629
8834,2.251629
8835,2.251629
8836,2.251629
8837,1.918296
8838,1.918296
8839,1.918296
8840,1.918296
8841,2.251629
8842,2.251629
8843,1.918296
8844,1.918296
8845,2.251629
8846,2.251629
8847,2.251629
8848,2.251629
8849,2.251629
8850,2.584963
8851,2.251629
8852,2.251629
8853,2.251629
8854,2.584963
8855,2.584963
8856,2.584963
8857,2.251629
8858,2.251629
8859,2.584963
8860,2.584963
8861,2.251629
8862,2.251629
8863,2.251629
8864,2.584963
8865,2.584963
8866,2.251629
8867,2.251629
8868,1.918296
8869,1.459148
8870,1.459148
8871,1.459148
8872,0.918296
8873,1.251629
8874,1.251629
8875,1.792481
8876,1.792481
8877,2.251629
8878,2.584963
8879,2.584963
8880,2.584963
8881,2.251629
8882,2.251629
8883,2.251629
8884,1.918296
8885,1.918296
8886,2.251629
8887,2.251629
8888,2.251629
8889,2.251629
8890,2.251629
8891,2.584963
8892,2.584963
8893,2.251629
8894,2.251629
8895,2.251629
8896,1.918296
8897,2.251629
8898,2.251629
8899,2.251629
8900,2.251629
8901,2.584963
8902,2.584963
8903,2.251629
8904,2.251629
8905,2.251629
8906,1.918296
8907,1.918296
8908,2.251629
8909,2.251629
8910,1.918296
8911,2.251629
8912,2.251629
8913,1.792481
8914,2.251629
8915,2.251629
8916,2.251629
8917,1.792481
8918,1.918296
8919,1.459148
8920,1.584963
8921,1.918296
8922,1.918296
8923,1.459148
8924,1.918296
8925,2.251629
8926,2.251629
8927,2.251629
8928,2.251629
8929,2.251629
8930,1.918296
8931,2.251629
8932,2.251629
8933,1.918296
8934,1.918296
8935,1.918296
8936,2.251629
8937,2.251629
8938,2.251629
8939,1.918296
8940,1.918296
8941,1.918296
8942,2.251629
8943,1.918296
8944,1.918296
8945,1.918296
8946,1.918296
8947,2.251629
8948,2.584963
8949,2.251629
8950,2.251629
8951,2.251629
8952,2.251629
8953,1.918296
8954,2.251629
8955,2.251629
8956,1.918296
8957,2.251629
8958,2.251629
8959,1.918296
8960,1.918296
8961,2.251629
8962,1.918296
8963,1.918296
8964,2.251629
8965,2.251629
8966,1.918296
8967,2.251629
8968,2.251629
8969,2.251629
8970,2.251629
8971,2.251629
8972,2.584963
8973,2.584963
8974,2.251629
8975,2.251629
8976,2.251629
8977,1.918296
8978,2.251629
8979,1.792481
8980,1.792481
8981,1.251629
8982,1.251629
8983,1.792481
8984,1.459148
8985,1.918296
8986,1.918296
8987,1.918296
8988,1.918296
8989,1.918296
8990,1.792481
8991,1.918296
8992,1.584963
8993,1.918296
8994,1.918296
8995,1.918296
8996,1.459148
8997,1.792481
8998,2.251629
8999,2.251629
9000,2.251629
9001,2.584963
9002,2.584963
9003,2.584963
9004,2.584963
9005,2.251629
9006,1.918296
9007,1.792481
9008,1.459148
9009,1.918296
9010,1.918296
9011,2.251629
9012,2.251629
9013,2.251629
9014,2.251629
9015,2.251629
9016,1.918296
9017,1.459148
9018,1.584963
9019,1.918296
9020,1.459148
9021,1.251629
9022,1.792481
9023,1.918296
9024,1.918296
9025,1.459148
9026,1.792481
9027,1.459148
9028,1.459148
9029,1.918296
9030,1.918296
9031,2.251629
9032,1.792481
9033,1.792481
9034,1.792481
9035,2.251629
9036,2.251629
9037,1.918296
9038,1.918296
9039,1.918296
9040,2.251629
9041,2.251629
9042,2.251629
9043,2.251629
9044,2.251629
9045,2.251629
9046,2.251629
9047,2.251629
9048,2.251629
9049,2.251629
9050,2.584963
9051,2.251629
9052,2.251629
9053,2.251629
9054,1.792481
9055,1.792481
9056,2.251629
9057,2.251629
9058,2.251629
9059,2.251629
9060,1.918296
9061,1.792481
9062,1.918296
9063,1.918296
9064,1.584963
9065,1.459148
9066,1.251629
9067,1.251629
9068,0.650022
9069,0.650022
9070,1.251629
9071,1.792481
9072,1.918296
9073,1.792481
9074,1.792481
9075,1.918296
9076,1.792481
9077,1.792481
9078,2.251629
9079,2.584963
9080,2.584963
9081,2.584963
9082,2.251629
9083,2.584963
9084,2.251629
9085,1.918296
9086,1.584963
9087,1.918296
9088,2.251629
9089,2.251629
9090,2.251629
9091,2.251629
9092,2.251629
9093,2.584963
9094,2.251629
9095,1.918296
9096,2.251629
9097,1.918296
9098,1.792481
9099,1.792481
9100,1.792481
9101,1.792481
9102,1.251629
9103,1.459148
9104,1.918296
9105,2.251629
9106,2.251629
9107,2.251629
9108,2.251629
9109,2.251629
9110,1.918296
9111,2.251629
9112,1.792481
9113,1.251629
9114,1.792481
9115,1.459148
9116,1.918296
9117,1.918296
9118,1.792481
9119,1.792481
9120,2.251629
9121,2.251629
9122,2.251629
9123,2.251629
9124,2.251629
9125,2.584963
9126,2.251629
9127,2.251629
9128,2.251629
9129,2.251629
9130,1.918296
9131,2.251629
9132,1.792481
9133,2.251629
9134,2.251629
9135,2.584963
9136,2.251629
9137,2.584963
9138,2.251629
9139,2.584963
9140,2.584963
9141,2.584963
9142,2.584963
9143,2.251629
9144,1.918296
9145,1.792481
9146,1.792481
9147,1.792481
9148,2.251629
9149,2.251629
9150,2.251629
9151,1.792481
9152,2.251629
9153,1.918296
9154,1.459148
9155,1.918296
9156,2.251629
9157,2.251629
9158,2.251629
9159,2.584963
9160,2.251629
9161,2.251629
9162,2.584963
9163,2.251629
9164,1.918296
9165,1.918296
9166,1.918296
9167,2.251629
9168,2.584963
9169,2.251629
9170,2.251629
9171,2.251629
9172,2.251629
9173,1.792481
9174,1.792481
9175,1.792481
9176,1.792481
9177,1.792481
9178,1.792481
9179,2.251629
9180,1.918296
9181,1.459148
9182,1.792481
9183,1.459148
9184,1.584963
9185,1.918296
9186,2.251629
9187,1.918296
9188,1.792481
9189,1.792481
9190,1.459148
9191,1.459148
9192,1.918296
9193,2.251629
9194,1.918296
9195,1.918296
9196,1.459148
9197,1.459148
9198,1.584963
9199,1.918296
9200,1.918296
9201,2.251629
9202,1.918296
9203,2.251629
9204,2.251629
9205,2.251629
9206,2.584963
9207,2.584963
9208,2.584963
9209,2.251629
9210,2.251629
9211,2.251629
9212,1.918296
9213,1.792481
9214,1.792481
9215,1.792481
9216,2.251629
9217,1.918296
9218,2.251629
9219,2.251629
9220,2.251629
9221,1.918296
9222,1.792481
9223,2.251629
9224,1.918296
9225,1.918296
9226,1.792481
9227,1.918296
9228,1.792481
9229,1.251629
9230,1.792481
9231,1.792481
9232,1.792481
9233,1.918296
9234,1.918296
9235,1.918296
9236,1.918296
9237,1.918296
9238,1.792481
9239,1.792481
9240,1.459148
9241,1.459148
9242,1.918296
9243,2.251629
9244,2.251629
9245,2.584963
9246,2.251629
9247,2.251629
9248,1.918296
9249,1.918296
9250,2.251629
9251,2.251629
9252,1.918296
9253,2.251629
9254,2.251629
9255,2.251629
9256,2.251629
9257,1.918296
9258,2.251629
9259,2.584963
9260,2.584963
9261,2.584963
9262,2.251629
9263,1.918296
9264,2.251629
9265,1.792481
9266,2.251629
9267,2.251629
9268,1.918296
9269,2.251629
9270,2.251629
9271,2.251629
9272,1.918296
9273,1.918296
9274,1.918296
9275,2.251629
9276,1.918296
9277,2.251629
9278,2.251629
9279,2.251629
9280,1.792481
9281,1.792481
9282,2.251629
9283,2.251629
9284,2.251629
9285,1.792481
9286,2.251629
9287,2.584963
9288,2.251629
9289,2.251629
9290,1.792481
9291,2.251629
9292,2.251629
9293,2.251629
9294,2.584963
9295,2.584963
9296,2.251629
9297,2.251629
9298,2.251629
9299,1.792481
9300,1.792481
9301,2.251629
9302,2.251629
9303,1.918296
9304,2.251629
9305,2.584963
9306,2.251629
9307,2.251629
9308,2.251629
9309,2.251629
9310,1.918296
9311,1.918296
9312,2.251629
9313,2.584963
9314,2.251629
9315,2.251629
9316,2.251629
9317,2.251629
9318,2.251629
9319,1.792481
9320,1.792481
9321,1.792481
9322,2.251629
9323,2.584963
9324,2.251629
9325,1.918296
9326,1.918296
9327,1.918296
9328,1.918296
9329,2.251629
9330,2.584963
9331,2.584963
9332,2.251629
9333,2.251629
9334,2.251629
9335,2.251629
9336,2.251629
9337,2.251629
9338,2.251629
9339,2.251629
9340,2.251629
9341,2.584963
9342,2.584963
9343,2.251629
9344,2.251629
9345,1.918296
9346,1.918296
9347,1.918296
9348,2.251629
9349,2.251629
9350,2.251629
9351,2.251629
9352,2.251629
9353,2.251629
9354,2.584963
9355,2.584963
9356,2.251629
9357,2.251629
9358,2.251629
9359,2.584963
9360,2.584963
9361,2.251629
9362,1.792481
9363,1.251629
9364,1.251629
9365,1.792481
9366,1.792481
9367,2.251629
9368,2.251629
9369,2.251629
9370,1.918296
9371,2.251629
9372,1.918296
9373,1.792481
9374,1.459148
9375,1.251629
9376,1.792481
9377,1.792481
9378,1.792481
9379,1.918296
9380,2.251629
9381,2.251629
9382,2.251629
9383,1.918296
9384,2.251629
9385,2.251629
9386,2.251629
9387,2.584963
9388,2.584963
9389,2.251629
9390,1.918296
9391,1.792481
9392,2.251629
9393,2.251629
9394,1.918296
9395,1.918296
9396,2.251629
9397,2.251629
9398,2.251629
9399,2.251629
9400,1.918296
9401,2.251629
9402,2.251629
9403,1.918296
9404,1.918296
9405,2.251629
9406,1.792481
9407,2.251629
9408,1.918296
9409,1.918296
9410,1.918296
9411,1.918296
9412,1.459148
9413,1.918296
9414,1.918296
9415,2.251629
9416,1.918296
9417,2.251629
9418,1.918296
9419,1.792481
9420,1.792481
9421,1.459148
9422,1.792481
9423,2.251629
9424,2.251629
9425,2.584963
9426,2.584963
9427,2.584963
9428,2.584963
9429,2.584963
9430,2.251629
9431,2.584963
9432,2.251629
9433,2.584963
9434,2.251629
9435,1.918296
9436,2.251629
9437,2.584963
9438,2.584963
9439,2.584963
9440,2.251629
9441,2.584963
9442,2.251629
9443,2.251629
9444,2.251629
9445,2.251629
9446,1.918296
9447,2.251629
9448,1.792481
9449,1.459148
9450,1.792481
9451,1.918296
9452,1.918296
9453,2.251629
9454,1.792481
9455,1.792481
9456,2.251629
9457,2.584963
9458,2.584963
9459,2.251629
9460,2.251629
9461,2.251629
9462,2.251629
9463,2.251629
9464,2.251629
9465,2.584963
9466,2.584963
9467,2.251629
9468,1.918296
9469,2.251629
9470,2.251629
9471,1.918296
9472,1.918296
9473,2.251629
9474,2.251629
9475,2.251629
9476,2.251629
9477,2.251629
9478,2.251629
9479,2.251629
9480,2.251629
9481,2.251629
9482,2.251629
9483,1.792481
9484,2.251629
9485,2.251629
9486,2.251629
9487,2.251629
9488,2.584963
9489,2.584963
9490,2.584963
9491,2.251629
9492,2.251629
9493,2.251629
9494,2.251629
9495,1.918296
9496,2.251629
9497,2.251629
9498,1.918296
9499,2.251629
9500,2.251629
9501,2.251629
9502,1.918296
9503,2.251629
9504,2.251629
9505,2.251629
9506,2.584963
9507,2.584963
9508,2.251629
9509,2.251629
9510,2.251629
9511,2.584963
9512,2.584963
9513,2.251629
9514,1.918296
9515,1.918296
9516,1.918296
9517,2.251629
9518,2.251629
9519,2.251629
9520,2.251629
9521,2.251629
9522,1.918296
9523,1.918296
9524,1.792481
9525,1.918296
9526,1.459148
9527,1.918296
9528,2.251629
9529,1.918296
9530,2.251629
9531,2.251629
9532,1.918296
9533,1.792481
9534,1.792481
9535,1.792481
9536,2.251629
9537,1.918296
9538,2.251629
9539,1.792481
9540,1.792481
9541,2.251629
9542,1.792481
9543,1.918296
9544,1.918296
9545,2.251629
9546,1.792481
9547,1.918296
9548,2.251629
9549,2.251629
9550,2.251629
9551,2.251629
9552,1.918296
9553,2.251629
9554,2.251629
9555,1.918296
9556,1.792481
9557,2.251629
9558,2.584963
9559,2.251629
9560,2.251629
9561,2.584963
9562,2.251629
9563,1.792481
9564,1.792481
9565,1.918296
9566,1.792481
9567,1.792481
9568,2.251629
9569,2.251629
9570,2.251629
9571,2.251629
9572,2.251629
9573,2.584963
9574,2.584963
9575,2.251629
9576,2.251629
9577,2.251629
9578,1.918296
9579,1.918296
9580,1.918296
9581,1.459148
9582,1.459148
9583,1.792481
9584,2.251629
9585,2.584963
9586,2.584963
9587,2.584963
9588,2.584963
9589,2.251629
9590,1.918296
9591,2.251629
9592,2.251629
9593,1.918296
9594,1.792481
9595,1.792481
9596,1.918296
9597,2.251629
9598,2.584963
9599,2.251629
9600,1.918296
9601,2.251629
9602,2.251629
9603,2.251629
9604,2.584963
9605,2.584963
9606,2.584963
9607,2.251629
9608,1.918296
9609,1.918296
9610,2.251629
9611,2.584963
9612,2.251629
9613,2.584963
9614,2.251629
9615,2.251629
9616,2.251629
9617,2.251629
9618,2.251629
9619,1.918296
9620,1.918296
9621,1.918296
9622,2.251629
9623,2.584963
9624,2.584963
9625,2.584963
9626,2.251629
9627,2.251629
9628,1.918296
9629,1.918296
9630,2.251629
9631,2.251629
9632,1.918296
9633,1.792481
9634,1.792481
9635,1.792481
9636,1.918296
9637,1.792481
9638,1.792481
9639,1.792481
9640,1.792481
9641,2.251629
9642,2.584963
9643,2.251629
9644,2.251629
9645,2.251629
9646,2.251629
9647,2.251629
9648,2.251629
9649,2.251629
9650,2.584963
9651,2.584963
9652,2.251629
9653,1.792481
9654,1.459148
9655,1.918296
9656,1.459148
9657,1.918296
9658,1.918296
9659,2.251629
9660,2.584963
9661,2.584963
9662,2.251629
9663,1.918296
9664,1.918296
9665,1.918296
9666,2.251629
9667,2.584963
9668,2.251629
9669,1.918296
9670,1.918296
9671,2.251629
9672,2.251629
9673,2.584963
9674,2.251629
9675,1.918296
9676,2.251629
9677,2.251629
9678,1.792481
9679,1.792481
9680,1.792481
9681,1.918296
9682,1.918296
9683,1.918296
9684,1.918296
9685,2.251629
9686,2.251629
9687,2.251629
9688,2.584963
9689,2.251629
9690,2.251629
9691,1.918296
9692,2.251629
9693,2.251629
9694,2.251629
9695,2.251629
9696,2.584963
9697,2.251629
9698,2.584963
9699,2.251629
9700,2.251629
9701,1.918296
9702,2.251629
9703,2.251629
9704,2.251629
9705,2.251629
9706,2.584963
9707,2.251629
9708,1.918296
9709,1.918296
9710,1.918296
9711,2.251629
9712,2.584963
9713,2.584963
9714,2.584963
9715,2.584963
9716,2.584963
9717,2.584963
9718,2.251629
9719,2.584963
9720,2.584963
9721,2.584963
9722,2.584963
9723,2.584963
9724,2.251629
9725,2.251629
9726,2.251629
9727,1.792481
9728,1.251629
9729,1.792481
9730,2.251629
9731,2.251629
9732,2.251629
9733,2.584963
9734,2.251629
9735,2.251629
9736,2.584963
9737,2.251629
9738,2.584963
9739,2.251629
9740,1.918296
9741,1.918296
9742,1.918296
9743,2.251629
9744,2.251629
9745,2.251629
9746,1.918296
9747,1.918296
9748,1.918296
9749,2.251629
9750,1.918296
9751,1.918296
9752,2.251629
9753,2.584963
9754,2.251629
9755,1.918296
9756,1.792481
9757,1.792481
9758,1.792481
9759,2.251629
9760,2.251629
9761,2.584963
9762,2.584963
9763,2.251629
9764,2.251629
9765,2.584963
9766,2.584963
9767,2.584963
9768,2.584963
9769,2.251629
9770,2.251629
9771,2.251629
9772,1.918296
9773,1.918296
9774,1.918296
9775,1.918296
9776,1.584963
9777,1.584963
9778,1.918296
9779,1.792481
9780,1.459148
9781,1.918296
9782,1.918296
9783,1.918296
9784,1.584963
9785,1.918296
9786,2.251629
9787,2.584963
9788,2.584963
9789,2.584963
9790,2.584963
9791,2.584963
9792,2.251629
9793,1.918296
9794,1.459148
9795,1.251629
9796,1.792481
9797,1.459148
9798,1.918296
9799,2.251629
9800,2.584963
9801,2.251629
9802,2.584963
9803,2.584963
9804,2.251629
9805,1.918296
9806,1.584963
9807,1.918296
9808,2.251629
9809,2.251629
9810,2.251629
9811,2.251629
9812,2.251629
9813,2.251629
9814,2.584963
9815,2.251629
9816,2.584963
9817,2.251629
9818,2.251629
9819,2.584963
9820,2.251629
9821,1.918296
9822,1.459148
9823,1.459148
9824,1.792481
9825,1.792481
9826,1.251629
9827,1.792481
9828,2.251629
9829,2.251629
9830,1.792481
9831,1.792481
9832,1.918296
9833,2.251629
9834,2.251629
9835,1.918296
9836,2.251629
9837,2.251629
9838,2.251629
9839,2.584963
9840,2.584963
9841,2.251629
9842,1.918296
9843,2.251629
9844,2.251629
9845,2.584963
9846,2.584963
9847,2.251629
9848,1.918296
9849,1.918296
9850,2.251629
9851,2.251629
9852,2.251629
9853,2.584963
9854,2.584963
9855,2.251629
9856,1.918296
9857,1.584963
9858,1.459148
9859,1.792481
9860,1.918296
9861,2.251629
9862,2.251629
9863,2.251629
9864,2.251629
9865,2.251629
9866,2.251629
9867,2.584963
9868,2.251629
9869,2.251629
9870,1.918296
9871,2.251629
9872,2.251629
9873,2.584963
9874,2.251629
9875,1.918296
9876,1.918296
9877,1.459148
9878,1.584963
9879,1.918296
9880,1.918296
9881,2.251629
9882,2.251629
9883,2.251629
9884,2.584963
9885,2.251629
9886,1.918296
9887,1.792481
9888,2.251629
9889,1.918296
9890,2.251629
9891,2.251629
9892,2.584963
9893,2.251629
9894,2.584963
9895,2.584963
9896,2.584963
9897,2.584963
9898,2.584963
9899,2.251629
9900,1.792481
9901,1.792481
9902,1.792481
9903,1.459148
9904,1.584963
9905,1.918296
9906,1.459148
9907,1.459148
9908,1.918296
9909,1.918296
9910,2.251629
9911,2.584963
9912,2.251629
9913,1.918296
9914,2.251629
9915,2.251629
9916,1.918296
9917,2.251629
9918,1.918296
9919,1.459148
9920,1.918296
9921,1.918296
9922,2.251629
9923,2.251629
9924,2.251629
9925,2.251629
9926,2.251629
9927,1.918296
9928,2.251629
9929,2.584963
9930,2.584963
9931,2.584963
9932,2.584963
9933,2.584963
9934,2.584963
9935,2.251629
9936,1.918296
9937,1.459148
9938,1.251629
9939,1.792481
9940,1.792481
9941,2.251629
9942,1.918296
9943,1.792481
9944,1.459148
9945,1.459148
9946,1.459148
9947,1.792481
9948,1.918296
9949,2.251629
9950,1.918296
9951,1.918296
9952,1.459148
9953,1.918296
9954,1.918296
9955,1.918296
9956,1.918296
9957,2.251629
9958,2.251629
9959,2.584963
9960,2.251629
9961,2.251629
9962,2.251629
9963,2.251629
9964,2.251629
9965,2.251629
9966,1.918296
9967,2.251629
9968,2.251629
9969,2.251629
9970,2.251629
9971,1.918296
9972,2.251629
9973,2.251629
9974,2.251629
9975,2.584963
9976,2.251629
9977,1.918296
9978,1.918296
9979,1.918296
9980,1.792481
9981,1.918296
9982,2.251629
9983,2.251629
9984,2.251629
9985,2.251629
9986,2.251629
9987,1.918296
9988,1.918296
9989,2.251629
9990,2.251629
9991,2.251629
9992,2.584963
9993,2.251629
9994,2.251629
9995,2.251629
