window_start_place,entropy_bits
1,2.500000
2,2.500000
3,2.405639
4,2.000000
5,1.750000
6,2.000000
7,1.750000
8,2.155639
9,2.500000
10,2.250000
11,2.500000
12,2.500000
13,2.500000
14,2.405639
15,2.000000
16,1.750000
17,1.750000
18,2.155639
19,2.155639
20,2.405639
21,2.500000
22,2.500000
23,2.500000
24,2.250000
25,2.250000
26,2.250000
27,2.250000
28,2.500000
29,2.155639
30,2.500000
31,2.750000
32,2.750000
33,2.500000
34,2.500000
35,2.500000
36,2.500000
37,2.500000
38,2.500000
39,2.405639
40,2.155639
41,2.405639
42,2.155639
43,2.250000
44,2.250000
45,2.500000
46,2.500000
47,2.500000
48,2.250000
49,2.155639
50,2.155639
51,1.811278
52,1.561278
53,1.561278
54,1.811278
55,2.155639
56,2.405639
57,2.405639
58,2.405639
59,2.155639
60,2.500000
61,2.750000
62,2.750000
63,2.750000
64,2.750000
65,2.750000
66,2.750000
67,2.750000
68,2.500000
69,2.500000
70,2.500000
71,2.500000
72,2.500000
73,2.500000
74,2.500000
75,2.500000
76,2.500000
77,2.500000
78,2.250000
79,2.155639
80,2.155639
81,2.155639
82,2.405639
83,2.750000
84,2.500000
85,2.500000
86,2.500000
87,2.500000
88,2.500000
89,2.405639
90,2.405639
91,2.155639
92,2.155639
93,2.155639
94,2.155639
95,2.155639
96,2.155639
97,2.500000
98,2.500000
99,2.250000
100,2.250000
101,2.500000
102,2.405639
103,2.405639
104,2.405639
105,2.500000
106,2.155639
107,2.500000
108,2.250000
109,2.250000
110,2.250000
111,2.250000
112,2.500000
113,2.250000
114,2.500000
115,2.250000
116,2.155639
117,2.405639
118,2.155639
119,2.155639
120,2.500000
121,2.750000
122,2.500000
123,2.500000
124,2.750000
125,2.405639
126,2.405639
127,2.405639
128,2.155639
129,2.500000
130,2.750000
131,2.750000
132,2.750000
133,2.750000
134,2.500000
135,2.250000
136,2.250000
137,2.250000
138,2.500000
139,2.250000
140,1.905639
141,1.811278
142,1.811278
143,2.155639
144,2.155639
145,2.155639
146,2.155639
147,2.500000
148,2.250000
149,2.500000
150,2.500000
151,2.750000
152,2.750000
153,2.500000
154,2.250000
155,2.250000
156,2.250000
157,2.250000
158,2.500000
159,2.500000
160,2.500000
161,2.250000
162,2.250000
163,2.500000
164,2.750000
165,2.750000
166,2.750000
167,3.000000
168,2.750000
169,2.750000
170,2.750000
171,2.750000
172,2.405639
173,2.405639
174,2.405639
175,2.000000
176,2.155639
177,2.155639
178,2.155639
179,2.155639
180,2.405639
181,2.405639
182,2.750000
183,2.750000
184,2.750000
185,2.750000
186,2.500000
187,2.250000
188,2.500000
189,2.500000
190,2.750000
191,2.405639
192,2.750000
193,2.750000
194,2.750000
195,2.500000
196,2.405639
197,2.750000
198,2.500000
199,2.750000
200,2.500000
201,2.250000
202,2.155639
203,2.155639
204,2.155639
205,2.500000
206,2.500000
207,2.500000
208,2.500000
209,2.500000
210,2.500000
211,2.500000
212,2.500000
213,2.250000
214,2.250000
215,1.905639
216,2.155639
217,2.250000
218,2.250000
219,2.250000
220,2.500000
221,2.500000
222,2.500000
223,2.250000
224,2.500000
225,2.500000
226,2.250000
227,1.905639
228,2.250000
229,2.500000
230,2.500000
231,2.500000
232,2.750000
233,2.750000
234,2.750000
235,2.750000
236,2.500000
237,2.155639
238,1.750000
239,1.750000
240,2.155639
241,2.500000
242,2.500000
243,2.500000
244,2.250000
245,2.250000
246,2.500000
247,2.500000
248,2.500000
249,2.500000
250,2.500000
251,2.750000
252,2.750000
253,2.750000
254,2.750000
255,2.750000
256,2.500000
257,2.500000
258,2.155639
259,2.155639
260,2.405639
261,2.500000
262,2.250000
263,2.250000
264,2.250000
265,2.250000
266,1.905639
267,2.155639
268,2.405639
269,2.155639
270,2.155639
271,1.905639
272,2.250000
273,2.500000
274,2.500000
275,2.500000
276,2.250000
277,2.250000
278,2.500000
279,2.155639
280,2.155639
281,2.500000
282,2.250000
283,1.905639
284,2.155639
285,2.405639
286,2.500000
287,2.500000
288,2.250000
289,1.905639
290,2.155639
291,1.905639
292,2.155639
293,2.500000
294,2.500000
295,2.750000
296,2.500000
297,2.500000
298,2.250000
299,1.905639
300,1.905639
301,1.750000
302,1.750000
303,1.905639
304,2.250000
305,2.500000
306,2.500000
307,2.500000
308,2.500000
309,2.250000
310,2.500000
311,2.750000
312,3.000000
313,3.000000
314,3.000000
315,2.750000
316,2.500000
317,2.500000
318,2.405639
319,2.405639
320,2.500000
321,2.405639
322,2.405639
323,2.500000
324,2.500000
325,2.405639
326,2.500000
327,2.500000
328,2.250000
329,2.500000
330,2.155639
331,2.155639
332,2.250000
333,2.250000
334,2.250000
335,2.250000
336,2.250000
337,2.155639
338,2.500000
339,2.500000
340,2.750000
341,2.500000
342,2.155639
343,2.155639
344,2.155639
345,2.155639
346,2.155639
347,2.405639
348,2.405639
349,2.500000
350,2.500000
351,2.500000
352,2.500000
353,2.500000
354,2.750000
355,2.500000
356,2.500000
357,2.500000
358,2.500000
359,2.500000
360,2.155639
361,1.811278
362,1.811278
363,1.811278
364,1.750000
365,2.155639
366,2.500000
367,2.250000
368,2.500000
369,2.750000
370,2.750000
371,2.500000
372,2.250000
373,2.500000
374,2.500000
375,2.500000
376,2.155639
377,2.155639
378,2.155639
379,1.811278
380,2.155639
381,2.500000
382,2.405639
383,2.155639
384,2.155639
385,1.905639
386,1.905639
387,2.250000
388,2.500000
389,2.250000
390,2.500000
391,2.500000
392,2.500000
393,2.500000
394,2.500000
395,2.500000
396,2.500000
397,2.155639
398,1.905639
399,2.250000
400,2.500000
401,2.250000
402,2.500000
403,2.500000
404,2.500000
405,2.500000
406,2.500000
407,2.750000
408,2.405639
409,2.155639
410,2.155639
411,2.155639
412,2.155639
413,2.250000
414,2.155639
415,2.405639
416,2.405639
417,2.750000
418,2.750000
419,2.750000
420,2.500000
421,2.250000
422,2.155639
423,2.155639
424,2.500000
425,2.500000
426,2.500000
427,2.500000
428,2.500000
429,2.750000
430,2.500000
431,2.500000
432,2.500000
433,2.500000
434,2.750000
435,2.750000
436,2.750000
437,2.750000
438,2.500000
439,2.500000
440,2.500000
441,2.155639
442,2.500000
443,2.250000
444,2.250000
445,2.250000
446,2.500000
447,2.500000
448,2.500000
449,2.500000
450,2.500000
451,2.500000
452,2.155639
453,1.811278
454,1.811278
455,1.561278
456,1.905639
457,1.905639
458,2.155639
459,2.500000
460,2.500000
461,2.500000
462,2.500000
463,2.155639
464,2.500000
465,2.500000
466,2.500000
467,2.750000
468,2.750000
469,2.750000
470,3.000000
471,3.000000
472,3.000000
473,2.750000
474,3.000000
475,2.750000
476,2.500000
477,2.155639
478,2.500000
479,2.155639
480,2.155639
481,2.155639
482,2.500000
483,2.500000
484,2.405639
485,2.405639
486,2.500000
487,2.250000
488,2.000000
489,1.905639
490,1.750000
491,2.155639
492,2.500000
493,2.500000
494,2.500000
495,2.750000
496,2.750000
497,2.750000
498,2.405639
499,2.155639
500,2.155639
501,1.905639
502,1.905639
503,2.155639
504,2.250000
505,2.250000
506,1.905639
507,2.155639
508,2.250000
509,2.500000
510,2.500000
511,2.500000
512,2.750000
513,3.000000
514,2.750000
515,3.000000
516,2.750000
517,2.500000
518,2.750000
519,2.750000
520,2.750000
521,2.500000
522,2.500000
523,2.250000
524,2.155639
525,1.905639
526,1.811278
527,1.750000
528,1.750000
529,2.155639
530,1.905639
531,2.250000
532,2.500000
533,2.500000
534,2.250000
535,1.905639
536,2.155639
537,2.155639
538,1.905639
539,1.561278
540,1.905639
541,2.155639
542,2.155639
543,2.155639
544,2.250000
545,2.155639
546,2.500000
547,2.500000
548,2.500000
549,2.155639
550,2.155639
551,2.500000
552,2.250000
553,2.250000
554,2.500000
555,2.250000
556,2.155639
557,1.905639
558,2.250000
559,2.155639
560,2.000000
561,2.000000
562,2.405639
563,2.405639
564,2.405639
565,2.750000
566,2.750000
567,2.750000
568,2.750000
569,2.750000
570,2.405639
571,2.500000
572,2.500000
573,2.155639
574,2.155639
575,2.405639
576,2.750000
577,2.750000
578,2.500000
579,2.750000
580,2.500000
581,2.155639
582,2.155639
583,2.405639
584,2.500000
585,2.500000
586,2.500000
587,2.500000
588,2.500000
589,2.155639
590,2.155639
591,2.500000
592,2.405639
593,2.405639
594,2.750000
595,2.500000
596,2.500000
597,2.500000
598,2.500000
599,2.750000
600,2.750000
601,2.750000
602,2.750000
603,2.500000
604,2.250000
605,2.155639
606,2.155639
607,2.500000
608,2.250000
609,2.250000
610,2.500000
611,2.750000
612,2.500000
613,2.500000
614,2.500000
615,2.500000
616,2.500000
617,2.500000
618,2.500000
619,2.405639
620,2.750000
621,2.500000
622,2.750000
623,2.750000
624,2.750000
625,2.750000
626,2.405639
627,2.405639
628,2.155639
629,2.405639
630,2.155639
631,2.500000
632,2.250000
633,2.155639
634,2.155639
635,2.250000
636,2.500000
637,2.405639
638,2.500000
639,2.500000
640,2.250000
641,2.250000
642,2.000000
643,1.905639
644,2.155639
645,2.000000
646,2.000000
647,2.155639
648,2.250000
649,1.905639
650,1.500000
651,1.750000
652,2.000000
653,1.750000
654,2.155639
655,2.500000
656,2.750000
657,3.000000
658,2.750000
659,2.500000
660,2.500000
661,2.750000
662,2.750000
663,2.500000
664,2.155639
665,2.155639
666,1.811278
667,2.155639
668,2.155639
669,2.250000
670,2.250000
671,2.250000
672,2.500000
673,2.750000
674,2.500000
675,2.500000
676,2.405639
677,2.405639
678,2.500000
679,2.250000
680,2.250000
681,2.155639
682,2.155639
683,2.405639
684,2.405639
685,2.750000
686,2.750000
687,2.405639
688,2.405639
689,2.405639
690,2.000000
691,2.000000
692,2.000000
693,2.000000
694,2.155639
695,2.155639
696,2.155639
697,2.155639
698,2.155639
699,2.500000
700,2.500000
701,2.750000
702,2.500000
703,2.500000
704,2.155639
705,1.905639
706,2.155639
707,2.405639
708,2.155639
709,2.500000
710,2.405639
711,2.405639
712,2.000000
713,1.750000
714,2.155639
715,2.155639
716,2.155639
717,2.000000
718,2.155639
719,2.155639
720,2.500000
721,2.500000
722,2.500000
723,2.500000
724,2.500000
725,2.500000
726,2.500000
727,2.405639
728,2.750000
729,2.750000
730,2.405639
731,2.500000
732,2.500000
733,2.750000
734,2.500000
735,2.500000
736,2.500000
737,2.750000
738,2.500000
739,2.500000
740,2.500000
741,2.155639
742,2.500000
743,2.155639
744,2.405639
745,2.000000
746,1.750000
747,2.155639
748,2.405639
749,2.500000
750,2.250000
751,2.500000
752,2.500000
753,2.250000
754,2.000000
755,2.250000
756,2.250000
757,2.250000
758,2.155639
759,2.155639
760,2.155639
761,2.405639
762,2.500000
763,2.500000
764,2.500000
765,2.405639
766,2.405639
767,2.500000
768,2.155639
769,2.155639
770,2.155639
771,2.155639
772,2.405639
773,2.155639
774,2.500000
775,2.500000
776,2.155639
777,2.155639
778,2.250000
779,1.905639
780,2.155639
781,2.155639
782,1.750000
783,2.155639
784,2.155639
785,2.250000
786,2.250000
787,2.500000
788,2.500000
789,2.250000
790,2.500000
791,2.500000
792,2.405639
793,2.750000
794,2.500000
795,2.155639
796,2.155639
797,2.500000
798,2.155639
799,2.500000
800,2.750000
801,2.500000
802,2.750000
803,2.750000
804,2.750000
805,2.750000
806,2.500000
807,2.500000
808,2.750000
809,2.750000
810,2.750000
811,2.750000
812,2.750000
813,2.750000
814,2.405639
815,2.155639
816,2.155639
817,2.500000
818,2.750000
819,2.500000
820,2.500000
821,2.750000
822,2.500000
823,2.155639
824,2.405639
825,2.750000
826,2.500000
827,2.500000
828,2.155639
829,2.500000
830,2.500000
831,2.250000
832,1.905639
833,1.561278
834,1.905639
835,2.155639
836,2.405639
837,2.500000
838,2.500000
839,2.500000
840,2.500000
841,2.500000
842,2.250000
843,2.500000
844,2.500000
845,2.500000
846,2.750000
847,2.405639
848,2.155639
849,2.155639
850,2.155639
851,1.750000
852,1.811278
853,1.405639
854,1.405639
855,1.811278
856,1.905639
857,1.811278
858,1.905639
859,1.905639
860,1.905639
861,2.155639
862,2.500000
863,2.500000
864,2.405639
865,2.405639
866,2.500000
867,2.250000
868,2.250000
869,2.500000
870,2.500000
871,2.750000
872,2.500000
873,2.500000
874,2.500000
875,2.750000
876,2.750000
877,2.750000
878,2.750000
879,2.750000
880,2.500000
881,2.750000
882,2.750000
883,2.750000
884,2.750000
885,2.500000
886,2.250000
887,2.500000
888,2.500000
889,2.405639
890,2.500000
891,2.250000
892,2.250000
893,2.500000
894,2.405639
895,2.405639
896,2.750000
897,2.500000
898,2.250000
899,2.250000
900,2.155639
901,2.250000
902,1.905639
903,1.811278
904,2.155639
905,2.155639
906,2.500000
907,2.250000
908,2.500000
909,2.500000
910,2.500000
911,2.500000
912,2.250000
913,2.250000
914,2.500000
915,2.155639
916,2.155639
917,2.405639
918,2.500000
919,2.750000
920,2.750000
921,2.500000
922,2.405639
923,2.500000
924,2.500000
925,2.155639
926,2.155639
927,1.905639
928,2.155639
929,2.155639
930,2.155639
931,2.155639
932,2.405639
933,2.405639
934,2.500000
935,2.500000
936,2.500000
937,2.500000
938,2.750000
939,2.500000
940,2.500000
941,2.500000
942,2.750000
943,2.405639
944,2.750000
945,2.750000
946,2.750000
947,2.750000
948,2.500000
949,2.750000
950,2.750000
951,2.500000
952,2.250000
953,2.250000
954,2.250000
955,2.155639
956,2.155639
957,2.155639
958,2.155639
959,2.155639
960,2.000000
961,2.155639
962,2.500000
963,2.250000
964,2.500000
965,2.750000
966,2.500000
967,2.500000
968,2.750000
969,3.000000
970,3.000000
971,2.750000
972,2.500000
973,2.500000
974,2.500000
975,2.750000
976,2.750000
977,2.750000
978,2.750000
979,3.000000
980,2.750000
981,2.500000
982,2.750000
983,2.500000
984,2.155639
985,2.155639
986,2.250000
987,2.500000
988,2.750000
989,2.405639
990,2.750000
991,2.500000
992,2.500000
993,2.405639
994,2.500000
995,2.500000
996,2.250000
997,2.250000
998,2.250000
999,2.250000
1000,2.250000
1001,1.905639
1002,2.250000
1003,2.500000
1004,2.155639
1005,2.405639
1006,2.500000
1007,2.155639
1008,2.155639
1009,2.405639
1010,2.000000
1011,2.000000
1012,2.000000
1013,2.405639
1014,2.500000
1015,2.405639
1016,2.405639
1017,2.750000
1018,2.750000
1019,2.750000
1020,2.750000
1021,2.500000
1022,2.500000
1023,2.250000
1024,2.155639
1025,2.155639
1026,2.250000
1027,2.250000
1028,2.155639
1029,1.750000
1030,1.750000
1031,2.155639
1032,2.500000
1033,2.500000
1034,2.500000
1035,2.500000
1036,2.500000
1037,2.250000
1038,2.250000
1039,2.500000
1040,2.500000
1041,2.500000
1042,2.750000
1043,2.750000
1044,2.500000
1045,2.250000
1046,2.500000
1047,2.750000
1048,2.500000
1049,2.500000
1050,2.500000
1051,2.500000
1052,2.155639
1053,2.405639
1054,2.405639
1055,2.405639
1056,2.405639
1057,2.500000
1058,2.155639
1059,1.811278
1060,2.155639
1061,2.250000
1062,2.250000
1063,2.500000
1064,2.155639
1065,2.405639
1066,2.155639
1067,2.155639
1068,2.155639
1069,2.500000
1070,2.500000
1071,2.750000
1072,3.000000
1073,3.000000
1074,2.750000
1075,2.500000
1076,2.155639
1077,2.155639
1078,2.155639
1079,2.155639
1080,2.500000
1081,2.750000
1082,2.500000
1083,2.500000
1084,2.500000
1085,2.500000
1086,2.500000
1087,2.250000
1088,2.500000
1089,2.500000
1090,2.500000
1091,2.155639
1092,2.155639
1093,1.905639
1094,2.250000
1095,2.500000
1096,2.500000
1097,2.250000
1098,2.155639
1099,2.405639
1100,2.405639
1101,2.405639
1102,2.405639
1103,2.750000
1104,2.500000
1105,2.750000
1106,2.500000
1107,2.155639
1108,2.155639
1109,2.405639
1110,2.500000
1111,2.500000
1112,2.500000
1113,2.155639
1114,2.500000
1115,2.500000
1116,2.500000
1117,2.250000
1118,2.500000
1119,2.155639
1120,2.155639
1121,2.500000
1122,2.405639
1123,2.405639
1124,2.000000
1125,2.155639
1126,2.155639
1127,2.500000
1128,2.500000
1129,2.250000
1130,2.250000
1131,2.500000
1132,2.500000
1133,2.250000
1134,2.500000
1135,2.750000
1136,2.750000
1137,2.500000
1138,2.500000
1139,2.500000
1140,2.500000
1141,2.250000
1142,2.155639
1143,1.905639
1144,2.250000
1145,2.500000
1146,2.750000
1147,2.750000
1148,2.500000
1149,2.155639
1150,2.250000
1151,2.250000
1152,2.250000
1153,2.500000
1154,2.500000
1155,2.500000
1156,2.250000
1157,2.500000
1158,2.750000
1159,2.750000
1160,2.750000
1161,2.750000
1162,2.750000
1163,2.750000
1164,2.750000
1165,2.500000
1166,2.500000
1167,2.500000
1168,2.500000
1169,2.500000
1170,2.155639
1171,2.155639
1172,2.155639
1173,2.405639
1174,2.750000
1175,2.750000
1176,2.500000
1177,2.500000
1178,2.250000
1179,2.250000
1180,2.250000
1181,2.155639
1182,2.405639
1183,2.500000
1184,2.500000
1185,2.500000
1186,2.500000
1187,2.750000
1188,2.750000
1189,2.750000
1190,2.750000
1191,2.750000
1192,3.000000
1193,2.750000
1194,2.500000
1195,2.500000
1196,2.405639
1197,2.500000
1198,2.500000
1199,2.250000
1200,1.905639
1201,1.905639
1202,2.250000
1203,2.250000
1204,2.155639
1205,2.155639
1206,1.905639
1207,1.905639
1208,1.905639
1209,2.155639
1210,2.250000
1211,2.155639
1212,2.155639
1213,1.905639
1214,1.905639
1215,2.000000
1216,2.250000
1217,2.155639
1218,2.155639
1219,1.905639
1220,1.905639
1221,2.155639
1222,1.750000
1223,2.155639
1224,2.155639
1225,2.500000
1226,2.250000
1227,2.250000
1228,2.250000
1229,2.500000
1230,2.250000
1231,2.155639
1232,2.155639
1233,2.155639
1234,2.155639
1235,2.155639
1236,2.250000
1237,2.250000
1238,2.250000
1239,2.155639
1240,1.811278
1241,1.405639
1242,1.405639
1243,1.811278
1244,2.155639
1245,2.500000
1246,2.500000
1247,2.500000
1248,2.500000
1249,2.500000
1250,2.500000
1251,2.500000
1252,2.750000
1253,2.500000
1254,2.750000
1255,2.500000
1256,2.500000
1257,2.500000
1258,2.250000
1259,2.000000
1260,1.905639
1261,2.250000
1262,2.500000
1263,2.500000
1264,2.500000
1265,2.750000
1266,2.750000
1267,2.750000
1268,2.750000
1269,2.750000
1270,2.750000
1271,2.750000
1272,2.500000
1273,2.500000
1274,2.155639
1275,2.155639
1276,2.155639
1277,2.155639
1278,2.155639
1279,2.405639
1280,2.155639
1281,2.155639
1282,1.811278
1283,1.811278
1284,2.155639
1285,2.500000
1286,2.500000
1287,2.750000
1288,2.750000
1289,2.500000
1290,2.155639
1291,2.155639
1292,2.405639
1293,2.405639
1294,2.500000
1295,2.155639
1296,2.500000
1297,2.500000
1298,2.500000
1299,2.750000
1300,2.500000
1301,2.500000
1302,2.405639
1303,2.405639
1304,2.405639
1305,2.500000
1306,2.750000
1307,2.750000
1308,2.750000
1309,2.750000
1310,2.500000
1311,2.750000
1312,2.750000
1313,2.500000
1314,2.500000
1315,2.500000
1316,2.155639
1317,2.250000
1318,2.250000
1319,2.250000
1320,2.500000
1321,2.500000
1322,2.500000
1323,2.500000
1324,2.250000
1325,2.250000
1326,2.500000
1327,2.500000
1328,2.750000
1329,2.750000
1330,2.750000
1331,2.500000
1332,2.500000
1333,2.250000
1334,2.000000
1335,1.905639
1336,2.155639
1337,2.405639
1338,2.405639
1339,2.155639
1340,2.500000
1341,2.500000
1342,2.500000
1343,2.500000
1344,2.500000
1345,2.750000
1346,2.500000
1347,2.155639
1348,1.905639
1349,1.905639
1350,1.811278
1351,2.155639
1352,2.250000
1353,2.250000
1354,2.155639
1355,2.155639
1356,2.155639
1357,2.155639
1358,1.905639
1359,1.905639
1360,2.250000
1361,2.250000
1362,2.250000
1363,2.250000
1364,2.250000
1365,2.250000
1366,1.905639
1367,2.155639
1368,2.155639
1369,2.155639
1370,2.405639
1371,2.405639
1372,2.750000
1373,2.500000
1374,2.500000
1375,2.155639
1376,2.500000
1377,2.750000
1378,2.750000
1379,2.750000
1380,2.500000
1381,2.500000
1382,2.500000
1383,2.500000
1384,2.500000
1385,2.750000
1386,2.500000
1387,2.750000
1388,2.500000
1389,2.250000
1390,2.500000
1391,2.250000
1392,2.250000
1393,2.500000
1394,2.500000
1395,2.500000
1396,2.500000
1397,2.500000
1398,2.500000
1399,2.250000
1400,1.905639
1401,1.500000
1402,1.500000
1403,1.500000
1404,1.500000
1405,1.750000
1406,1.750000
1407,2.155639
1408,2.500000
1409,2.500000
1410,2.750000
1411,2.750000
1412,2.500000
1413,2.155639
1414,1.750000
1415,1.750000
1416,2.155639
1417,1.905639
1418,2.155639
1419,2.155639
1420,2.155639
1421,2.500000
1422,2.405639
1423,2.000000
1424,2.155639
1425,2.155639
1426,2.155639
1427,2.155639
1428,2.155639
1429,2.155639
1430,2.155639
1431,1.905639
1432,2.250000
1433,2.155639
1434,1.905639
1435,1.905639
1436,1.561278
1437,1.905639
1438,2.250000
1439,2.155639
1440,2.250000
1441,2.250000
1442,2.155639
1443,2.250000
1444,2.500000
1445,2.500000
1446,2.750000
1447,2.500000
1448,2.750000
1449,3.000000
1450,2.750000
1451,2.750000
1452,2.500000
1453,2.155639
1454,2.250000
1455,1.905639
1456,1.905639
1457,1.811278
1458,2.155639
1459,2.500000
1460,2.750000
1461,2.750000
1462,2.500000
1463,2.250000
1464,2.250000
1465,2.500000
1466,2.250000
1467,2.155639
1468,2.405639
1469,2.405639
1470,2.405639
1471,2.155639
1472,2.155639
1473,2.155639
1474,2.000000
1475,2.000000
1476,2.000000
1477,1.750000
1478,2.155639
1479,2.155639
1480,1.905639
1481,2.250000
1482,2.500000
1483,2.500000
1484,2.750000
1485,2.750000
1486,2.750000
1487,2.750000
1488,2.750000
1489,2.750000
1490,2.500000
1491,2.155639
1492,2.250000
1493,1.905639
1494,2.250000
1495,2.155639
1496,2.155639
1497,2.155639
1498,1.750000
1499,1.750000
1500,2.155639
1501,2.500000
1502,2.500000
1503,2.500000
1504,2.750000
1505,2.405639
1506,2.405639
1507,2.405639
1508,2.155639
1509,2.250000
1510,2.250000
1511,2.155639
1512,2.155639
1513,2.155639
1514,2.405639
1515,2.405639
1516,2.750000
1517,2.750000
1518,2.500000
1519,2.750000
1520,2.500000
1521,2.500000
1522,2.500000
1523,2.500000
1524,2.500000
1525,2.500000
1526,2.500000
1527,2.155639
1528,2.405639
1529,2.750000
1530,2.750000
1531,2.500000
1532,2.250000
1533,2.250000
1534,2.250000
1535,2.500000
1536,2.500000
1537,2.405639
1538,2.155639
1539,2.155639
1540,1.905639
1541,1.561278
1542,1.500000
1543,1.561278
1544,1.500000
1545,1.750000
1546,1.905639
1547,1.905639
1548,2.250000
1549,2.500000
1550,2.155639
1551,2.500000
1552,2.750000
1553,2.750000
1554,2.750000
1555,2.500000
1556,2.750000
1557,2.750000
1558,2.750000
1559,2.750000
1560,2.750000
1561,2.750000
1562,2.500000
1563,2.250000
1564,2.250000
1565,2.500000
1566,2.500000
1567,2.500000
1568,2.500000
1569,2.500000
1570,2.750000
1571,3.000000
1572,2.750000
1573,2.500000
1574,2.500000
1575,2.500000
1576,2.750000
1577,2.500000
1578,2.500000
1579,2.250000
1580,2.250000
1581,2.250000
1582,2.250000
1583,2.155639
1584,2.000000
1585,1.750000
1586,2.155639
1587,2.155639
1588,2.155639
1589,2.405639
1590,2.405639
1591,2.500000
1592,2.500000
1593,2.500000
1594,2.750000
1595,2.750000
1596,2.750000
1597,2.500000
1598,2.500000
1599,2.500000
1600,2.500000
1601,2.250000
1602,2.500000
1603,2.250000
1604,2.500000
1605,2.750000
1606,2.750000
1607,2.750000
1608,2.500000
1609,2.155639
1610,2.250000
1611,2.500000
1612,2.750000
1613,2.750000
1614,3.000000
1615,3.000000
1616,2.750000
1617,2.500000
1618,2.155639
1619,2.155639
1620,1.750000
1621,1.750000
1622,1.750000
1623,1.750000
1624,1.811278
1625,1.811278
1626,2.155639
1627,2.155639
1628,1.905639
1629,1.905639
1630,2.155639
1631,2.500000
1632,2.750000
1633,3.000000
1634,2.750000
1635,2.500000
1636,2.500000
1637,2.155639
1638,1.750000
1639,2.155639
1640,1.905639
1641,1.811278
1642,1.811278
1643,2.155639
1644,2.250000
1645,2.500000
1646,2.500000
1647,2.500000
1648,2.500000
1649,2.155639
1650,2.155639
1651,2.155639
1652,1.905639
1653,1.905639
1654,2.155639
1655,2.155639
1656,2.500000
1657,2.155639
1658,2.155639
1659,2.155639
1660,2.500000
1661,2.500000
1662,2.500000
1663,2.155639
1664,2.155639
1665,2.155639
1666,2.155639
1667,1.811278
1668,2.155639
1669,2.155639
1670,2.405639
1671,2.155639
1672,1.811278
1673,1.905639
1674,1.905639
1675,1.750000
1676,2.155639
1677,2.155639
1678,2.155639
1679,2.500000
1680,2.750000
1681,2.750000
1682,2.750000
1683,2.750000
1684,2.750000
1685,2.750000
1686,2.500000
1687,2.250000
1688,2.500000
1689,2.250000
1690,2.500000
1691,2.250000
1692,2.500000
1693,2.500000
1694,2.250000
1695,2.250000
1696,2.250000
1697,2.250000
1698,1.905639
1699,1.811278
1700,2.155639
1701,2.155639
1702,2.155639
1703,2.500000
1704,2.500000
1705,2.250000
1706,2.500000
1707,2.500000
1708,2.155639
1709,2.155639
1710,2.250000
1711,2.250000
1712,2.250000
1713,2.500000
1714,2.405639
1715,2.500000
1716,2.155639
1717,1.905639
1718,2.155639
1719,2.155639
1720,2.405639
1721,2.500000
1722,2.155639
1723,2.250000
1724,2.155639
1725,2.155639
1726,2.500000
1727,2.500000
1728,2.155639
1729,1.905639
1730,2.155639
1731,2.000000
1732,2.000000
1733,2.405639
1734,2.155639
1735,2.250000
1736,2.500000
1737,2.155639
1738,2.405639
1739,2.405639
1740,2.500000
1741,2.500000
1742,2.500000
1743,2.750000
1744,2.500000
1745,2.155639
1746,2.405639
1747,2.405639
1748,2.000000
1749,2.000000
1750,1.750000
1751,2.155639
1752,2.500000
1753,2.750000
1754,2.500000
1755,2.500000
1756,2.750000
1757,2.500000
1758,2.155639
1759,2.250000
1760,1.905639
1761,1.905639
1762,2.155639
1763,2.155639
1764,2.500000
1765,2.500000
1766,2.250000
1767,2.500000
1768,2.500000
1769,2.500000
1770,2.750000
1771,2.750000
1772,2.500000
1773,2.500000
1774,2.500000
1775,2.500000
1776,2.750000
1777,2.750000
1778,2.750000
1779,2.750000
1780,2.750000
1781,2.750000
1782,3.000000
1783,2.750000
1784,2.750000
1785,2.750000
1786,2.750000
1787,2.750000
1788,3.000000
1789,2.750000
1790,2.500000
1791,2.500000
1792,2.250000
1793,2.250000
1794,2.250000
1795,2.500000
1796,2.250000
1797,2.500000
1798,2.500000
1799,2.750000
1800,2.500000
1801,2.750000
1802,2.750000
1803,2.405639
1804,2.750000
1805,2.500000
1806,2.250000
1807,2.250000
1808,1.905639
1809,2.155639
1810,2.405639
1811,2.405639
1812,2.500000
1813,2.500000
1814,2.500000
1815,2.155639
1816,1.905639
1817,2.250000
1818,2.250000
1819,2.155639
1820,2.155639
1821,2.155639
1822,2.500000
1823,2.750000
1824,2.750000
1825,2.500000
1826,2.250000
1827,2.500000
1828,2.750000
1829,2.500000
1830,2.750000
1831,2.750000
1832,2.500000
1833,2.500000
1834,2.500000
1835,2.750000
1836,2.500000
1837,2.500000
1838,2.750000
1839,3.000000
1840,2.750000
1841,2.405639
1842,2.405639
1843,2.750000
1844,2.500000
1845,2.500000
1846,2.500000
1847,2.500000
1848,2.500000
1849,2.500000
1850,2.250000
1851,2.500000
1852,2.500000
1853,2.750000
1854,2.500000
1855,2.750000
1856,2.750000
1857,2.750000
1858,2.750000
1859,2.750000
1860,2.750000
1861,2.750000
1862,2.500000
1863,2.500000
1864,2.500000
1865,2.750000
1866,2.500000
1867,2.500000
1868,2.500000
1869,2.500000
1870,2.155639
1871,2.155639
1872,2.155639
1873,2.500000
1874,2.750000
1875,3.000000
1876,3.000000
1877,3.000000
1878,3.000000
1879,3.000000
1880,2.750000
1881,2.405639
1882,2.155639
1883,2.155639
1884,1.750000
1885,2.155639
1886,2.155639
1887,2.155639
1888,2.250000
1889,2.250000
1890,2.250000
1891,1.905639
1892,1.905639
1893,1.905639
1894,2.000000
1895,2.000000
1896,2.000000
1897,1.905639
1898,2.155639
1899,1.750000
1900,2.155639
1901,2.250000
1902,2.500000
1903,2.405639
1904,2.405639
1905,2.750000
1906,2.500000
1907,2.500000
1908,2.250000
1909,2.500000
1910,2.750000
1911,2.500000
1912,2.750000
1913,2.405639
1914,2.155639
1915,1.811278
1916,1.750000
1917,1.750000
1918,1.750000
1919,2.000000
1920,2.405639
1921,2.000000
1922,2.155639
1923,2.250000
1924,2.500000
1925,2.500000
1926,2.500000
1927,2.500000
1928,2.500000
1929,2.750000
1930,2.405639
1931,2.405639
1932,2.405639
1933,2.155639
1934,2.155639
1935,2.250000
1936,2.500000
1937,2.500000
1938,2.155639
1939,2.155639
1940,2.155639
1941,2.155639
1942,2.500000
1943,2.750000
1944,2.500000
1945,2.500000
1946,2.250000
1947,2.250000
1948,2.500000
1949,2.500000
1950,2.500000
1951,2.500000
1952,2.500000
1953,2.250000
1954,2.500000
1955,2.500000
1956,2.750000
1957,2.750000
1958,2.750000
1959,2.500000
1960,2.500000
1961,2.155639
1962,2.155639
1963,2.250000
1964,2.155639
1965,2.155639
1966,2.000000
1967,2.405639
1968,2.155639
1969,2.500000
1970,2.500000
1971,2.405639
1972,2.750000
1973,2.405639
1974,2.750000
1975,2.750000
1976,2.500000
1977,2.250000
1978,2.250000
1979,2.500000
1980,2.250000
1981,2.250000
1982,2.500000
1983,2.750000
1984,2.750000
1985,2.500000
1986,2.750000
1987,3.000000
1988,3.000000
1989,2.750000
1990,2.500000
1991,2.500000
1992,2.155639
1993,1.750000
1994,1.298795
1995,1.750000
1996,2.000000
1997,2.405639
1998,2.000000
1999,1.548795
2000,2.000000
2001,2.405639
2002,2.500000
2003,2.250000
2004,2.500000
2005,2.250000
2006,2.500000
2007,2.155639
2008,1.905639
2009,1.905639
2010,1.500000
2011,1.500000
2012,1.500000
2013,1.750000
2014,1.811278
2015,1.750000
2016,1.811278
2017,2.155639
2018,2.155639
2019,2.500000
2020,2.500000
2021,2.155639
2022,2.155639
2023,2.250000
2024,2.000000
2025,1.905639
2026,1.905639
2027,1.750000
2028,2.155639
2029,2.405639
2030,2.500000
2031,2.500000
2032,2.250000
2033,2.500000
2034,2.750000
2035,2.405639
2036,2.155639
2037,2.500000
2038,2.500000
2039,2.500000
2040,2.250000
2041,2.500000
2042,2.405639
2043,2.500000
2044,2.250000
2045,2.500000
2046,2.500000
2047,2.405639
2048,2.500000
2049,2.500000
2050,2.155639
2051,2.155639
2052,2.155639
2053,2.155639
2054,2.500000
2055,2.750000
2056,2.750000
2057,2.750000
2058,3.000000
2059,2.750000
2060,2.405639
2061,2.000000
2062,2.155639
2063,2.155639
2064,2.155639
2065,1.905639
2066,1.811278
2067,1.750000
2068,1.750000
2069,1.750000
2070,2.000000
2071,2.155639
2072,2.155639
2073,2.500000
2074,2.405639
2075,2.405639
2076,2.750000
2077,2.500000
2078,2.500000
2079,2.750000
2080,2.500000
2081,2.500000
2082,2.500000
2083,2.500000
2084,2.250000
2085,2.250000
2086,2.155639
2087,2.405639
2088,2.405639
2089,2.500000
2090,2.250000
2091,2.250000
2092,2.250000
2093,2.250000
2094,1.905639
2095,1.905639
2096,1.905639
2097,1.500000
2098,1.500000
2099,1.750000
2100,2.000000
2101,2.155639
2102,2.250000
2103,1.905639
2104,1.905639
2105,1.905639
2106,2.155639
2107,2.500000
2108,2.250000
2109,2.250000
2110,2.155639
2111,1.811278
2112,1.811278
2113,1.811278
2114,1.405639
2115,1.405639
2116,1.750000
2117,2.155639
2118,2.250000
2119,2.500000
2120,2.500000
2121,2.250000
2122,2.155639
2123,2.500000
2124,2.750000
2125,2.750000
2126,2.500000
2127,2.155639
2128,2.405639
2129,2.500000
2130,2.155639
2131,2.155639
2132,2.155639
2133,1.905639
2134,2.250000
2135,2.250000
2136,2.250000
2137,2.500000
2138,2.500000
2139,2.500000
2140,2.750000
2141,2.750000
2142,2.750000
2143,2.750000
2144,2.750000
2145,2.500000
2146,2.500000
2147,2.500000
2148,2.500000
2149,2.500000
2150,2.750000
2151,2.750000
2152,3.000000
2153,2.750000
2154,2.750000
2155,2.750000
2156,2.500000
2157,2.500000
2158,2.500000
2159,2.750000
2160,3.000000
2161,2.750000
2162,2.750000
2163,2.500000
2164,2.500000
2165,2.750000
2166,2.500000
2167,2.500000
2168,2.405639
2169,2.500000
2170,2.500000
2171,2.500000
2172,2.500000
2173,2.500000
2174,2.405639
2175,2.500000
2176,2.500000
2177,2.250000
2178,1.905639
2179,1.905639
2180,1.811278
2181,2.155639
2182,2.500000
2183,2.750000
2184,2.405639
2185,2.000000
2186,2.000000
2187,2.155639
2188,1.811278
2189,1.811278
2190,1.905639
2191,1.561278
2192,1.561278
2193,1.561278
2194,1.405639
2195,1.298795
2196,1.548795
2197,2.000000
2198,2.405639
2199,2.155639
2200,2.250000
2201,1.905639
2202,2.155639
2203,1.750000
2204,2.155639
2205,2.155639
2206,2.405639
2207,2.405639
2208,2.750000
2209,2.750000
2210,2.750000
2211,2.500000
2212,2.500000
2213,2.155639
2214,2.155639
2215,1.811278
2216,2.155639
2217,2.405639
2218,2.500000
2219,2.405639
2220,2.155639
2221,1.905639
2222,1.905639
2223,1.905639
2224,2.250000
2225,2.500000
2226,2.750000
2227,2.500000
2228,2.500000
2229,2.250000
2230,2.250000
2231,2.155639
2232,2.500000
2233,2.500000
2234,2.500000
2235,2.500000
2236,2.500000
2237,2.750000
2238,2.500000
2239,2.750000
2240,2.750000
2241,2.500000
2242,2.750000
2243,2.750000
2244,2.500000
2245,2.500000
2246,2.155639
2247,1.905639
2248,2.155639
2249,2.155639
2250,2.155639
2251,2.500000
2252,2.155639
2253,2.155639
2254,2.155639
2255,1.905639
2256,1.905639
2257,1.905639
2258,2.155639
2259,2.155639
2260,2.405639
2261,2.000000
2262,2.000000
2263,2.405639
2264,2.750000
2265,2.500000
2266,2.250000
2267,2.155639
2268,2.000000
2269,2.405639
2270,2.750000
2271,2.500000
2272,2.250000
2273,2.250000
2274,2.500000
2275,2.500000
2276,2.500000
2277,2.500000
2278,2.405639
2279,2.405639
2280,2.405639
2281,2.405639
2282,2.405639
2283,2.405639
2284,2.000000
2285,2.000000
2286,2.000000
2287,2.000000
2288,1.750000
2289,1.750000
2290,1.405639
2291,1.561278
2292,1.561278
2293,1.905639
2294,1.905639
2295,1.905639
2296,2.250000
2297,2.250000
2298,2.500000
2299,2.750000
2300,2.500000
2301,2.750000
2302,2.500000
2303,2.500000
2304,2.500000
2305,2.250000
2306,2.250000
2307,2.500000
2308,2.250000
2309,2.500000
2310,2.250000
2311,2.500000
2312,2.500000
2313,2.250000
2314,2.250000
2315,2.155639
2316,2.155639
2317,2.250000
2318,1.905639
2319,2.000000
2320,1.905639
2321,2.250000
2322,2.250000
2323,1.905639
2324,2.250000
2325,2.500000
2326,2.500000
2327,2.750000
2328,2.750000
2329,2.500000
2330,2.500000
2331,2.250000
2332,2.500000
2333,2.500000
2334,2.155639
2335,2.405639
2336,2.000000
2337,2.405639
2338,2.155639
2339,2.250000
2340,1.905639
2341,1.500000
2342,1.405639
2343,1.811278
2344,1.811278
2345,2.155639
2346,2.405639
2347,2.500000
2348,2.750000
2349,2.500000
2350,2.500000
2351,2.155639
2352,1.811278
2353,1.405639
2354,1.750000
2355,1.750000
2356,1.750000
2357,1.905639
2358,2.155639
2359,2.500000
2360,2.500000
2361,2.750000
2362,2.405639
2363,2.155639
2364,1.811278
2365,1.811278
2366,1.811278
2367,2.155639
2368,2.405639
2369,2.405639
2370,2.155639
2371,2.250000
2372,2.250000
2373,2.250000
2374,2.500000
2375,2.500000
2376,2.250000
2377,2.500000
2378,2.500000
2379,2.250000
2380,2.500000
2381,2.500000
2382,2.500000
2383,2.500000
2384,2.250000
2385,2.250000
2386,2.250000
2387,2.155639
2388,1.811278
2389,2.155639
2390,2.155639
2391,1.905639
2392,2.250000
2393,2.155639
2394,2.000000
2395,2.000000
2396,1.750000
2397,2.155639
2398,1.811278
2399,2.155639
2400,1.750000
2401,2.000000
2402,1.750000
2403,1.750000
2404,1.811278
2405,2.155639
2406,2.155639
2407,2.155639
2408,2.250000
2409,2.500000
2410,2.750000
2411,2.750000
2412,2.500000
2413,2.500000
2414,2.500000
2415,2.500000
2416,2.500000
2417,2.750000
2418,2.750000
2419,2.500000
2420,2.500000
2421,2.750000
2422,3.000000
2423,3.000000
2424,2.750000
2425,2.750000
2426,2.405639
2427,2.405639
2428,2.155639
2429,2.155639
2430,2.250000
2431,2.500000
2432,2.750000
2433,3.000000
2434,2.750000
2435,2.750000
2436,2.750000
2437,2.500000
2438,2.250000
2439,2.250000
2440,2.500000
2441,2.155639
2442,1.750000
2443,1.750000
2444,2.155639
2445,2.500000
2446,2.250000
2447,2.500000
2448,2.750000
2449,3.000000
2450,3.000000
2451,2.750000
2452,2.500000
2453,2.750000
2454,2.500000
2455,2.500000
2456,2.750000
2457,2.750000
2458,2.750000
2459,2.750000
2460,2.750000
2461,2.750000
2462,2.750000
2463,2.750000
2464,2.750000
2465,3.000000
2466,3.000000
2467,2.750000
2468,2.750000
2469,2.500000
2470,2.750000
2471,2.500000
2472,2.500000
2473,2.250000
2474,2.500000
2475,2.155639
2476,2.405639
2477,2.155639
2478,2.250000
2479,2.250000
2480,2.500000
2481,2.750000
2482,2.500000
2483,2.500000
2484,2.500000
2485,2.500000
2486,2.155639
2487,2.155639
2488,1.811278
2489,1.811278
2490,2.155639
2491,2.500000
2492,2.500000
2493,2.500000
2494,2.500000
2495,2.250000
2496,2.500000
2497,2.155639
2498,2.500000
2499,2.250000
2500,2.500000
2501,2.500000
2502,2.750000
2503,2.500000
2504,2.500000
2505,2.500000
2506,2.750000
2507,2.500000
2508,2.500000
2509,2.500000
2510,2.500000
2511,2.750000
2512,2.750000
2513,2.405639
2514,2.405639
2515,2.750000
2516,2.750000
2517,3.000000
2518,2.750000
2519,2.750000
2520,2.750000
2521,2.500000
2522,2.500000
2523,2.155639
2524,1.811278
2525,1.811278
2526,1.405639
2527,1.405639
2528,1.405639
2529,1.750000
2530,2.155639
2531,2.500000
2532,2.405639
2533,2.750000
2534,3.000000
2535,3.000000
2536,3.000000
2537,3.000000
2538,2.750000
2539,2.750000
2540,2.405639
2541,2.405639
2542,2.155639
2543,2.155639
2544,1.905639
2545,2.155639
2546,2.500000
2547,2.750000
2548,2.750000
2549,2.500000
2550,2.155639
2551,1.905639
2552,2.155639
2553,1.811278
2554,2.155639
2555,2.500000
2556,2.405639
2557,2.405639
2558,2.405639
2559,2.405639
2560,2.405639
2561,2.500000
2562,2.405639
2563,2.405639
2564,2.500000
2565,2.500000
2566,2.155639
2567,2.155639
2568,2.155639
2569,1.905639
2570,1.905639
2571,2.250000
2572,2.500000
2573,2.405639
2574,2.155639
2575,2.500000
2576,2.250000
2577,2.250000
2578,2.155639
2579,2.250000
2580,2.250000
2581,2.250000
2582,2.155639
2583,2.500000
2584,2.250000
2585,2.250000
2586,2.500000
2587,2.500000
2588,2.405639
2589,2.750000
2590,2.405639
2591,2.405639
2592,2.155639
2593,2.405639
2594,2.405639
2595,2.500000
2596,2.500000
2597,2.500000
2598,2.155639
2599,1.811278
2600,1.811278
2601,1.905639
2602,1.905639
2603,2.250000
2604,2.250000
2605,2.500000
2606,2.500000
2607,2.155639
2608,1.811278
2609,2.155639
2610,2.500000
2611,2.500000
2612,2.405639
2613,2.155639
2614,2.500000
2615,2.155639
2616,2.500000
2617,2.500000
2618,2.500000
2619,2.500000
2620,2.500000
2621,2.500000
2622,2.750000
2623,2.750000
2624,3.000000
2625,2.750000
2626,2.405639
2627,2.155639
2628,1.811278
2629,1.811278
2630,1.905639
2631,1.561278
2632,1.905639
2633,1.905639
2634,2.250000
2635,2.500000
2636,2.500000
2637,2.750000
2638,2.500000
2639,2.750000
2640,2.500000
2641,2.500000
2642,2.750000
2643,3.000000
2644,3.000000
2645,3.000000
2646,2.750000
2647,2.405639
2648,2.155639
2649,2.155639
2650,2.250000
2651,2.250000
2652,2.500000
2653,2.155639
2654,2.405639
2655,2.000000
2656,2.000000
2657,2.405639
2658,2.405639
2659,2.750000
2660,2.750000
2661,3.000000
2662,2.750000
2663,2.405639
2664,2.405639
2665,2.155639
2666,2.000000
2667,2.000000
2668,2.155639
2669,2.155639
2670,2.500000
2671,2.500000
2672,2.250000
2673,2.500000
2674,2.405639
2675,2.155639
2676,1.750000
2677,1.905639
2678,1.905639
2679,2.250000
2680,2.250000
2681,2.250000
2682,2.250000
2683,2.250000
2684,2.500000
2685,2.250000
2686,2.500000
2687,2.750000
2688,2.750000
2689,2.750000
2690,2.500000
2691,2.750000
2692,2.750000
2693,2.500000
2694,2.500000
2695,2.500000
2696,2.500000
2697,2.500000
2698,2.250000
2699,2.250000
2700,2.500000
2701,2.155639
2702,2.155639
2703,2.155639
2704,2.155639
2705,2.155639
2706,2.155639
2707,2.155639
2708,2.155639
2709,2.500000
2710,2.405639
2711,2.750000
2712,2.750000
2713,2.750000
2714,2.750000
2715,2.405639
2716,2.155639
2717,1.811278
2718,1.811278
2719,1.905639
2720,2.155639
2721,2.405639
2722,2.500000
2723,2.500000
2724,2.750000
2725,2.500000
2726,2.500000
2727,2.750000
2728,2.405639
2729,2.500000
2730,2.500000
2731,2.750000
2732,2.500000
2733,2.500000
2734,2.500000
2735,2.500000
2736,2.500000
2737,2.500000
2738,2.750000
2739,2.750000
2740,2.750000
2741,2.750000
2742,3.000000
2743,3.000000
2744,2.750000
2745,2.500000
2746,2.250000
2747,2.250000
2748,2.155639
2749,2.250000
2750,2.250000
2751,2.500000
2752,2.500000
2753,2.500000
2754,2.250000
2755,2.500000
2756,2.155639
2757,2.155639
2758,2.500000
2759,2.750000
2760,2.500000
2761,2.750000
2762,2.750000
2763,2.405639
2764,2.155639
2765,1.750000
2766,1.405639
2767,1.405639
2768,1.500000
2769,1.905639
2770,1.905639
2771,2.155639
2772,2.155639
2773,1.811278
2774,1.405639
2775,1.750000
2776,1.750000
2777,1.750000
2778,1.750000
2779,1.905639
2780,2.250000
2781,2.500000
2782,2.500000
2783,2.500000
2784,2.500000
2785,2.500000
2786,2.250000
2787,2.250000
2788,2.250000
2789,2.250000
2790,2.250000
2791,1.905639
2792,2.155639
2793,2.155639
2794,2.405639
2795,2.405639
2796,2.500000
2797,2.500000
2798,2.250000
2799,2.250000
2800,2.155639
2801,2.000000
2802,2.000000
2803,2.405639
2804,2.500000
2805,2.155639
2806,1.905639
2807,2.250000
2808,2.250000
2809,2.500000
2810,2.500000
2811,2.500000
2812,2.405639
2813,2.000000
2814,2.000000
2815,2.000000
2816,2.000000
2817,2.000000
2818,2.155639
2819,2.000000
2820,2.000000
2821,2.405639
2822,2.405639
2823,2.500000
2824,2.500000
2825,2.500000
2826,2.750000
2827,3.000000
2828,2.750000
2829,2.500000
2830,2.155639
2831,1.905639
2832,1.905639
2833,2.155639
2834,2.155639
2835,2.250000
2836,2.500000
2837,2.750000
2838,2.500000
2839,2.500000
2840,2.250000
2841,2.250000
2842,2.250000
2843,2.250000
2844,2.500000
2845,2.500000
2846,2.750000
2847,2.750000
2848,3.000000
2849,2.750000
2850,2.500000
2851,2.750000
2852,2.750000
2853,2.750000
2854,2.500000
2855,2.500000
2856,2.250000
2857,2.500000
2858,2.250000
2859,2.500000
2860,2.750000
2861,2.750000
2862,2.750000
2863,2.750000
2864,2.750000
2865,2.750000
2866,2.750000
2867,3.000000
2868,3.000000
2869,2.750000
2870,2.500000
2871,2.500000
2872,2.500000
2873,2.250000
2874,2.250000
2875,2.250000
2876,2.500000
2877,2.500000
2878,2.500000
2879,2.250000
2880,1.905639
2881,1.905639
2882,2.250000
2883,1.905639
2884,2.155639
2885,2.500000
2886,2.500000
2887,2.750000
2888,2.750000
2889,2.750000
2890,2.500000
2891,2.405639
2892,2.405639
2893,2.155639
2894,2.155639
2895,1.905639
2896,1.905639
2897,1.905639
2898,1.905639
2899,1.750000
2900,1.750000
2901,1.750000
2902,2.000000
2903,2.405639
2904,2.155639
2905,2.500000
2906,2.155639
2907,2.000000
2908,2.000000
2909,1.750000
2910,1.298795
2911,1.750000
2912,2.155639
2913,2.405639
2914,2.500000
2915,2.750000
2916,3.000000
2917,2.750000
2918,2.750000
2919,2.500000
2920,2.500000
2921,2.500000
2922,2.750000
2923,2.405639
2924,2.405639
2925,2.405639
2926,2.500000
2927,2.500000
2928,2.500000
2929,2.500000
2930,2.750000
2931,2.750000
2932,2.750000
2933,2.500000
2934,2.250000
2935,2.250000
2936,2.155639
2937,2.500000
2938,2.500000
2939,2.500000
2940,2.500000
2941,2.500000
2942,2.500000
2943,2.155639
2944,2.155639
2945,2.500000
2946,2.750000
2947,2.500000
2948,2.250000
2949,2.250000
2950,2.250000
2951,1.905639
2952,1.811278
2953,1.905639
2954,2.250000
2955,2.250000
2956,1.905639
2957,2.155639
2958,2.500000
2959,2.750000
2960,2.750000
2961,2.500000
2962,2.750000
2963,2.750000
2964,2.405639
2965,2.155639
2966,2.155639
2967,2.250000
2968,2.250000
2969,2.500000
2970,2.500000
2971,2.500000
2972,2.750000
2973,2.750000
2974,2.750000
2975,2.500000
2976,2.500000
2977,2.155639
2978,1.905639
2979,2.250000
2980,2.500000
2981,2.500000
2982,2.250000
2983,2.250000
2984,2.500000
2985,2.500000
2986,2.750000
2987,2.500000
2988,2.500000
2989,2.155639
2990,1.905639
2991,1.905639
2992,1.905639
2993,1.811278
2994,2.155639
2995,2.155639
2996,2.500000
2997,2.500000
2998,2.500000
2999,2.250000
3000,2.250000
3001,2.250000
3002,2.500000
3003,2.250000
3004,2.500000
3005,2.750000
3006,2.500000
3007,2.250000
3008,2.250000
3009,2.500000
3010,2.750000
3011,2.750000
3012,2.500000
3013,2.500000
3014,2.250000
3015,2.250000
3016,2.250000
3017,2.500000
3018,2.500000
3019,2.750000
3020,2.750000
3021,2.750000
3022,3.000000
3023,3.000000
3024,3.000000
3025,3.000000
3026,2.750000
3027,2.750000
3028,2.750000
3029,2.500000
3030,2.500000
3031,2.155639
3032,1.811278
3033,1.905639
3034,2.155639
3035,2.155639
3036,2.500000
3037,2.500000
3038,2.500000
3039,2.500000
3040,2.500000
3041,2.250000
3042,2.250000
3043,2.250000
3044,2.500000
3045,2.500000
3046,2.500000
3047,2.500000
3048,2.750000
3049,2.750000
3050,2.500000
3051,2.500000
3052,2.500000
3053,2.750000
3054,2.500000
3055,2.155639
3056,2.155639
3057,2.405639
3058,2.155639
3059,2.155639
3060,2.250000
3061,2.250000
3062,2.250000
3063,2.155639
3064,2.155639
3065,1.905639
3066,1.905639
3067,1.561278
3068,1.905639
3069,2.155639
3070,2.500000
3071,2.500000
3072,2.500000
3073,2.750000
3074,2.750000
3075,2.500000
3076,2.750000
3077,2.750000
3078,2.500000
3079,2.500000
3080,2.155639
3081,2.405639
3082,2.155639
3083,2.155639
3084,2.155639
3085,2.405639
3086,2.500000
3087,2.500000
3088,2.250000
3089,2.250000
3090,2.500000
3091,2.250000
3092,2.000000
3093,1.905639
3094,1.561278
3095,1.905639
3096,1.905639
3097,2.155639
3098,2.500000
3099,2.500000
3100,2.750000
3101,2.750000
3102,2.405639
3103,2.750000
3104,2.750000
3105,2.500000
3106,2.500000
3107,2.250000
3108,2.250000
3109,1.905639
3110,2.155639
3111,2.250000
3112,2.250000
3113,2.500000
3114,2.500000
3115,2.750000
3116,2.750000
3117,2.500000
3118,2.500000
3119,2.500000
3120,2.750000
3121,2.750000
3122,3.000000
3123,2.750000
3124,2.405639
3125,2.405639
3126,2.405639
3127,2.750000
3128,2.750000
3129,2.500000
3130,2.500000
3131,2.750000
3132,2.500000
3133,2.750000
3134,2.750000
3135,2.750000
3136,2.750000
3137,2.500000
3138,2.500000
3139,2.750000
3140,2.750000
3141,2.750000
3142,2.500000
3143,2.155639
3144,2.155639
3145,2.155639
3146,2.500000
3147,2.750000
3148,2.500000
3149,2.250000
3150,2.500000
3151,2.500000
3152,2.500000
3153,2.500000
3154,2.250000
3155,2.500000
3156,2.750000
3157,2.500000
3158,2.405639
3159,2.155639
3160,1.905639
3161,1.905639
3162,2.250000
3163,2.500000
3164,2.500000
3165,2.750000
3166,2.405639
3167,2.155639
3168,1.905639
3169,2.155639
3170,2.500000
3171,2.750000
3172,2.750000
3173,2.500000
3174,2.500000
3175,2.500000
3176,2.500000
3177,2.750000
3178,2.750000
3179,3.000000
3180,2.750000
3181,2.405639
3182,2.155639
3183,2.155639
3184,2.155639
3185,1.905639
3186,2.250000
3187,2.250000
3188,2.250000
3189,2.250000
3190,2.500000
3191,2.500000
3192,2.405639
3193,2.405639
3194,2.750000
3195,2.750000
3196,2.500000
3197,2.500000
3198,2.500000
3199,2.750000
3200,2.750000
3201,2.750000
3202,2.500000
3203,2.155639
3204,1.811278
3205,1.811278
3206,2.155639
3207,2.500000
3208,2.500000
3209,2.500000
3210,2.750000
3211,2.750000
3212,2.500000
3213,2.750000
3214,2.500000
3215,2.500000
3216,2.250000
3217,2.250000
3218,2.250000
3219,2.250000
3220,2.000000
3221,2.250000
3222,2.250000
3223,2.250000
3224,2.250000
3225,2.250000
3226,1.905639
3227,1.905639
3228,2.155639
3229,2.500000
3230,2.405639
3231,2.750000
3232,2.405639
3233,2.155639
3234,2.250000
3235,2.250000
3236,2.250000
3237,2.250000
3238,2.500000
3239,2.405639
3240,2.405639
3241,2.405639
3242,2.155639
3243,2.500000
3244,2.500000
3245,2.500000
3246,2.500000
3247,2.750000
3248,2.750000
3249,2.500000
3250,2.500000
3251,2.500000
3252,2.750000
3253,2.750000
3254,2.500000
3255,2.250000
3256,2.155639
3257,1.750000
3258,2.000000
3259,2.000000
3260,2.405639
3261,2.405639
3262,2.750000
3263,2.750000
3264,2.750000
3265,2.750000
3266,2.750000
3267,2.500000
3268,2.500000
3269,2.500000
3270,2.250000
3271,1.905639
3272,1.905639
3273,2.250000
3274,2.500000
3275,2.500000
3276,2.500000
3277,2.500000
3278,2.500000
3279,2.750000
3280,2.500000
3281,2.155639
3282,1.811278
3283,1.811278
3284,2.155639
3285,2.000000
3286,2.155639
3287,2.155639
3288,2.500000
3289,2.500000
3290,2.500000
3291,2.155639
3292,2.155639
3293,2.155639
3294,2.405639
3295,2.405639
3296,2.750000
3297,2.750000
3298,2.750000
3299,2.750000
3300,2.500000
3301,2.500000
3302,2.500000
3303,2.500000
3304,2.500000
3305,2.250000
3306,2.250000
3307,1.905639
3308,2.000000
3309,2.250000
3310,2.500000
3311,2.500000
3312,2.750000
3313,2.405639
3314,2.750000
3315,2.500000
3316,2.500000
3317,2.250000
3318,2.250000
3319,2.500000
3320,2.500000
3321,2.500000
3322,2.500000
3323,2.500000
3324,2.500000
3325,2.250000
3326,2.500000
3327,2.750000
3328,2.500000
3329,2.250000
3330,2.155639
3331,2.155639
3332,2.405639
3333,2.155639
3334,2.155639
3335,2.250000
3336,2.155639
3337,1.905639
3338,2.250000
3339,2.250000
3340,2.500000
3341,2.500000
3342,2.750000
3343,2.750000
3344,2.500000
3345,2.500000
3346,2.500000
3347,2.500000
3348,2.250000
3349,2.000000
3350,2.250000
3351,2.500000
3352,2.500000
3353,2.250000
3354,2.500000
3355,2.250000
3356,2.250000
3357,2.500000
3358,2.500000
3359,2.250000
3360,2.155639
3361,2.155639
3362,2.500000
3363,2.750000
3364,2.500000
3365,2.500000
3366,2.750000
3367,2.750000
3368,2.500000
3369,2.750000
3370,2.500000
3371,2.155639
3372,1.750000
3373,2.155639
3374,2.155639
3375,2.405639
3376,2.500000
3377,2.250000
3378,2.500000
3379,2.750000
3380,2.500000
3381,2.500000
3382,2.155639
3383,2.500000
3384,2.500000
3385,2.155639
3386,2.405639
3387,2.405639
3388,2.155639
3389,2.155639
3390,2.250000
3391,1.905639
3392,1.750000
3393,1.905639
3394,1.905639
3395,2.155639
3396,2.405639
3397,2.750000
3398,2.750000
3399,2.750000
3400,2.500000
3401,2.500000
3402,2.500000
3403,2.405639
3404,2.750000
3405,2.500000
3406,2.250000
3407,2.250000
3408,2.250000
3409,2.500000
3410,2.750000
3411,2.500000
3412,2.500000
3413,2.405639
3414,2.500000
3415,2.155639
3416,2.155639
3417,2.155639
3418,2.155639
3419,2.155639
3420,2.405639
3421,2.500000
3422,2.250000
3423,2.250000
3424,2.000000
3425,2.000000
3426,1.905639
3427,2.250000
3428,2.250000
3429,2.250000
3430,2.500000
3431,2.750000
3432,3.000000
3433,3.000000
3434,2.750000
3435,2.500000
3436,2.500000
3437,2.500000
3438,2.500000
3439,2.500000
3440,2.405639
3441,2.750000
3442,2.500000
3443,2.500000
3444,2.750000
3445,2.405639
3446,2.000000
3447,2.405639
3448,2.405639
3449,2.405639
3450,2.155639
3451,2.250000
3452,2.250000
3453,2.250000
3454,1.905639
3455,2.250000
3456,2.155639
3457,2.155639
3458,2.155639
3459,2.405639
3460,2.405639
3461,2.500000
3462,2.500000
3463,2.250000
3464,2.000000
3465,2.250000
3466,2.155639
3467,2.500000
3468,2.500000
3469,2.500000
3470,2.500000
3471,2.500000
3472,2.750000
3473,2.500000
3474,2.250000
3475,2.250000
3476,2.250000
3477,2.500000
3478,2.500000
3479,2.250000
3480,2.500000
3481,2.155639
3482,2.155639
3483,2.155639
3484,2.155639
3485,1.905639
3486,2.250000
3487,2.250000
3488,2.500000
3489,2.500000
3490,2.155639
3491,2.155639
3492,2.250000
3493,2.250000
3494,2.250000
3495,2.250000
3496,2.250000
3497,2.250000
3498,1.905639
3499,2.250000
3500,2.500000
3501,2.500000
3502,2.250000
3503,2.500000
3504,2.500000
3505,2.155639
3506,2.155639
3507,2.000000
3508,2.155639
3509,2.155639
3510,2.155639
3511,1.750000
3512,2.155639
3513,2.155639
3514,2.405639
3515,2.155639
3516,2.155639
3517,2.155639
3518,2.155639
3519,2.405639
3520,2.500000
3521,2.500000
3522,2.500000
3523,2.500000
3524,2.155639
3525,2.500000
3526,2.155639
3527,2.155639
3528,2.500000
3529,2.155639
3530,2.500000
3531,2.405639
3532,2.750000
3533,2.750000
3534,3.000000
3535,3.000000
3536,2.750000
3537,2.750000
3538,2.750000
3539,3.000000
3540,3.000000
3541,3.000000
3542,2.750000
3543,2.750000
3544,2.500000
3545,2.155639
3546,2.250000
3547,2.500000
3548,2.500000
3549,2.405639
3550,2.750000
3551,2.500000
3552,2.500000
3553,2.750000
3554,2.750000
3555,2.750000
3556,2.500000
3557,2.250000
3558,2.250000
3559,2.500000
3560,2.500000
3561,2.500000
3562,2.750000
3563,2.500000
3564,2.250000
3565,1.905639
3566,1.750000
3567,2.155639
3568,1.905639
3569,2.155639
3570,2.155639
3571,2.250000
3572,2.250000
3573,2.500000
3574,2.500000
3575,2.250000
3576,2.155639
3577,2.155639
3578,2.155639
3579,2.155639
3580,2.155639
3581,2.250000
3582,1.905639
3583,2.250000
3584,2.155639
3585,2.155639
3586,2.250000
3587,2.500000
3588,2.155639
3589,2.155639
3590,2.155639
3591,2.000000
3592,1.750000
3593,2.155639
3594,2.500000
3595,2.750000
3596,2.750000
3597,3.000000
3598,2.750000
3599,2.750000
3600,2.750000
3601,2.750000
3602,2.500000
3603,2.250000
3604,1.905639
3605,2.155639
3606,2.155639
3607,2.405639
3608,2.750000
3609,2.405639
3610,2.405639
3611,2.750000
3612,3.000000
3613,2.750000
3614,2.405639
3615,2.000000
3616,2.000000
3617,2.000000
3618,1.548795
3619,1.548795
3620,2.000000
3621,2.405639
3622,2.750000
3623,3.000000
3624,3.000000
3625,2.750000
3626,2.500000
3627,2.155639
3628,2.250000
3629,2.250000
3630,2.250000
3631,2.250000
3632,2.250000
3633,2.250000
3634,2.250000
3635,2.250000
3636,2.500000
3637,2.405639
3638,2.750000
3639,2.750000
3640,2.500000
3641,2.250000
3642,2.250000
3643,2.500000
3644,2.750000
3645,2.750000
3646,2.405639
3647,2.405639
3648,2.750000
3649,2.500000
3650,2.155639
3651,2.250000
3652,2.250000
3653,2.500000
3654,2.250000
3655,2.000000
3656,1.905639
3657,2.155639
3658,2.155639
3659,2.155639
3660,2.155639
3661,2.155639
3662,2.155639
3663,2.155639
3664,2.405639
3665,2.155639
3666,2.405639
3667,2.500000
3668,2.405639
3669,2.750000
3670,2.500000
3671,2.500000
3672,2.250000
3673,2.155639
3674,1.811278
3675,1.905639
3676,2.155639
3677,2.500000
3678,2.750000
3679,2.500000
3680,2.750000
3681,2.750000
3682,2.405639
3683,2.155639
3684,2.155639
3685,2.155639
3686,2.500000
3687,2.750000
3688,3.000000
3689,3.000000
3690,3.000000
3691,2.750000
3692,2.500000
3693,2.500000
3694,2.500000
3695,2.155639
3696,2.500000
3697,2.500000
3698,2.500000
3699,2.500000
3700,2.500000
3701,2.500000
3702,2.500000
3703,2.250000
3704,2.250000
3705,2.500000
3706,2.250000
3707,2.500000
3708,2.750000
3709,2.500000
3710,2.750000
3711,2.750000
3712,2.750000
3713,2.750000
3714,3.000000
3715,2.750000
3716,2.405639
3717,2.155639
3718,2.500000
3719,2.500000
3720,2.500000
3721,2.750000
3722,2.500000
3723,2.500000
3724,2.250000
3725,2.500000
3726,2.500000
3727,2.500000
3728,2.500000
3729,2.405639
3730,2.405639
3731,2.000000
3732,1.750000
3733,1.405639
3734,1.811278
3735,1.905639
3736,1.905639
3737,1.811278
3738,1.905639
3739,1.811278
3740,2.155639
3741,2.405639
3742,2.750000
3743,2.750000
3744,2.500000
3745,2.750000
3746,2.750000
3747,2.405639
3748,2.750000
3749,2.750000
3750,2.500000
3751,2.500000
3752,2.500000
3753,2.155639
3754,2.155639
3755,2.155639
3756,2.155639
3757,2.155639
3758,2.500000
3759,2.750000
3760,2.750000
3761,2.750000
3762,2.750000
3763,2.405639
3764,2.405639
3765,2.155639
3766,2.155639
3767,2.500000
3768,2.155639
3769,2.250000
3770,1.905639
3771,2.250000
3772,2.500000
3773,2.500000
3774,2.750000
3775,2.405639
3776,2.750000
3777,2.500000
3778,2.405639
3779,2.750000
3780,2.500000
3781,2.155639
3782,1.811278
3783,2.155639
3784,1.905639
3785,2.250000
3786,2.500000
3787,2.750000
3788,2.750000
3789,2.500000
3790,2.155639
3791,1.905639
3792,2.000000
3793,2.000000
3794,1.905639
3795,1.750000
3796,1.750000
3797,2.000000
3798,2.000000
3799,1.750000
3800,1.905639
3801,1.905639
3802,2.155639
3803,1.905639
3804,1.811278
3805,1.750000
3806,1.298795
3807,1.298795
3808,1.548795
3809,1.548795
3810,1.548795
3811,1.548795
3812,2.000000
3813,2.405639
3814,2.500000
3815,2.250000
3816,1.905639
3817,2.155639
3818,2.250000
3819,2.500000
3820,2.500000
3821,2.500000
3822,2.500000
3823,2.500000
3824,2.750000
3825,2.500000
3826,2.500000
3827,2.750000
3828,2.750000
3829,2.500000
3830,2.500000
3831,2.750000
3832,2.500000
3833,2.750000
3834,2.405639
3835,2.405639
3836,2.750000
3837,3.000000
3838,2.750000
3839,2.750000
3840,2.750000
3841,2.405639
3842,2.405639
3843,2.405639
3844,2.500000
3845,2.750000
3846,3.000000
3847,2.750000
3848,2.750000
3849,2.500000
3850,2.750000
3851,2.500000
3852,2.250000
3853,2.155639
3854,1.811278
3855,2.155639
3856,2.155639
3857,2.000000
3858,2.405639
3859,2.750000
3860,2.405639
3861,2.500000
3862,2.500000
3863,2.500000
3864,2.250000
3865,2.500000
3866,2.750000
3867,2.500000
3868,2.500000
3869,2.250000
3870,2.250000
3871,2.250000
3872,2.250000
3873,2.500000
3874,2.500000
3875,2.250000
3876,2.500000
3877,2.750000
3878,2.405639
3879,2.500000
3880,2.750000
3881,2.500000
3882,2.500000
3883,2.750000
3884,2.750000
3885,2.500000
3886,2.500000
3887,2.500000
3888,2.500000
3889,2.750000
3890,2.500000
3891,2.500000
3892,2.500000
3893,2.750000
3894,2.500000
3895,2.500000
3896,2.405639
3897,2.405639
3898,2.500000
3899,2.250000
3900,2.250000
3901,2.500000
3902,2.500000
3903,2.500000
3904,2.250000
3905,1.905639
3906,1.905639
3907,2.155639
3908,2.155639
3909,2.155639
3910,2.155639
3911,1.905639
3912,1.561278
3913,1.811278
3914,1.811278
3915,2.155639
3916,2.405639
3917,2.405639
3918,2.405639
3919,2.405639
3920,2.500000
3921,2.405639
3922,2.500000
3923,2.250000
3924,2.250000
3925,2.500000
3926,2.155639
3927,2.405639
3928,2.405639
3929,2.405639
3930,2.405639
3931,2.500000
3932,2.405639
3933,2.155639
3934,2.155639
3935,2.155639
3936,2.500000
3937,2.250000
3938,2.500000
3939,2.750000
3940,2.405639
3941,2.405639
3942,2.155639
3943,2.500000
3944,2.500000
3945,2.750000
3946,2.750000
3947,2.750000
3948,2.750000
3949,2.750000
3950,2.750000
3951,2.750000
3952,2.405639
3953,2.405639
3954,2.155639
3955,2.500000
3956,2.500000
3957,2.500000
3958,2.750000
3959,3.000000
3960,3.000000
3961,2.750000
3962,2.750000
3963,2.750000
3964,2.500000
3965,2.500000
3966,2.500000
3967,2.250000
3968,2.250000
3969,2.500000
3970,2.750000
3971,2.750000
3972,2.500000
3973,2.250000
3974,1.905639
3975,1.905639
3976,2.250000
3977,2.250000
3978,2.500000
3979,2.250000
3980,2.250000
3981,2.155639
3982,2.155639
3983,2.500000
3984,2.750000
3985,2.405639
3986,2.155639
3987,2.500000
3988,2.250000
3989,2.500000
3990,2.500000
3991,2.500000
3992,2.155639
3993,2.405639
3994,2.000000
3995,2.000000
3996,2.155639
3997,2.155639
3998,2.250000
3999,2.250000
4000,2.250000
4001,2.250000
4002,2.250000
4003,2.500000
4004,2.250000
4005,2.250000
4006,2.155639
4007,2.155639
4008,1.905639
4009,1.811278
4010,1.811278
4011,1.750000
4012,1.750000
4013,1.548795
4014,1.548795
4015,1.750000
4016,1.750000
4017,2.155639
4018,2.155639
4019,2.500000
4020,2.500000
4021,2.750000
4022,2.750000
4023,2.500000
4024,2.750000
4025,2.750000
4026,2.750000
4027,3.000000
4028,3.000000
4029,2.750000
4030,2.500000
4031,2.750000
4032,2.750000
4033,2.500000
4034,2.500000
4035,2.750000
4036,2.500000
4037,2.750000
4038,2.750000
4039,2.405639
4040,2.405639
4041,2.405639
4042,2.750000
4043,2.500000
4044,2.750000
4045,2.405639
4046,2.155639
4047,2.155639
4048,2.500000
4049,2.155639
4050,2.155639
4051,2.500000
4052,2.750000
4053,2.750000
4054,2.750000
4055,2.750000
4056,2.500000
4057,2.250000
4058,1.905639
4059,1.905639
4060,1.905639
4061,1.905639
4062,2.155639
4063,2.250000
4064,2.155639
4065,1.750000
4066,1.750000
4067,2.155639
4068,2.250000
4069,2.500000
4070,2.750000
4071,2.500000
4072,2.500000
4073,2.250000
4074,2.500000
4075,2.500000
4076,2.500000
4077,2.750000
4078,2.500000
4079,2.750000
4080,2.750000
4081,2.500000
4082,2.500000
4083,2.750000
4084,2.750000
4085,2.500000
4086,2.250000
4087,2.250000
4088,2.500000
4089,2.250000
4090,2.155639
4091,2.405639
4092,2.500000
4093,2.500000
4094,2.155639
4095,2.155639
4096,2.155639
4097,2.405639
4098,2.500000
4099,2.500000
4100,2.500000
4101,2.750000
4102,2.500000
4103,2.500000
4104,2.250000
4105,2.250000
4106,2.155639
4107,2.405639
4108,2.000000
4109,1.750000
4110,2.000000
4111,2.000000
4112,2.000000
4113,2.155639
4114,2.500000
4115,2.500000
4116,2.500000
4117,2.500000
4118,2.500000
4119,2.250000
4120,2.500000
4121,2.500000
4122,2.500000
4123,2.750000
4124,2.750000
4125,2.750000
4126,2.500000
4127,2.155639
4128,2.155639
4129,2.155639
4130,2.000000
4131,1.750000
4132,2.155639
4133,1.750000
4134,1.750000
4135,2.155639
4136,2.155639
4137,2.155639
4138,2.250000
4139,1.905639
4140,1.750000
4141,1.811278
4142,2.155639
4143,2.155639
4144,1.905639
4145,1.561278
4146,1.905639
4147,1.905639
4148,1.905639
4149,2.155639
4150,2.500000
4151,2.500000
4152,2.500000
4153,2.500000
4154,2.500000
4155,2.750000
4156,2.500000
4157,2.500000
4158,2.500000
4159,2.750000
4160,2.750000
4161,2.500000
4162,2.500000
4163,2.500000
4164,2.250000
4165,2.500000
4166,2.500000
4167,2.500000
4168,2.500000
4169,2.250000
4170,2.250000
4171,2.500000
4172,2.405639
4173,2.155639
4174,2.500000
4175,2.500000
4176,2.500000
4177,2.500000
4178,2.250000
4179,2.155639
4180,2.155639
4181,1.905639
4182,2.155639
4183,2.405639
4184,2.750000
4185,2.750000
4186,2.750000
4187,2.750000
4188,2.750000
4189,2.405639
4190,2.500000
4191,2.500000
4192,2.500000
4193,2.750000
4194,2.500000
4195,2.500000
4196,2.750000
4197,2.750000
4198,2.500000
4199,2.500000
4200,2.500000
4201,2.750000
4202,2.500000
4203,2.500000
4204,2.500000
4205,2.750000
4206,2.750000
4207,2.750000
4208,2.750000
4209,2.500000
4210,2.405639
4211,2.405639
4212,2.405639
4213,2.405639
4214,2.405639
4215,2.155639
4216,2.250000
4217,2.250000
4218,2.250000
4219,2.500000
4220,2.750000
4221,2.750000
4222,2.750000
4223,2.750000
4224,2.750000
4225,2.750000
4226,2.500000
4227,2.500000
4228,2.500000
4229,2.500000
4230,2.250000
4231,2.500000
4232,2.500000
4233,2.750000
4234,2.500000
4235,2.250000
4236,2.500000
4237,2.500000
4238,2.250000
4239,2.155639
4240,2.155639
4241,2.405639
4242,2.405639
4243,2.405639
4244,2.405639
4245,2.405639
4246,2.750000
4247,2.750000
4248,2.750000
4249,2.750000
4250,2.405639
4251,2.155639
4252,2.405639
4253,2.405639
4254,2.750000
4255,2.750000
4256,2.405639
4257,2.405639
4258,2.500000
4259,2.500000
4260,2.155639
4261,2.155639
4262,2.155639
4263,2.155639
4264,2.155639
4265,2.405639
4266,2.405639
4267,2.405639
4268,2.500000
4269,2.500000
4270,2.500000
4271,2.405639
4272,2.155639
4273,2.250000
4274,2.250000
4275,2.250000
4276,2.250000
4277,2.500000
4278,2.500000
4279,2.500000
4280,2.500000
4281,2.750000
4282,2.750000
4283,3.000000
4284,2.750000
4285,2.750000
4286,2.500000
4287,2.750000
4288,2.500000
4289,2.250000
4290,2.500000
4291,2.750000
4292,2.500000
4293,2.250000
4294,2.250000
4295,2.500000
4296,2.500000
4297,2.500000
4298,2.500000
4299,2.500000
4300,2.250000
4301,1.905639
4302,1.905639
4303,2.000000
4304,2.250000
4305,2.250000
4306,2.500000
4307,2.155639
4308,2.155639
4309,1.905639
4310,1.905639
4311,2.155639
4312,2.250000
4313,2.500000
4314,2.500000
4315,2.500000
4316,2.250000
4317,2.500000
4318,2.500000
4319,2.500000
4320,2.250000
4321,2.155639
4322,2.155639
4323,2.155639
4324,1.811278
4325,1.811278
4326,1.750000
4327,2.000000
4328,1.750000
4329,1.750000
4330,2.155639
4331,2.250000
4332,2.250000
4333,2.250000
4334,2.500000
4335,2.500000
4336,2.500000
4337,2.250000
4338,2.500000
4339,2.500000
4340,2.155639
4341,2.250000
4342,2.500000
4343,2.750000
4344,2.750000
4345,2.500000
4346,2.500000
4347,2.155639
4348,2.155639
4349,2.155639
4350,2.155639
4351,2.405639
4352,2.405639
4353,2.500000
4354,2.155639
4355,2.405639
4356,2.155639
4357,2.155639
4358,2.155639
4359,2.155639
4360,2.250000
4361,2.250000
4362,2.000000
4363,1.905639
4364,2.155639
4365,2.155639
4366,2.155639
4367,2.500000
4368,2.750000
4369,2.405639
4370,2.405639
4371,2.500000
4372,2.155639
4373,1.811278
4374,2.155639
4375,2.155639
4376,1.905639
4377,1.905639
4378,1.905639
4379,2.250000
4380,2.500000
4381,2.500000
4382,2.500000
4383,2.500000
4384,2.250000
4385,2.500000
4386,2.500000
4387,2.250000
4388,2.250000
4389,2.250000
4390,2.250000
4391,1.905639
4392,1.811278
4393,2.155639
4394,2.500000
4395,2.750000
4396,2.750000
4397,2.750000
4398,3.000000
4399,2.750000
4400,2.405639
4401,2.500000
4402,2.250000
4403,2.000000
4404,2.250000
4405,2.500000
4406,2.500000
4407,2.750000
4408,2.500000
4409,2.250000
4410,2.250000
4411,2.250000
4412,2.155639
4413,2.500000
4414,2.500000
4415,2.500000
4416,2.405639
4417,2.000000
4418,2.405639
4419,2.500000
4420,2.500000
4421,2.500000
4422,2.155639
4423,2.500000
4424,2.500000
4425,2.155639
4426,2.250000
4427,2.250000
4428,2.500000
4429,2.500000
4430,2.500000
4431,2.500000
4432,2.750000
4433,2.500000
4434,2.500000
4435,2.155639
4436,2.000000
4437,2.000000
4438,2.405639
4439,2.405639
4440,2.405639
4441,2.750000
4442,2.405639
4443,2.500000
4444,2.500000
4445,2.500000
4446,2.750000
4447,2.500000
4448,2.750000
4449,2.750000
4450,3.000000
4451,2.750000
4452,2.750000
4453,2.750000
4454,2.500000
4455,2.155639
4456,1.905639
4457,1.561278
4458,1.905639
4459,2.155639
4460,2.250000
4461,2.250000
4462,2.500000
4463,2.500000
4464,2.500000
4465,2.250000
4466,2.155639
4467,2.500000
4468,2.500000
4469,2.750000
4470,2.500000
4471,2.500000
4472,2.500000
4473,2.750000
4474,2.500000
4475,2.250000
4476,2.250000
4477,2.500000
4478,2.750000
4479,2.500000
4480,2.500000
4481,2.500000
4482,2.155639
4483,2.155639
4484,2.155639
4485,2.405639
4486,2.155639
4487,2.250000
4488,2.500000
4489,2.750000
4490,2.750000
4491,2.750000
4492,2.750000
4493,2.750000
4494,2.750000
4495,2.750000
4496,2.500000
4497,2.250000
4498,2.250000
4499,2.250000
4500,2.155639
4501,1.750000
4502,1.750000
4503,1.750000
4504,2.155639
4505,2.155639
4506,2.405639
4507,2.405639
4508,2.500000
4509,2.750000
4510,2.405639
4511,2.405639
4512,2.155639
4513,1.905639
4514,2.155639
4515,2.250000
4516,2.500000
4517,2.500000
4518,2.250000
4519,2.500000
4520,2.250000
4521,2.250000
4522,2.500000
4523,2.250000
4524,2.250000
4525,2.155639
4526,2.155639
4527,2.000000
4528,2.000000
4529,2.000000
4530,2.155639
4531,2.500000
4532,2.155639
4533,2.405639
4534,2.000000
4535,1.750000
4536,1.750000
4537,2.155639
4538,2.500000
4539,2.405639
4540,2.500000
4541,2.250000
4542,2.155639
4543,2.155639
4544,2.250000
4545,2.250000
4546,2.500000
4547,2.750000
4548,2.750000
4549,2.750000
4550,2.750000
4551,2.750000
4552,2.500000
4553,2.500000
4554,2.500000
4555,2.155639
4556,2.250000
4557,2.250000
4558,1.905639
4559,1.905639
4560,2.155639
4561,2.250000
4562,2.500000
4563,2.500000
4564,2.500000
4565,2.250000
4566,2.500000
4567,2.750000
4568,2.500000
4569,2.155639
4570,2.155639
4571,2.500000
4572,2.500000
4573,2.500000
4574,2.500000
4575,2.500000
4576,2.750000
4577,3.000000
4578,3.000000
4579,2.750000
4580,2.500000
4581,2.500000
4582,2.250000
4583,2.250000
4584,2.250000
4585,2.500000
4586,2.250000
4587,2.250000
4588,2.500000
4589,2.750000
4590,2.750000
4591,2.750000
4592,2.750000
4593,2.500000
4594,2.155639
4595,2.500000
4596,2.500000
4597,2.500000
4598,2.155639
4599,2.250000
4600,2.250000
4601,2.250000
4602,2.155639
4603,2.500000
4604,2.500000
4605,2.750000
4606,2.750000
4607,2.500000
4608,2.750000
4609,2.750000
4610,2.500000
4611,2.500000
4612,2.155639
4613,2.155639
4614,2.500000
4615,2.155639
4616,2.155639
4617,1.905639
4618,2.155639
4619,2.155639
4620,2.250000
4621,2.000000
4622,2.250000
4623,2.155639
4624,2.155639
4625,2.405639
4626,2.500000
4627,2.155639
4628,2.500000
4629,2.250000
4630,2.155639
4631,2.500000
4632,2.250000
4633,2.500000
4634,2.155639
4635,2.405639
4636,2.750000
4637,2.500000
4638,2.500000
4639,2.250000
4640,2.500000
4641,2.500000
4642,2.155639
4643,2.500000
4644,2.500000
4645,2.500000
4646,2.750000
4647,2.750000
4648,2.750000
4649,2.750000
4650,2.750000
4651,2.750000
4652,2.750000
4653,2.750000
4654,2.500000
4655,2.155639
4656,2.155639
4657,2.250000
4658,2.250000
4659,1.905639
4660,2.155639
4661,2.405639
4662,2.155639
4663,2.155639
4664,2.500000
4665,2.750000
4666,2.500000
4667,2.500000
4668,2.155639
4669,2.405639
4670,2.155639
4671,1.811278
4672,2.155639
4673,2.500000
4674,2.750000
4675,2.750000
4676,2.750000
4677,2.750000
4678,3.000000
4679,2.750000
4680,2.750000
4681,2.405639
4682,2.405639
4683,2.405639
4684,2.405639
4685,2.155639
4686,2.155639
4687,2.500000
4688,2.405639
4689,2.500000
4690,2.250000
4691,2.250000
4692,2.250000
4693,2.250000
4694,2.155639
4695,2.405639
4696,2.405639
4697,2.750000
4698,2.500000
4699,2.155639
4700,1.750000
4701,1.750000
4702,1.750000
4703,1.750000
4704,2.000000
4705,2.405639
4706,2.750000
4707,2.750000
4708,2.750000
4709,2.750000
4710,2.405639
4711,2.750000
4712,2.500000
4713,2.500000
4714,2.155639
4715,2.155639
4716,2.500000
4717,2.750000
4718,2.750000
4719,2.500000
4720,2.750000
4721,2.405639
4722,2.750000
4723,2.500000
4724,2.500000
4725,2.155639
4726,2.155639
4727,2.405639
4728,2.405639
4729,2.155639
4730,2.250000
4731,2.000000
4732,2.250000
4733,2.250000
4734,2.250000
4735,2.155639
4736,2.155639
4737,2.405639
4738,2.405639
4739,2.405639
4740,2.750000
4741,2.500000
4742,2.500000
4743,2.500000
4744,2.500000
4745,2.750000
4746,2.750000
4747,3.000000
4748,2.750000
4749,2.405639
4750,2.155639
4751,2.250000
4752,1.905639
4753,2.250000
4754,2.250000
4755,1.905639
4756,1.905639
4757,1.905639
4758,2.250000
4759,2.250000
4760,2.250000
4761,2.500000
4762,2.155639
4763,2.155639
4764,2.405639
4765,2.405639
4766,2.500000
4767,2.500000
4768,2.750000
4769,2.500000
4770,2.500000
4771,2.250000
4772,2.250000
4773,2.250000
4774,1.905639
4775,1.905639
4776,2.155639
4777,2.500000
4778,2.500000
4779,2.155639
4780,2.155639
4781,2.155639
4782,2.155639
4783,2.405639
4784,2.405639
4785,2.500000
4786,2.500000
4787,2.155639
4788,1.905639
4789,1.905639
4790,2.250000
4791,2.155639
4792,2.250000
4793,2.500000
4794,2.500000
4795,2.500000
4796,2.500000
4797,2.500000
4798,2.500000
4799,2.750000
4800,2.500000
4801,2.250000
4802,2.500000
4803,2.500000
4804,2.500000
4805,2.250000
4806,2.500000
4807,2.500000
4808,2.250000
4809,2.250000
4810,2.500000
4811,2.500000
4812,2.500000
4813,2.250000
4814,2.500000
4815,2.155639
4816,2.250000
4817,2.250000
4818,2.000000
4819,2.250000
4820,2.500000
4821,2.155639
4822,2.155639
4823,2.155639
4824,1.905639
4825,2.250000
4826,2.500000
4827,2.405639
4828,2.500000
4829,2.500000
4830,2.500000
4831,2.500000
4832,2.405639
4833,2.405639
4834,2.750000
4835,2.500000
4836,2.750000
4837,2.500000
4838,2.500000
4839,2.500000
4840,2.500000
4841,2.500000
4842,2.500000
4843,2.500000
4844,2.750000
4845,2.750000
4846,2.750000
4847,2.500000
4848,2.500000
4849,2.155639
4850,2.500000
4851,2.500000
4852,2.500000
4853,2.750000
4854,2.500000
4855,2.155639
4856,2.405639
4857,2.155639
4858,2.155639
4859,2.500000
4860,2.750000
4861,2.750000
4862,2.750000
4863,2.500000
4864,2.500000
4865,2.500000
4866,2.155639
4867,1.750000
4868,2.000000
4869,2.155639
4870,1.750000
4871,2.155639
4872,2.405639
4873,2.155639
4874,2.500000
4875,2.500000
4876,2.155639
4877,2.000000
4878,2.000000
4879,2.000000
4880,2.405639
4881,2.750000
4882,2.750000
4883,2.750000
4884,3.000000
4885,2.750000
4886,2.750000
4887,2.500000
4888,2.405639
4889,2.405639
4890,2.405639
4891,2.750000
4892,2.750000
4893,3.000000
4894,2.750000
4895,2.500000
4896,2.500000
4897,2.500000
4898,2.500000
4899,2.500000
4900,2.500000
4901,2.500000
4902,2.500000
4903,2.500000
4904,2.750000
4905,2.500000
4906,2.500000
4907,2.500000
4908,2.250000
4909,2.500000
4910,2.750000
4911,2.750000
4912,2.500000
4913,2.500000
4914,2.750000
4915,2.500000
4916,2.500000
4917,2.500000
4918,2.405639
4919,2.155639
4920,2.155639
4921,1.750000
4922,2.155639
4923,1.905639
4924,1.905639
4925,2.250000
4926,2.155639
4927,2.155639
4928,2.500000
4929,2.500000
4930,2.750000
4931,2.750000
4932,2.500000
4933,2.500000
4934,2.250000
4935,2.500000
4936,2.750000
4937,2.500000
4938,2.500000
4939,2.250000
4940,2.000000
4941,2.000000
4942,1.905639
4943,1.905639
4944,1.811278
4945,1.811278
4946,1.905639
4947,1.905639
4948,2.155639
4949,2.155639
4950,1.811278
4951,2.155639
4952,2.155639
4953,2.250000
4954,2.500000
4955,2.500000
4956,2.500000
4957,2.500000
4958,2.155639
4959,2.155639
4960,2.155639
4961,2.405639
4962,2.750000
4963,2.500000
4964,2.500000
4965,2.500000
4966,2.500000
4967,2.500000
4968,2.500000
4969,2.155639
4970,2.155639
4971,2.155639
4972,2.155639
4973,2.500000
4974,2.750000
4975,3.000000
4976,2.750000
4977,2.750000
4978,2.750000
4979,2.500000
4980,2.155639
4981,1.811278
4982,1.905639
4983,1.905639
4984,1.905639
4985,2.155639
4986,2.155639
4987,2.250000
4988,2.500000
4989,2.750000
4990,2.405639
4991,2.000000
4992,1.750000
4993,2.155639
4994,2.155639
4995,2.500000
4996,2.750000
4997,2.500000
4998,2.405639
4999,2.155639
5000,1.905639
5001,1.561278
5002,1.561278
5003,1.561278
5004,1.561278
5005,1.905639
5006,2.155639
5007,2.405639
5008,2.750000
5009,2.500000
5010,2.750000
5011,2.500000
5012,2.500000
5013,2.500000
5014,2.500000
5015,2.500000
5016,2.500000
5017,2.405639
5018,2.155639
5019,2.000000
5020,2.155639
5021,2.155639
5022,2.155639
5023,2.155639
5024,2.155639
5025,2.405639
5026,2.500000
5027,2.500000
5028,2.405639
5029,2.750000
5030,2.750000
5031,2.750000
5032,2.500000
5033,2.750000
5034,3.000000
5035,3.000000
5036,2.750000
5037,2.750000
5038,2.500000
5039,2.405639
5040,2.405639
5041,2.500000
5042,2.250000
5043,2.250000
5044,2.500000
5045,2.500000
5046,2.500000
5047,2.500000
5048,2.500000
5049,2.155639
5050,2.155639
5051,2.155639
5052,2.155639
5053,2.500000
5054,2.750000
5055,3.000000
5056,2.750000
5057,2.750000
5058,2.750000
5059,2.500000
5060,2.155639
5061,2.155639
5062,2.155639
5063,2.155639
5064,1.811278
5065,2.155639
5066,2.405639
5067,2.500000
5068,2.750000
5069,2.750000
5070,2.500000
5071,2.500000
5072,2.750000
5073,2.750000
5074,2.750000
5075,2.500000
5076,2.750000
5077,2.500000
5078,2.250000
5079,2.250000
5080,1.905639
5081,2.155639
5082,2.405639
5083,2.000000
5084,2.405639
5085,2.405639
5086,2.500000
5087,2.750000
5088,3.000000
5089,2.750000
5090,2.500000
5091,2.750000
5092,2.750000
5093,2.500000
5094,2.750000
5095,2.750000
5096,2.750000
5097,2.405639
5098,2.155639
5099,2.155639
5100,2.155639
5101,2.500000
5102,2.500000
5103,2.750000
5104,2.750000
5105,2.750000
5106,2.500000
5107,2.500000
5108,2.500000
5109,2.500000
5110,2.500000
5111,2.750000
5112,2.405639
5113,2.500000
5114,2.500000
5115,2.500000
5116,2.500000
5117,2.500000
5118,2.500000
5119,2.500000
5120,2.500000
5121,2.750000
5122,3.000000
5123,2.750000
5124,2.750000
5125,2.500000
5126,2.500000
5127,2.250000
5128,2.155639
5129,2.500000
5130,2.500000
5131,2.250000
5132,2.500000
5133,2.250000
5134,2.250000
5135,2.155639
5136,2.155639
5137,2.405639
5138,2.405639
5139,2.155639
5140,2.250000
5141,2.500000
5142,2.750000
5143,2.500000
5144,2.750000
5145,2.750000
5146,2.750000
5147,2.750000
5148,2.750000
5149,2.750000
5150,2.500000
5151,2.155639
5152,2.155639
5153,2.155639
5154,1.905639
5155,1.905639
5156,1.905639
5157,1.750000
5158,1.750000
5159,2.155639
5160,2.250000
5161,2.500000
5162,2.500000
5163,2.500000
5164,2.405639
5165,2.405639
5166,2.155639
5167,2.500000
5168,2.500000
5169,2.750000
5170,2.500000
5171,2.500000
5172,2.750000
5173,3.000000
5174,2.750000
5175,3.000000
5176,3.000000
5177,2.750000
5178,2.500000
5179,2.250000
5180,2.500000
5181,2.500000
5182,2.250000
5183,2.500000
5184,2.500000
5185,2.500000
5186,2.250000
5187,2.000000
5188,2.250000
5189,2.155639
5190,2.155639
5191,2.500000
5192,2.500000
5193,2.750000
5194,2.750000
5195,2.500000
5196,2.155639
5197,2.155639
5198,2.405639
5199,2.500000
5200,2.405639
5201,2.155639
5202,2.155639
5203,1.905639
5204,1.905639
5205,2.250000
5206,2.155639
5207,2.405639
5208,2.405639
5209,2.155639
5210,2.500000
5211,2.250000
5212,2.250000
5213,2.155639
5214,2.155639
5215,2.500000
5216,2.500000
5217,2.750000
5218,2.750000
5219,2.750000
5220,2.750000
5221,2.500000
5222,2.500000
5223,2.250000
5224,2.250000
5225,2.500000
5226,2.500000
5227,2.500000
5228,2.500000
5229,2.405639
5230,2.405639
5231,2.500000
5232,2.500000
5233,2.250000
5234,2.500000
5235,2.500000
5236,2.500000
5237,2.500000
5238,2.750000
5239,2.500000
5240,2.750000
5241,2.750000
5242,2.750000
5243,2.750000
5244,2.750000
5245,2.500000
5246,2.250000
5247,2.250000
5248,2.250000
5249,2.250000
5250,2.155639
5251,2.155639
5252,2.500000
5253,2.500000
5254,2.500000
5255,2.750000
5256,2.405639
5257,2.405639
5258,2.155639
5259,2.500000
5260,2.500000
5261,2.500000
5262,2.750000
5263,2.750000
5264,2.500000
5265,2.250000
5266,2.500000
5267,2.500000
5268,2.500000
5269,2.500000
5270,2.500000
5271,2.500000
5272,2.500000
5273,2.750000
5274,3.000000
5275,2.750000
5276,2.750000
5277,2.750000
5278,2.500000
5279,2.500000
5280,2.500000
5281,2.155639
5282,1.811278
5283,1.811278
5284,1.905639
5285,1.905639
5286,1.905639
5287,2.155639
5288,2.405639
5289,2.500000
5290,2.405639
5291,2.155639
5292,2.155639
5293,2.500000
5294,2.750000
5295,2.750000
5296,2.500000
5297,2.500000
5298,2.500000
5299,2.750000
5300,2.750000
5301,3.000000
5302,2.750000
5303,2.500000
5304,2.500000
5305,2.500000
5306,2.750000
5307,2.750000
5308,2.750000
5309,2.750000
5310,2.750000
5311,2.500000
5312,2.500000
5313,2.500000
5314,2.500000
5315,2.500000
5316,2.155639
5317,2.155639
5318,1.750000
5319,2.000000
5320,1.750000
5321,2.155639
5322,2.155639
5323,2.500000
5324,2.500000
5325,2.750000
5326,2.750000
5327,2.750000
5328,2.405639
5329,2.405639
5330,2.155639
5331,2.155639
5332,2.250000
5333,2.250000
5334,2.155639
5335,2.500000
5336,2.500000
5337,2.500000
5338,2.500000
5339,2.500000
5340,2.155639
5341,2.155639
5342,2.405639
5343,2.500000
5344,2.500000
5345,2.500000
5346,2.750000
5347,2.750000
5348,2.750000
5349,2.500000
5350,2.250000
5351,2.500000
5352,2.500000
5353,2.155639
5354,2.155639
5355,2.155639
5356,2.155639
5357,2.155639
5358,1.750000
5359,1.905639
5360,2.250000
5361,2.155639
5362,2.155639
5363,1.750000
5364,1.750000
5365,1.750000
5366,1.750000
5367,2.155639
5368,2.405639
5369,2.500000
5370,2.500000
5371,2.250000
5372,2.250000
5373,2.250000
5374,2.250000
5375,2.250000
5376,2.500000
5377,2.500000
5378,2.500000
5379,2.500000
5380,2.500000
5381,2.750000
5382,2.750000
5383,2.500000
5384,2.750000
5385,2.750000
5386,2.750000
5387,2.500000
5388,2.250000
5389,1.905639
5390,1.905639
5391,1.561278
5392,1.561278
5393,1.561278
5394,1.905639
5395,2.155639
5396,2.500000
5397,2.250000
5398,2.500000
5399,2.750000
5400,2.405639
5401,2.405639
5402,2.500000
5403,2.500000
5404,2.155639
5405,2.405639
5406,2.405639
5407,2.405639
5408,2.405639
5409,2.405639
5410,2.750000
5411,2.405639
5412,2.750000
5413,2.500000
5414,2.500000
5415,2.500000
5416,2.750000
5417,2.750000
5418,2.750000
5419,2.500000
5420,2.500000
5421,2.500000
5422,2.500000
5423,2.500000
5424,2.750000
5425,2.750000
5426,2.500000
5427,2.500000
5428,2.155639
5429,2.250000
5430,2.155639
5431,1.905639
5432,2.250000
5433,2.500000
5434,2.750000
5435,2.500000
5436,2.155639
5437,2.500000
5438,2.500000
5439,2.750000
5440,2.500000
5441,2.750000
5442,2.500000
5443,2.750000
5444,2.750000
5445,2.500000
5446,2.500000
5447,2.750000
5448,2.750000
5449,2.750000
5450,2.750000
5451,2.500000
5452,2.750000
5453,2.500000
5454,2.500000
5455,2.250000
5456,1.905639
5457,1.811278
5458,2.155639
5459,2.405639
5460,2.155639
5461,1.811278
5462,1.811278
5463,2.155639
5464,2.500000
5465,2.500000
5466,2.500000
5467,2.500000
5468,2.500000
5469,2.500000
5470,2.500000
5471,2.250000
5472,2.250000
5473,2.500000
5474,2.750000
5475,2.750000
5476,2.750000
5477,2.500000
5478,2.405639
5479,2.405639
5480,2.155639
5481,2.405639
5482,2.405639
5483,2.155639
5484,2.155639
5485,2.155639
5486,2.405639
5487,2.405639
5488,2.155639
5489,2.000000
5490,1.750000
5491,2.155639
5492,2.500000
5493,2.750000
5494,2.500000
5495,2.500000
5496,2.500000
5497,2.500000
5498,2.250000
5499,2.500000
5500,2.500000
5501,2.250000
5502,2.155639
5503,1.811278
5504,1.811278
5505,1.811278
5506,2.155639
5507,2.500000
5508,2.750000
5509,3.000000
5510,3.000000
5511,3.000000
5512,2.750000
5513,2.500000
5514,2.500000
5515,2.500000
5516,2.250000
5517,2.250000
5518,2.000000
5519,1.905639
5520,1.905639
5521,2.155639
5522,2.250000
5523,2.250000
5524,2.250000
5525,2.250000
5526,2.500000
5527,2.250000
5528,2.155639
5529,2.500000
5530,2.500000
5531,2.500000
5532,2.500000
5533,2.500000
5534,2.250000
5535,2.500000
5536,2.250000
5537,2.155639
5538,2.500000
5539,2.155639
5540,1.750000
5541,2.155639
5542,2.155639
5543,1.750000
5544,1.811278
5545,2.155639
5546,1.905639
5547,2.250000
5548,2.500000
5549,2.500000
5550,2.500000
5551,2.250000
5552,2.500000
5553,2.155639
5554,1.750000
5555,1.548795
5556,2.000000
5557,2.000000
5558,2.155639
5559,1.811278
5560,2.155639
5561,2.500000
5562,2.500000
5563,2.500000
5564,2.500000
5565,2.250000
5566,2.500000
5567,2.500000
5568,2.750000
5569,2.750000
5570,2.500000
5571,2.250000
5572,1.905639
5573,2.155639
5574,2.155639
5575,2.155639
5576,2.250000
5577,2.250000
5578,1.905639
5579,2.155639
5580,2.155639
5581,2.500000
5582,2.500000
5583,2.500000
5584,2.500000
5585,2.500000
5586,2.250000
5587,2.250000
5588,2.500000
5589,2.500000
5590,2.750000
5591,2.750000
5592,2.750000
5593,2.500000
5594,2.500000
5595,2.750000
5596,2.500000
5597,2.750000
5598,2.750000
5599,2.750000
5600,2.750000
5601,2.750000
5602,2.500000
5603,2.500000
5604,2.500000
5605,2.500000
5606,2.250000
5607,2.250000
5608,2.250000
5609,2.250000
5610,2.500000
5611,2.750000
5612,2.750000
5613,2.500000
5614,2.155639
5615,2.000000
5616,2.000000
5617,1.548795
5618,2.000000
5619,2.000000
5620,1.750000
5621,1.811278
5622,2.155639
5623,2.155639
5624,2.250000
5625,2.500000
5626,2.155639
5627,2.250000
5628,2.500000
5629,2.250000
5630,2.250000
5631,2.500000
5632,2.750000
5633,2.500000
5634,2.500000
5635,2.750000
5636,2.750000
5637,2.750000
5638,2.500000
5639,2.750000
5640,2.750000
5641,3.000000
5642,3.000000
5643,2.750000
5644,2.750000
5645,2.750000
5646,2.750000
5647,2.750000
5648,2.500000
5649,2.155639
5650,2.155639
5651,1.750000
5652,1.750000
5653,1.750000
5654,2.000000
5655,2.000000
5656,2.405639
5657,2.155639
5658,2.500000
5659,2.500000
5660,2.500000
5661,2.500000
5662,2.500000
5663,2.250000
5664,2.155639
5665,2.155639
5666,2.155639
5667,2.155639
5668,2.155639
5669,2.155639
5670,2.155639
5671,2.500000
5672,2.405639
5673,2.405639
5674,2.155639
5675,2.500000
5676,2.500000
5677,2.750000
5678,2.750000
5679,2.405639
5680,2.155639
5681,1.811278
5682,2.155639
5683,2.155639
5684,2.155639
5685,1.905639
5686,2.155639
5687,2.155639
5688,2.500000
5689,2.750000
5690,2.500000
5691,2.500000
5692,2.750000
5693,2.405639
5694,2.405639
5695,2.405639
5696,2.405639
5697,2.405639
5698,2.750000
5699,2.750000
5700,2.500000
5701,2.405639
5702,2.405639
5703,2.500000
5704,2.500000
5705,2.500000
5706,2.155639
5707,1.905639
5708,1.905639
5709,2.155639
5710,2.500000
5711,2.500000
5712,2.750000
5713,2.750000
5714,2.500000
5715,2.500000
5716,2.500000
5717,2.500000
5718,2.500000
5719,2.155639
5720,2.405639
5721,2.405639
5722,2.155639
5723,2.155639
5724,2.250000
5725,2.500000
5726,2.500000
5727,2.250000
5728,2.155639
5729,2.500000
5730,2.750000
5731,2.750000
5732,2.500000
5733,2.405639
5734,2.750000
5735,3.000000
5736,3.000000
5737,2.750000
5738,2.500000
5739,2.500000
5740,2.750000
5741,2.750000
5742,3.000000
5743,2.750000
5744,2.750000
5745,2.750000
5746,2.405639
5747,2.405639
5748,2.405639
5749,2.155639
5750,2.155639
5751,1.750000
5752,1.811278
5753,1.905639
5754,1.905639
5755,2.000000
5756,2.250000
5757,2.155639
5758,2.155639
5759,2.250000
5760,2.250000
5761,2.250000
5762,2.250000
5763,2.500000
5764,2.500000
5765,2.500000
5766,2.500000
5767,2.155639
5768,2.250000
5769,2.500000
5770,2.250000
5771,2.250000
5772,2.500000
5773,2.750000
5774,2.750000
5775,2.500000
5776,2.750000
5777,2.750000
5778,2.500000
5779,2.250000
5780,2.250000
5781,2.500000
5782,2.750000
5783,2.750000
5784,2.405639
5785,2.405639
5786,2.155639
5787,2.155639
5788,2.155639
5789,2.500000
5790,2.250000
5791,2.250000
5792,1.905639
5793,1.811278
5794,1.811278
5795,2.155639
5796,1.905639
5797,2.000000
5798,2.250000
5799,2.155639
5800,2.155639
5801,1.905639
5802,2.155639
5803,2.250000
5804,2.250000
5805,2.500000
5806,2.500000
5807,2.500000
5808,2.750000
5809,2.750000
5810,2.750000
5811,2.500000
5812,2.750000
5813,2.405639
5814,2.405639
5815,2.500000
5816,2.250000
5817,2.500000
5818,2.500000
5819,2.750000
5820,2.750000
5821,2.750000
5822,2.750000
5823,2.750000
5824,2.500000
5825,2.250000
5826,2.500000
5827,2.250000
5828,2.500000
5829,2.500000
5830,2.500000
5831,2.155639
5832,2.500000
5833,2.500000
5834,2.500000
5835,2.500000
5836,2.250000
5837,2.500000
5838,2.500000
5839,2.155639
5840,1.811278
5841,1.811278
5842,1.811278
5843,1.811278
5844,1.811278
5845,2.155639
5846,2.405639
5847,2.750000
5848,2.750000
5849,2.750000
5850,2.405639
5851,2.500000
5852,2.750000
5853,2.500000
5854,2.500000
5855,2.750000
5856,2.500000
5857,2.500000
5858,2.500000
5859,2.500000
5860,2.500000
5861,2.155639
5862,2.405639
5863,2.750000
5864,2.500000
5865,2.750000
5866,2.405639
5867,2.405639
5868,2.500000
5869,2.500000
5870,2.500000
5871,2.500000
5872,2.500000
5873,2.500000
5874,2.500000
5875,2.500000
5876,2.500000
5877,2.500000
5878,2.750000
5879,2.750000
5880,2.750000
5881,2.750000
5882,2.500000
5883,2.750000
5884,2.750000
5885,2.500000
5886,2.250000
5887,2.500000
5888,2.750000
5889,2.750000
5890,2.750000
5891,2.750000
5892,2.500000
5893,2.750000
5894,2.750000
5895,2.500000
5896,2.500000
5897,2.405639
5898,2.405639
5899,2.405639
5900,2.500000
5901,2.500000
5902,2.500000
5903,2.155639
5904,2.250000
5905,2.500000
5906,2.250000
5907,2.500000
5908,2.500000
5909,2.750000
5910,2.405639
5911,2.000000
5912,1.750000
5913,1.811278
5914,2.155639
5915,2.250000
5916,2.250000
5917,2.250000
5918,2.500000
5919,2.500000
5920,2.750000
5921,2.500000
5922,2.405639
5923,2.405639
5924,2.750000
5925,2.750000
5926,2.750000
5927,2.500000
5928,2.155639
5929,2.250000
5930,2.250000
5931,2.500000
5932,2.250000
5933,2.500000
5934,2.250000
5935,2.500000
5936,2.750000
5937,2.750000
5938,2.500000
5939,2.500000
5940,2.500000
5941,2.155639
5942,2.155639
5943,1.811278
5944,2.155639
5945,2.500000
5946,2.500000
5947,2.750000
5948,2.500000
5949,2.500000
5950,2.155639
5951,2.500000
5952,2.250000
5953,2.250000
5954,2.250000
5955,2.250000
5956,2.250000
5957,2.155639
5958,1.750000
5959,2.155639
5960,1.750000
5961,1.905639
5962,1.905639
5963,2.155639
5964,2.405639
5965,2.750000
5966,2.750000
5967,2.750000
5968,2.500000
5969,2.500000
5970,2.500000
5971,2.750000
5972,2.750000
5973,2.750000
5974,2.500000
5975,2.500000
5976,2.500000
5977,2.500000
5978,2.750000
5979,2.500000
5980,2.500000
5981,2.750000
5982,2.750000
5983,2.750000
5984,2.405639
5985,2.405639
5986,2.750000
5987,3.000000
5988,3.000000
5989,2.750000
5990,2.750000
5991,2.500000
5992,2.250000
5993,2.500000
5994,2.500000
5995,2.750000
5996,2.500000
5997,2.250000
5998,2.500000
5999,2.500000
6000,2.500000
6001,2.500000
6002,2.500000
6003,2.750000
6004,2.750000
6005,2.500000
6006,2.250000
6007,2.500000
6008,2.500000
6009,2.500000
6010,2.250000
6011,2.500000
6012,2.750000
6013,2.500000
6014,2.750000
6015,2.405639
6016,2.405639
6017,2.405639
6018,2.405639
6019,2.500000
6020,2.500000
6021,2.500000
6022,2.500000
6023,2.750000
6024,2.750000
6025,2.405639
6026,2.155639
6027,2.155639
6028,1.750000
6029,1.750000
6030,1.298795
6031,1.405639
6032,1.405639
6033,1.750000
6034,2.155639
6035,2.155639
6036,2.155639
6037,1.905639
6038,2.250000
6039,2.500000
6040,2.500000
6041,2.500000
6042,2.750000
6043,2.750000
6044,2.500000
6045,2.750000
6046,2.750000
6047,2.750000
6048,2.500000
6049,2.250000
6050,2.500000
6051,2.500000
6052,2.155639
6053,2.155639
6054,1.905639
6055,2.000000
6056,2.250000
6057,2.250000
6058,2.500000
6059,2.500000
6060,2.250000
6061,2.250000
6062,2.500000
6063,2.500000
6064,2.500000
6065,2.500000
6066,2.500000
6067,2.250000
6068,2.250000
6069,1.905639
6070,1.905639
6071,2.155639
6072,1.905639
6073,2.250000
6074,2.250000
6075,2.500000
6076,2.500000
6077,2.500000
6078,2.500000
6079,2.500000
6080,2.500000
6081,2.750000
6082,2.405639
6083,2.000000
6084,2.155639
6085,2.155639
6086,2.405639
6087,2.500000
6088,2.750000
6089,2.500000
6090,2.500000
6091,2.250000
6092,1.905639
6093,1.905639
6094,2.250000
6095,2.250000
6096,2.500000
6097,2.155639
6098,2.250000
6099,2.500000
6100,2.500000
6101,2.500000
6102,2.500000
6103,2.750000
6104,2.750000
6105,2.750000
6106,2.750000
6107,2.750000
6108,2.750000
6109,2.750000
6110,2.750000
6111,2.750000
6112,2.500000
6113,2.500000
6114,2.500000
6115,2.250000
6116,2.250000
6117,2.250000
6118,2.250000
6119,2.500000
6120,2.405639
6121,2.405639
6122,2.405639
6123,2.500000
6124,2.250000
6125,2.000000
6126,2.250000
6127,2.155639
6128,2.155639
6129,2.405639
6130,2.500000
6131,2.500000
6132,2.500000
6133,2.750000
6134,2.405639
6135,2.750000
6136,2.405639
6137,2.000000
6138,2.000000
6139,2.405639
6140,2.405639
6141,2.405639
6142,2.750000
6143,2.750000
6144,2.750000
6145,2.750000
6146,2.750000
6147,2.500000
6148,2.250000
6149,2.500000
6150,2.500000
6151,2.250000
6152,2.250000
6153,2.500000
6154,2.500000
6155,2.250000
6156,2.155639
6157,2.155639
6158,2.405639
6159,2.000000
6160,1.750000
6161,2.000000
6162,2.405639
6163,2.500000
6164,2.500000
6165,2.500000
6166,2.500000
6167,2.155639
6168,1.905639
6169,2.155639
6170,2.500000
6171,2.500000
6172,2.750000
6173,2.750000
6174,2.750000
6175,2.750000
6176,2.750000
6177,2.750000
6178,2.750000
6179,2.500000
6180,2.750000
6181,2.500000
6182,2.500000
6183,2.500000
6184,2.155639
6185,2.155639
6186,2.155639
6187,1.750000
6188,1.750000
6189,1.905639
6190,2.250000
6191,2.155639
6192,2.155639
6193,2.500000
6194,2.750000
6195,2.500000
6196,2.250000
6197,2.155639
6198,2.155639
6199,2.000000
6200,1.548795
6201,1.061278
6202,1.548795
6203,1.298795
6204,1.298795
6205,1.750000
6206,1.405639
6207,1.811278
6208,1.811278
6209,1.811278
6210,1.750000
6211,2.000000
6212,2.155639
6213,1.905639
6214,2.155639
6215,2.155639
6216,2.500000
6217,2.750000
6218,2.500000
6219,2.750000
6220,2.500000
6221,2.500000
6222,2.250000
6223,2.500000
6224,2.500000
6225,2.405639
6226,2.500000
6227,2.500000
6228,2.250000
6229,2.250000
6230,2.155639
6231,2.155639
6232,2.155639
6233,2.155639
6234,1.750000
6235,1.905639
6236,2.250000
6237,2.250000
6238,2.155639
6239,2.405639
6240,2.155639
6241,2.500000
6242,2.155639
6243,2.000000
6244,2.000000
6245,2.405639
6246,2.405639
6247,2.155639
6248,2.250000
6249,1.905639
6250,1.750000
6251,1.405639
6252,1.811278
6253,1.905639
6254,2.155639
6255,2.155639
6256,2.250000
6257,2.250000
6258,2.500000
6259,2.155639
6260,2.405639
6261,2.500000
6262,2.250000
6263,2.500000
6264,2.500000
6265,2.405639
6266,2.155639
6267,2.155639
6268,1.905639
6269,1.905639
6270,2.155639
6271,2.405639
6272,2.500000
6273,2.500000
6274,2.750000
6275,2.405639
6276,2.405639
6277,2.500000
6278,2.155639
6279,2.155639
6280,2.500000
6281,2.155639
6282,2.250000
6283,2.500000
6284,2.155639
6285,2.405639
6286,2.405639
6287,2.155639
6288,2.155639
6289,2.155639
6290,2.155639
6291,2.155639
6292,2.500000
6293,2.500000
6294,2.500000
6295,2.405639
6296,2.500000
6297,2.500000
6298,2.500000
6299,2.500000
6300,2.500000
6301,2.500000
6302,2.750000
6303,2.750000
6304,2.750000
6305,2.500000
6306,2.500000
6307,2.250000
6308,2.155639
6309,1.905639
6310,1.905639
6311,1.811278
6312,1.811278
6313,1.905639
6314,1.905639
6315,2.155639
6316,2.500000
6317,2.500000
6318,2.500000
6319,2.500000
6320,2.500000
6321,2.250000
6322,2.250000
6323,2.500000
6324,2.405639
6325,2.155639
6326,2.155639
6327,2.500000
6328,2.500000
6329,2.500000
6330,2.500000
6331,2.500000
6332,2.250000
6333,2.500000
6334,2.250000
6335,2.250000
6336,2.250000
6337,2.155639
6338,2.155639
6339,1.811278
6340,1.750000
6341,1.905639
6342,1.905639
6343,2.155639
6344,2.155639
6345,2.500000
6346,2.405639
6347,2.405639
6348,2.750000
6349,2.750000
6350,3.000000
6351,2.750000
6352,2.405639
6353,2.405639
6354,2.750000
6355,2.750000
6356,2.500000
6357,2.500000
6358,2.500000
6359,2.750000
6360,2.405639
6361,2.405639
6362,2.155639
6363,2.500000
6364,2.155639
6365,2.405639
6366,2.155639
6367,2.500000
6368,2.250000
6369,1.905639
6370,2.250000
6371,2.000000
6372,2.250000
6373,2.500000
6374,2.500000
6375,2.500000
6376,2.500000
6377,2.250000
6378,2.250000
6379,2.250000
6380,2.000000
6381,2.250000
6382,2.500000
6383,2.405639
6384,2.155639
6385,1.811278
6386,1.405639
6387,1.811278
6388,2.155639
6389,2.500000
6390,2.500000
6391,2.500000
6392,2.500000
6393,2.500000
6394,2.500000
6395,2.500000
6396,2.750000
6397,2.500000
6398,2.500000
6399,2.500000
6400,2.250000
6401,1.905639
6402,2.155639
6403,2.155639
6404,2.155639
6405,2.155639
6406,2.250000
6407,2.000000
6408,2.250000
6409,2.500000
6410,2.500000
6411,2.250000
6412,2.250000
6413,2.500000
6414,2.500000
6415,2.500000
6416,2.500000
6417,2.500000
6418,2.500000
6419,2.500000
6420,2.500000
6421,2.500000
6422,2.500000
6423,2.750000
6424,2.500000
6425,2.500000
6426,2.500000
6427,2.500000
6428,2.750000
6429,3.000000
6430,2.750000
6431,2.405639
6432,2.405639
6433,2.155639
6434,2.000000
6435,2.000000
6436,1.750000
6437,2.155639
6438,2.500000
6439,2.500000
6440,2.250000
6441,2.250000
6442,2.500000
6443,2.500000
6444,2.250000
6445,2.500000
6446,2.155639
6447,2.155639
6448,2.155639
6449,2.155639
6450,2.155639
6451,2.155639
6452,2.500000
6453,2.500000
6454,2.500000
6455,2.405639
6456,2.405639
6457,2.405639
6458,2.750000
6459,2.500000
6460,2.250000
6461,2.250000
6462,2.155639
6463,2.500000
6464,2.500000
6465,2.750000
6466,2.750000
6467,2.750000
6468,2.750000
6469,2.750000
6470,2.500000
6471,2.250000
6472,2.155639
6473,2.500000
6474,2.500000
6475,2.500000
6476,2.750000
6477,2.500000
6478,2.500000
6479,2.750000
6480,2.750000
6481,2.750000
6482,2.750000
6483,2.750000
6484,2.750000
6485,2.500000
6486,2.500000
6487,2.500000
6488,2.500000
6489,2.155639
6490,2.155639
6491,2.500000
6492,2.500000
6493,2.500000
6494,2.500000
6495,2.500000
6496,2.500000
6497,2.750000
6498,2.500000
6499,2.250000
6500,2.250000
6501,2.500000
6502,2.750000
6503,2.750000
6504,2.750000
6505,2.500000
6506,2.750000
6507,2.750000
6508,2.750000
6509,2.750000
6510,2.500000
6511,2.500000
6512,2.250000
6513,1.905639
6514,2.250000
6515,2.250000
6516,2.500000
6517,2.500000
6518,2.500000
6519,2.500000
6520,2.155639
6521,2.155639
6522,2.250000
6523,2.000000
6524,2.250000
6525,2.155639
6526,2.250000
6527,2.500000
6528,2.500000
6529,2.750000
6530,2.750000
6531,2.500000
6532,2.250000
6533,2.500000
6534,2.500000
6535,2.500000
6536,2.155639
6537,2.155639
6538,1.750000
6539,2.155639
6540,2.155639
6541,2.155639
6542,1.750000
6543,2.155639
6544,2.000000
6545,2.405639
6546,2.750000
6547,2.750000
6548,2.500000
6549,2.500000
6550,2.750000
6551,2.750000
6552,2.500000
6553,2.250000
6554,2.500000
6555,2.250000
6556,2.250000
6557,2.250000
6558,2.500000
6559,2.250000
6560,2.500000
6561,2.500000
6562,2.500000
6563,2.500000
6564,2.750000
6565,2.500000
6566,2.250000
6567,2.250000
6568,2.500000
6569,2.750000
6570,2.500000
6571,2.250000
6572,2.500000
6573,2.500000
6574,2.500000
6575,2.500000
6576,2.250000
6577,2.500000
6578,2.155639
6579,2.500000
6580,2.500000
6581,2.500000
6582,2.500000
6583,2.750000
6584,2.750000
6585,3.000000
6586,2.750000
6587,2.750000
6588,2.750000
6589,2.750000
6590,2.750000
6591,2.500000
6592,2.405639
6593,2.155639
6594,2.155639
6595,2.155639
6596,1.811278
6597,1.811278
6598,2.155639
6599,2.405639
6600,2.405639
6601,2.155639
6602,1.811278
6603,1.811278
6604,2.155639
6605,2.155639
6606,2.155639
6607,2.155639
6608,2.500000
6609,2.750000
6610,2.405639
6611,2.405639
6612,2.500000
6613,2.500000
6614,2.500000
6615,2.500000
6616,2.500000
6617,2.500000
6618,2.500000
6619,2.750000
6620,2.750000
6621,2.500000
6622,2.500000
6623,2.750000
6624,2.500000
6625,2.750000
6626,2.500000
6627,2.750000
6628,2.750000
6629,2.500000
6630,2.500000
6631,2.500000
6632,2.500000
6633,2.500000
6634,2.750000
6635,2.500000
6636,2.500000
6637,2.750000
6638,2.750000
6639,2.500000
6640,2.500000
6641,2.250000
6642,2.250000
6643,2.250000
6644,2.500000
6645,2.500000
6646,2.250000
6647,1.905639
6648,2.155639
6649,2.155639
6650,2.155639
6651,2.155639
6652,2.250000
6653,2.500000
6654,2.750000
6655,2.500000
6656,2.500000
6657,2.250000
6658,2.250000
6659,2.250000
6660,2.500000
6661,2.405639
6662,2.405639
6663,2.155639
6664,2.155639
6665,2.155639
6666,2.250000
6667,2.155639
6668,2.405639
6669,2.155639
6670,2.405639
6671,2.405639
6672,2.000000
6673,2.155639
6674,2.250000
6675,2.250000
6676,2.500000
6677,2.750000
6678,2.500000
6679,2.500000
6680,2.750000
6681,2.750000
6682,2.500000
6683,2.250000
6684,2.250000
6685,2.500000
6686,2.500000
6687,2.500000
6688,2.500000
6689,2.750000
6690,2.500000
6691,2.500000
6692,2.250000
6693,2.500000
6694,2.500000
6695,2.500000
6696,2.250000
6697,1.905639
6698,1.905639
6699,1.905639
6700,2.000000
6701,2.250000
6702,2.250000
6703,2.250000
6704,2.250000
6705,2.500000
6706,2.750000
6707,2.500000
6708,2.405639
6709,2.000000
6710,2.000000
6711,2.155639
6712,2.500000
6713,2.750000
6714,2.500000
6715,2.500000
6716,2.750000
6717,2.405639
6718,2.155639
6719,2.500000
6720,2.500000
6721,2.250000
6722,2.500000
6723,2.500000
6724,2.750000
6725,2.500000
6726,2.155639
6727,2.500000
6728,2.405639
6729,2.750000
6730,2.500000
6731,2.500000
6732,2.500000
6733,2.750000
6734,3.000000
6735,2.750000
6736,2.500000
6737,2.500000
6738,2.155639
6739,2.155639
6740,2.250000
6741,2.250000
6742,2.500000
6743,2.405639
6744,2.405639
6745,2.500000
6746,2.500000
6747,2.250000
6748,2.250000
6749,2.155639
6750,2.155639
6751,2.405639
6752,2.500000
6753,2.750000
6754,2.500000
6755,2.250000
6756,2.250000
6757,2.250000
6758,2.250000
6759,2.250000
6760,2.250000
6761,2.155639
6762,2.155639
6763,1.750000
6764,2.155639
6765,2.155639
6766,2.155639
6767,2.000000
6768,2.000000
6769,2.155639
6770,2.000000
6771,2.155639
6772,2.155639
6773,2.500000
6774,2.750000
6775,2.750000
6776,2.750000
6777,2.500000
6778,2.500000
6779,2.750000
6780,2.750000
6781,2.405639
6782,2.750000
6783,2.750000
6784,2.750000
6785,3.000000
6786,2.750000
6787,2.750000
6788,2.750000
6789,2.500000
6790,2.250000
6791,2.500000
6792,2.500000
6793,2.500000
6794,2.750000
6795,3.000000
6796,2.750000
6797,2.500000
6798,2.750000
6799,2.750000
6800,2.750000
6801,2.500000
6802,2.500000
6803,2.500000
6804,2.250000
6805,2.250000
6806,2.250000
6807,2.500000
6808,2.500000
6809,2.155639
6810,1.905639
6811,2.155639
6812,2.500000
6813,2.750000
6814,2.750000
6815,2.500000
6816,2.250000
6817,2.500000
6818,2.750000
6819,2.750000
6820,2.500000
6821,2.250000
6822,2.500000
6823,2.500000
6824,2.750000
6825,2.500000
6826,2.750000
6827,2.750000
6828,2.750000
6829,2.500000
6830,2.500000
6831,2.500000
6832,2.500000
6833,2.500000
6834,2.500000
6835,2.155639
6836,2.405639
6837,2.155639
6838,2.155639
6839,2.500000
6840,2.500000
6841,2.500000
6842,2.750000
6843,2.500000
6844,2.500000
6845,2.500000
6846,2.500000
6847,2.250000
6848,2.250000
6849,2.500000
6850,2.155639
6851,2.155639
6852,2.405639
6853,2.000000
6854,2.000000
6855,2.155639
6856,2.155639
6857,1.905639
6858,2.250000
6859,2.155639
6860,2.250000
6861,2.250000
6862,2.250000
6863,2.155639
6864,2.155639
6865,1.811278
6866,1.905639
6867,1.500000
6868,1.905639
6869,2.155639
6870,2.155639
6871,2.500000
6872,2.750000
6873,2.500000
6874,2.500000
6875,2.500000
6876,2.500000
6877,2.750000
6878,2.750000
6879,2.750000
6880,2.750000
6881,2.500000
6882,2.155639
6883,2.405639
6884,2.405639
6885,2.405639
6886,2.750000
6887,2.500000
6888,2.500000
6889,2.750000
6890,2.500000
6891,2.250000
6892,2.500000
6893,2.500000
6894,2.250000
6895,2.500000
6896,2.250000
6897,2.500000
6898,2.155639
6899,2.155639
6900,2.250000
6901,2.155639
6902,2.155639
6903,2.155639
6904,2.405639
6905,2.155639
6906,2.155639
6907,2.155639
6908,2.500000
6909,2.500000
6910,2.500000
6911,2.500000
6912,2.250000
6913,2.500000
6914,2.250000
6915,2.250000
6916,2.155639
6917,2.155639
6918,2.155639
6919,2.250000
6920,2.250000
6921,2.250000
6922,1.905639
6923,2.155639
6924,2.250000
6925,2.500000
6926,2.500000
6927,2.500000
6928,2.500000
6929,2.500000
6930,2.500000
6931,2.500000
6932,2.250000
6933,2.500000
6934,2.155639
6935,2.155639
6936,2.500000
6937,2.750000
6938,2.500000
6939,2.750000
6940,2.500000
6941,2.500000
6942,2.250000
6943,2.250000
6944,2.250000
6945,2.500000
6946,2.500000
6947,2.500000
6948,2.500000
6949,2.750000
6950,2.750000
6951,2.750000
6952,2.750000
6953,2.500000
6954,2.500000
6955,2.500000
6956,2.500000
6957,2.750000
6958,2.500000
6959,2.250000
6960,2.500000
6961,2.750000
6962,2.500000
6963,2.750000
6964,2.750000
6965,2.750000
6966,2.405639
6967,2.405639
6968,2.500000
6969,2.155639
6970,2.155639
6971,2.155639
6972,2.155639
6973,2.500000
6974,2.500000
6975,2.750000
6976,3.000000
6977,2.750000
6978,2.750000
6979,2.500000
6980,2.250000
6981,2.250000
6982,2.250000
6983,2.155639
6984,2.155639
6985,2.405639
6986,2.405639
6987,2.500000
6988,2.500000
6989,2.500000
6990,2.250000
6991,2.500000
6992,2.500000
6993,2.500000
6994,2.500000
6995,2.500000
6996,2.500000
6997,2.250000
6998,2.500000
6999,2.750000
7000,2.750000
7001,2.500000
7002,2.500000
7003,2.250000
7004,2.250000
7005,2.500000
7006,2.500000
7007,2.500000
7008,2.500000
7009,2.750000
7010,2.750000
7011,2.750000
7012,2.500000
7013,2.155639
7014,1.905639
7015,1.905639
7016,2.155639
7017,2.500000
7018,2.500000
7019,2.500000
7020,2.500000
7021,2.250000
7022,2.250000
7023,2.500000
7024,2.500000
7025,2.500000
7026,2.155639
7027,2.155639
7028,2.155639
7029,1.905639
7030,2.250000
7031,2.500000
7032,2.500000
7033,2.500000
7034,2.750000
7035,2.750000
7036,3.000000
7037,2.750000
7038,2.500000
7039,2.500000
7040,2.500000
7041,2.155639
7042,2.155639
7043,2.500000
7044,2.500000
7045,2.750000
7046,2.750000
7047,2.750000
7048,2.750000
7049,2.750000
7050,2.500000
7051,2.500000
7052,2.250000
7053,2.250000
7054,1.905639
7055,1.905639
7056,1.905639
7057,2.000000
7058,2.250000
7059,2.250000
7060,2.250000
7061,2.250000
7062,2.250000
7063,2.155639
7064,2.500000
7065,2.500000
7066,2.500000
7067,2.155639
7068,2.155639
7069,1.811278
7070,2.155639
7071,2.500000
7072,2.155639
7073,2.155639
7074,2.250000
7075,2.500000
7076,2.250000
7077,2.155639
7078,2.155639
7079,1.811278
7080,1.561278
7081,1.405639
7082,1.811278
7083,1.905639
7084,1.811278
7085,1.905639
7086,2.155639
7087,1.750000
7088,2.155639
7089,1.811278
7090,1.905639
7091,1.905639
7092,2.155639
7093,2.500000
7094,2.155639
7095,1.750000
7096,1.905639
7097,2.155639
7098,2.250000
7099,1.905639
7100,1.905639
7101,1.561278
7102,1.811278
7103,1.811278
7104,1.811278
7105,2.155639
7106,2.000000
7107,2.405639
7108,2.405639
7109,2.750000
7110,2.750000
7111,2.500000
7112,2.500000
7113,2.500000
7114,2.500000
7115,2.155639
7116,2.155639
7117,2.155639
7118,2.405639
7119,2.155639
7120,2.500000
7121,2.500000
7122,2.500000
7123,2.750000
7124,2.500000
7125,2.750000
7126,2.750000
7127,2.500000
7128,2.250000
7129,2.500000
7130,2.750000
7131,2.750000
7132,2.500000
7133,2.500000
7134,2.500000
7135,2.500000
7136,2.500000
7137,2.500000
7138,2.155639
7139,2.405639
7140,2.405639
7141,2.500000
7142,2.750000
7143,2.500000
7144,2.250000
7145,2.500000
7146,2.250000
7147,2.250000
7148,2.500000
7149,2.405639
7150,2.500000
7151,2.500000
7152,2.500000
7153,2.750000
7154,3.000000
7155,2.750000
7156,2.405639
7157,2.155639
7158,1.750000
7159,1.750000
7160,1.750000
7161,2.000000
7162,2.000000
7163,2.155639
7164,2.500000
7165,2.500000
7166,2.750000
7167,2.750000
7168,2.750000
7169,2.500000
7170,2.750000
7171,2.750000
7172,2.750000
7173,2.750000
7174,2.750000
7175,2.750000
7176,2.500000
7177,2.500000
7178,2.500000
7179,2.750000
7180,2.500000
7181,2.500000
7182,2.250000
7183,2.250000
7184,2.250000
7185,2.500000
7186,2.500000
7187,2.405639
7188,2.000000
7189,2.000000
7190,2.155639
7191,1.811278
7192,1.811278
7193,1.905639
7194,1.905639
7195,2.155639
7196,1.905639
7197,1.905639
7198,2.155639
7199,2.155639
7200,1.750000
7201,2.000000
7202,2.000000
7203,2.405639
7204,2.405639
7205,2.750000
7206,2.750000
7207,2.405639
7208,2.500000
7209,2.500000
7210,2.500000
7211,2.250000
7212,2.250000
7213,2.000000
7214,1.905639
7215,1.750000
7216,2.000000
7217,2.405639
7218,2.000000
7219,1.548795
7220,1.298795
7221,1.750000
7222,2.155639
7223,2.500000
7224,2.155639
7225,2.155639
7226,2.155639
7227,2.405639
7228,2.155639
7229,1.811278
7230,1.811278
7231,1.905639
7232,2.155639
7233,2.405639
7234,2.405639
7235,2.750000
7236,2.750000
7237,2.750000
7238,2.500000
7239,2.250000
7240,2.500000
7241,2.500000
7242,2.405639
7243,2.500000
7244,2.500000
7245,2.250000
7246,2.250000
7247,1.905639
7248,1.905639
7249,1.905639
7250,1.750000
7251,2.000000
7252,2.000000
7253,2.405639
7254,2.155639
7255,2.155639
7256,2.155639
7257,2.250000
7258,2.500000
7259,2.500000
7260,2.500000
7261,2.500000
7262,2.500000
7263,2.750000
7264,2.500000
7265,2.500000
7266,2.750000
7267,3.000000
7268,2.750000
7269,2.750000
7270,2.750000
7271,2.750000
7272,2.750000
7273,2.500000
7274,2.155639
7275,2.155639
7276,2.155639
7277,1.905639
7278,2.155639
7279,2.500000
7280,2.250000
7281,2.250000
7282,2.155639
7283,2.155639
7284,2.155639
7285,1.905639
7286,1.500000
7287,1.905639
7288,2.250000
7289,2.500000
7290,2.750000
7291,2.750000
7292,2.500000
7293,2.500000
7294,2.250000
7295,2.500000
7296,2.500000
7297,2.750000
7298,2.750000
7299,2.500000
7300,2.750000
7301,2.500000
7302,2.500000
7303,2.250000
7304,2.500000
7305,2.750000
7306,3.000000
7307,2.750000
7308,2.500000
7309,2.500000
7310,2.500000
7311,2.500000
7312,2.500000
7313,2.500000
7314,2.405639
7315,2.155639
7316,2.500000
7317,2.155639
7318,1.905639
7319,2.250000
7320,2.250000
7321,2.155639
7322,2.155639
7323,1.905639
7324,2.155639
7325,2.500000
7326,2.250000
7327,2.500000
7328,2.750000
7329,2.750000
7330,2.405639
7331,2.155639
7332,2.250000
7333,2.500000
7334,2.155639
7335,1.811278
7336,1.750000
7337,2.155639
7338,2.250000
7339,2.500000
7340,2.155639
7341,2.155639
7342,2.155639
7343,1.811278
7344,2.155639
7345,2.500000
7346,2.405639
7347,2.405639
7348,2.500000
7349,2.155639
7350,2.155639
7351,2.000000
7352,2.405639
7353,2.000000
7354,1.548795
7355,1.548795
7356,1.750000
7357,2.155639
7358,1.905639
7359,2.250000
7360,2.155639
7361,2.500000
7362,2.500000
7363,2.750000
7364,3.000000
7365,2.750000
7366,2.750000
7367,2.500000
7368,2.500000
7369,2.155639
7370,2.250000
7371,2.500000
7372,2.750000
7373,3.000000
7374,2.750000
7375,2.750000
7376,2.750000
7377,2.750000
7378,2.500000
7379,2.500000
7380,2.155639
7381,2.155639
7382,2.500000
7383,2.500000
7384,2.250000
7385,2.500000
7386,2.500000
7387,2.500000
7388,2.500000
7389,2.500000
7390,2.405639
7391,2.405639
7392,2.155639
7393,2.500000
7394,2.250000
7395,2.500000
7396,2.750000
7397,2.750000
7398,2.500000
7399,2.500000
7400,2.750000
7401,2.500000
7402,2.500000
7403,2.750000
7404,2.500000
7405,2.500000
7406,2.155639
7407,1.811278
7408,1.811278
7409,2.155639
7410,1.905639
7411,1.905639
7412,2.155639
7413,2.155639
7414,2.155639
7415,2.155639
7416,2.155639
7417,2.155639
7418,2.000000
7419,2.000000
7420,2.155639
7421,2.155639
7422,2.500000
7423,2.500000
7424,2.500000
7425,2.500000
7426,2.250000
7427,1.905639
7428,1.905639
7429,2.155639
7430,2.405639
7431,2.155639
7432,1.905639
7433,2.155639
7434,2.250000
7435,2.500000
7436,2.500000
7437,2.500000
7438,2.750000
7439,2.750000
7440,2.500000
7441,2.500000
7442,2.500000
7443,2.500000
7444,2.250000
7445,2.155639
7446,2.155639
7447,2.155639
7448,2.155639
7449,2.155639
7450,2.155639
7451,2.250000
7452,2.500000
7453,2.500000
7454,2.500000
7455,2.500000
7456,2.500000
7457,2.750000
7458,2.500000
7459,2.155639
7460,1.905639
7461,2.250000
7462,2.500000
7463,2.750000
7464,2.500000
7465,2.750000
7466,2.500000
7467,2.250000
7468,2.500000
7469,2.750000
7470,2.750000
7471,2.750000
7472,2.500000
7473,2.155639
7474,2.250000
7475,2.500000
7476,2.750000
7477,2.500000
7478,2.750000
7479,2.750000
7480,2.750000
7481,2.750000
7482,2.750000
7483,2.500000
7484,2.500000
7485,2.500000
7486,2.500000
7487,2.500000
7488,2.500000
7489,2.500000
7490,2.405639
7491,2.405639
7492,2.405639
7493,2.405639
7494,2.155639
7495,2.250000
7496,2.500000
7497,2.155639
7498,2.155639
7499,2.155639
7500,2.250000
7501,1.905639
7502,2.155639
7503,2.405639
7504,2.405639
7505,2.405639
7506,2.500000
7507,2.500000
7508,2.405639
7509,2.155639
7510,1.905639
7511,1.905639
7512,1.561278
7513,1.811278
7514,2.155639
7515,2.155639
7516,2.155639
7517,2.250000
7518,2.250000
7519,2.500000
7520,2.155639
7521,2.155639
7522,2.250000
7523,2.250000
7524,2.500000
7525,2.750000
7526,2.500000
7527,2.500000
7528,2.750000
7529,2.500000
7530,2.750000
7531,2.405639
7532,2.500000
7533,2.155639
7534,2.155639
7535,2.405639
7536,2.000000
7537,2.000000
7538,2.155639
7539,2.155639
7540,2.500000
7541,2.500000
7542,2.500000
7543,2.500000
7544,2.500000
7545,2.750000
7546,2.750000
7547,2.750000
7548,2.750000
7549,2.500000
7550,2.405639
7551,2.405639
7552,2.750000
7553,2.750000
7554,2.750000
7555,2.500000
7556,2.750000
7557,2.500000
7558,2.155639
7559,2.155639
7560,1.750000
7561,2.155639
7562,1.905639
7563,1.905639
7564,2.250000
7565,2.250000
7566,2.250000
7567,2.155639
7568,2.500000
7569,2.500000
7570,2.750000
7571,2.750000
7572,2.750000
7573,2.405639
7574,2.500000
7575,2.750000
7576,2.405639
7577,2.500000
7578,2.500000
7579,2.500000
7580,2.500000
7581,2.500000
7582,2.750000
7583,2.405639
7584,2.405639
7585,2.155639
7586,2.155639
7587,2.500000
7588,2.500000
7589,2.500000
7590,2.500000
7591,2.155639
7592,2.000000
7593,2.000000
7594,2.000000
7595,2.405639
7596,2.155639
7597,2.500000
7598,2.250000
7599,2.500000
7600,2.155639
7601,2.155639
7602,2.500000
7603,2.500000
7604,2.500000
7605,2.155639
7606,2.000000
7607,2.000000
7608,1.548795
7609,1.548795
7610,2.000000
7611,2.405639
7612,2.405639
7613,2.750000
7614,2.750000
7615,2.750000
7616,2.750000
7617,2.750000
7618,2.750000
7619,2.500000
7620,2.500000
7621,2.500000
7622,2.750000
7623,2.500000
7624,2.250000
7625,2.155639
7626,2.405639
7627,2.750000
7628,2.750000
7629,2.750000
7630,2.500000
7631,2.500000
7632,2.500000
7633,2.750000
7634,2.750000
7635,2.750000
7636,2.500000
7637,2.500000
7638,2.500000
7639,2.500000
7640,2.250000
7641,2.250000
7642,2.500000
7643,2.250000
7644,2.500000
7645,2.750000
7646,2.500000
7647,2.500000
7648,2.500000
7649,2.750000
7650,2.750000
7651,2.750000
7652,2.500000
7653,2.250000
7654,2.500000
7655,2.750000
7656,2.500000
7657,2.750000
7658,2.750000
7659,2.750000
7660,2.500000
7661,2.155639
7662,2.405639
7663,2.155639
7664,2.155639
7665,1.750000
7666,1.750000
7667,1.905639
7668,2.155639
7669,2.500000
7670,2.250000
7671,1.905639
7672,2.155639
7673,1.750000
7674,1.750000
7675,1.548795
7676,1.548795
7677,2.000000
7678,2.405639
7679,2.500000
7680,2.500000
7681,2.500000
7682,2.500000
7683,2.500000
7684,2.500000
7685,2.405639
7686,2.155639
7687,2.155639
7688,2.155639
7689,2.155639
7690,2.155639
7691,2.250000
7692,2.500000
7693,2.750000
7694,2.750000
7695,2.750000
7696,2.405639
7697,2.405639
7698,2.405639
7699,2.405639
7700,2.155639
7701,2.155639
7702,2.500000
7703,2.500000
7704,2.750000
7705,2.750000
7706,2.500000
7707,2.500000
7708,2.750000
7709,2.500000
7710,2.405639
7711,2.405639
7712,2.405639
7713,2.155639
7714,2.000000
7715,2.000000
7716,1.750000
7717,1.750000
7718,2.155639
7719,2.155639
7720,2.500000
7721,2.750000
7722,2.750000
7723,2.750000
7724,2.750000
7725,2.750000
7726,2.405639
7727,2.155639
7728,2.250000
7729,2.250000
7730,2.500000
7731,2.500000
7732,2.500000
7733,2.750000
7734,2.405639
7735,2.405639
7736,2.500000
7737,2.500000
7738,2.500000
7739,2.500000
7740,2.500000
7741,2.500000
7742,2.155639
7743,2.155639
7744,1.811278
7745,2.155639
7746,2.155639
7747,2.155639
7748,1.811278
7749,2.155639
7750,2.155639
7751,2.500000
7752,2.500000
7753,2.250000
7754,2.500000
7755,2.750000
7756,2.750000
7757,2.500000
7758,2.500000
7759,2.405639
7760,2.155639
7761,2.155639
7762,2.500000
7763,2.750000
7764,2.750000
7765,2.750000
7766,2.500000
7767,2.500000
7768,2.750000
7769,2.405639
7770,2.155639
7771,2.155639
7772,2.500000
7773,2.500000
7774,2.750000
7775,3.000000
7776,3.000000
7777,2.750000
7778,2.405639
7779,2.405639
7780,2.405639
7781,2.405639
7782,2.155639
7783,2.000000
7784,2.405639
7785,2.405639
7786,2.405639
7787,2.405639
7788,2.405639
7789,2.405639
7790,2.405639
7791,2.750000
7792,2.500000
7793,2.750000
7794,2.500000
7795,2.250000
7796,2.500000
7797,2.750000
7798,2.500000
7799,2.750000
7800,2.500000
7801,2.500000
7802,2.500000
7803,2.250000
7804,2.500000
7805,2.500000
7806,2.500000
7807,2.750000
7808,2.500000
7809,2.500000
7810,2.500000
7811,2.500000
7812,2.500000
7813,2.405639
7814,2.405639
7815,2.000000
7816,1.750000
7817,2.155639
7818,2.405639
7819,2.405639
7820,2.500000
7821,2.500000
7822,2.500000
7823,2.500000
7824,2.500000
7825,2.500000
7826,2.250000
7827,2.250000
7828,2.500000
7829,2.500000
7830,2.500000
7831,2.750000
7832,2.500000
7833,2.405639
7834,2.000000
7835,2.405639
7836,2.405639
7837,2.405639
7838,2.405639
7839,2.155639
7840,2.250000
7841,2.500000
7842,2.250000
7843,2.155639
7844,2.155639
7845,2.155639
7846,2.250000
7847,2.250000
7848,2.500000
7849,2.500000
7850,2.750000
7851,2.500000
7852,2.500000
7853,2.750000
7854,2.500000
7855,2.250000
7856,2.155639
7857,2.155639
7858,2.155639
7859,2.155639
7860,2.500000
7861,2.500000
7862,2.500000
7863,2.750000
7864,2.500000
7865,2.155639
7866,2.500000
7867,2.155639
7868,2.500000
7869,2.155639
7870,2.405639
7871,2.000000
7872,2.155639
7873,1.750000
7874,1.750000
7875,2.155639
7876,2.155639
7877,2.250000
7878,2.250000
7879,2.500000
7880,2.500000
7881,2.500000
7882,2.500000
7883,2.500000
7884,2.500000
7885,2.250000
7886,2.500000
7887,2.250000
7888,2.250000
7889,2.155639
7890,2.155639
7891,1.905639
7892,2.155639
7893,2.405639
7894,2.750000
7895,2.750000
7896,3.000000
7897,2.750000
7898,2.750000
7899,3.000000
7900,2.750000
7901,2.500000
7902,2.500000
7903,2.500000
7904,2.500000
7905,2.500000
7906,2.750000
7907,2.405639
7908,2.155639
7909,2.155639
7910,2.155639
7911,2.250000
7912,2.155639
7913,2.000000
7914,2.000000
7915,1.750000
7916,2.000000
7917,1.750000
7918,2.155639
7919,2.500000
7920,2.405639
7921,2.405639
7922,2.155639
7923,2.155639
7924,2.155639
7925,2.250000
7926,2.250000
7927,2.500000
7928,2.500000
7929,2.500000
7930,2.500000
7931,2.500000
7932,2.500000
7933,2.155639
7934,2.155639
7935,2.405639
7936,2.405639
7937,2.750000
7938,2.750000
7939,2.500000
7940,2.500000
7941,2.155639
7942,2.155639
7943,2.155639
7944,2.155639
7945,1.905639
7946,2.250000
7947,2.500000
7948,2.500000
7949,2.250000
7950,2.500000
7951,2.500000
7952,2.500000
7953,2.500000
7954,2.155639
7955,2.500000
7956,2.750000
7957,2.750000
7958,2.750000
7959,2.500000
7960,2.500000
7961,2.500000
7962,2.250000
7963,2.155639
7964,2.250000
7965,2.500000
7966,2.750000
7967,2.500000
7968,2.500000
7969,2.750000
7970,2.750000
7971,3.000000
7972,2.750000
7973,2.500000
7974,2.500000
7975,2.500000
7976,2.750000
7977,2.750000
7978,2.750000
7979,2.500000
7980,2.500000
7981,2.500000
7982,2.155639
7983,2.250000
7984,2.250000
7985,2.500000
7986,2.250000
7987,2.500000
7988,2.750000
7989,2.500000
7990,2.500000
7991,2.250000
7992,2.155639
7993,1.750000
7994,1.750000
7995,2.155639
7996,2.155639
7997,2.500000
7998,2.750000
7999,2.750000
8000,3.000000
8001,3.000000
8002,3.000000
8003,3.000000
8004,3.000000
8005,2.750000
8006,2.750000
8007,2.405639
8008,2.500000
8009,2.500000
8010,2.500000
8011,2.500000
8012,2.500000
8013,2.405639
8014,2.405639
8015,2.155639
8016,1.905639
8017,2.250000
8018,2.155639
8019,2.155639
8020,2.405639
8021,2.155639
8022,2.250000
8023,1.905639
8024,2.155639
8025,2.000000
8026,1.750000
8027,1.750000
8028,2.155639
8029,2.500000
8030,2.500000
8031,2.405639
8032,2.405639
8033,2.155639
8034,2.155639
8035,1.905639
8036,1.905639
8037,1.561278
8038,1.905639
8039,2.155639
8040,2.155639
8041,2.405639
8042,2.155639
8043,2.500000
8044,2.750000
8045,2.750000
8046,2.500000
8047,2.500000
8048,2.500000
8049,2.500000
8050,2.155639
8051,1.811278
8052,1.811278
8053,2.155639
8054,2.405639
8055,2.155639
8056,2.500000
8057,2.750000
8058,2.500000
8059,2.250000
8060,2.500000
8061,2.250000
8062,2.155639
8063,1.905639
8064,1.905639
8065,1.905639
8066,1.905639
8067,1.811278
8068,1.811278
8069,1.811278
8070,1.750000
8071,1.905639
8072,2.000000
8073,2.000000
8074,1.905639
8075,2.250000
8076,2.155639
8077,2.500000
8078,2.500000
8079,2.250000
8080,2.250000
8081,2.250000
8082,2.250000
8083,2.155639
8084,2.500000
8085,2.500000
8086,2.500000
8087,2.500000
8088,2.500000
8089,2.500000
8090,2.500000
8091,2.500000
8092,2.500000
8093,2.500000
8094,2.250000
8095,2.155639
8096,2.155639
8097,2.405639
8098,2.750000
8099,2.500000
8100,2.155639
8101,2.500000
8102,2.500000
8103,2.250000
8104,2.155639
8105,2.155639
8106,2.155639
8107,2.500000
8108,2.750000
8109,2.500000
8110,2.155639
8111,2.500000
8112,2.500000
8113,2.250000
8114,2.500000
8115,2.500000
8116,2.155639
8117,1.750000
8118,1.750000
8119,1.750000
8120,1.811278
8121,1.750000
8122,1.750000
8123,2.155639
8124,2.250000
8125,2.250000
8126,2.250000
8127,2.500000
8128,2.250000
8129,2.250000
8130,2.500000
8131,2.155639
8132,2.405639
8133,2.155639
8134,1.811278
8135,1.750000
8136,1.750000
8137,2.000000
8138,2.000000
8139,2.000000
8140,2.155639
8141,2.500000
8142,2.500000
8143,2.500000
8144,2.500000
8145,2.750000
8146,2.500000
8147,2.155639
8148,2.155639
8149,2.405639
8150,2.405639
8151,2.405639
8152,2.155639
8153,2.500000
8154,2.750000
8155,2.500000
8156,2.500000
8157,2.500000
8158,2.500000
8159,2.500000
8160,2.500000
8161,2.500000
8162,2.500000
8163,2.500000
8164,2.750000
8165,2.500000
8166,2.155639
8167,2.155639
8168,2.155639
8169,2.155639
8170,2.500000
8171,2.500000
8172,2.500000
8173,2.155639
8174,2.000000
8175,1.750000
8176,2.155639
8177,2.155639
8178,2.405639
8179,2.405639
8180,2.750000
8181,2.750000
8182,2.500000
8183,2.500000
8184,2.250000
8185,2.000000
8186,1.905639
8187,1.905639
8188,2.250000
8189,2.500000
8190,2.750000
8191,2.750000
8192,2.405639
8193,2.155639
8194,2.155639
8195,2.500000
8196,2.155639
8197,2.155639
8198,2.250000
8199,2.500000
8200,2.155639
8201,2.155639
8202,2.155639
8203,1.811278
8204,1.405639
8205,1.811278
8206,2.155639
8207,2.500000
8208,2.405639
8209,2.500000
8210,2.500000
8211,2.405639
8212,2.405639
8213,2.155639
8214,1.811278
8215,1.905639
8216,1.905639
8217,2.155639
8218,2.155639
8219,1.750000
8220,1.905639
8221,2.250000
8222,2.500000
8223,2.750000
8224,2.405639
8225,2.405639
8226,2.405639
8227,2.155639
8228,2.155639
8229,2.155639
8230,1.811278
8231,2.155639
8232,2.500000
8233,2.750000
8234,2.500000
8235,2.750000
8236,2.500000
8237,2.500000
8238,2.250000
8239,2.500000
8240,2.500000
8241,2.500000
8242,2.500000
8243,2.500000
8244,2.500000
8245,2.500000
8246,2.500000
8247,2.500000
8248,2.750000
8249,2.750000
8250,2.500000
8251,2.750000
8252,2.750000
8253,2.750000
8254,2.500000
8255,2.155639
8256,2.155639
8257,2.155639
8258,2.155639
8259,2.155639
8260,2.155639
8261,2.250000
8262,2.500000
8263,2.250000
8264,2.500000
8265,2.500000
8266,2.250000
8267,2.500000
8268,2.500000
8269,2.155639
8270,2.405639
8271,2.405639
8272,2.155639
8273,2.155639
8274,2.155639
8275,2.155639
8276,2.500000
8277,2.500000
8278,2.500000
8279,2.500000
8280,2.155639
8281,2.155639
8282,2.405639
8283,2.155639
8284,2.155639
8285,2.405639
8286,2.155639
8287,1.905639
8288,1.905639
8289,2.155639
8290,2.155639
8291,2.500000
8292,2.500000
8293,2.405639
8294,2.500000
8295,2.500000
8296,2.500000
8297,2.500000
8298,2.500000
8299,2.750000
8300,3.000000
8301,2.750000
8302,3.000000
8303,2.750000
8304,2.405639
8305,2.155639
8306,2.405639
8307,2.000000
8308,2.000000
8309,2.155639
8310,1.811278
8311,2.155639
8312,2.155639
8313,2.250000
8314,2.250000
8315,2.250000
8316,2.250000
8317,2.500000
8318,2.250000
8319,2.500000
8320,2.155639
8321,1.905639
8322,1.905639
8323,1.905639
8324,1.905639
8325,2.155639
8326,2.155639
8327,1.905639
8328,1.905639
8329,1.905639
8330,2.250000
8331,2.500000
8332,2.500000
8333,2.500000
8334,2.750000
8335,2.750000
8336,2.750000
8337,2.500000
8338,2.500000
8339,2.750000
8340,2.500000
8341,2.500000
8342,2.500000
8343,2.155639
8344,2.250000
8345,2.500000
8346,2.500000
8347,2.155639
8348,2.155639
8349,2.250000
8350,2.250000
8351,2.500000
8352,2.500000
8353,2.500000
8354,2.500000
8355,2.500000
8356,2.750000
8357,2.750000
8358,2.500000
8359,2.155639
8360,1.811278
8361,2.155639
8362,2.155639
8363,2.155639
8364,2.155639
8365,2.500000
8366,2.750000
8367,2.750000
8368,2.750000
8369,2.405639
8370,2.405639
8371,2.155639
8372,1.905639
8373,1.905639
8374,1.905639
8375,1.905639
8376,2.155639
8377,2.155639
8378,2.250000
8379,2.500000
8380,2.750000
8381,2.750000
8382,2.500000
8383,2.155639
8384,2.155639
8385,1.750000
8386,2.000000
8387,2.405639
8388,2.405639
8389,2.405639
8390,2.500000
8391,2.250000
8392,2.500000
8393,2.250000
8394,2.250000
8395,2.500000
8396,2.750000
8397,3.000000
8398,2.750000
8399,2.750000
8400,2.500000
8401,2.500000
8402,2.500000
8403,2.500000
8404,2.750000
8405,2.750000
8406,3.000000
8407,2.750000
8408,2.405639
8409,2.405639
8410,2.500000
8411,2.250000
8412,2.250000
8413,2.250000
8414,2.155639
8415,2.155639
8416,2.155639
8417,2.155639
8418,2.500000
8419,2.250000
8420,2.500000
8421,2.250000
8422,2.250000
8423,2.250000
8424,2.155639
8425,2.250000
8426,2.250000
8427,2.500000
8428,2.500000
8429,2.155639
8430,2.155639
8431,2.500000
8432,2.500000
8433,2.500000
8434,2.500000
8435,2.405639
8436,2.405639
8437,2.405639
8438,2.500000
8439,2.250000
8440,2.500000
8441,2.500000
8442,2.500000
8443,2.750000
8444,2.750000
8445,2.500000
8446,2.500000
8447,2.500000
8448,2.500000
8449,2.405639
8450,2.405639
8451,2.405639
8452,2.155639
8453,1.750000
8454,1.750000
8455,2.155639
8456,2.250000
8457,2.500000
8458,2.405639
8459,2.405639
8460,2.000000
8461,1.548795
8462,2.000000
8463,2.000000
8464,2.405639
8465,2.405639
8466,2.405639
8467,2.405639
8468,2.500000
8469,2.500000
8470,2.250000
8471,2.250000
8472,1.905639
8473,1.905639
8474,2.250000
8475,2.250000
8476,2.155639
8477,2.500000
8478,2.155639
8479,2.500000
8480,2.750000
8481,2.750000
8482,2.500000
8483,2.750000
8484,2.500000
8485,2.500000
8486,2.250000
8487,2.500000
8488,2.500000
8489,2.250000
8490,2.155639
8491,1.905639
8492,2.250000
8493,2.250000
8494,2.500000
8495,2.155639
8496,2.500000
8497,2.500000
8498,2.500000
8499,2.250000
8500,2.500000
8501,2.500000
8502,2.750000
8503,2.750000
8504,2.750000
8505,2.500000
8506,2.500000
8507,2.155639
8508,2.250000
8509,2.250000
8510,2.500000
8511,2.405639
8512,2.500000
8513,2.500000
8514,2.250000
8515,2.500000
8516,2.500000
8517,2.500000
8518,2.155639
8519,2.405639
8520,2.155639
8521,2.500000
8522,2.405639
8523,2.405639
8524,2.405639
8525,2.500000
8526,2.500000
8527,2.750000
8528,2.750000
8529,2.500000
8530,2.500000
8531,2.750000
8532,2.500000
8533,2.750000
8534,2.750000
8535,3.000000
8536,3.000000
8537,2.750000
8538,2.500000
8539,2.750000
8540,2.750000
8541,3.000000
8542,2.750000
8543,2.750000
8544,2.750000
8545,2.750000
8546,2.405639
8547,2.405639
8548,2.405639
8549,2.750000
8550,2.750000
8551,2.750000
8552,2.750000
8553,2.750000
8554,2.750000
8555,2.750000
8556,2.500000
8557,2.500000
8558,2.750000
8559,2.750000
8560,2.500000
8561,2.500000
8562,2.405639
8563,2.000000
8564,2.000000
8565,2.000000
8566,2.155639
8567,2.155639
8568,2.500000
8569,2.250000
8570,2.500000
8571,2.250000
8572,2.250000
8573,2.155639
8574,2.155639
8575,2.405639
8576,2.500000
8577,2.500000
8578,2.500000
8579,2.500000
8580,2.500000
8581,2.750000
8582,2.750000
8583,2.500000
8584,2.500000
8585,2.750000
8586,2.750000
8587,2.500000
8588,2.750000
8589,2.500000
8590,2.500000
8591,2.155639
8592,2.155639
8593,1.905639
8594,2.250000
8595,2.155639
8596,2.155639
8597,2.500000
8598,2.155639
8599,2.155639
8600,2.000000
8601,2.000000
8602,1.750000
8603,2.155639
8604,2.500000
8605,2.250000
8606,2.500000
8607,2.155639
8608,1.905639
8609,1.750000
8610,1.500000
8611,1.750000
8612,2.155639
8613,2.250000
8614,2.500000
8615,2.500000
8616,2.500000
8617,2.500000
8618,2.500000
8619,2.750000
8620,2.750000
8621,2.500000
8622,2.500000
8623,2.250000
8624,2.500000
8625,2.750000
8626,2.750000
8627,2.500000
8628,2.500000
8629,2.155639
8630,1.750000
8631,2.000000
8632,2.405639
8633,2.405639
8634,2.155639
8635,2.500000
8636,2.500000
8637,2.500000
8638,2.500000
8639,2.750000
8640,2.750000
8641,2.750000
8642,2.750000
8643,2.500000
8644,2.500000
8645,2.250000
8646,2.250000
8647,2.500000
8648,2.750000
8649,2.750000
8650,2.500000
8651,2.500000
8652,2.500000
8653,2.250000
8654,2.500000
8655,2.500000
8656,2.750000
8657,2.405639
8658,2.405639
8659,2.405639
8660,2.750000
8661,2.750000
8662,2.500000
8663,2.750000
8664,2.500000
8665,2.405639
8666,2.500000
8667,2.250000
8668,2.500000
8669,2.155639
8670,2.500000
8671,2.250000
8672,2.155639
8673,2.500000
8674,2.500000
8675,2.155639
8676,1.905639
8677,2.250000
8678,2.500000
8679,2.250000
8680,2.500000
8681,2.750000
8682,2.750000
8683,2.750000
8684,3.000000
8685,2.750000
8686,2.750000
8687,2.750000
8688,2.750000
8689,2.500000
8690,2.750000
8691,2.405639
8692,2.500000
8693,2.500000
8694,2.500000
8695,2.405639
8696,2.155639
8697,2.500000
8698,2.500000
8699,2.500000
8700,2.155639
8701,2.500000
8702,2.500000
8703,2.500000
8704,2.500000
8705,2.750000
8706,2.500000
8707,2.250000
8708,2.250000
8709,2.500000
8710,2.500000
8711,2.250000
8712,2.250000
8713,2.155639
8714,1.750000
8715,1.750000
8716,2.000000
8717,2.155639
8718,1.750000
8719,2.000000
8720,2.155639
8721,2.155639
8722,2.155639
8723,2.500000
8724,2.500000
8725,2.500000
8726,2.750000
8727,2.500000
8728,2.500000
8729,2.500000
8730,2.155639
8731,2.405639
8732,2.405639
8733,2.750000
8734,2.500000
8735,2.500000
8736,2.405639
8737,2.155639
8738,2.155639
8739,1.905639
8740,2.250000
8741,2.250000
8742,2.500000
8743,2.405639
8744,2.155639
8745,2.155639
8746,2.250000
8747,2.500000
8748,2.155639
8749,2.405639
8750,2.405639
8751,2.155639
8752,2.500000
8753,2.500000
8754,2.250000
8755,2.250000
8756,2.250000
8757,2.250000
8758,2.250000
8759,2.250000
8760,2.155639
8761,2.155639
8762,2.405639
8763,2.500000
8764,2.250000
8765,2.155639
8766,2.500000
8767,2.500000
8768,2.405639
8769,2.155639
8770,1.811278
8771,1.405639
8772,1.405639
8773,1.811278
8774,2.155639
8775,1.905639
8776,1.905639
8777,2.155639
8778,2.155639
8779,2.250000
8780,2.155639
8781,2.405639
8782,2.155639
8783,2.155639
8784,2.155639
8785,2.405639
8786,2.500000
8787,2.500000
8788,2.155639
8789,2.250000
8790,2.250000
8791,2.250000
8792,2.500000
8793,2.750000
8794,2.750000
8795,2.750000
8796,2.750000
8797,2.500000
8798,2.250000
8799,2.250000
8800,2.155639
8801,2.500000
8802,2.500000
8803,2.500000
8804,2.500000
8805,2.750000
8806,2.750000
8807,2.500000
8808,2.500000
8809,2.500000
8810,2.155639
8811,2.155639
8812,1.905639
8813,1.561278
8814,1.905639
8815,2.155639
8816,1.811278
8817,2.155639
8818,2.155639
8819,2.500000
8820,2.500000
8821,2.500000
8822,2.500000
8823,2.500000
8824,2.500000
8825,2.500000
8826,2.250000
8827,2.250000
8828,2.500000
8829,2.500000
8830,2.500000
8831,2.250000
8832,2.500000
8833,2.155639
8834,2.500000
8835,2.155639
8836,2.500000
8837,2.500000
8838,2.250000
8839,2.500000
8840,2.750000
8841,2.500000
8842,2.750000
8843,3.000000
8844,2.750000
8845,2.500000
8846,2.500000
8847,2.500000
8848,2.500000
8849,2.250000
8850,2.500000
8851,2.500000
8852,2.155639
8853,2.500000
8854,2.405639
8855,2.405639
8856,2.405639
8857,2.750000
8858,2.500000
8859,2.500000
8860,2.405639
8861,2.500000
8862,2.250000
8863,2.250000
8864,2.500000
8865,2.155639
8866,2.155639
8867,2.500000
8868,2.750000
8869,2.500000
8870,2.405639
8871,2.405639
8872,2.405639
8873,2.500000
8874,2.250000
8875,2.250000
8876,2.250000
8877,2.500000
8878,2.500000
8879,2.750000
8880,2.750000
8881,2.750000
8882,2.750000
8883,2.750000
8884,2.750000
8885,2.500000
8886,2.500000
8887,2.405639
8888,2.155639
8889,2.155639
8890,2.405639
8891,2.155639
8892,2.250000
8893,2.250000
8894,2.250000
8895,2.000000
8896,2.000000
8897,1.905639
8898,2.155639
8899,2.155639
8900,1.905639
8901,1.905639
8902,1.905639
8903,2.250000
8904,2.500000
8905,2.500000
8906,2.500000
8907,2.500000
8908,2.500000
8909,2.500000
8910,2.250000
8911,2.250000
8912,2.250000
8913,2.500000
8914,2.500000
8915,2.500000
8916,2.750000
8917,2.750000
8918,2.500000
8919,2.500000
8920,2.500000
8921,2.500000
8922,2.500000
8923,2.500000
8924,2.500000
8925,2.250000
8926,2.250000
8927,2.500000
8928,2.500000
8929,2.155639
8930,2.155639
8931,2.155639
8932,2.500000
8933,2.250000
8934,2.155639
8935,2.500000
8936,2.500000
8937,2.750000
8938,2.750000
8939,2.500000
8940,2.500000
8941,2.500000
8942,2.500000
8943,2.500000
8944,2.500000
8945,2.500000
8946,2.500000
8947,2.500000
8948,2.155639
8949,1.750000
8950,2.155639
8951,2.155639
8952,2.500000
8953,2.250000
8954,2.500000
8955,2.500000
8956,2.500000
8957,2.750000
8958,2.500000
8959,2.155639
8960,2.000000
8961,2.000000
8962,2.405639
8963,2.155639
8964,1.811278
8965,1.811278
8966,2.155639
8967,2.155639
8968,1.905639
8969,1.811278
8970,1.750000
8971,2.000000
8972,2.000000
8973,1.750000
8974,2.155639
8975,2.500000
8976,2.155639
8977,2.155639
8978,2.405639
8979,2.155639
8980,2.500000
8981,2.750000
8982,2.750000
8983,2.750000
8984,2.750000
8985,2.500000
8986,2.500000
8987,2.250000
8988,2.500000
8989,2.500000
8990,2.500000
8991,2.750000
8992,2.750000
8993,2.750000
8994,2.405639
8995,2.155639
8996,1.905639
8997,1.905639
8998,2.155639
8999,2.250000
9000,2.155639
9001,2.155639
9002,2.155639
9003,2.155639
9004,2.405639
9005,2.155639
9006,2.500000
9007,2.750000
9008,2.750000
9009,2.500000
9010,2.405639
9011,2.155639
9012,2.500000
9013,2.500000
9014,2.155639
9015,1.750000
9016,1.750000
9017,1.905639
9018,2.250000
9019,2.250000
9020,2.500000
9021,2.750000
9022,3.000000
9023,2.750000
9024,2.750000
9025,2.500000
9026,2.500000
9027,2.250000
9028,2.250000
9029,2.250000
9030,2.500000
9031,2.500000
9032,2.405639
9033,2.405639
9034,2.155639
9035,2.500000
9036,2.405639
9037,2.155639
9038,2.155639
9039,2.500000
9040,2.500000
9041,2.500000
9042,2.500000
9043,2.500000
9044,2.500000
9045,2.500000
9046,2.500000
9047,2.500000
9048,2.500000
9049,2.405639
9050,2.500000
9051,2.250000
9052,2.155639
9053,2.155639
9054,2.500000
9055,2.250000
9056,2.500000
9057,2.750000
9058,2.500000
9059,2.500000
9060,2.500000
9061,2.500000
9062,2.750000
9063,2.500000
9064,2.750000
9065,2.750000
9066,2.500000
9067,2.155639
9068,1.905639
9069,2.155639
9070,2.500000
9071,2.500000
9072,2.500000
9073,2.500000
9074,2.500000
9075,2.250000
9076,2.250000
9077,2.500000
9078,2.500000
9079,2.500000
9080,2.500000
9081,2.500000
9082,2.155639
9083,2.250000
9084,2.250000
9085,2.250000
9086,2.155639
9087,1.750000
9088,1.750000
9089,1.750000
9090,2.000000
9091,1.750000
9092,2.155639
9093,2.155639
9094,2.155639
9095,1.811278
9096,2.155639
9097,1.750000
9098,2.155639
9099,2.405639
9100,2.155639
9101,1.811278
9102,2.155639
9103,2.155639
9104,2.155639
9105,1.905639
9106,1.905639
9107,2.250000
9108,2.155639
9109,2.155639
9110,2.405639
9111,2.155639
9112,2.250000
9113,2.500000
9114,2.500000
9115,2.500000
9116,2.155639
9117,2.155639
9118,1.750000
9119,2.000000
9120,2.155639
9121,2.155639
9122,1.811278
9123,2.155639
9124,2.405639
9125,2.500000
9126,2.250000
9127,2.250000
9128,2.500000
9129,2.405639
9130,2.155639
9131,2.500000
9132,2.500000
9133,2.500000
9134,2.750000
9135,2.500000
9136,2.155639
9137,2.155639
9138,2.500000
9139,2.500000
9140,2.500000
9141,2.500000
9142,2.250000
9143,2.155639
9144,2.155639
9145,2.155639
9146,2.155639
9147,2.405639
9148,2.155639
9149,2.500000
9150,2.750000
9151,2.750000
9152,2.500000
9153,2.750000
9154,2.750000
9155,2.750000
9156,2.500000
9157,2.155639
9158,2.250000
9159,2.155639
9160,1.811278
9161,1.811278
9162,2.155639
9163,2.155639
9164,2.500000
9165,2.750000
9166,2.750000
9167,2.750000
9168,2.750000
9169,2.750000
9170,2.750000
9171,2.500000
9172,2.250000
9173,2.250000
9174,2.500000
9175,2.500000
9176,2.405639
9177,2.500000
9178,2.500000
9179,2.155639
9180,2.155639
9181,2.155639
9182,2.155639
9183,2.500000
9184,2.155639
9185,2.500000
9186,2.155639
9187,2.405639
9188,2.750000
9189,2.750000
9190,2.500000
9191,2.250000
9192,2.500000
9193,2.250000
9194,2.250000
9195,2.500000
9196,2.750000
9197,2.750000
9198,2.750000
9199,2.500000
9200,2.500000
9201,2.500000
9202,2.500000
9203,2.500000
9204,2.500000
9205,2.750000
9206,2.750000
9207,2.500000
9208,2.250000
9209,2.500000
9210,2.750000
9211,2.405639
9212,2.405639
9213,2.405639
9214,2.155639
9215,2.155639
9216,2.000000
9217,2.000000
9218,2.000000
9219,2.155639
9220,2.155639
9221,2.155639
9222,2.155639
9223,2.500000
9224,2.500000
9225,2.155639
9226,2.250000
9227,2.155639
9228,2.155639
9229,2.155639
9230,2.155639
9231,2.155639
9232,2.500000
9233,2.750000
9234,2.405639
9235,2.405639
9236,2.155639
9237,2.500000
9238,2.500000
9239,2.500000
9240,2.500000
9241,2.500000
9242,2.155639
9243,2.500000
9244,2.500000
9245,2.500000
9246,2.750000
9247,2.750000
9248,2.750000
9249,2.750000
9250,2.500000
9251,2.250000
9252,2.250000
9253,2.500000
9254,2.750000
9255,2.750000
9256,2.500000
9257,2.155639
9258,2.500000
9259,2.155639
9260,2.155639
9261,2.155639
9262,2.155639
9263,2.500000
9264,2.250000
9265,2.250000
9266,2.155639
9267,1.905639
9268,2.250000
9269,2.000000
9270,1.905639
9271,2.250000
9272,1.905639
9273,2.155639
9274,2.155639
9275,2.405639
9276,2.500000
9277,2.500000
9278,2.500000
9279,2.500000
9280,2.500000
9281,2.500000
9282,2.500000
9283,2.750000
9284,2.405639
9285,2.405639
9286,2.405639
9287,2.405639
9288,2.155639
9289,2.500000
9290,2.500000
9291,2.155639
9292,2.155639
9293,1.811278
9294,1.905639
9295,1.811278
9296,2.155639
9297,2.500000
9298,2.500000
9299,2.750000
9300,2.500000
9301,2.500000
9302,2.250000
9303,1.905639
9304,1.561278
9305,1.561278
9306,1.561278
9307,1.905639
9308,2.250000
9309,2.250000
9310,2.155639
9311,1.905639
9312,1.811278
9313,2.155639
9314,2.405639
9315,2.500000
9316,2.500000
9317,2.750000
9318,2.500000
9319,2.500000
9320,2.500000
9321,2.500000
9322,2.500000
9323,2.250000
9324,2.500000
9325,2.500000
9326,2.500000
9327,2.155639
9328,2.405639
9329,2.155639
9330,2.155639
9331,2.155639
9332,2.250000
9333,2.250000
9334,2.500000
9335,2.500000
9336,2.750000
9337,2.500000
9338,2.500000
9339,2.750000
9340,2.500000
9341,2.500000
9342,2.500000
9343,2.250000
9344,2.500000
9345,2.155639
9346,2.155639
9347,2.500000
9348,2.750000
9349,2.500000
9350,2.500000
9351,2.500000
9352,2.750000
9353,2.750000
9354,2.500000
9355,2.500000
9356,2.500000
9357,2.500000
9358,2.750000
9359,3.000000
9360,2.750000
9361,2.500000
9362,2.155639
9363,2.155639
9364,2.405639
9365,2.155639
9366,2.500000
9367,2.750000
9368,3.000000
9369,2.750000
9370,2.500000
9371,2.250000
9372,2.250000
9373,2.500000
9374,2.500000
9375,2.750000
9376,2.500000
9377,2.500000
9378,2.155639
9379,1.905639
9380,2.250000
9381,2.155639
9382,1.905639
9383,2.155639
9384,2.155639
9385,2.405639
9386,2.750000
9387,2.750000
9388,2.500000
9389,2.405639
9390,2.405639
9391,2.405639
9392,2.405639
9393,2.405639
9394,2.500000
9395,2.500000
9396,2.750000
9397,2.500000
9398,2.500000
9399,2.500000
9400,2.250000
9401,1.905639
9402,2.250000
9403,2.155639
9404,2.500000
9405,2.750000
9406,2.405639
9407,2.500000
9408,2.250000
9409,2.155639
9410,2.155639
9411,2.155639
9412,2.155639
9413,1.811278
9414,1.811278
9415,1.750000
9416,2.155639
9417,2.500000
9418,2.500000
9419,2.500000
9420,2.500000
9421,2.750000
9422,2.500000
9423,2.500000
9424,2.500000
9425,2.500000
9426,2.155639
9427,1.750000
9428,2.000000
9429,2.000000
9430,1.548795
9431,1.548795
9432,1.750000
9433,1.905639
9434,1.905639
9435,2.155639
9436,2.250000
9437,2.250000
9438,2.250000
9439,2.500000
9440,2.500000
9441,2.750000
9442,2.500000
9443,2.500000
9444,2.500000
9445,2.500000
9446,2.500000
9447,2.250000
9448,2.500000
9449,2.405639
9450,2.405639
9451,2.500000
9452,2.500000
9453,2.405639
9454,2.750000
9455,2.750000
9456,2.405639
9457,2.500000
9458,2.155639
9459,2.155639
9460,2.155639
9461,2.405639
9462,2.405639
9463,2.500000
9464,2.250000
9465,2.500000
9466,2.500000
9467,2.250000
9468,2.250000
9469,2.500000
9470,2.500000
9471,2.250000
9472,2.500000
9473,2.405639
9474,2.000000
9475,1.750000
9476,1.750000
9477,1.298795
9478,1.750000
9479,1.905639
9480,1.905639
9481,2.250000
9482,2.155639
9483,2.155639
9484,2.155639
9485,2.405639
9486,2.500000
9487,2.750000
9488,3.000000
9489,2.750000
9490,2.750000
9491,2.750000
9492,2.405639
9493,2.405639
9494,2.405639
9495,2.405639
9496,2.405639
9497,2.750000
9498,2.750000
9499,2.750000
9500,3.000000
9501,3.000000
9502,2.750000
9503,2.500000
9504,2.750000
9505,2.500000
9506,2.250000
9507,2.250000
9508,2.500000
9509,2.500000
9510,2.750000
9511,2.500000
9512,2.155639
9513,2.250000
9514,2.250000
9515,2.500000
9516,2.500000
9517,2.500000
9518,2.500000
9519,2.500000
9520,2.250000
9521,2.500000
9522,2.500000
9523,2.750000
9524,2.500000
9525,2.500000
9526,2.500000
9527,2.750000
9528,2.500000
9529,2.500000
9530,2.500000
9531,2.250000
9532,2.250000
9533,2.500000
9534,2.500000
9535,2.500000
9536,2.500000
9537,2.750000
9538,2.500000
9539,2.500000
9540,2.250000
9541,2.500000
9542,2.250000
9543,2.155639
9544,2.155639
9545,2.155639
9546,2.155639
9547,2.250000
9548,2.250000
9549,2.155639
9550,2.155639
9551,2.405639
9552,2.155639
9553,1.905639
9554,1.905639
9555,1.750000
9556,1.298795
9557,0.954434
9558,0.811278
9559,1.298795
9560,1.548795
9561,2.000000
9562,2.155639
9563,2.500000
9564,2.750000
9565,2.500000
9566,2.500000
9567,2.500000
9568,2.250000
9569,2.500000
9570,2.500000
9571,2.750000
9572,2.750000
9573,2.750000
9574,2.750000
9575,3.000000
9576,2.750000
9577,2.500000
9578,2.250000
9579,2.250000
9580,2.250000
9581,2.500000
9582,2.500000
9583,2.500000
9584,2.750000
9585,2.750000
9586,2.500000
9587,2.500000
9588,2.500000
9589,2.750000
9590,2.500000
9591,2.500000
9592,2.750000
9593,2.500000
9594,2.155639
9595,2.405639
9596,2.750000
9597,2.750000
9598,2.750000
9599,2.750000
9600,2.750000
9601,2.500000
9602,2.155639
9603,1.905639
9604,2.155639
9605,2.405639
9606,2.405639
9607,2.750000
9608,2.750000
9609,2.500000
9610,2.155639
9611,2.155639
9612,2.155639
9613,2.500000
9614,2.750000
9615,2.500000
9616,2.500000
9617,2.500000
9618,2.155639
9619,2.155639
9620,1.905639
9621,2.000000
9622,2.250000
9623,2.155639
9624,2.250000
9625,1.905639
9626,1.905639
9627,1.905639
9628,2.155639
9629,2.155639
9630,2.500000
9631,2.500000
9632,2.500000
9633,2.155639
9634,1.905639
9635,1.905639
9636,1.905639
9637,2.250000
9638,2.500000
9639,2.500000
9640,2.155639
9641,2.155639
9642,2.155639
9643,1.905639
9644,2.155639
9645,2.155639
9646,2.000000
9647,2.405639
9648,2.750000
9649,2.750000
9650,2.500000
9651,2.500000
9652,2.250000
9653,2.250000
9654,2.500000
9655,2.750000
9656,3.000000
9657,3.000000
9658,3.000000
9659,3.000000
9660,2.750000
9661,2.750000
9662,2.500000
9663,2.750000
9664,2.750000
9665,3.000000
9666,2.750000
9667,2.500000
9668,2.500000
9669,2.500000
9670,2.500000
9671,2.750000
9672,3.000000
9673,2.750000
9674,2.500000
9675,2.500000
9676,2.500000
9677,2.500000
9678,2.500000
9679,2.250000
9680,2.250000
9681,2.500000
9682,2.750000
9683,2.750000
9684,2.500000
9685,2.500000
9686,2.250000
9687,2.155639
9688,1.905639
9689,1.811278
9690,1.811278
9691,1.405639
9692,1.405639
9693,1.750000
9694,1.905639
9695,2.250000
9696,2.250000
9697,1.905639
9698,2.000000
9699,2.000000
9700,2.250000
9701,2.155639
9702,2.155639
9703,2.155639
9704,2.405639
9705,2.750000
9706,2.750000
9707,2.750000
9708,2.500000
9709,2.250000
9710,2.500000
9711,2.500000
9712,2.500000
9713,2.500000
9714,2.500000
9715,2.155639
9716,2.155639
9717,1.905639
9718,2.250000
9719,2.155639
9720,2.250000
9721,2.155639
9722,2.155639
9723,2.500000
9724,2.500000
9725,2.500000
9726,2.750000
9727,2.750000
9728,2.500000
9729,2.250000
9730,2.500000
9731,2.750000
9732,2.750000
9733,2.500000
9734,2.750000
9735,2.500000
9736,2.500000
9737,2.500000
9738,2.750000
9739,2.750000
9740,2.405639
9741,2.155639
9742,2.250000
9743,2.500000
9744,2.750000
9745,2.750000
9746,2.500000
9747,2.500000
9748,2.500000
9749,2.750000
9750,2.750000
9751,2.500000
9752,2.750000
9753,2.500000
9754,2.750000
9755,2.500000
9756,2.155639
9757,2.500000
9758,2.250000
9759,2.250000
9760,2.500000
9761,2.405639
9762,2.500000
9763,2.750000
9764,2.500000
9765,2.750000
9766,2.405639
9767,2.405639
9768,2.405639
9769,2.000000
9770,2.000000
9771,2.000000
9772,2.405639
9773,2.405639
9774,2.500000
9775,2.500000
9776,2.500000
9777,2.500000
9778,2.500000
9779,2.500000
9780,2.750000
9781,2.750000
9782,3.000000
9783,2.750000
9784,2.405639
9785,2.155639
9786,2.155639
9787,2.500000
9788,2.155639
9789,2.155639
9790,2.500000
9791,2.750000
9792,2.500000
9793,2.750000
9794,3.000000
9795,2.750000
9796,2.405639
9797,2.405639
9798,2.000000
9799,2.000000
9800,2.000000
9801,1.750000
9802,1.750000
9803,2.155639
9804,2.155639
9805,1.905639
9806,2.000000
9807,2.250000
9808,2.500000
9809,2.500000
9810,2.750000
9811,3.000000
9812,2.750000
9813,2.500000
9814,2.250000
9815,2.250000
9816,2.500000
9817,2.750000
9818,2.750000
9819,2.750000
9820,3.000000
9821,3.000000
9822,2.750000
9823,2.500000
9824,2.250000
9825,2.500000
9826,2.250000
9827,2.500000
9828,2.500000
9829,2.155639
9830,2.155639
9831,2.500000
9832,2.500000
9833,2.405639
9834,2.405639
9835,2.405639
9836,2.750000
9837,2.750000
9838,2.500000
9839,2.500000
9840,2.500000
9841,2.250000
9842,2.500000
9843,2.500000
9844,2.500000
9845,2.500000
9846,2.500000
9847,2.750000
9848,2.500000
9849,2.750000
9850,2.500000
9851,2.750000
9852,2.405639
9853,2.155639
9854,2.155639
9855,1.905639
9856,2.155639
9857,1.750000
9858,2.155639
9859,2.155639
9860,2.500000
9861,2.500000
9862,2.750000
9863,2.500000
9864,2.750000
9865,2.500000
9866,2.500000
9867,2.155639
9868,2.155639
9869,2.250000
9870,1.905639
9871,2.250000
9872,2.250000
9873,2.500000
9874,2.750000
9875,2.750000
9876,2.405639
9877,2.155639
9878,2.155639
9879,1.905639
9880,2.155639
9881,2.155639
9882,2.155639
9883,2.405639
9884,2.405639
9885,2.500000
9886,2.250000
9887,2.500000
9888,2.500000
9889,2.500000
9890,2.250000
9891,1.905639
9892,2.155639
9893,1.811278
9894,1.811278
9895,2.155639
9896,2.250000
9897,2.250000
9898,2.155639
9899,2.155639
9900,1.750000
9901,1.750000
9902,2.000000
9903,2.155639
9904,1.811278
9905,2.155639
9906,2.155639
9907,1.905639
9908,1.905639
9909,2.155639
9910,2.500000
9911,2.750000
9912,2.500000
9913,2.500000
9914,2.750000
9915,2.500000
9916,2.155639
9917,2.155639
9918,1.905639
9919,2.250000
9920,2.155639
9921,1.905639
9922,1.905639
9923,1.905639
9924,1.905639
9925,1.905639
9926,1.905639
9927,1.811278
9928,1.811278
9929,2.155639
9930,2.155639
9931,2.155639
9932,2.155639
9933,2.155639
9934,2.155639
9935,2.000000
9936,1.750000
9937,1.750000
9938,2.155639
9939,2.405639
9940,2.405639
9941,2.750000
9942,3.000000
9943,2.750000
9944,2.500000
9945,2.500000
9946,2.750000
9947,2.500000
9948,2.155639
9949,2.155639
9950,2.155639
9951,1.750000
9952,1.500000
9953,1.750000
9954,1.811278
9955,2.155639
9956,2.405639
9957,2.500000
9958,2.500000
9959,2.500000
9960,2.750000
9961,2.750000
9962,2.500000
9963,2.405639
9964,2.750000
9965,2.750000
9966,2.500000
9967,2.250000
9968,2.500000
9969,2.500000
9970,2.500000
9971,2.500000
9972,2.750000
9973,2.500000
9974,2.750000
9975,2.750000
9976,2.405639
9977,2.405639
9978,2.155639
9979,1.811278
9980,2.155639
9981,2.000000
9982,2.155639
9983,2.155639
9984,2.155639
9985,2.405639
9986,2.500000
9987,2.500000
9988,2.250000
9989,2.250000
9990,2.500000
9991,2.750000
9992,2.405639
9993,2.500000
