window_start_place,entropy_bits
1,3.089246
2,3.047743
3,3.139572
4,3.019251
5,3.019251
6,3.007100
7,3.035592
8,3.127421
9,3.111080
10,3.149255
11,3.149255
12,3.177747
13,3.177747
14,3.139572
15,3.139572
16,3.149255
17,3.127421
18,3.165596
19,3.207100
20,3.207100
21,3.232263
22,3.232263
23,3.190759
24,3.165596
25,3.194088
26,3.172254
27,3.172254
28,3.197417
29,3.151189
30,3.167530
31,3.197417
32,3.197417
33,3.151189
34,3.151189
35,3.151189
36,3.126027
37,3.126027
38,3.151189
39,3.197417
40,3.238921
41,3.222580
42,3.181076
43,3.244414
44,3.244414
45,3.272906
46,3.289246
47,3.247743
48,3.219251
49,3.202910
50,3.161406
51,3.161406
52,3.107752
53,3.119903
54,3.119903
55,3.107752
56,3.119903
57,3.119903
58,3.119903
59,3.098069
60,3.085918
61,3.111080
62,3.085918
63,3.085918
64,3.085918
65,3.111080
66,3.127421
67,3.127421
68,3.149255
69,3.120764
70,3.174418
71,3.174418
72,3.152584
73,3.130750
74,3.168925
75,3.207100
76,3.168925
77,3.181076
78,3.151189
79,3.197417
80,3.222580
81,3.181076
82,3.219251
83,3.190759
84,3.181076
85,3.190759
86,3.174418
87,3.190759
88,3.190759
89,3.202910
90,3.231402
91,3.206239
92,3.189898
93,3.215061
94,3.231402
95,3.219251
96,3.219251
97,3.202910
98,3.190759
99,3.202910
100,3.177747
101,3.202910
102,3.231402
103,3.202910
104,3.161406
105,3.149255
106,3.177747
107,3.189898
108,3.189898
109,3.231402
110,3.272906
111,3.219251
112,3.219251
113,3.231402
114,3.202910
115,3.219251
116,3.219251
117,3.219251
118,3.219251
119,3.219251
120,3.219251
121,3.177747
122,3.177747
123,3.149255
124,3.149255
125,3.161406
126,3.149255
127,3.174418
128,3.082589
129,3.044414
130,3.019251
131,3.028934
132,3.028934
133,3.012593
134,2.990759
135,3.019251
136,3.019251
137,3.047743
138,3.006239
139,3.006239
140,3.031402
141,3.072906
142,3.044414
143,3.019251
144,3.002910
145,2.931520
146,2.894740
147,2.894740
148,2.923231
149,2.960012
150,2.947861
151,2.989364
152,3.081194
153,3.081194
154,3.111080
155,3.174418
156,3.186569
157,3.132915
158,3.149255
159,3.161406
160,3.177747
161,3.189898
162,3.161406
163,3.161406
164,3.149255
165,3.174418
166,3.190759
167,3.098930
168,3.098930
169,3.098930
170,3.098930
171,3.098930
172,3.070438
173,3.060755
174,3.060755
175,3.060755
176,3.019251
177,3.019251
178,3.060755
179,3.022580
180,3.089246
181,3.152584
182,3.152584
183,3.174418
184,3.202910
185,3.181076
186,3.181076
187,3.139572
188,3.149255
189,3.149255
190,3.149255
191,3.177747
192,3.202910
193,3.215061
194,3.202910
195,3.244414
196,3.219251
197,3.190759
198,3.168925
199,3.152584
200,3.152584
201,3.181076
202,3.202910
203,3.231402
204,3.202910
205,3.202910
206,3.202910
207,3.161406
208,3.041085
209,3.041085
210,3.019251
211,3.019251
212,3.057426
213,3.069577
214,3.069577
215,2.961406
216,3.081728
217,3.081728
218,3.189898
219,3.215061
220,3.256565
221,3.256565
222,3.272906
223,3.289246
224,3.272906
225,3.289246
226,3.272906
227,3.289246
228,3.272906
229,3.260755
230,3.260755
231,3.260755
232,3.260755
233,3.260755
234,3.222580
235,3.260755
236,3.235592
237,3.194088
238,3.219251
239,3.197417
240,3.219251
241,3.202910
242,3.174418
243,3.082589
244,3.060755
245,3.035592
246,3.077095
247,3.038921
248,2.992693
249,2.946466
250,2.921303
251,2.896140
252,2.967530
253,2.951189
254,2.968925
255,3.032263
256,2.994088
257,2.922698
258,2.968925
259,3.098930
260,3.057426
261,3.035592
262,3.057426
263,3.069577
264,3.079260
265,3.120764
266,3.149255
267,3.149255
268,3.107752
269,3.107752
270,3.149255
271,3.120764
272,3.149255
273,3.019251
274,3.019251
275,3.139572
276,3.202910
277,3.202910
278,3.202910
279,3.202910
280,3.177747
281,3.189898
282,3.161406
283,3.149255
284,3.149255
285,3.124092
286,3.149255
287,3.177747
288,3.231402
289,3.247743
290,3.247743
291,3.247743
292,3.247743
293,3.231402
294,3.219251
295,3.098930
296,3.111080
297,3.111080
298,3.111080
299,3.202910
300,3.219251
301,3.165596
302,3.190759
303,3.174418
304,3.149255
305,3.127421
306,3.149255
307,3.124092
308,3.124092
309,3.124092
310,3.165596
311,3.149255
312,3.149255
313,3.107752
314,3.041085
315,3.041085
316,3.041085
317,3.149255
318,3.202910
319,3.219251
320,3.260755
321,3.235592
322,3.260755
323,3.260755
324,3.232263
325,3.194088
326,3.194088
327,3.194088
328,3.194088
329,3.232263
330,3.244414
331,3.244414
332,3.256565
333,3.272906
334,3.272906
335,3.231402
336,3.202910
337,3.190759
338,3.149255
339,3.127421
340,3.064084
341,3.085918
342,3.111080
343,3.152584
344,3.127421
345,3.152584
346,3.130750
347,3.168925
348,3.168925
349,3.152584
350,3.164735
351,3.181076
352,3.089246
353,3.060755
354,3.035592
355,3.035592
356,3.035592
357,2.927421
358,2.949255
359,3.069577
360,3.069577
361,3.069577
362,3.111080
363,3.111080
364,3.111080
365,3.098930
366,3.070438
367,3.032263
368,3.044414
369,3.019251
370,3.019251
371,2.997417
372,3.060755
373,3.060755
374,3.035592
375,2.994088
376,3.085918
377,3.139572
378,3.181076
379,3.181076
380,3.181076
381,3.155913
382,3.177747
383,3.194088
384,3.073767
385,3.073767
386,3.064084
387,3.035592
388,3.007100
389,3.007100
390,3.007100
391,3.019251
392,3.031402
393,2.977747
394,3.019251
395,3.041085
396,3.149255
397,3.149255
398,3.149255
399,3.149255
400,3.161406
401,3.041085
402,3.094740
403,3.082589
404,3.054097
405,3.066248
406,3.082589
407,3.082589
408,3.044414
409,2.973024
410,2.989364
411,2.951189
412,2.951189
413,2.898069
414,2.923231
415,2.961406
416,2.902258
417,2.866248
418,2.930750
419,2.947091
420,3.038921
421,3.038921
422,3.038921
423,3.038921
424,3.038921
425,3.098069
426,3.114409
427,3.139572
428,3.176352
429,3.206239
430,3.222580
431,3.222580
432,3.222580
433,3.260755
434,3.260755
435,3.244414
436,3.228073
437,3.228073
438,3.256565
439,3.244414
440,3.272906
441,3.272906
442,3.256565
443,3.272906
444,3.231402
445,3.231402
446,3.202910
447,3.149255
448,3.165596
449,3.155913
450,3.155913
451,3.139572
452,3.047743
453,3.069577
454,3.111080
455,3.082589
456,3.044414
457,3.044414
458,2.990759
459,3.054097
460,3.066248
461,3.082589
462,3.028934
463,3.057426
464,3.177747
465,3.136243
466,3.107752
467,3.124092
468,3.057426
469,3.057426
470,3.019251
471,2.990759
472,3.000442
473,3.000442
474,3.028934
475,2.987430
476,3.079260
477,2.987430
478,2.987430
479,2.949255
480,2.990759
481,2.949255
482,2.990759
483,3.019251
484,3.072906
485,3.089246
486,3.181076
487,3.139572
488,3.127421
489,3.149255
490,3.111080
491,3.127421
492,3.127421
493,3.127421
494,3.127421
495,3.127421
496,3.127421
497,3.089246
498,3.105587
499,3.089246
500,3.064084
501,3.035592
502,2.989364
503,2.917974
504,2.964201
505,3.027539
506,3.073767
507,2.965596
508,2.955913
509,3.064084
510,3.085918
511,3.127421
512,3.190759
513,3.202910
514,3.202910
515,3.231402
516,3.189898
517,3.189898
518,3.189898
519,3.189898
520,3.177747
521,3.219251
522,3.194088
523,3.177747
524,3.155913
525,3.155913
526,3.139572
527,3.127421
528,3.149255
529,3.149255
530,3.139572
531,3.093345
532,3.039690
533,3.064853
534,3.081194
535,3.039690
536,3.039690
537,3.056031
538,2.977747
539,3.014527
540,2.961406
541,3.039690
542,3.039690
543,3.039690
544,3.068182
545,3.098069
546,3.068182
547,3.084523
548,3.047743
549,3.126027
550,3.126027
551,3.017856
552,3.109686
553,3.134849
554,3.134849
555,3.056565
556,3.098069
557,3.176352
558,3.134849
559,3.151189
560,3.197417
561,3.219251
562,3.089246
563,3.035592
564,2.997417
565,2.997417
566,2.981076
567,3.089246
568,3.152584
569,3.152584
570,3.181076
571,3.219251
572,3.244414
573,3.219251
574,3.202910
575,3.202910
576,3.181076
577,3.202910
578,3.202910
579,3.202910
580,3.202910
581,3.161406
582,3.149255
583,3.177747
584,3.206239
585,3.177747
586,3.219251
587,3.202910
588,3.181076
589,3.127421
590,3.152584
591,3.174418
592,3.174418
593,3.202910
594,3.219251
595,3.098930
596,3.057426
597,3.057426
598,3.069577
599,3.085918
600,3.111080
601,3.111080
602,3.089246
603,3.060755
604,2.989364
605,2.964735
606,2.948394
607,3.056565
608,3.056565
609,3.098069
610,3.176352
611,3.176352
612,3.098069
613,3.114409
614,3.098069
615,3.098069
616,3.055261
617,3.055261
618,2.990759
619,2.949255
620,2.896277
621,2.896277
622,2.949255
623,3.038921
624,3.038921
625,3.013758
626,3.072906
627,3.109686
628,3.151189
629,3.151189
630,3.167530
631,3.126027
632,3.197417
633,3.105587
634,3.127421
635,3.139572
636,3.231402
637,3.247743
638,3.219251
639,3.202910
640,3.202910
641,3.202910
642,3.181076
643,3.197417
644,3.222580
645,3.176352
646,3.176352
647,3.192693
648,3.167530
649,3.151189
650,3.059360
651,3.151189
652,3.151189
653,3.181076
654,3.127421
655,3.073767
656,3.137104
657,3.149255
658,3.177747
659,3.177747
660,3.194088
661,3.177747
662,3.219251
663,3.244414
664,3.232263
665,3.260755
666,3.260755
667,3.260755
668,3.232263
669,3.190759
670,3.215922
671,3.152584
672,3.152584
673,3.098930
674,3.137104
675,3.137104
676,3.137104
677,3.127421
678,3.098930
679,3.152584
680,3.127421
681,3.111080
682,3.089246
683,3.072906
684,3.043019
685,2.971629
686,2.971629
687,2.964735
688,2.989364
689,2.989364
690,2.897535
691,2.943762
692,2.943762
693,2.943762
694,3.007100
695,3.028934
696,3.054097
697,3.028934
698,3.041085
699,3.031402
700,3.031402
701,2.960012
702,3.001515
703,2.989364
704,3.005705
705,3.005705
706,3.059360
707,3.059360
708,3.017856
709,3.017856
710,3.155913
711,3.219251
712,3.219251
713,3.247743
714,3.231402
715,3.219251
716,3.219251
717,3.194088
718,3.206239
719,3.206239
720,3.206239
721,3.206239
722,3.231402
723,3.202910
724,3.219251
725,3.190759
726,3.190759
727,3.152584
728,3.152584
729,3.152584
730,3.114409
731,3.152584
732,3.152584
733,3.152584
734,3.098930
735,3.089246
736,3.043019
737,2.964735
738,2.880424
739,2.964735
740,3.002910
741,3.002910
742,3.002910
743,2.972254
744,2.972254
745,2.988595
746,2.972254
747,3.013758
748,3.013758
749,3.013758
750,2.947091
751,2.930750
752,2.905587
753,2.947091
754,2.882589
755,2.882589
756,2.882589
757,2.882589
758,2.841085
759,2.841085
760,2.866248
761,2.882589
762,2.857426
763,3.013758
764,3.072906
765,3.072906
766,3.151189
767,3.181076
768,3.202910
769,3.202910
770,3.219251
771,3.197417
772,3.155913
773,3.177747
774,3.202910
775,3.228073
776,3.244414
777,3.215922
778,3.215922
779,3.244414
780,3.244414
781,3.222580
782,3.206239
783,3.228073
784,3.244414
785,3.202910
786,3.219251
787,3.219251
788,3.111080
789,3.111080
790,3.111080
791,3.094740
792,3.041085
793,3.057426
794,3.035592
795,3.035592
796,3.007100
797,3.007100
798,2.898930
799,2.898930
800,2.898930
801,2.860755
802,2.882589
803,2.870438
804,2.870438
805,2.870438
806,2.908613
807,2.937104
808,2.883450
809,2.895601
810,2.885918
811,2.885918
812,2.885918
813,2.885918
814,2.994088
815,2.994088
816,2.972254
817,2.997417
818,3.035592
819,3.035592
820,3.057426
821,3.041085
822,3.132915
823,3.132915
824,3.149255
825,3.127421
826,3.111080
827,3.111080
828,3.111080
829,3.098930
830,3.027539
831,2.989364
832,3.052702
833,3.064853
834,3.011198
835,2.890877
836,2.865714
837,2.894206
838,2.919369
839,2.919369
840,2.909686
841,2.909686
842,2.909686
843,2.838295
844,2.868182
845,2.776352
846,2.776352
847,2.786035
848,2.839690
849,2.857426
850,2.857426
851,2.835592
852,2.805705
853,2.805705
854,2.926027
855,2.926027
856,2.926027
857,2.967530
858,2.967530
859,2.989364
860,2.989364
861,2.989364
862,2.989364
863,3.035592
864,3.035592
865,3.165596
866,3.177747
867,3.202910
868,3.174418
869,3.186569
870,3.202910
871,3.190759
872,3.190759
873,3.215922
874,3.244414
875,3.219251
876,3.272906
877,3.272906
878,3.272906
879,3.272906
880,3.272906
881,3.272906
882,3.247743
883,3.289246
884,3.277095
885,3.277095
886,3.260755
887,3.244414
888,3.244414
889,3.272906
890,3.219251
891,3.231402
892,3.272906
893,3.272906
894,3.219251
895,3.219251
896,3.181076
897,3.222580
898,3.222580
899,3.222580
900,3.197417
901,3.197417
902,3.207100
903,3.168925
904,3.190759
905,3.190759
906,3.190759
907,3.190759
908,3.190759
909,3.127421
910,3.019251
911,2.955913
912,2.981076
913,2.990759
914,2.990759
915,2.990759
916,3.028934
917,2.937104
918,2.898930
919,2.898930
920,2.898930
921,2.898930
922,2.898930
923,2.860755
924,2.860755
925,2.822580
926,2.814527
927,2.743137
928,2.809804
929,2.817856
930,2.697535
931,2.751189
932,2.789364
933,2.764735
934,2.723231
935,2.764735
936,2.802910
937,2.894740
938,2.919369
939,2.973024
940,3.044414
941,3.072906
942,3.019251
943,3.019251
944,3.057426
945,3.057426
946,3.057426
947,3.057426
948,3.041085
949,3.041085
950,3.041085
951,3.041085
952,3.053236
953,3.041085
954,2.987430
955,2.977747
956,2.947861
957,2.973024
958,3.014527
959,2.989364
960,2.947861
961,2.947861
962,2.977747
963,2.931520
964,2.939572
965,3.047743
966,3.047743
967,3.057426
968,2.986035
969,2.986035
970,3.039690
971,3.017856
972,3.089246
973,3.064084
974,3.064084
975,3.034197
976,3.097535
977,3.127421
978,3.143762
979,3.143762
980,3.127421
981,3.085918
982,3.047743
983,2.994088
984,3.057426
985,3.069577
986,3.111080
987,3.149255
988,3.149255
989,3.161406
990,3.189898
991,3.231402
992,3.231402
993,3.256565
994,3.228073
995,3.164735
996,3.181076
997,3.168925
998,3.127421
999,3.143762
1000,3.165596
1001,3.190759
1002,3.152584
1003,3.181076
1004,3.164735
1005,3.111080
1006,3.149255
1007,3.111080
1008,3.139572
1009,3.139572
1010,3.164735
1011,3.111080
1012,3.064853
1013,2.973024
1014,2.973024
1015,3.081194
1016,2.951189
1017,3.022580
1018,3.022580
1019,3.060755
1020,3.077095
1021,3.098930
1022,3.115270
1023,3.051933
1024,3.064084
1025,3.034197
1026,3.017856
1027,3.017856
1028,3.001515
1029,3.031402
1030,2.989898
1031,3.006239
1032,3.047743
1033,3.057426
1034,3.069577
1035,3.069577
1036,3.053236
1037,3.094740
1038,3.111080
1039,3.082589
1040,3.111080
1041,3.094740
1042,3.066248
1043,3.066248
1044,3.066248
1045,3.044414
1046,3.152584
1047,3.152584
1048,3.136243
1049,3.174418
1050,3.164735
1051,3.181076
1052,3.139572
1053,3.181076
1054,3.151189
1055,3.151189
1056,3.030868
1057,3.030868
1058,3.014527
1059,2.986035
1060,3.014527
1061,3.032263
1062,3.007100
1063,3.007100
1064,3.045275
1065,3.035592
1066,3.007100
1067,3.028934
1068,3.041085
1069,3.028934
1070,2.937104
1071,2.927421
1072,2.927421
1073,2.927421
1074,2.927421
1075,2.927421
1076,2.943762
1077,2.953445
1078,2.915270
1079,2.898930
1080,2.882589
1081,2.882589
1082,2.882589
1083,2.872906
1084,2.819251
1085,2.828934
1086,2.799047
1087,2.919369
1088,3.039690
1089,3.081194
1090,3.081194
1091,3.081194
1092,3.002910
1093,3.002910
1094,3.056565
1095,3.056565
1096,3.056565
1097,3.013758
1098,3.013758
1099,3.038921
1100,3.098069
1101,3.098069
1102,3.176352
1103,3.222580
1104,3.197417
1105,3.197417
1106,3.222580
1107,3.244414
1108,3.244414
1109,3.260755
1110,3.222580
1111,3.176352
1112,3.134849
1113,3.152584
1114,3.044414
1115,3.060755
1116,3.098930
1117,3.060755
1118,3.060755
1119,3.060755
1120,3.060755
1121,3.077095
1122,3.059360
1123,3.043019
1124,3.072906
1125,3.019251
1126,3.111080
1127,3.139572
1128,3.139572
1129,3.111080
1130,3.152584
1131,3.136243
1132,3.152584
1133,3.190759
1134,3.190759
1135,3.149255
1136,3.161406
1137,3.094740
1138,3.082589
1139,3.202910
1140,3.202910
1141,3.202910
1142,3.219251
1143,3.219251
1144,3.231402
1145,3.231402
1146,3.215061
1147,3.202910
1148,3.202910
1149,3.256565
1150,3.231402
1151,3.231402
1152,3.111080
1153,3.111080
1154,3.111080
1155,3.094740
1156,3.111080
1157,3.111080
1158,3.111080
1159,3.098930
1160,3.060755
1161,3.014527
1162,2.951189
1163,3.081194
1164,3.106357
1165,3.160012
1166,3.134849
1167,3.151189
1168,3.167530
1169,3.114409
1170,3.072906
1171,2.981076
1172,3.017856
1173,3.084523
1174,3.102258
1175,3.127421
1176,3.190759
1177,3.190759
1178,3.190759
1179,3.162267
1180,3.162267
1181,3.162267
1182,3.174418
1183,3.186569
1184,3.228073
1185,3.174418
1186,3.215922
1187,3.199581
1188,3.187430
1189,3.124092
1190,3.162267
1191,3.162267
1192,3.070438
1193,3.098930
1194,3.082589
1195,3.060755
1196,3.032263
1197,3.007100
1198,2.943762
1199,3.073767
1200,3.137104
1201,3.137104
1202,3.162267
1203,3.162267
1204,3.137104
1205,3.120764
1206,3.149255
1207,3.149255
1208,3.149255
1209,3.161406
1210,3.161406
1211,3.149255
1212,3.165596
1213,3.057426
1214,3.057426
1215,3.045275
1216,3.045275
1217,3.073767
1218,3.181937
1219,3.165596
1220,3.177747
1221,3.124092
1222,3.114409
1223,3.102258
1224,3.080424
1225,2.972254
1226,2.997417
1227,2.997417
1228,2.943762
1229,3.007100
1230,3.028934
1231,2.965596
1232,2.975279
1233,2.965596
1234,2.943762
1235,2.897535
1236,2.951189
1237,2.951189
1238,2.843019
1239,2.813132
1240,2.776352
1241,2.868182
1242,3.006239
1243,2.960012
1244,3.038295
1245,2.960012
1246,2.960012
1247,2.960012
1248,2.960012
1249,2.947091
1250,3.031402
1251,3.031402
1252,3.006239
1253,3.059360
1254,3.105587
1255,3.105587
1256,3.089246
1257,3.043019
1258,3.001515
1259,2.947861
1260,2.986035
1261,2.841085
1262,2.869577
1263,2.911080
1264,3.056031
1265,3.027539
1266,2.989364
1267,3.052702
1268,2.999581
1269,3.052702
1270,3.052702
1271,3.027539
1272,3.039690
1273,3.111080
1274,3.127421
1275,3.190759
1276,3.082589
1277,3.019251
1278,3.127421
1279,3.181076
1280,3.202910
1281,3.202910
1282,3.231402
1283,3.219251
1284,3.219251
1285,3.197417
1286,3.197417
1287,3.222580
1288,3.222580
1289,3.206239
1290,3.206239
1291,3.206239
1292,3.222580
1293,3.222580
1294,3.244414
1295,3.215922
1296,3.215922
1297,3.215922
1298,3.190759
1299,3.207100
1300,3.235592
1301,3.247743
1302,3.247743
1303,3.219251
1304,3.177747
1305,3.165596
1306,3.098930
1307,3.098930
1308,3.082589
1309,3.057426
1310,3.057426
1311,3.177747
1312,3.177747
1313,3.161406
1314,3.132915
1315,3.069577
1316,3.069577
1317,3.123231
1318,3.164735
1319,3.152584
1320,3.174418
1321,3.120764
1322,3.012593
1323,3.012593
1324,3.028934
1325,3.041085
1326,3.057426
1327,3.057426
1328,3.111080
1329,3.111080
1330,3.082589
1331,3.019251
1332,2.955913
1333,2.835592
1334,2.835592
1335,2.819251
1336,2.885918
1337,3.006239
1338,3.069577
1339,3.057426
1340,3.085918
1341,3.124092
1342,3.149255
1343,3.149255
1344,3.202910
1345,3.244414
1346,3.215922
1347,3.190759
1348,3.190759
1349,3.190759
1350,3.165596
1351,3.035592
1352,3.077095
1353,3.168925
1354,3.168925
1355,3.222580
1356,3.197417
1357,3.181076
1358,3.219251
1359,3.219251
1360,3.202910
1361,3.161406
1362,3.186569
1363,3.123231
1364,3.002910
1365,2.882589
1366,2.870438
1367,2.860755
1368,2.860755
1369,2.789364
1370,2.819251
1371,2.801515
1372,2.789364
1373,2.789364
1374,2.927421
1375,2.909686
1376,2.909686
1377,3.017856
1378,3.017856
1379,3.047743
1380,3.089246
1381,3.064084
1382,3.085918
1383,3.111080
1384,3.082589
1385,3.082589
1386,3.111080
1387,3.111080
1388,3.149255
1389,3.165596
1390,3.219251
1391,3.231402
1392,3.202910
1393,3.202910
1394,3.202910
1395,3.231402
1396,3.231402
1397,3.202910
1398,3.202910
1399,3.219251
1400,3.219251
1401,3.219251
1402,3.219251
1403,3.244414
1404,3.244414
1405,3.244414
1406,3.244414
1407,3.181076
1408,3.222580
1409,3.197417
1410,3.155913
1411,3.177747
1412,3.177747
1413,3.219251
1414,3.219251
1415,3.197417
1416,3.197417
1417,3.168925
1418,3.168925
1419,3.194088
1420,3.232263
1421,3.207100
1422,3.219251
1423,3.219251
1424,3.244414
1425,3.244414
1426,3.260755
1427,3.277095
1428,3.277095
1429,3.277095
1430,3.260755
1431,3.260755
1432,3.232263
1433,3.232263
1434,3.244414
1435,3.206239
1436,3.206239
1437,3.181076
1438,3.202910
1439,3.181076
1440,3.127421
1441,3.089246
1442,3.017856
1443,3.017856
1444,3.017856
1445,2.909686
1446,2.973024
1447,2.947861
1448,2.947861
1449,2.919369
1450,2.882589
1451,2.919369
1452,2.927421
1453,2.965596
1454,2.894206
1455,2.919369
1456,2.960873
1457,2.935710
1458,3.027539
1459,3.073767
1460,3.127421
1461,2.989364
1462,3.005705
1463,3.005705
1464,3.005705
1465,2.981076
1466,3.047743
1467,3.084523
1468,2.976352
1469,2.939572
1470,2.923231
1471,2.869577
1472,2.923231
1473,2.802910
1474,2.828073
1475,2.881194
1476,2.909686
1477,2.881194
1478,2.927421
1479,3.057426
1480,3.111080
1481,3.047743
1482,3.177747
1483,3.177747
1484,3.177747
1485,3.189898
1486,3.177747
1487,3.189898
1488,3.161406
1489,3.139572
1490,3.127421
1491,3.181076
1492,3.164735
1493,3.174418
1494,3.174418
1495,3.190759
1496,3.207100
1497,3.232263
1498,3.260755
1499,3.244414
1500,3.244414
1501,3.244414
1502,3.228073
1503,3.244414
1504,3.202910
1505,3.202910
1506,3.256565
1507,3.244414
1508,3.219251
1509,3.219251
1510,3.219251
1511,3.219251
1512,3.272906
1513,3.247743
1514,3.272906
1515,3.244414
1516,3.219251
1517,3.219251
1518,3.219251
1519,3.219251
1520,3.247743
1521,3.247743
1522,3.194088
1523,3.085918
1524,3.064084
1525,3.073767
1526,3.045275
1527,3.098930
1528,3.057426
1529,3.085918
1530,3.194088
1531,3.177747
1532,3.177747
1533,3.206239
1534,3.247743
1535,3.231402
1536,3.206239
1537,3.177747
1538,3.177747
1539,3.165596
1540,3.057426
1541,3.028934
1542,2.990759
1543,3.082589
1544,3.111080
1545,3.111080
1546,3.111080
1547,3.111080
1548,3.149255
1549,3.124092
1550,3.124092
1551,3.136243
1552,3.136243
1553,3.028073
1554,3.015922
1555,2.895601
1556,2.895601
1557,2.895601
1558,3.015922
1559,3.057426
1560,3.057426
1561,3.019251
1562,3.001515
1563,2.948394
1564,2.948394
1565,2.905587
1566,2.921928
1567,3.072906
1568,3.072906
1569,3.072906
1570,3.072906
1571,3.056565
1572,3.002910
1573,3.002910
1574,3.056565
1575,3.056565
1576,3.013758
1577,2.985266
1578,2.960103
1579,2.981076
1580,2.843019
1581,2.921303
1582,2.879799
1583,2.896140
1584,2.967530
1585,3.034197
1586,3.059360
1587,3.059360
1588,3.105587
1589,3.089246
1590,3.127421
1591,3.155913
1592,3.143762
1593,3.143762
1594,3.168925
1595,3.168925
1596,3.130750
1597,3.105587
1598,3.064084
1599,3.056031
1600,3.068182
1601,3.068182
1602,2.947861
1603,2.965596
1604,2.990759
1605,3.032263
1606,3.044414
1607,3.014527
1608,2.973024
1609,2.919903
1610,2.866248
1611,2.881194
1612,2.736243
1613,2.789364
1614,2.799047
1615,2.773885
1616,2.827539
1617,2.947861
1618,3.039690
1619,3.085918
1620,3.032263
1621,3.073767
1622,3.073767
1623,3.127421
1624,3.081194
1625,3.081194
1626,3.127421
1627,3.097535
1628,3.019251
1629,3.056031
1630,3.068182
1631,3.068182
1632,3.039690
1633,3.039690
1634,3.017856
1635,3.017856
1636,2.951189
1637,2.951189
1638,2.951189
1639,2.968925
1640,2.968925
1641,2.968925
1642,2.960873
1643,2.852702
1644,2.869043
1645,2.859360
1646,2.905587
1647,2.889246
1648,2.981076
1649,2.990759
1650,3.019251
1651,3.019251
1652,3.028934
1653,3.000442
1654,3.028934
1655,3.019251
1656,2.994088
1657,2.981937
1658,2.943762
1659,2.965596
1660,2.919369
1661,2.990759
1662,3.111080
1663,3.127421
1664,3.097535
1665,3.097535
1666,3.059360
1667,3.059360
1668,3.059360
1669,3.059360
1670,3.059360
1671,3.006239
1672,2.934849
1673,2.934849
1674,2.934849
1675,2.934849
1676,2.934849
1677,3.006239
1678,3.006239
1679,3.006239
1680,3.006239
1681,3.006239
1682,3.069577
1683,3.122698
1684,3.081194
1685,3.081194
1686,3.097535
1687,3.168925
1688,3.207100
1689,3.207100
1690,3.207100
1691,3.207100
1692,3.098930
1693,3.098930
1694,3.089246
1695,3.072906
1696,3.094740
1697,3.066248
1698,3.066248
1699,3.082589
1700,3.174418
1701,3.149255
1702,3.149255
1703,3.161406
1704,3.161406
1705,3.107752
1706,2.987430
1707,2.977747
1708,2.977747
1709,2.936243
1710,2.924092
1711,2.965596
1712,2.947861
1713,3.039690
1714,3.039690
1715,3.039690
1716,3.011198
1717,3.052702
1718,3.028073
1719,2.989898
1720,2.898069
1721,2.877095
1722,2.813758
1723,2.855261
1724,2.855261
1725,2.855261
1726,2.918599
1727,2.947091
1728,2.947091
1729,3.006239
1730,2.964735
1731,2.964735
1732,2.989898
1733,3.043019
1734,3.043019
1735,3.026678
1736,3.072906
1737,3.111080
1738,3.139572
1739,3.123231
1740,3.094740
1741,3.202910
1742,3.202910
1743,3.190759
1744,3.152584
1745,3.181076
1746,3.181076
1747,3.168925
1748,3.143762
1749,3.127421
1750,3.127421
1751,2.989364
1752,3.056031
1753,3.085918
1754,3.139572
1755,3.181076
1756,3.197417
1757,3.219251
1758,3.219251
1759,3.219251
1760,3.219251
1761,3.219251
1762,3.181076
1763,3.197417
1764,3.168925
1765,3.194088
1766,3.215922
1767,3.177747
1768,3.152584
1769,3.181076
1770,3.109686
1771,3.109686
1772,3.056565
1773,3.056565
1774,3.028073
1775,3.081194
1776,3.056031
1777,2.992693
1778,2.992693
1779,2.992693
1780,3.014527
1781,3.014527
1782,2.992693
1783,3.064084
1784,3.089246
1785,3.114409
1786,3.089246
1787,3.127421
1788,3.152584
1789,3.152584
1790,3.181076
1791,3.219251
1792,3.235592
1793,3.197417
1794,3.197417
1795,3.181076
1796,3.181076
1797,3.181076
1798,3.164735
1799,3.164735
1800,3.174418
1801,3.190759
1802,3.202910
1803,3.111080
1804,3.111080
1805,3.089246
1806,3.098930
1807,3.070438
1808,3.032263
1809,2.968925
1810,3.007100
1811,3.127421
1812,3.181076
1813,3.139572
1814,3.164735
1815,3.181076
1816,3.139572
1817,3.098069
1818,3.098069
1819,3.107752
1820,3.107752
1821,3.136243
1822,3.161406
1823,3.177747
1824,3.202910
1825,3.174418
1826,3.149255
1827,3.149255
1828,3.190759
1829,3.165596
1830,3.149255
1831,3.177747
1832,3.165596
1833,3.165596
1834,3.194088
1835,3.177747
1836,3.155913
1837,3.155913
1838,3.139572
1839,3.085918
1840,3.064084
1841,3.127421
1842,3.127421
1843,3.127421
1844,3.127421
1845,3.139572
1846,3.139572
1847,3.139572
1848,3.139572
1849,3.085918
1850,3.069577
1851,3.006239
1852,2.939572
1853,2.819251
1854,2.819251
1855,2.860755
1856,2.860755
1857,2.860755
1858,2.898930
1859,2.937104
1860,2.908613
1861,2.898930
1862,2.852702
1863,2.881194
1864,2.909686
1865,2.881194
1866,2.889246
1867,2.905587
1868,2.905587
1869,2.905587
1870,2.859360
1871,2.997417
1872,3.019251
1873,3.019251
1874,3.085918
1875,3.085918
1876,3.069577
1877,3.069577
1878,3.111080
1879,3.127421
1880,3.127421
1881,3.089246
1882,3.059360
1883,2.951189
1884,3.014527
1885,3.081194
1886,3.111080
1887,3.136243
1888,3.044414
1889,3.060755
1890,3.082589
1891,3.202910
1892,3.202910
1893,3.190759
1894,3.207100
1895,3.219251
1896,3.219251
1897,3.235592
1898,3.219251
1899,3.194088
1900,3.177747
1901,3.165596
1902,3.190759
1903,3.190759
1904,3.202910
1905,3.231402
1906,3.247743
1907,3.235592
1908,3.277095
1909,3.235592
1910,3.235592
1911,3.219251
1912,3.177747
1913,3.149255
1914,3.161406
1915,3.173557
1916,3.161406
1917,3.173557
1918,3.161406
1919,3.202910
1920,3.228073
1921,3.164735
1922,3.139572
1923,3.111080
1924,3.111080
1925,3.081194
1926,3.017856
1927,3.034197
1928,3.034197
1929,3.059360
1930,3.013132
1931,3.059360
1932,2.987970
1933,3.034197
1934,3.034197
1935,3.034197
1936,2.967530
1937,2.951189
1938,2.951189
1939,2.973024
1940,3.014527
1941,3.043019
1942,3.151189
1943,3.151189
1944,3.168925
1945,3.168925
1946,3.152584
1947,3.127421
1948,3.165596
1949,3.127421
1950,3.127421
1951,3.139572
1952,3.155913
1953,3.177747
1954,3.165596
1955,3.149255
1956,3.202910
1957,3.186569
1958,3.174418
1959,3.174418
1960,3.174418
1961,3.190759
1962,3.190759
1963,3.190759
1964,3.219251
1965,3.219251
1966,3.244414
1967,3.228073
1968,3.174418
1969,3.174418
1970,3.174418
1971,3.174418
1972,3.164735
1973,3.181076
1974,3.181076
1975,3.181076
1976,3.181076
1977,3.181076
1978,3.139572
1979,3.111080
1980,3.111080
1981,3.127421
1982,3.127421
1983,3.149255
1984,3.190759
1985,3.215922
1986,3.190759
1987,3.127421
1988,3.019251
1989,3.041085
1990,3.069577
1991,3.177747
1992,3.155913
1993,3.155913
1994,3.197417
1995,3.155913
1996,3.181076
1997,3.181076
1998,3.181076
1999,3.152584
2000,3.127421
2001,3.190759
2002,3.190759
2003,3.174418
2004,3.190759
2005,3.190759
2006,3.162267
2007,3.145927
2008,3.092272
2009,3.067109
2010,3.003771
2011,3.057426
2012,3.047743
2013,3.039690
2014,2.894740
2015,2.973024
2016,2.944532
2017,2.944532
2018,2.944532
2019,2.919369
2020,2.973024
2021,2.947861
2022,2.911080
2023,2.952584
2024,2.844414
2025,2.964735
2026,3.001515
2027,3.017856
2028,3.005705
2029,2.989364
2030,2.964735
2031,2.964735
2032,2.936243
2033,2.948394
2034,2.973024
2035,2.894740
2036,2.906891
2037,2.960012
2038,3.031402
2039,3.019251
2040,3.028934
2041,3.012593
2042,2.920764
2043,2.932915
2044,2.949255
2045,2.949255
2046,2.949255
2047,2.961406
2048,2.949255
2049,2.949255
2050,2.961406
2051,2.977747
2052,3.085918
2053,3.085918
2054,3.111080
2055,3.082589
2056,3.082589
2057,3.082589
2058,3.057426
2059,3.082589
2060,3.044414
2061,3.164735
2062,3.164735
2063,3.186569
2064,3.066248
2065,3.041085
2066,3.019251
2067,3.041085
2068,3.107752
2069,3.161406
2070,3.098069
2071,3.085918
2072,3.073767
2073,3.073767
2074,3.095601
2075,3.095601
2076,3.107752
2077,3.107752
2078,3.085918
2079,3.095601
2080,3.137104
2081,3.137104
2082,3.127421
2083,3.127421
2084,3.127421
2085,3.127421
2086,3.149255
2087,3.177747
2088,3.155913
2089,3.155913
2090,3.155913
2091,3.177747
2092,3.206239
2093,3.194088
2094,3.177747
2095,3.165596
2096,3.165596
2097,3.190759
2098,3.127421
2099,3.127421
2100,3.056031
2101,3.081194
2102,3.109686
2103,3.139572
2104,3.093345
2105,3.093345
2106,3.093345
2107,3.093345
2108,3.056565
2109,3.072906
2110,3.114409
2111,3.089246
2112,3.072906
2113,3.109686
2114,3.109686
2115,3.109686
2116,3.139572
2117,3.155913
2118,3.139572
2119,3.139572
2120,3.139572
2121,3.085918
2122,3.098069
2123,3.098069
2124,3.098069
2125,3.098069
2126,3.098069
2127,3.085918
2128,3.149255
2129,3.190759
2130,3.219251
2131,3.219251
2132,3.260755
2133,3.272906
2134,3.289246
2135,3.260755
2136,3.272906
2137,3.256565
2138,3.256565
2139,3.202910
2140,3.190759
2141,3.149255
2142,3.019251
2143,3.007100
2144,2.990759
2145,2.990759
2146,3.057426
2147,3.003771
2148,2.873767
2149,2.827539
2150,2.898930
2151,2.835592
2152,2.835592
2153,2.827539
2154,2.827539
2155,2.898930
2156,2.962267
2157,3.082589
2158,3.111080
2159,3.047743
2160,3.035592
2161,3.098930
2162,3.027539
2163,3.052702
2164,3.011198
2165,3.064853
2166,3.136243
2167,3.136243
2168,3.164735
2169,3.181076
2170,3.181076
2171,3.219251
2172,3.219251
2173,3.219251
2174,3.219251
2175,3.181076
2176,3.164735
2177,3.134849
2178,3.081194
2179,3.002910
2180,2.961406
2181,3.002910
2182,3.056031
2183,3.081194
2184,3.097535
2185,3.005705
2186,3.005705
2187,3.059360
2188,3.059360
2189,3.059360
2190,3.043019
2191,3.043019
2192,3.006239
2193,3.006239
2194,3.043019
2195,3.026678
2196,3.043019
2197,3.060755
2198,3.044414
2199,3.019251
2200,3.019251
2201,3.007100
2202,2.960873
2203,3.014527
2204,2.951189
2205,2.914409
2206,2.843019
2207,2.826678
2208,2.760012
2209,2.734849
2210,2.872906
2211,2.872906
2212,2.826678
2213,2.748394
2214,2.748394
2215,2.764735
2216,2.705587
2217,2.748394
2218,2.785174
2219,2.930125
2220,3.001515
2221,3.001515
2222,3.001515
2223,3.019251
2224,3.019251
2225,3.019251
2226,3.035592
2227,3.098930
2228,3.098930
2229,3.127421
2230,3.155913
2231,3.219251
2232,3.207100
2233,3.168925
2234,3.197417
2235,3.168925
2236,3.197417
2237,3.219251
2238,3.155913
2239,3.035592
2240,2.994088
2241,3.015922
2242,3.057426
2243,3.019251
2244,3.019251
2245,2.990759
2246,3.007100
2247,2.965596
2248,2.955913
2249,3.019251
2250,3.057426
2251,2.949255
2252,2.939572
2253,2.927421
2254,2.881194
2255,2.947861
2256,2.989364
2257,2.989364
2258,3.109686
2259,3.056031
2260,3.056031
2261,3.056031
2262,3.097535
2263,3.081194
2264,3.127421
2265,3.127421
2266,3.152584
2267,3.130750
2268,3.130750
2269,3.114409
2270,3.152584
2271,3.111080
2272,3.127421
2273,3.127421
2274,3.143762
2275,3.155913
2276,3.047743
2277,3.072906
2278,3.089246
2279,3.089246
2280,3.098930
2281,3.089246
2282,3.072906
2283,3.089246
2284,3.089246
2285,3.105587
2286,3.059360
2287,3.059360
2288,3.167530
2289,3.167530
2290,3.213758
2291,3.238921
2292,3.222580
2293,3.238921
2294,3.238921
2295,3.238921
2296,3.222580
2297,3.194088
2298,3.232263
2299,3.232263
2300,3.232263
2301,3.190759
2302,3.202910
2303,3.149255
2304,3.190759
2305,3.149255
2306,3.161406
2307,3.149255
2308,3.127421
2309,3.056031
2310,3.097535
2311,3.097535
2312,3.097535
2313,3.097535
2314,3.059360
2315,3.059360
2316,3.017856
2317,3.039690
2318,3.069577
2319,3.111080
2320,3.047743
2321,3.111080
2322,3.085918
2323,3.073767
2324,3.085918
2325,3.085918
2326,3.085918
2327,3.111080
2328,3.111080
2329,3.085918
2330,3.139572
2331,3.177747
2332,3.177747
2333,3.177747
2334,3.069577
2335,3.057426
2336,3.057426
2337,3.057426
2338,3.003771
2339,3.003771
2340,3.003771
2341,3.028934
2342,2.990759
2343,2.990759
2344,3.015922
2345,3.044414
2346,3.111080
2347,3.127421
2348,3.111080
2349,3.111080
2350,3.057426
2351,3.067109
2352,3.057426
2353,2.927421
2354,2.898930
2355,2.760873
2356,2.736243
2357,2.789364
2358,2.760873
2359,2.760873
2360,2.881194
2361,2.881194
2362,2.844414
2363,2.859360
2364,2.881194
2365,2.927421
2366,2.955913
2367,2.909686
2368,2.863458
2369,2.809804
2370,2.838295
2371,2.746466
2372,2.746466
2373,2.817856
2374,2.839690
2375,2.802910
2376,2.694740
2377,2.694740
2378,2.815061
2379,2.923231
2380,3.031402
2381,3.056031
2382,3.039690
2383,3.085918
2384,3.098069
2385,3.107752
2386,3.161406
2387,3.161406
2388,3.161406
2389,3.177747
2390,3.114409
2391,3.114409
2392,3.114409
2393,3.114409
2394,3.139572
2395,3.177747
2396,3.149255
2397,3.161406
2398,3.149255
2399,3.190759
2400,3.190759
2401,3.202910
2402,3.094740
2403,3.031402
2404,3.001515
2405,2.989364
2406,2.989364
2407,3.035592
2408,3.035592
2409,2.972254
2410,2.972254
2411,2.972254
2412,2.981937
2413,2.981937
2414,2.994088
2415,3.003771
2416,3.003771
2417,2.987430
2418,2.977747
2419,3.019251
2420,3.019251
2421,2.990759
2422,3.002910
2423,3.019251
2424,2.997417
2425,3.007100
2426,3.007100
2427,3.028934
2428,3.019251
2429,3.019251
2430,3.019251
2431,2.973024
2432,3.026678
2433,3.014527
2434,2.998186
2435,3.026678
2436,3.026678
2437,2.989898
2438,2.989898
2439,3.006239
2440,3.098069
2441,3.134849
2442,3.181076
2443,3.202910
2444,3.219251
2445,3.190759
2446,3.152584
2447,3.152584
2448,3.127421
2449,3.111080
2450,3.136243
2451,3.152584
2452,3.152584
2453,3.122698
2454,3.168925
2455,3.181076
2456,3.190759
2457,3.162267
2458,3.174418
2459,3.111080
2460,2.990759
2461,3.002910
2462,3.123231
2463,3.161406
2464,3.161406
2465,3.149255
2466,3.174418
2467,3.162267
2468,3.162267
2469,3.190759
2470,3.190759
2471,3.190759
2472,3.174418
2473,3.111080
2474,3.164735
2475,3.228073
2476,3.228073
2477,3.244414
2478,3.202910
2479,3.202910
2480,3.186569
2481,3.202910
2482,3.231402
2483,3.219251
2484,3.202910
2485,3.174418
2486,3.190759
2487,3.165596
2488,3.177747
2489,3.177747
2490,3.177747
2491,3.069577
2492,3.081728
2493,3.053236
2494,3.053236
2495,2.932915
2496,2.932915
2497,2.920764
2498,2.937104
2499,2.920764
2500,3.028934
2501,3.082589
2502,3.057426
2503,3.035592
2504,3.047743
2505,3.089246
2506,3.077095
2507,3.105587
2508,3.059360
2509,3.197417
2510,3.197417
2511,3.197417
2512,3.219251
2513,3.219251
2514,3.219251
2515,3.181076
2516,3.197417
2517,3.260755
2518,3.260755
2519,3.244414
2520,3.244414
2521,3.272906
2522,3.256565
2523,3.244414
2524,3.190759
2525,3.149255
2526,3.202910
2527,3.139572
2528,3.139572
2529,3.139572
2530,3.202910
2531,3.256565
2532,3.244414
2533,3.260755
2534,3.244414
2535,3.244414
2536,3.244414
2537,3.260755
2538,3.244414
2539,3.244414
2540,3.260755
2541,3.232263
2542,3.215922
2543,3.215922
2544,3.228073
2545,3.202910
2546,3.244414
2547,3.244414
2548,3.232263
2549,3.244414
2550,3.232263
2551,3.194088
2552,3.194088
2553,3.194088
2554,3.176352
2555,3.122698
2556,3.122698
2557,3.176352
2558,3.176352
2559,3.134849
2560,3.134849
2561,3.109686
2562,3.109686
2563,3.139572
2564,3.127421
2565,3.165596
2566,3.190759
2567,3.082589
2568,3.111080
2569,3.072906
2570,3.139572
2571,3.109686
2572,3.127421
2573,3.111080
2574,3.057426
2575,3.035592
2576,3.057426
2577,3.082589
2578,3.120764
2579,3.057426
2580,3.047743
2581,3.039690
2582,3.111080
2583,3.057426
2584,3.111080
2585,3.081194
2586,3.093345
2587,3.093345
2588,3.134849
2589,3.134849
2590,3.151189
2591,3.222580
2592,3.222580
2593,3.206239
2594,3.194088
2595,3.168925
2596,3.122698
2597,3.168925
2598,3.127421
2599,3.143762
2600,3.155913
2601,3.126027
2602,3.197417
2603,3.181076
2604,3.181076
2605,3.181076
2606,3.181076
2607,3.181076
2608,3.181076
2609,3.190759
2610,3.098930
2611,3.111080
2612,3.111080
2613,3.072906
2614,3.072906
2615,3.072906
2616,3.082589
2617,3.044414
2618,3.022580
2619,3.022580
2620,2.992693
2621,2.967530
2622,2.926027
2623,2.872372
2624,2.805705
2625,2.897535
2626,2.882589
2627,2.823441
2628,2.974418
2629,2.974418
2630,2.974418
2631,3.028073
2632,2.936243
2633,2.911080
2634,2.939572
2635,2.939572
2636,2.964735
2637,3.043019
2638,3.043019
2639,3.060755
2640,3.089246
2641,3.064084
2642,3.035592
2643,3.057426
2644,3.045275
2645,3.028934
2646,2.975279
2647,2.965596
2648,2.898930
2649,3.019251
2650,3.019251
2651,3.072906
2652,3.060755
2653,3.152584
2654,3.152584
2655,3.162267
2656,3.162267
2657,3.098930
2658,3.060755
2659,3.082589
2660,2.944532
2661,2.990759
2662,3.019251
2663,3.028934
2664,2.965596
2665,3.028934
2666,2.987430
2667,2.987430
2668,2.987430
2669,2.975279
2670,3.003771
2671,2.873767
2672,2.873767
2673,2.851933
2674,2.835592
2675,2.965596
2676,2.965596
2677,3.019251
2678,2.973024
2679,2.948394
2680,2.905587
2681,2.921928
2682,2.947091
2683,2.893436
2684,2.877095
2685,2.936243
2686,2.872906
2687,2.926027
2688,2.947861
2689,2.856031
2690,2.868182
2691,2.868182
2692,2.960012
2693,3.051841
2694,3.069577
2695,3.111080
2696,3.127421
2697,3.056031
2698,3.085918
2699,3.085918
2700,3.047743
2701,3.047743
2702,3.085918
2703,3.149255
2704,3.111080
2705,3.111080
2706,3.149255
2707,3.174418
2708,3.164735
2709,3.181076
2710,3.164735
2711,3.152584
2712,3.089246
2713,3.098930
2714,3.098930
2715,3.073767
2716,3.085918
2717,3.014527
2718,3.014527
2719,3.056031
2720,2.911080
2721,2.936243
2722,2.989364
2723,2.911080
2724,2.889246
2725,2.926027
2726,2.997417
2727,2.997417
2728,3.035592
2729,3.045275
2730,3.035592
2731,2.994088
2732,2.977747
2733,2.977747
2734,2.955913
2735,2.955913
2736,2.994088
2737,2.965596
2738,2.965596
2739,2.994088
2740,2.994088
2741,3.015922
2742,3.136243
2743,3.124092
2744,3.136243
2745,3.148394
2746,3.148394
2747,3.148394
2748,3.189898
2749,3.215061
2750,3.215061
2751,3.094740
2752,3.202910
2753,3.202910
2754,3.190759
2755,3.190759
2756,3.207100
2757,3.207100
2758,3.190759
2759,3.168925
2760,3.194088
2761,3.168925
2762,3.152584
2763,3.152584
2764,3.181076
2765,3.219251
2766,3.231402
2767,3.215061
2768,3.215061
2769,3.231402
2770,3.177747
2771,3.177747
2772,3.136243
2773,3.148394
2774,3.136243
2775,3.124092
2776,3.177747
2777,3.165596
2778,3.035592
2779,3.035592
2780,3.019251
2781,3.019251
2782,3.019251
2783,2.977747
2784,2.977747
2785,3.085918
2786,3.098069
2787,2.977747
2788,2.977747
2789,2.947861
2790,3.085918
2791,3.114409
2792,3.139572
2793,3.139572
2794,3.202910
2795,3.174418
2796,3.190759
2797,3.190759
2798,3.174418
2799,3.174418
2800,3.174418
2801,3.174418
2802,3.174418
2803,3.162267
2804,3.174418
2805,3.162267
2806,3.098930
2807,3.111080
2808,3.081194
2809,3.109686
2810,3.134849
2811,3.056565
2812,3.056565
2813,3.015061
2814,3.056565
2815,3.134849
2816,3.014527
2817,2.992693
2818,3.084523
2819,3.043019
2820,3.017856
2821,2.976352
2822,2.923231
2823,2.923231
2824,2.923231
2825,2.911080
2826,2.989364
2827,3.017856
2828,3.081194
2829,3.081194
2830,3.081194
2831,3.127421
2832,3.127421
2833,3.165596
2834,3.165596
2835,3.137104
2836,3.190759
2837,3.244414
2838,3.244414
2839,3.202910
2840,3.174418
2841,3.174418
2842,3.174418
2843,3.174418
2844,3.174418
2845,3.174418
2846,3.202910
2847,3.202910
2848,3.202910
2849,3.149255
2850,3.149255
2851,3.137104
2852,3.149255
2853,3.095601
2854,3.095601
2855,2.987430
2856,3.095601
2857,3.085918
2858,3.085918
2859,3.085918
2860,3.073767
2861,3.073767
2862,3.095601
2863,3.057426
2864,3.085918
2865,3.111080
2866,3.120764
2867,3.054097
2868,3.054097
2869,3.070438
2870,3.190759
2871,3.165596
2872,3.124092
2873,3.124092
2874,3.124092
2875,3.124092
2876,3.114409
2877,3.114409
2878,3.114409
2879,3.085918
2880,3.111080
2881,3.111080
2882,3.081194
2883,3.106357
2884,3.106357
2885,3.081194
2886,3.081194
2887,3.043019
2888,3.059360
2889,3.059360
2890,3.006239
2891,3.006239
2892,2.964735
2893,2.964735
2894,2.981076
2895,2.981076
2896,3.006239
2897,3.059360
2898,3.122698
2899,3.168925
2900,3.152584
2901,3.124092
2902,3.124092
2903,3.136243
2904,3.136243
2905,3.152584
2906,3.152584
2907,3.134849
2908,3.134849
2909,3.151189
2910,3.151189
2911,3.151189
2912,3.126027
2913,3.109686
2914,3.134849
2915,3.081194
2916,3.122698
2917,3.151189
2918,3.168925
2919,3.181076
2920,3.181076
2921,3.181076
2922,3.139572
2923,3.139572
2924,3.177747
2925,3.149255
2926,3.120764
2927,3.162267
2928,3.098930
2929,3.152584
2930,3.130750
2931,3.084523
2932,3.013132
2933,2.921303
2934,2.987970
2935,2.934849
2936,2.934849
2937,2.783871
2938,2.875701
2939,2.960012
2940,2.934849
2941,2.909686
2942,2.850538
2943,2.934849
2944,2.960012
2945,3.013132
2946,3.013132
2947,2.934849
2948,3.013132
2949,3.013132
2950,3.013132
2951,3.084523
2952,3.122698
2953,3.122698
2954,3.059360
2955,3.081194
2956,3.152584
2957,3.089246
2958,3.152584
2959,3.152584
2960,3.152584
2961,3.190759
2962,3.202910
2963,3.149255
2964,3.137104
2965,3.127421
2966,3.127421
2967,3.168925
2968,3.190759
2969,3.152584
2970,3.152584
2971,3.032263
2972,3.152584
2973,3.164735
2974,3.164735
2975,3.134849
2976,3.152584
2977,3.194088
2978,3.194088
2979,3.168925
2980,3.207100
2981,3.190759
2982,3.181076
2983,3.181076
2984,3.202910
2985,3.202910
2986,3.202910
2987,3.215061
2988,3.186569
2989,3.161406
2990,3.177747
2991,3.136243
2992,3.114409
2993,3.102258
2994,3.143762
2995,3.127421
2996,3.139572
2997,3.098069
2998,3.139572
2999,3.164735
3000,3.181076
3001,3.181076
3002,3.219251
3003,3.219251
3004,3.098930
3005,3.082589
3006,3.082589
3007,3.082589
3008,3.072906
3009,3.111080
3010,3.094740
3011,3.215061
3012,3.215061
3013,3.202910
3014,3.202910
3015,3.149255
3016,3.174418
3017,3.174418
3018,3.174418
3019,3.190759
3020,3.219251
3021,3.219251
3022,3.235592
3023,3.219251
3024,3.219251
3025,3.219251
3026,3.219251
3027,3.181076
3028,3.219251
3029,3.219251
3030,3.219251
3031,3.190759
3032,3.207100
3033,3.219251
3034,3.190759
3035,3.165596
3036,3.035592
3037,2.994088
3038,2.994088
3039,2.994088
3040,3.015922
3041,3.015922
3042,3.003771
3043,3.003771
3044,2.895601
3045,2.885918
3046,2.885918
3047,2.873767
3048,2.965596
3049,2.924092
3050,2.906357
3051,2.839690
3052,2.856031
3053,2.947861
3054,2.960012
3055,2.960012
3056,3.068182
3057,3.084523
3058,3.102258
3059,3.165596
3060,3.149255
3061,3.149255
3062,3.149255
3063,3.095601
3064,3.120764
3065,3.120764
3066,3.095601
3067,3.124092
3068,3.149255
3069,3.139572
3070,3.139572
3071,3.139572
3072,3.139572
3073,3.202910
3074,3.202910
3075,3.174418
3076,3.174418
3077,3.132915
3078,3.132915
3079,3.161406
3080,3.094740
3081,3.123231
3082,3.231402
3083,3.272906
3084,3.272906
3085,3.256565
3086,3.256565
3087,3.244414
3088,3.219251
3089,3.260755
3090,3.232263
3091,3.207100
3092,3.207100
3093,3.168925
3094,3.152584
3095,3.130750
3096,3.168925
3097,3.122698
3098,3.168925
3099,3.152584
3100,3.111080
3101,3.152584
3102,3.181076
3103,3.164735
3104,3.164735
3105,3.164735
3106,3.164735
3107,3.134849
3108,3.109686
3109,3.017856
3110,3.017856
3111,3.017856
3112,2.989364
3113,3.056031
3114,2.935710
3115,2.965596
3116,3.019251
3117,3.149255
3118,3.111080
3119,3.120764
3120,3.137104
3121,3.190759
3122,3.190759
3123,3.174418
3124,3.174418
3125,3.202910
3126,3.186569
3127,3.174418
3128,3.202910
3129,3.244414
3130,3.222580
3131,3.181076
3132,3.219251
3133,3.190759
3134,3.190759
3135,3.219251
3136,3.202910
3137,3.231402
3138,3.231402
3139,3.177747
3140,3.219251
3141,3.202910
3142,3.181076
3143,3.197417
3144,3.155913
3145,3.177747
3146,3.136243
3147,3.136243
3148,3.107752
3149,3.041085
3150,3.041085
3151,3.041085
3152,3.041085
3153,3.028934
3154,3.054097
3155,3.082589
3156,3.190759
3157,3.137104
3158,3.127421
3159,3.181076
3160,3.060755
3161,3.098930
3162,3.111080
3163,3.139572
3164,3.155913
3165,3.139572
3166,3.098069
3167,3.206239
3168,3.194088
3169,3.219251
3170,3.202910
3171,3.164735
3172,3.139572
3173,3.181076
3174,3.155913
3175,3.165596
3176,3.143762
3177,3.127421
3178,3.152584
3179,3.127421
3180,3.073767
3181,3.035592
3182,3.035592
3183,2.964201
3184,2.964201
3185,3.027539
3186,3.073767
3187,3.035592
3188,2.927421
3189,2.937104
3190,2.828934
3191,2.857426
3192,2.839690
3193,2.960012
3194,2.906357
3195,2.947861
3196,3.085918
3197,2.994088
3198,3.057426
3199,3.035592
3200,3.064084
3201,3.085918
3202,3.111080
3203,3.111080
3204,3.098930
3205,3.219251
3206,3.219251
3207,3.202910
3208,3.219251
3209,3.219251
3210,3.165596
3211,3.177747
3212,3.194088
3213,3.247743
3214,3.272906
3215,3.289246
3216,3.289246
3217,3.272906
3218,3.289246
3219,3.289246
3220,3.272906
3221,3.272906
3222,3.244414
3223,3.228073
3224,3.228073
3225,3.215922
3226,3.215922
3227,3.215922
3228,3.190759
3229,3.127421
3230,3.035592
3231,2.972254
3232,3.013758
3233,3.035592
3234,3.060755
3235,3.038921
3236,2.997417
3237,3.089246
3238,3.111080
3239,3.081194
3240,3.014527
3241,3.014527
3242,3.043019
3243,3.181076
3244,3.152584
3245,3.152584
3246,3.152584
3247,3.152584
3248,3.190759
3249,3.190759
3250,3.174418
3251,3.174418
3252,3.132915
3253,3.132915
3254,3.123231
3255,3.111080
3256,3.111080
3257,3.152584
3258,3.190759
3259,3.152584
3260,3.152584
3261,3.174418
3262,3.111080
3263,3.111080
3264,3.111080
3265,3.123231
3266,3.069577
3267,3.069577
3268,3.098069
3269,3.098069
3270,3.085918
3271,3.056031
3272,3.127421
3273,3.127421
3274,3.089246
3275,3.089246
3276,3.047743
3277,3.089246
3278,3.043019
3279,3.089246
3280,3.098930
3281,3.098930
3282,3.060755
3283,3.082589
3284,3.072906
3285,3.111080
3286,3.139572
3287,3.139572
3288,3.139572
3289,3.181076
3290,3.219251
3291,3.219251
3292,3.219251
3293,3.219251
3294,3.235592
3295,3.219251
3296,3.177747
3297,3.231402
3298,3.202910
3299,3.174418
3300,3.132915
3301,3.186569
3302,3.174418
3303,3.174418
3304,3.132915
3305,3.186569
3306,3.174418
3307,3.174418
3308,3.152584
3309,3.127421
3310,3.097535
3311,3.143762
3312,3.105587
3313,3.105587
3314,3.059360
3315,3.043019
3316,3.068182
3317,2.989898
3318,2.989898
3319,3.043019
3320,3.043019
3321,3.017856
3322,3.017856
3323,3.089246
3324,3.089246
3325,3.043019
3326,3.089246
3327,2.997417
3328,2.997417
3329,2.997417
3330,3.019251
3331,2.898930
3332,2.990759
3333,2.919369
3334,2.973024
3335,2.951189
3336,2.967530
3337,2.967530
3338,2.967530
3339,2.951189
3340,2.989364
3341,2.997417
3342,2.997417
3343,2.997417
3344,3.007100
3345,3.045275
3346,3.137104
3347,3.165596
3348,3.190759
3349,3.149255
3350,3.202910
3351,3.186569
3352,3.202910
3353,3.111080
3354,3.094740
3355,3.111080
3356,3.111080
3357,3.098930
3358,3.127421
3359,3.111080
3360,3.127421
3361,3.127421
3362,3.139572
3363,3.098069
3364,3.139572
3365,3.111080
3366,3.094740
3367,3.053236
3368,2.923231
3369,2.939572
3370,2.939572
3371,2.927421
3372,2.909686
3373,2.868182
3374,2.747861
3375,2.777747
3376,2.777747
3377,2.777747
3378,2.765596
3379,2.885918
3380,2.873767
3381,2.895601
3382,2.867109
3383,2.879260
3384,2.869577
3385,2.847743
3386,2.864084
3387,2.873767
3388,2.898930
3389,2.898930
3390,2.881194
3391,2.881194
3392,2.989364
3393,3.017856
3394,3.047743
3395,3.047743
3396,3.031402
3397,3.001515
3398,3.001515
3399,3.031402
3400,3.161406
3401,3.161406
3402,3.177747
3403,3.177747
3404,3.202910
3405,3.219251
3406,3.231402
3407,3.219251
3408,3.190759
3409,3.202910
3410,3.202910
3411,3.149255
3412,3.124092
3413,3.107752
3414,2.977747
3415,2.994088
3416,3.102258
3417,3.124092
3418,3.136243
3419,3.107752
3420,3.132915
3421,3.174418
3422,3.174418
3423,3.186569
3424,3.123231
3425,3.069577
3426,3.085918
3427,3.039690
3428,3.085918
3429,3.111080
3430,2.990759
3431,2.990759
3432,2.990759
3433,3.007100
3434,3.035592
3435,3.057426
3436,3.047743
3437,3.035592
3438,3.007100
3439,3.032263
3440,3.044414
3441,3.044414
3442,3.072906
3443,3.094740
3444,3.111080
3445,3.082589
3446,3.082589
3447,3.190759
3448,3.244414
3449,3.244414
3450,3.244414
3451,3.181076
3452,3.197417
3453,3.155913
3454,3.197417
3455,3.222580
3456,3.260755
3457,3.222580
3458,3.232263
3459,3.260755
3460,3.244414
3461,3.244414
3462,3.244414
3463,3.244414
3464,3.206239
3465,3.206239
3466,3.152584
3467,3.174418
3468,3.152584
3469,3.124092
3470,3.052702
3471,3.027539
3472,2.935710
3473,2.935710
3474,2.911080
3475,2.760103
3476,2.760103
3477,2.772254
3478,2.772254
3479,2.864084
3480,2.864084
3481,2.894740
3482,3.015061
3483,3.002910
3484,3.056565
3485,3.081728
3486,3.081728
3487,3.081728
3488,3.053236
3489,3.053236
3490,3.069577
3491,3.044414
3492,3.056565
3493,2.972254
3494,3.031402
3495,3.084523
3496,3.031402
3497,3.031402
3498,3.109686
3499,3.017856
3500,3.017856
3501,2.897535
3502,2.909686
3503,2.831402
3504,2.856031
3505,2.856031
3506,2.856031
3507,2.827539
3508,2.839690
3509,2.817856
3510,2.764735
3511,2.789898
3512,2.747091
3513,2.855261
3514,2.893436
3515,2.893436
3516,2.905587
3517,2.936243
3518,2.936243
3519,2.919903
3520,2.835592
3521,2.835592
3522,2.835592
3523,2.856565
3524,2.835592
3525,2.772254
3526,2.785174
3527,2.664853
3528,2.628073
3529,2.628073
3530,2.681194
3531,2.693345
3532,2.771629
3533,2.909686
3534,2.981076
3535,3.044414
3536,3.072906
3537,3.060755
3538,3.072906
3539,3.082589
3540,3.060755
3541,3.032263
3542,2.994088
3543,2.930750
3544,2.997417
3545,2.997417
3546,2.951189
3547,3.014527
3548,2.989364
3549,2.989364
3550,2.926027
3551,2.926027
3552,2.951189
3553,2.951189
3554,2.859360
3555,2.881194
3556,3.001515
3557,3.001515
3558,2.989364
3559,2.947861
3560,2.965596
3561,3.028934
3562,3.028934
3563,3.092272
3564,3.092272
3565,3.120764
3566,3.120764
3567,3.174418
3568,3.162267
3569,3.152584
3570,3.152584
3571,3.114409
3572,3.060755
3573,3.114409
3574,3.043019
3575,3.114409
3576,3.130750
3577,3.130750
3578,3.168925
3579,3.127421
3580,3.127421
3581,3.190759
3582,3.162267
3583,3.190759
3584,3.202910
3585,3.202910
3586,3.202910
3587,3.219251
3588,3.219251
3589,3.231402
3590,3.231402
3591,3.111080
3592,3.047743
3593,3.139572
3594,3.085918
3595,2.965596
3596,2.955913
3597,2.939572
3598,3.069577
3599,3.111080
3600,3.149255
3601,3.174418
3602,3.174418
3603,3.190759
3604,3.219251
3605,3.231402
3606,3.272906
3607,3.289246
3608,3.247743
3609,3.247743
3610,3.247743
3611,3.231402
3612,3.231402
3613,3.219251
3614,3.202910
3615,3.244414
3616,3.244414
3617,3.219251
3618,3.219251
3619,3.244414
3620,3.244414
3621,3.219251
3622,3.127421
3623,3.127421
3624,3.098930
3625,3.098930
3626,3.098930
3627,3.098930
3628,3.082589
3629,3.060755
3630,3.060755
3631,3.082589
3632,3.041085
3633,3.132915
3634,3.161406
3635,3.149255
3636,3.149255
3637,3.177747
3638,3.177747
3639,3.194088
3640,3.194088
3641,3.194088
3642,3.177747
3643,3.139572
3644,3.139572
3645,3.149255
3646,3.120764
3647,3.174418
3648,3.190759
3649,3.181076
3650,3.151189
3651,3.192693
3652,3.176352
3653,3.122698
3654,3.134849
3655,3.152584
3656,3.134849
3657,3.134849
3658,3.181076
3659,3.222580
3660,3.181076
3661,3.181076
3662,3.089246
3663,3.035592
3664,3.035592
3665,2.997417
3666,2.989364
3667,2.989364
3668,3.005705
3669,2.952584
3670,2.936243
3671,3.014527
3672,3.014527
3673,2.989364
3674,3.019251
3675,3.019251
3676,3.111080
3677,3.127421
3678,3.089246
3679,3.127421
3680,3.109686
3681,3.127421
3682,3.064084
3683,2.955913
3684,2.997417
3685,2.951189
3686,2.989364
3687,2.989364
3688,3.097535
3689,3.097535
3690,3.081194
3691,3.027539
3692,3.098930
3693,3.098930
3694,3.098930
3695,3.035592
3696,3.089246
3697,3.089246
3698,3.089246
3699,3.130750
3700,3.152584
3701,3.152584
3702,3.181076
3703,3.190759
3704,3.190759
3705,3.190759
3706,3.190759
3707,3.165596
3708,3.165596
3709,3.127421
3710,3.127421
3711,3.155913
3712,3.155913
3713,3.155913
3714,3.139572
3715,3.181076
3716,3.043019
3717,3.043019
3718,3.043019
3719,3.043019
3720,3.043019
3721,3.181076
3722,3.181076
3723,3.181076
3724,3.181076
3725,3.152584
3726,3.206239
3727,3.206239
3728,3.206239
3729,3.206239
3730,3.222580
3731,3.260755
3732,3.244414
3733,3.206239
3734,3.244414
3735,3.228073
3736,3.206239
3737,3.206239
3738,3.134849
3739,3.181076
3740,3.164735
3741,3.093345
3742,2.973024
3743,2.947861
3744,2.947861
3745,3.056031
3746,3.073767
3747,3.027539
3748,3.027539
3749,3.027539
3750,3.035592
3751,3.089246
3752,3.017856
3753,3.089246
3754,3.111080
3755,3.002910
3756,2.981076
3757,3.022580
3758,2.981076
3759,2.981076
3760,3.022580
3761,3.060755
3762,3.019251
3763,3.041085
3764,3.069577
3765,3.111080
3766,3.111080
3767,3.098930
3768,3.111080
3769,3.231402
3770,3.231402
3771,3.272906
3772,3.272906
3773,3.289246
3774,3.305587
3775,3.305587
3776,3.289246
3777,3.277095
3778,3.277095
3779,3.260755
3780,3.244414
3781,3.215922
3782,3.152584
3783,3.127421
3784,3.098930
3785,3.120764
3786,3.111080
3787,3.120764
3788,3.111080
3789,3.111080
3790,3.111080
3791,3.149255
3792,3.177747
3793,3.177747
3794,3.161406
3795,3.177747
3796,3.165596
3797,3.149255
3798,3.177747
3799,3.149255
3800,3.041085
3801,2.977747
3802,3.006239
3803,2.868182
3804,2.885918
3805,2.847743
3806,2.839690
3807,2.817856
3808,2.909686
3809,2.894740
3810,2.882589
3811,2.882589
3812,2.857426
3813,2.935710
3814,2.947861
3815,2.955913
3816,2.909686
3817,2.909686
3818,2.831402
3819,2.680424
3820,2.609034
3821,2.555913
3822,2.664084
3823,2.748394
3824,2.801515
3825,2.801515
3826,2.838295
3827,2.856031
3828,2.856031
3829,2.856031
3830,2.976352
3831,2.976352
3832,3.017856
3833,3.017856
3834,3.059360
3835,3.059360
3836,3.081194
3837,3.039690
3838,2.986035
3839,2.976352
3840,3.047743
3841,3.072906
3842,2.981076
3843,2.981076
3844,3.022580
3845,3.152584
3846,3.181076
3847,3.181076
3848,3.181076
3849,3.181076
3850,3.181076
3851,3.139572
3852,3.149255
3853,3.177747
3854,3.189898
3855,3.189898
3856,3.177747
3857,3.149255
3858,3.127421
3859,3.073767
3860,3.098930
3861,2.960873
3862,2.989364
3863,2.989364
3864,3.019251
3865,3.031402
3866,3.047743
3867,3.047743
3868,3.031402
3869,2.977747
3870,2.987430
3871,2.977747
3872,2.949255
3873,3.002910
3874,3.002910
3875,2.977747
3876,3.019251
3877,3.019251
3878,3.019251
3879,3.028934
3880,3.070438
3881,3.098930
3882,3.045275
3883,3.045275
3884,3.073767
3885,3.073767
3886,3.085918
3887,3.073767
3888,3.073767
3889,3.073767
3890,3.045275
3891,3.028934
3892,3.028934
3893,3.028934
3894,3.057426
3895,3.098930
3896,3.111080
3897,3.219251
3898,3.207100
3899,3.207100
3900,3.207100
3901,3.207100
3902,3.190759
3903,3.152584
3904,3.181076
3905,3.127421
3906,3.149255
3907,3.149255
3908,3.120764
3909,3.057426
3910,3.057426
3911,3.111080
3912,3.136243
3913,3.044414
3914,3.006239
3915,3.006239
3916,2.994088
3917,3.006239
3918,3.044414
3919,3.082589
3920,3.111080
3921,3.139572
3922,3.127421
3923,3.085918
3924,3.085918
3925,3.069577
3926,3.069577
3927,3.111080
3928,3.111080
3929,3.111080
3930,3.127421
3931,3.235592
3932,3.219251
3933,3.219251
3934,3.231402
3935,3.177747
3936,3.177747
3937,3.155913
3938,3.127421
3939,3.127421
3940,3.149255
3941,3.202910
3942,3.202910
3943,3.186569
3944,3.186569
3945,3.186569
3946,3.228073
3947,3.186569
3948,3.161406
3949,3.123231
3950,3.164735
3951,3.152584
3952,3.164735
3953,3.118508
3954,3.118508
3955,3.093345
3956,3.039690
3957,3.085918
3958,3.044414
3959,2.914409
3960,2.906357
3961,2.947861
3962,2.911080
3963,2.872906
3964,2.872906
3965,2.872906
3966,2.872906
3967,2.882589
3968,2.882589
3969,2.882589
3970,2.882589
3971,2.882589
3972,2.752584
3973,2.759478
3974,2.717974
3975,2.735710
3976,2.764201
3977,2.827539
3978,2.811198
3979,2.864853
3980,2.872906
3981,2.882589
3982,2.990759
3983,3.007100
3984,2.990759
3985,2.990759
3986,3.019251
3987,3.028934
3988,3.028934
3989,3.028934
3990,3.120764
3991,3.098930
3992,3.073767
3993,3.085918
3994,3.064084
3995,3.047743
3996,3.111080
3997,3.111080
3998,3.072906
3999,3.114409
4000,3.114409
4001,3.152584
4002,3.152584
4003,3.134849
4004,3.164735
4005,3.202910
4006,3.202910
4007,3.244414
4008,3.260755
4009,3.260755
4010,3.207100
4011,3.207100
4012,3.207100
4013,3.168925
4014,3.168925
4015,3.168925
4016,3.152584
4017,3.134849
4018,3.151189
4019,3.126027
4020,3.126027
4021,3.089246
4022,3.114409
4023,3.114409
4024,3.114409
4025,3.072906
4026,3.072906
4027,3.126027
4028,3.155913
4029,3.139572
4030,3.181076
4031,3.181076
4032,3.190759
4033,3.219251
4034,3.155913
4035,3.181076
4036,3.152584
4037,3.122698
4038,3.069577
4039,3.053236
4040,3.106357
4041,3.134849
4042,3.151189
4043,3.168925
4044,3.105587
4045,3.089246
4046,3.105587
4047,3.127421
4048,3.098930
4049,3.127421
4050,3.165596
4051,3.219251
4052,3.127421
4053,3.098930
4054,3.098930
4055,3.045275
4056,3.007100
4057,3.032263
4058,3.015922
4059,3.054097
4060,3.015922
4061,3.136243
4062,3.136243
4063,3.118508
4064,3.164735
4065,3.123231
4066,3.139572
4067,3.177747
4068,3.177747
4069,3.124092
4070,3.177747
4071,3.189898
4072,3.231402
4073,3.247743
4074,3.247743
4075,3.247743
4076,3.247743
4077,3.264084
4078,3.264084
4079,3.247743
4080,3.139572
4081,3.111080
4082,3.111080
4083,3.111080
4084,3.094740
4085,3.094740
4086,3.094740
4087,3.069577
4088,3.057426
4089,3.041085
4090,3.041085
4091,3.057426
4092,3.057426
4093,3.057426
4094,3.177747
4095,3.177747
4096,3.202910
4097,3.149255
4098,3.111080
4099,3.085918
4100,3.095601
4101,3.073767
4102,3.085918
4103,3.127421
4104,3.139572
4105,3.181076
4106,3.134849
4107,3.160012
4108,3.081728
4109,3.098069
4110,3.114409
4111,3.167530
4112,3.151189
4113,3.126027
4114,3.097535
4115,3.105587
4116,3.130750
4117,3.152584
4118,3.190759
4119,3.190759
4120,3.190759
4121,3.244414
4122,3.244414
4123,3.202910
4124,3.161406
4125,3.149255
4126,3.174418
4127,3.174418
4128,3.111080
4129,3.047743
4130,3.111080
4131,3.164735
4132,3.181076
4133,3.127421
4134,2.997417
4135,2.951189
4136,2.989364
4137,3.014527
4138,3.026678
4139,3.026678
4140,3.134849
4141,3.109686
4142,3.081194
4143,3.097535
4144,3.056031
4145,2.989364
4146,2.960873
4147,2.922698
4148,2.922698
4149,2.960873
4150,2.989364
4151,2.989364
4152,2.951189
4153,2.997417
4154,3.007100
4155,3.127421
4156,3.064084
4157,3.064084
4158,3.127421
4159,3.127421
4160,3.149255
4161,3.127421
4162,3.007100
4163,3.007100
4164,3.007100
4165,3.019251
4166,3.019251
4167,3.019251
4168,2.981076
4169,2.997417
4170,2.997417
4171,2.997417
4172,3.035592
4173,3.035592
4174,3.045275
4175,3.111942
4176,3.165596
4177,3.165596
4178,3.149255
4179,3.095601
4180,3.057426
4181,3.035592
4182,3.035592
4183,3.060755
4184,3.098930
4185,3.162267
4186,3.190759
4187,3.149255
4188,3.139572
4189,3.123231
4190,3.111080
4191,3.111080
4192,3.111080
4193,3.089246
4194,3.072906
4195,3.114409
4196,3.114409
4197,3.106357
4198,3.043019
4199,2.989364
4200,3.027539
4201,3.027539
4202,3.098930
4203,3.152584
4204,3.152584
4205,3.152584
4206,3.152584
4207,3.174418
4208,3.082589
4209,3.111080
4210,3.219251
4211,3.194088
4212,3.177747
4213,3.155913
4214,3.155913
4215,3.181076
4216,3.219251
4217,3.247743
4218,3.247743
4219,3.235592
4220,3.219251
4221,3.219251
4222,3.235592
4223,3.219251
4224,3.231402
4225,3.231402
4226,3.219251
4227,3.181076
4228,3.181076
4229,3.181076
4230,3.151189
4231,3.197417
4232,3.222580
4233,3.197417
4234,3.181076
4235,3.139572
4236,3.139572
4237,3.161406
4238,3.186569
4239,3.228073
4240,3.202910
4241,3.202910
4242,3.186569
4243,3.202910
4244,3.139572
4245,3.139572
4246,3.139572
4247,3.139572
4248,3.181076
4249,3.181076
4250,3.244414
4251,3.260755
4252,3.232263
4253,3.190759
4254,3.127421
4255,3.127421
4256,3.155913
4257,3.155913
4258,3.155913
4259,3.194088
4260,3.177747
4261,3.177747
4262,3.219251
4263,3.202910
4264,3.231402
4265,3.231402
4266,3.231402
4267,3.177747
4268,3.139572
4269,3.149255
4270,3.190759
4271,3.174418
4272,3.111080
4273,3.111080
4274,3.098930
4275,3.127421
4276,3.035592
4277,3.035592
4278,3.035592
4279,3.013758
4280,3.035592
4281,3.017856
4282,3.017856
4283,3.017856
4284,3.017856
4285,2.964735
4286,3.001515
4287,3.031402
4288,3.047743
4289,3.047743
4290,2.994088
4291,2.977747
4292,2.947861
4293,2.906357
4294,2.869577
4295,2.947861
4296,2.909686
4297,2.879799
4298,2.863458
4299,2.909686
4300,2.927421
4301,2.968925
4302,2.930750
4303,2.968925
4304,2.968925
4305,2.981076
4306,2.955913
4307,2.977747
4308,3.015922
4309,3.006239
4310,3.047743
4311,3.017856
4312,3.047743
4313,3.139572
4314,3.139572
4315,3.111080
4316,3.111080
4317,3.089246
4318,3.089246
4319,3.089246
4320,3.059360
4321,3.105587
4322,3.105587
4323,3.105587
4324,3.013758
4325,3.013758
4326,3.013758
4327,2.972254
4328,2.997417
4329,2.951189
4330,2.951189
4331,2.951189
4332,2.997417
4333,3.019251
4334,2.989364
4335,3.056031
4336,3.027539
4337,3.039690
4338,3.039690
4339,3.085918
4340,3.085918
4341,3.085918
4342,3.085918
4343,3.085918
4344,3.032263
4345,2.965596
4346,2.927421
4347,2.856031
4348,2.919369
4349,2.927421
4350,2.990759
4351,2.990759
4352,2.990759
4353,3.098930
4354,3.111080
4355,3.120764
4356,3.120764
4357,3.120764
4358,3.095601
4359,3.149255
4360,3.127421
4361,3.085918
4362,3.057426
4363,3.067109
4364,3.120764
4365,3.120764
4366,3.149255
4367,3.111080
4368,3.111080
4369,3.111080
4370,3.111080
4371,3.164735
4372,3.164735
4373,3.152584
4374,3.152584
4375,3.111080
4376,3.139572
4377,3.109686
4378,3.043019
4379,3.043019
4380,3.089246
4381,3.072906
4382,3.072906
4383,3.044414
4384,3.060755
4385,3.060755
4386,3.060755
4387,3.032263
4388,2.968925
4389,2.997417
4390,2.968925
4391,3.007100
4392,3.007100
4393,2.990759
4394,2.990759
4395,2.990759
4396,3.019251
4397,3.019251
4398,3.019251
4399,2.997417
4400,2.926027
4401,2.909686
4402,2.838295
4403,2.930125
4404,2.930125
4405,2.863458
4406,2.881194
4407,2.817856
4408,2.817856
4409,2.889246
4410,2.817856
4411,2.881194
4412,2.817856
4413,2.817856
4414,2.881194
4415,2.881194
4416,2.809804
4417,2.856031
4418,2.856031
4419,2.964201
4420,2.994088
4421,2.994088
4422,3.057426
4423,3.073767
4424,3.095601
4425,3.107752
4426,3.107752
4427,2.999581
4428,3.041085
4429,3.041085
4430,3.066248
4431,3.186569
4432,3.202910
4433,3.149255
4434,3.095601
4435,3.149255
4436,3.149255
4437,3.127421
4438,3.089246
4439,3.111080
4440,3.057426
4441,3.085918
4442,3.127421
4443,3.081194
4444,3.127421
4445,3.155913
4446,3.102258
4447,3.102258
4448,3.035592
4449,3.035592
4450,3.047743
4451,3.047743
4452,3.019251
4453,3.028934
4454,3.057426
4455,3.149255
4456,3.149255
4457,3.202910
4458,3.149255
4459,3.202910
4460,3.202910
4461,3.202910
4462,3.202910
4463,3.190759
4464,3.190759
4465,3.202910
4466,3.215061
4467,3.215061
4468,3.256565
4469,3.256565
4470,3.272906
4471,3.272906
4472,3.219251
4473,3.231402
4474,3.206239
4475,3.085918
4476,3.085918
4477,3.069577
4478,3.057426
4479,3.057426
4480,3.019251
4481,2.947861
4482,2.906357
4483,2.884523
4484,2.926027
4485,2.967530
4486,3.105587
4487,3.059360
4488,3.089246
4489,3.089246
4490,3.130750
4491,3.114409
4492,3.114409
4493,3.177747
4494,3.152584
4495,3.174418
4496,3.174418
4497,3.174418
4498,3.190759
4499,3.219251
4500,3.219251
4501,3.231402
4502,3.219251
4503,3.219251
4504,3.219251
4505,3.260755
4506,3.260755
4507,3.260755
4508,3.260755
4509,3.260755
4510,3.289246
4511,3.289246
4512,3.272906
4513,3.272906
4514,3.289246
4515,3.272906
4516,3.260755
4517,3.232263
4518,3.194088
4519,3.215922
4520,3.215922
4521,3.228073
4522,3.206239
4523,3.181076
4524,3.152584
4525,3.081194
4526,3.064853
4527,3.064853
4528,3.011198
4529,2.986035
4530,3.003771
4531,2.937104
4532,2.937104
4533,2.949255
4534,3.002910
4535,2.911080
4536,2.911080
4537,2.911080
4538,2.977747
4539,2.977747
4540,2.994088
4541,3.015922
4542,3.015922
4543,3.015922
4544,3.124092
4545,3.124092
4546,3.107752
4547,3.095601
4548,3.032263
4549,2.924092
4550,2.965596
4551,2.937104
4552,2.898930
4553,2.898930
4554,2.768925
4555,2.705587
4556,2.697535
4557,2.697535
4558,2.626144
4559,2.764201
4560,2.817856
4561,2.817856
4562,2.834197
4563,2.834197
4564,2.964201
4565,3.027539
4566,3.056031
4567,3.027539
4568,3.027539
4569,3.011198
4570,3.011198
4571,2.919369
4572,2.990759
4573,2.990759
4574,2.965596
4575,3.028934
4576,3.070438
4577,3.054097
4578,2.990759
4579,2.990759
4580,2.927421
4581,2.965596
4582,2.977747
4583,2.987430
4584,2.999581
4585,3.053236
4586,3.031402
4587,3.041085
4588,3.019251
4589,3.047743
4590,3.069577
4591,3.057426
4592,3.069577
4593,3.094740
4594,3.072906
4595,3.072906
4596,3.094740
4597,3.082589
4598,3.111080
4599,3.111080
4600,3.082589
4601,3.082589
4602,3.094740
4603,3.202910
4604,3.231402
4605,3.256565
4606,3.202910
4607,3.244414
4608,3.219251
4609,3.219251
4610,3.219251
4611,3.219251
4612,3.219251
4613,3.219251
4614,3.219251
4615,3.219251
4616,3.202910
4617,3.202910
4618,3.202910
4619,3.149255
4620,3.041085
4621,3.082589
4622,3.028934
4623,3.007100
4624,2.968925
4625,2.927421
4626,2.927421
4627,2.949255
4628,2.958939
4629,2.958939
4630,3.079260
4631,3.015922
4632,3.069577
4633,3.111080
4634,3.111080
4635,3.136243
4636,3.136243
4637,3.164735
4638,3.181076
4639,3.181076
4640,3.152584
4641,3.127421
4642,3.165596
4643,3.165596
4644,3.177747
4645,3.124092
4646,3.095601
4647,3.095601
4648,3.149255
4649,3.149255
4650,3.177747
4651,3.114409
4652,3.102258
4653,3.085918
4654,3.039690
4655,3.093345
4656,3.093345
4657,3.134849
4658,3.093345
4659,3.056565
4660,3.134849
4661,3.109686
4662,3.127421
4663,3.105587
4664,2.997417
4665,2.997417
4666,2.981076
4667,3.089246
4668,3.047743
4669,3.085918
4670,3.098069
4671,3.069577
4672,3.079260
4673,3.132915
4674,3.132915
4675,3.132915
4676,3.174418
4677,3.111080
4678,3.152584
4679,3.081194
4680,2.989364
4681,2.989364
4682,3.127421
4683,3.102258
4684,3.056031
4685,3.017856
4686,3.089246
4687,3.114409
4688,3.043019
4689,3.017856
4690,3.017856
4691,3.039690
4692,3.047743
4693,3.047743
4694,3.069577
4695,3.069577
4696,3.051841
4697,3.068182
4698,3.068182
4699,3.109686
4700,3.109686
4701,3.126027
4702,3.126027
4703,3.142367
4704,3.213758
4705,3.197417
4706,3.181076
4707,3.181076
4708,3.164735
4709,3.202910
4710,3.190759
4711,3.190759
4712,3.174418
4713,3.082589
4714,3.082589
4715,3.072906
4716,3.164735
4717,3.123231
4718,3.093345
4719,3.109686
4720,3.127421
4721,3.181076
4722,3.181076
4723,3.202910
4724,3.174418
4725,3.111080
4726,3.139572
4727,3.031402
4728,3.031402
4729,3.001515
4730,2.973024
4731,3.014527
4732,2.989364
4733,3.081194
4734,3.089246
4735,3.089246
4736,3.089246
4737,3.152584
4738,3.111080
4739,3.120764
4740,2.990759
4741,2.990759
4742,2.990759
4743,2.965596
4744,2.955913
4745,2.997417
4746,2.968925
4747,2.943762
4748,2.905587
4749,3.035592
4750,3.060755
4751,3.060755
4752,3.060755
4753,3.089246
4754,3.089246
4755,3.089246
4756,3.127421
4757,3.127421
4758,3.111080
4759,3.081194
4760,3.043019
4761,3.017856
4762,3.035592
4763,2.968925
4764,2.897535
4765,2.897535
4766,2.882589
4767,2.841085
4768,2.856031
4769,2.856031
4770,2.919369
4771,2.944532
4772,2.960873
4773,2.897535
4774,2.951189
4775,2.951189
4776,2.951189
4777,2.951189
4778,2.973024
4779,2.973024
4780,3.019251
4781,3.019251
4782,3.019251
4783,3.041085
4784,3.041085
4785,3.041085
4786,3.057426
4787,3.069577
4788,3.069577
4789,3.057426
4790,3.098930
4791,3.035592
4792,3.035592
4793,3.077095
4794,3.060755
4795,3.035592
4796,2.915270
4797,2.873767
4798,2.965596
4799,2.894206
4800,2.894206
4801,2.894206
4802,2.894206
4803,2.965596
4804,3.019251
4805,3.028934
4806,3.041085
4807,3.053236
4808,3.041085
4809,3.149255
4810,3.149255
4811,3.174418
4812,3.174418
4813,3.149255
4814,3.177747
4815,3.202910
4816,3.149255
4817,3.111080
4818,3.132915
4819,3.132915
4820,3.186569
4821,3.164735
4822,3.136243
4823,3.164735
4824,3.152584
4825,3.164735
4826,3.164735
4827,3.181076
4828,3.206239
4829,3.206239
4830,3.206239
4831,3.228073
4832,3.256565
4833,3.240224
4834,3.228073
4835,3.174418
4836,3.202910
4837,3.219251
4838,3.202910
4839,3.202910
4840,3.219251
4841,3.219251
4842,3.155913
4843,3.139572
4844,3.149255
4845,3.132915
4846,3.149255
4847,3.149255
4848,3.095601
4849,3.095601
4850,3.095601
4851,3.079260
4852,3.012593
4853,3.000442
4854,3.000442
4855,3.092272
4856,3.082589
4857,3.082589
4858,3.057426
4859,2.994088
4860,2.994088
4861,3.047743
4862,3.047743
4863,3.047743
4864,3.072906
4865,3.089246
4866,3.111080
4867,3.019251
4868,3.019251
4869,2.898930
4870,3.028934
4871,2.990759
4872,3.007100
4873,3.045275
4874,3.057426
4875,3.057426
4876,3.057426
4877,3.069577
4878,3.069577
4879,3.057426
4880,3.111080
4881,3.123231
4882,3.123231
4883,3.231402
4884,3.247743
4885,3.247743
4886,3.247743
4887,3.247743
4888,3.272906
4889,3.272906
4890,3.256565
4891,3.272906
4892,3.272906
4893,3.289246
4894,3.272906
4895,3.219251
4896,3.181076
4897,3.219251
4898,3.202910
4899,3.219251
4900,3.202910
4901,3.202910
4902,3.111080
4903,3.098930
4904,3.190759
4905,3.137104
4906,3.007100
4907,3.028934
4908,2.987430
4909,2.987430
4910,2.933776
4911,2.905284
4912,2.958939
4913,3.012593
4914,2.892272
4915,2.828934
4916,2.949255
4917,3.002910
4918,3.002910
4919,2.939572
4920,2.939572
4921,2.909686
4922,2.955913
4923,2.955913
4924,2.955913
4925,2.981076
4926,2.981076
4927,3.089246
4928,3.089246
4929,3.089246
4930,3.127421
4931,3.181076
4932,3.181076
4933,3.190759
4934,3.149255
4935,3.149255
4936,3.149255
4937,3.111080
4938,3.082589
4939,3.082589
4940,3.057426
4941,3.057426
4942,3.039690
4943,2.973024
4944,3.093345
4945,3.093345
4946,3.051841
4947,3.051841
4948,3.051841
4949,3.068182
4950,3.109686
4951,3.134849
4952,3.134849
4953,3.151189
4954,3.151189
4955,3.043019
4956,3.072906
4957,3.060755
4958,3.038921
4959,3.038921
4960,3.030868
4961,3.014527
4962,3.014527
4963,3.043019
4964,3.059360
4965,3.059360
4966,3.043019
4967,3.017856
4968,3.017856
4969,3.059360
4970,3.043019
4971,3.089246
4972,3.181076
4973,3.168925
4974,3.181076
4975,3.181076
4976,3.181076
4977,3.152584
4978,3.168925
4979,3.232263
4980,3.244414
4981,3.215922
4982,3.244414
4983,3.190759
4984,3.168925
4985,3.168925
4986,3.181076
4987,3.197417
4988,3.197417
4989,3.260755
4990,3.219251
4991,3.202910
4992,3.164735
4993,3.164735
4994,3.164735
4995,3.152584
4996,3.190759
4997,3.190759
4998,3.137104
4999,3.095601
5000,3.079260
5001,3.079260
5002,3.079260
5003,3.079260
5004,3.069577
5005,3.069577
5006,3.132915
5007,3.132915
5008,3.079260
5009,3.079260
5010,3.095601
5011,3.073767
5012,3.127421
5013,3.111080
5014,3.111080
5015,3.111080
5016,3.081194
5017,3.081194
5018,3.109686
5019,3.001515
5020,3.001515
5021,3.019251
5022,3.044414
5023,3.032263
5024,3.070438
5025,3.070438
5026,3.060755
5027,3.060755
5028,3.089246
5029,3.089246
5030,3.060755
5031,3.060755
5032,3.038921
5033,2.997417
5034,2.981076
5035,3.022580
5036,3.032263
5037,3.032263
5038,2.990759
5039,2.937104
5040,2.937104
5041,3.003771
5042,3.067109
5043,3.067109
5044,3.095601
5045,3.124092
5046,2.994088
5047,3.003771
5048,2.994088
5049,2.994088
5050,2.994088
5051,2.994088
5052,2.972254
5053,2.997417
5054,2.997417
5055,2.989364
5056,2.935710
5057,2.965596
5058,2.927421
5059,2.927421
5060,2.939572
5061,2.939572
5062,2.909686
5063,2.909686
5064,2.927421
5065,2.797417
5066,2.797417
5067,2.726027
5068,2.747861
5069,2.776352
5070,2.847743
5071,2.977747
5072,2.989898
5073,2.977747
5074,3.015922
5075,3.069577
5076,3.057426
5077,3.124092
5078,3.095601
5079,3.120764
5080,3.137104
5081,3.149255
5082,3.149255
5083,3.127421
5084,3.143762
5085,3.102258
5086,3.127421
5087,3.155913
5088,3.155913
5089,3.181076
5090,3.181076
5091,3.151189
5092,3.122698
5093,3.152584
5094,3.206239
5095,3.176352
5096,3.206239
5097,3.181076
5098,3.152584
5099,3.190759
5100,3.244414
5101,3.190759
5102,3.219251
5103,3.181076
5104,3.197417
5105,3.197417
5106,3.197417
5107,3.181076
5108,3.151189
5109,3.109686
5110,3.097535
5111,3.044414
5112,2.936243
5113,2.952584
5114,2.989364
5115,2.989364
5116,2.897535
5117,2.843880
5118,2.981937
5119,2.994088
5120,3.057426
5121,3.019251
5122,2.989364
5123,3.109686
5124,3.139572
5125,3.114409
5126,3.098069
5127,3.107752
5128,3.107752
5129,3.107752
5130,3.149255
5131,3.161406
5132,3.177747
5133,3.165596
5134,3.149255
5135,3.149255
5136,3.107752
5137,3.085918
5138,3.085918
5139,3.127421
5140,3.127421
5141,3.152584
5142,3.060755
5143,3.098930
5144,3.098930
5145,3.127421
5146,3.111080
5147,3.127421
5148,3.219251
5149,3.190759
5150,3.219251
5151,3.202910
5152,3.177747
5153,3.177747
5154,3.219251
5155,3.235592
5156,3.235592
5157,3.235592
5158,3.207100
5159,3.235592
5160,3.235592
5161,3.235592
5162,3.235592
5163,3.264084
5164,3.247743
5165,3.231402
5166,3.247743
5167,3.231402
5168,3.202910
5169,3.186569
5170,3.123231
5171,3.132915
5172,3.132915
5173,3.079260
5174,3.015922
5175,3.025605
5176,3.054097
5177,3.095601
5178,2.975279
5179,3.028934
5180,3.019251
5181,3.002910
5182,3.041085
5183,3.041085
5184,3.149255
5185,3.174418
5186,3.202910
5187,3.202910
5188,3.219251
5189,3.247743
5190,3.235592
5191,3.247743
5192,3.219251
5193,3.165596
5194,3.177747
5195,3.206239
5196,3.194088
5197,3.177747
5198,3.155913
5199,3.181076
5200,3.164735
5201,3.164735
5202,3.152584
5203,3.136243
5204,3.114409
5205,3.089246
5206,3.098930
5207,3.007100
5208,3.007100
5209,3.007100
5210,2.990759
5211,3.111080
5212,3.149255
5213,3.161406
5214,3.161406
5215,3.139572
5216,3.123231
5217,3.069577
5218,3.085918
5219,3.127421
5220,3.007100
5221,3.007100
5222,3.007100
5223,3.035592
5224,3.035592
5225,3.035592
5226,2.994088
5227,3.057426
5228,2.965596
5229,2.949255
5230,2.949255
5231,3.069577
5232,3.057426
5233,3.045275
5234,3.045275
5235,3.057426
5236,3.019251
5237,3.019251
5238,3.111080
5239,3.072906
5240,3.089246
5241,3.111080
5242,3.149255
5243,3.161406
5244,3.161406
5245,3.123231
5246,3.139572
5247,3.181076
5248,3.181076
5249,3.139572
5250,3.139572
5251,3.139572
5252,3.161406
5253,3.161406
5254,3.041085
5255,3.066248
5256,3.012593
5257,2.990759
5258,2.952584
5259,2.990759
5260,3.019251
5261,2.981076
5262,2.909686
5263,2.764735
5264,2.806239
5265,2.828073
5266,2.743762
5267,2.755913
5268,2.822580
5269,2.864084
5270,2.864084
5271,2.880424
5272,2.923231
5273,2.947861
5274,3.001515
5275,3.026678
5276,2.989898
5277,2.964735
5278,2.964735
5279,2.936243
5280,2.936243
5281,2.936243
5282,2.936243
5283,2.973024
5284,2.960873
5285,2.944532
5286,2.973024
5287,2.960873
5288,2.960873
5289,2.960873
5290,3.027539
5291,3.057426
5292,3.120764
5293,3.149255
5294,3.149255
5295,3.161406
5296,3.149255
5297,3.019251
5298,3.019251
5299,3.019251
5300,3.031402
5301,3.072906
5302,3.072906
5303,3.094740
5304,3.041085
5305,2.977747
5306,2.949255
5307,2.965596
5308,2.927421
5309,2.927421
5310,2.881194
5311,2.866248
5312,2.866248
5313,2.894740
5314,2.864084
5315,2.972254
5316,2.988595
5317,3.013758
5318,3.038921
5319,3.038921
5320,3.038921
5321,2.930750
5322,2.877095
5323,2.961406
5324,3.014527
5325,3.060755
5326,3.060755
5327,2.989364
5328,2.936243
5329,2.964735
5330,3.031402
5331,2.989898
5332,3.031402
5333,2.911080
5334,2.947861
5335,2.994088
5336,3.019251
5337,2.990759
5338,2.937104
5339,2.937104
5340,3.000442
5341,3.028934
5342,3.019251
5343,3.057426
5344,3.057426
5345,3.057426
5346,3.124092
5347,3.102258
5348,3.143762
5349,3.127421
5350,3.056031
5351,3.002376
5352,2.872372
5353,2.894206
5354,3.014527
5355,3.032263
5356,2.986035
5357,2.944532
5358,2.814527
5359,2.952584
5360,3.015922
5361,2.994088
5362,3.035592
5363,3.035592
5364,3.073767
5365,3.057426
5366,3.095601
5367,3.085918
5368,3.044414
5369,3.085918
5370,3.124092
5371,3.136243
5372,3.136243
5373,3.148394
5374,3.148394
5375,3.136243
5376,3.114409
5377,3.085918
5378,2.947861
5379,2.989364
5380,2.947861
5381,2.931520
5382,2.894740
5383,2.919369
5384,2.947861
5385,2.965596
5386,2.857426
5387,2.839690
5388,2.786569
5389,2.666248
5390,2.581937
5391,2.518599
5392,2.500864
5393,2.452702
5394,2.560873
5395,2.491553
5396,2.491553
5397,2.652702
5398,2.599581
5399,2.677865
5400,2.654773
5401,2.696277
5402,2.660755
5403,2.597417
5404,2.696277
5405,2.719369
5406,2.783871
5407,2.921928
5408,3.006239
5409,3.006239
5410,2.989898
5411,2.905587
5412,2.964735
5413,2.898069
5414,2.806239
5415,2.806239
5416,2.806239
5417,2.843019
5418,2.889246
5419,2.847743
5420,2.857426
5421,2.867109
5422,2.857426
5423,2.839690
5424,2.868182
5425,2.856031
5426,2.827539
5427,2.835592
5428,2.847743
5429,2.839690
5430,2.931520
5431,2.949255
5432,2.885918
5433,2.927421
5434,2.909686
5435,3.001515
5436,3.001515
5437,3.001515
5438,3.017856
5439,3.017856
5440,3.027539
5441,2.935710
5442,2.897535
5443,2.922698
5444,2.922698
5445,2.897535
5446,2.968925
5447,2.981076
5448,3.022580
5449,3.022580
5450,3.130750
5451,3.168925
5452,3.181076
5453,3.181076
5454,3.181076
5455,3.127421
5456,3.127421
5457,3.149255
5458,3.161406
5459,3.149255
5460,3.161406
5461,3.161406
5462,3.215061
5463,3.231402
5464,3.219251
5465,3.194088
5466,3.155913
5467,3.219251
5468,3.202910
5469,3.186569
5470,3.174418
5471,3.190759
5472,3.215922
5473,3.152584
5474,3.152584
5475,3.089246
5476,3.089246
5477,3.111080
5478,3.085918
5479,3.085918
5480,3.149255
5481,3.137104
5482,3.190759
5483,3.127421
5484,3.165596
5485,3.165596
5486,3.190759
5487,3.202910
5488,3.219251
5489,3.219251
5490,3.190759
5491,3.190759
5492,3.181076
5493,3.134849
5494,3.122698
5495,3.151189
5496,3.151189
5497,3.197417
5498,3.197417
5499,3.167530
5500,3.151189
5501,3.151189
5502,3.059360
5503,3.006239
5504,3.098069
5505,3.072906
5506,3.056565
5507,3.098069
5508,3.098069
5509,3.098069
5510,3.098069
5511,3.056565
5512,3.056565
5513,2.936243
5514,2.936243
5515,2.948394
5516,2.894740
5517,2.936243
5518,2.936243
5519,2.989364
5520,2.989364
5521,2.947861
5522,2.947861
5523,3.085918
5524,3.019251
5525,3.019251
5526,3.019251
5527,3.019251
5528,3.035592
5529,3.057426
5530,3.057426
5531,3.069577
5532,3.069577
5533,3.189898
5534,3.231402
5535,3.272906
5536,3.244414
5537,3.244414
5538,3.232263
5539,3.194088
5540,3.194088
5541,3.194088
5542,3.194088
5543,3.177747
5544,3.187430
5545,3.199581
5546,3.174418
5547,3.120764
5548,3.095601
5549,3.067109
5550,3.079260
5551,3.079260
5552,3.067109
5553,3.057426
5554,3.098930
5555,3.057426
5556,3.095601
5557,3.085918
5558,3.085918
5559,3.032263
5560,3.032263
5561,3.032263
5562,2.965596
5563,2.947861
5564,2.947861
5565,2.935710
5566,2.943762
5567,2.943762
5568,2.927421
5569,2.927421
5570,2.955913
5571,2.817856
5572,2.789364
5573,2.927421
5574,2.927421
5575,2.885918
5576,2.927421
5577,2.909686
5578,2.955913
5579,2.835592
5580,2.835592
5581,2.781937
5582,2.835592
5583,2.955913
5584,2.994088
5585,3.015922
5586,3.028073
5587,3.015922
5588,3.107752
5589,3.136243
5590,3.177747
5591,3.177747
5592,3.165596
5593,3.127421
5594,3.127421
5595,3.190759
5596,3.219251
5597,3.181076
5598,3.181076
5599,3.181076
5600,3.206239
5601,3.176352
5602,3.134849
5603,3.206239
5604,3.134849
5605,3.081194
5606,3.002910
5607,3.002910
5608,3.002910
5609,2.964735
5610,2.939572
5611,2.918599
5612,2.939572
5613,2.893345
5614,2.930125
5615,2.785174
5616,2.802910
5617,2.866248
5618,2.986569
5619,3.028073
5620,3.028073
5621,2.985266
5622,2.985266
5623,3.069577
5624,3.069577
5625,3.044414
5626,2.936243
5627,2.964735
5628,2.813758
5629,2.905587
5630,2.880424
5631,2.832263
5632,2.988595
5633,2.924092
5634,2.949255
5635,3.013758
5636,2.924092
5637,2.829610
5638,2.829610
5639,2.829610
5640,2.813269
5641,2.746603
5642,2.746603
5643,2.799581
5644,2.745927
5645,2.835592
5646,2.943762
5647,2.985266
5648,3.013758
5649,2.924092
5650,2.924092
5651,2.972254
5652,3.056565
5653,3.044414
5654,3.044414
5655,2.960103
5656,2.830099
5657,2.830099
5658,2.830099
5659,2.830099
5660,2.813758
5661,2.856565
5662,2.856565
5663,2.934849
5664,2.881194
5665,2.890877
5666,2.962267
5667,3.025605
5668,3.015922
5669,3.044414
5670,3.044414
5671,2.973024
5672,3.081194
5673,3.002910
5674,3.028073
5675,3.052702
5676,3.052702
5677,3.081194
5678,3.044414
5679,3.044414
5680,3.097535
5681,3.072906
5682,3.056565
5683,3.098069
5684,3.098069
5685,3.056565
5686,3.056565
5687,3.028073
5688,2.936243
5689,3.014527
5690,3.032263
5691,3.044414
5692,3.006239
5693,3.022580
5694,3.022580
5695,3.060755
5696,3.060755
5697,3.044414
5698,3.026678
5699,3.164735
5700,3.202910
5701,3.219251
5702,3.219251
5703,3.219251
5704,3.219251
5705,3.202910
5706,3.181076
5707,3.151189
5708,3.151189
5709,3.181076
5710,3.152584
5711,3.127421
5712,3.165596
5713,3.155913
5714,3.181076
5715,3.134849
5716,3.134849
5717,3.160012
5718,3.176352
5719,3.139572
5720,3.192693
5721,3.176352
5722,3.222580
5723,3.222580
5724,3.197417
5725,3.151189
5726,3.151189
5727,3.109686
5728,3.139572
5729,3.139572
5730,3.098069
5731,3.098069
5732,3.139572
5733,3.068182
5734,2.947861
5735,2.964201
5736,3.035592
5737,3.165596
5738,3.165596
5739,3.190759
5740,3.190759
5741,3.190759
5742,3.207100
5743,3.219251
5744,3.202910
5745,3.219251
5746,3.219251
5747,3.202910
5748,3.190759
5749,3.244414
5750,3.190759
5751,3.152584
5752,3.177747
5753,3.152584
5754,3.190759
5755,3.207100
5756,3.165596
5757,3.149255
5758,3.174418
5759,3.044414
5760,3.072906
5761,3.072906
5762,3.082589
5763,3.111080
5764,3.111080
5765,3.111080
5766,3.098930
5767,3.111080
5768,3.069577
5769,3.057426
5770,3.019251
5771,2.965596
5772,2.977747
5773,2.977747
5774,2.989898
5775,2.989898
5776,2.869577
5777,2.932915
5778,2.932915
5779,2.923231
5780,2.961406
5781,2.932915
5782,2.911080
5783,2.881194
5784,2.973024
5785,3.081194
5786,3.044414
5787,2.985266
5788,3.013758
5789,3.044414
5790,3.072906
5791,3.098069
5792,3.081728
5793,3.040224
5794,3.028073
5795,2.985266
5796,2.960103
5797,2.960103
5798,2.851933
5799,2.826770
5800,2.670438
5801,2.718599
5802,2.718599
5803,2.869577
5804,2.923231
5805,2.894740
5806,2.894740
5807,2.894740
5808,2.936243
5809,2.989364
5810,2.989364
5811,3.014527
5812,3.032263
5813,3.070438
5814,3.045275
5815,3.057426
5816,3.047743
5817,3.047743
5818,3.085918
5819,3.057426
5820,3.111080
5821,3.089246
5822,3.060755
5823,3.060755
5824,2.997417
5825,3.013758
5826,3.051933
5827,3.005705
5828,2.989364
5829,3.127421
5830,3.152584
5831,3.162267
5832,3.162267
5833,3.190759
5834,3.190759
5835,3.190759
5836,3.152584
5837,3.081194
5838,3.127421
5839,3.155913
5840,3.197417
5841,3.181076
5842,3.152584
5843,3.130750
5844,3.059360
5845,3.059360
5846,3.017856
5847,3.017856
5848,3.017856
5849,2.897535
5850,2.968925
5851,2.927421
5852,2.927421
5853,2.952584
5854,2.962267
5855,2.952584
5856,2.952584
5857,2.990759
5858,2.927421
5859,2.927421
5860,2.965596
5861,2.835592
5862,2.835592
5863,2.927421
5864,2.990759
5865,3.019251
5866,3.060755
5867,3.044414
5868,3.044414
5869,3.082589
5870,3.041085
5871,3.069577
5872,3.069577
5873,3.069577
5874,3.111080
5875,3.111080
5876,3.127421
5877,3.127421
5878,3.139572
5879,3.123231
5880,3.123231
5881,3.139572
5882,3.127421
5883,3.105587
5884,3.089246
5885,3.047743
5886,3.047743
5887,3.089246
5888,3.059360
5889,3.043019
5890,3.026678
5891,2.985174
5892,3.031402
5893,3.019251
5894,3.085918
5895,3.068182
5896,3.068182
5897,3.056031
5898,3.039690
5899,3.039690
5900,3.015061
5901,3.015061
5902,3.056565
5903,3.098069
5904,3.134849
5905,3.134849
5906,3.181076
5907,3.197417
5908,3.197417
5909,3.260755
5910,3.219251
5911,3.244414
5912,3.244414
5913,3.232263
5914,3.194088
5915,3.152584
5916,3.164735
5917,3.174418
5918,3.190759
5919,3.207100
5920,3.207100
5921,3.077095
5922,3.077095
5923,3.035592
5924,2.997417
5925,2.981076
5926,3.019251
5927,2.997417
5928,3.007100
5929,2.990759
5930,3.098930
5931,3.098930
5932,3.035592
5933,3.057426
5934,3.111080
5935,3.136243
5936,3.072906
5937,3.072906
5938,3.072906
5939,3.072906
5940,3.136243
5941,3.145927
5942,3.145927
5943,3.082589
5944,3.111080
5945,3.111080
5946,3.123231
5947,3.123231
5948,3.123231
5949,3.161406
5950,3.202910
5951,3.181076
5952,3.219251
5953,3.177747
5954,3.177747
5955,3.189898
5956,3.177747
5957,3.149255
5958,3.190759
5959,3.152584
5960,3.152584
5961,3.181076
5962,3.134849
5963,3.134849
5964,3.093345
5965,3.164735
5966,3.206239
5967,3.206239
5968,3.222580
5969,3.206239
5970,3.181076
5971,3.181076
5972,3.164735
5973,3.206239
5974,3.244414
5975,3.260755
5976,3.289246
5977,3.272906
5978,3.289246
5979,3.272906
5980,3.272906
5981,3.244414
5982,3.244414
5983,3.219251
5984,3.190759
5985,3.219251
5986,3.127421
5987,3.127421
5988,3.089246
5989,3.089246
5990,3.043019
5991,3.134849
5992,3.109686
5993,3.109686
5994,3.181076
5995,3.127421
5996,3.105587
5997,3.105587
5998,3.143762
5999,3.127421
6000,3.149255
6001,3.149255
6002,3.161406
6003,3.161406
6004,3.107752
6005,3.124092
6006,3.136243
6007,3.124092
6008,2.994088
6009,2.994088
6010,2.994088
6011,2.994088
6012,2.955913
6013,3.019251
6014,3.060755
6015,3.082589
6016,3.082589
6017,3.041085
6018,3.028934
6019,3.045275
6020,3.045275
6021,3.028934
6022,2.990759
6023,2.973024
6024,2.985174
6025,3.001515
6026,3.026678
6027,3.043019
6028,3.043019
6029,3.043019
6030,3.043019
6031,3.089246
6032,3.060755
6033,3.060755
6034,3.060755
6035,3.190759
6036,3.174418
6037,3.149255
6038,3.149255
6039,3.202910
6040,3.219251
6041,3.219251
6042,3.219251
6043,3.231402
6044,3.231402
6045,3.231402
6046,3.219251
6047,3.202910
6048,3.149255
6049,3.202910
6050,3.190759
6051,3.190759
6052,3.190759
6053,3.202910
6054,3.094740
6055,3.111080
6056,3.057426
6057,3.057426
6058,3.057426
6059,3.149255
6060,3.120764
6061,3.028934
6062,3.028934
6063,3.003771
6064,3.003771
6065,3.015922
6066,3.069577
6067,3.069577
6068,3.057426
6069,3.057426
6070,3.041085
6071,3.028934
6072,3.028934
6073,2.965596
6074,2.965596
6075,3.057426
6076,2.994088
6077,2.994088
6078,3.035592
6079,3.057426
6080,2.990759
6081,2.990759
6082,2.968925
6083,3.007100
6084,3.060755
6085,3.060755
6086,3.060755
6087,3.044414
6088,3.015922
6089,3.015922
6090,3.032263
6091,3.060755
6092,3.060755
6093,3.060755
6094,2.997417
6095,2.972254
6096,2.955913
6097,2.947861
6098,2.894740
6099,2.882589
6100,2.911080
6101,2.889246
6102,2.781076
6103,2.872906
6104,2.872906
6105,2.813758
6106,2.742367
6107,2.724092
6108,2.724092
6109,2.787430
6110,2.877095
6111,2.851933
6112,2.877095
6113,2.919903
6114,3.028073
6115,3.002910
6116,3.002910
6117,3.039690
6118,3.057426
6119,3.067109
6120,3.067109
6121,3.028934
6122,3.082589
6123,3.015922
6124,3.025605
6125,3.054097
6126,3.082589
6127,3.111080
6128,3.111080
6129,3.111080
6130,3.082589
6131,3.082589
6132,3.041085
6133,3.041085
6134,3.041085
6135,3.019251
6136,3.085918
6137,3.057426
6138,3.111080
6139,3.111080
6140,3.047743
6141,3.047743
6142,3.085918
6143,3.085918
6144,3.149255
6145,3.149255
6146,3.127421
6147,3.105587
6148,3.064084
6149,3.089246
6150,3.035592
6151,3.089246
6152,3.111080
6153,3.174418
6154,3.174418
6155,3.174418
6156,3.199581
6157,3.174418
6158,3.152584
6159,3.152584
6160,3.136243
6161,3.118508
6162,3.134849
6163,3.122698
6164,3.059360
6165,3.034197
6166,2.955913
6167,2.939572
6168,2.946466
6169,2.946466
6170,2.946466
6171,2.826144
6172,2.897535
6173,2.905587
6174,2.930750
6175,2.994088
6176,2.994088
6177,2.968925
6178,3.032263
6179,3.007100
6180,2.997417
6181,2.997417
6182,3.019251
6183,3.035592
6184,3.047743
6185,3.047743
6186,3.047743
6187,3.047743
6188,3.047743
6189,3.047743
6190,3.064084
6191,3.089246
6192,3.089246
6193,3.043019
6194,2.964735
6195,2.964735
6196,2.939572
6197,2.976352
6198,2.868182
6199,2.885918
6200,2.857426
6201,2.920764
6202,3.041085
6203,3.053236
6204,3.161406
6205,3.215061
6206,3.231402
6207,3.219251
6208,3.181076
6209,3.222580
6210,3.176352
6211,3.139572
6212,3.139572
6213,3.114409
6214,3.114409
6215,3.192693
6216,3.151189
6217,3.134849
6218,3.081194
6219,3.089246
6220,3.127421
6221,3.165596
6222,3.165596
6223,3.124092
6224,2.994088
6225,2.994088
6226,3.035592
6227,3.060755
6228,3.032263
6229,2.990759
6230,3.057426
6231,2.994088
6232,3.035592
6233,3.060755
6234,3.089246
6235,3.089246
6236,3.089246
6237,3.111080
6238,3.139572
6239,3.139572
6240,3.109686
6241,3.056565
6242,3.081728
6243,3.056565
6244,3.056565
6245,3.081728
6246,3.106357
6247,3.106357
6248,3.152584
6249,3.190759
6250,3.060755
6251,3.035592
6252,3.057426
6253,3.019251
6254,3.002910
6255,3.031402
6256,3.139572
6257,3.139572
6258,3.139572
6259,3.181076
6260,3.139572
6261,3.139572
6262,3.149255
6263,3.190759
6264,3.190759
6265,3.215922
6266,3.232263
6267,3.190759
6268,3.202910
6269,3.219251
6270,3.202910
6271,3.177747
6272,3.155913
6273,3.181076
6274,3.219251
6275,3.190759
6276,3.152584
6277,3.152584
6278,3.134849
6279,3.181076
6280,3.072906
6281,3.072906
6282,3.111080
6283,3.127421
6284,3.127421
6285,3.235592
6286,3.235592
6287,3.213758
6288,3.213758
6289,3.197417
6290,3.222580
6291,3.222580
6292,3.260755
6293,3.260755
6294,3.222580
6295,3.222580
6296,3.151189
6297,3.098069
6298,3.098069
6299,3.098069
6300,3.098069
6301,3.098069
6302,3.134849
6303,3.134849
6304,3.106357
6305,3.106357
6306,3.152584
6307,3.168925
6308,3.190759
6309,3.190759
6310,3.149255
6311,3.132915
6312,3.041085
6313,3.019251
6314,2.973024
6315,2.989364
6316,3.056031
6317,3.031402
6318,2.972254
6319,2.815922
6320,2.787430
6321,2.765596
6322,2.740433
6323,2.762267
6324,2.762267
6325,2.670438
6326,2.654097
6327,2.600442
6328,2.626770
6329,2.777747
6330,2.856031
6331,2.802910
6332,2.856031
6333,2.872372
6334,2.943762
6335,2.965596
6336,2.955913
6337,3.085918
6338,2.965596
6339,3.057426
6340,3.098930
6341,3.152584
6342,3.164735
6343,3.174418
6344,3.174418
6345,3.174418
6346,3.202910
6347,3.219251
6348,3.244414
6349,3.244414
6350,3.256565
6351,3.272906
6352,3.272906
6353,3.272906
6354,3.289246
6355,3.289246
6356,3.272906
6357,3.256565
6358,3.272906
6359,3.272906
6360,3.260755
6361,3.244414
6362,3.244414
6363,3.206239
6364,3.206239
6365,3.176352
6366,3.192693
6367,3.176352
6368,3.123231
6369,3.139572
6370,3.114409
6371,3.098069
6372,3.123231
6373,3.139572
6374,3.055261
6375,3.038921
6376,2.985266
6377,3.044414
6378,3.098069
6379,3.081728
6380,2.930750
6381,2.930750
6382,2.961406
6383,2.936243
6384,2.877095
6385,2.905587
6386,2.785266
6387,2.785266
6388,2.785266
6389,2.743762
6390,2.764735
6391,2.774418
6392,2.919369
6393,2.927421
6394,2.864084
6395,2.885918
6396,2.949255
6397,2.949255
6398,2.939572
6399,2.927421
6400,2.927421
6401,2.990759
6402,3.111080
6403,3.127421
6404,3.127421
6405,3.137104
6406,3.149255
6407,3.107752
6408,3.161406
6409,3.161406
6410,3.149255
6411,3.190759
6412,3.181076
6413,3.139572
6414,3.164735
6415,3.111080
6416,3.089246
6417,3.047743
6418,3.019251
6419,3.082589
6420,3.136243
6421,3.174418
6422,3.174418
6423,3.202910
6424,3.219251
6425,3.219251
6426,3.260755
6427,3.277095
6428,3.277095
6429,3.277095
6430,3.260755
6431,3.244414
6432,3.219251
6433,3.202910
6434,3.256565
6435,3.272906
6436,3.231402
6437,3.215061
6438,3.202910
6439,3.219251
6440,3.219251
6441,3.235592
6442,3.235592
6443,3.247743
6444,3.219251
6445,3.219251
6446,3.260755
6447,3.222580
6448,3.181076
6449,3.219251
6450,3.219251
6451,3.219251
6452,3.177747
6453,3.149255
6454,3.028934
6455,2.975279
6456,2.975279
6457,3.067109
6458,3.095601
6459,3.124092
6460,3.057426
6461,3.028934
6462,2.990759
6463,3.000442
6464,2.990759
6465,2.990759
6466,2.960873
6467,2.989364
6468,2.952584
6469,2.952584
6470,2.952584
6471,2.981076
6472,3.017856
6473,3.017856
6474,3.017856
6475,3.001515
6476,3.001515
6477,2.947861
6478,2.894206
6479,2.872372
6480,2.935710
6481,2.882589
6482,2.919369
6483,2.947861
6484,2.919369
6485,2.965596
6486,2.981937
6487,2.964201
6488,2.935710
6489,2.964201
6490,3.084523
6491,3.155913
6492,3.177747
6493,3.149255
6494,3.149255
6495,3.149255
6496,3.149255
6497,3.149255
6498,3.149255
6499,3.095601
6500,3.120764
6501,3.012593
6502,2.949255
6503,2.949255
6504,3.057426
6505,3.057426
6506,2.994088
6507,2.885918
6508,2.885918
6509,2.864084
6510,2.927421
6511,2.990759
6512,3.000442
6513,2.990759
6514,2.990759
6515,2.965596
6516,2.943762
6517,3.007100
6518,3.070438
6519,3.045275
6520,3.045275
6521,3.007100
6522,2.968925
6523,2.930750
6524,2.922698
6525,2.897535
6526,2.897535
6527,3.017856
6528,3.002910
6529,2.961406
6530,2.961406
6531,3.002910
6532,3.031402
6533,2.923231
6534,2.923231
6535,2.960012
6536,2.881728
6537,3.026678
6538,2.989898
6539,3.015061
6540,3.015061
6541,3.040224
6542,3.093345
6543,3.056565
6544,2.997417
6545,2.972254
6546,2.997417
6547,3.013758
6548,3.030099
6549,3.013758
6550,3.072906
6551,3.044414
6552,3.081194
6553,3.059360
6554,3.089246
6555,3.043019
6556,3.059360
6557,3.105587
6558,3.127421
6559,3.064084
6560,3.127421
6561,3.127421
6562,3.019251
6563,3.019251
6564,3.019251
6565,3.019251
6566,3.019251
6567,3.019251
6568,3.072906
6569,3.202910
6570,3.177747
6571,3.219251
6572,3.190759
6573,3.202910
6574,3.190759
6575,3.219251
6576,3.219251
6577,3.219251
6578,3.244414
6579,3.244414
6580,3.256565
6581,3.228073
6582,3.244414
6583,3.190759
6584,3.190759
6585,3.098930
6586,3.190759
6587,3.162267
6588,3.137104
6589,3.127421
6590,3.165596
6591,3.165596
6592,3.219251
6593,3.219251
6594,3.181076
6595,3.206239
6596,3.206239
6597,3.222580
6598,3.222580
6599,3.238921
6600,3.260755
6601,3.260755
6602,3.244414
6603,3.244414
6604,3.222580
6605,3.222580
6606,3.181076
6607,3.164735
6608,3.111080
6609,3.111080
6610,3.057426
6611,2.965596
6612,2.977747
6613,3.015922
6614,3.003771
6615,2.987430
6616,3.107752
6617,2.999581
6618,2.987430
6619,3.107752
6620,2.987430
6621,2.977747
6622,2.965596
6623,2.990759
6624,3.007100
6625,3.127421
6626,3.165596
6627,3.143762
6628,3.143762
6629,3.155913
6630,3.177747
6631,3.177747
6632,3.161406
6633,3.161406
6634,3.132915
6635,3.132915
6636,3.132915
6637,3.132915
6638,3.132915
6639,3.149255
6640,3.149255
6641,3.120764
6642,3.149255
6643,3.111080
6644,3.111080
6645,3.057426
6646,2.919369
6647,2.882589
6648,2.897535
6649,2.919369
6650,2.866248
6651,2.894740
6652,2.894740
6653,3.015061
6654,2.923231
6655,2.923231
6656,2.906891
6657,2.906891
6658,2.894740
6659,2.866248
6660,2.866248
6661,2.844414
6662,2.781076
6663,2.787970
6664,2.879799
6665,2.879799
6666,2.926027
6667,2.997417
6668,2.989364
6669,2.844414
6670,2.826678
6671,2.898069
6672,2.844414
6673,2.813758
6674,2.835592
6675,2.943762
6676,2.960103
6677,2.921928
6678,2.947091
6679,2.947091
6680,2.947091
6681,2.989898
6682,3.068182
6683,3.084523
6684,3.059360
6685,3.105587
6686,3.089246
6687,3.127421
6688,3.139572
6689,3.149255
6690,3.041085
6691,3.069577
6692,3.057426
6693,3.085918
6694,3.085918
6695,3.085918
6696,3.057426
6697,3.149255
6698,3.190759
6699,3.152584
6700,3.152584
6701,3.130750
6702,3.130750
6703,3.105587
6704,3.064084
6705,2.955913
6706,3.019251
6707,2.989364
6708,3.005705
6709,2.989364
6710,3.019251
6711,2.977747
6712,2.965596
6713,3.028934
6714,3.028934
6715,3.082589
6716,3.082589
6717,3.082589
6718,3.082589
6719,3.060755
6720,3.007100
6721,3.007100
6722,3.070438
6723,3.054097
6724,3.012593
6725,3.012593
6726,3.041085
6727,3.041085
6728,2.987430
6729,2.987430
6730,3.041085
6731,3.149255
6732,3.177747
6733,3.047743
6734,3.017856
6735,3.017856
6736,3.155913
6737,3.126027
6738,3.155913
6739,3.165596
6740,3.190759
6741,3.190759
6742,3.190759
6743,3.190759
6744,3.152584
6745,3.111080
6746,3.111080
6747,3.111080
6748,3.120764
6749,3.120764
6750,3.120764
6751,2.990759
6752,2.952584
6753,2.952584
6754,2.889246
6755,2.889246
6756,2.927421
6757,2.902258
6758,2.911942
6759,2.924092
6760,2.924092
6761,2.924092
6762,2.965596
6763,3.028934
6764,3.019251
6765,3.028934
6766,3.012593
6767,3.028934
6768,3.082589
6769,3.202910
6770,3.177747
6771,3.139572
6772,3.098069
6773,3.068182
6774,3.084523
6775,3.084523
6776,3.056031
6777,3.019251
6778,3.002910
6779,2.977747
6780,3.002910
6781,3.002910
6782,2.986569
6783,2.894740
6784,2.841085
6785,2.986035
6786,3.015922
6787,2.885918
6788,2.949255
6789,2.958939
6790,2.958939
6791,3.025605
6792,2.905284
6793,2.905284
6794,2.895601
6795,2.949255
6796,2.931520
6797,2.960012
6798,3.031402
6799,2.977747
6800,2.999581
6801,3.041085
6802,3.041085
6803,3.012593
6804,3.132915
6805,3.120764
6806,3.120764
6807,3.095601
6808,3.085918
6809,3.127421
6810,3.102258
6811,3.165596
6812,3.165596
6813,3.177747
6814,3.136243
6815,3.107752
6816,3.107752
6817,3.107752
6818,3.041085
6819,3.041085
6820,2.949255
6821,2.949255
6822,2.939572
6823,2.909686
6824,2.893345
6825,2.911080
6826,2.977747
6827,2.977747
6828,2.955913
6829,3.047743
6830,3.057426
6831,3.079260
6832,3.025605
6833,3.054097
6834,3.107752
6835,3.107752
6836,3.107752
6837,3.107752
6838,3.107752
6839,3.098069
6840,3.139572
6841,3.139572
6842,3.149255
6843,3.177747
6844,3.149255
6845,3.161406
6846,3.161406
6847,3.123231
6848,3.069577
6849,2.931520
6850,2.931520
6851,2.960012
6852,3.001515
6853,3.001515
6854,3.139572
6855,3.139572
6856,3.139572
6857,3.085918
6858,3.047743
6859,3.035592
6860,3.035592
6861,3.098930
6862,3.127421
6863,3.149255
6864,3.085918
6865,3.098069
6866,3.139572
6867,3.127421
6868,3.127421
6869,3.064084
6870,3.064084
6871,2.943762
6872,2.965596
6873,2.927421
6874,2.955913
6875,3.022580
6876,2.992693
6877,2.992693
6878,2.854636
6879,2.926027
6880,2.989364
6881,2.989364
6882,3.060755
6883,3.190759
6884,3.190759
6885,3.202910
6886,3.202910
6887,3.219251
6888,3.219251
6889,3.202910
6890,3.149255
6891,3.132915
6892,3.149255
6893,3.149255
6894,3.139572
6895,3.164735
6896,3.093345
6897,3.164735
6898,3.139572
6899,3.139572
6900,3.127421
6901,3.060755
6902,2.989364
6903,3.019251
6904,3.019251
6905,3.139572
6906,3.149255
6907,3.177747
6908,3.189898
6909,3.189898
6910,3.189898
6911,3.069577
6912,3.057426
6913,3.069577
6914,3.041085
6915,2.987430
6916,2.987430
6917,2.977747
6918,3.015922
6919,3.028073
6920,3.015922
6921,3.003771
6922,2.994088
6923,2.994088
6924,2.994088
6925,3.003771
6926,3.003771
6927,3.045275
6928,3.045275
6929,3.045275
6930,2.937104
6931,2.949255
6932,2.927421
6933,2.927421
6934,2.949255
6935,2.895601
6936,2.857426
6937,2.845275
6938,2.937104
6939,2.965596
6940,2.977747
6941,2.977747
6942,2.936243
6943,2.936243
6944,3.056565
6945,3.098069
6946,2.977747
6947,2.965596
6948,3.028934
6949,3.057426
6950,3.057426
6951,3.057426
6952,3.057426
6953,3.057426
6954,3.111080
6955,3.094740
6956,3.094740
6957,3.161406
6958,3.161406
6959,3.177747
6960,3.149255
6961,3.174418
6962,3.120764
6963,3.174418
6964,3.186569
6965,3.228073
6966,3.228073
6967,3.199581
6968,3.228073
6969,3.215922
6970,3.162267
6971,3.190759
6972,3.190759
6973,3.149255
6974,3.139572
6975,3.139572
6976,3.019251
6977,2.977747
6978,2.977747
6979,2.965596
6980,2.935710
6981,2.926027
6982,2.859360
6983,2.859360
6984,2.997417
6985,2.997417
6986,2.981076
6987,3.006239
6988,2.981076
6989,3.019251
6990,2.973024
6991,2.919369
6992,2.865714
6993,2.986035
6994,2.986035
6995,2.986035
6996,3.039690
6997,3.039690
6998,2.998186
6999,2.931520
7000,2.931520
7001,2.931520
7002,2.977747
7003,3.041085
7004,3.041085
7005,3.019251
7006,3.019251
7007,3.019251
7008,3.044414
7009,3.072906
7010,3.056565
7011,3.164735
7012,3.202910
7013,3.164735
7014,3.206239
7015,3.244414
7016,3.272906
7017,3.272906
7018,3.289246
7019,3.260755
7020,3.244414
7021,3.256565
7022,3.272906
7023,3.289246
7024,3.272906
7025,3.272906
7026,3.247743
7027,3.247743
7028,3.247743
7029,3.247743
7030,3.247743
7031,3.235592
7032,3.235592
7033,3.235592
7034,3.219251
7035,3.260755
7036,3.277095
7037,3.235592
7038,3.219251
7039,3.181076
7040,3.181076
7041,3.202910
7042,3.164735
7043,3.164735
7044,3.174418
7045,3.174418
7046,3.202910
7047,3.149255
7048,3.149255
7049,3.174418
7050,3.149255
7051,3.165596
7052,3.190759
7053,3.190759
7054,3.190759
7055,3.202910
7056,3.202910
7057,3.215061
7058,3.189898
7059,3.173557
7060,3.215061
7061,3.202910
7062,3.177747
7063,3.219251
7064,3.202910
7065,3.161406
7066,3.161406
7067,3.149255
7068,3.127421
7069,3.127421
7070,3.097535
7071,3.056031
7072,3.031402
7073,3.015061
7074,2.930750
7075,2.918599
7076,2.810429
7077,2.864084
7078,2.864084
7079,2.864084
7080,2.864084
7081,2.797417
7082,2.828073
7083,2.856565
7084,2.828073
7085,2.828073
7086,2.828073
7087,2.894740
7088,2.931520
7089,3.069577
7090,3.069577
7091,3.132915
7092,3.149255
7093,3.095601
7094,3.085918
7095,3.085918
7096,3.114409
7097,3.155913
7098,3.177747
7099,3.139572
7100,3.202910
7101,3.202910
7102,3.215061
7103,3.231402
7104,3.219251
7105,3.235592
7106,3.219251
7107,3.190759
7108,3.149255
7109,3.202910
7110,3.215061
7111,3.202910
7112,3.174418
7113,3.174418
7114,3.190759
7115,3.190759
7116,3.149255
7117,3.137104
7118,3.073767
7119,3.085918
7120,3.085918
7121,3.127421
7122,3.035592
7123,2.994088
7124,3.003771
7125,2.965596
7126,3.007100
7127,3.019251
7128,3.019251
7129,3.019251
7130,3.047743
7131,3.064084
7132,2.943762
7133,2.927421
7134,2.927421
7135,2.955913
7136,2.977747
7137,3.098069
7138,3.085918
7139,3.085918
7140,3.085918
7141,3.085918
7142,3.064084
7143,3.035592
7144,3.035592
7145,3.035592
7146,3.035592
7147,3.051933
7148,3.064084
7149,3.047743
7150,3.017856
7151,3.155913
7152,3.177747
7153,3.219251
7154,3.244414
7155,3.260755
7156,3.260755
7157,3.232263
7158,3.260755
7159,3.272906
7160,3.272906
7161,3.256565
7162,3.256565
7163,3.256565
7164,3.202910
7165,3.186569
7166,3.215061
7167,3.202910
7168,3.256565
7169,3.256565
7170,3.228073
7171,3.206239
7172,3.206239
7173,3.194088
7174,3.122698
7175,3.194088
7176,3.194088
7177,3.222580
7178,3.168925
7179,3.190759
7180,3.190759
7181,3.190759
7182,3.190759
7183,3.190759
7184,3.219251
7185,3.235592
7186,3.207100
7187,3.165596
7188,3.165596
7189,3.190759
7190,3.244414
7191,3.272906
7192,3.272906
7193,3.244414
7194,3.219251
7195,3.197417
7196,3.155913
7197,3.102258
7198,3.064084
7199,3.127421
7200,3.089246
7201,3.089246
7202,3.035592
7203,2.989364
7204,2.851307
7205,2.881194
7206,2.947861
7207,2.947861
7208,2.947861
7209,2.947861
7210,3.019251
7211,3.035592
7212,3.017856
7213,3.039690
7214,3.015061
7215,2.948394
7216,2.936243
7217,2.951189
7218,2.921303
7219,2.992693
7220,2.914409
7221,3.044414
7222,3.097535
7223,3.097535
7224,3.097535
7225,3.059360
7226,3.084523
7227,3.130750
7228,3.168925
7229,3.143762
7230,3.197417
7231,3.181076
7232,3.155913
7233,3.155913
7234,3.143762
7235,3.181937
7236,3.235592
7237,3.235592
7238,3.219251
7239,3.177747
7240,3.149255
7241,3.149255
7242,3.120764
7243,3.132915
7244,3.069577
7245,3.069577
7246,3.069577
7247,3.111080
7248,3.082589
7249,3.098930
7250,2.990759
7251,2.965596
7252,2.994088
7253,3.085918
7254,3.149255
7255,3.149255
7256,3.149255
7257,3.161406
7258,3.161406
7259,3.149255
7260,3.127421
7261,3.127421
7262,3.127421
7263,3.085918
7264,3.139572
7265,3.181076
7266,3.127421
7267,3.165596
7268,3.149255
7269,3.165596
7270,3.127421
7271,3.149255
7272,3.111080
7273,3.082589
7274,3.019251
7275,2.947861
7276,2.964201
7277,2.964201
7278,2.926027
7279,2.879799
7280,2.879799
7281,2.854636
7282,2.926027
7283,2.964201
7284,2.964201
7285,3.035592
7286,3.098930
7287,3.098930
7288,3.120764
7289,3.120764
7290,3.111080
7291,3.111080
7292,3.019251
7293,2.997417
7294,3.022580
7295,3.032263
7296,3.014527
7297,3.134849
7298,3.134849
7299,3.134849
7300,3.151189
7301,3.197417
7302,3.167530
7303,3.151189
7304,3.109686
7305,3.109686
7306,3.126027
7307,3.109686
7308,3.081194
7309,3.056031
7310,3.056031
7311,3.073767
7312,2.965596
7313,2.937104
7314,2.927421
7315,2.898930
7316,2.927421
7317,2.909686
7318,2.981076
7319,3.111080
7320,3.111080
7321,3.064853
7322,2.986569
7323,2.986569
7324,2.961406
7325,3.015061
7326,3.031402
7327,3.056031
7328,3.002376
7329,3.032263
7330,3.085918
7331,3.107752
7332,3.085918
7333,3.111080
7334,3.149255
7335,3.095601
7336,3.028934
7337,3.082589
7338,3.082589
7339,3.094740
7340,3.082589
7341,3.202910
7342,3.190759
7343,3.174418
7344,3.152584
7345,3.152584
7346,3.127421
7347,3.168925
7348,3.130750
7349,3.168925
7350,3.152584
7351,3.152584
7352,3.124092
7353,3.136243
7354,3.136243
7355,3.145927
7356,3.162267
7357,3.145927
7358,3.082589
7359,3.145927
7360,3.136243
7361,3.152584
7362,3.089246
7363,3.127421
7364,3.143762
7365,3.127421
7366,3.181076
7367,3.152584
7368,3.174418
7369,3.190759
7370,3.190759
7371,3.190759
7372,3.215922
7373,3.244414
7374,3.219251
7375,3.244414
7376,3.215922
7377,3.228073
7378,3.228073
7379,3.256565
7380,3.272906
7381,3.272906
7382,3.272906
7383,3.260755
7384,3.260755
7385,3.260755
7386,3.260755
7387,3.260755
7388,3.222580
7389,3.181076
7390,3.155913
7391,3.139572
7392,3.164735
7393,3.164735
7394,3.152584
7395,3.152584
7396,3.190759
7397,3.190759
7398,3.215922
7399,3.244414
7400,3.244414
7401,3.202910
7402,3.244414
7403,3.244414
7404,3.260755
7405,3.272906
7406,3.219251
7407,3.219251
7408,3.194088
7409,3.194088
7410,3.177747
7411,3.177747
7412,3.161406
7413,3.132915
7414,3.149255
7415,3.190759
7416,3.174418
7417,3.186569
7418,3.186569
7419,3.132915
7420,3.111080
7421,3.093345
7422,3.068182
7423,3.085918
7424,3.085918
7425,3.039690
7426,3.039690
7427,3.093345
7428,3.139572
7429,3.109686
7430,3.068182
7431,3.068182
7432,3.109686
7433,3.155913
7434,3.127421
7435,3.190759
7436,3.190759
7437,3.219251
7438,3.219251
7439,3.177747
7440,3.177747
7441,3.177747
7442,3.219251
7443,3.219251
7444,3.219251
7445,3.165596
7446,3.165596
7447,3.127421
7448,3.152584
7449,3.081194
7450,3.081194
7451,3.044414
7452,3.002910
7453,2.894740
7454,2.894740
7455,2.986569
7456,2.986569
7457,3.028073
7458,3.028073
7459,3.028073
7460,3.069577
7461,3.044414
7462,3.122698
7463,3.168925
7464,3.122698
7465,3.176352
7466,3.134849
7467,3.098069
7468,3.098069
7469,3.098069
7470,2.977747
7471,2.961406
7472,2.936243
7473,3.028073
7474,3.106357
7475,3.052702
7476,3.098930
7477,3.137104
7478,3.028934
7479,3.149255
7480,3.019251
7481,3.035592
7482,3.035592
7483,3.007100
7484,3.028934
7485,3.041085
7486,3.107752
7487,3.095601
7488,3.120764
7489,3.132915
7490,3.186569
7491,3.164735
7492,3.174418
7493,3.120764
7494,3.120764
7495,3.174418
7496,3.120764
7497,3.149255
7498,3.149255
7499,3.149255
7500,3.082589
7501,3.082589
7502,3.174418
7503,3.202910
7504,3.181076
7505,3.164735
7506,3.181076
7507,3.202910
7508,3.256565
7509,3.202910
7510,3.202910
7511,3.219251
7512,3.231402
7513,3.219251
7514,3.202910
7515,3.181076
7516,3.127421
7517,3.089246
7518,3.059360
7519,3.089246
7520,2.981076
7521,2.909686
7522,2.973024
7523,2.998186
7524,3.026678
7525,3.164735
7526,3.139572
7527,3.155913
7528,3.155913
7529,3.127421
7530,3.089246
7531,3.098930
7532,3.098930
7533,3.137104
7534,3.045275
7535,3.007100
7536,3.007100
7537,3.028934
7538,2.965596
7539,2.965596
7540,2.965596
7541,2.987430
7542,3.041085
7543,3.031402
7544,3.047743
7545,3.155913
7546,3.155913
7547,3.155913
7548,3.155913
7549,3.177747
7550,3.136243
7551,3.161406
7552,3.149255
7553,3.149255
7554,3.028934
7555,3.057426
7556,3.165596
7557,3.165596
7558,3.165596
7559,3.177747
7560,3.165596
7561,3.190759
7562,3.207100
7563,3.098930
7564,3.219251
7565,3.219251
7566,3.197417
7567,3.197417
7568,3.151189
7569,3.151189
7570,3.151189
7571,3.151189
7572,3.151189
7573,3.097535
7574,3.168925
7575,3.152584
7576,3.127421
7577,3.127421
7578,3.097535
7579,3.168925
7580,3.122698
7581,3.044414
7582,3.056565
7583,3.056565
7584,3.098069
7585,3.098069
7586,3.081728
7587,3.056565
7588,3.031402
7589,2.911080
7590,2.947861
7591,2.894206
7592,2.906357
7593,2.906357
7594,2.906357
7595,2.947861
7596,2.965596
7597,2.927421
7598,2.965596
7599,2.924092
7600,2.977747
7601,2.977747
7602,2.977747
7603,2.947861
7604,2.989364
7605,3.007100
7606,3.007100
7607,2.990759
7608,3.111080
7609,3.111080
7610,3.139572
7611,3.181076
7612,3.181076
7613,3.181076
7614,3.134849
7615,3.056565
7616,3.028073
7617,3.081728
7618,3.098069
7619,3.072906
7620,3.114409
7621,3.151189
7622,3.134849
7623,3.152584
7624,3.089246
7625,3.089246
7626,3.127421
7627,3.127421
7628,3.143762
7629,3.168925
7630,3.127421
7631,3.190759
7632,3.152584
7633,3.190759
7634,3.152584
7635,3.190759
7636,3.174418
7637,3.054097
7638,3.082589
7639,3.082589
7640,3.057426
7641,3.057426
7642,3.177747
7643,3.149255
7644,3.137104
7645,3.162267
7646,3.174418
7647,3.120764
7648,3.120764
7649,3.057426
7650,3.120764
7651,3.079260
7652,3.057426
7653,3.011198
7654,2.932915
7655,2.932915
7656,2.923231
7657,2.923231
7658,2.923231
7659,2.986569
7660,3.001515
7661,2.923231
7662,2.831402
7663,2.894740
7664,2.869577
7665,2.869577
7666,2.894740
7667,2.931520
7668,2.909686
7669,2.872906
7670,2.911080
7671,2.869577
7672,2.749255
7673,2.764201
7674,2.764201
7675,2.817856
7676,2.839690
7677,2.893345
7678,2.881194
7679,2.898930
7680,3.019251
7681,2.990759
7682,2.990759
7683,3.111080
7684,3.081194
7685,3.081194
7686,3.111080
7687,3.081194
7688,3.081194
7689,3.028073
7690,3.028073
7691,3.006239
7692,3.028073
7693,2.974418
7694,3.028073
7695,3.056565
7696,2.997417
7697,3.013758
7698,3.072906
7699,3.056565
7700,3.056565
7701,3.072906
7702,3.044414
7703,3.044414
7704,3.013758
7705,3.013758
7706,3.013758
7707,2.921928
7708,2.921928
7709,2.981076
7710,2.921928
7711,2.921928
7712,2.952584
7713,2.911080
7714,2.947861
7715,2.827539
7716,2.881194
7717,2.927421
7718,2.905587
7719,2.915270
7720,3.035592
7721,3.019251
7722,3.057426
7723,3.057426
7724,3.041085
7725,3.041085
7726,3.019251
7727,3.028934
7728,3.000442
7729,3.000442
7730,3.067109
7731,3.120764
7732,3.149255
7733,3.149255
7734,3.085918
7735,3.014527
7736,3.014527
7737,3.014527
7738,3.002376
7739,2.977747
7740,2.911080
7741,2.826770
7742,2.851933
7743,2.911080
7744,3.031402
7745,3.068182
7746,3.039690
7747,3.027539
7748,3.057426
7749,3.111080
7750,3.019251
7751,3.111080
7752,3.111080
7753,3.057426
7754,2.994088
7755,2.940433
7756,2.922698
7757,2.856031
7758,2.841085
7759,2.819251
7760,2.856031
7761,2.864084
7762,2.927421
7763,2.881194
7764,2.919369
7765,2.947861
7766,2.947861
7767,2.989364
7768,2.911080
7769,2.851933
7770,2.894740
7771,2.853236
7772,2.868182
7773,2.939572
7774,2.909686
7775,2.973024
7776,3.001515
7777,3.017856
7778,3.017856
7779,3.017856
7780,3.005705
7781,2.964201
7782,2.964201
7783,2.947861
7784,2.976352
7785,2.994088
7786,2.994088
7787,3.114409
7788,3.068182
7789,3.109686
7790,3.081194
7791,3.111080
7792,2.990759
7793,3.000442
7794,3.054097
7795,3.066248
7796,3.082589
7797,3.111080
7798,3.111080
7799,3.139572
7800,3.127421
7801,3.111080
7802,3.094740
7803,3.072906
7804,3.072906
7805,3.043019
7806,3.043019
7807,3.043019
7808,3.072906
7809,3.072906
7810,3.060755
7811,3.060755
7812,3.089246
7813,3.077095
7814,3.030868
7815,3.059360
7816,3.043019
7817,2.964735
7818,3.017856
7819,3.017856
7820,3.017856
7821,3.109686
7822,3.126027
7823,3.084523
7824,2.976352
7825,2.939572
7826,2.939572
7827,3.031402
7828,3.109686
7829,3.134849
7830,3.181076
7831,3.168925
7832,3.168925
7833,3.190759
7834,3.202910
7835,3.190759
7836,3.190759
7837,3.165596
7838,3.035592
7839,3.035592
7840,3.007100
7841,3.035592
7842,2.989364
7843,2.989364
7844,2.973024
7845,3.001515
7846,3.001515
7847,2.976352
7848,2.856031
7849,2.947861
7850,2.947861
7851,2.989364
7852,3.081194
7853,3.043019
7854,3.043019
7855,3.043019
7856,3.059360
7857,3.089246
7858,3.072906
7859,3.111080
7860,3.139572
7861,3.109686
7862,3.097535
7863,3.127421
7864,3.109686
7865,3.181076
7866,3.181076
7867,3.139572
7868,3.161406
7869,3.161406
7870,3.161406
7871,3.161406
7872,3.177747
7873,3.069577
7874,3.081728
7875,3.081728
7876,3.081728
7877,3.069577
7878,3.111080
7879,3.219251
7880,3.190759
7881,3.165596
7882,3.149255
7883,3.149255
7884,3.095601
7885,3.095601
7886,3.085918
7887,3.085918
7888,3.127421
7889,3.127421
7890,3.127421
7891,3.149255
7892,3.202910
7893,3.202910
7894,3.231402
7895,3.247743
7896,3.272906
7897,3.260755
7898,3.289246
7899,3.264084
7900,3.251933
7901,3.213758
7902,3.213758
7903,3.197417
7904,3.181076
7905,3.197417
7906,3.181076
7907,3.155913
7908,3.172254
7909,3.172254
7910,3.155913
7911,3.155913
7912,3.194088
7913,3.206239
7914,3.206239
7915,3.177747
7916,3.206239
7917,3.194088
7918,3.177747
7919,3.202910
7920,3.244414
7921,3.244414
7922,3.244414
7923,3.244414
7924,3.190759
7925,3.152584
7926,3.089246
7927,3.089246
7928,3.081194
7929,3.081194
7930,3.152584
7931,3.190759
7932,3.168925
7933,3.181076
7934,3.181076
7935,3.109686
7936,3.031402
7937,2.972254
7938,2.924092
7939,2.940433
7940,2.965596
7941,2.965596
7942,2.940433
7943,2.940433
7944,2.988595
7945,3.072906
7946,3.072906
7947,3.072906
7948,3.098069
7949,2.989898
7950,2.989898
7951,3.006239
7952,3.006239
7953,3.006239
7954,3.098069
7955,3.056565
7956,3.093345
7957,3.093345
7958,3.139572
7959,3.098069
7960,3.069577
7961,3.039690
7962,3.111080
7963,3.069577
7964,3.039690
7965,3.057426
7966,3.120764
7967,3.149255
7968,3.149255
7969,3.190759
7970,3.202910
7971,3.228073
7972,3.174418
7973,3.190759
7974,3.149255
7975,3.177747
7976,3.206239
7977,3.206239
7978,3.247743
7979,3.247743
7980,3.247743
7981,3.219251
7982,3.177747
7983,3.177747
7984,3.161406
7985,3.161406
7986,3.149255
7987,3.202910
7988,3.219251
7989,3.244414
7990,3.244414
7991,3.272906
7992,3.272906
7993,3.219251
7994,3.231402
7995,3.272906
7996,3.272906
7997,3.219251
7998,3.219251
7999,3.165596
8000,3.177747
8001,3.194088
8002,3.155913
8003,3.109686
8004,3.068182
8005,2.947861
8006,2.964201
8007,2.976352
8008,3.006239
8009,2.994088
8010,2.955913
8011,3.064084
8012,2.972254
8013,2.997417
8014,3.064084
8015,3.085918
8016,3.111080
8017,3.111080
8018,3.174418
8019,3.082589
8020,3.082589
8021,3.070438
8022,3.060755
8023,3.072906
8024,3.056565
8025,3.072906
8026,3.043019
8027,3.043019
8028,3.001515
8029,3.043019
8030,3.060755
8031,3.060755
8032,3.019251
8033,2.927421
8034,2.927421
8035,2.927421
8036,2.915270
8037,2.915270
8038,2.915270
8039,2.915270
8040,3.045275
8041,3.045275
8042,3.057426
8043,3.003771
8044,2.965596
8045,2.937104
8046,2.965596
8047,2.965596
8048,2.902258
8049,3.022580
8050,2.994088
8051,2.986035
8052,3.039690
8053,3.064853
8054,3.118508
8055,3.118508
8056,3.134849
8057,3.152584
8058,3.190759
8059,3.219251
8060,3.219251
8061,3.244414
8062,3.244414
8063,3.260755
8064,3.260755
8065,3.244414
8066,3.244414
8067,3.190759
8068,3.202910
8069,3.181076
8070,3.155913
8071,3.197417
8072,3.197417
8073,3.181076
8074,3.164735
8075,3.181076
8076,3.181076
8077,3.181076
8078,3.181076
8079,3.202910
8080,3.244414
8081,3.202910
8082,3.202910
8083,3.202910
8084,3.202910
8085,3.219251
8086,3.177747
8087,3.149255
8088,3.107752
8089,3.107752
8090,3.041085
8091,3.069577
8092,3.069577
8093,3.111080
8094,3.111080
8095,3.123231
8096,3.123231
8097,3.123231
8098,3.139572
8099,3.123231
8100,3.139572
8101,3.127421
8102,3.111080
8103,3.082589
8104,3.098930
8105,3.082589
8106,3.082589
8107,3.098930
8108,3.098930
8109,3.082589
8110,3.094740
8111,3.069577
8112,3.069577
8113,2.961406
8114,2.949255
8115,2.927421
8116,2.911080
8117,2.927421
8118,2.927421
8119,2.927421
8120,2.927421
8121,2.873767
8122,2.857426
8123,2.839690
8124,2.856031
8125,2.856031
8126,2.873767
8127,2.873767
8128,3.003771
8129,2.965596
8130,3.095601
8131,3.041946
8132,3.095601
8133,3.079260
8134,2.949255
8135,2.949255
8136,2.965596
8137,2.965596
8138,2.943762
8139,2.943762
8140,3.007100
8141,3.028934
8142,3.028934
8143,3.082589
8144,3.082589
8145,3.098930
8146,3.098930
8147,3.219251
8148,3.202910
8149,3.186569
8150,3.186569
8151,3.215061
8152,3.231402
8153,3.272906
8154,3.272906
8155,3.272906
8156,3.272906
8157,3.260755
8158,3.244414
8159,3.215922
8160,3.244414
8161,3.206239
8162,3.164735
8163,3.111080
8164,3.111080
8165,3.057426
8166,3.057426
8167,3.015922
8168,2.885918
8169,2.902258
8170,2.856031
8171,2.856031
8172,2.856031
8173,2.865714
8174,2.877865
8175,2.747861
8176,2.681194
8177,2.727421
8178,2.857426
8179,2.898930
8180,2.898930
8181,2.911080
8182,2.939572
8183,3.006239
8184,2.994088
8185,3.085918
8186,3.073767
8187,3.073767
8188,3.073767
8189,3.073767
8190,3.085918
8191,3.139572
8192,3.155913
8193,3.139572
8194,3.139572
8195,3.181076
8196,3.197417
8197,3.235592
8198,3.219251
8199,3.190759
8200,3.207100
8201,3.197417
8202,3.181076
8203,3.181076
8204,3.139572
8205,3.139572
8206,3.019251
8207,3.085918
8208,3.085918
8209,3.111080
8210,3.057426
8211,3.057426
8212,3.057426
8213,3.057426
8214,3.057426
8215,3.035592
8216,3.073767
8217,3.035592
8218,3.064084
8219,3.080424
8220,3.105587
8221,3.127421
8222,3.085918
8223,3.149255
8224,3.111080
8225,3.089246
8226,3.111080
8227,3.111080
8228,3.132915
8229,3.123231
8230,3.123231
8231,3.139572
8232,3.139572
8233,3.161406
8234,3.119903
8235,3.066248
8236,3.119903
8237,3.119903
8238,3.173557
8239,3.161406
8240,3.161406
8241,3.139572
8242,3.177747
8243,3.155913
8244,3.155913
8245,3.143762
8246,3.143762
8247,3.127421
8248,3.089246
8249,3.059360
8250,3.059360
8251,3.013132
8252,3.059360
8253,3.017856
8254,3.043019
8255,2.989364
8256,3.027539
8257,2.974418
8258,3.002910
8259,2.894740
8260,2.869577
8261,2.884523
8262,2.955913
8263,3.047743
8264,3.072906
8265,3.072906
8266,2.981076
8267,2.951189
8268,2.997417
8269,2.951189
8270,3.081194
8271,3.134849
8272,3.181076
8273,3.197417
8274,3.151189
8275,3.151189
8276,3.151189
8277,3.167530
8278,3.167530
8279,3.167530
8280,3.151189
8281,3.151189
8282,3.181076
8283,3.181076
8284,3.139572
8285,3.149255
8286,3.149255
8287,3.085918
8288,3.057426
8289,2.994088
8290,2.994088
8291,3.057426
8292,3.067109
8293,3.003771
8294,2.937104
8295,2.828934
8296,2.867109
8297,2.867109
8298,2.987430
8299,3.095601
8300,3.149255
8301,3.165596
8302,3.143762
8303,3.143762
8304,3.143762
8305,3.155913
8306,3.127421
8307,3.127421
8308,3.127421
8309,3.098930
8310,3.082589
8311,3.120764
8312,3.111080
8313,3.069577
8314,3.069577
8315,3.079260
8316,3.120764
8317,3.120764
8318,3.098930
8319,3.098930
8320,3.060755
8321,3.060755
8322,3.060755
8323,3.060755
8324,3.098930
8325,3.098930
8326,3.120764
8327,3.120764
8328,3.012593
8329,2.958939
8330,3.012593
8331,3.012593
8332,2.987430
8333,2.857426
8334,2.827539
8335,2.817856
8336,2.859360
8337,2.881194
8338,2.881194
8339,2.889246
8340,2.889246
8341,2.859360
8342,2.905587
8343,2.889246
8344,2.898930
8345,2.881194
8346,2.881194
8347,2.881194
8348,2.989364
8349,2.989364
8350,3.001515
8351,3.017856
8352,3.017856
8353,3.034197
8354,3.017856
8355,2.964201
8356,2.994088
8357,2.994088
8358,3.085918
8359,3.149255
8360,3.149255
8361,3.177747
8362,3.149255
8363,3.127421
8364,3.089246
8365,3.114409
8366,3.177747
8367,3.177747
8368,3.199581
8369,3.228073
8370,3.186569
8371,3.161406
8372,3.173557
8373,3.161406
8374,3.053236
8375,3.041085
8376,2.987430
8377,2.949255
8378,2.937104
8379,3.057426
8380,3.057426
8381,3.057426
8382,3.085918
8383,3.085918
8384,3.127421
8385,3.127421
8386,3.085918
8387,3.085918
8388,3.095601
8389,3.149255
8390,3.161406
8391,3.202910
8392,3.244414
8393,3.206239
8394,3.176352
8395,3.222580
8396,3.194088
8397,3.194088
8398,3.155913
8399,3.194088
8400,3.222580
8401,3.194088
8402,3.168925
8403,3.222580
8404,3.194088
8405,3.152584
8406,3.152584
8407,3.181076
8408,3.181076
8409,3.164735
8410,3.093345
8411,3.093345
8412,3.093345
8413,2.973024
8414,3.111080
8415,3.149255
8416,3.177747
8417,3.165596
8418,3.219251
8419,3.177747
8420,3.177747
8421,3.149255
8422,3.161406
8423,3.161406
8424,3.161406
8425,3.202910
8426,3.244414
8427,3.244414
8428,3.244414
8429,3.222580
8430,3.151189
8431,3.134849
8432,3.176352
8433,3.194088
8434,3.122698
8435,3.147861
8436,3.122698
8437,3.106357
8438,3.136243
8439,3.174418
8440,3.132915
8441,3.132915
8442,3.079260
8443,3.069577
8444,3.057426
8445,3.047743
8446,3.111080
8447,3.019251
8448,3.019251
8449,3.019251
8450,3.031402
8451,3.019251
8452,3.019251
8453,3.019251
8454,2.977747
8455,2.987430
8456,3.107752
8457,3.119903
8458,3.066248
8459,3.107752
8460,3.132915
8461,3.132915
8462,3.132915
8463,3.174418
8464,3.149255
8465,3.149255
8466,3.127421
8467,3.139572
8468,3.164735
8469,3.164735
8470,3.202910
8471,3.244414
8472,3.256565
8473,3.244414
8474,3.244414
8475,3.260755
8476,3.272906
8477,3.260755
8478,3.260755
8479,3.260755
8480,3.244414
8481,3.190759
8482,3.165596
8483,3.149255
8484,3.161406
8485,3.161406
8486,3.215061
8487,3.231402
8488,3.202910
8489,3.177747
8490,3.219251
8491,3.219251
8492,3.231402
8493,3.189898
8494,3.098069
8495,3.085918
8496,3.064084
8497,3.047743
8498,3.047743
8499,3.047743
8500,2.927421
8501,2.949255
8502,2.937104
8503,3.057426
8504,3.019251
8505,3.047743
8506,2.994088
8507,2.873767
8508,2.915270
8509,2.898930
8510,2.898930
8511,2.965596
8512,2.987430
8513,3.041085
8514,3.069577
8515,3.081728
8516,3.069577
8517,3.069577
8518,3.057426
8519,3.098930
8520,3.082589
8521,3.060755
8522,3.019251
8523,3.019251
8524,2.977747
8525,2.977747
8526,3.031402
8527,2.977747
8528,2.965596
8529,2.927421
8530,2.873767
8531,2.864084
8532,2.905587
8533,2.968925
8534,2.860755
8535,2.860755
8536,2.877095
8537,2.898930
8538,2.881194
8539,2.869043
8540,2.859360
8541,2.843019
8542,2.951189
8543,3.089246
8544,3.152584
8545,3.127421
8546,3.152584
8547,3.181076
8548,3.219251
8549,3.190759
8550,3.232263
8551,3.190759
8552,3.202910
8553,3.231402
8554,3.202910
8555,3.231402
8556,3.202910
8557,3.215061
8558,3.215061
8559,3.186569
8560,3.161406
8561,3.202910
8562,3.202910
8563,3.228073
8564,3.228073
8565,3.228073
8566,3.256565
8567,3.256565
8568,3.272906
8569,3.244414
8570,3.190759
8571,3.190759
8572,3.219251
8573,3.219251
8574,3.219251
8575,3.247743
8576,3.247743
8577,3.219251
8578,3.202910
8579,3.202910
8580,3.202910
8581,3.202910
8582,3.161406
8583,3.215061
8584,3.123231
8585,3.111080
8586,3.072906
8587,3.089246
8588,3.035592
8589,2.994088
8590,2.994088
8591,3.015922
8592,2.987430
8593,2.977747
8594,2.965596
8595,2.937104
8596,2.927421
8597,2.927421
8598,2.965596
8599,3.007100
8600,3.007100
8601,3.019251
8602,2.990759
8603,3.120764
8604,3.057426
8605,2.994088
8606,3.015922
8607,3.032263
8608,2.911942
8609,2.911942
8610,2.933776
8611,2.975279
8612,2.965596
8613,2.994088
8614,3.102258
8615,3.102258
8616,3.085918
8617,3.149255
8618,3.149255
8619,3.149255
8620,3.190759
8621,3.202910
8622,3.177747
8623,3.177747
8624,3.219251
8625,3.190759
8626,3.165596
8627,3.124092
8628,3.136243
8629,3.161406
8630,3.202910
8631,3.244414
8632,3.206239
8633,3.244414
8634,3.202910
8635,3.186569
8636,3.202910
8637,3.219251
8638,3.194088
8639,3.165596
8640,3.137104
8641,3.190759
8642,3.165596
8643,3.207100
8644,3.207100
8645,3.207100
8646,3.190759
8647,3.207100
8648,3.207100
8649,3.219251
8650,3.219251
8651,3.202910
8652,3.219251
8653,3.202910
8654,3.215061
8655,3.186569
8656,3.202910
8657,3.174418
8658,3.202910
8659,3.244414
8660,3.215922
8661,3.244414
8662,3.181076
8663,3.222580
8664,3.206239
8665,3.222580
8666,3.222580
8667,3.260755
8668,3.244414
8669,3.190759
8670,3.149255
8671,3.111080
8672,3.111080
8673,3.039690
8674,3.081194
8675,3.052702
8676,3.081194
8677,3.081194
8678,3.089246
8679,2.968925
8680,2.877095
8681,2.889246
8682,2.889246
8683,2.911080
8684,2.898930
8685,3.019251
8686,3.019251
8687,3.019251
8688,2.994088
8689,2.994088
8690,2.977747
8691,2.977747
8692,2.994088
8693,3.035592
8694,3.035592
8695,3.035592
8696,3.060755
8697,3.152584
8698,3.134849
8699,3.122698
8700,3.081194
8701,3.081194
8702,3.134849
8703,3.134849
8704,3.093345
8705,3.109686
8706,3.139572
8707,3.181076
8708,3.181076
8709,3.181076
8710,3.155913
8711,3.181076
8712,3.197417
8713,3.219251
8714,3.247743
8715,3.247743
8716,3.219251
8717,3.181076
8718,3.202910
8719,3.190759
8720,3.082589
8721,3.094740
8722,3.031402
8723,3.056565
8724,3.044414
8725,3.044414
8726,3.060755
8727,3.070438
8728,3.054097
8729,3.054097
8730,3.174418
8731,3.202910
8732,3.149255
8733,3.149255
8734,3.137104
8735,3.028934
8736,3.137104
8737,3.190759
8738,3.168925
8739,3.168925
8740,3.168925
8741,3.168925
8742,3.127421
8743,3.149255
8744,3.095601
8745,3.124092
8746,3.177747
8747,3.155913
8748,3.194088
8749,3.165596
8750,3.165596
8751,3.073767
8752,3.057426
8753,3.057426
8754,3.047743
8755,3.001515
8756,3.001515
8757,3.001515
8758,3.043019
8759,3.001515
8760,2.973024
8761,3.026678
8762,3.043019
8763,3.043019
8764,3.151189
8765,3.151189
8766,3.181076
8767,3.219251
8768,3.155913
8769,3.177747
8770,3.149255
8771,3.127421
8772,3.165596
8773,3.219251
8774,3.219251
8775,3.219251
8776,3.202910
8777,3.215061
8778,3.215061
8779,3.215061
8780,3.231402
8781,3.177747
8782,3.189898
8783,3.177747
8784,3.194088
8785,3.165596
8786,3.165596
8787,3.207100
8788,3.197417
8789,3.181076
8790,3.181076
8791,3.181076
8792,3.089246
8793,3.072906
8794,3.089246
8795,3.035592
8796,3.073767
8797,3.073767
8798,3.073767
8799,3.194088
8800,3.247743
8801,3.264084
8802,3.235592
8803,3.219251
8804,3.219251
8805,3.219251
8806,3.219251
8807,3.219251
8808,3.260755
8809,3.272906
8810,3.272906
8811,3.219251
8812,3.219251
8813,3.244414
8814,3.272906
8815,3.256565
8816,3.256565
8817,3.228073
8818,3.174418
8819,3.136243
8820,3.164735
8821,3.174418
8822,3.174418
8823,3.174418
8824,3.149255
8825,3.111080
8826,3.111080
8827,3.039690
8828,3.068182
8829,3.114409
8830,3.177747
8831,3.189898
8832,3.177747
8833,3.155913
8834,3.155913
8835,3.172254
8836,3.235592
8837,3.219251
8838,3.197417
8839,3.207100
8840,3.168925
8841,3.190759
8842,3.190759
8843,3.174418
8844,3.132915
8845,3.079260
8846,3.132915
8847,3.174418
8848,3.111080
8849,3.111080
8850,3.085918
8851,3.098069
8852,3.085918
8853,3.056031
8854,2.911080
8855,2.911080
8856,2.926027
8857,2.879799
8858,2.909686
8859,2.909686
8860,3.017856
8861,2.971629
8862,2.971629
8863,3.043019
8864,2.989364
8865,2.989364
8866,2.971629
8867,3.017856
8868,3.047743
8869,2.909686
8870,3.039690
8871,3.081194
8872,3.097535
8873,3.056031
8874,3.039690
8875,2.931520
8876,2.947861
8877,2.817856
8878,2.856031
8879,2.856031
8880,2.873767
8881,2.895601
8882,2.907752
8883,3.028073
8884,3.028073
8885,3.136243
8886,3.177747
8887,3.161406
8888,3.202910
8889,3.215061
8890,3.215061
8891,3.189898
8892,3.189898
8893,3.189898
8894,3.206239
8895,3.206239
8896,3.231402
8897,3.219251
8898,3.207100
8899,3.207100
8900,3.219251
8901,3.231402
8902,3.231402
8903,3.231402
8904,3.215061
8905,3.215061
8906,3.231402
8907,3.231402
8908,3.231402
8909,3.215061
8910,3.215061
8911,3.202910
8912,3.202910
8913,3.177747
8914,3.177747
8915,3.177747
8916,3.194088
8917,3.194088
8918,3.219251
8919,3.247743
8920,3.219251
8921,3.202910
8922,3.181076
8923,3.127421
8924,3.143762
8925,3.165596
8926,3.035592
8927,2.943762
8928,3.035592
8929,2.989364
8930,3.019251
8931,3.019251
8932,3.019251
8933,3.035592
8934,3.057426
8935,3.098930
8936,3.115270
8937,3.098930
8938,3.045275
8939,3.035592
8940,3.057426
8941,3.047743
8942,3.019251
8943,3.028934
8944,3.057426
8945,2.937104
8946,2.937104
8947,2.920764
8948,2.937104
8949,2.898930
8950,2.927421
8951,2.889246
8952,2.997417
8953,3.127421
8954,3.152584
8955,3.190759
8956,3.152584
8957,3.127421
8958,3.105587
8959,3.064084
8960,3.035592
8961,3.057426
8962,3.120764
8963,3.120764
8964,3.149255
8965,3.120764
8966,2.990759
8967,3.028934
8968,3.028934
8969,3.028934
8970,3.028934
8971,3.045275
8972,3.045275
8973,3.028934
8974,3.028934
8975,3.000442
8976,2.962267
8977,3.082589
8978,3.028934
8979,3.067109
8980,3.057426
8981,3.057426
8982,3.057426
8983,2.965596
8984,2.965596
8985,2.965596
8986,2.990759
8987,2.973024
8988,3.019251
8989,3.019251
8990,3.035592
8991,3.047743
8992,2.994088
8993,3.006239
8994,2.977747
8995,3.031402
8996,3.161406
8997,3.119903
8998,3.119903
8999,3.107752
9000,3.107752
9001,3.107752
9002,3.107752
9003,3.149255
9004,3.107752
9005,2.987430
9006,3.079260
9007,3.054097
9008,3.054097
9009,3.054097
9010,3.015922
9011,3.015922
9012,3.003771
9013,3.015922
9014,3.069577
9015,3.111080
9016,3.149255
9017,3.124092
9018,3.136243
9019,3.136243
9020,3.124092
9021,3.114409
9022,3.085918
9023,3.068182
9024,3.056031
9025,3.031402
9026,2.880424
9027,2.880424
9028,2.851933
9029,2.894740
9030,2.864084
9031,2.880424
9032,2.838921
9033,2.718599
9034,2.761406
9035,2.786035
9036,2.764201
9037,2.656031
9038,2.619251
9039,2.711080
9040,2.690107
9041,2.774418
9042,2.774418
9043,2.774418
9044,2.743762
9045,2.721928
9046,2.747091
9047,2.763432
9048,2.747091
9049,2.898069
9050,2.856565
9051,2.909686
9052,2.919369
9053,2.965596
9054,2.927421
9055,2.919369
9056,3.039690
9057,3.081194
9058,3.111080
9059,2.990759
9060,3.002910
9061,3.019251
9062,3.028934
9063,3.082589
9064,3.098930
9065,3.098930
9066,3.077095
9067,3.060755
9068,3.082589
9069,3.094740
9070,3.094740
9071,3.082589
9072,3.111080
9073,3.111080
9074,3.231402
9075,3.231402
9076,3.189898
9077,3.189898
9078,3.189898
9079,3.177747
9080,3.202910
9081,3.139572
9082,3.139572
9083,3.127421
9084,3.143762
9085,3.127421
9086,3.127421
9087,3.168925
9088,3.168925
9089,3.190759
9090,3.215922
9091,3.174418
9092,3.164735
9093,3.202910
9094,3.231402
9095,3.215061
9096,3.202910
9097,3.202910
9098,3.190759
9099,3.190759
9100,3.190759
9101,3.162267
9102,3.137104
9103,3.127421
9104,3.149255
9105,3.190759
9106,3.165596
9107,3.194088
9108,3.194088
9109,3.219251
9110,3.219251
9111,3.177747
9112,3.219251
9113,3.190759
9114,3.207100
9115,3.219251
9116,3.219251
9117,3.207100
9118,3.190759
9119,3.174418
9120,3.164735
9121,3.228073
9122,3.164735
9123,3.181076
9124,3.109686
9125,3.126027
9126,3.072906
9127,3.072906
9128,3.109686
9129,3.056565
9130,3.013758
9131,2.972254
9132,2.943762
9133,2.890107
9134,2.826770
9135,2.880424
9136,2.880424
9137,2.943762
9138,2.918599
9139,2.943762
9140,2.943762
9141,2.974418
9142,2.844414
9143,2.859360
9144,2.834197
9145,2.781076
9146,2.773024
9147,2.851307
9148,2.851307
9149,2.851307
9150,2.897535
9151,2.897535
9152,2.882589
9153,2.960873
9154,2.989364
9155,2.964735
9156,2.981076
9157,2.860755
9158,2.860755
9159,2.844414
9160,2.802910
9161,2.802910
9162,2.802910
9163,2.827539
9164,2.790759
9165,2.774418
9166,2.789364
9167,2.909686
9168,2.947861
9169,2.911080
9170,2.872906
9171,2.926027
9172,2.872906
9173,2.951189
9174,2.904962
9175,2.826678
9176,2.813758
9177,2.788595
9178,2.830099
9179,2.830099
9180,2.673767
9181,2.765596
9182,2.895601
9183,2.960103
9184,2.943762
9185,2.997417
9186,2.997417
9187,2.955913
9188,2.943762
9189,2.943762
9190,3.028073
9191,3.028073
9192,3.081194
9193,3.052702
9194,3.081194
9195,3.043019
9196,3.089246
9197,3.043019
9198,3.028073
9199,3.044414
9200,3.081194
9201,3.134849
9202,3.122698
9203,3.122698
9204,3.168925
9205,3.190759
9206,3.244414
9207,3.202910
9208,3.202910
9209,3.177747
9210,3.165596
9211,3.207100
9212,3.190759
9213,3.219251
9214,3.235592
9215,3.194088
9216,3.155913
9217,3.181076
9218,3.181076
9219,3.202910
9220,3.190759
9221,3.181076
9222,3.181076
9223,3.202910
9224,3.202910
9225,3.177747
9226,3.177747
9227,3.155913
9228,3.181076
9229,3.181076
9230,3.219251
9231,3.219251
9232,3.165596
9233,3.177747
9234,3.219251
9235,3.260755
9236,3.260755
9237,3.260755
9238,3.289246
9239,3.247743
9240,3.247743
9241,3.247743
9242,3.139572
9243,3.111080
9244,3.111080
9245,3.082589
9246,3.174418
9247,3.202910
9248,3.202910
9249,3.174418
9250,3.111080
9251,3.082589
9252,3.057426
9253,3.095601
9254,3.073767
9255,3.073767
9256,3.057426
9257,3.035592
9258,3.035592
9259,3.073767
9260,3.010429
9261,3.022580
9262,3.022580
9263,2.976352
9264,2.986035
9265,2.994088
9266,2.986035
9267,3.039690
9268,2.986035
9269,2.856031
9270,2.877865
9271,2.877865
9272,2.799581
9273,2.799581
9274,2.841085
9275,2.802910
9276,2.651933
9277,2.651933
9278,2.736243
9279,2.774418
9280,2.919369
9281,2.919369
9282,2.931520
9283,2.909686
9284,3.039690
9285,2.909686
9286,3.017856
9287,2.909686
9288,3.047743
9289,3.001515
9290,3.019251
9291,2.994088
9292,3.035592
9293,3.098930
9294,3.098930
9295,3.089246
9296,3.130750
9297,3.130750
9298,3.130750
9299,3.168925
9300,3.168925
9301,3.207100
9302,3.190759
9303,3.149255
9304,3.107752
9305,3.161406
9306,3.161406
9307,3.177747
9308,3.206239
9309,3.194088
9310,3.172254
9311,3.126027
9312,3.097535
9313,3.127421
9314,3.035592
9315,3.165596
9316,3.149255
9317,3.111080
9318,3.149255
9319,3.202910
9320,3.219251
9321,3.127421
9322,3.127421
9323,3.085918
9324,3.047743
9325,3.047743
9326,3.057426
9327,2.937104
9328,3.045275
9329,3.057426
9330,3.028934
9331,3.082589
9332,3.202910
9333,3.161406
9334,3.149255
9335,3.202910
9336,3.219251
9337,3.202910
9338,3.231402
9339,3.247743
9340,3.231402
9341,3.177747
9342,3.155913
9343,3.155913
9344,3.181076
9345,3.168925
9346,3.143762
9347,3.143762
9348,3.126027
9349,3.097535
9350,3.097535
9351,3.097535
9352,3.105587
9353,3.105587
9354,3.089246
9355,3.127421
9356,3.111080
9357,3.111080
9358,3.098930
9359,3.060755
9360,3.060755
9361,3.060755
9362,3.052702
9363,3.124092
9364,3.187430
9365,3.187430
9366,3.162267
9367,3.162267
9368,3.120764
9369,3.057426
9370,3.111080
9371,3.111080
9372,3.152584
9373,3.111080
9374,3.039690
9375,3.068182
9376,2.947861
9377,2.931520
9378,2.973024
9379,2.985174
9380,2.985174
9381,3.001515
9382,3.001515
9383,3.001515
9384,3.017856
9385,3.047743
9386,3.069577
9387,3.098069
9388,3.139572
9389,3.155913
9390,3.155913
9391,3.155913
9392,3.139572
9393,3.139572
9394,3.123231
9395,3.111080
9396,3.219251
9397,3.181076
9398,3.164735
9399,3.181076
9400,3.152584
9401,3.181076
9402,3.197417
9403,3.181076
9404,3.197417
9405,3.197417
9406,3.197417
9407,3.197417
9408,3.219251
9409,3.111080
9410,3.127421
9411,3.127421
9412,3.139572
9413,3.127421
9414,3.085918
9415,3.069577
9416,3.057426
9417,3.035592
9418,2.989364
9419,2.947861
9420,2.926027
9421,2.926027
9422,2.967530
9423,3.038921
9424,2.997417
9425,2.926027
9426,2.947861
9427,2.947861
9428,2.994088
9429,2.965596
9430,2.965596
9431,2.965596
9432,3.019251
9433,3.019251
9434,2.981076
9435,2.997417
9436,3.022580
9437,3.060755
9438,3.082589
9439,3.041085
9440,3.041085
9441,2.977747
9442,3.031402
9443,3.019251
9444,3.019251
9445,3.139572
9446,3.149255
9447,3.202910
9448,3.202910
9449,3.215061
9450,3.186569
9451,3.164735
9452,3.186569
9453,3.123231
9454,3.111080
9455,3.093345
9456,3.081194
9457,3.097535
9458,3.005705
9459,2.989364
9460,2.951189
9461,2.951189
9462,2.898069
9463,2.844414
9464,2.844414
9465,2.819251
9466,2.897535
9467,2.927421
9468,2.927421
9469,2.949255
9470,3.015922
9471,3.015922
9472,3.032263
9473,3.044414
9474,2.924092
9475,2.924092
9476,2.924092
9477,2.924092
9478,2.933776
9479,2.867109
9480,2.857426
9481,2.835592
9482,2.965596
9483,2.919369
9484,2.947861
9485,3.014527
9486,3.056031
9487,3.056031
9488,3.127421
9489,3.109686
9490,3.134849
9491,3.151189
9492,3.006239
9493,3.098069
9494,3.072906
9495,3.072906
9496,3.056565
9497,3.134849
9498,3.151189
9499,3.151189
9500,3.167530
9501,3.089246
9502,3.072906
9503,3.047743
9504,2.988595
9505,3.019251
9506,2.927421
9507,2.964201
9508,3.102258
9509,3.155913
9510,3.219251
9511,3.181076
9512,3.181076
9513,3.202910
9514,3.219251
9515,3.202910
9516,3.164735
9517,3.111080
9518,3.057426
9519,3.095601
9520,3.073767
9521,3.098930
9522,3.127421
9523,3.127421
9524,3.139572
9525,3.072906
9526,3.060755
9527,3.044414
9528,3.152584
9529,3.194088
9530,3.177747
9531,3.206239
9532,3.177747
9533,3.215922
9534,3.194088
9535,3.147861
9536,3.160012
9537,3.134849
9538,3.134849
9539,3.081194
9540,3.081194
9541,3.064853
9542,3.106357
9543,3.131520
9544,3.160012
9545,3.206239
9546,3.152584
9547,3.152584
9548,3.127421
9549,3.102258
9550,3.035592
9551,3.035592
9552,3.060755
9553,3.060755
9554,3.190759
9555,3.202910
9556,3.202910
9557,3.174418
9558,3.164735
9559,3.181076
9560,3.181076
9561,3.181076
9562,3.244414
9563,3.228073
9564,3.256565
9565,3.256565
9566,3.272906
9567,3.260755
9568,3.219251
9569,3.219251
9570,3.181076
9571,3.089246
9572,3.089246
9573,3.064084
9574,3.064084
9575,3.064084
9576,3.064084
9577,3.034197
9578,3.005705
9579,2.989364
9580,2.897535
9581,2.881194
9582,2.844414
9583,2.881194
9584,3.001515
9585,2.960012
9586,2.839690
9587,2.839690
9588,2.847743
9589,2.847743
9590,2.857426
9591,2.857426
9592,2.873767
9593,2.873767
9594,2.898930
9595,2.927421
9596,2.949255
9597,3.057426
9598,3.041085
9599,3.057426
9600,3.165596
9601,3.177747
9602,3.177747
9603,3.231402
9604,3.231402
9605,3.231402
9606,3.231402
9607,3.247743
9608,3.219251
9609,3.202910
9610,3.202910
9611,3.231402
9612,3.202910
9613,3.231402
9614,3.231402
9615,3.219251
9616,3.247743
9617,3.264084
9618,3.264084
9619,3.251933
9620,3.235592
9621,3.172254
9622,3.143762
9623,3.127421
9624,3.155913
9625,3.109686
9626,3.093345
9627,3.139572
9628,3.139572
9629,3.139572
9630,3.098069
9631,3.044414
9632,3.044414
9633,3.107752
9634,3.107752
9635,3.161406
9636,3.202910
9637,3.174418
9638,3.174418
9639,3.120764
9640,3.120764
9641,3.145927
9642,3.174418
9643,3.202910
9644,3.177747
9645,3.219251
9646,3.231402
9647,3.219251
9648,3.231402
9649,3.231402
9650,3.231402
9651,3.231402
9652,3.215061
9653,3.231402
9654,3.177747
9655,3.177747
9656,3.202910
9657,3.190759
9658,3.174418
9659,3.164735
9660,3.152584
9661,3.152584
9662,3.136243
9663,3.145927
9664,3.120764
9665,2.990759
9666,2.898930
9667,2.845275
9668,2.845275
9669,2.911942
9670,2.965596
9671,3.028934
9672,3.082589
9673,3.060755
9674,3.060755
9675,3.089246
9676,3.017856
9677,3.047743
9678,3.019251
9679,3.082589
9680,3.098930
9681,3.111080
9682,3.127421
9683,3.098930
9684,3.111080
9685,3.069577
9686,3.069577
9687,3.094740
9688,3.111080
9689,3.085918
9690,3.177747
9691,3.177747
9692,3.177747
9693,3.177747
9694,3.219251
9695,3.202910
9696,3.202910
9697,3.177747
9698,3.177747
9699,3.219251
9700,3.219251
9701,3.219251
9702,3.235592
9703,3.264084
9704,3.247743
9705,3.235592
9706,3.247743
9707,3.231402
9708,3.219251
9709,3.190759
9710,3.149255
9711,3.124092
9712,3.136243
9713,3.148394
9714,3.028073
9715,3.028073
9716,3.069577
9717,3.057426
9718,3.069577
9719,3.161406
9720,3.053236
9721,3.041085
9722,3.057426
9723,3.057426
9724,3.047743
9725,3.035592
9726,3.035592
9727,3.035592
9728,3.035592
9729,3.057426
9730,3.003771
9731,3.057426
9732,3.085918
9733,3.085918
9734,3.057426
9735,3.165596
9736,3.137104
9737,3.190759
9738,3.152584
9739,3.111080
9740,3.152584
9741,3.194088
9742,3.152584
9743,3.174418
9744,3.111080
9745,3.111080
9746,3.120764
9747,3.120764
9748,3.120764
9749,3.079260
9750,3.015922
9751,3.057426
9752,3.095601
9753,2.987430
9754,3.107752
9755,3.107752
9756,3.098069
9757,3.119903
9758,3.119903
9759,3.107752
9760,3.079260
9761,3.067109
9762,3.067109
9763,3.120764
9764,3.174418
9765,3.202910
9766,3.202910
9767,3.111080
9768,3.098930
9769,3.098930
9770,3.098930
9771,3.098930
9772,3.111080
9773,3.123231
9774,3.123231
9775,3.111080
9776,3.219251
9777,3.219251
9778,3.244414
9779,3.206239
9780,3.189898
9781,3.160012
9782,3.176352
9783,3.176352
9784,3.222580
9785,3.238921
9786,3.222580
9787,3.238921
9788,3.260755
9789,3.238921
9790,3.197417
9791,3.151189
9792,3.098069
9793,3.098069
9794,3.069577
9795,3.069577
9796,3.106357
9797,3.043019
9798,2.971629
9799,2.851307
9800,2.876470
9801,2.876470
9802,2.851841
9803,2.898069
9804,2.922698
9805,2.960873
9806,2.960873
9807,2.960873
9808,2.960873
9809,2.960873
9810,2.968925
9811,2.951189
9812,3.043019
9813,2.971629
9814,3.017856
9815,2.989364
9816,3.035592
9817,2.968925
9818,2.968925
9819,2.960873
9820,3.032263
9821,3.044414
9822,3.014527
9823,2.973024
9824,3.019251
9825,2.989364
9826,3.001515
9827,3.139572
9828,3.149255
9829,3.165596
9830,3.165596
9831,3.137104
9832,3.127421
9833,3.085918
9834,3.085918
9835,3.114409
9836,3.098069
9837,3.107752
9838,3.149255
9839,3.127421
9840,3.127421
9841,3.127421
9842,3.165596
9843,3.165596
9844,3.155913
9845,3.127421
9846,3.111080
9847,3.111080
9848,3.111080
9849,3.064853
9850,2.934849
9851,2.934849
9852,2.909686
9853,2.976352
9854,2.868182
9855,2.730125
9856,2.868182
9857,2.789898
9858,2.853236
9859,2.961406
9860,2.986035
9861,2.907752
9862,2.961406
9863,2.961406
9864,2.932915
9865,2.890107
9866,2.949255
9867,3.027539
9868,3.027539
9869,3.035592
9870,2.989364
9871,2.989364
9872,2.989364
9873,2.989364
9874,2.989364
9875,3.052702
9876,3.027539
9877,3.002910
9878,3.002910
9879,3.002910
9880,3.015061
9881,3.031402
9882,3.109686
9883,3.109686
9884,3.139572
9885,3.139572
9886,3.181076
9887,3.181076
9888,3.151189
9889,3.151189
9890,3.181076
9891,3.109686
9892,3.151189
9893,3.122698
9894,3.168925
9895,3.127421
9896,3.102258
9897,3.127421
9898,3.127421
9899,3.190759
9900,3.244414
9901,3.244414
9902,3.244414
9903,3.244414
9904,3.244414
9905,3.228073
9906,3.244414
9907,3.244414
9908,3.222580
9909,3.206239
9910,3.206239
9911,3.228073
9912,3.164735
9913,3.181076
9914,3.152584
9915,3.190759
9916,3.190759
9917,3.174418
9918,3.136243
9919,3.145927
9920,3.092272
9921,3.067109
9922,3.095601
9923,3.124092
9924,3.177747
9925,3.202910
9926,3.202910
9927,3.202910
9928,3.219251
9929,3.235592
9930,3.127421
9931,3.219251
9932,3.177747
9933,3.177747
9934,3.165596
9935,3.127421
9936,3.137104
9937,3.127421
9938,3.127421
9939,3.137104
9940,3.137104
9941,3.120764
9942,3.111080
9943,3.111080
9944,3.111080
9945,3.111080
9946,3.111080
9947,3.057426
9948,3.073767
9949,2.965596
9950,2.935710
9951,2.947861
9952,2.947861
9953,2.960012
9954,2.931520
9955,2.931520
9956,2.906357
9957,2.947861
9958,2.960012
9959,2.868182
9960,2.856031
9961,2.735710
9962,2.726027
9963,2.755913
9964,2.747861
9965,2.747861
9966,2.839690
9967,2.947861
9968,2.911080
9969,2.872906
9970,2.951189
9971,2.989364
