window_start_place,entropy_bits
1,2.646439
2,2.321928
3,2.321928
4,2.321928
5,2.121928
6,2.121928
7,2.321928
8,2.446439
9,2.721928
10,2.721928
11,2.646439
12,2.321928
13,2.321928
14,2.321928
15,2.321928
16,2.321928
17,2.321928
18,2.646439
19,2.446439
20,2.321928
21,2.321928
22,2.446439
23,2.521928
24,2.521928
25,2.446439
26,2.446439
27,2.446439
28,2.646439
29,2.646439
30,2.646439
31,2.646439
32,2.721928
33,2.521928
34,2.521928
35,2.446439
36,2.721928
37,2.646439
38,2.446439
39,2.646439
40,2.446439
41,2.446439
42,2.246439
43,2.521928
44,2.521928
45,2.521928
46,2.446439
47,2.446439
48,2.446439
49,2.370951
50,2.170951
51,1.895462
52,1.895462
53,2.170951
54,2.370951
55,2.646439
56,2.521928
57,2.321928
58,2.646439
59,2.646439
60,2.646439
61,2.721928
62,2.721928
63,2.721928
64,2.721928
65,2.921928
66,2.921928
67,2.921928
68,2.921928
69,2.721928
70,2.521928
71,2.446439
72,2.646439
73,2.721928
74,2.721928
75,2.721928
76,2.721928
77,2.446439
78,2.121928
79,2.321928
80,2.446439
81,2.646439
82,2.646439
83,2.721928
84,2.721928
85,2.646439
86,2.446439
87,2.446439
88,2.446439
89,2.370951
90,2.646439
91,2.646439
92,2.321928
93,2.321928
94,2.321928
95,2.321928
96,2.446439
97,2.521928
98,2.721928
99,2.521928
100,2.446439
101,2.646439
102,2.846439
103,2.646439
104,2.321928
105,2.646439
106,2.446439
107,2.521928
108,2.246439
109,2.246439
110,2.521928
111,2.521928
112,2.721928
113,2.521928
114,2.446439
115,2.446439
116,2.446439
117,2.446439
118,2.446439
119,2.646439
120,2.646439
121,2.721928
122,2.721928
123,2.646439
124,2.646439
125,2.846439
126,2.646439
127,2.646439
128,2.646439
129,2.646439
130,2.921928
131,2.921928
132,2.921928
133,2.721928
134,2.521928
135,2.246439
136,2.446439
137,2.521928
138,2.446439
139,2.170951
140,2.170951
141,2.370951
142,2.370951
143,2.446439
144,2.121928
145,2.321928
146,2.446439
147,2.721928
148,2.721928
149,2.921928
150,2.721928
151,2.721928
152,2.721928
153,2.446439
154,2.446439
155,2.521928
156,2.521928
157,2.521928
158,2.446439
159,2.446439
160,2.721928
161,2.721928
162,2.721928
163,2.921928
164,2.921928
165,3.121928
166,2.921928
167,2.921928
168,2.846439
169,2.646439
170,2.646439
171,2.846439
172,2.846439
173,2.521928
174,2.321928
175,2.321928
176,2.370951
177,2.170951
178,2.446439
179,2.646439
180,2.846439
181,2.846439
182,2.921928
183,2.921928
184,2.921928
185,2.721928
186,2.721928
187,2.446439
188,2.721928
189,2.646439
190,2.846439
191,2.846439
192,3.121928
193,2.921928
194,2.646439
195,2.646439
196,2.646439
197,2.921928
198,2.646439
199,2.721928
200,2.446439
201,2.446439
202,2.370951
203,2.370951
204,2.446439
205,2.521928
206,2.521928
207,2.446439
208,2.370951
209,2.646439
210,2.721928
211,2.446439
212,2.446439
213,2.121928
214,2.446439
215,2.246439
216,2.246439
217,2.521928
218,2.721928
219,2.721928
220,2.721928
221,2.521928
222,2.521928
223,2.721928
224,2.721928
225,2.446439
226,2.446439
227,2.446439
228,2.721928
229,2.721928
230,2.721928
231,2.721928
232,2.721928
233,2.921928
234,2.921928
235,2.646439
236,2.321928
237,2.321928
238,2.121928
239,2.321928
240,2.446439
241,2.721928
242,2.721928
243,2.446439
244,2.446439
245,2.521928
246,2.521928
247,2.446439
248,2.646439
249,2.721928
250,2.921928
251,2.921928
252,2.721928
253,2.721928
254,2.646439
255,2.721928
256,2.446439
257,2.646439
258,2.646439
259,2.370951
260,2.446439
261,2.521928
262,2.521928
263,2.521928
264,2.246439
265,2.446439
266,2.446439
267,2.446439
268,2.646439
269,2.446439
270,2.446439
271,2.446439
272,2.721928
273,2.721928
274,2.521928
275,2.721928
276,2.721928
277,2.446439
278,2.446439
279,2.446439
280,2.446439
281,2.446439
282,2.446439
283,2.446439
284,2.446439
285,2.446439
286,2.446439
287,2.446439
288,2.446439
289,2.246439
290,2.446439
291,2.446439
292,2.446439
293,2.721928
294,2.721928
295,2.921928
296,2.721928
297,2.446439
298,2.446439
299,2.121928
300,1.846439
301,1.921928
302,2.121928
303,2.446439
304,2.721928
305,2.721928
306,2.446439
307,2.446439
308,2.721928
309,2.721928
310,2.921928
311,2.921928
312,2.921928
313,2.921928
314,2.921928
315,2.921928
316,2.646439
317,2.646439
318,2.646439
319,2.321928
320,2.646439
321,2.646439
322,2.446439
323,2.446439
324,2.446439
325,2.446439
326,2.446439
327,2.721928
328,2.446439
329,2.646439
330,2.446439
331,2.446439
332,2.521928
333,2.246439
334,2.446439
335,2.446439
336,2.446439
337,2.446439
338,2.721928
339,2.721928
340,2.646439
341,2.446439
342,2.446439
343,2.446439
344,2.646439
345,2.446439
346,2.321928
347,2.321928
348,2.446439
349,2.521928
350,2.521928
351,2.721928
352,2.921928
353,2.646439
354,2.721928
355,2.521928
356,2.446439
357,2.646439
358,2.646439
359,2.370951
360,2.046439
361,1.846439
362,1.846439
363,2.046439
364,2.321928
365,2.446439
366,2.721928
367,2.721928
368,2.921928
369,2.921928
370,2.721928
371,2.721928
372,2.521928
373,2.521928
374,2.446439
375,2.646439
376,2.446439
377,2.170951
378,2.370951
379,2.370951
380,2.370951
381,2.446439
382,2.446439
383,2.446439
384,2.121928
385,2.121928
386,2.446439
387,2.521928
388,2.721928
389,2.721928
390,2.721928
391,2.721928
392,2.721928
393,2.721928
394,2.521928
395,2.446439
396,2.446439
397,2.446439
398,2.446439
399,2.521928
400,2.721928
401,2.446439
402,2.521928
403,2.721928
404,2.721928
405,2.721928
406,2.646439
407,2.646439
408,2.446439
409,2.170951
410,2.246439
411,2.246439
412,2.170951
413,2.446439
414,2.646439
415,2.846439
416,2.646439
417,2.646439
418,2.646439
419,2.721928
420,2.446439
421,2.446439
422,2.646439
423,2.446439
424,2.521928
425,2.521928
426,2.521928
427,2.721928
428,2.721928
429,2.721928
430,2.446439
431,2.721928
432,2.921928
433,2.721928
434,2.921928
435,2.921928
436,2.721928
437,2.721928
438,2.721928
439,2.646439
440,2.446439
441,2.446439
442,2.446439
443,2.246439
444,2.521928
445,2.721928
446,2.721928
447,2.721928
448,2.521928
449,2.521928
450,2.446439
451,2.370951
452,2.046439
453,1.846439
454,2.170951
455,1.970951
456,2.246439
457,2.446439
458,2.446439
459,2.721928
460,2.721928
461,2.446439
462,2.646439
463,2.446439
464,2.521928
465,2.721928
466,2.921928
467,2.921928
468,2.921928
469,3.121928
470,3.121928
471,2.921928
472,3.121928
473,2.921928
474,2.921928
475,2.646439
476,2.646439
477,2.370951
478,2.446439
479,2.446439
480,2.646439
481,2.446439
482,2.446439
483,2.646439
484,2.646439
485,2.446439
486,2.521928
487,2.246439
488,1.921928
489,2.121928
490,2.321928
491,2.446439
492,2.446439
493,2.721928
494,2.921928
495,2.921928
496,2.646439
497,2.646439
498,2.646439
499,2.446439
500,2.170951
501,2.170951
502,2.246439
503,2.246439
504,2.246439
505,2.446439
506,2.246439
507,2.446439
508,2.521928
509,2.446439
510,2.646439
511,2.921928
512,2.921928
513,2.921928
514,2.921928
515,2.921928
516,2.921928
517,2.921928
518,2.921928
519,2.721928
520,2.721928
521,2.446439
522,2.446439
523,2.246439
524,2.170951
525,1.846439
526,2.046439
527,2.321928
528,2.121928
529,2.446439
530,2.446439
531,2.521928
532,2.521928
533,2.446439
534,2.446439
535,2.170951
536,2.170951
537,2.170951
538,1.970951
539,2.170951
540,2.246439
541,2.446439
542,2.446439
543,2.121928
544,2.446439
545,2.446439
546,2.521928
547,2.446439
548,2.446439
549,2.446439
550,2.446439
551,2.721928
552,2.721928
553,2.521928
554,2.446439
555,2.246439
556,2.446439
557,2.170951
558,2.121928
559,2.121928
560,2.321928
561,2.321928
562,2.446439
563,2.646439
564,2.846439
565,2.921928
566,2.646439
567,2.921928
568,2.846439
569,2.646439
570,2.446439
571,2.446439
572,2.646439
573,2.646439
574,2.646439
575,2.846439
576,2.921928
577,2.921928
578,2.721928
579,2.646439
580,2.646439
581,2.446439
582,2.446439
583,2.446439
584,2.521928
585,2.446439
586,2.646439
587,2.646439
588,2.446439
589,2.646439
590,2.321928
591,2.646439
592,2.646439
593,2.646439
594,2.921928
595,2.721928
596,2.721928
597,2.921928
598,2.921928
599,2.921928
600,2.921928
601,2.721928
602,2.721928
603,2.446439
604,2.446439
605,2.446439
606,2.446439
607,2.521928
608,2.521928
609,2.721928
610,2.721928
611,2.921928
612,2.646439
613,2.446439
614,2.521928
615,2.721928
616,2.921928
617,2.646439
618,2.646439
619,2.646439
620,2.921928
621,2.721928
622,2.921928
623,2.921928
624,2.646439
625,2.846439
626,2.646439
627,2.646439
628,2.446439
629,2.646439
630,2.446439
631,2.446439
632,2.446439
633,2.446439
634,2.446439
635,2.446439
636,2.446439
637,2.446439
638,2.446439
639,2.446439
640,2.246439
641,2.246439
642,2.246439
643,2.121928
644,2.121928
645,2.046439
646,2.121928
647,2.170951
648,2.121928
649,2.121928
650,2.121928
651,2.046439
652,2.321928
653,2.321928
654,2.646439
655,2.921928
656,2.921928
657,2.921928
658,2.721928
659,2.721928
660,2.921928
661,2.921928
662,2.646439
663,2.446439
664,2.170951
665,2.370951
666,2.170951
667,2.246439
668,2.446439
669,2.446439
670,2.446439
671,2.721928
672,2.721928
673,2.721928
674,2.446439
675,2.646439
676,2.646439
677,2.446439
678,2.521928
679,2.246439
680,2.446439
681,2.646439
682,2.646439
683,2.846439
684,2.646439
685,2.646439
686,2.646439
687,2.646439
688,2.521928
689,2.160964
690,2.160964
691,2.521928
692,2.321928
693,1.960964
694,2.121928
695,2.446439
696,2.321928
697,2.321928
698,2.646439
699,2.921928
700,2.721928
701,2.721928
702,2.446439
703,2.446439
704,2.446439
705,2.446439
706,2.446439
707,2.646439
708,2.370951
709,2.646439
710,2.521928
711,2.321928
712,2.321928
713,2.321928
714,2.321928
715,1.960964
716,2.046439
717,2.321928
718,2.446439
719,2.446439
720,2.721928
721,2.721928
722,2.646439
723,2.446439
724,2.721928
725,2.646439
726,2.646439
727,2.646439
728,2.646439
729,2.646439
730,2.446439
731,2.721928
732,2.646439
733,2.921928
734,2.921928
735,2.921928
736,2.721928
737,2.646439
738,2.646439
739,2.646439
740,2.446439
741,2.321928
742,2.646439
743,2.321928
744,2.321928
745,2.321928
746,2.321928
747,2.446439
748,2.446439
749,2.721928
750,2.521928
751,2.446439
752,2.521928
753,2.521928
754,2.246439
755,2.446439
756,2.446439
757,2.170951
758,2.446439
759,2.646439
760,2.446439
761,2.646439
762,2.721928
763,2.446439
764,2.646439
765,2.646439
766,2.370951
767,2.446439
768,2.446439
769,2.646439
770,2.646439
771,2.446439
772,2.446439
773,2.446439
774,2.446439
775,2.446439
776,2.170951
777,2.121928
778,2.246439
779,2.446439
780,2.321928
781,2.121928
782,2.046439
783,2.170951
784,2.121928
785,2.446439
786,2.446439
787,2.446439
788,2.521928
789,2.721928
790,2.646439
791,2.646439
792,2.646439
793,2.646439
794,2.646439
795,2.646439
796,2.370951
797,2.646439
798,2.646439
799,2.721928
800,2.921928
801,2.921928
802,2.921928
803,2.721928
804,2.721928
805,2.921928
806,2.921928
807,2.721928
808,2.646439
809,2.721928
810,2.921928
811,2.921928
812,2.646439
813,2.646439
814,2.446439
815,2.446439
816,2.646439
817,2.721928
818,2.721928
819,2.721928
820,2.646439
821,2.646439
822,2.646439
823,2.646439
824,2.646439
825,2.721928
826,2.446439
827,2.646439
828,2.370951
829,2.446439
830,2.446439
831,2.170951
832,2.170951
833,2.170951
834,2.446439
835,2.446439
836,2.370951
837,2.446439
838,2.721928
839,2.921928
840,2.721928
841,2.521928
842,2.521928
843,2.446439
844,2.646439
845,2.646439
846,2.646439
847,2.370951
848,2.046439
849,2.046439
850,2.046439
851,1.685475
852,2.046439
853,2.046439
854,1.846439
855,1.895462
856,1.970951
857,1.846439
858,2.170951
859,2.446439
860,2.446439
861,2.370951
862,2.321928
863,2.370951
864,2.446439
865,2.446439
866,2.521928
867,2.521928
868,2.446439
869,2.721928
870,2.721928
871,2.721928
872,2.921928
873,2.921928
874,2.721928
875,2.721928
876,2.921928
877,2.921928
878,2.721928
879,2.921928
880,2.921928
881,2.921928
882,2.921928
883,2.921928
884,2.721928
885,2.521928
886,2.721928
887,2.646439
888,2.446439
889,2.446439
890,2.521928
891,2.521928
892,2.446439
893,2.646439
894,2.846439
895,2.646439
896,2.721928
897,2.721928
898,2.446439
899,2.246439
900,2.121928
901,2.170951
902,2.170951
903,2.370951
904,2.646439
905,2.446439
906,2.721928
907,2.521928
908,2.721928
909,2.721928
910,2.721928
911,2.521928
912,2.521928
913,2.446439
914,2.446439
915,2.446439
916,2.446439
917,2.646439
918,2.646439
919,2.646439
920,2.646439
921,2.446439
922,2.370951
923,2.321928
924,2.646439
925,2.446439
926,2.446439
927,2.246439
928,2.446439
929,2.370951
930,2.370951
931,2.646439
932,2.646439
933,2.370951
934,2.446439
935,2.521928
936,2.721928
937,2.721928
938,2.921928
939,2.921928
940,2.921928
941,2.646439
942,2.846439
943,2.846439
944,2.921928
945,2.921928
946,2.721928
947,2.921928
948,2.646439
949,2.721928
950,2.721928
951,2.721928
952,2.521928
953,2.246439
954,2.170951
955,2.370951
956,2.646439
957,2.646439
958,2.321928
959,2.121928
960,2.321928
961,2.446439
962,2.721928
963,2.721928
964,2.721928
965,2.646439
966,2.646439
967,2.921928
968,3.121928
969,3.121928
970,2.921928
971,2.921928
972,2.921928
973,2.921928
974,2.721928
975,2.646439
976,2.846439
977,3.121928
978,2.921928
979,2.921928
980,2.721928
981,2.721928
982,2.646439
983,2.446439
984,2.246439
985,2.446439
986,2.721928
987,2.646439
988,2.846439
989,2.646439
990,2.721928
991,2.646439
992,2.446439
993,2.446439
994,2.521928
995,2.521928
996,2.321928
997,2.246439
998,2.321928
999,2.246439
1000,2.446439
1001,2.446439
1002,2.446439
1003,2.646439
1004,2.446439
1005,2.370951
1006,2.646439
1007,2.646439
1008,2.321928
1009,2.321928
1010,2.321928
1011,2.521928
1012,2.321928
1013,2.370951
1014,2.646439
1015,2.846439
1016,2.846439
1017,3.121928
1018,3.121928
1019,2.921928
1020,2.721928
1021,2.521928
1022,2.446439
1023,2.246439
1024,2.170951
1025,2.446439
1026,2.446439
1027,2.121928
1028,2.321928
1029,2.321928
1030,2.321928
1031,2.446439
1032,2.721928
1033,2.921928
1034,2.721928
1035,2.521928
1036,2.721928
1037,2.721928
1038,2.721928
1039,2.921928
1040,2.921928
1041,2.721928
1042,2.721928
1043,2.721928
1044,2.721928
1045,2.721928
1046,2.721928
1047,2.721928
1048,2.521928
1049,2.721928
1050,2.646439
1051,2.646439
1052,2.646439
1053,2.521928
1054,2.521928
1055,2.646439
1056,2.370951
1057,2.370951
1058,2.370951
1059,2.170951
1060,2.446439
1061,2.721928
1062,2.446439
1063,2.646439
1064,2.446439
1065,2.446439
1066,2.121928
1067,2.321928
1068,2.646439
1069,2.721928
1070,2.921928
1071,2.921928
1072,2.921928
1073,2.921928
1074,2.646439
1075,2.446439
1076,2.446439
1077,2.446439
1078,2.446439
1079,2.646439
1080,2.721928
1081,2.721928
1082,2.721928
1083,2.921928
1084,2.721928
1085,2.521928
1086,2.521928
1087,2.446439
1088,2.446439
1089,2.446439
1090,2.321928
1091,2.121928
1092,2.446439
1093,2.446439
1094,2.446439
1095,2.521928
1096,2.446439
1097,2.446439
1098,2.646439
1099,2.646439
1100,2.846439
1101,2.846439
1102,2.646439
1103,2.921928
1104,2.721928
1105,2.646439
1106,2.646439
1107,2.646439
1108,2.446439
1109,2.370951
1110,2.646439
1111,2.646439
1112,2.446439
1113,2.446439
1114,2.721928
1115,2.721928
1116,2.721928
1117,2.446439
1118,2.446439
1119,2.446439
1120,2.321928
1121,2.646439
1122,2.521928
1123,2.321928
1124,2.121928
1125,2.446439
1126,2.446439
1127,2.446439
1128,2.446439
1129,2.446439
1130,2.521928
1131,2.446439
1132,2.721928
1133,2.721928
1134,2.921928
1135,2.921928
1136,2.721928
1137,2.721928
1138,2.721928
1139,2.721928
1140,2.446439
1141,2.170951
1142,2.446439
1143,2.446439
1144,2.721928
1145,2.646439
1146,2.721928
1147,2.646439
1148,2.446439
1149,2.446439
1150,2.521928
1151,2.521928
1152,2.521928
1153,2.446439
1154,2.446439
1155,2.721928
1156,2.721928
1157,2.721928
1158,2.721928
1159,2.721928
1160,2.921928
1161,2.921928
1162,2.846439
1163,2.646439
1164,2.921928
1165,2.721928
1166,2.721928
1167,2.921928
1168,2.646439
1169,2.370951
1170,2.170951
1171,2.446439
1172,2.646439
1173,2.521928
1174,2.646439
1175,2.921928
1176,2.721928
1177,2.446439
1178,2.246439
1179,2.246439
1180,2.446439
1181,2.446439
1182,2.646439
1183,2.721928
1184,2.721928
1185,2.721928
1186,2.921928
1187,2.921928
1188,2.921928
1189,2.921928
1190,3.121928
1191,2.921928
1192,2.921928
1193,2.721928
1194,2.446439
1195,2.446439
1196,2.446439
1197,2.521928
1198,2.446439
1199,2.170951
1200,2.170951
1201,2.246439
1202,2.246439
1203,2.170951
1204,2.170951
1205,2.446439
1206,2.246439
1207,2.246439
1208,2.246439
1209,2.170951
1210,2.446439
1211,2.446439
1212,2.170951
1213,1.970951
1214,2.246439
1215,2.246439
1216,2.446439
1217,2.446439
1218,2.121928
1219,2.121928
1220,2.121928
1221,2.321928
1222,2.121928
1223,2.446439
1224,2.446439
1225,2.721928
1226,2.521928
1227,2.521928
1228,2.521928
1229,2.446439
1230,2.246439
1231,2.121928
1232,2.321928
1233,2.646439
1234,2.446439
1235,2.246439
1236,2.521928
1237,2.446439
1238,2.170951
1239,2.046439
1240,1.721928
1241,1.721928
1242,2.046439
1243,2.370951
1244,2.646439
1245,2.721928
1246,2.446439
1247,2.446439
1248,2.721928
1249,2.921928
1250,2.921928
1251,2.721928
1252,2.921928
1253,2.721928
1254,2.721928
1255,2.721928
1256,2.721928
1257,2.521928
1258,2.246439
1259,2.246439
1260,2.446439
1261,2.721928
1262,2.921928
1263,2.721928
1264,2.921928
1265,2.846439
1266,2.646439
1267,2.921928
1268,3.121928
1269,2.921928
1270,2.721928
1271,2.921928
1272,2.646439
1273,2.446439
1274,2.646439
1275,2.446439
1276,2.170951
1277,2.370951
1278,2.446439
1279,2.646439
1280,2.370951
1281,2.046439
1282,2.046439
1283,2.370951
1284,2.446439
1285,2.721928
1286,2.721928
1287,2.721928
1288,2.646439
1289,2.646439
1290,2.646439
1291,2.446439
1292,2.446439
1293,2.370951
1294,2.446439
1295,2.446439
1296,2.721928
1297,2.921928
1298,2.646439
1299,2.921928
1300,2.646439
1301,2.646439
1302,2.646439
1303,2.446439
1304,2.646439
1305,2.921928
1306,2.921928
1307,2.921928
1308,2.921928
1309,2.921928
1310,2.721928
1311,2.721928
1312,2.721928
1313,2.721928
1314,2.646439
1315,2.446439
1316,2.246439
1317,2.321928
1318,2.521928
1319,2.721928
1320,2.721928
1321,2.521928
1322,2.521928
1323,2.521928
1324,2.521928
1325,2.721928
1326,2.921928
1327,2.646439
1328,2.721928
1329,2.721928
1330,2.721928
1331,2.721928
1332,2.521928
1333,2.246439
1334,2.246439
1335,2.446439
1336,2.646439
1337,2.646439
1338,2.646439
1339,2.646439
1340,2.721928
1341,2.721928
1342,2.721928
1343,2.721928
1344,2.646439
1345,2.646439
1346,2.446439
1347,2.170951
1348,1.895462
1349,2.170951
1350,2.170951
1351,2.446439
1352,2.446439
1353,2.446439
1354,2.446439
1355,2.446439
1356,2.446439
1357,2.121928
1358,2.121928
1359,2.446439
1360,2.521928
1361,2.321928
1362,2.521928
1363,2.521928
1364,2.246439
1365,2.446439
1366,2.246439
1367,2.170951
1368,2.370951
1369,2.646439
1370,2.846439
1371,2.646439
1372,2.921928
1373,2.646439
1374,2.646439
1375,2.646439
1376,2.721928
1377,2.721928
1378,2.721928
1379,2.721928
1380,2.721928
1381,2.721928
1382,2.521928
1383,2.721928
1384,2.646439
1385,2.921928
1386,2.721928
1387,2.721928
1388,2.721928
1389,2.521928
1390,2.521928
1391,2.521928
1392,2.521928
1393,2.721928
1394,2.921928
1395,2.646439
1396,2.446439
1397,2.521928
1398,2.446439
1399,2.121928
1400,1.846439
1401,1.570951
1402,1.485475
1403,1.760964
1404,1.846439
1405,2.046439
1406,2.321928
1407,2.446439
1408,2.721928
1409,2.721928
1410,2.721928
1411,2.646439
1412,2.321928
1413,2.121928
1414,2.121928
1415,2.121928
1416,2.446439
1417,2.446439
1418,2.321928
1419,2.321928
1420,2.370951
1421,2.321928
1422,2.321928
1423,2.046439
1424,2.370951
1425,2.446439
1426,2.321928
1427,2.121928
1428,2.246439
1429,2.246439
1430,2.446439
1431,2.170951
1432,2.246439
1433,2.170951
1434,1.846439
1435,1.970951
1436,2.170951
1437,2.170951
1438,2.246439
1439,2.246439
1440,2.246439
1441,2.246439
1442,2.446439
1443,2.446439
1444,2.646439
1445,2.721928
1446,2.721928
1447,2.921928
1448,2.921928
1449,2.921928
1450,2.921928
1451,2.646439
1452,2.446439
1453,2.121928
1454,2.446439
1455,2.170951
1456,2.170951
1457,2.370951
1458,2.646439
1459,2.721928
1460,2.721928
1461,2.721928
1462,2.521928
1463,2.521928
1464,2.521928
1465,2.446439
1466,2.446439
1467,2.646439
1468,2.846439
1469,2.646439
1470,2.646439
1471,2.370951
1472,2.046439
1473,2.321928
1474,2.321928
1475,2.046439
1476,2.321928
1477,1.960964
1478,2.121928
1479,2.446439
1480,2.446439
1481,2.721928
1482,2.921928
1483,2.921928
1484,2.846439
1485,2.846439
1486,2.921928
1487,2.721928
1488,2.721928
1489,2.646439
1490,2.446439
1491,2.170951
1492,2.446439
1493,2.121928
1494,2.170951
1495,2.370951
1496,2.321928
1497,2.046439
1498,2.046439
1499,2.321928
1500,2.646439
1501,2.721928
1502,2.721928
1503,2.646439
1504,2.846439
1505,2.646439
1506,2.646439
1507,2.446439
1508,2.446439
1509,2.446439
1510,2.446439
1511,2.446439
1512,2.446439
1513,2.321928
1514,2.521928
1515,2.846439
1516,2.921928
1517,2.921928
1518,2.646439
1519,2.721928
1520,2.446439
1521,2.521928
1522,2.446439
1523,2.721928
1524,2.921928
1525,2.646439
1526,2.446439
1527,2.646439
1528,2.646439
1529,2.721928
1530,2.721928
1531,2.721928
1532,2.521928
1533,2.521928
1534,2.521928
1535,2.446439
1536,2.446439
1537,2.370951
1538,2.170951
1539,2.170951
1540,1.846439
1541,1.570951
1542,1.521928
1543,1.846439
1544,1.921928
1545,1.846439
1546,2.170951
1547,2.446439
1548,2.446439
1549,2.646439
1550,2.646439
1551,2.721928
1552,2.921928
1553,2.921928
1554,2.921928
1555,2.921928
1556,3.121928
1557,2.921928
1558,2.921928
1559,2.721928
1560,2.721928
1561,2.721928
1562,2.721928
1563,2.721928
1564,2.446439
1565,2.646439
1566,2.646439
1567,2.646439
1568,2.921928
1569,2.921928
1570,2.846439
1571,2.921928
1572,2.921928
1573,2.721928
1574,2.921928
1575,2.721928
1576,2.721928
1577,2.521928
1578,2.721928
1579,2.521928
1580,2.246439
1581,2.121928
1582,2.121928
1583,2.121928
1584,2.321928
1585,2.321928
1586,2.446439
1587,2.446439
1588,2.321928
1589,2.321928
1590,2.446439
1591,2.521928
1592,2.721928
1593,2.721928
1594,2.921928
1595,2.921928
1596,2.721928
1597,2.721928
1598,2.721928
1599,2.446439
1600,2.721928
1601,2.521928
1602,2.721928
1603,2.721928
1604,2.721928
1605,2.921928
1606,2.921928
1607,2.646439
1608,2.446439
1609,2.446439
1610,2.721928
1611,2.721928
1612,2.921928
1613,2.921928
1614,2.921928
1615,2.921928
1616,2.646439
1617,2.321928
1618,1.960964
1619,2.321928
1620,2.121928
1621,2.121928
1622,1.846439
1623,2.046439
1624,2.370951
1625,2.170951
1626,2.246439
1627,2.121928
1628,2.121928
1629,2.446439
1630,2.646439
1631,2.921928
1632,2.921928
1633,2.921928
1634,2.921928
1635,2.646439
1636,2.321928
1637,2.321928
1638,2.121928
1639,2.170951
1640,1.895462
1641,2.170951
1642,2.170951
1643,2.446439
1644,2.721928
1645,2.721928
1646,2.521928
1647,2.446439
1648,2.446439
1649,2.446439
1650,2.446439
1651,2.170951
1652,2.170951
1653,2.246439
1654,2.446439
1655,2.321928
1656,2.646439
1657,2.446439
1658,2.446439
1659,2.446439
1660,2.521928
1661,2.446439
1662,2.446439
1663,2.246439
1664,2.170951
1665,2.170951
1666,2.370951
1667,2.370951
1668,2.646439
1669,2.446439
1670,2.370951
1671,2.170951
1672,1.846439
1673,1.846439
1674,2.121928
1675,2.321928
1676,2.446439
1677,2.446439
1678,2.646439
1679,2.721928
1680,2.721928
1681,2.721928
1682,2.921928
1683,2.921928
1684,2.921928
1685,2.721928
1686,2.721928
1687,2.521928
1688,2.721928
1689,2.521928
1690,2.721928
1691,2.521928
1692,2.446439
1693,2.721928
1694,2.521928
1695,2.521928
1696,2.446439
1697,2.170951
1698,2.170951
1699,2.046439
1700,2.370951
1701,2.446439
1702,2.446439
1703,2.521928
1704,2.721928
1705,2.721928
1706,2.646439
1707,2.446439
1708,2.246439
1709,2.246439
1710,2.521928
1711,2.521928
1712,2.446439
1713,2.446439
1714,2.370951
1715,2.446439
1716,2.446439
1717,2.246439
1718,2.446439
1719,2.446439
1720,2.321928
1721,2.446439
1722,2.170951
1723,2.446439
1724,2.646439
1725,2.446439
1726,2.446439
1727,2.446439
1728,2.446439
1729,2.121928
1730,2.321928
1731,2.521928
1732,2.321928
1733,2.446439
1734,2.446439
1735,2.446439
1736,2.646439
1737,2.646439
1738,2.646439
1739,2.446439
1740,2.521928
1741,2.721928
1742,2.721928
1743,2.646439
1744,2.646439
1745,2.446439
1746,2.321928
1747,2.521928
1748,2.321928
1749,2.321928
1750,2.321928
1751,2.646439
1752,2.646439
1753,2.721928
1754,2.721928
1755,2.646439
1756,2.646439
1757,2.446439
1758,2.170951
1759,2.446439
1760,2.446439
1761,2.246439
1762,2.446439
1763,2.646439
1764,2.721928
1765,2.521928
1766,2.721928
1767,2.721928
1768,2.721928
1769,2.921928
1770,2.921928
1771,2.721928
1772,2.721928
1773,2.721928
1774,2.721928
1775,2.721928
1776,2.921928
1777,3.121928
1778,3.121928
1779,2.921928
1780,2.921928
1781,2.921928
1782,3.121928
1783,3.121928
1784,2.921928
1785,2.921928
1786,2.921928
1787,2.921928
1788,2.921928
1789,2.921928
1790,2.721928
1791,2.721928
1792,2.446439
1793,2.446439
1794,2.446439
1795,2.721928
1796,2.521928
1797,2.721928
1798,2.721928
1799,2.921928
1800,2.721928
1801,2.646439
1802,2.846439
1803,2.646439
1804,2.721928
1805,2.721928
1806,2.446439
1807,2.446439
1808,2.446439
1809,2.370951
1810,2.370951
1811,2.646439
1812,2.721928
1813,2.446439
1814,2.446439
1815,2.446439
1816,2.246439
1817,2.246439
1818,2.446439
1819,2.370951
1820,2.370951
1821,2.646439
1822,2.721928
1823,2.721928
1824,2.721928
1825,2.721928
1826,2.721928
1827,2.721928
1828,2.921928
1829,2.721928
1830,2.721928
1831,2.721928
1832,2.721928
1833,2.921928
1834,2.721928
1835,2.721928
1836,2.721928
1837,2.921928
1838,2.921928
1839,2.846439
1840,2.646439
1841,2.846439
1842,2.646439
1843,2.721928
1844,2.446439
1845,2.721928
1846,2.721928
1847,2.721928
1848,2.721928
1849,2.721928
1850,2.721928
1851,2.921928
1852,2.721928
1853,2.921928
1854,2.646439
1855,2.721928
1856,2.721928
1857,2.921928
1858,2.921928
1859,3.121928
1860,2.921928
1861,2.721928
1862,2.521928
1863,2.721928
1864,2.721928
1865,2.721928
1866,2.721928
1867,2.646439
1868,2.370951
1869,2.646439
1870,2.646439
1871,2.646439
1872,2.646439
1873,2.921928
1874,3.121928
1875,3.321928
1876,3.121928
1877,3.121928
1878,2.921928
1879,2.846439
1880,2.646439
1881,2.646439
1882,2.321928
1883,2.321928
1884,2.121928
1885,2.446439
1886,2.446439
1887,2.121928
1888,2.446439
1889,2.446439
1890,2.170951
1891,1.846439
1892,1.921928
1893,1.970951
1894,1.921928
1895,1.970951
1896,2.246439
1897,2.121928
1898,2.321928
1899,2.121928
1900,2.446439
1901,2.446439
1902,2.646439
1903,2.846439
1904,2.646439
1905,2.721928
1906,2.521928
1907,2.721928
1908,2.721928
1909,2.721928
1910,2.921928
1911,2.646439
1912,2.646439
1913,2.370951
1914,2.046439
1915,2.046439
1916,2.321928
1917,2.121928
1918,2.321928
1919,2.160964
1920,2.321928
1921,2.121928
1922,2.446439
1923,2.721928
1924,2.721928
1925,2.521928
1926,2.446439
1927,2.646439
1928,2.646439
1929,2.846439
1930,2.646439
1931,2.370951
1932,2.646439
1933,2.446439
1934,2.446439
1935,2.721928
1936,2.646439
1937,2.646439
1938,2.370951
1939,2.170951
1940,2.446439
1941,2.646439
1942,2.721928
1943,2.721928
1944,2.521928
1945,2.446439
1946,2.446439
1947,2.721928
1948,2.721928
1949,2.521928
1950,2.521928
1951,2.521928
1952,2.721928
1953,2.721928
1954,2.721928
1955,2.721928
1956,2.721928
1957,2.721928
1958,2.921928
1959,2.646439
1960,2.370951
1961,2.170951
1962,2.170951
1963,2.446439
1964,2.321928
1965,2.321928
1966,2.321928
1967,2.446439
1968,2.446439
1969,2.446439
1970,2.646439
1971,2.521928
1972,2.646439
1973,2.646439
1974,2.646439
1975,2.721928
1976,2.521928
1977,2.521928
1978,2.521928
1979,2.721928
1980,2.721928
1981,2.721928
1982,2.921928
1983,2.921928
1984,2.921928
1985,2.921928
1986,2.846439
1987,2.921928
1988,2.921928
1989,2.921928
1990,2.646439
1991,2.321928
1992,1.960964
1993,1.960964
1994,1.960964
1995,2.321928
1996,2.160964
1997,2.160964
1998,1.960964
1999,2.160964
2000,2.321928
2001,2.446439
2002,2.721928
2003,2.521928
2004,2.721928
2005,2.446439
2006,2.446439
2007,2.170951
2008,1.846439
2009,1.846439
2010,1.570951
2011,1.846439
2012,1.846439
2013,1.685475
2014,1.721928
2015,2.046439
2016,2.046439
2017,2.370951
2018,2.646439
2019,2.646439
2020,2.446439
2021,2.246439
2022,2.246439
2023,2.246439
2024,1.970951
2025,1.846439
2026,2.121928
2027,2.321928
2028,2.446439
2029,2.646439
2030,2.721928
2031,2.721928
2032,2.721928
2033,2.646439
2034,2.646439
2035,2.646439
2036,2.321928
2037,2.646439
2038,2.721928
2039,2.721928
2040,2.446439
2041,2.446439
2042,2.446439
2043,2.721928
2044,2.521928
2045,2.446439
2046,2.446439
2047,2.446439
2048,2.446439
2049,2.646439
2050,2.646439
2051,2.370951
2052,2.370951
2053,2.646439
2054,2.721928
2055,2.721928
2056,2.921928
2057,2.921928
2058,2.846439
2059,2.521928
2060,2.321928
2061,2.321928
2062,2.446439
2063,2.246439
2064,2.170951
2065,1.846439
2066,1.846439
2067,2.121928
2068,2.321928
2069,2.046439
2070,2.321928
2071,2.646439
2072,2.370951
2073,2.646439
2074,2.846439
2075,2.646439
2076,2.721928
2077,2.921928
2078,2.721928
2079,2.921928
2080,2.921928
2081,2.721928
2082,2.521928
2083,2.721928
2084,2.446439
2085,2.446439
2086,2.370951
2087,2.446439
2088,2.446439
2089,2.521928
2090,2.521928
2091,2.246439
2092,2.121928
2093,2.246439
2094,1.970951
2095,1.846439
2096,1.760964
2097,1.760964
2098,2.121928
2099,2.121928
2100,2.121928
2101,2.170951
2102,2.170951
2103,1.895462
2104,2.170951
2105,2.446439
2106,2.446439
2107,2.446439
2108,2.121928
2109,2.170951
2110,2.046439
2111,1.846439
2112,1.846439
2113,1.721928
2114,1.721928
2115,2.046439
2116,2.121928
2117,2.446439
2118,2.446439
2119,2.446439
2120,2.446439
2121,2.446439
2122,2.646439
2123,2.921928
2124,2.921928
2125,2.646439
2126,2.646439
2127,2.446439
2128,2.370951
2129,2.370951
2130,2.370951
2131,2.446439
2132,2.446439
2133,2.121928
2134,2.246439
2135,2.521928
2136,2.721928
2137,2.646439
2138,2.646439
2139,2.921928
2140,2.921928
2141,2.921928
2142,2.721928
2143,2.721928
2144,2.721928
2145,2.921928
2146,2.721928
2147,2.721928
2148,2.721928
2149,2.921928
2150,3.121928
2151,2.921928
2152,2.921928
2153,2.721928
2154,2.721928
2155,2.721928
2156,2.521928
2157,2.721928
2158,2.921928
2159,2.921928
2160,2.921928
2161,2.721928
2162,2.721928
2163,2.721928
2164,2.721928
2165,2.721928
2166,2.646439
2167,2.446439
2168,2.646439
2169,2.721928
2170,2.721928
2171,2.721928
2172,2.446439
2173,2.446439
2174,2.646439
2175,2.721928
2176,2.446439
2177,2.121928
2178,1.846439
2179,2.170951
2180,2.370951
2181,2.646439
2182,2.646439
2183,2.521928
2184,2.160964
2185,1.960964
2186,2.046439
2187,2.170951
2188,2.170951
2189,1.846439
2190,1.895462
2191,1.570951
2192,1.570951
2193,1.485475
2194,1.685475
2195,1.960964
2196,2.160964
2197,2.321928
2198,2.446439
2199,2.170951
2200,2.446439
2201,2.121928
2202,2.121928
2203,2.121928
2204,2.446439
2205,2.646439
2206,2.646439
2207,2.646439
2208,2.721928
2209,2.646439
2210,2.721928
2211,2.646439
2212,2.646439
2213,2.370951
2214,2.370951
2215,2.370951
2216,2.446439
2217,2.370951
2218,2.446439
2219,2.446439
2220,2.170951
2221,2.170951
2222,2.446439
2223,2.446439
2224,2.721928
2225,2.721928
2226,2.721928
2227,2.521928
2228,2.721928
2229,2.446439
2230,2.446439
2231,2.446439
2232,2.521928
2233,2.521928
2234,2.521928
2235,2.721928
2236,2.721928
2237,2.921928
2238,2.721928
2239,2.721928
2240,2.921928
2241,2.721928
2242,2.721928
2243,2.646439
2244,2.321928
2245,2.446439
2246,2.446439
2247,2.246439
2248,2.446439
2249,2.446439
2250,2.370951
2251,2.446439
2252,2.446439
2253,2.446439
2254,2.170951
2255,1.846439
2256,2.170951
2257,2.446439
2258,2.446439
2259,2.321928
2260,2.160964
2261,2.160964
2262,2.521928
2263,2.646439
2264,2.721928
2265,2.446439
2266,2.121928
2267,2.321928
2268,2.521928
2269,2.646439
2270,2.721928
2271,2.521928
2272,2.521928
2273,2.446439
2274,2.446439
2275,2.721928
2276,2.646439
2277,2.446439
2278,2.646439
2279,2.521928
2280,2.521928
2281,2.521928
2282,2.160964
2283,2.521928
2284,2.160964
2285,2.160964
2286,2.321928
2287,1.960964
2288,1.685475
2289,1.846439
2290,1.570951
2291,1.895462
2292,1.970951
2293,1.970951
2294,2.170951
2295,2.446439
2296,2.721928
2297,2.721928
2298,2.721928
2299,2.721928
2300,2.721928
2301,2.921928
2302,2.921928
2303,2.721928
2304,2.521928
2305,2.521928
2306,2.521928
2307,2.521928
2308,2.521928
2309,2.521928
2310,2.521928
2311,2.521928
2312,2.721928
2313,2.446439
2314,2.446439
2315,2.446439
2316,2.170951
2317,2.246439
2318,1.921928
2319,2.246439
2320,2.170951
2321,2.170951
2322,2.446439
2323,2.446439
2324,2.521928
2325,2.721928
2326,2.921928
2327,2.921928
2328,2.721928
2329,2.446439
2330,2.721928
2331,2.721928
2332,2.646439
2333,2.646439
2334,2.321928
2335,2.521928
2336,2.321928
2337,2.446439
2338,2.170951
2339,2.121928
2340,1.846439
2341,1.846439
2342,2.046439
2343,2.370951
2344,2.370951
2345,2.446439
2346,2.646439
2347,2.721928
2348,2.921928
2349,2.646439
2350,2.370951
2351,2.046439
2352,2.046439
2353,1.846439
2354,1.760964
2355,1.760964
2356,2.121928
2357,2.446439
2358,2.446439
2359,2.721928
2360,2.646439
2361,2.646439
2362,2.370951
2363,2.046439
2364,2.046439
2365,2.370951
2366,2.370951
2367,2.646439
2368,2.646439
2369,2.446439
2370,2.246439
2371,2.521928
2372,2.721928
2373,2.521928
2374,2.521928
2375,2.521928
2376,2.521928
2377,2.521928
2378,2.721928
2379,2.721928
2380,2.721928
2381,2.721928
2382,2.721928
2383,2.446439
2384,2.170951
2385,2.170951
2386,2.170951
2387,2.370951
2388,2.170951
2389,2.246439
2390,2.446439
2391,2.170951
2392,2.121928
2393,2.121928
2394,2.046439
2395,2.321928
2396,2.046439
2397,2.370951
2398,2.046439
2399,2.321928
2400,2.121928
2401,1.960964
2402,1.685475
2403,2.046439
2404,2.046439
2405,2.321928
2406,2.446439
2407,2.446439
2408,2.721928
2409,2.721928
2410,2.721928
2411,2.921928
2412,2.921928
2413,2.721928
2414,2.721928
2415,2.921928
2416,2.721928
2417,2.721928
2418,2.721928
2419,2.921928
2420,2.921928
2421,3.121928
2422,3.121928
2423,2.921928
2424,2.846439
2425,2.646439
2426,2.446439
2427,2.446439
2428,2.246439
2429,2.446439
2430,2.721928
2431,2.921928
2432,2.921928
2433,3.121928
2434,2.921928
2435,2.921928
2436,2.721928
2437,2.521928
2438,2.521928
2439,2.446439
2440,2.321928
2441,2.121928
2442,2.121928
2443,2.321928
2444,2.446439
2445,2.721928
2446,2.721928
2447,2.921928
2448,3.121928
2449,3.121928
2450,2.921928
2451,2.921928
2452,2.721928
2453,2.646439
2454,2.646439
2455,2.921928
2456,3.121928
2457,2.921928
2458,2.921928
2459,3.121928
2460,3.121928
2461,2.921928
2462,2.921928
2463,2.921928
2464,3.121928
2465,3.121928
2466,2.921928
2467,2.921928
2468,2.921928
2469,2.721928
2470,2.921928
2471,2.721928
2472,2.721928
2473,2.446439
2474,2.646439
2475,2.446439
2476,2.446439
2477,2.121928
2478,2.446439
2479,2.721928
2480,2.721928
2481,2.721928
2482,2.446439
2483,2.370951
2484,2.370951
2485,2.646439
2486,2.370951
2487,2.170951
2488,2.170951
2489,2.370951
2490,2.446439
2491,2.446439
2492,2.446439
2493,2.446439
2494,2.521928
2495,2.446439
2496,2.646439
2497,2.446439
2498,2.721928
2499,2.721928
2500,2.921928
2501,2.721928
2502,2.721928
2503,2.721928
2504,2.721928
2505,2.721928
2506,2.721928
2507,2.646439
2508,2.370951
2509,2.646439
2510,2.921928
2511,2.846439
2512,2.846439
2513,2.846439
2514,2.846439
2515,3.121928
2516,2.921928
2517,3.121928
2518,2.921928
2519,2.721928
2520,2.721928
2521,2.446439
2522,2.370951
2523,2.046439
2524,1.685475
2525,1.721928
2526,1.721928
2527,2.046439
2528,2.046439
2529,2.321928
2530,2.321928
2531,2.646439
2532,2.846439
2533,2.921928
2534,3.121928
2535,3.121928
2536,3.121928
2537,3.121928
2538,2.846439
2539,2.521928
2540,2.321928
2541,2.646439
2542,2.446439
2543,2.446439
2544,2.446439
2545,2.646439
2546,2.721928
2547,2.721928
2548,2.646439
2549,2.446439
2550,2.446439
2551,2.170951
2552,2.370951
2553,2.370951
2554,2.370951
2555,2.646439
2556,2.846439
2557,2.521928
2558,2.521928
2559,2.646439
2560,2.321928
2561,2.646439
2562,2.646439
2563,2.646439
2564,2.646439
2565,2.370951
2566,2.370951
2567,2.446439
2568,2.170951
2569,2.170951
2570,2.446439
2571,2.446439
2572,2.446439
2573,2.646439
2574,2.446439
2575,2.521928
2576,2.446439
2577,2.170951
2578,2.246439
2579,2.246439
2580,2.170951
2581,2.446439
2582,2.446439
2583,2.721928
2584,2.521928
2585,2.446439
2586,2.321928
2587,2.646439
2588,2.521928
2589,2.846439
2590,2.646439
2591,2.646439
2592,2.646439
2593,2.646439
2594,2.446439
2595,2.521928
2596,2.446439
2597,2.370951
2598,2.046439
2599,1.846439
2600,1.970951
2601,2.246439
2602,2.246439
2603,2.521928
2604,2.446439
2605,2.446439
2606,2.370951
2607,2.370951
2608,2.370951
2609,2.446439
2610,2.446439
2611,2.446439
2612,2.646439
2613,2.321928
2614,2.646439
2615,2.646439
2616,2.921928
2617,2.721928
2618,2.446439
2619,2.521928
2620,2.721928
2621,2.921928
2622,3.121928
2623,2.921928
2624,2.846439
2625,2.646439
2626,2.370951
2627,2.370951
2628,2.170951
2629,1.846439
2630,2.170951
2631,1.846439
2632,2.121928
2633,2.446439
2634,2.721928
2635,2.921928
2636,2.721928
2637,2.721928
2638,2.721928
2639,2.921928
2640,2.921928
2641,2.921928
2642,3.121928
2643,3.121928
2644,2.921928
2645,2.846439
2646,2.646439
2647,2.646439
2648,2.446439
2649,2.246439
2650,2.521928
2651,2.446439
2652,2.446439
2653,2.321928
2654,2.521928
2655,2.521928
2656,2.521928
2657,2.846439
2658,2.846439
2659,3.121928
2660,2.921928
2661,2.846439
2662,2.846439
2663,2.646439
2664,2.321928
2665,2.121928
2666,2.121928
2667,2.121928
2668,2.446439
2669,2.446439
2670,2.446439
2671,2.521928
2672,2.446439
2673,2.446439
2674,2.321928
2675,2.121928
2676,2.121928
2677,2.446439
2678,2.246439
2679,2.321928
2680,2.246439
2681,2.446439
2682,2.521928
2683,2.521928
2684,2.721928
2685,2.721928
2686,2.721928
2687,2.721928
2688,2.721928
2689,2.721928
2690,2.921928
2691,2.921928
2692,2.921928
2693,2.721928
2694,2.446439
2695,2.521928
2696,2.446439
2697,2.521928
2698,2.521928
2699,2.446439
2700,2.646439
2701,2.321928
2702,1.960964
2703,2.121928
2704,2.446439
2705,2.646439
2706,2.446439
2707,2.446439
2708,2.321928
2709,2.646439
2710,2.646439
2711,2.921928
2712,3.121928
2713,2.846439
2714,2.646439
2715,2.370951
2716,2.170951
2717,2.170951
2718,2.170951
2719,2.446439
2720,2.446439
2721,2.446439
2722,2.721928
2723,2.721928
2724,2.721928
2725,2.721928
2726,2.646439
2727,2.646439
2728,2.446439
2729,2.721928
2730,2.721928
2731,2.921928
2732,2.646439
2733,2.646439
2734,2.921928
2735,2.646439
2736,2.646439
2737,2.721928
2738,2.721928
2739,2.721928
2740,2.921928
2741,3.121928
2742,3.121928
2743,2.921928
2744,2.721928
2745,2.521928
2746,2.246439
2747,2.170951
2748,2.246439
2749,2.521928
2750,2.521928
2751,2.721928
2752,2.721928
2753,2.721928
2754,2.446439
2755,2.646439
2756,2.446439
2757,2.646439
2758,2.721928
2759,2.921928
2760,2.721928
2761,2.646439
2762,2.646439
2763,2.321928
2764,2.046439
2765,2.046439
2766,1.846439
2767,1.846439
2768,1.846439
2769,2.170951
2770,2.246439
2771,2.170951
2772,2.046439
2773,2.046439
2774,1.846439
2775,2.121928
2776,2.121928
2777,2.121928
2778,2.121928
2779,2.446439
2780,2.721928
2781,2.721928
2782,2.721928
2783,2.646439
2784,2.446439
2785,2.521928
2786,2.521928
2787,2.521928
2788,2.246439
2789,2.170951
2790,2.446439
2791,2.446439
2792,2.646439
2793,2.646439
2794,2.646439
2795,2.446439
2796,2.521928
2797,2.721928
2798,2.446439
2799,2.121928
2800,2.321928
2801,2.321928
2802,2.321928
2803,2.370951
2804,2.446439
2805,2.446439
2806,2.170951
2807,2.446439
2808,2.521928
2809,2.721928
2810,2.646439
2811,2.321928
2812,2.521928
2813,2.160964
2814,1.960964
2815,2.321928
2816,2.321928
2817,1.960964
2818,1.960964
2819,2.160964
2820,2.521928
2821,2.646439
2822,2.646439
2823,2.921928
2824,2.921928
2825,2.921928
2826,2.921928
2827,2.921928
2828,2.646439
2829,2.446439
2830,2.446439
2831,2.446439
2832,2.170951
2833,2.170951
2834,2.446439
2835,2.721928
2836,2.721928
2837,2.721928
2838,2.521928
2839,2.521928
2840,2.246439
2841,2.446439
2842,2.721928
2843,2.521928
2844,2.721928
2845,2.921928
2846,2.921928
2847,2.921928
2848,2.921928
2849,2.721928
2850,2.921928
2851,3.121928
2852,2.921928
2853,2.721928
2854,2.446439
2855,2.721928
2856,2.521928
2857,2.721928
2858,2.721928
2859,2.721928
2860,2.921928
2861,2.921928
2862,2.921928
2863,2.921928
2864,2.921928
2865,3.121928
2866,3.121928
2867,3.121928
2868,2.921928
2869,2.721928
2870,2.446439
2871,2.446439
2872,2.521928
2873,2.521928
2874,2.521928
2875,2.521928
2876,2.521928
2877,2.521928
2878,2.446439
2879,2.170951
2880,2.170951
2881,2.170951
2882,2.446439
2883,2.446439
2884,2.646439
2885,2.721928
2886,2.646439
2887,2.846439
2888,2.921928
2889,2.646439
2890,2.446439
2891,2.446439
2892,2.370951
2893,2.170951
2894,2.446439
2895,2.170951
2896,1.846439
2897,1.846439
2898,1.760964
2899,1.685475
2900,2.046439
2901,2.321928
2902,2.321928
2903,2.646439
2904,2.370951
2905,2.321928
2906,2.321928
2907,2.321928
2908,1.960964
2909,1.960964
2910,1.960964
2911,2.321928
2912,2.446439
2913,2.646439
2914,2.921928
2915,2.921928
2916,2.921928
2917,2.721928
2918,2.921928
2919,2.646439
2920,2.646439
2921,2.646439
2922,2.846439
2923,2.646439
2924,2.646439
2925,2.446439
2926,2.721928
2927,2.646439
2928,2.646439
2929,2.721928
2930,2.921928
2931,2.921928
2932,2.721928
2933,2.721928
2934,2.446439
2935,2.446439
2936,2.446439
2937,2.446439
2938,2.521928
2939,2.521928
2940,2.446439
2941,2.370951
2942,2.646439
2943,2.646439
2944,2.646439
2945,2.721928
2946,2.721928
2947,2.521928
2948,2.321928
2949,2.246439
2950,2.170951
2951,1.895462
2952,2.170951
2953,2.170951
2954,2.170951
2955,2.446439
2956,2.446439
2957,2.646439
2958,2.721928
2959,2.721928
2960,2.921928
2961,2.921928
2962,2.846439
2963,2.646439
2964,2.646439
2965,2.446439
2966,2.446439
2967,2.521928
2968,2.446439
2969,2.721928
2970,2.921928
2971,2.921928
2972,2.921928
2973,2.721928
2974,2.721928
2975,2.646439
2976,2.446439
2977,2.446439
2978,2.446439
2979,2.521928
2980,2.521928
2981,2.446439
2982,2.446439
2983,2.521928
2984,2.721928
2985,2.646439
2986,2.721928
2987,2.446439
2988,2.446439
2989,2.446439
2990,2.121928
2991,1.846439
2992,2.170951
2993,2.170951
2994,2.446439
2995,2.321928
2996,2.446439
2997,2.521928
2998,2.446439
2999,2.446439
3000,2.721928
3001,2.521928
3002,2.521928
3003,2.721928
3004,2.721928
3005,2.721928
3006,2.721928
3007,2.721928
3008,2.721928
3009,2.921928
3010,2.921928
3011,2.721928
3012,2.521928
3013,2.521928
3014,2.521928
3015,2.521928
3016,2.446439
3017,2.721928
3018,2.921928
3019,3.121928
3020,3.121928
3021,2.921928
3022,3.121928
3023,3.121928
3024,2.846439
3025,3.121928
3026,3.121928
3027,2.921928
3028,2.721928
3029,2.446439
3030,2.370951
3031,2.170951
3032,2.170951
3033,2.446439
3034,2.646439
3035,2.446439
3036,2.521928
3037,2.721928
3038,2.721928
3039,2.521928
3040,2.446439
3041,2.446439
3042,2.721928
3043,2.521928
3044,2.521928
3045,2.446439
3046,2.646439
3047,2.921928
3048,2.921928
3049,2.721928
3050,2.721928
3051,2.721928
3052,2.721928
3053,2.646439
3054,2.446439
3055,2.646439
3056,2.446439
3057,2.446439
3058,2.246439
3059,2.246439
3060,2.246439
3061,2.170951
3062,2.170951
3063,2.170951
3064,2.170951
3065,1.895462
3066,2.170951
3067,2.170951
3068,2.446439
3069,2.446439
3070,2.446439
3071,2.646439
3072,2.721928
3073,2.721928
3074,2.921928
3075,2.721928
3076,2.721928
3077,2.721928
3078,2.446439
3079,2.646439
3080,2.370951
3081,2.646439
3082,2.370951
3083,2.370951
3084,2.446439
3085,2.646439
3086,2.721928
3087,2.721928
3088,2.721928
3089,2.521928
3090,2.521928
3091,2.246439
3092,1.970951
3093,2.170951
3094,1.970951
3095,2.246439
3096,2.446439
3097,2.646439
3098,2.921928
3099,2.921928
3100,2.846439
3101,2.646439
3102,2.521928
3103,2.646439
3104,2.721928
3105,2.721928
3106,2.521928
3107,2.246439
3108,2.446439
3109,2.246439
3110,2.446439
3111,2.721928
3112,2.446439
3113,2.646439
3114,2.721928
3115,2.721928
3116,2.721928
3117,2.721928
3118,2.721928
3119,2.921928
3120,2.921928
3121,2.921928
3122,2.846439
3123,2.846439
3124,2.646439
3125,2.846439
3126,2.846439
3127,2.921928
3128,2.921928
3129,2.721928
3130,2.721928
3131,2.921928
3132,2.721928
3133,2.921928
3134,2.921928
3135,2.721928
3136,2.921928
3137,2.921928
3138,2.921928
3139,2.921928
3140,2.721928
3141,2.646439
3142,2.646439
3143,2.646439
3144,2.646439
3145,2.646439
3146,2.721928
3147,2.721928
3148,2.721928
3149,2.446439
3150,2.446439
3151,2.446439
3152,2.521928
3153,2.521928
3154,2.721928
3155,2.721928
3156,2.646439
3157,2.446439
3158,2.446439
3159,2.446439
3160,2.246439
3161,2.446439
3162,2.521928
3163,2.721928
3164,2.646439
3165,2.646439
3166,2.446439
3167,2.446439
3168,2.446439
3169,2.646439
3170,2.721928
3171,2.721928
3172,2.921928
3173,2.721928
3174,2.521928
3175,2.721928
3176,2.721928
3177,2.921928
3178,2.846439
3179,2.846439
3180,2.646439
3181,2.646439
3182,2.646439
3183,2.446439
3184,2.446439
3185,2.246439
3186,2.246439
3187,2.521928
3188,2.521928
3189,2.721928
3190,2.646439
3191,2.646439
3192,2.646439
3193,2.646439
3194,2.646439
3195,2.921928
3196,2.721928
3197,2.721928
3198,2.721928
3199,2.921928
3200,2.921928
3201,2.646439
3202,2.370951
3203,2.170951
3204,2.170951
3205,2.370951
3206,2.446439
3207,2.721928
3208,2.921928
3209,2.721928
3210,2.646439
3211,2.921928
3212,2.721928
3213,2.721928
3214,2.721928
3215,2.721928
3216,2.521928
3217,2.246439
3218,2.321928
3219,2.521928
3220,2.521928
3221,2.521928
3222,2.321928
3223,2.321928
3224,2.246439
3225,2.446439
3226,2.446439
3227,2.446439
3228,2.321928
3229,2.646439
3230,2.521928
3231,2.646439
3232,2.446439
3233,2.246439
3234,2.521928
3235,2.521928
3236,2.521928
3237,2.446439
3238,2.646439
3239,2.846439
3240,2.646439
3241,2.646439
3242,2.646439
3243,2.721928
3244,2.446439
3245,2.721928
3246,2.721928
3247,2.721928
3248,2.921928
3249,2.921928
3250,2.921928
3251,2.721928
3252,2.721928
3253,2.721928
3254,2.446439
3255,2.121928
3256,2.121928
3257,2.121928
3258,2.321928
3259,2.321928
3260,2.646439
3261,2.846439
3262,2.921928
3263,2.921928
3264,2.921928
3265,2.721928
3266,2.721928
3267,2.521928
3268,2.446439
3269,2.446439
3270,2.246439
3271,2.246439
3272,2.446439
3273,2.446439
3274,2.446439
3275,2.446439
3276,2.646439
3277,2.921928
3278,2.721928
3279,2.646439
3280,2.370951
3281,2.370951
3282,2.370951
3283,2.046439
3284,2.121928
3285,2.321928
3286,2.646439
3287,2.446439
3288,2.721928
3289,2.646439
3290,2.370951
3291,2.370951
3292,2.646439
3293,2.646439
3294,2.846439
3295,2.646439
3296,2.721928
3297,2.721928
3298,2.721928
3299,2.721928
3300,2.721928
3301,2.721928
3302,2.521928
3303,2.446439
3304,2.721928
3305,2.446439
3306,2.246439
3307,2.246439
3308,2.521928
3309,2.721928
3310,2.921928
3311,2.646439
3312,2.646439
3313,2.646439
3314,2.646439
3315,2.446439
3316,2.521928
3317,2.721928
3318,2.521928
3319,2.446439
3320,2.446439
3321,2.521928
3322,2.446439
3323,2.521928
3324,2.721928
3325,2.721928
3326,2.721928
3327,2.721928
3328,2.446439
3329,2.170951
3330,2.370951
3331,2.370951
3332,2.646439
3333,2.446439
3334,2.170951
3335,2.246439
3336,2.446439
3337,2.446439
3338,2.721928
3339,2.446439
3340,2.721928
3341,2.646439
3342,2.721928
3343,2.646439
3344,2.646439
3345,2.646439
3346,2.446439
3347,2.521928
3348,2.521928
3349,2.521928
3350,2.521928
3351,2.521928
3352,2.521928
3353,2.521928
3354,2.721928
3355,2.521928
3356,2.446439
3357,2.446439
3358,2.446439
3359,2.446439
3360,2.646439
3361,2.646439
3362,2.721928
3363,2.721928
3364,2.721928
3365,2.921928
3366,2.921928
3367,2.921928
3368,2.721928
3369,2.646439
3370,2.321928
3371,2.321928
3372,2.121928
3373,2.446439
3374,2.370951
3375,2.446439
3376,2.721928
3377,2.721928
3378,2.721928
3379,2.721928
3380,2.446439
3381,2.646439
3382,2.446439
3383,2.446439
3384,2.446439
3385,2.646439
3386,2.646439
3387,2.321928
3388,2.121928
3389,2.121928
3390,2.121928
3391,1.846439
3392,2.121928
3393,2.446439
3394,2.446439
3395,2.646439
3396,2.846439
3397,2.921928
3398,2.721928
3399,2.921928
3400,2.721928
3401,2.446439
3402,2.646439
3403,2.646439
3404,2.721928
3405,2.721928
3406,2.446439
3407,2.446439
3408,2.721928
3409,2.721928
3410,2.921928
3411,2.646439
3412,2.446439
3413,2.321928
3414,2.321928
3415,2.321928
3416,2.446439
3417,2.246439
3418,2.446439
3419,2.446439
3420,2.446439
3421,2.521928
3422,2.321928
3423,2.246439
3424,1.970951
3425,2.246439
3426,2.170951
3427,2.446439
3428,2.521928
3429,2.721928
3430,2.921928
3431,3.121928
3432,3.121928
3433,2.921928
3434,2.721928
3435,2.921928
3436,2.921928
3437,2.721928
3438,2.646439
3439,2.646439
3440,2.646439
3441,2.721928
3442,2.721928
3443,2.646439
3444,2.521928
3445,2.521928
3446,2.521928
3447,2.846439
3448,2.646439
3449,2.446439
3450,2.170951
3451,2.246439
3452,2.246439
3453,2.246439
3454,2.121928
3455,2.446439
3456,2.446439
3457,2.446439
3458,2.370951
3459,2.370951
3460,2.446439
3461,2.521928
3462,2.521928
3463,2.521928
3464,2.246439
3465,2.446439
3466,2.446439
3467,2.721928
3468,2.721928
3469,2.721928
3470,2.721928
3471,2.721928
3472,2.721928
3473,2.521928
3474,2.246439
3475,2.446439
3476,2.721928
3477,2.721928
3478,2.721928
3479,2.446439
3480,2.646439
3481,2.321928
3482,2.046439
3483,2.170951
3484,2.446439
3485,2.246439
3486,2.521928
3487,2.521928
3488,2.446439
3489,2.646439
3490,2.446439
3491,2.246439
3492,2.246439
3493,2.246439
3494,2.521928
3495,2.521928
3496,2.246439
3497,2.446439
3498,2.446439
3499,2.521928
3500,2.521928
3501,2.721928
3502,2.521928
3503,2.446439
3504,2.646439
3505,2.321928
3506,2.046439
3507,2.046439
3508,2.370951
3509,2.321928
3510,2.321928
3511,2.121928
3512,2.446439
3513,2.446439
3514,2.370951
3515,2.046439
3516,2.370951
3517,2.446439
3518,2.370951
3519,2.646439
3520,2.921928
3521,2.721928
3522,2.446439
3523,2.646439
3524,2.321928
3525,2.646439
3526,2.646439
3527,2.370951
3528,2.446439
3529,2.370951
3530,2.646439
3531,2.846439
3532,2.921928
3533,3.121928
3534,3.121928
3535,3.121928
3536,2.921928
3537,2.921928
3538,3.121928
3539,3.121928
3540,3.121928
3541,2.921928
3542,2.921928
3543,2.646439
3544,2.446439
3545,2.446439
3546,2.721928
3547,2.646439
3548,2.646439
3549,2.646439
3550,2.721928
3551,2.721928
3552,2.921928
3553,2.921928
3554,2.646439
3555,2.721928
3556,2.521928
3557,2.521928
3558,2.521928
3559,2.521928
3560,2.721928
3561,2.721928
3562,2.721928
3563,2.446439
3564,2.121928
3565,2.121928
3566,2.121928
3567,2.446439
3568,2.246439
3569,2.246439
3570,2.446439
3571,2.721928
3572,2.446439
3573,2.521928
3574,2.446439
3575,2.121928
3576,2.046439
3577,2.370951
3578,2.646439
3579,2.446439
3580,2.121928
3581,2.446439
3582,2.121928
3583,2.446439
3584,2.446439
3585,2.446439
3586,2.446439
3587,2.646439
3588,2.446439
3589,2.121928
3590,2.121928
3591,2.321928
3592,2.321928
3593,2.646439
3594,2.721928
3595,2.921928
3596,2.921928
3597,3.121928
3598,2.921928
3599,2.921928
3600,2.921928
3601,2.721928
3602,2.446439
3603,2.446439
3604,2.446439
3605,2.646439
3606,2.646439
3607,2.521928
3608,2.846439
3609,2.846439
3610,2.846439
3611,2.921928
3612,2.846439
3613,2.521928
3614,2.521928
3615,2.521928
3616,2.160964
3617,1.960964
3618,2.160964
3619,2.160964
3620,2.521928
3621,2.846439
3622,2.921928
3623,2.921928
3624,2.921928
3625,2.646439
3626,2.446439
3627,2.246439
3628,2.321928
3629,2.246439
3630,2.321928
3631,2.246439
3632,2.246439
3633,2.321928
3634,2.521928
3635,2.446439
3636,2.646439
3637,2.646439
3638,2.721928
3639,2.721928
3640,2.521928
3641,2.521928
3642,2.721928
3643,2.721928
3644,2.646439
3645,2.646439
3646,2.646439
3647,2.646439
3648,2.646439
3649,2.446439
3650,2.246439
3651,2.521928
3652,2.521928
3653,2.521928
3654,2.246439
3655,2.246439
3656,2.446439
3657,2.646439
3658,2.446439
3659,2.121928
3660,2.046439
3661,2.170951
3662,2.446439
3663,2.446439
3664,2.646439
3665,2.446439
3666,2.370951
3667,2.646439
3668,2.646439
3669,2.921928
3670,2.721928
3671,2.446439
3672,2.170951
3673,2.170951
3674,2.170951
3675,2.446439
3676,2.646439
3677,2.721928
3678,2.921928
3679,2.921928
3680,2.846439
3681,2.646439
3682,2.646439
3683,2.446439
3684,2.446439
3685,2.646439
3686,2.921928
3687,3.121928
3688,3.121928
3689,3.121928
3690,2.921928
3691,2.721928
3692,2.721928
3693,2.646439
3694,2.646439
3695,2.446439
3696,2.521928
3697,2.521928
3698,2.721928
3699,2.646439
3700,2.646439
3701,2.721928
3702,2.521928
3703,2.521928
3704,2.521928
3705,2.721928
3706,2.721928
3707,2.721928
3708,2.721928
3709,2.721928
3710,2.921928
3711,2.921928
3712,2.921928
3713,2.921928
3714,2.846439
3715,2.646439
3716,2.646439
3717,2.646439
3718,2.921928
3719,2.921928
3720,2.646439
3721,2.721928
3722,2.521928
3723,2.721928
3724,2.721928
3725,2.721928
3726,2.721928
3727,2.646439
3728,2.646439
3729,2.521928
3730,2.321928
3731,2.046439
3732,2.046439
3733,1.846439
3734,2.170951
3735,2.170951
3736,1.895462
3737,1.846439
3738,2.170951
3739,2.370951
3740,2.646439
3741,2.646439
3742,2.646439
3743,2.921928
3744,2.921928
3745,2.846439
3746,2.846439
3747,2.646439
3748,2.721928
3749,2.721928
3750,2.721928
3751,2.646439
3752,2.321928
3753,2.321928
3754,2.370951
3755,2.370951
3756,2.646439
3757,2.646439
3758,2.921928
3759,2.921928
3760,2.921928
3761,2.846439
3762,2.846439
3763,2.646439
3764,2.646439
3765,2.646439
3766,2.321928
3767,2.446439
3768,2.121928
3769,2.446439
3770,2.446439
3771,2.721928
3772,2.921928
3773,2.646439
3774,2.646439
3775,2.646439
3776,2.646439
3777,2.646439
3778,2.646439
3779,2.646439
3780,2.370951
3781,2.370951
3782,2.170951
3783,2.246439
3784,2.446439
3785,2.721928
3786,2.646439
3787,2.721928
3788,2.646439
3789,2.446439
3790,2.246439
3791,1.970951
3792,1.921928
3793,1.921928
3794,1.846439
3795,2.121928
3796,2.321928
3797,2.321928
3798,2.121928
3799,1.846439
3800,2.170951
3801,2.246439
3802,2.170951
3803,1.846439
3804,1.685475
3805,1.960964
3806,1.760964
3807,1.960964
3808,1.770951
3809,1.356780
3810,1.770951
3811,2.160964
3812,2.321928
3813,2.446439
3814,2.446439
3815,2.446439
3816,2.246439
3817,2.446439
3818,2.446439
3819,2.446439
3820,2.721928
3821,2.721928
3822,2.721928
3823,2.721928
3824,2.721928
3825,2.721928
3826,2.921928
3827,2.921928
3828,2.721928
3829,2.721928
3830,2.721928
3831,2.921928
3832,2.646439
3833,2.846439
3834,2.646439
3835,2.846439
3836,2.921928
3837,2.921928
3838,2.921928
3839,2.646439
3840,2.846439
3841,2.646439
3842,2.446439
3843,2.646439
3844,2.921928
3845,2.921928
3846,2.921928
3847,2.646439
3848,2.921928
3849,2.721928
3850,2.721928
3851,2.446439
3852,2.170951
3853,2.370951
3854,2.370951
3855,2.321928
3856,2.321928
3857,2.521928
3858,2.521928
3859,2.646439
3860,2.646439
3861,2.721928
3862,2.521928
3863,2.721928
3864,2.721928
3865,2.721928
3866,2.921928
3867,2.721928
3868,2.521928
3869,2.521928
3870,2.446439
3871,2.446439
3872,2.721928
3873,2.721928
3874,2.721928
3875,2.721928
3876,2.646439
3877,2.646439
3878,2.646439
3879,2.646439
3880,2.921928
3881,2.921928
3882,2.721928
3883,2.646439
3884,2.921928
3885,2.646439
3886,2.646439
3887,2.721928
3888,2.721928
3889,2.721928
3890,2.446439
3891,2.646439
3892,2.721928
3893,2.721928
3894,2.446439
3895,2.646439
3896,2.646439
3897,2.446439
3898,2.521928
3899,2.521928
3900,2.521928
3901,2.521928
3902,2.521928
3903,2.446439
3904,2.446439
3905,2.446439
3906,2.246439
3907,2.170951
3908,2.046439
3909,2.170951
3910,2.170951
3911,2.170951
3912,1.846439
3913,2.046439
3914,2.370951
3915,2.370951
3916,2.646439
3917,2.521928
3918,2.321928
3919,2.321928
3920,2.446439
3921,2.446439
3922,2.446439
3923,2.446439
3924,2.446439
3925,2.646439
3926,2.646439
3927,2.646439
3928,2.846439
3929,2.646439
3930,2.370951
3931,2.370951
3932,2.446439
3933,2.446439
3934,2.646439
3935,2.446439
3936,2.721928
3937,2.721928
3938,2.646439
3939,2.846439
3940,2.646439
3941,2.646439
3942,2.446439
3943,2.721928
3944,2.921928
3945,3.121928
3946,2.921928
3947,2.921928
3948,3.121928
3949,2.921928
3950,2.646439
3951,2.646439
3952,2.646439
3953,2.646439
3954,2.446439
3955,2.721928
3956,2.721928
3957,2.921928
3958,2.846439
3959,2.921928
3960,3.121928
3961,3.121928
3962,2.921928
3963,2.646439
3964,2.646439
3965,2.721928
3966,2.521928
3967,2.521928
3968,2.721928
3969,2.721928
3970,2.721928
3971,2.721928
3972,2.446439
3973,2.246439
3974,2.446439
3975,2.246439
3976,2.521928
3977,2.521928
3978,2.721928
3979,2.446439
3980,2.446439
3981,2.646439
3982,2.646439
3983,2.646439
3984,2.646439
3985,2.446439
3986,2.446439
3987,2.721928
3988,2.446439
3989,2.446439
3990,2.446439
3991,2.646439
3992,2.321928
3993,2.521928
3994,2.321928
3995,2.321928
3996,2.446439
3997,2.446439
3998,2.446439
3999,2.446439
4000,2.521928
4001,2.521928
4002,2.521928
4003,2.446439
4004,2.170951
4005,2.446439
4006,2.446439
4007,2.170951
4008,2.170951
4009,2.046439
4010,1.846439
4011,1.760964
4012,1.960964
4013,1.960964
4014,1.570951
4015,1.960964
4016,2.121928
4017,2.446439
4018,2.646439
4019,2.721928
4020,2.646439
4021,2.721928
4022,2.921928
4023,2.921928
4024,2.921928
4025,2.921928
4026,3.121928
4027,3.121928
4028,2.921928
4029,2.721928
4030,2.921928
4031,2.921928
4032,2.721928
4033,2.721928
4034,2.646439
4035,2.921928
4036,2.921928
4037,2.846439
4038,2.846439
4039,2.846439
4040,2.646439
4041,2.646439
4042,2.921928
4043,2.646439
4044,2.646439
4045,2.646439
4046,2.646439
4047,2.321928
4048,2.446439
4049,2.446439
4050,2.646439
4051,2.721928
4052,2.721928
4053,2.921928
4054,2.921928
4055,2.721928
4056,2.446439
4057,2.446439
4058,2.246439
4059,1.970951
4060,2.246439
4061,2.170951
4062,2.170951
4063,2.121928
4064,2.321928
4065,2.321928
4066,2.121928
4067,2.446439
4068,2.721928
4069,2.721928
4070,2.721928
4071,2.521928
4072,2.721928
4073,2.521928
4074,2.446439
4075,2.646439
4076,2.721928
4077,2.921928
4078,2.921928
4079,2.921928
4080,2.921928
4081,2.721928
4082,2.921928
4083,2.921928
4084,2.721928
4085,2.721928
4086,2.721928
4087,2.521928
4088,2.446439
4089,2.446439
4090,2.446439
4091,2.321928
4092,2.321928
4093,2.446439
4094,2.446439
4095,2.446439
4096,2.446439
4097,2.446439
4098,2.521928
4099,2.721928
4100,2.721928
4101,2.721928
4102,2.521928
4103,2.521928
4104,2.246439
4105,2.446439
4106,2.321928
4107,2.321928
4108,2.321928
4109,1.960964
4110,2.160964
4111,2.321928
4112,2.321928
4113,2.646439
4114,2.721928
4115,2.721928
4116,2.921928
4117,2.721928
4118,2.721928
4119,2.721928
4120,2.721928
4121,2.921928
4122,2.921928
4123,2.921928
4124,2.721928
4125,2.646439
4126,2.446439
4127,2.246439
4128,2.121928
4129,2.046439
4130,2.321928
4131,1.960964
4132,1.960964
4133,1.960964
4134,2.121928
4135,2.246439
4136,2.246439
4137,2.121928
4138,2.121928
4139,1.846439
4140,2.046439
4141,2.046439
4142,2.121928
4143,2.170951
4144,2.170951
4145,1.970951
4146,2.246439
4147,2.446439
4148,2.446439
4149,2.646439
4150,2.721928
4151,2.721928
4152,2.646439
4153,2.646439
4154,2.721928
4155,2.721928
4156,2.521928
4157,2.721928
4158,2.921928
4159,2.921928
4160,2.921928
4161,2.721928
4162,2.521928
4163,2.521928
4164,2.721928
4165,2.721928
4166,2.521928
4167,2.521928
4168,2.521928
4169,2.521928
4170,2.446439
4171,2.446439
4172,2.646439
4173,2.646439
4174,2.921928
4175,2.721928
4176,2.521928
4177,2.446439
4178,2.446439
4179,2.446439
4180,2.446439
4181,2.446439
4182,2.646439
4183,2.646439
4184,2.921928
4185,3.121928
4186,2.921928
4187,2.646439
4188,2.646439
4189,2.446439
4190,2.721928
4191,2.921928
4192,2.721928
4193,2.721928
4194,2.721928
4195,2.646439
4196,2.646439
4197,2.721928
4198,2.721928
4199,2.921928
4200,2.721928
4201,2.721928
4202,2.446439
4203,2.721928
4204,2.921928
4205,3.121928
4206,2.921928
4207,2.646439
4208,2.646439
4209,2.321928
4210,2.521928
4211,2.846439
4212,2.646439
4213,2.446439
4214,2.446439
4215,2.446439
4216,2.446439
4217,2.446439
4218,2.721928
4219,2.721928
4220,2.646439
4221,2.846439
4222,2.921928
4223,2.646439
4224,2.646439
4225,2.721928
4226,2.721928
4227,2.721928
4228,2.721928
4229,2.721928
4230,2.446439
4231,2.646439
4232,2.721928
4233,2.721928
4234,2.721928
4235,2.721928
4236,2.721928
4237,2.446439
4238,2.246439
4239,2.446439
4240,2.646439
4241,2.846439
4242,2.521928
4243,2.521928
4244,2.846439
4245,2.646439
4246,2.721928
4247,2.721928
4248,2.646439
4249,2.646439
4250,2.646439
4251,2.646439
4252,2.846439
4253,2.521928
4254,2.521928
4255,2.646439
4256,2.446439
4257,2.446439
4258,2.446439
4259,2.446439
4260,2.446439
4261,2.321928
4262,1.960964
4263,2.321928
4264,2.646439
4265,2.846439
4266,2.646439
4267,2.446439
4268,2.721928
4269,2.646439
4270,2.446439
4271,2.446439
4272,2.170951
4273,2.446439
4274,2.446439
4275,2.446439
4276,2.521928
4277,2.721928
4278,2.721928
4279,2.721928
4280,2.921928
4281,3.121928
4282,2.921928
4283,3.121928
4284,2.921928
4285,2.921928
4286,2.721928
4287,2.721928
4288,2.721928
4289,2.721928
4290,2.721928
4291,2.721928
4292,2.721928
4293,2.721928
4294,2.721928
4295,2.721928
4296,2.521928
4297,2.521928
4298,2.446439
4299,2.446439
4300,2.246439
4301,1.970951
4302,2.246439
4303,2.321928
4304,2.521928
4305,2.446439
4306,2.646439
4307,2.446439
4308,2.170951
4309,2.170951
4310,2.170951
4311,2.446439
4312,2.446439
4313,2.446439
4314,2.521928
4315,2.521928
4316,2.521928
4317,2.446439
4318,2.446439
4319,2.446439
4320,2.446439
4321,2.446439
4322,2.170951
4323,2.170951
4324,1.846439
4325,2.046439
4326,2.046439
4327,2.121928
4328,2.121928
4329,2.121928
4330,2.121928
4331,2.246439
4332,2.521928
4333,2.521928
4334,2.521928
4335,2.521928
4336,2.721928
4337,2.446439
4338,2.446439
4339,2.446439
4340,2.446439
4341,2.721928
4342,2.921928
4343,2.921928
4344,2.721928
4345,2.446439
4346,2.321928
4347,2.321928
4348,2.446439
4349,2.446439
4350,2.646439
4351,2.646439
4352,2.370951
4353,2.446439
4354,2.446439
4355,2.646439
4356,2.446439
4357,2.446439
4358,2.446439
4359,2.246439
4360,2.321928
4361,2.246439
4362,2.246439
4363,2.170951
4364,2.446439
4365,2.646439
4366,2.646439
4367,2.646439
4368,2.521928
4369,2.321928
4370,2.321928
4371,2.370951
4372,2.170951
4373,2.370951
4374,2.446439
4375,2.170951
4376,1.846439
4377,2.170951
4378,2.446439
4379,2.521928
4380,2.446439
4381,2.446439
4382,2.521928
4383,2.721928
4384,2.721928
4385,2.721928
4386,2.521928
4387,2.321928
4388,2.521928
4389,2.446439
4390,2.170951
4391,2.170951
4392,2.370951
4393,2.646439
4394,2.921928
4395,2.921928
4396,2.921928
4397,2.921928
4398,2.846439
4399,2.646439
4400,2.446439
4401,2.521928
4402,2.521928
4403,2.521928
4404,2.521928
4405,2.721928
4406,2.721928
4407,2.721928
4408,2.521928
4409,2.246439
4410,2.170951
4411,2.446439
4412,2.646439
4413,2.721928
4414,2.646439
4415,2.321928
4416,2.521928
4417,2.321928
4418,2.446439
4419,2.521928
4420,2.446439
4421,2.646439
4422,2.446439
4423,2.446439
4424,2.446439
4425,2.446439
4426,2.721928
4427,2.721928
4428,2.921928
4429,2.721928
4430,2.721928
4431,2.721928
4432,2.721928
4433,2.446439
4434,2.321928
4435,2.321928
4436,2.521928
4437,2.521928
4438,2.846439
4439,2.846439
4440,2.521928
4441,2.646439
4442,2.446439
4443,2.521928
4444,2.721928
4445,2.721928
4446,2.721928
4447,2.921928
4448,3.121928
4449,2.921928
4450,2.921928
4451,2.646439
4452,2.646439
4453,2.646439
4454,2.446439
4455,2.170951
4456,2.170951
4457,2.170951
4458,2.246439
4459,2.446439
4460,2.721928
4461,2.721928
4462,2.721928
4463,2.521928
4464,2.446439
4465,2.446439
4466,2.646439
4467,2.721928
4468,2.721928
4469,2.721928
4470,2.521928
4471,2.721928
4472,2.721928
4473,2.721928
4474,2.521928
4475,2.521928
4476,2.721928
4477,2.646439
4478,2.721928
4479,2.721928
4480,2.646439
4481,2.646439
4482,2.321928
4483,2.321928
4484,2.370951
4485,2.446439
4486,2.446439
4487,2.721928
4488,2.646439
4489,2.846439
4490,2.921928
4491,2.646439
4492,2.646439
4493,2.921928
4494,2.921928
4495,2.721928
4496,2.521928
4497,2.321928
4498,2.246439
4499,2.121928
4500,1.960964
4501,1.760964
4502,2.121928
4503,2.121928
4504,2.446439
4505,2.646439
4506,2.646439
4507,2.646439
4508,2.646439
4509,2.846439
4510,2.646439
4511,2.446439
4512,2.446439
4513,2.246439
4514,2.446439
4515,2.721928
4516,2.721928
4517,2.721928
4518,2.521928
4519,2.721928
4520,2.721928
4521,2.521928
4522,2.521928
4523,2.246439
4524,2.446439
4525,2.321928
4526,2.321928
4527,2.521928
4528,2.321928
4529,2.321928
4530,2.370951
4531,2.446439
4532,2.321928
4533,2.321928
4534,2.321928
4535,2.321928
4536,2.321928
4537,2.321928
4538,2.446439
4539,2.446439
4540,2.446439
4541,2.446439
4542,2.446439
4543,2.446439
4544,2.721928
4545,2.721928
4546,2.921928
4547,2.921928
4548,2.921928
4549,2.846439
4550,2.646439
4551,2.721928
4552,2.721928
4553,2.646439
4554,2.446439
4555,2.246439
4556,2.246439
4557,2.246439
4558,2.246439
4559,2.246439
4560,2.446439
4561,2.721928
4562,2.646439
4563,2.446439
4564,2.721928
4565,2.721928
4566,2.721928
4567,2.646439
4568,2.646439
4569,2.446439
4570,2.446439
4571,2.446439
4572,2.446439
4573,2.721928
4574,2.921928
4575,2.921928
4576,2.921928
4577,2.921928
4578,2.921928
4579,2.921928
4580,2.721928
4581,2.721928
4582,2.446439
4583,2.446439
4584,2.521928
4585,2.521928
4586,2.521928
4587,2.721928
4588,2.921928
4589,2.921928
4590,2.921928
4591,2.921928
4592,2.646439
4593,2.646439
4594,2.446439
4595,2.521928
4596,2.446439
4597,2.446439
4598,2.446439
4599,2.521928
4600,2.246439
4601,2.446439
4602,2.646439
4603,2.921928
4604,2.921928
4605,2.921928
4606,2.921928
4607,2.646439
4608,2.721928
4609,2.721928
4610,2.446439
4611,2.446439
4612,2.446439
4613,2.321928
4614,2.446439
4615,2.246439
4616,2.446439
4617,2.121928
4618,2.121928
4619,2.246439
4620,2.521928
4621,2.246439
4622,2.446439
4623,2.646439
4624,2.446439
4625,2.321928
4626,2.646439
4627,2.446439
4628,2.446439
4629,2.446439
4630,2.446439
4631,2.521928
4632,2.446439
4633,2.646439
4634,2.646439
4635,2.646439
4636,2.921928
4637,2.721928
4638,2.721928
4639,2.721928
4640,2.646439
4641,2.446439
4642,2.370951
4643,2.446439
4644,2.721928
4645,2.646439
4646,2.921928
4647,3.121928
4648,3.121928
4649,2.921928
4650,2.921928
4651,2.721928
4652,2.721928
4653,2.646439
4654,2.646439
4655,2.446439
4656,2.246439
4657,2.246439
4658,2.446439
4659,2.446439
4660,2.370951
4661,2.446439
4662,2.446439
4663,2.646439
4664,2.721928
4665,2.721928
4666,2.446439
4667,2.446439
4668,2.446439
4669,2.370951
4670,2.370951
4671,2.370951
4672,2.646439
4673,2.721928
4674,2.921928
4675,3.121928
4676,2.921928
4677,2.921928
4678,2.921928
4679,2.846439
4680,2.846439
4681,2.846439
4682,2.846439
4683,2.646439
4684,2.321928
4685,2.321928
4686,2.321928
4687,2.370951
4688,2.446439
4689,2.721928
4690,2.521928
4691,2.246439
4692,2.121928
4693,2.446439
4694,2.446439
4695,2.646439
4696,2.646439
4697,2.646439
4698,2.321928
4699,2.121928
4700,1.846439
4701,1.921928
4702,2.121928
4703,2.321928
4704,2.521928
4705,2.521928
4706,2.646439
4707,2.921928
4708,2.846439
4709,2.846439
4710,2.646439
4711,2.721928
4712,2.646439
4713,2.446439
4714,2.446439
4715,2.646439
4716,2.721928
4717,2.646439
4718,2.921928
4719,2.646439
4720,2.846439
4721,2.646439
4722,2.721928
4723,2.446439
4724,2.646439
4725,2.646439
4726,2.646439
4727,2.646439
4728,2.446439
4729,2.246439
4730,2.521928
4731,2.521928
4732,2.521928
4733,2.246439
4734,2.170951
4735,2.446439
4736,2.646439
4737,2.646439
4738,2.646439
4739,2.646439
4740,2.646439
4741,2.446439
4742,2.721928
4743,2.921928
4744,2.921928
4745,2.921928
4746,2.846439
4747,2.846439
4748,2.646439
4749,2.446439
4750,2.170951
4751,2.446439
4752,2.246439
4753,2.246439
4754,2.121928
4755,1.846439
4756,2.170951
4757,2.446439
4758,2.521928
4759,2.521928
4760,2.446439
4761,2.370951
4762,2.370951
4763,2.646439
4764,2.646439
4765,2.646439
4766,2.921928
4767,2.721928
4768,2.921928
4769,2.721928
4770,2.521928
4771,2.246439
4772,2.246439
4773,2.246439
4774,2.246439
4775,2.446439
4776,2.446439
4777,2.446439
4778,2.646439
4779,2.446439
4780,2.446439
4781,2.646439
4782,2.646439
4783,2.646439
4784,2.446439
4785,2.446439
4786,2.446439
4787,2.446439
4788,2.446439
4789,2.170951
4790,2.170951
4791,2.446439
4792,2.521928
4793,2.721928
4794,2.721928
4795,2.521928
4796,2.521928
4797,2.721928
4798,2.721928
4799,2.721928
4800,2.521928
4801,2.521928
4802,2.521928
4803,2.521928
4804,2.721928
4805,2.446439
4806,2.446439
4807,2.521928
4808,2.521928
4809,2.521928
4810,2.446439
4811,2.446439
4812,2.521928
4813,2.446439
4814,2.446439
4815,2.446439
4816,2.521928
4817,2.321928
4818,2.521928
4819,2.446439
4820,2.446439
4821,2.446439
4822,2.446439
4823,2.446439
4824,2.446439
4825,2.446439
4826,2.446439
4827,2.446439
4828,2.721928
4829,2.721928
4830,2.446439
4831,2.646439
4832,2.846439
4833,2.646439
4834,2.921928
4835,2.721928
4836,2.721928
4837,2.721928
4838,2.446439
4839,2.446439
4840,2.446439
4841,2.721928
4842,2.921928
4843,2.721928
4844,2.921928
4845,2.921928
4846,2.721928
4847,2.646439
4848,2.646439
4849,2.646439
4850,2.721928
4851,2.721928
4852,2.721928
4853,2.646439
4854,2.646439
4855,2.446439
4856,2.446439
4857,2.446439
4858,2.646439
4859,2.921928
4860,2.921928
4861,2.721928
4862,2.921928
4863,2.921928
4864,2.646439
4865,2.321928
4866,2.321928
4867,2.121928
4868,1.960964
4869,2.321928
4870,2.321928
4871,2.446439
4872,2.646439
4873,2.446439
4874,2.446439
4875,2.321928
4876,2.321928
4877,2.321928
4878,2.321928
4879,2.521928
4880,2.846439
4881,2.921928
4882,2.921928
4883,2.921928
4884,2.921928
4885,2.721928
4886,2.646439
4887,2.646439
4888,2.846439
4889,2.846439
4890,2.846439
4891,2.921928
4892,2.846439
4893,2.921928
4894,2.721928
4895,2.446439
4896,2.446439
4897,2.521928
4898,2.721928
4899,2.646439
4900,2.646439
4901,2.921928
4902,2.921928
4903,2.721928
4904,2.921928
4905,2.646439
4906,2.446439
4907,2.721928
4908,2.721928
4909,2.721928
4910,2.721928
4911,2.721928
4912,2.721928
4913,2.721928
4914,2.921928
4915,2.721928
4916,2.446439
4917,2.446439
4918,2.646439
4919,2.321928
4920,2.321928
4921,2.121928
4922,2.170951
4923,2.170951
4924,2.170951
4925,2.170951
4926,2.446439
4927,2.446439
4928,2.721928
4929,2.721928
4930,2.721928
4931,2.921928
4932,2.721928
4933,2.721928
4934,2.721928
4935,2.721928
4936,2.721928
4937,2.521928
4938,2.521928
4939,2.246439
4940,1.970951
4941,1.970951
4942,1.970951
4943,2.170951
4944,2.170951
4945,2.170951
4946,2.446439
4947,2.170951
4948,2.046439
4949,2.170951
4950,2.170951
4951,2.246439
4952,2.446439
4953,2.521928
4954,2.521928
4955,2.721928
4956,2.646439
4957,2.370951
4958,2.170951
4959,2.446439
4960,2.646439
4961,2.646439
4962,2.646439
4963,2.446439
4964,2.446439
4965,2.446439
4966,2.646439
4967,2.646439
4968,2.646439
4969,2.370951
4970,2.370951
4971,2.646439
4972,2.646439
4973,2.921928
4974,2.921928
4975,2.921928
4976,2.921928
4977,2.921928
4978,2.646439
4979,2.370951
4980,2.170951
4981,2.170951
4982,2.170951
4983,2.170951
4984,2.121928
4985,2.121928
4986,2.446439
4987,2.721928
4988,2.646439
4989,2.521928
4990,2.321928
4991,2.121928
4992,2.321928
4993,2.646439
4994,2.646439
4995,2.721928
4996,2.646439
4997,2.446439
4998,2.446439
4999,2.170951
5000,1.895462
5001,1.570951
5002,1.521928
5003,1.846439
5004,2.170951
5005,2.446439
5006,2.646439
5007,2.646439
5008,2.921928
5009,2.721928
5010,2.721928
5011,2.646439
5012,2.646439
5013,2.721928
5014,2.721928
5015,2.646439
5016,2.446439
5017,2.321928
5018,2.046439
5019,2.321928
5020,2.646439
5021,2.370951
5022,2.170951
5023,2.446439
5024,2.446439
5025,2.646439
5026,2.646439
5027,2.646439
5028,2.846439
5029,2.921928
5030,2.721928
5031,2.921928
5032,2.921928
5033,3.121928
5034,3.121928
5035,3.121928
5036,2.921928
5037,2.646439
5038,2.646439
5039,2.646439
5040,2.446439
5041,2.721928
5042,2.721928
5043,2.446439
5044,2.721928
5045,2.646439
5046,2.446439
5047,2.446439
5048,2.446439
5049,2.446439
5050,2.446439
5051,2.646439
5052,2.646439
5053,2.921928
5054,2.921928
5055,3.121928
5056,2.921928
5057,2.721928
5058,2.646439
5059,2.646439
5060,2.321928
5061,2.321928
5062,2.370951
5063,2.370951
5064,2.370951
5065,2.446439
5066,2.646439
5067,2.721928
5068,2.721928
5069,2.921928
5070,2.921928
5071,2.921928
5072,2.921928
5073,2.721928
5074,2.921928
5075,2.646439
5076,2.721928
5077,2.721928
5078,2.446439
5079,2.246439
5080,2.446439
5081,2.321928
5082,2.521928
5083,2.521928
5084,2.646439
5085,2.646439
5086,2.921928
5087,2.846439
5088,2.921928
5089,2.921928
5090,2.921928
5091,2.921928
5092,2.921928
5093,2.921928
5094,2.921928
5095,2.646439
5096,2.646439
5097,2.446439
5098,2.446439
5099,2.646439
5100,2.446439
5101,2.721928
5102,2.721928
5103,2.646439
5104,2.721928
5105,2.721928
5106,2.721928
5107,2.721928
5108,2.721928
5109,2.721928
5110,2.646439
5111,2.646439
5112,2.646439
5113,2.646439
5114,2.446439
5115,2.521928
5116,2.721928
5117,2.921928
5118,2.921928
5119,2.921928
5120,2.921928
5121,2.921928
5122,2.921928
5123,2.721928
5124,2.721928
5125,2.721928
5126,2.446439
5127,2.446439
5128,2.446439
5129,2.446439
5130,2.721928
5131,2.446439
5132,2.521928
5133,2.246439
5134,2.246439
5135,2.446439
5136,2.446439
5137,2.446439
5138,2.446439
5139,2.446439
5140,2.721928
5141,2.721928
5142,2.921928
5143,2.721928
5144,2.921928
5145,2.921928
5146,2.721928
5147,2.921928
5148,2.921928
5149,2.646439
5150,2.321928
5151,2.121928
5152,2.170951
5153,2.446439
5154,2.121928
5155,1.760964
5156,1.846439
5157,2.121928
5158,2.121928
5159,2.446439
5160,2.721928
5161,2.721928
5162,2.646439
5163,2.646439
5164,2.646439
5165,2.646439
5166,2.446439
5167,2.721928
5168,2.721928
5169,2.721928
5170,2.721928
5171,2.921928
5172,2.921928
5173,2.921928
5174,3.121928
5175,3.121928
5176,2.921928
5177,2.721928
5178,2.721928
5179,2.721928
5180,2.721928
5181,2.721928
5182,2.521928
5183,2.721928
5184,2.721928
5185,2.521928
5186,2.521928
5187,2.246439
5188,2.446439
5189,2.646439
5190,2.446439
5191,2.721928
5192,2.921928
5193,2.921928
5194,2.646439
5195,2.446439
5196,2.646439
5197,2.446439
5198,2.370951
5199,2.370951
5200,2.446439
5201,2.246439
5202,2.246439
5203,2.246439
5204,2.170951
5205,2.446439
5206,2.646439
5207,2.646439
5208,2.646439
5209,2.446439
5210,2.521928
5211,2.246439
5212,2.446439
5213,2.646439
5214,2.646439
5215,2.921928
5216,2.721928
5217,2.921928
5218,3.121928
5219,2.921928
5220,2.721928
5221,2.446439
5222,2.521928
5223,2.521928
5224,2.521928
5225,2.521928
5226,2.521928
5227,2.446439
5228,2.646439
5229,2.646439
5230,2.646439
5231,2.721928
5232,2.521928
5233,2.721928
5234,2.721928
5235,2.721928
5236,2.721928
5237,2.721928
5238,2.921928
5239,2.921928
5240,3.121928
5241,2.921928
5242,2.921928
5243,2.921928
5244,2.721928
5245,2.521928
5246,2.246439
5247,2.321928
5248,2.246439
5249,2.446439
5250,2.646439
5251,2.446439
5252,2.521928
5253,2.721928
5254,2.646439
5255,2.846439
5256,2.646439
5257,2.646439
5258,2.646439
5259,2.646439
5260,2.646439
5261,2.721928
5262,2.721928
5263,2.721928
5264,2.721928
5265,2.446439
5266,2.446439
5267,2.721928
5268,2.721928
5269,2.721928
5270,2.721928
5271,2.721928
5272,2.921928
5273,2.921928
5274,3.121928
5275,3.121928
5276,2.921928
5277,2.721928
5278,2.521928
5279,2.446439
5280,2.370951
5281,2.370951
5282,2.170951
5283,1.846439
5284,1.846439
5285,2.121928
5286,2.446439
5287,2.370951
5288,2.321928
5289,2.446439
5290,2.446439
5291,2.646439
5292,2.646439
5293,2.646439
5294,2.721928
5295,2.721928
5296,2.721928
5297,2.721928
5298,2.721928
5299,2.921928
5300,2.846439
5301,2.921928
5302,2.721928
5303,2.521928
5304,2.721928
5305,2.921928
5306,2.921928
5307,2.721928
5308,2.921928
5309,2.921928
5310,2.721928
5311,2.521928
5312,2.521928
5313,2.521928
5314,2.446439
5315,2.646439
5316,2.321928
5317,2.321928
5318,2.121928
5319,2.121928
5320,2.121928
5321,2.446439
5322,2.446439
5323,2.721928
5324,2.921928
5325,2.921928
5326,2.646439
5327,2.846439
5328,2.646439
5329,2.646439
5330,2.446439
5331,2.446439
5332,2.446439
5333,2.446439
5334,2.446439
5335,2.446439
5336,2.521928
5337,2.721928
5338,2.646439
5339,2.446439
5340,2.446439
5341,2.446439
5342,2.646439
5343,2.721928
5344,2.721928
5345,2.721928
5346,2.921928
5347,2.921928
5348,2.721928
5349,2.521928
5350,2.521928
5351,2.446439
5352,2.446439
5353,2.246439
5354,2.246439
5355,2.170951
5356,2.046439
5357,2.121928
5358,2.121928
5359,2.170951
5360,2.121928
5361,1.960964
5362,2.121928
5363,2.121928
5364,2.121928
5365,2.121928
5366,2.321928
5367,2.446439
5368,2.446439
5369,2.521928
5370,2.521928
5371,2.521928
5372,2.446439
5373,2.246439
5374,2.521928
5375,2.721928
5376,2.921928
5377,2.721928
5378,2.721928
5379,2.921928
5380,2.721928
5381,2.646439
5382,2.721928
5383,2.921928
5384,3.121928
5385,2.921928
5386,2.721928
5387,2.446439
5388,2.246439
5389,1.970951
5390,1.846439
5391,1.570951
5392,1.895462
5393,2.170951
5394,2.446439
5395,2.446439
5396,2.721928
5397,2.721928
5398,2.646439
5399,2.646439
5400,2.446439
5401,2.646439
5402,2.646439
5403,2.646439
5404,2.321928
5405,2.521928
5406,2.646439
5407,2.646439
5408,2.646439
5409,2.521928
5410,2.846439
5411,2.646439
5412,2.721928
5413,2.521928
5414,2.721928
5415,2.921928
5416,2.921928
5417,2.721928
5418,2.721928
5419,2.521928
5420,2.521928
5421,2.521928
5422,2.721928
5423,2.721928
5424,2.721928
5425,2.921928
5426,2.646439
5427,2.446439
5428,2.170951
5429,2.170951
5430,2.446439
5431,2.446439
5432,2.721928
5433,2.721928
5434,2.646439
5435,2.646439
5436,2.370951
5437,2.646439
5438,2.721928
5439,2.921928
5440,2.721928
5441,2.921928
5442,2.921928
5443,2.921928
5444,2.921928
5445,2.921928
5446,2.921928
5447,3.121928
5448,3.121928
5449,2.921928
5450,2.721928
5451,2.721928
5452,2.721928
5453,2.721928
5454,2.446439
5455,2.170951
5456,2.170951
5457,2.370951
5458,2.370951
5459,2.370951
5460,2.046439
5461,2.046439
5462,2.370951
5463,2.446439
5464,2.521928
5465,2.721928
5466,2.721928
5467,2.721928
5468,2.721928
5469,2.721928
5470,2.446439
5471,2.446439
5472,2.721928
5473,2.721928
5474,2.921928
5475,2.921928
5476,2.646439
5477,2.370951
5478,2.446439
5479,2.646439
5480,2.321928
5481,2.321928
5482,2.370951
5483,2.046439
5484,2.370951
5485,2.646439
5486,2.646439
5487,2.321928
5488,2.046439
5489,2.321928
5490,2.321928
5491,2.646439
5492,2.721928
5493,2.721928
5494,2.446439
5495,2.721928
5496,2.721928
5497,2.721928
5498,2.521928
5499,2.446439
5500,2.446439
5501,2.170951
5502,2.170951
5503,2.170951
5504,2.370951
5505,2.370951
5506,2.646439
5507,2.921928
5508,2.921928
5509,3.121928
5510,3.121928
5511,2.921928
5512,2.721928
5513,2.921928
5514,2.721928
5515,2.446439
5516,2.246439
5517,2.246439
5518,2.246439
5519,2.446439
5520,2.246439
5521,2.170951
5522,2.246439
5523,2.246439
5524,2.446439
5525,2.521928
5526,2.446439
5527,2.446439
5528,2.646439
5529,2.721928
5530,2.521928
5531,2.446439
5532,2.521928
5533,2.521928
5534,2.521928
5535,2.446439
5536,2.446439
5537,2.370951
5538,2.321928
5539,2.321928
5540,2.046439
5541,2.046439
5542,2.046439
5543,2.046439
5544,2.170951
5545,2.446439
5546,2.446439
5547,2.521928
5548,2.521928
5549,2.446439
5550,2.721928
5551,2.446439
5552,2.321928
5553,1.960964
5554,1.960964
5555,2.160964
5556,2.321928
5557,2.046439
5558,2.370951
5559,2.370951
5560,2.446439
5561,2.446439
5562,2.521928
5563,2.521928
5564,2.721928
5565,2.721928
5566,2.721928
5567,2.721928
5568,2.721928
5569,2.721928
5570,2.446439
5571,2.446439
5572,2.246439
5573,2.170951
5574,2.170951
5575,2.446439
5576,2.446439
5577,2.446439
5578,2.446439
5579,2.646439
5580,2.446439
5581,2.721928
5582,2.721928
5583,2.446439
5584,2.446439
5585,2.721928
5586,2.721928
5587,2.446439
5588,2.646439
5589,2.921928
5590,2.921928
5591,2.721928
5592,2.721928
5593,2.721928
5594,2.721928
5595,2.721928
5596,2.721928
5597,2.921928
5598,3.121928
5599,3.121928
5600,2.921928
5601,2.721928
5602,2.721928
5603,2.721928
5604,2.521928
5605,2.521928
5606,2.446439
5607,2.246439
5608,2.521928
5609,2.721928
5610,2.721928
5611,2.721928
5612,2.646439
5613,2.321928
5614,2.121928
5615,1.960964
5616,2.160964
5617,1.960964
5618,2.121928
5619,2.046439
5620,2.046439
5621,2.170951
5622,2.170951
5623,2.446439
5624,2.446439
5625,2.446439
5626,2.446439
5627,2.521928
5628,2.521928
5629,2.521928
5630,2.721928
5631,2.721928
5632,2.721928
5633,2.721928
5634,2.721928
5635,2.646439
5636,2.721928
5637,2.921928
5638,2.921928
5639,2.921928
5640,2.921928
5641,2.921928
5642,2.921928
5643,2.921928
5644,2.721928
5645,2.921928
5646,2.921928
5647,2.646439
5648,2.370951
5649,2.046439
5650,2.321928
5651,2.121928
5652,2.321928
5653,1.960964
5654,2.160964
5655,2.321928
5656,2.446439
5657,2.446439
5658,2.721928
5659,2.721928
5660,2.446439
5661,2.521928
5662,2.446439
5663,2.446439
5664,2.370951
5665,2.170951
5666,2.446439
5667,2.370951
5668,2.046439
5669,2.370951
5670,2.321928
5671,2.646439
5672,2.646439
5673,2.646439
5674,2.446439
5675,2.721928
5676,2.646439
5677,2.521928
5678,2.646439
5679,2.370951
5680,2.370951
5681,2.046439
5682,2.321928
5683,2.446439
5684,2.446439
5685,2.446439
5686,2.446439
5687,2.646439
5688,2.721928
5689,2.921928
5690,2.921928
5691,2.646439
5692,2.521928
5693,2.521928
5694,2.646439
5695,2.846439
5696,2.846439
5697,2.646439
5698,2.721928
5699,2.646439
5700,2.646439
5701,2.646439
5702,2.646439
5703,2.921928
5704,2.646439
5705,2.446439
5706,2.170951
5707,2.170951
5708,2.446439
5709,2.446439
5710,2.721928
5711,2.721928
5712,2.721928
5713,2.921928
5714,2.721928
5715,2.721928
5716,2.721928
5717,2.646439
5718,2.446439
5719,2.370951
5720,2.370951
5721,2.446439
5722,2.246439
5723,2.446439
5724,2.721928
5725,2.721928
5726,2.446439
5727,2.446439
5728,2.646439
5729,2.721928
5730,2.721928
5731,2.646439
5732,2.646439
5733,2.846439
5734,3.121928
5735,3.121928
5736,2.921928
5737,2.721928
5738,2.721928
5739,2.721928
5740,2.921928
5741,2.921928
5742,2.921928
5743,2.646439
5744,2.646439
5745,2.646439
5746,2.646439
5747,2.646439
5748,2.446439
5749,2.121928
5750,2.046439
5751,1.846439
5752,1.970951
5753,1.970951
5754,2.246439
5755,2.246439
5756,2.246439
5757,2.246439
5758,2.446439
5759,2.721928
5760,2.521928
5761,2.521928
5762,2.446439
5763,2.521928
5764,2.721928
5765,2.646439
5766,2.446439
5767,2.446439
5768,2.521928
5769,2.521928
5770,2.521928
5771,2.721928
5772,2.721928
5773,2.721928
5774,2.921928
5775,2.721928
5776,2.721928
5777,2.721928
5778,2.721928
5779,2.521928
5780,2.721928
5781,2.721928
5782,2.646439
5783,2.846439
5784,2.646439
5785,2.646439
5786,2.646439
5787,2.646439
5788,2.446439
5789,2.521928
5790,2.246439
5791,2.170951
5792,1.895462
5793,2.170951
5794,2.170951
5795,2.246439
5796,2.246439
5797,2.246439
5798,2.170951
5799,2.170951
5800,2.446439
5801,2.246439
5802,2.246439
5803,2.521928
5804,2.446439
5805,2.521928
5806,2.721928
5807,2.921928
5808,2.846439
5809,2.646439
5810,2.721928
5811,2.646439
5812,2.646439
5813,2.446439
5814,2.446439
5815,2.721928
5816,2.446439
5817,2.646439
5818,2.721928
5819,2.646439
5820,2.846439
5821,3.121928
5822,2.921928
5823,2.721928
5824,2.721928
5825,2.521928
5826,2.721928
5827,2.521928
5828,2.521928
5829,2.446439
5830,2.646439
5831,2.646439
5832,2.721928
5833,2.446439
5834,2.446439
5835,2.721928
5836,2.521928
5837,2.446439
5838,2.370951
5839,2.170951
5840,2.170951
5841,2.046439
5842,1.685475
5843,2.046439
5844,2.370951
5845,2.646439
5846,2.846439
5847,2.921928
5848,2.646439
5849,2.646439
5850,2.646439
5851,2.721928
5852,2.721928
5853,2.921928
5854,2.721928
5855,2.646439
5856,2.446439
5857,2.521928
5858,2.521928
5859,2.446439
5860,2.646439
5861,2.646439
5862,2.646439
5863,2.921928
5864,2.646439
5865,2.846439
5866,2.646439
5867,2.446439
5868,2.521928
5869,2.446439
5870,2.646439
5871,2.646439
5872,2.646439
5873,2.921928
5874,2.721928
5875,2.521928
5876,2.721928
5877,2.646439
5878,2.721928
5879,2.921928
5880,2.921928
5881,2.921928
5882,2.921928
5883,2.921928
5884,2.721928
5885,2.521928
5886,2.721928
5887,2.721928
5888,2.921928
5889,2.846439
5890,2.646439
5891,2.921928
5892,2.646439
5893,2.646439
5894,2.721928
5895,2.446439
5896,2.446439
5897,2.646439
5898,2.646439
5899,2.446439
5900,2.521928
5901,2.446439
5902,2.446439
5903,2.446439
5904,2.521928
5905,2.721928
5906,2.721928
5907,2.921928
5908,2.646439
5909,2.521928
5910,2.321928
5911,2.046439
5912,2.046439
5913,2.170951
5914,2.446439
5915,2.721928
5916,2.721928
5917,2.721928
5918,2.721928
5919,2.721928
5920,2.646439
5921,2.646439
5922,2.846439
5923,2.646439
5924,2.721928
5925,2.721928
5926,2.646439
5927,2.446439
5928,2.121928
5929,2.446439
5930,2.446439
5931,2.721928
5932,2.521928
5933,2.721928
5934,2.721928
5935,2.921928
5936,2.921928
5937,2.721928
5938,2.721928
5939,2.646439
5940,2.446439
5941,2.170951
5942,2.370951
5943,2.370951
5944,2.370951
5945,2.646439
5946,2.721928
5947,2.921928
5948,2.646439
5949,2.446439
5950,2.446439
5951,2.521928
5952,2.246439
5953,2.321928
5954,2.246439
5955,2.170951
5956,2.121928
5957,2.121928
5958,1.960964
5959,2.121928
5960,1.846439
5961,2.170951
5962,2.446439
5963,2.646439
5964,2.646439
5965,2.721928
5966,2.721928
5967,2.721928
5968,2.521928
5969,2.721928
5970,2.721928
5971,2.721928
5972,2.721928
5973,2.721928
5974,2.721928
5975,2.646439
5976,2.646439
5977,2.721928
5978,2.721928
5979,2.721928
5980,2.921928
5981,3.121928
5982,2.846439
5983,2.846439
5984,2.846439
5985,2.846439
5986,3.121928
5987,3.121928
5988,3.121928
5989,2.921928
5990,2.721928
5991,2.721928
5992,2.521928
5993,2.721928
5994,2.721928
5995,2.721928
5996,2.521928
5997,2.521928
5998,2.721928
5999,2.721928
6000,2.646439
6001,2.646439
6002,2.921928
6003,2.921928
6004,2.721928
6005,2.721928
6006,2.446439
6007,2.646439
6008,2.721928
6009,2.721928
6010,2.721928
6011,2.721928
6012,2.921928
6013,2.646439
6014,2.846439
6015,2.646439
6016,2.646439
6017,2.646439
6018,2.646439
6019,2.646439
6020,2.646439
6021,2.921928
6022,2.646439
6023,2.521928
6024,2.646439
6025,2.370951
6026,2.046439
6027,2.121928
6028,1.960964
6029,1.685475
6030,1.360964
6031,1.721928
6032,2.046439
6033,1.960964
6034,1.960964
6035,2.121928
6036,2.446439
6037,2.446439
6038,2.446439
6039,2.521928
6040,2.721928
6041,2.646439
6042,2.721928
6043,2.921928
6044,2.721928
6045,2.921928
6046,2.921928
6047,2.721928
6048,2.721928
6049,2.521928
6050,2.446439
6051,2.446439
6052,2.170951
6053,2.246439
6054,2.246439
6055,2.321928
6056,2.521928
6057,2.521928
6058,2.521928
6059,2.721928
6060,2.721928
6061,2.721928
6062,2.721928
6063,2.721928
6064,2.721928
6065,2.521928
6066,2.521928
6067,2.246439
6068,2.246439
6069,2.246439
6070,2.246439
6071,2.446439
6072,2.170951
6073,2.446439
6074,2.721928
6075,2.721928
6076,2.521928
6077,2.521928
6078,2.446439
6079,2.721928
6080,2.646439
6081,2.521928
6082,2.321928
6083,2.321928
6084,2.646439
6085,2.446439
6086,2.646439
6087,2.721928
6088,2.721928
6089,2.521928
6090,2.446439
6091,2.246439
6092,2.246439
6093,2.246439
6094,2.521928
6095,2.446439
6096,2.446439
6097,2.446439
6098,2.721928
6099,2.721928
6100,2.721928
6101,2.921928
6102,2.646439
6103,2.721928
6104,2.921928
6105,2.921928
6106,2.921928
6107,3.121928
6108,2.921928
6109,2.721928
6110,2.721928
6111,2.721928
6112,2.721928
6113,2.721928
6114,2.446439
6115,2.170951
6116,2.170951
6117,2.446439
6118,2.446439
6119,2.646439
6120,2.846439
6121,2.646439
6122,2.446439
6123,2.521928
6124,2.521928
6125,2.246439
6126,2.446439
6127,2.646439
6128,2.370951
6129,2.321928
6130,2.646439
6131,2.921928
6132,2.646439
6133,2.846439
6134,2.521928
6135,2.521928
6136,2.521928
6137,2.521928
6138,2.521928
6139,2.846439
6140,2.646439
6141,2.846439
6142,2.921928
6143,2.921928
6144,2.846439
6145,2.646439
6146,2.721928
6147,2.721928
6148,2.521928
6149,2.446439
6150,2.521928
6151,2.521928
6152,2.721928
6153,2.721928
6154,2.446439
6155,2.246439
6156,2.446439
6157,2.321928
6158,2.321928
6159,2.321928
6160,2.321928
6161,2.321928
6162,2.446439
6163,2.721928
6164,2.721928
6165,2.446439
6166,2.446439
6167,2.446439
6168,2.446439
6169,2.446439
6170,2.721928
6171,2.646439
6172,2.846439
6173,3.121928
6174,2.921928
6175,2.921928
6176,3.121928
6177,2.921928
6178,2.921928
6179,2.721928
6180,2.646439
6181,2.646439
6182,2.646439
6183,2.646439
6184,2.446439
6185,2.121928
6186,2.121928
6187,2.121928
6188,2.121928
6189,2.170951
6190,2.170951
6191,2.446439
6192,2.646439
6193,2.646439
6194,2.721928
6195,2.446439
6196,2.246439
6197,2.121928
6198,1.960964
6199,1.770951
6200,1.770951
6201,1.570951
6202,1.570951
6203,1.570951
6204,1.685475
6205,2.046439
6206,1.685475
6207,1.685475
6208,1.685475
6209,2.046439
6210,2.046439
6211,2.121928
6212,2.446439
6213,2.246439
6214,2.446439
6215,2.646439
6216,2.721928
6217,2.921928
6218,2.646439
6219,2.721928
6220,2.521928
6221,2.721928
6222,2.446439
6223,2.446439
6224,2.446439
6225,2.646439
6226,2.721928
6227,2.721928
6228,2.446439
6229,2.446439
6230,2.446439
6231,2.446439
6232,2.321928
6233,2.121928
6234,2.121928
6235,2.446439
6236,2.446439
6237,2.446439
6238,2.446439
6239,2.646439
6240,2.370951
6241,2.321928
6242,2.121928
6243,2.321928
6244,2.321928
6245,2.446439
6246,2.446439
6247,2.170951
6248,2.121928
6249,1.846439
6250,2.046439
6251,1.846439
6252,2.170951
6253,2.170951
6254,2.246439
6255,2.121928
6256,2.446439
6257,2.446439
6258,2.646439
6259,2.370951
6260,2.446439
6261,2.721928
6262,2.446439
6263,2.446439
6264,2.370951
6265,2.321928
6266,2.121928
6267,2.446439
6268,2.246439
6269,2.446439
6270,2.446439
6271,2.446439
6272,2.721928
6273,2.646439
6274,2.646439
6275,2.646439
6276,2.321928
6277,2.446439
6278,2.446439
6279,2.370951
6280,2.446439
6281,2.446439
6282,2.446439
6283,2.646439
6284,2.646439
6285,2.646439
6286,2.321928
6287,2.321928
6288,2.370951
6289,2.046439
6290,2.370951
6291,2.646439
6292,2.721928
6293,2.446439
6294,2.370951
6295,2.646439
6296,2.721928
6297,2.521928
6298,2.721928
6299,2.721928
6300,2.721928
6301,2.721928
6302,2.721928
6303,2.721928
6304,2.921928
6305,2.721928
6306,2.446439
6307,2.246439
6308,2.121928
6309,1.846439
6310,2.170951
6311,2.170951
6312,1.846439
6313,2.170951
6314,2.446439
6315,2.646439
6316,2.721928
6317,2.721928
6318,2.721928
6319,2.521928
6320,2.721928
6321,2.721928
6322,2.446439
6323,2.446439
6324,2.646439
6325,2.646439
6326,2.646439
6327,2.721928
6328,2.446439
6329,2.646439
6330,2.721928
6331,2.721928
6332,2.521928
6333,2.446439
6334,2.170951
6335,2.170951
6336,2.446439
6337,2.370951
6338,2.046439
6339,1.846439
6340,1.760964
6341,2.121928
6342,2.446439
6343,2.646439
6344,2.321928
6345,2.646439
6346,2.846439
6347,2.846439
6348,2.921928
6349,2.846439
6350,2.846439
6351,2.846439
6352,2.646439
6353,2.846439
6354,2.921928
6355,2.721928
6356,2.721928
6357,2.921928
6358,2.646439
6359,2.646439
6360,2.646439
6361,2.646439
6362,2.370951
6363,2.646439
6364,2.446439
6365,2.446439
6366,2.446439
6367,2.446439
6368,2.246439
6369,2.246439
6370,2.521928
6371,2.521928
6372,2.721928
6373,2.646439
6374,2.446439
6375,2.521928
6376,2.521928
6377,2.521928
6378,2.521928
6379,2.521928
6380,2.521928
6381,2.446439
6382,2.446439
6383,2.370951
6384,2.046439
6385,2.046439
6386,2.046439
6387,2.370951
6388,2.446439
6389,2.446439
6390,2.446439
6391,2.721928
6392,2.721928
6393,2.521928
6394,2.721928
6395,2.721928
6396,2.721928
6397,2.521928
6398,2.446439
6399,2.446439
6400,2.446439
6401,2.121928
6402,2.321928
6403,2.446439
6404,2.170951
6405,2.246439
6406,2.521928
6407,2.521928
6408,2.521928
6409,2.446439
6410,2.521928
6411,2.521928
6412,2.721928
6413,2.921928
6414,2.721928
6415,2.446439
6416,2.646439
6417,2.721928
6418,2.721928
6419,2.721928
6420,2.721928
6421,2.721928
6422,2.721928
6423,2.721928
6424,2.521928
6425,2.446439
6426,2.646439
6427,2.921928
6428,2.921928
6429,2.846439
6430,2.846439
6431,2.646439
6432,2.321928
6433,2.321928
6434,2.321928
6435,2.321928
6436,2.321928
6437,2.446439
6438,2.521928
6439,2.521928
6440,2.521928
6441,2.521928
6442,2.521928
6443,2.721928
6444,2.446439
6445,2.446439
6446,2.446439
6447,2.370951
6448,2.046439
6449,2.170951
6450,2.446439
6451,2.446439
6452,2.721928
6453,2.646439
6454,2.646439
6455,2.521928
6456,2.521928
6457,2.646439
6458,2.721928
6459,2.721928
6460,2.446439
6461,2.446439
6462,2.646439
6463,2.721928
6464,2.721928
6465,2.646439
6466,2.721928
6467,2.921928
6468,2.921928
6469,2.721928
6470,2.446439
6471,2.446439
6472,2.446439
6473,2.521928
6474,2.721928
6475,2.721928
6476,2.721928
6477,2.721928
6478,2.921928
6479,2.921928
6480,2.921928
6481,2.921928
6482,2.721928
6483,2.721928
6484,2.921928
6485,2.721928
6486,2.721928
6487,2.646439
6488,2.370951
6489,2.370951
6490,2.646439
6491,2.721928
6492,2.721928
6493,2.721928
6494,2.446439
6495,2.721928
6496,2.721928
6497,2.721928
6498,2.446439
6499,2.446439
6500,2.721928
6501,2.646439
6502,2.721928
6503,2.721928
6504,2.921928
6505,2.721928
6506,2.646439
6507,2.721928
6508,2.721928
6509,2.646439
6510,2.446439
6511,2.446439
6512,2.446439
6513,2.446439
6514,2.721928
6515,2.446439
6516,2.446439
6517,2.446439
6518,2.446439
6519,2.446439
6520,2.170951
6521,2.246439
6522,2.521928
6523,2.246439
6524,2.246439
6525,2.446439
6526,2.721928
6527,2.921928
6528,2.646439
6529,2.646439
6530,2.721928
6531,2.721928
6532,2.521928
6533,2.446439
6534,2.370951
6535,2.370951
6536,2.046439
6537,2.321928
6538,2.046439
6539,2.370951
6540,2.321928
6541,2.321928
6542,1.960964
6543,2.321928
6544,2.521928
6545,2.846439
6546,2.921928
6547,2.721928
6548,2.721928
6549,2.721928
6550,2.721928
6551,2.721928
6552,2.721928
6553,2.521928
6554,2.521928
6555,2.246439
6556,2.446439
6557,2.446439
6558,2.721928
6559,2.721928
6560,2.721928
6561,2.721928
6562,2.921928
6563,2.721928
6564,2.721928
6565,2.721928
6566,2.721928
6567,2.721928
6568,2.721928
6569,2.721928
6570,2.721928
6571,2.521928
6572,2.521928
6573,2.446439
6574,2.446439
6575,2.521928
6576,2.446439
6577,2.446439
6578,2.446439
6579,2.721928
6580,2.721928
6581,2.921928
6582,2.921928
6583,3.121928
6584,2.921928
6585,2.921928
6586,2.721928
6587,2.721928
6588,2.721928
6589,2.646439
6590,2.646439
6591,2.446439
6592,2.646439
6593,2.446439
6594,2.170951
6595,2.046439
6596,2.046439
6597,2.370951
6598,2.646439
6599,2.646439
6600,2.370951
6601,2.046439
6602,2.046439
6603,2.170951
6604,2.246439
6605,2.246439
6606,2.446439
6607,2.646439
6608,2.646439
6609,2.646439
6610,2.646439
6611,2.646439
6612,2.721928
6613,2.646439
6614,2.646439
6615,2.721928
6616,2.721928
6617,2.721928
6618,2.921928
6619,2.921928
6620,2.721928
6621,2.721928
6622,2.721928
6623,2.921928
6624,2.721928
6625,2.921928
6626,2.721928
6627,2.721928
6628,2.721928
6629,2.921928
6630,2.921928
6631,2.646439
6632,2.646439
6633,2.646439
6634,2.721928
6635,2.721928
6636,2.721928
6637,2.646439
6638,2.721928
6639,2.721928
6640,2.721928
6641,2.521928
6642,2.521928
6643,2.521928
6644,2.521928
6645,2.446439
6646,2.246439
6647,2.446439
6648,2.446439
6649,2.170951
6650,2.246439
6651,2.446439
6652,2.721928
6653,2.721928
6654,2.721928
6655,2.521928
6656,2.721928
6657,2.521928
6658,2.521928
6659,2.446439
6660,2.646439
6661,2.646439
6662,2.446439
6663,2.446439
6664,2.446439
6665,2.170951
6666,2.446439
6667,2.446439
6668,2.646439
6669,2.646439
6670,2.521928
6671,2.321928
6672,2.121928
6673,2.121928
6674,2.446439
6675,2.721928
6676,2.646439
6677,2.921928
6678,2.921928
6679,2.721928
6680,2.721928
6681,2.721928
6682,2.521928
6683,2.521928
6684,2.446439
6685,2.521928
6686,2.521928
6687,2.721928
6688,2.646439
6689,2.921928
6690,2.721928
6691,2.721928
6692,2.521928
6693,2.521928
6694,2.446439
6695,2.446439
6696,2.446439
6697,2.121928
6698,1.921928
6699,2.246439
6700,2.521928
6701,2.446439
6702,2.121928
6703,2.446439
6704,2.721928
6705,2.646439
6706,2.646439
6707,2.321928
6708,2.521928
6709,2.321928
6710,2.321928
6711,2.646439
6712,2.646439
6713,2.921928
6714,2.721928
6715,2.646439
6716,2.646439
6717,2.646439
6718,2.646439
6719,2.721928
6720,2.721928
6721,2.721928
6722,2.921928
6723,2.721928
6724,2.646439
6725,2.446439
6726,2.321928
6727,2.646439
6728,2.646439
6729,2.921928
6730,2.721928
6731,2.721928
6732,2.921928
6733,2.921928
6734,2.921928
6735,2.921928
6736,2.646439
6737,2.446439
6738,2.246439
6739,2.246439
6740,2.521928
6741,2.446439
6742,2.646439
6743,2.646439
6744,2.446439
6745,2.521928
6746,2.721928
6747,2.446439
6748,2.170951
6749,2.446439
6750,2.446439
6751,2.646439
6752,2.721928
6753,2.721928
6754,2.521928
6755,2.521928
6756,2.521928
6757,2.521928
6758,2.521928
6759,2.446439
6760,2.446439
6761,2.321928
6762,2.321928
6763,1.960964
6764,2.046439
6765,2.046439
6766,2.321928
6767,2.321928
6768,1.960964
6769,2.121928
6770,2.321928
6771,2.646439
6772,2.646439
6773,2.646439
6774,2.921928
6775,2.921928
6776,2.921928
6777,2.921928
6778,2.721928
6779,2.646439
6780,2.846439
6781,2.846439
6782,2.921928
6783,3.121928
6784,2.921928
6785,2.921928
6786,2.721928
6787,2.646439
6788,2.721928
6789,2.721928
6790,2.721928
6791,2.721928
6792,2.721928
6793,2.921928
6794,2.921928
6795,2.921928
6796,2.921928
6797,2.721928
6798,2.921928
6799,2.921928
6800,2.921928
6801,2.721928
6802,2.721928
6803,2.446439
6804,2.170951
6805,2.446439
6806,2.446439
6807,2.446439
6808,2.446439
6809,2.446439
6810,2.446439
6811,2.646439
6812,2.721928
6813,2.721928
6814,2.721928
6815,2.721928
6816,2.721928
6817,2.646439
6818,2.721928
6819,2.721928
6820,2.721928
6821,2.721928
6822,2.921928
6823,2.721928
6824,2.921928
6825,2.921928
6826,2.921928
6827,2.921928
6828,2.721928
6829,2.721928
6830,2.721928
6831,2.521928
6832,2.521928
6833,2.446439
6834,2.646439
6835,2.446439
6836,2.370951
6837,2.370951
6838,2.446439
6839,2.721928
6840,2.721928
6841,2.721928
6842,2.721928
6843,2.721928
6844,2.721928
6845,2.721928
6846,2.521928
6847,2.521928
6848,2.446439
6849,2.646439
6850,2.646439
6851,2.321928
6852,2.160964
6853,1.960964
6854,2.321928
6855,2.446439
6856,2.446439
6857,2.170951
6858,2.246439
6859,2.246439
6860,2.521928
6861,2.446439
6862,2.121928
6863,2.046439
6864,2.170951
6865,1.846439
6866,2.121928
6867,2.121928
6868,2.246439
6869,2.446439
6870,2.646439
6871,2.721928
6872,2.721928
6873,2.721928
6874,2.721928
6875,2.721928
6876,2.921928
6877,2.921928
6878,2.921928
6879,2.921928
6880,2.646439
6881,2.646439
6882,2.646439
6883,2.646439
6884,2.846439
6885,2.646439
6886,2.921928
6887,2.921928
6888,2.721928
6889,2.721928
6890,2.721928
6891,2.521928
6892,2.521928
6893,2.721928
6894,2.446439
6895,2.721928
6896,2.446439
6897,2.646439
6898,2.446439
6899,2.170951
6900,2.246439
6901,2.170951
6902,2.446439
6903,2.446439
6904,2.646439
6905,2.321928
6906,2.321928
6907,2.446439
6908,2.521928
6909,2.446439
6910,2.446439
6911,2.721928
6912,2.446439
6913,2.521928
6914,2.446439
6915,2.121928
6916,2.321928
6917,2.446439
6918,2.246439
6919,2.521928
6920,2.446439
6921,2.446439
6922,2.246439
6923,2.446439
6924,2.446439
6925,2.646439
6926,2.721928
6927,2.446439
6928,2.646439
6929,2.721928
6930,2.521928
6931,2.521928
6932,2.446439
6933,2.370951
6934,2.370951
6935,2.646439
6936,2.721928
6937,2.921928
6938,2.721928
6939,2.721928
6940,2.721928
6941,2.521928
6942,2.521928
6943,2.721928
6944,2.721928
6945,2.721928
6946,2.721928
6947,2.921928
6948,2.646439
6949,2.721928
6950,2.721928
6951,2.721928
6952,2.721928
6953,2.721928
6954,2.721928
6955,2.721928
6956,2.721928
6957,2.721928
6958,2.721928
6959,2.721928
6960,2.721928
6961,2.921928
6962,2.921928
6963,2.921928
6964,2.646439
6965,2.846439
6966,2.646439
6967,2.370951
6968,2.446439
6969,2.446439
6970,2.646439
6971,2.446439
6972,2.646439
6973,2.921928
6974,2.921928
6975,2.921928
6976,2.921928
6977,2.921928
6978,2.721928
6979,2.721928
6980,2.521928
6981,2.246439
6982,2.170951
6983,2.370951
6984,2.321928
6985,2.321928
6986,2.646439
6987,2.921928
6988,2.721928
6989,2.521928
6990,2.721928
6991,2.721928
6992,2.521928
6993,2.721928
6994,2.646439
6995,2.446439
6996,2.521928
6997,2.721928
6998,2.646439
6999,2.721928
7000,2.721928
7001,2.521928
7002,2.446439
7003,2.446439
7004,2.446439
7005,2.646439
7006,2.921928
7007,2.921928
7008,2.921928
7009,2.921928
7010,2.721928
7011,2.646439
7012,2.446439
7013,2.246439
7014,2.246439
7015,2.446439
7016,2.446439
7017,2.721928
7018,2.721928
7019,2.521928
7020,2.721928
7021,2.721928
7022,2.521928
7023,2.521928
7024,2.446439
7025,2.646439
7026,2.646439
7027,2.446439
7028,2.446439
7029,2.446439
7030,2.446439
7031,2.646439
7032,2.921928
7033,2.921928
7034,2.921928
7035,2.921928
7036,2.921928
7037,2.721928
7038,2.446439
7039,2.446439
7040,2.446439
7041,2.446439
7042,2.646439
7043,2.921928
7044,2.921928
7045,2.921928
7046,2.646439
7047,2.846439
7048,2.921928
7049,2.721928
7050,2.721928
7051,2.521928
7052,2.246439
7053,2.246439
7054,1.970951
7055,1.970951
7056,2.246439
7057,2.321928
7058,2.521928
7059,2.446439
7060,2.446439
7061,2.446439
7062,2.446439
7063,2.321928
7064,2.446439
7065,2.446439
7066,2.646439
7067,2.370951
7068,2.370951
7069,2.370951
7070,2.370951
7071,2.370951
7072,2.170951
7073,2.446439
7074,2.521928
7075,2.446439
7076,2.121928
7077,2.046439
7078,2.170951
7079,1.846439
7080,1.846439
7081,1.846439
7082,1.895462
7083,1.970951
7084,2.170951
7085,2.121928
7086,2.121928
7087,2.046439
7088,2.170951
7089,1.846439
7090,2.170951
7091,2.446439
7092,2.370951
7093,2.321928
7094,2.121928
7095,2.121928
7096,2.246439
7097,2.170951
7098,2.170951
7099,1.846439
7100,2.170951
7101,2.170951
7102,2.046439
7103,2.046439
7104,2.046439
7105,2.321928
7106,2.521928
7107,2.846439
7108,2.846439
7109,2.921928
7110,2.721928
7111,2.521928
7112,2.721928
7113,2.646439
7114,2.321928
7115,2.321928
7116,2.646439
7117,2.446439
7118,2.646439
7119,2.446439
7120,2.721928
7121,2.721928
7122,2.721928
7123,2.921928
7124,2.921928
7125,2.921928
7126,2.721928
7127,2.721928
7128,2.721928
7129,2.921928
7130,2.921928
7131,2.721928
7132,2.721928
7133,2.721928
7134,2.721928
7135,2.521928
7136,2.446439
7137,2.646439
7138,2.446439
7139,2.446439
7140,2.646439
7141,2.721928
7142,2.721928
7143,2.721928
7144,2.521928
7145,2.521928
7146,2.521928
7147,2.446439
7148,2.446439
7149,2.646439
7150,2.921928
7151,2.721928
7152,2.921928
7153,2.921928
7154,2.846439
7155,2.646439
7156,2.321928
7157,2.121928
7158,2.121928
7159,2.321928
7160,1.960964
7161,1.960964
7162,2.321928
7163,2.446439
7164,2.721928
7165,2.721928
7166,2.921928
7167,2.921928
7168,2.921928
7169,2.921928
7170,2.921928
7171,2.646439
7172,2.921928
7173,2.921928
7174,2.721928
7175,2.721928
7176,2.721928
7177,2.721928
7178,2.721928
7179,2.721928
7180,2.446439
7181,2.521928
7182,2.521928
7183,2.721928
7184,2.446439
7185,2.321928
7186,2.321928
7187,2.521928
7188,2.321928
7189,2.046439
7190,2.370951
7191,2.170951
7192,1.895462
7193,2.170951
7194,2.246439
7195,2.170951
7196,2.170951
7197,2.446439
7198,2.321928
7199,2.321928
7200,2.046439
7201,2.321928
7202,2.160964
7203,2.521928
7204,2.646439
7205,2.646439
7206,2.646439
7207,2.446439
7208,2.446439
7209,2.521928
7210,2.446439
7211,2.246439
7212,2.246439
7213,1.921928
7214,2.121928
7215,2.321928
7216,2.160964
7217,2.160964
7218,1.960964
7219,1.960964
7220,1.960964
7221,2.321928
7222,2.321928
7223,2.446439
7224,2.170951
7225,2.370951
7226,2.446439
7227,2.370951
7228,2.170951
7229,1.970951
7230,2.170951
7231,2.446439
7232,2.646439
7233,2.846439
7234,2.646439
7235,2.921928
7236,2.921928
7237,2.721928
7238,2.721928
7239,2.521928
7240,2.446439
7241,2.446439
7242,2.321928
7243,2.446439
7244,2.521928
7245,2.446439
7246,2.170951
7247,1.846439
7248,1.846439
7249,2.121928
7250,2.321928
7251,2.321928
7252,2.321928
7253,2.321928
7254,2.046439
7255,2.170951
7256,2.446439
7257,2.721928
7258,2.921928
7259,2.646439
7260,2.446439
7261,2.721928
7262,2.721928
7263,2.721928
7264,2.721928
7265,2.921928
7266,2.921928
7267,2.921928
7268,2.721928
7269,2.721928
7270,2.921928
7271,2.921928
7272,2.646439
7273,2.370951
7274,2.370951
7275,2.446439
7276,2.446439
7277,2.446439
7278,2.446439
7279,2.521928
7280,2.246439
7281,2.446439
7282,2.446439
7283,2.246439
7284,2.121928
7285,2.121928
7286,2.121928
7287,2.446439
7288,2.721928
7289,2.721928
7290,2.721928
7291,2.921928
7292,2.721928
7293,2.521928
7294,2.721928
7295,2.921928
7296,2.646439
7297,2.721928
7298,2.921928
7299,2.721928
7300,2.646439
7301,2.446439
7302,2.521928
7303,2.721928
7304,2.921928
7305,2.921928
7306,2.921928
7307,2.921928
7308,2.721928
7309,2.646439
7310,2.646439
7311,2.721928
7312,2.646439
7313,2.446439
7314,2.646439
7315,2.321928
7316,2.446439
7317,2.446439
7318,2.246439
7319,2.246439
7320,2.121928
7321,2.121928
7322,2.446439
7323,2.446439
7324,2.446439
7325,2.521928
7326,2.721928
7327,2.721928
7328,2.646439
7329,2.646439
7330,2.446439
7331,2.446439
7332,2.446439
7333,2.370951
7334,2.046439
7335,2.046439
7336,2.121928
7337,2.446439
7338,2.446439
7339,2.646439
7340,2.370951
7341,2.046439
7342,2.170951
7343,2.370951
7344,2.370951
7345,2.446439
7346,2.446439
7347,2.370951
7348,2.646439
7349,2.321928
7350,2.321928
7351,2.160964
7352,2.160964
7353,2.160964
7354,1.960964
7355,1.960964
7356,2.121928
7357,2.446439
7358,2.121928
7359,2.446439
7360,2.446439
7361,2.721928
7362,2.921928
7363,2.846439
7364,2.921928
7365,2.921928
7366,2.721928
7367,2.446439
7368,2.446439
7369,2.446439
7370,2.721928
7371,2.921928
7372,2.921928
7373,2.846439
7374,2.846439
7375,3.121928
7376,2.921928
7377,2.721928
7378,2.446439
7379,2.370951
7380,2.370951
7381,2.446439
7382,2.521928
7383,2.721928
7384,2.721928
7385,2.721928
7386,2.721928
7387,2.921928
7388,2.646439
7389,2.646439
7390,2.646439
7391,2.646439
7392,2.446439
7393,2.721928
7394,2.721928
7395,2.721928
7396,2.646439
7397,2.721928
7398,2.721928
7399,2.721928
7400,2.721928
7401,2.721928
7402,2.721928
7403,2.646439
7404,2.321928
7405,2.370951
7406,2.370951
7407,2.370951
7408,2.170951
7409,2.170951
7410,2.170951
7411,2.170951
7412,2.170951
7413,2.446439
7414,2.446439
7415,2.170951
7416,2.046439
7417,2.121928
7418,2.121928
7419,2.121928
7420,2.446439
7421,2.446439
7422,2.721928
7423,2.721928
7424,2.521928
7425,2.446439
7426,2.121928
7427,2.121928
7428,2.446439
7429,2.446439
7430,2.446439
7431,2.446439
7432,2.246439
7433,2.446439
7434,2.721928
7435,2.721928
7436,2.721928
7437,2.921928
7438,2.921928
7439,2.646439
7440,2.646439
7441,2.646439
7442,2.446439
7443,2.446439
7444,2.446439
7445,2.646439
7446,2.446439
7447,2.170951
7448,2.170951
7449,2.170951
7450,2.446439
7451,2.721928
7452,2.721928
7453,2.721928
7454,2.721928
7455,2.921928
7456,2.721928
7457,2.646439
7458,2.446439
7459,2.446439
7460,2.446439
7461,2.721928
7462,2.721928
7463,2.921928
7464,2.721928
7465,2.721928
7466,2.721928
7467,2.721928
7468,2.721928
7469,2.646439
7470,2.646439
7471,2.646439
7472,2.446439
7473,2.446439
7474,2.721928
7475,2.721928
7476,2.921928
7477,2.921928
7478,2.921928
7479,2.921928
7480,2.921928
7481,2.921928
7482,2.921928
7483,2.721928
7484,2.521928
7485,2.521928
7486,2.446439
7487,2.646439
7488,2.646439
7489,2.646439
7490,2.846439
7491,2.846439
7492,2.646439
7493,2.446439
7494,2.446439
7495,2.446439
7496,2.646439
7497,2.370951
7498,2.170951
7499,2.170951
7500,2.446439
7501,2.446439
7502,2.646439
7503,2.646439
7504,2.446439
7505,2.446439
7506,2.446439
7507,2.446439
7508,2.446439
7509,2.170951
7510,1.846439
7511,2.170951
7512,2.170951
7513,2.046439
7514,2.170951
7515,2.246439
7516,2.170951
7517,2.446439
7518,2.446439
7519,2.646439
7520,2.446439
7521,2.446439
7522,2.721928
7523,2.721928
7524,2.721928
7525,2.721928
7526,2.721928
7527,2.721928
7528,2.921928
7529,2.646439
7530,2.646439
7531,2.370951
7532,2.446439
7533,2.446439
7534,2.321928
7535,2.321928
7536,2.321928
7537,2.321928
7538,2.446439
7539,2.446439
7540,2.721928
7541,2.921928
7542,2.921928
7543,2.721928
7544,2.921928
7545,2.921928
7546,2.721928
7547,2.721928
7548,2.646439
7549,2.646439
7550,2.646439
7551,2.846439
7552,3.121928
7553,2.921928
7554,2.921928
7555,2.721928
7556,2.646439
7557,2.370951
7558,2.046439
7559,2.321928
7560,2.121928
7561,2.170951
7562,2.170951
7563,2.170951
7564,2.170951
7565,2.121928
7566,2.446439
7567,2.646439
7568,2.921928
7569,2.921928
7570,2.921928
7571,2.646439
7572,2.646439
7573,2.646439
7574,2.646439
7575,2.646439
7576,2.646439
7577,2.721928
7578,2.446439
7579,2.721928
7580,2.721928
7581,2.646439
7582,2.846439
7583,2.646439
7584,2.446439
7585,2.446439
7586,2.446439
7587,2.521928
7588,2.721928
7589,2.646439
7590,2.321928
7591,2.321928
7592,2.321928
7593,2.321928
7594,2.321928
7595,2.646439
7596,2.446439
7597,2.721928
7598,2.446439
7599,2.646439
7600,2.646439
7601,2.446439
7602,2.446439
7603,2.446439
7604,2.321928
7605,2.321928
7606,2.160964
7607,2.160964
7608,2.160964
7609,2.160964
7610,2.521928
7611,2.846439
7612,2.646439
7613,2.721928
7614,2.721928
7615,2.721928
7616,2.721928
7617,2.721928
7618,2.721928
7619,2.521928
7620,2.721928
7621,2.721928
7622,2.721928
7623,2.446439
7624,2.446439
7625,2.646439
7626,2.646439
7627,2.921928
7628,2.921928
7629,2.721928
7630,2.446439
7631,2.646439
7632,2.921928
7633,2.921928
7634,2.721928
7635,2.721928
7636,2.446439
7637,2.721928
7638,2.721928
7639,2.721928
7640,2.721928
7641,2.521928
7642,2.521928
7643,2.721928
7644,2.721928
7645,2.921928
7646,2.921928
7647,2.921928
7648,2.646439
7649,2.921928
7650,2.921928
7651,2.721928
7652,2.521928
7653,2.721928
7654,2.721928
7655,2.921928
7656,2.921928
7657,2.921928
7658,2.721928
7659,2.646439
7660,2.646439
7661,2.370951
7662,2.321928
7663,1.960964
7664,2.321928
7665,2.121928
7666,2.121928
7667,2.446439
7668,2.446439
7669,2.446439
7670,2.246439
7671,2.121928
7672,2.046439
7673,1.685475
7674,1.960964
7675,1.960964
7676,2.160964
7677,2.321928
7678,2.646439
7679,2.721928
7680,2.446439
7681,2.521928
7682,2.721928
7683,2.646439
7684,2.446439
7685,2.646439
7686,2.321928
7687,2.321928
7688,2.446439
7689,2.446439
7690,2.446439
7691,2.721928
7692,2.721928
7693,2.646439
7694,2.646439
7695,2.846439
7696,2.646439
7697,2.646439
7698,2.646439
7699,2.370951
7700,2.370951
7701,2.321928
7702,2.646439
7703,2.721928
7704,2.721928
7705,2.721928
7706,2.721928
7707,2.721928
7708,2.646439
7709,2.446439
7710,2.321928
7711,2.321928
7712,2.321928
7713,1.960964
7714,1.960964
7715,2.321928
7716,2.321928
7717,2.321928
7718,2.646439
7719,2.646439
7720,2.721928
7721,2.921928
7722,2.921928
7723,2.721928
7724,2.646439
7725,2.646439
7726,2.446439
7727,2.170951
7728,2.446439
7729,2.721928
7730,2.721928
7731,2.721928
7732,2.646439
7733,2.646439
7734,2.646439
7735,2.446439
7736,2.721928
7737,2.721928
7738,2.721928
7739,2.721928
7740,2.446439
7741,2.370951
7742,2.046439
7743,2.370951
7744,2.370951
7745,2.321928
7746,2.046439
7747,2.370951
7748,2.046439
7749,2.370951
7750,2.446439
7751,2.521928
7752,2.721928
7753,2.721928
7754,2.921928
7755,2.921928
7756,2.921928
7757,2.646439
7758,2.446439
7759,2.646439
7760,2.646439
7761,2.646439
7762,2.921928
7763,2.921928
7764,2.721928
7765,2.921928
7766,2.921928
7767,2.646439
7768,2.646439
7769,2.446439
7770,2.446439
7771,2.646439
7772,2.921928
7773,2.921928
7774,2.921928
7775,2.846439
7776,2.846439
7777,2.646439
7778,2.646439
7779,2.846439
7780,2.646439
7781,2.321928
7782,2.321928
7783,2.160964
7784,2.160964
7785,2.521928
7786,2.646439
7787,2.846439
7788,2.846439
7789,2.646439
7790,2.646439
7791,2.921928
7792,2.721928
7793,2.721928
7794,2.521928
7795,2.721928
7796,2.721928
7797,2.921928
7798,2.721928
7799,2.921928
7800,2.921928
7801,2.721928
7802,2.721928
7803,2.446439
7804,2.521928
7805,2.721928
7806,2.721928
7807,2.721928
7808,2.521928
7809,2.721928
7810,2.646439
7811,2.321928
7812,2.446439
7813,2.321928
7814,2.321928
7815,2.121928
7816,2.321928
7817,2.646439
7818,2.646439
7819,2.321928
7820,2.646439
7821,2.721928
7822,2.521928
7823,2.521928
7824,2.521928
7825,2.721928
7826,2.721928
7827,2.446439
7828,2.370951
7829,2.646439
7830,2.721928
7831,2.646439
7832,2.321928
7833,2.521928
7834,2.521928
7835,2.646439
7836,2.646439
7837,2.646439
7838,2.446439
7839,2.446439
7840,2.521928
7841,2.446439
7842,2.246439
7843,2.446439
7844,2.446439
7845,2.246439
7846,2.521928
7847,2.521928
7848,2.721928
7849,2.721928
7850,2.921928
7851,2.921928
7852,2.721928
7853,2.721928
7854,2.446439
7855,2.170951
7856,2.170951
7857,2.446439
7858,2.646439
7859,2.646439
7860,2.721928
7861,2.721928
7862,2.721928
7863,2.646439
7864,2.646439
7865,2.370951
7866,2.646439
7867,2.321928
7868,2.646439
7869,2.321928
7870,2.321928
7871,1.960964
7872,2.321928
7873,2.321928
7874,2.046439
7875,2.170951
7876,2.246439
7877,2.521928
7878,2.446439
7879,2.646439
7880,2.721928
7881,2.521928
7882,2.521928
7883,2.446439
7884,2.721928
7885,2.521928
7886,2.446439
7887,2.170951
7888,2.246439
7889,2.246439
7890,2.446439
7891,2.446439
7892,2.646439
7893,2.646439
7894,2.921928
7895,2.921928
7896,2.921928
7897,2.921928
7898,2.846439
7899,2.921928
7900,2.921928
7901,2.921928
7902,2.921928
7903,2.721928
7904,2.721928
7905,2.646439
7906,2.646439
7907,2.646439
7908,2.646439
7909,2.446439
7910,2.170951
7911,2.121928
7912,2.321928
7913,2.321928
7914,2.321928
7915,2.046439
7916,2.121928
7917,2.321928
7918,2.370951
7919,2.646439
7920,2.646439
7921,2.321928
7922,2.321928
7923,2.446439
7924,2.246439
7925,2.521928
7926,2.521928
7927,2.521928
7928,2.446439
7929,2.721928
7930,2.646439
7931,2.321928
7932,2.446439
7933,2.646439
7934,2.370951
7935,2.646439
7936,2.646439
7937,2.646439
7938,2.721928
7939,2.446439
7940,2.370951
7941,2.370951
7942,2.646439
7943,2.446439
7944,2.446439
7945,2.446439
7946,2.521928
7947,2.446439
7948,2.721928
7949,2.446439
7950,2.721928
7951,2.721928
7952,2.446439
7953,2.646439
7954,2.646439
7955,2.721928
7956,2.921928
7957,2.921928
7958,2.921928
7959,2.921928
7960,2.721928
7961,2.446439
7962,2.246439
7963,2.446439
7964,2.721928
7965,2.721928
7966,2.921928
7967,2.921928
7968,2.721928
7969,2.921928
7970,2.921928
7971,2.921928
7972,2.721928
7973,2.721928
7974,2.921928
7975,2.721928
7976,2.646439
7977,2.721928
7978,2.921928
7979,2.921928
7980,2.646439
7981,2.446439
7982,2.446439
7983,2.721928
7984,2.521928
7985,2.721928
7986,2.721928
7987,2.721928
7988,2.921928
7989,2.721928
7990,2.446439
7991,2.121928
7992,2.321928
7993,2.321928
7994,2.321928
7995,2.646439
7996,2.646439
7997,2.921928
7998,3.121928
7999,3.121928
8000,3.121928
8001,3.121928
8002,3.121928
8003,2.921928
8004,2.921928
8005,2.846439
8006,2.646439
8007,2.446439
8008,2.721928
8009,2.646439
8010,2.646439
8011,2.646439
8012,2.446439
8013,2.446439
8014,2.446439
8015,2.246439
8016,2.170951
8017,2.246439
8018,2.446439
8019,2.446439
8020,2.446439
8021,2.170951
8022,2.446439
8023,2.121928
8024,2.046439
8025,2.321928
8026,2.121928
8027,2.321928
8028,2.370951
8029,2.321928
8030,2.646439
8031,2.646439
8032,2.321928
8033,2.121928
8034,2.170951
8035,1.895462
8036,2.170951
8037,2.170951
8038,2.170951
8039,2.370951
8040,2.446439
8041,2.446439
8042,2.646439
8043,2.921928
8044,2.921928
8045,2.921928
8046,2.921928
8047,2.721928
8048,2.446439
8049,2.370951
8050,2.170951
8051,2.370951
8052,2.370951
8053,2.446439
8054,2.646439
8055,2.646439
8056,2.721928
8057,2.721928
8058,2.721928
8059,2.446439
8060,2.446439
8061,2.246439
8062,2.170951
8063,1.846439
8064,1.760964
8065,1.846439
8066,2.170951
8067,2.370951
8068,2.046439
8069,1.846439
8070,1.921928
8071,1.970951
8072,1.970951
8073,2.246439
8074,2.170951
8075,2.446439
8076,2.446439
8077,2.521928
8078,2.446439
8079,2.446439
8080,2.521928
8081,2.446439
8082,2.446439
8083,2.446439
8084,2.446439
8085,2.446439
8086,2.446439
8087,2.721928
8088,2.921928
8089,2.721928
8090,2.521928
8091,2.446439
8092,2.446439
8093,2.446439
8094,2.446439
8095,2.646439
8096,2.646439
8097,2.646439
8098,2.646439
8099,2.646439
8100,2.446439
8101,2.521928
8102,2.446439
8103,2.246439
8104,2.246439
8105,2.446439
8106,2.646439
8107,2.721928
8108,2.646439
8109,2.646439
8110,2.446439
8111,2.521928
8112,2.521928
8113,2.521928
8114,2.446439
8115,2.321928
8116,2.321928
8117,2.046439
8118,1.721928
8119,1.685475
8120,2.046439
8121,2.321928
8122,2.121928
8123,2.246439
8124,2.246439
8125,2.446439
8126,2.521928
8127,2.521928
8128,2.521928
8129,2.446439
8130,2.446439
8131,2.446439
8132,2.370951
8133,2.046439
8134,2.046439
8135,2.321928
8136,2.321928
8137,2.521928
8138,2.321928
8139,2.321928
8140,2.446439
8141,2.721928
8142,2.721928
8143,2.721928
8144,2.721928
8145,2.646439
8146,2.646439
8147,2.646439
8148,2.646439
8149,2.846439
8150,2.646439
8151,2.646439
8152,2.646439
8153,2.721928
8154,2.921928
8155,2.921928
8156,2.721928
8157,2.521928
8158,2.721928
8159,2.721928
8160,2.446439
8161,2.646439
8162,2.921928
8163,2.721928
8164,2.646439
8165,2.321928
8166,2.321928
8167,2.646439
8168,2.446439
8169,2.646439
8170,2.721928
8171,2.446439
8172,2.321928
8173,2.121928
8174,2.321928
8175,2.321928
8176,2.446439
8177,2.646439
8178,2.846439
8179,2.646439
8180,2.721928
8181,2.721928
8182,2.721928
8183,2.521928
8184,2.246439
8185,1.970951
8186,2.170951
8187,2.446439
8188,2.721928
8189,2.646439
8190,2.646439
8191,2.646439
8192,2.646439
8193,2.646439
8194,2.370951
8195,2.646439
8196,2.446439
8197,2.446439
8198,2.446439
8199,2.446439
8200,2.446439
8201,2.370951
8202,2.046439
8203,2.046439
8204,2.046439
8205,2.370951
8206,2.321928
8207,2.446439
8208,2.646439
8209,2.646439
8210,2.646439
8211,2.646439
8212,2.370951
8213,2.170951
8214,2.170951
8215,2.446439
8216,2.170951
8217,2.046439
8218,2.121928
8219,2.121928
8220,2.446439
8221,2.721928
8222,2.646439
8223,2.521928
8224,2.321928
8225,2.446439
8226,2.370951
8227,2.370951
8228,2.370951
8229,2.370951
8230,2.370951
8231,2.646439
8232,2.721928
8233,2.921928
8234,2.721928
8235,2.921928
8236,2.721928
8237,2.721928
8238,2.721928
8239,2.721928
8240,2.521928
8241,2.446439
8242,2.446439
8243,2.521928
8244,2.721928
8245,2.646439
8246,2.646439
8247,2.721928
8248,2.721928
8249,2.921928
8250,2.721928
8251,2.721928
8252,2.721928
8253,2.646439
8254,2.446439
8255,2.446439
8256,2.370951
8257,2.370951
8258,2.646439
8259,2.446439
8260,2.446439
8261,2.521928
8262,2.521928
8263,2.521928
8264,2.521928
8265,2.521928
8266,2.521928
8267,2.446439
8268,2.646439
8269,2.321928
8270,2.321928
8271,2.446439
8272,2.446439
8273,2.446439
8274,2.446439
8275,2.446439
8276,2.721928
8277,2.921928
8278,2.646439
8279,2.446439
8280,2.646439
8281,2.446439
8282,2.370951
8283,2.370951
8284,2.370951
8285,2.446439
8286,2.246439
8287,2.246439
8288,2.121928
8289,2.321928
8290,2.446439
8291,2.446439
8292,2.446439
8293,2.446439
8294,2.721928
8295,2.921928
8296,2.721928
8297,2.721928
8298,2.921928
8299,2.921928
8300,3.121928
8301,2.846439
8302,2.846439
8303,2.646439
8304,2.646439
8305,2.321928
8306,2.521928
8307,2.321928
8308,2.046439
8309,2.370951
8310,2.170951
8311,2.246439
8312,2.246439
8313,2.521928
8314,2.521928
8315,2.521928
8316,2.521928
8317,2.721928
8318,2.446439
8319,2.446439
8320,2.170951
8321,1.846439
8322,1.846439
8323,2.170951
8324,2.121928
8325,2.121928
8326,2.170951
8327,2.170951
8328,2.446439
8329,2.446439
8330,2.446439
8331,2.446439
8332,2.721928
8333,2.921928
8334,2.921928
8335,2.921928
8336,2.721928
8337,2.721928
8338,2.721928
8339,2.921928
8340,2.721928
8341,2.446439
8342,2.446439
8343,2.446439
8344,2.521928
8345,2.446439
8346,2.446439
8347,2.446439
8348,2.246439
8349,2.521928
8350,2.521928
8351,2.446439
8352,2.321928
8353,2.646439
8354,2.921928
8355,2.921928
8356,2.921928
8357,2.646439
8358,2.370951
8359,2.170951
8360,2.046439
8361,2.370951
8362,2.646439
8363,2.646439
8364,2.646439
8365,2.921928
8366,2.921928
8367,2.646439
8368,2.846439
8369,2.646439
8370,2.446439
8371,2.246439
8372,1.970951
8373,1.895462
8374,2.170951
8375,2.446439
8376,2.446439
8377,2.446439
8378,2.721928
8379,2.721928
8380,2.721928
8381,2.646439
8382,2.370951
8383,2.046439
8384,2.321928
8385,2.321928
8386,2.321928
8387,2.646439
8388,2.646439
8389,2.446439
8390,2.721928
8391,2.521928
8392,2.521928
8393,2.521928
8394,2.721928
8395,2.921928
8396,2.921928
8397,2.846439
8398,2.646439
8399,2.921928
8400,2.921928
8401,2.921928
8402,2.921928
8403,2.921928
8404,3.121928
8405,2.921928
8406,2.846439
8407,2.646439
8408,2.446439
8409,2.446439
8410,2.446439
8411,2.446439
8412,2.446439
8413,2.121928
8414,2.046439
8415,2.370951
8416,2.446439
8417,2.446439
8418,2.721928
8419,2.446439
8420,2.521928
8421,2.521928
8422,2.446439
8423,2.246439
8424,2.246439
8425,2.521928
8426,2.446439
8427,2.370951
8428,2.646439
8429,2.646439
8430,2.646439
8431,2.721928
8432,2.521928
8433,2.446439
8434,2.646439
8435,2.646439
8436,2.646439
8437,2.446439
8438,2.721928
8439,2.446439
8440,2.646439
8441,2.921928
8442,2.646439
8443,2.646439
8444,2.721928
8445,2.721928
8446,2.721928
8447,2.446439
8448,2.646439
8449,2.646439
8450,2.646439
8451,2.321928
8452,2.321928
8453,2.321928
8454,2.121928
8455,2.446439
8456,2.446439
8457,2.646439
8458,2.521928
8459,2.160964
8460,2.160964
8461,2.160964
8462,2.521928
8463,2.321928
8464,2.321928
8465,2.521928
8466,2.646439
8467,2.321928
8468,2.446439
8469,2.721928
8470,2.446439
8471,2.246439
8472,2.246439
8473,2.170951
8474,2.170951
8475,2.446439
8476,2.370951
8477,2.646439
8478,2.646439
8479,2.721928
8480,2.721928
8481,2.721928
8482,2.721928
8483,2.721928
8484,2.446439
8485,2.721928
8486,2.446439
8487,2.446439
8488,2.446439
8489,2.170951
8490,2.446439
8491,2.246439
8492,2.521928
8493,2.446439
8494,2.646439
8495,2.646439
8496,2.721928
8497,2.521928
8498,2.721928
8499,2.721928
8500,2.721928
8501,2.921928
8502,2.921928
8503,2.721928
8504,2.921928
8505,2.646439
8506,2.446439
8507,2.446439
8508,2.721928
8509,2.446439
8510,2.446439
8511,2.446439
8512,2.521928
8513,2.721928
8514,2.446439
8515,2.521928
8516,2.446439
8517,2.646439
8518,2.446439
8519,2.646439
8520,2.321928
8521,2.446439
8522,2.646439
8523,2.646439
8524,2.446439
8525,2.721928
8526,2.921928
8527,2.921928
8528,2.721928
8529,2.721928
8530,2.646439
8531,2.721928
8532,2.721928
8533,2.921928
8534,3.121928
8535,3.121928
8536,2.921928
8537,2.921928
8538,2.721928
8539,2.921928
8540,2.921928
8541,3.121928
8542,3.121928
8543,2.921928
8544,2.846439
8545,2.846439
8546,2.646439
8547,2.646439
8548,2.521928
8549,2.646439
8550,2.921928
8551,2.921928
8552,2.646439
8553,2.846439
8554,2.921928
8555,2.721928
8556,2.921928
8557,2.921928
8558,2.921928
8559,2.721928
8560,2.446439
8561,2.321928
8562,2.521928
8563,2.321928
8564,2.046439
8565,2.121928
8566,2.446439
8567,2.446439
8568,2.721928
8569,2.521928
8570,2.521928
8571,2.446439
8572,2.446439
8573,2.646439
8574,2.446439
8575,2.446439
8576,2.446439
8577,2.721928
8578,2.921928
8579,2.921928
8580,2.721928
8581,2.646439
8582,2.921928
8583,2.721928
8584,2.921928
8585,2.921928
8586,2.921928
8587,2.721928
8588,2.921928
8589,2.646439
8590,2.646439
8591,2.446439
8592,2.446439
8593,2.170951
8594,2.121928
8595,2.321928
8596,2.321928
8597,2.446439
8598,2.321928
8599,2.321928
8600,2.321928
8601,2.121928
8602,2.321928
8603,2.446439
8604,2.721928
8605,2.446439
8606,2.446439
8607,2.121928
8608,1.921928
8609,2.121928
8610,2.121928
8611,2.121928
8612,2.446439
8613,2.521928
8614,2.721928
8615,2.921928
8616,2.721928
8617,2.921928
8618,2.721928
8619,2.721928
8620,2.721928
8621,2.721928
8622,2.721928
8623,2.721928
8624,2.646439
8625,2.646439
8626,2.921928
8627,2.646439
8628,2.321928
8629,2.121928
8630,2.321928
8631,2.521928
8632,2.646439
8633,2.446439
8634,2.446439
8635,2.446439
8636,2.721928
8637,2.721928
8638,2.921928
8639,3.121928
8640,3.121928
8641,2.921928
8642,2.721928
8643,2.521928
8644,2.446439
8645,2.446439
8646,2.721928
8647,2.921928
8648,2.921928
8649,2.646439
8650,2.646439
8651,2.721928
8652,2.721928
8653,2.521928
8654,2.721928
8655,2.646439
8656,2.646439
8657,2.646439
8658,2.846439
8659,2.846439
8660,2.921928
8661,2.721928
8662,2.646439
8663,2.646439
8664,2.446439
8665,2.446439
8666,2.721928
8667,2.446439
8668,2.646439
8669,2.446439
8670,2.446439
8671,2.446439
8672,2.646439
8673,2.646439
8674,2.446439
8675,2.446439
8676,2.446439
8677,2.521928
8678,2.721928
8679,2.721928
8680,2.646439
8681,2.846439
8682,3.121928
8683,2.921928
8684,2.921928
8685,2.721928
8686,2.921928
8687,2.921928
8688,2.721928
8689,2.646439
8690,2.646439
8691,2.446439
8692,2.521928
8693,2.446439
8694,2.370951
8695,2.646439
8696,2.446439
8697,2.446439
8698,2.370951
8699,2.646439
8700,2.646439
8701,2.721928
8702,2.521928
8703,2.721928
8704,2.721928
8705,2.721928
8706,2.521928
8707,2.521928
8708,2.521928
8709,2.521928
8710,2.521928
8711,2.246439
8712,2.121928
8713,2.321928
8714,2.121928
8715,2.046439
8716,1.960964
8717,2.321928
8718,2.121928
8719,2.046439
8720,2.046439
8721,2.370951
8722,2.646439
8723,2.921928
8724,2.921928
8725,2.721928
8726,2.721928
8727,2.721928
8728,2.646439
8729,2.446439
8730,2.646439
8731,2.646439
8732,2.646439
8733,2.721928
8734,2.446439
8735,2.446439
8736,2.446439
8737,2.446439
8738,2.446439
8739,2.446439
8740,2.521928
8741,2.446439
8742,2.446439
8743,2.370951
8744,2.170951
8745,2.446439
8746,2.446439
8747,2.646439
8748,2.646439
8749,2.646439
8750,2.446439
8751,2.446439
8752,2.446439
8753,2.446439
8754,2.246439
8755,2.246439
8756,2.521928
8757,2.721928
8758,2.446439
8759,2.121928
8760,2.321928
8761,2.370951
8762,2.446439
8763,2.446439
8764,2.446439
8765,2.646439
8766,2.646439
8767,2.446439
8768,2.370951
8769,2.046439
8770,1.685475
8771,1.685475
8772,2.046439
8773,2.170951
8774,2.121928
8775,2.121928
8776,2.170951
8777,2.170951
8778,2.170951
8779,2.446439
8780,2.446439
8781,2.446439
8782,2.646439
8783,2.446439
8784,2.446439
8785,2.446439
8786,2.446439
8787,2.446439
8788,2.446439
8789,2.521928
8790,2.521928
8791,2.721928
8792,2.721928
8793,2.646439
8794,2.646439
8795,2.721928
8796,2.721928
8797,2.521928
8798,2.246439
8799,2.446439
8800,2.446439
8801,2.446439
8802,2.721928
8803,2.921928
8804,2.721928
8805,2.721928
8806,2.646439
8807,2.446439
8808,2.446439
8809,2.646439
8810,2.446439
8811,2.170951
8812,2.170951
8813,2.170951
8814,2.170951
8815,2.370951
8816,2.170951
8817,2.446439
8818,2.446439
8819,2.721928
8820,2.721928
8821,2.721928
8822,2.721928
8823,2.446439
8824,2.446439
8825,2.521928
8826,2.521928
8827,2.521928
8828,2.521928
8829,2.521928
8830,2.521928
8831,2.446439
8832,2.646439
8833,2.370951
8834,2.646439
8835,2.446439
8836,2.521928
8837,2.721928
8838,2.721928
8839,2.721928
8840,2.921928
8841,2.921928
8842,2.921928
8843,2.921928
8844,2.921928
8845,2.721928
8846,2.721928
8847,2.446439
8848,2.721928
8849,2.721928
8850,2.646439
8851,2.646439
8852,2.321928
8853,2.646439
8854,2.846439
8855,2.846439
8856,2.646439
8857,2.921928
8858,2.646439
8859,2.446439
8860,2.446439
8861,2.721928
8862,2.521928
8863,2.446439
8864,2.370951
8865,2.370951
8866,2.646439
8867,2.646439
8868,2.646439
8869,2.446439
8870,2.646439
8871,2.646439
8872,2.446439
8873,2.721928
8874,2.446439
8875,2.446439
8876,2.446439
8877,2.721928
8878,2.921928
8879,2.921928
8880,2.921928
8881,3.121928
8882,2.921928
8883,2.921928
8884,2.721928
8885,2.446439
8886,2.446439
8887,2.646439
8888,2.646439
8889,2.446439
8890,2.446439
8891,2.246439
8892,2.246439
8893,2.246439
8894,2.246439
8895,1.970951
8896,2.246439
8897,2.170951
8898,2.170951
8899,2.446439
8900,2.246439
8901,2.246439
8902,2.446439
8903,2.721928
8904,2.721928
8905,2.521928
8906,2.721928
8907,2.721928
8908,2.521928
8909,2.521928
8910,2.246439
8911,2.446439
8912,2.721928
8913,2.921928
8914,2.721928
8915,2.921928
8916,2.921928
8917,2.646439
8918,2.446439
8919,2.721928
8920,2.721928
8921,2.721928
8922,2.446439
8923,2.521928
8924,2.446439
8925,2.446439
8926,2.721928
8927,2.646439
8928,2.446439
8929,2.446439
8930,2.646439
8931,2.446439
8932,2.446439
8933,2.446439
8934,2.446439
8935,2.721928
8936,2.921928
8937,2.921928
8938,2.721928
8939,2.521928
8940,2.721928
8941,2.721928
8942,2.721928
8943,2.921928
8944,2.721928
8945,2.721928
8946,2.646439
8947,2.321928
8948,2.321928
8949,2.046439
8950,2.370951
8951,2.446439
8952,2.721928
8953,2.721928
8954,2.646439
8955,2.646439
8956,2.721928
8957,2.646439
8958,2.321928
8959,2.321928
8960,2.521928
8961,2.321928
8962,2.370951
8963,2.170951
8964,2.370951
8965,2.170951
8966,2.246439
8967,2.170951
8968,1.846439
8969,2.046439
8970,2.321928
8971,2.321928
8972,2.321928
8973,2.321928
8974,2.370951
8975,2.370951
8976,2.370951
8977,2.446439
8978,2.646439
8979,2.646439
8980,2.921928
8981,2.921928
8982,2.921928
8983,2.921928
8984,2.721928
8985,2.521928
8986,2.721928
8987,2.721928
8988,2.721928
8989,2.721928
8990,2.721928
8991,2.721928
8992,2.646439
8993,2.646439
8994,2.446439
8995,2.246439
8996,2.246439
8997,2.246439
8998,2.170951
8999,2.246439
9000,2.446439
9001,2.446439
9002,2.646439
9003,2.446439
9004,2.646439
9005,2.646439
9006,2.921928
9007,2.921928
9008,2.646439
9009,2.446439
9010,2.646439
9011,2.646439
9012,2.646439
9013,2.321928
9014,2.121928
9015,1.921928
9016,2.121928
9017,2.446439
9018,2.721928
9019,2.721928
9020,2.921928
9021,2.921928
9022,2.921928
9023,2.721928
9024,2.721928
9025,2.521928
9026,2.521928
9027,2.321928
9028,2.521928
9029,2.446439
9030,2.446439
9031,2.446439
9032,2.446439
9033,2.646439
9034,2.321928
9035,2.446439
9036,2.446439
9037,2.646439
9038,2.321928
9039,2.446439
9040,2.721928
9041,2.921928
9042,2.646439
9043,2.646439
9044,2.721928
9045,2.721928
9046,2.721928
9047,2.446439
9048,2.370951
9049,2.446439
9050,2.446439
9051,2.246439
9052,2.446439
9053,2.446439
9054,2.721928
9055,2.721928
9056,2.721928
9057,2.721928
9058,2.721928
9059,2.921928
9060,2.921928
9061,2.721928
9062,2.921928
9063,2.721928
9064,2.721928
9065,2.646439
9066,2.446439
9067,2.446439
9068,2.446439
9069,2.446439
9070,2.521928
9071,2.521928
9072,2.521928
9073,2.521928
9074,2.521928
9075,2.521928
9076,2.446439
9077,2.446439
9078,2.646439
9079,2.646439
9080,2.321928
9081,2.446439
9082,2.446439
9083,2.521928
9084,2.246439
9085,2.121928
9086,2.121928
9087,1.846439
9088,2.046439
9089,2.121928
9090,2.321928
9091,2.046439
9092,2.170951
9093,2.170951
9094,2.370951
9095,2.046439
9096,2.321928
9097,2.321928
9098,2.446439
9099,2.370951
9100,2.370951
9101,2.170951
9102,2.446439
9103,2.446439
9104,2.446439
9105,2.446439
9106,2.170951
9107,2.170951
9108,2.446439
9109,2.446439
9110,2.446439
9111,2.446439
9112,2.721928
9113,2.646439
9114,2.321928
9115,2.370951
9116,2.046439
9117,2.321928
9118,2.046439
9119,2.321928
9120,2.370951
9121,2.370951
9122,2.370951
9123,2.446439
9124,2.446439
9125,2.721928
9126,2.521928
9127,2.446439
9128,2.370951
9129,2.646439
9130,2.646439
9131,2.721928
9132,2.721928
9133,2.721928
9134,2.646439
9135,2.646439
9136,2.646439
9137,2.646439
9138,2.721928
9139,2.446439
9140,2.446439
9141,2.446439
9142,2.446439
9143,2.446439
9144,2.246439
9145,2.446439
9146,2.446439
9147,2.646439
9148,2.646439
9149,2.921928
9150,2.921928
9151,2.721928
9152,2.921928
9153,3.121928
9154,2.921928
9155,2.646439
9156,2.446439
9157,2.121928
9158,2.170951
9159,2.170951
9160,2.170951
9161,2.370951
9162,2.646439
9163,2.646439
9164,2.646439
9165,2.721928
9166,2.921928
9167,3.121928
9168,2.921928
9169,2.721928
9170,2.721928
9171,2.721928
9172,2.721928
9173,2.521928
9174,2.446439
9175,2.446439
9176,2.446439
9177,2.446439
9178,2.446439
9179,2.170951
9180,2.370951
9181,2.646439
9182,2.370951
9183,2.446439
9184,2.370951
9185,2.446439
9186,2.646439
9187,2.521928
9188,2.646439
9189,2.721928
9190,2.721928
9191,2.521928
9192,2.521928
9193,2.521928
9194,2.721928
9195,2.921928
9196,3.121928
9197,2.921928
9198,2.721928
9199,2.721928
9200,2.921928
9201,2.921928
9202,2.721928
9203,2.721928
9204,2.721928
9205,2.721928
9206,2.721928
9207,2.521928
9208,2.721928
9209,2.646439
9210,2.521928
9211,2.521928
9212,2.646439
9213,2.321928
9214,1.960964
9215,2.321928
9216,2.321928
9217,2.121928
9218,2.046439
9219,2.046439
9220,2.370951
9221,2.646439
9222,2.446439
9223,2.446439
9224,2.446439
9225,2.121928
9226,2.446439
9227,2.446439
9228,2.446439
9229,2.246439
9230,2.446439
9231,2.646439
9232,2.646439
9233,2.846439
9234,2.646439
9235,2.646439
9236,2.446439
9237,2.521928
9238,2.446439
9239,2.646439
9240,2.646439
9241,2.646439
9242,2.646439
9243,2.921928
9244,2.921928
9245,2.721928
9246,2.646439
9247,2.721928
9248,2.721928
9249,2.721928
9250,2.521928
9251,2.521928
9252,2.721928
9253,2.721928
9254,2.721928
9255,2.646439
9256,2.646439
9257,2.321928
9258,2.446439
9259,2.446439
9260,2.446439
9261,2.646439
9262,2.446439
9263,2.521928
9264,2.246439
9265,2.246439
9266,2.446439
9267,2.246439
9268,2.246439
9269,2.246439
9270,2.170951
9271,2.446439
9272,2.446439
9273,2.646439
9274,2.446439
9275,2.446439
9276,2.521928
9277,2.721928
9278,2.921928
9279,2.721928
9280,2.446439
9281,2.646439
9282,2.646439
9283,2.646439
9284,2.646439
9285,2.846439
9286,2.646439
9287,2.646439
9288,2.446439
9289,2.446439
9290,2.446439
9291,2.370951
9292,2.170951
9293,1.846439
9294,2.170951
9295,2.370951
9296,2.446439
9297,2.721928
9298,2.721928
9299,2.721928
9300,2.446439
9301,2.446439
9302,2.170951
9303,1.895462
9304,1.570951
9305,1.895462
9306,2.170951
9307,2.246439
9308,2.246439
9309,2.246439
9310,2.170951
9311,2.170951
9312,2.370951
9313,2.446439
9314,2.446439
9315,2.721928
9316,2.721928
9317,2.721928
9318,2.521928
9319,2.446439
9320,2.721928
9321,2.721928
9322,2.521928
9323,2.521928
9324,2.521928
9325,2.446439
9326,2.446439
9327,2.446439
9328,2.446439
9329,2.246439
9330,2.170951
9331,2.446439
9332,2.721928
9333,2.721928
9334,2.921928
9335,2.721928
9336,2.721928
9337,2.721928
9338,2.721928
9339,2.921928
9340,2.921928
9341,2.721928
9342,2.721928
9343,2.446439
9344,2.646439
9345,2.646439
9346,2.646439
9347,2.721928
9348,2.721928
9349,2.446439
9350,2.721928
9351,2.921928
9352,2.921928
9353,2.921928
9354,2.646439
9355,2.446439
9356,2.721928
9357,2.921928
9358,2.921928
9359,2.921928
9360,2.646439
9361,2.446439
9362,2.446439
9363,2.446439
9364,2.646439
9365,2.646439
9366,2.921928
9367,2.921928
9368,2.921928
9369,2.721928
9370,2.521928
9371,2.721928
9372,2.446439
9373,2.646439
9374,2.721928
9375,2.721928
9376,2.446439
9377,2.446439
9378,2.246439
9379,2.121928
9380,2.170951
9381,2.446439
9382,2.121928
9383,2.321928
9384,2.646439
9385,2.846439
9386,2.921928
9387,2.646439
9388,2.646439
9389,2.846439
9390,2.846439
9391,2.646439
9392,2.646439
9393,2.646439
9394,2.921928
9395,2.721928
9396,2.921928
9397,2.646439
9398,2.446439
9399,2.446439
9400,2.446439
9401,2.170951
9402,2.446439
9403,2.646439
9404,2.646439
9405,2.646439
9406,2.446439
9407,2.446439
9408,2.170951
9409,2.046439
9410,2.370951
9411,2.370951
9412,2.170951
9413,1.846439
9414,2.046439
9415,2.321928
9416,2.370951
9417,2.446439
9418,2.721928
9419,2.921928
9420,2.721928
9421,2.921928
9422,2.721928
9423,2.446439
9424,2.321928
9425,2.321928
9426,2.321928
9427,2.121928
9428,1.960964
9429,1.960964
9430,1.685475
9431,1.760964
9432,1.846439
9433,2.170951
9434,2.246439
9435,2.446439
9436,2.721928
9437,2.721928
9438,2.446439
9439,2.721928
9440,2.721928
9441,2.721928
9442,2.721928
9443,2.721928
9444,2.446439
9445,2.521928
9446,2.721928
9447,2.446439
9448,2.370951
9449,2.446439
9450,2.646439
9451,2.646439
9452,2.646439
9453,2.646439
9454,2.646439
9455,2.646439
9456,2.370951
9457,2.646439
9458,2.646439
9459,2.646439
9460,2.646439
9461,2.646439
9462,2.446439
9463,2.721928
9464,2.721928
9465,2.721928
9466,2.446439
9467,2.446439
9468,2.721928
9469,2.721928
9470,2.721928
9471,2.446439
9472,2.321928
9473,2.321928
9474,2.121928
9475,1.760964
9476,1.960964
9477,1.760964
9478,1.846439
9479,2.170951
9480,2.170951
9481,2.446439
9482,2.446439
9483,2.446439
9484,2.446439
9485,2.646439
9486,2.921928
9487,2.921928
9488,2.921928
9489,2.921928
9490,2.846439
9491,2.521928
9492,2.521928
9493,2.846439
9494,2.646439
9495,2.846439
9496,2.846439
9497,3.121928
9498,2.921928
9499,3.121928
9500,3.121928
9501,2.921928
9502,2.721928
9503,2.721928
9504,2.721928
9505,2.521928
9506,2.521928
9507,2.446439
9508,2.646439
9509,2.646439
9510,2.646439
9511,2.446439
9512,2.246439
9513,2.521928
9514,2.521928
9515,2.521928
9516,2.521928
9517,2.521928
9518,2.446439
9519,2.721928
9520,2.721928
9521,2.921928
9522,2.721928
9523,2.721928
9524,2.521928
9525,2.721928
9526,2.646439
9527,2.721928
9528,2.721928
9529,2.446439
9530,2.521928
9531,2.521928
9532,2.521928
9533,2.721928
9534,2.921928
9535,2.921928
9536,2.721928
9537,2.921928
9538,2.721928
9539,2.721928
9540,2.521928
9541,2.446439
9542,2.446439
9543,2.446439
9544,2.446439
9545,2.446439
9546,2.121928
9547,2.170951
9548,2.446439
9549,2.646439
9550,2.446439
9551,2.446439
9552,2.170951
9553,1.846439
9554,1.760964
9555,1.685475
9556,1.295462
9557,1.295462
9558,1.570951
9559,1.960964
9560,1.960964
9561,2.321928
9562,2.646439
9563,2.721928
9564,2.921928
9565,2.921928
9566,2.721928
9567,2.721928
9568,2.721928
9569,2.921928
9570,2.921928
9571,3.121928
9572,3.121928
9573,2.921928
9574,2.921928
9575,2.921928
9576,2.721928
9577,2.521928
9578,2.521928
9579,2.721928
9580,2.521928
9581,2.521928
9582,2.721928
9583,2.721928
9584,2.721928
9585,2.921928
9586,2.721928
9587,2.921928
9588,2.721928
9589,2.721928
9590,2.721928
9591,2.721928
9592,2.646439
9593,2.646439
9594,2.646439
9595,2.846439
9596,3.121928
9597,2.921928
9598,2.646439
9599,2.646439
9600,2.646439
9601,2.446439
9602,2.446439
9603,2.446439
9604,2.446439
9605,2.646439
9606,2.646439
9607,2.721928
9608,2.646439
9609,2.646439
9610,2.446439
9611,2.446439
9612,2.646439
9613,2.646439
9614,2.721928
9615,2.521928
9616,2.446439
9617,2.646439
9618,2.446439
9619,2.246439
9620,2.246439
9621,2.246439
9622,2.246439
9623,2.170951
9624,2.246439
9625,1.970951
9626,2.246439
9627,2.446439
9628,2.646439
9629,2.446439
9630,2.521928
9631,2.446439
9632,2.446439
9633,2.246439
9634,1.970951
9635,2.246439
9636,2.446439
9637,2.446439
9638,2.321928
9639,2.321928
9640,2.121928
9641,2.170951
9642,2.446439
9643,2.446439
9644,2.321928
9645,2.321928
9646,2.521928
9647,2.521928
9648,2.646439
9649,2.921928
9650,2.721928
9651,2.521928
9652,2.721928
9653,2.721928
9654,2.921928
9655,3.121928
9656,3.121928
9657,3.321928
9658,3.121928
9659,2.921928
9660,2.721928
9661,2.921928
9662,2.721928
9663,2.921928
9664,2.921928
9665,2.921928
9666,2.921928
9667,2.921928
9668,2.921928
9669,2.721928
9670,2.921928
9671,2.921928
9672,2.921928
9673,2.721928
9674,2.646439
9675,2.646439
9676,2.721928
9677,2.521928
9678,2.521928
9679,2.521928
9680,2.721928
9681,2.721928
9682,2.721928
9683,2.721928
9684,2.521928
9685,2.446439
9686,2.246439
9687,2.170951
9688,1.846439
9689,1.685475
9690,2.046439
9691,2.046439
9692,1.846439
9693,2.121928
9694,2.246439
9695,2.246439
9696,2.246439
9697,1.921928
9698,2.246439
9699,2.246439
9700,2.170951
9701,2.170951
9702,2.370951
9703,2.646439
9704,2.646439
9705,2.721928
9706,2.721928
9707,2.721928
9708,2.721928
9709,2.721928
9710,2.721928
9711,2.521928
9712,2.521928
9713,2.446439
9714,2.370951
9715,2.170951
9716,2.446439
9717,2.121928
9718,2.170951
9719,2.121928
9720,2.246439
9721,2.446439
9722,2.646439
9723,2.721928
9724,2.721928
9725,2.721928
9726,2.721928
9727,2.721928
9728,2.721928
9729,2.721928
9730,2.721928
9731,2.721928
9732,2.721928
9733,2.721928
9734,2.721928
9735,2.721928
9736,2.921928
9737,2.721928
9738,2.646439
9739,2.646439
9740,2.446439
9741,2.446439
9742,2.721928
9743,2.721928
9744,2.721928
9745,2.921928
9746,2.921928
9747,2.921928
9748,2.721928
9749,2.721928
9750,2.921928
9751,2.721928
9752,2.721928
9753,2.721928
9754,2.646439
9755,2.646439
9756,2.446439
9757,2.721928
9758,2.721928
9759,2.446439
9760,2.446439
9761,2.646439
9762,2.721928
9763,2.721928
9764,2.646439
9765,2.521928
9766,2.521928
9767,2.521928
9768,2.521928
9769,2.521928
9770,2.521928
9771,2.521928
9772,2.646439
9773,2.446439
9774,2.721928
9775,2.921928
9776,2.646439
9777,2.646439
9778,2.721928
9779,2.921928
9780,2.921928
9781,2.921928
9782,2.846439
9783,2.646439
9784,2.646439
9785,2.646439
9786,2.370951
9787,2.646439
9788,2.646439
9789,2.646439
9790,2.721928
9791,2.921928
9792,2.921928
9793,2.921928
9794,2.846439
9795,2.846439
9796,2.521928
9797,2.160964
9798,2.160964
9799,2.321928
9800,2.121928
9801,2.321928
9802,1.960964
9803,2.121928
9804,2.246439
9805,2.246439
9806,2.521928
9807,2.721928
9808,2.921928
9809,2.921928
9810,2.921928
9811,2.921928
9812,2.721928
9813,2.721928
9814,2.521928
9815,2.721928
9816,2.646439
9817,2.921928
9818,2.921928
9819,3.121928
9820,3.121928
9821,2.921928
9822,2.721928
9823,2.721928
9824,2.521928
9825,2.721928
9826,2.521928
9827,2.446439
9828,2.446439
9829,2.646439
9830,2.646439
9831,2.646439
9832,2.646439
9833,2.646439
9834,2.846439
9835,2.646439
9836,2.721928
9837,2.921928
9838,2.721928
9839,2.521928
9840,2.721928
9841,2.721928
9842,2.721928
9843,2.521928
9844,2.721928
9845,2.921928
9846,2.646439
9847,2.921928
9848,2.721928
9849,2.921928
9850,2.646439
9851,2.646439
9852,2.321928
9853,2.121928
9854,2.446439
9855,2.121928
9856,2.321928
9857,2.121928
9858,2.446439
9859,2.646439
9860,2.921928
9861,2.721928
9862,2.721928
9863,2.721928
9864,2.721928
9865,2.646439
9866,2.370951
9867,2.170951
9868,2.121928
9869,2.246439
9870,2.446439
9871,2.721928
9872,2.721928
9873,2.721928
9874,2.646439
9875,2.646439
9876,2.646439
9877,2.446439
9878,2.446439
9879,2.170951
9880,2.170951
9881,2.370951
9882,2.646439
9883,2.646439
9884,2.446439
9885,2.521928
9886,2.521928
9887,2.446439
9888,2.521928
9889,2.446439
9890,2.446439
9891,2.170951
9892,2.170951
9893,2.170951
9894,2.170951
9895,2.246439
9896,2.246439
9897,2.246439
9898,2.121928
9899,2.321928
9900,2.321928
9901,2.121928
9902,2.046439
9903,2.170951
9904,2.046439
9905,2.170951
9906,2.170951
9907,2.170951
9908,2.446439
9909,2.646439
9910,2.721928
9911,2.721928
9912,2.721928
9913,2.721928
9914,2.646439
9915,2.646439
9916,2.446439
9917,2.246439
9918,2.170951
9919,2.170951
9920,2.246439
9921,2.246439
9922,2.246439
9923,1.970951
9924,1.970951
9925,1.970951
9926,2.170951
9927,2.370951
9928,2.370951
9929,2.321928
9930,2.046439
9931,2.170951
9932,2.170951
9933,2.046439
9934,2.121928
9935,2.321928
9936,2.321928
9937,2.321928
9938,2.646439
9939,2.846439
9940,2.846439
9941,2.921928
9942,2.921928
9943,2.721928
9944,2.721928
9945,2.721928
9946,2.646439
9947,2.646439
9948,2.446439
9949,2.121928
9950,2.121928
9951,2.121928
9952,1.846439
9953,2.046439
9954,2.370951
9955,2.446439
9956,2.646439
9957,2.721928
9958,2.721928
9959,2.721928
9960,2.721928
9961,2.646439
9962,2.646439
9963,2.646439
9964,2.721928
9965,2.721928
9966,2.721928
9967,2.521928
9968,2.446439
9969,2.446439
9970,2.721928
9971,2.721928
9972,2.921928
9973,2.921928
9974,2.846439
9975,2.846439
9976,2.646439
9977,2.370951
9978,2.370951
9979,2.046439
9980,2.121928
9981,2.321928
9982,2.646439
9983,2.646439
9984,2.370951
9985,2.446439
9986,2.521928
9987,2.721928
9988,2.721928
9989,2.721928
9990,2.646439
9991,2.646439
