window_start_place,entropy_bits
1,2.656565
2,2.840224
3,2.789898
4,2.656565
5,2.789898
6,2.789898
7,2.706891
8,2.682589
9,2.732915
10,2.732915
11,2.732915
12,2.732915
13,2.973557
14,2.973557
15,2.732915
16,2.606239
17,2.472906
18,2.599581
19,2.599581
20,2.549255
21,2.656565
22,2.656565
23,2.872906
24,2.872906
25,2.789898
26,2.706891
27,2.789898
28,2.789898
29,2.656565
30,2.689246
31,2.872906
32,2.840224
33,2.656565
34,2.789898
35,2.789898
36,2.822580
37,2.872906
38,2.872906
39,2.923231
40,2.706891
41,2.599581
42,2.339572
43,2.599581
44,2.549255
45,2.656565
46,2.606239
47,2.822580
48,2.822580
49,2.822580
50,2.822580
51,2.739572
52,2.606239
53,2.789898
54,2.923231
55,2.866248
56,2.866248
57,2.732915
58,2.840224
59,2.656565
60,2.872906
61,2.923231
62,3.056565
63,3.106891
64,3.056565
65,3.106891
66,3.056565
67,3.056565
68,3.006239
69,3.006239
70,2.822580
71,2.822580
72,2.822580
73,2.789898
74,2.789898
75,2.789898
76,2.923231
77,2.789898
78,2.656565
79,2.840224
80,2.840224
81,2.840224
82,2.789898
83,2.872906
84,2.689246
85,2.822580
86,2.689246
87,2.656565
88,2.789898
89,2.682589
90,2.866248
91,2.866248
92,2.732915
93,2.732915
94,2.840224
95,2.656565
96,2.689246
97,2.872906
98,2.923231
99,2.840224
100,2.840224
101,2.840224
102,2.840224
103,2.789898
104,2.549255
105,2.789898
106,2.656565
107,2.739572
108,2.689246
109,2.689246
110,2.872906
111,2.872906
112,2.822580
113,2.822580
114,2.822580
115,2.606239
116,2.573557
117,2.789898
118,2.789898
119,2.789898
120,2.872906
121,2.872906
122,2.822580
123,3.006239
124,3.006239
125,3.006239
126,3.006239
127,2.955913
128,2.822580
129,2.872906
130,2.872906
131,3.006239
132,3.056565
133,2.840224
134,2.656565
135,2.656565
136,2.789898
137,3.006239
138,3.006239
139,2.789898
140,2.789898
141,2.789898
142,2.789898
143,2.840224
144,2.973557
145,2.973557
146,3.056565
147,3.106891
148,2.923231
149,3.056565
150,2.923231
151,3.056565
152,3.056565
153,2.840224
154,2.656565
155,2.872906
156,2.689246
157,2.872906
158,3.006239
159,3.006239
160,3.056565
161,3.056565
162,3.006239
163,3.006239
164,3.056565
165,2.973557
166,2.973557
167,2.973557
168,2.866248
169,2.682589
170,2.923231
171,2.840224
172,2.923231
173,2.923231
174,2.789898
175,2.789898
176,3.006239
177,3.006239
178,3.056565
179,3.056565
180,3.056565
181,3.189898
182,3.189898
183,3.006239
184,2.973557
185,2.973557
186,2.973557
187,2.973557
188,3.056565
189,2.973557
190,2.973557
191,2.923231
192,3.006239
193,2.973557
194,2.840224
195,2.789898
196,2.923231
197,2.923231
198,2.789898
199,2.822580
200,2.822580
201,2.606239
202,2.606239
203,2.365596
204,2.549255
205,2.606239
206,2.606239
207,2.523231
208,2.498930
209,2.739572
210,2.789898
211,2.606239
212,2.789898
213,2.656565
214,2.872906
215,2.872906
216,2.923231
217,2.923231
218,3.056565
219,2.840224
220,2.789898
221,2.789898
222,2.872906
223,3.056565
224,3.056565
225,2.872906
226,2.656565
227,2.606239
228,2.789898
229,2.789898
230,2.789898
231,2.706891
232,2.789898
233,2.789898
234,2.840224
235,2.656565
236,2.840224
237,2.656565
238,2.549255
239,2.549255
240,2.656565
241,2.739572
242,2.739572
243,2.739572
244,2.689246
245,2.872906
246,2.872906
247,2.923231
248,2.872906
249,2.872906
250,2.872906
251,2.789898
252,2.789898
253,2.872906
254,2.822580
255,2.872906
256,2.872906
257,3.006239
258,2.872906
259,2.689246
260,2.739572
261,2.739572
262,2.555913
263,2.739572
264,2.789898
265,2.789898
266,2.923231
267,2.923231
268,2.872906
269,2.923231
270,3.056565
271,2.923231
272,2.923231
273,2.923231
274,2.923231
275,2.872906
276,2.872906
277,2.689246
278,2.872906
279,2.789898
280,2.789898
281,2.789898
282,2.606239
283,2.606239
284,2.689246
285,2.822580
286,3.006239
287,3.056565
288,3.056565
289,2.923231
290,2.923231
291,2.923231
292,2.872906
293,3.056565
294,2.973557
295,2.923231
296,2.789898
297,2.656565
298,2.656565
299,2.789898
300,2.573557
301,2.606239
302,2.656565
303,2.872906
304,2.872906
305,2.872906
306,2.872906
307,2.923231
308,2.923231
309,2.973557
310,3.106891
311,3.056565
312,3.056565
313,3.056565
314,2.973557
315,2.973557
316,2.789898
317,2.789898
318,2.732915
319,2.599581
320,2.656565
321,2.606239
322,2.606239
323,2.606239
324,2.739572
325,2.822580
326,2.872906
327,2.923231
328,2.840224
329,2.973557
330,2.732915
331,2.732915
332,2.789898
333,2.789898
334,2.789898
335,2.822580
336,2.606239
337,2.689246
338,2.739572
339,2.739572
340,2.789898
341,2.706891
342,2.706891
343,2.656565
344,2.656565
345,2.415922
346,2.549255
347,2.732915
348,2.789898
349,2.872906
350,2.872906
351,2.872906
352,3.006239
353,2.822580
354,2.789898
355,2.573557
356,2.523231
357,2.466248
358,2.706891
359,2.706891
360,2.573557
361,2.573557
362,2.789898
363,2.789898
364,2.789898
365,2.872906
366,2.872906
367,2.840224
368,2.872906
369,2.789898
370,2.872906
371,2.822580
372,2.606239
373,2.656565
374,2.872906
375,2.789898
376,2.789898
377,2.656565
378,2.606239
379,2.365596
380,2.606239
381,2.789898
382,2.789898
383,2.840224
384,2.840224
385,2.706891
386,2.923231
387,2.923231
388,2.872906
389,2.840224
390,2.789898
391,2.606239
392,2.822580
393,3.006239
394,2.872906
395,2.872906
396,2.872906
397,2.822580
398,2.822580
399,2.872906
400,3.056565
401,2.872906
402,2.923231
403,2.872906
404,2.872906
405,2.689246
406,2.739572
407,2.656565
408,2.656565
409,2.656565
410,2.872906
411,2.872906
412,2.789898
413,2.840224
414,2.840224
415,2.789898
416,2.789898
417,3.006239
418,2.923231
419,3.006239
420,2.822580
421,2.689246
422,2.872906
423,2.689246
424,2.739572
425,2.739572
426,2.739572
427,2.872906
428,2.872906
429,3.056565
430,3.056565
431,3.106891
432,3.056565
433,3.056565
434,3.006239
435,3.006239
436,2.872906
437,2.872906
438,2.689246
439,2.822580
440,2.689246
441,2.689246
442,2.689246
443,2.606239
444,2.656565
445,2.689246
446,2.656565
447,2.656565
448,2.472906
449,2.656565
450,2.656565
451,2.789898
452,2.656565
453,2.472906
454,2.689246
455,2.656565
456,2.656565
457,2.789898
458,2.789898
459,2.789898
460,2.872906
461,2.872906
462,2.872906
463,2.872906
464,3.056565
465,3.056565
466,3.006239
467,3.056565
468,3.006239
469,3.006239
470,3.006239
471,3.056565
472,3.006239
473,2.872906
474,2.872906
475,2.872906
476,2.872906
477,2.822580
478,2.872906
479,2.872906
480,2.872906
481,2.739572
482,2.706891
483,2.599581
484,2.599581
485,2.466248
486,2.523231
487,2.472906
488,2.606239
489,2.739572
490,2.789898
491,2.822580
492,2.789898
493,3.006239
494,3.006239
495,3.006239
496,2.872906
497,2.872906
498,2.689246
499,2.505587
500,2.689246
501,2.505587
502,2.689246
503,2.689246
504,2.689246
505,2.689246
506,2.822580
507,2.872906
508,2.872906
509,2.872906
510,2.872906
511,2.923231
512,3.106891
513,3.056565
514,3.006239
515,3.006239
516,3.006239
517,2.789898
518,2.789898
519,2.606239
520,2.549255
521,2.549255
522,2.789898
523,2.656565
524,2.656565
525,2.606239
526,2.656565
527,2.656565
528,2.656565
529,2.689246
530,2.505587
531,2.472906
532,2.365596
533,2.472906
534,2.689246
535,2.505587
536,2.638921
537,2.638921
538,2.422580
539,2.606239
540,2.656565
541,2.706891
542,2.656565
543,2.472906
544,2.555913
545,2.472906
546,2.656565
547,2.789898
548,2.822580
549,2.789898
550,2.872906
551,3.056565
552,2.872906
553,2.656565
554,2.656565
555,2.656565
556,2.606239
557,2.389898
558,2.606239
559,2.789898
560,2.789898
561,2.682589
562,2.923231
563,2.923231
564,2.815922
565,2.923231
566,2.682589
567,2.923231
568,3.139572
569,3.006239
570,3.006239
571,3.006239
572,3.139572
573,3.189898
574,3.006239
575,3.006239
576,3.056565
577,2.923231
578,2.923231
579,2.872906
580,2.689246
581,2.689246
582,2.689246
583,2.606239
584,2.822580
585,2.739572
586,2.789898
587,2.840224
588,2.789898
589,2.923231
590,2.789898
591,2.822580
592,2.872906
593,3.056565
594,3.056565
595,3.006239
596,3.006239
597,3.006239
598,2.822580
599,2.822580
600,2.872906
601,2.689246
602,2.689246
603,2.689246
604,2.689246
605,2.739572
606,2.923231
607,2.923231
608,2.872906
609,2.872906
610,2.872906
611,3.056565
612,2.840224
613,2.840224
614,2.923231
615,3.056565
616,3.056565
617,3.056565
618,3.006239
619,2.923231
620,2.973557
621,2.789898
622,2.789898
623,2.822580
624,2.872906
625,2.872906
626,2.872906
627,3.006239
628,2.822580
629,2.872906
630,2.656565
631,2.656565
632,2.656565
633,2.606239
634,2.365596
635,2.472906
636,2.440224
637,2.573557
638,2.549255
639,2.606239
640,2.389898
641,2.440224
642,2.199581
643,2.199581
644,2.149255
645,2.199581
646,2.256565
647,2.472906
648,2.472906
649,2.606239
650,2.739572
651,2.789898
652,2.840224
653,2.789898
654,2.872906
655,3.056565
656,3.056565
657,2.973557
658,2.789898
659,2.789898
660,3.006239
661,3.006239
662,2.872906
663,2.872906
664,2.656565
665,2.789898
666,2.789898
667,2.822580
668,2.872906
669,2.872906
670,2.689246
671,2.656565
672,2.656565
673,2.739572
674,2.739572
675,2.872906
676,2.872906
677,2.739572
678,2.923231
679,2.923231
680,2.872906
681,2.872906
682,2.822580
683,2.789898
684,2.682589
685,2.732915
686,2.866248
687,2.866248
688,2.739572
689,2.606239
690,2.606239
691,2.606239
692,2.472906
693,2.472906
694,2.732915
695,2.840224
696,2.789898
697,2.789898
698,2.789898
699,3.006239
700,3.006239
701,3.006239
702,2.872906
703,2.872906
704,2.872906
705,2.656565
706,2.656565
707,2.573557
708,2.706891
709,2.682589
710,2.606239
711,2.422580
712,2.422580
713,2.422580
714,2.498930
715,2.498930
716,2.606239
717,2.549255
718,2.656565
719,2.840224
720,2.872906
721,3.006239
722,3.006239
723,2.822580
724,2.822580
725,2.822580
726,2.822580
727,2.822580
728,2.872906
729,2.872906
730,3.006239
731,3.006239
732,2.923231
733,3.139572
734,3.106891
735,2.973557
736,2.732915
737,2.732915
738,2.606239
739,2.732915
740,2.732915
741,2.682589
742,2.789898
743,2.656565
744,2.840224
745,2.706891
746,2.656565
747,2.739572
748,2.872906
749,2.872906
750,2.689246
751,2.656565
752,2.656565
753,2.789898
754,2.606239
755,2.656565
756,2.689246
757,2.606239
758,2.606239
759,2.789898
760,2.789898
761,2.822580
762,2.872906
763,2.689246
764,2.739572
765,2.739572
766,2.689246
767,2.689246
768,2.689246
769,2.638921
770,2.689246
771,2.505587
772,2.472906
773,2.472906
774,2.656565
775,2.549255
776,2.415922
777,2.415922
778,2.472906
779,2.440224
780,2.573557
781,2.332915
782,2.282589
783,2.389898
784,2.606239
785,2.606239
786,2.656565
787,2.706891
788,2.706891
789,2.656565
790,2.789898
791,2.739572
792,2.789898
793,2.872906
794,2.872906
795,3.006239
796,3.139572
797,3.189898
798,3.056565
799,3.106891
800,3.106891
801,3.056565
802,3.056565
803,2.840224
804,2.923231
805,2.923231
806,2.872906
807,2.789898
808,2.840224
809,2.872906
810,3.006239
811,3.006239
812,3.006239
813,3.056565
814,3.056565
815,2.872906
816,2.822580
817,2.822580
818,3.006239
819,2.872906
820,2.789898
821,2.822580
822,2.822580
823,2.606239
824,2.638921
825,2.606239
826,2.606239
827,2.739572
828,2.606239
829,2.689246
830,2.689246
831,2.606239
832,2.472906
833,2.606239
834,2.789898
835,2.872906
836,2.872906
837,2.923231
838,2.923231
839,2.923231
840,2.739572
841,2.689246
842,2.606239
843,2.523231
844,2.498930
845,2.466248
846,2.339572
847,2.339572
848,2.339572
849,2.466248
850,2.498930
851,2.365596
852,2.365596
853,2.365596
854,2.365596
855,2.606239
856,2.606239
857,2.523231
858,2.523231
859,2.573557
860,2.440224
861,2.440224
862,2.656565
863,2.689246
864,2.739572
865,2.689246
866,2.689246
867,2.822580
868,3.006239
869,3.056565
870,3.056565
871,3.106891
872,3.106891
873,3.106891
874,3.106891
875,3.106891
876,3.106891
877,3.240224
878,3.240224
879,3.189898
880,3.056565
881,3.106891
882,3.056565
883,3.056565
884,2.872906
885,2.739572
886,2.872906
887,2.872906
888,2.872906
889,3.006239
890,3.056565
891,2.923231
892,3.056565
893,3.006239
894,3.006239
895,2.789898
896,2.789898
897,2.789898
898,2.789898
899,2.789898
900,2.789898
901,2.872906
902,2.872906
903,2.872906
904,2.840224
905,2.840224
906,2.923231
907,2.923231
908,2.923231
909,2.872906
910,2.872906
911,2.739572
912,2.872906
913,2.789898
914,2.840224
915,2.599581
916,2.549255
917,2.549255
918,2.573557
919,2.706891
920,2.739572
921,2.606239
922,2.656565
923,2.840224
924,2.872906
925,3.006239
926,3.006239
927,2.822580
928,2.739572
929,2.822580
930,2.689246
931,2.872906
932,2.822580
933,2.822580
934,2.822580
935,2.872906
936,2.872906
937,3.056565
938,3.189898
939,3.189898
940,3.189898
941,3.056565
942,3.189898
943,3.006239
944,3.006239
945,3.006239
946,2.822580
947,2.822580
948,2.606239
949,2.573557
950,2.656565
951,2.739572
952,2.872906
953,2.789898
954,2.789898
955,2.789898
956,2.840224
957,2.840224
958,2.656565
959,2.549255
960,2.549255
961,2.789898
962,3.006239
963,3.139572
964,3.189898
965,3.106891
966,2.973557
967,3.056565
968,3.189898
969,3.240224
970,3.189898
971,3.189898
972,3.056565
973,3.006239
974,3.056565
975,3.056565
976,2.973557
977,3.006239
978,2.822580
979,2.872906
980,2.739572
981,2.789898
982,2.739572
983,2.872906
984,2.822580
985,2.822580
986,2.789898
987,2.872906
988,2.789898
989,2.606239
990,2.689246
991,2.689246
992,2.505587
993,2.505587
994,2.472906
995,2.689246
996,2.505587
997,2.472906
998,2.656565
999,2.706891
1000,2.656565
1001,2.789898
1002,2.872906
1003,2.789898
1004,2.789898
1005,2.789898
1006,2.840224
1007,2.840224
1008,2.656565
1009,2.789898
1010,2.923231
1011,2.923231
1012,2.923231
1013,2.923231
1014,2.923231
1015,3.006239
1016,3.006239
1017,3.006239
1018,3.056565
1019,2.872906
1020,2.872906
1021,2.656565
1022,2.549255
1023,2.415922
1024,2.549255
1025,2.599581
1026,2.706891
1027,2.840224
1028,2.973557
1029,2.840224
1030,2.840224
1031,2.872906
1032,3.056565
1033,3.106891
1034,3.056565
1035,3.056565
1036,3.106891
1037,3.106891
1038,3.106891
1039,3.106891
1040,2.923231
1041,2.923231
1042,2.923231
1043,2.872906
1044,3.056565
1045,2.872906
1046,2.872906
1047,3.056565
1048,2.973557
1049,2.973557
1050,2.973557
1051,2.923231
1052,2.682589
1053,2.682589
1054,2.498930
1055,2.739572
1056,2.739572
1057,2.739572
1058,2.955913
1059,2.822580
1060,2.822580
1061,2.789898
1062,2.606239
1063,2.656565
1064,2.656565
1065,2.840224
1066,2.840224
1067,2.840224
1068,2.923231
1069,2.923231
1070,2.872906
1071,3.006239
1072,3.006239
1073,3.056565
1074,3.056565
1075,2.923231
1076,2.789898
1077,2.923231
1078,2.923231
1079,2.923231
1080,2.973557
1081,2.973557
1082,2.923231
1083,2.872906
1084,2.689246
1085,2.472906
1086,2.422580
1087,2.606239
1088,2.789898
1089,2.789898
1090,2.789898
1091,2.606239
1092,2.822580
1093,2.689246
1094,2.689246
1095,2.872906
1096,3.006239
1097,2.923231
1098,2.923231
1099,3.006239
1100,3.006239
1101,3.006239
1102,3.006239
1103,3.056565
1104,2.872906
1105,2.872906
1106,2.656565
1107,2.656565
1108,2.656565
1109,2.656565
1110,2.656565
1111,2.840224
1112,2.732915
1113,2.732915
1114,2.840224
1115,2.840224
1116,2.789898
1117,2.549255
1118,2.599581
1119,2.549255
1120,2.682589
1121,2.789898
1122,2.789898
1123,2.549255
1124,2.549255
1125,2.656565
1126,2.549255
1127,2.656565
1128,2.706891
1129,2.840224
1130,2.923231
1131,2.923231
1132,3.106891
1133,3.106891
1134,3.106891
1135,3.056565
1136,2.872906
1137,2.689246
1138,2.872906
1139,3.006239
1140,2.789898
1141,2.789898
1142,2.732915
1143,2.599581
1144,2.706891
1145,2.706891
1146,2.923231
1147,2.872906
1148,2.872906
1149,2.656565
1150,2.872906
1151,2.872906
1152,2.789898
1153,2.789898
1154,2.840224
1155,3.056565
1156,2.872906
1157,2.872906
1158,2.789898
1159,3.006239
1160,3.006239
1161,3.139572
1162,3.189898
1163,3.006239
1164,3.006239
1165,2.955913
1166,2.822580
1167,3.006239
1168,2.923231
1169,2.789898
1170,2.789898
1171,2.840224
1172,2.732915
1173,2.732915
1174,2.732915
1175,2.840224
1176,2.656565
1177,2.656565
1178,2.656565
1179,2.689246
1180,2.689246
1181,2.872906
1182,2.923231
1183,2.973557
1184,3.106891
1185,3.056565
1186,3.056565
1187,3.056565
1188,3.106891
1189,3.056565
1190,3.006239
1191,2.822580
1192,2.822580
1193,2.606239
1194,2.389898
1195,2.606239
1196,2.656565
1197,2.689246
1198,2.606239
1199,2.389898
1200,2.389898
1201,2.472906
1202,2.555913
1203,2.505587
1204,2.505587
1205,2.689246
1206,2.689246
1207,2.472906
1208,2.472906
1209,2.689246
1210,2.689246
1211,2.689246
1212,2.555913
1213,2.472906
1214,2.656565
1215,2.599581
1216,2.732915
1217,2.732915
1218,2.732915
1219,2.599581
1220,2.840224
1221,2.840224
1222,2.706891
1223,2.739572
1224,2.689246
1225,2.689246
1226,2.656565
1227,2.656565
1228,2.656565
1229,2.706891
1230,2.706891
1231,2.840224
1232,2.789898
1233,2.822580
1234,2.606239
1235,2.389898
1236,2.389898
1237,2.389898
1238,2.523231
1239,2.573557
1240,2.573557
1241,2.466248
1242,2.573557
1243,2.789898
1244,3.006239
1245,3.056565
1246,2.973557
1247,3.106891
1248,3.189898
1249,3.240224
1250,3.056565
1251,2.840224
1252,2.789898
1253,2.573557
1254,2.789898
1255,2.973557
1256,3.189898
1257,3.189898
1258,3.006239
1259,3.006239
1260,2.973557
1261,3.056565
1262,3.056565
1263,3.006239
1264,2.923231
1265,3.006239
1266,3.056565
1267,3.056565
1268,3.056565
1269,3.056565
1270,3.006239
1271,2.923231
1272,2.789898
1273,2.656565
1274,2.872906
1275,2.822580
1276,2.606239
1277,2.739572
1278,2.923231
1279,2.923231
1280,2.789898
1281,2.789898
1282,2.606239
1283,2.606239
1284,2.789898
1285,2.789898
1286,2.789898
1287,2.822580
1288,2.789898
1289,2.656565
1290,2.656565
1291,2.656565
1292,2.872906
1293,2.822580
1294,3.006239
1295,2.923231
1296,2.973557
1297,2.973557
1298,2.840224
1299,2.923231
1300,3.056565
1301,3.056565
1302,3.056565
1303,2.872906
1304,2.923231
1305,2.923231
1306,2.872906
1307,2.923231
1308,2.923231
1309,2.923231
1310,2.923231
1311,2.872906
1312,2.872906
1313,2.739572
1314,2.789898
1315,2.739572
1316,2.789898
1317,2.789898
1318,2.789898
1319,2.923231
1320,2.923231
1321,2.923231
1322,2.872906
1323,2.872906
1324,2.923231
1325,2.872906
1326,2.789898
1327,2.573557
1328,2.549255
1329,2.789898
1330,2.973557
1331,3.056565
1332,3.056565
1333,2.923231
1334,2.872906
1335,2.789898
1336,2.822580
1337,2.872906
1338,2.872906
1339,2.872906
1340,2.872906
1341,2.872906
1342,2.822580
1343,2.606239
1344,2.739572
1345,2.822580
1346,2.822580
1347,2.638921
1348,2.638921
1349,2.689246
1350,2.822580
1351,2.872906
1352,2.840224
1353,2.840224
1354,2.973557
1355,2.840224
1356,2.840224
1357,2.840224
1358,2.599581
1359,2.656565
1360,2.739572
1361,2.739572
1362,2.739572
1363,2.739572
1364,2.872906
1365,3.006239
1366,2.872906
1367,3.006239
1368,2.923231
1369,2.923231
1370,2.973557
1371,2.840224
1372,2.872906
1373,2.656565
1374,2.606239
1375,2.656565
1376,2.689246
1377,2.739572
1378,2.923231
1379,2.872906
1380,3.056565
1381,3.056565
1382,2.872906
1383,3.006239
1384,3.056565
1385,3.056565
1386,2.923231
1387,2.923231
1388,3.056565
1389,3.056565
1390,2.973557
1391,2.840224
1392,2.923231
1393,2.872906
1394,2.789898
1395,2.573557
1396,2.389898
1397,2.365596
1398,2.365596
1399,2.282589
1400,2.282589
1401,2.282589
1402,2.282589
1403,2.498930
1404,2.606239
1405,2.656565
1406,2.656565
1407,2.656565
1408,2.706891
1409,2.840224
1410,2.840224
1411,2.840224
1412,2.706891
1413,2.599581
1414,2.599581
1415,2.549255
1416,2.573557
1417,2.466248
1418,2.339572
1419,2.339572
1420,2.466248
1421,2.466248
1422,2.573557
1423,2.389898
1424,2.422580
1425,2.472906
1426,2.440224
1427,2.440224
1428,2.472906
1429,2.472906
1430,2.389898
1431,2.389898
1432,2.422580
1433,2.422580
1434,2.206239
1435,2.206239
1436,2.256565
1437,2.472906
1438,2.505587
1439,2.689246
1440,2.689246
1441,2.689246
1442,2.872906
1443,2.923231
1444,2.923231
1445,2.923231
1446,2.872906
1447,2.872906
1448,2.789898
1449,2.923231
1450,2.923231
1451,2.923231
1452,2.789898
1453,2.656565
1454,2.689246
1455,2.656565
1456,2.656565
1457,2.573557
1458,2.656565
1459,2.689246
1460,2.656565
1461,2.840224
1462,2.706891
1463,2.840224
1464,2.923231
1465,3.056565
1466,3.006239
1467,2.923231
1468,2.923231
1469,2.789898
1470,2.739572
1471,2.739572
1472,2.498930
1473,2.549255
1474,2.549255
1475,2.682589
1476,2.866248
1477,2.866248
1478,2.973557
1479,3.006239
1480,3.006239
1481,3.056565
1482,3.056565
1483,3.056565
1484,3.006239
1485,2.789898
1486,2.789898
1487,2.789898
1488,2.789898
1489,2.706891
1490,2.706891
1491,2.466248
1492,2.466248
1493,2.332915
1494,2.573557
1495,2.706891
1496,2.789898
1497,2.923231
1498,2.739572
1499,2.789898
1500,2.789898
1501,2.789898
1502,2.789898
1503,2.872906
1504,2.789898
1505,2.923231
1506,3.006239
1507,2.789898
1508,2.573557
1509,2.789898
1510,2.789898
1511,2.789898
1512,2.923231
1513,2.866248
1514,2.866248
1515,2.923231
1516,3.006239
1517,2.789898
1518,2.656565
1519,2.872906
1520,2.789898
1521,2.872906
1522,2.872906
1523,2.923231
1524,2.872906
1525,2.656565
1526,2.789898
1527,2.840224
1528,2.840224
1529,2.872906
1530,2.840224
1531,2.656565
1532,2.440224
1533,2.472906
1534,2.389898
1535,2.306891
1536,2.306891
1537,2.282589
1538,2.282589
1539,2.389898
1540,2.173557
1541,2.173557
1542,2.389898
1543,2.365596
1544,2.549255
1545,2.682589
1546,2.789898
1547,2.872906
1548,2.923231
1549,3.056565
1550,3.189898
1551,3.240224
1552,3.240224
1553,3.189898
1554,3.056565
1555,3.056565
1556,3.056565
1557,3.056565
1558,3.056565
1559,3.006239
1560,3.006239
1561,3.006239
1562,3.006239
1563,3.006239
1564,3.139572
1565,3.056565
1566,3.106891
1567,2.973557
1568,3.006239
1569,3.006239
1570,3.006239
1571,3.056565
1572,3.056565
1573,2.923231
1574,2.923231
1575,2.872906
1576,2.789898
1577,2.549255
1578,2.549255
1579,2.549255
1580,2.549255
1581,2.549255
1582,2.656565
1583,2.549255
1584,2.599581
1585,2.466248
1586,2.523231
1587,2.656565
1588,2.549255
1589,2.732915
1590,2.789898
1591,2.872906
1592,3.056565
1593,3.056565
1594,3.056565
1595,3.056565
1596,2.872906
1597,3.056565
1598,3.189898
1599,3.006239
1600,3.056565
1601,2.840224
1602,2.789898
1603,2.789898
1604,2.872906
1605,2.872906
1606,2.923231
1607,2.923231
1608,2.923231
1609,2.923231
1610,2.923231
1611,2.872906
1612,2.789898
1613,2.682589
1614,2.815922
1615,2.866248
1616,2.732915
1617,2.549255
1618,2.415922
1619,2.656565
1620,2.656565
1621,2.656565
1622,2.440224
1623,2.573557
1624,2.789898
1625,2.789898
1626,2.973557
1627,2.973557
1628,2.840224
1629,3.056565
1630,3.006239
1631,2.973557
1632,3.106891
1633,3.106891
1634,2.923231
1635,2.739572
1636,2.739572
1637,2.606239
1638,2.472906
1639,2.689246
1640,2.689246
1641,2.689246
1642,2.689246
1643,2.739572
1644,2.739572
1645,2.689246
1646,2.472906
1647,2.606239
1648,2.606239
1649,2.789898
1650,2.789898
1651,2.789898
1652,2.656565
1653,2.656565
1654,2.656565
1655,2.656565
1656,2.656565
1657,2.739572
1658,2.523231
1659,2.415922
1660,2.415922
1661,2.523231
1662,2.656565
1663,2.656565
1664,2.656565
1665,2.689246
1666,2.638921
1667,2.606239
1668,2.573557
1669,2.573557
1670,2.573557
1671,2.466248
1672,2.466248
1673,2.573557
1674,2.606239
1675,2.549255
1676,2.606239
1677,2.789898
1678,2.840224
1679,2.840224
1680,2.923231
1681,2.872906
1682,2.872906
1683,3.056565
1684,3.056565
1685,2.923231
1686,2.923231
1687,2.923231
1688,2.923231
1689,2.739572
1690,2.872906
1691,2.872906
1692,2.822580
1693,2.872906
1694,2.656565
1695,2.789898
1696,2.739572
1697,2.523231
1698,2.389898
1699,2.606239
1700,2.822580
1701,2.822580
1702,2.822580
1703,2.872906
1704,2.872906
1705,2.739572
1706,2.739572
1707,2.555913
1708,2.472906
1709,2.365596
1710,2.415922
1711,2.472906
1712,2.505587
1713,2.689246
1714,2.689246
1715,2.656565
1716,2.656565
1717,2.472906
1718,2.472906
1719,2.656565
1720,2.606239
1721,2.606239
1722,2.606239
1723,2.689246
1724,2.656565
1725,2.656565
1726,2.840224
1727,2.840224
1728,2.840224
1729,2.840224
1730,2.789898
1731,2.923231
1732,2.789898
1733,2.822580
1734,2.822580
1735,2.872906
1736,3.006239
1737,2.872906
1738,2.872906
1739,2.872906
1740,2.923231
1741,2.840224
1742,2.973557
1743,2.923231
1744,2.923231
1745,2.923231
1746,2.923231
1747,2.866248
1748,2.732915
1749,2.599581
1750,2.472906
1751,2.549255
1752,2.606239
1753,2.606239
1754,2.689246
1755,2.689246
1756,2.689246
1757,2.822580
1758,2.822580
1759,2.872906
1760,2.872906
1761,2.689246
1762,2.656565
1763,2.706891
1764,2.923231
1765,2.923231
1766,2.923231
1767,3.106891
1768,3.106891
1769,3.056565
1770,3.106891
1771,3.056565
1772,3.056565
1773,3.106891
1774,3.056565
1775,3.056565
1776,3.056565
1777,3.056565
1778,3.106891
1779,3.056565
1780,3.056565
1781,3.189898
1782,3.189898
1783,3.139572
1784,3.006239
1785,3.006239
1786,2.822580
1787,2.822580
1788,3.006239
1789,3.006239
1790,2.872906
1791,2.872906
1792,2.872906
1793,2.789898
1794,3.006239
1795,3.006239
1796,2.789898
1797,2.973557
1798,3.056565
1799,3.056565
1800,2.923231
1801,2.872906
1802,2.872906
1803,2.872906
1804,2.872906
1805,2.656565
1806,2.656565
1807,2.656565
1808,2.606239
1809,2.606239
1810,2.689246
1811,2.739572
1812,2.706891
1813,2.706891
1814,2.656565
1815,2.789898
1816,2.606239
1817,2.606239
1818,2.606239
1819,2.606239
1820,2.789898
1821,2.973557
1822,3.056565
1823,3.240224
1824,3.189898
1825,3.056565
1826,2.923231
1827,3.056565
1828,3.056565
1829,2.872906
1830,2.872906
1831,2.923231
1832,2.923231
1833,2.973557
1834,2.923231
1835,2.923231
1836,3.056565
1837,3.056565
1838,3.006239
1839,3.006239
1840,3.006239
1841,3.006239
1842,3.006239
1843,3.056565
1844,2.872906
1845,2.923231
1846,3.056565
1847,3.056565
1848,3.240224
1849,3.189898
1850,3.006239
1851,3.056565
1852,3.056565
1853,3.056565
1854,3.056565
1855,3.056565
1856,3.056565
1857,3.056565
1858,3.106891
1859,3.056565
1860,2.923231
1861,2.739572
1862,2.739572
1863,2.739572
1864,2.872906
1865,2.872906
1866,2.872906
1867,3.006239
1868,3.006239
1869,3.189898
1870,3.189898
1871,3.139572
1872,3.139572
1873,3.189898
1874,3.139572
1875,3.139572
1876,3.006239
1877,2.973557
1878,2.973557
1879,2.923231
1880,2.789898
1881,2.789898
1882,2.549255
1883,2.732915
1884,2.472906
1885,2.549255
1886,2.466248
1887,2.332915
1888,2.389898
1889,2.389898
1890,2.149255
1891,2.149255
1892,2.072906
1893,2.332915
1894,2.389898
1895,2.606239
1896,2.549255
1897,2.549255
1898,2.732915
1899,2.732915
1900,2.840224
1901,2.872906
1902,3.056565
1903,3.056565
1904,2.872906
1905,3.056565
1906,2.840224
1907,2.840224
1908,2.789898
1909,2.789898
1910,2.789898
1911,2.789898
1912,2.789898
1913,2.789898
1914,2.682589
1915,2.549255
1916,2.549255
1917,2.549255
1918,2.549255
1919,2.472906
1920,2.599581
1921,2.549255
1922,2.656565
1923,2.656565
1924,2.840224
1925,2.840224
1926,2.789898
1927,2.923231
1928,3.006239
1929,3.139572
1930,3.139572
1931,2.955913
1932,3.006239
1933,2.822580
1934,2.822580
1935,2.872906
1936,3.006239
1937,3.006239
1938,2.872906
1939,2.656565
1940,2.689246
1941,2.872906
1942,2.872906
1943,2.923231
1944,2.739572
1945,2.689246
1946,2.739572
1947,2.789898
1948,2.973557
1949,2.923231
1950,2.872906
1951,2.923231
1952,2.973557
1953,2.973557
1954,2.923231
1955,2.872906
1956,2.872906
1957,2.789898
1958,2.923231
1959,2.682589
1960,2.682589
1961,2.466248
1962,2.573557
1963,2.606239
1964,2.549255
1965,2.549255
1966,2.472906
1967,2.599581
1968,2.599581
1969,2.656565
1970,2.606239
1971,2.606239
1972,2.689246
1973,2.689246
1974,2.872906
1975,2.923231
1976,3.106891
1977,3.106891
1978,3.106891
1979,3.106891
1980,3.056565
1981,3.006239
1982,3.006239
1983,2.923231
1984,2.789898
1985,2.789898
1986,2.706891
1987,2.682589
1988,2.866248
1989,2.866248
1990,2.732915
1991,2.472906
1992,2.330125
1993,2.196792
1994,2.330125
1995,2.472906
1996,2.472906
1997,2.732915
1998,2.599581
1999,2.599581
2000,2.656565
2001,2.689246
2002,2.656565
2003,2.656565
2004,2.573557
2005,2.389898
2006,2.523231
2007,2.282589
2008,2.041946
2009,2.041946
2010,2.041946
2011,2.022580
2012,2.206239
2013,2.339572
2014,2.339572
2015,2.422580
2016,2.549255
2017,2.656565
2018,2.689246
2019,2.656565
2020,2.440224
2021,2.440224
2022,2.573557
2023,2.656565
2024,2.656565
2025,2.573557
2026,2.789898
2027,2.789898
2028,2.822580
2029,2.872906
2030,3.056565
2031,2.840224
2032,2.973557
2033,2.973557
2034,2.973557
2035,2.732915
2036,2.732915
2037,2.840224
2038,3.056565
2039,2.872906
2040,2.656565
2041,2.656565
2042,2.739572
2043,2.706891
2044,2.706891
2045,2.656565
2046,2.656565
2047,2.789898
2048,2.872906
2049,2.872906
2050,2.789898
2051,2.789898
2052,2.789898
2053,2.789898
2054,2.789898
2055,2.789898
2056,2.923231
2057,2.973557
2058,2.973557
2059,2.789898
2060,2.573557
2061,2.389898
2062,2.606239
2063,2.606239
2064,2.606239
2065,2.389898
2066,2.523231
2067,2.523231
2068,2.573557
2069,2.706891
2070,2.739572
2071,2.822580
2072,3.006239
2073,3.056565
2074,3.056565
2075,3.056565
2076,3.056565
2077,3.106891
2078,2.923231
2079,2.923231
2080,2.872906
2081,2.689246
2082,2.606239
2083,2.689246
2084,2.555913
2085,2.523231
2086,2.472906
2087,2.472906
2088,2.472906
2089,2.472906
2090,2.415922
2091,2.155913
2092,2.289246
2093,2.549255
2094,2.415922
2095,2.332915
2096,2.332915
2097,2.149255
2098,2.149255
2099,2.282589
2100,2.365596
2101,2.422580
2102,2.422580
2103,2.365596
2104,2.365596
2105,2.289246
2106,2.289246
2107,2.289246
2108,2.072906
2109,2.199581
2110,2.332915
2111,2.149255
2112,2.389898
2113,2.282589
2114,2.225605
2115,2.225605
2116,2.466248
2117,2.706891
2118,2.923231
2119,2.923231
2120,2.923231
2121,2.789898
2122,2.872906
2123,2.872906
2124,2.789898
2125,2.923231
2126,2.789898
2127,2.606239
2128,2.549255
2129,2.656565
2130,2.656565
2131,2.840224
2132,2.732915
2133,2.732915
2134,2.973557
2135,3.006239
2136,3.006239
2137,3.006239
2138,2.789898
2139,2.840224
2140,3.056565
2141,3.056565
2142,2.872906
2143,2.923231
2144,3.106891
2145,3.106891
2146,3.106891
2147,3.106891
2148,3.106891
2149,3.106891
2150,3.106891
2151,2.973557
2152,2.973557
2153,2.973557
2154,2.923231
2155,2.923231
2156,2.923231
2157,2.923231
2158,3.056565
2159,3.056565
2160,3.056565
2161,2.840224
2162,2.872906
2163,2.872906
2164,2.872906
2165,3.006239
2166,3.056565
2167,2.872906
2168,2.822580
2169,2.872906
2170,2.872906
2171,2.789898
2172,2.549255
2173,2.549255
2174,2.549255
2175,2.656565
2176,2.656565
2177,2.549255
2178,2.422580
2179,2.422580
2180,2.422580
2181,2.422580
2182,2.498930
2183,2.498930
2184,2.282589
2185,2.066248
2186,2.066248
2187,2.066248
2188,2.066248
2189,2.066248
2190,2.282589
2191,2.282589
2192,2.365596
2193,2.415922
2194,2.365596
2195,2.549255
2196,2.466248
2197,2.466248
2198,2.573557
2199,2.573557
2200,2.789898
2201,2.606239
2202,2.573557
2203,2.573557
2204,2.606239
2205,2.523231
2206,2.523231
2207,2.739572
2208,2.739572
2209,2.923231
2210,3.139572
2211,3.139572
2212,2.955913
2213,2.822580
2214,2.689246
2215,2.505587
2216,2.689246
2217,2.689246
2218,2.689246
2219,2.872906
2220,2.689246
2221,2.689246
2222,2.739572
2223,2.923231
2224,2.923231
2225,2.872906
2226,2.872906
2227,2.872906
2228,2.822580
2229,2.689246
2230,2.689246
2231,2.656565
2232,2.872906
2233,2.872906
2234,2.872906
2235,3.056565
2236,3.106891
2237,3.056565
2238,2.872906
2239,2.789898
2240,2.739572
2241,2.606239
2242,2.606239
2243,2.789898
2244,2.840224
2245,2.872906
2246,2.739572
2247,2.555913
2248,2.472906
2249,2.472906
2250,2.389898
2251,2.573557
2252,2.789898
2253,2.789898
2254,2.573557
2255,2.332915
2256,2.549255
2257,2.732915
2258,2.682589
2259,2.732915
2260,2.606239
2261,2.330125
2262,2.472906
2263,2.732915
2264,2.789898
2265,2.656565
2266,2.606239
2267,2.656565
2268,2.656565
2269,2.656565
2270,2.872906
2271,2.789898
2272,2.606239
2273,2.789898
2274,2.789898
2275,2.840224
2276,2.732915
2277,2.606239
2278,2.739572
2279,2.596792
2280,2.463458
2281,2.606239
2282,2.463458
2283,2.555913
2284,2.422580
2285,2.238921
2286,2.365596
2287,2.365596
2288,2.149255
2289,2.389898
2290,2.389898
2291,2.606239
2292,2.789898
2293,2.872906
2294,2.789898
2295,2.872906
2296,3.056565
2297,2.872906
2298,2.789898
2299,2.872906
2300,2.923231
2301,2.923231
2302,2.923231
2303,2.739572
2304,2.739572
2305,2.523231
2306,2.523231
2307,2.739572
2308,2.739572
2309,2.739572
2310,2.789898
2311,2.739572
2312,2.689246
2313,2.656565
2314,2.523231
2315,2.472906
2316,2.422580
2317,2.606239
2318,2.606239
2319,2.689246
2320,2.822580
2321,3.006239
2322,3.006239
2323,2.872906
2324,2.840224
2325,2.872906
2326,2.872906
2327,2.840224
2328,2.840224
2329,2.732915
2330,2.789898
2331,2.706891
2332,2.789898
2333,2.606239
2334,2.573557
2335,2.523231
2336,2.523231
2337,2.606239
2338,2.606239
2339,2.789898
2340,2.656565
2341,2.789898
2342,2.789898
2343,3.006239
2344,2.822580
2345,2.822580
2346,2.739572
2347,2.923231
2348,2.923231
2349,2.682589
2350,2.466248
2351,2.466248
2352,2.466248
2353,2.332915
2354,2.549255
2355,2.549255
2356,2.606239
2357,2.606239
2358,2.498930
2359,2.549255
2360,2.789898
2361,2.789898
2362,2.789898
2363,2.789898
2364,2.656565
2365,2.739572
2366,2.872906
2367,3.056565
2368,3.056565
2369,2.872906
2370,2.739572
2371,2.739572
2372,2.689246
2373,2.689246
2374,2.872906
2375,2.923231
2376,3.106891
2377,3.056565
2378,3.056565
2379,2.872906
2380,2.822580
2381,2.606239
2382,2.606239
2383,2.523231
2384,2.389898
2385,2.606239
2386,2.638921
2387,2.606239
2388,2.389898
2389,2.389898
2390,2.472906
2391,2.389898
2392,2.573557
2393,2.466248
2394,2.466248
2395,2.573557
2396,2.466248
2397,2.498930
2398,2.282589
2399,2.238921
2400,2.238921
2401,2.289246
2402,2.422580
2403,2.549255
2404,2.606239
2405,2.656565
2406,2.872906
2407,3.056565
2408,3.106891
2409,3.056565
2410,3.056565
2411,3.106891
2412,3.106891
2413,2.923231
2414,3.056565
2415,3.056565
2416,3.056565
2417,3.056565
2418,3.106891
2419,3.056565
2420,3.006239
2421,3.056565
2422,3.006239
2423,2.872906
2424,2.923231
2425,2.923231
2426,2.923231
2427,2.923231
2428,3.056565
2429,3.056565
2430,3.056565
2431,3.056565
2432,3.056565
2433,3.056565
2434,2.840224
2435,2.840224
2436,2.656565
2437,2.656565
2438,2.840224
2439,2.840224
2440,2.973557
2441,2.789898
2442,2.789898
2443,2.973557
2444,3.056565
2445,3.106891
2446,3.056565
2447,3.056565
2448,3.056565
2449,3.056565
2450,3.056565
2451,3.189898
2452,3.189898
2453,3.189898
2454,3.189898
2455,3.240224
2456,3.240224
2457,3.240224
2458,3.189898
2459,3.240224
2460,3.240224
2461,3.056565
2462,2.973557
2463,3.106891
2464,3.106891
2465,3.189898
2466,3.056565
2467,3.106891
2468,3.056565
2469,3.189898
2470,3.139572
2471,3.006239
2472,2.789898
2473,2.606239
2474,2.789898
2475,2.656565
2476,2.656565
2477,2.606239
2478,2.606239
2479,2.573557
2480,2.706891
2481,2.706891
2482,2.573557
2483,2.706891
2484,2.789898
2485,2.872906
2486,2.656565
2487,2.573557
2488,2.332915
2489,2.332915
2490,2.389898
2491,2.606239
2492,2.689246
2493,2.739572
2494,2.923231
2495,2.923231
2496,2.872906
2497,2.872906
2498,2.872906
2499,2.872906
2500,2.923231
2501,2.739572
2502,2.739572
2503,2.689246
2504,2.822580
2505,2.955913
2506,2.923231
2507,2.923231
2508,2.923231
2509,3.006239
2510,3.189898
2511,3.139572
2512,3.189898
2513,3.189898
2514,3.006239
2515,3.056565
2516,3.056565
2517,3.006239
2518,2.789898
2519,2.549255
2520,2.466248
2521,2.466248
2522,2.466248
2523,2.466248
2524,2.466248
2525,2.466248
2526,2.466248
2527,2.682589
2528,2.599581
2529,2.815922
2530,2.923231
2531,3.006239
2532,3.189898
2533,3.189898
2534,3.106891
2535,3.056565
2536,3.106891
2537,3.106891
2538,2.973557
2539,2.973557
2540,2.973557
2541,3.056565
2542,2.872906
2543,2.689246
2544,2.689246
2545,2.689246
2546,2.689246
2547,2.739572
2548,2.872906
2549,2.656565
2550,2.789898
2551,2.923231
2552,2.815922
2553,2.815922
2554,2.923231
2555,2.866248
2556,2.866248
2557,2.866248
2558,2.732915
2559,2.789898
2560,2.549255
2561,2.656565
2562,2.606239
2563,2.549255
2564,2.656565
2565,2.523231
2566,2.415922
2567,2.472906
2568,2.606239
2569,2.656565
2570,2.739572
2571,2.739572
2572,2.656565
2573,2.656565
2574,2.415922
2575,2.472906
2576,2.606239
2577,2.389898
2578,2.606239
2579,2.689246
2580,2.606239
2581,2.606239
2582,2.656565
2583,2.599581
2584,2.732915
2585,2.732915
2586,2.732915
2587,2.789898
2588,2.789898
2589,2.822580
2590,2.822580
2591,2.789898
2592,2.606239
2593,2.606239
2594,2.472906
2595,2.472906
2596,2.472906
2597,2.472906
2598,2.606239
2599,2.422580
2600,2.422580
2601,2.389898
2602,2.606239
2603,2.789898
2604,2.789898
2605,2.789898
2606,2.739572
2607,2.606239
2608,2.498930
2609,2.682589
2610,2.739572
2611,2.923231
2612,2.973557
2613,2.789898
2614,2.872906
2615,3.006239
2616,3.189898
2617,3.189898
2618,3.056565
2619,3.056565
2620,3.056565
2621,3.006239
2622,3.139572
2623,3.006239
2624,2.923231
2625,2.789898
2626,2.682589
2627,2.682589
2628,2.549255
2629,2.682589
2630,2.923231
2631,2.789898
2632,2.789898
2633,2.872906
2634,3.056565
2635,3.056565
2636,2.872906
2637,3.056565
2638,3.056565
2639,3.056565
2640,3.056565
2641,3.056565
2642,3.056565
2643,3.056565
2644,3.056565
2645,3.056565
2646,2.872906
2647,2.872906
2648,2.656565
2649,2.656565
2650,2.840224
2651,2.973557
2652,3.106891
2653,3.106891
2654,3.106891
2655,2.923231
2656,2.840224
2657,2.923231
2658,3.006239
2659,2.973557
2660,2.840224
2661,2.789898
2662,2.789898
2663,2.789898
2664,2.606239
2665,2.365596
2666,2.415922
2667,2.332915
2668,2.389898
2669,2.389898
2670,2.389898
2671,2.472906
2672,2.656565
2673,2.606239
2674,2.656565
2675,2.599581
2676,2.599581
2677,2.656565
2678,2.523231
2679,2.739572
2680,2.872906
2681,2.872906
2682,2.872906
2683,2.789898
2684,2.789898
2685,2.789898
2686,2.822580
2687,3.006239
2688,3.056565
2689,3.006239
2690,3.056565
2691,3.006239
2692,2.872906
2693,2.872906
2694,2.656565
2695,2.872906
2696,2.789898
2697,2.732915
2698,2.599581
2699,2.599581
2700,2.732915
2701,2.732915
2702,2.732915
2703,2.732915
2704,2.840224
2705,2.789898
2706,2.789898
2707,2.973557
2708,2.923231
2709,3.006239
2710,2.955913
2711,3.006239
2712,3.006239
2713,3.006239
2714,3.006239
2715,2.789898
2716,2.656565
2717,2.789898
2718,2.606239
2719,2.606239
2720,2.656565
2721,2.656565
2722,2.689246
2723,2.656565
2724,2.872906
2725,2.872906
2726,3.006239
2727,2.955913
2728,2.955913
2729,3.006239
2730,3.006239
2731,3.006239
2732,3.006239
2733,3.006239
2734,3.006239
2735,2.872906
2736,3.006239
2737,2.973557
2738,3.006239
2739,3.056565
2740,3.006239
2741,2.973557
2742,3.006239
2743,2.872906
2744,2.872906
2745,2.739572
2746,2.739572
2747,2.689246
2748,2.739572
2749,2.706891
2750,2.739572
2751,2.739572
2752,2.872906
2753,2.872906
2754,3.006239
2755,3.056565
2756,2.872906
2757,2.822580
2758,2.789898
2759,2.706891
2760,2.573557
2761,2.606239
2762,2.739572
2763,2.523231
2764,2.523231
2765,2.606239
2766,2.422580
2767,2.206239
2768,2.389898
2769,2.472906
2770,2.472906
2771,2.472906
2772,2.472906
2773,2.472906
2774,2.656565
2775,2.840224
2776,2.840224
2777,2.973557
2778,2.789898
2779,2.872906
2780,2.923231
2781,2.923231
2782,2.739572
2783,2.689246
2784,2.472906
2785,2.656565
2786,2.689246
2787,2.822580
2788,2.822580
2789,2.872906
2790,2.923231
2791,2.923231
2792,3.056565
2793,2.872906
2794,2.789898
2795,2.656565
2796,2.706891
2797,2.706891
2798,2.656565
2799,2.523231
2800,2.656565
2801,2.549255
2802,2.549255
2803,2.656565
2804,2.872906
2805,2.822580
2806,2.606239
2807,2.789898
2808,2.732915
2809,2.732915
2810,2.866248
2811,2.732915
2812,2.606239
2813,2.330125
2814,2.330125
2815,2.606239
2816,2.555913
2817,2.555913
2818,2.815922
2819,2.999581
2820,3.106891
2821,3.139572
2822,3.189898
2823,3.189898
2824,3.056565
2825,2.872906
2826,2.872906
2827,2.872906
2828,2.822580
2829,2.822580
2830,2.822580
2831,2.822580
2832,2.689246
2833,2.656565
2834,2.706891
2835,2.706891
2836,2.923231
2837,2.923231
2838,2.739572
2839,2.739572
2840,2.872906
2841,2.872906
2842,2.923231
2843,2.923231
2844,2.872906
2845,3.056565
2846,3.189898
2847,3.189898
2848,3.240224
2849,3.056565
2850,3.056565
2851,3.056565
2852,2.923231
2853,3.056565
2854,3.056565
2855,3.240224
2856,3.056565
2857,3.006239
2858,2.872906
2859,3.006239
2860,3.189898
2861,3.240224
2862,3.240224
2863,3.240224
2864,3.056565
2865,3.006239
2866,3.056565
2867,3.056565
2868,2.872906
2869,2.872906
2870,2.689246
2871,2.739572
2872,2.739572
2873,2.706891
2874,2.523231
2875,2.555913
2876,2.472906
2877,2.656565
2878,2.789898
2879,2.789898
2880,2.739572
2881,2.739572
2882,2.789898
2883,2.789898
2884,2.789898
2885,2.872906
2886,2.872906
2887,2.822580
2888,2.822580
2889,2.822580
2890,2.606239
2891,2.523231
2892,2.523231
2893,2.282589
2894,2.282589
2895,2.282589
2896,2.282589
2897,2.365596
2898,2.549255
2899,2.498930
2900,2.523231
2901,2.573557
2902,2.573557
2903,2.549255
2904,2.682589
2905,2.732915
2906,2.732915
2907,2.732915
2908,2.732915
2909,2.732915
2910,2.606239
2911,2.732915
2912,2.789898
2913,2.923231
2914,2.955913
2915,3.139572
2916,3.106891
2917,3.106891
2918,3.106891
2919,2.923231
2920,2.789898
2921,2.872906
2922,2.840224
2923,2.973557
2924,2.973557
2925,2.973557
2926,2.973557
2927,2.973557
2928,2.840224
2929,2.840224
2930,2.840224
2931,2.872906
2932,2.822580
2933,2.689246
2934,2.689246
2935,2.472906
2936,2.505587
2937,2.689246
2938,2.872906
2939,3.006239
2940,3.006239
2941,2.923231
2942,3.006239
2943,2.872906
2944,2.689246
2945,2.689246
2946,2.689246
2947,2.689246
2948,2.472906
2949,2.389898
2950,2.523231
2951,2.523231
2952,2.706891
2953,2.789898
2954,2.872906
2955,3.056565
2956,3.056565
2957,3.006239
2958,3.056565
2959,3.006239
2960,3.006239
2961,2.872906
2962,2.872906
2963,2.840224
2964,2.840224
2965,2.840224
2966,2.973557
2967,3.056565
2968,3.056565
2969,3.056565
2970,3.006239
2971,2.872906
2972,3.006239
2973,2.872906
2974,2.872906
2975,2.872906
2976,2.656565
2977,2.656565
2978,2.656565
2979,2.872906
2980,2.789898
2981,2.872906
2982,2.689246
2983,2.739572
2984,2.739572
2985,2.656565
2986,2.656565
2987,2.523231
2988,2.472906
2989,2.606239
2990,2.365596
2991,2.365596
2992,2.472906
2993,2.415922
2994,2.466248
2995,2.599581
2996,2.656565
2997,2.739572
2998,2.872906
2999,2.923231
3000,2.973557
3001,2.973557
3002,3.106891
3003,3.106891
3004,3.056565
3005,3.056565
3006,2.923231
3007,2.923231
3008,2.923231
3009,2.923231
3010,3.106891
3011,2.923231
3012,2.923231
3013,3.056565
3014,3.056565
3015,3.006239
3016,3.006239
3017,3.189898
3018,3.189898
3019,3.189898
3020,3.189898
3021,3.139572
3022,3.189898
3023,3.139572
3024,2.923231
3025,2.923231
3026,2.955913
3027,2.822580
3028,2.822580
3029,2.955913
3030,2.923231
3031,2.789898
3032,2.789898
3033,2.872906
3034,2.923231
3035,2.739572
3036,2.739572
3037,2.872906
3038,2.872906
3039,2.872906
3040,2.872906
3041,2.872906
3042,2.923231
3043,2.923231
3044,2.872906
3045,3.056565
3046,3.056565
3047,3.106891
3048,3.056565
3049,2.923231
3050,2.739572
3051,2.739572
3052,2.739572
3053,2.739572
3054,2.689246
3055,2.656565
3056,2.440224
3057,2.389898
3058,2.149255
3059,2.149255
3060,2.149255
3061,2.282589
3062,2.389898
3063,2.472906
3064,2.472906
3065,2.389898
3066,2.606239
3067,2.606239
3068,2.689246
3069,2.872906
3070,2.923231
3071,2.923231
3072,2.973557
3073,2.923231
3074,2.923231
3075,2.739572
3076,2.872906
3077,2.789898
3078,2.789898
3079,2.739572
3080,2.789898
3081,2.822580
3082,2.872906
3083,2.872906
3084,2.872906
3085,2.872906
3086,2.872906
3087,2.872906
3088,2.739572
3089,2.739572
3090,2.689246
3091,2.555913
3092,2.689246
3093,2.872906
3094,3.006239
3095,3.006239
3096,2.923231
3097,2.840224
3098,2.840224
3099,2.706891
3100,2.739572
3101,2.606239
3102,2.606239
3103,2.689246
3104,2.689246
3105,2.739572
3106,2.872906
3107,2.822580
3108,3.006239
3109,2.872906
3110,2.872906
3111,2.840224
3112,2.840224
3113,2.789898
3114,2.872906
3115,2.923231
3116,2.973557
3117,2.923231
3118,2.923231
3119,2.923231
3120,3.056565
3121,3.006239
3122,3.006239
3123,3.189898
3124,3.056565
3125,3.056565
3126,3.056565
3127,3.106891
3128,3.056565
3129,2.872906
3130,2.923231
3131,2.973557
3132,2.923231
3133,3.106891
3134,3.056565
3135,3.056565
3136,3.006239
3137,3.189898
3138,3.056565
3139,3.056565
3140,3.189898
3141,3.189898
3142,3.056565
3143,3.189898
3144,2.973557
3145,2.789898
3146,2.872906
3147,2.872906
3148,2.739572
3149,2.739572
3150,2.739572
3151,2.656565
3152,2.656565
3153,2.656565
3154,2.840224
3155,2.872906
3156,2.872906
3157,2.789898
3158,3.006239
3159,2.789898
3160,2.656565
3161,2.739572
3162,2.923231
3163,2.872906
3164,2.872906
3165,2.872906
3166,2.872906
3167,3.006239
3168,2.872906
3169,2.872906
3170,2.872906
3171,2.923231
3172,3.106891
3173,2.923231
3174,2.840224
3175,2.840224
3176,2.789898
3177,2.923231
3178,2.973557
3179,3.056565
3180,3.006239
3181,2.822580
3182,2.822580
3183,2.789898
3184,2.789898
3185,2.606239
3186,2.822580
3187,2.822580
3188,2.872906
3189,2.789898
3190,2.923231
3191,2.789898
3192,2.973557
3193,2.973557
3194,3.056565
3195,3.056565
3196,2.872906
3197,2.789898
3198,2.872906
3199,2.872906
3200,2.872906
3201,2.822580
3202,2.689246
3203,2.822580
3204,2.739572
3205,2.682589
3206,2.866248
3207,2.973557
3208,3.056565
3209,2.923231
3210,2.923231
3211,2.923231
3212,2.923231
3213,2.872906
3214,3.056565
3215,2.923231
3216,2.789898
3217,2.789898
3218,2.789898
3219,2.739572
3220,2.739572
3221,2.872906
3222,2.689246
3223,2.656565
3224,2.789898
3225,2.732915
3226,2.732915
3227,2.599581
3228,2.599581
3229,2.840224
3230,2.789898
3231,2.872906
3232,2.656565
3233,2.656565
3234,2.840224
3235,2.923231
3236,3.056565
3237,3.006239
3238,3.056565
3239,2.973557
3240,2.973557
3241,2.840224
3242,2.789898
3243,2.872906
3244,2.872906
3245,3.056565
3246,3.106891
3247,3.106891
3248,3.056565
3249,3.006239
3250,2.789898
3251,2.606239
3252,2.656565
3253,2.840224
3254,2.656565
3255,2.656565
3256,2.789898
3257,2.789898
3258,2.973557
3259,2.973557
3260,3.056565
3261,3.056565
3262,3.056565
3263,2.872906
3264,2.822580
3265,2.638921
3266,2.822580
3267,2.689246
3268,2.656565
3269,2.656565
3270,2.573557
3271,2.573557
3272,2.706891
3273,2.789898
3274,2.822580
3275,2.789898
3276,2.923231
3277,3.006239
3278,2.789898
3279,2.739572
3280,2.739572
3281,2.923231
3282,2.789898
3283,2.789898
3284,2.789898
3285,2.739572
3286,2.955913
3287,2.822580
3288,3.006239
3289,3.006239
3290,3.006239
3291,3.006239
3292,3.006239
3293,2.872906
3294,2.923231
3295,2.923231
3296,2.973557
3297,2.923231
3298,2.872906
3299,3.006239
3300,2.789898
3301,2.872906
3302,2.739572
3303,2.872906
3304,2.923231
3305,3.056565
3306,2.872906
3307,2.822580
3308,2.872906
3309,2.840224
3310,2.840224
3311,2.706891
3312,2.706891
3313,2.656565
3314,2.656565
3315,2.656565
3316,2.689246
3317,2.656565
3318,2.523231
3319,2.739572
3320,2.739572
3321,2.739572
3322,2.739572
3323,2.739572
3324,2.656565
3325,2.689246
3326,2.656565
3327,2.789898
3328,2.789898
3329,2.549255
3330,2.549255
3331,2.789898
3332,2.872906
3333,3.006239
3334,2.822580
3335,2.872906
3336,2.822580
3337,2.822580
3338,2.789898
3339,2.789898
3340,2.789898
3341,2.789898
3342,2.872906
3343,2.872906
3344,2.872906
3345,2.872906
3346,2.689246
3347,2.689246
3348,2.656565
3349,2.656565
3350,2.656565
3351,2.689246
3352,2.606239
3353,2.606239
3354,2.689246
3355,2.822580
3356,3.006239
3357,3.006239
3358,3.006239
3359,3.006239
3360,3.189898
3361,3.006239
3362,3.056565
3363,3.056565
3364,2.973557
3365,2.866248
3366,2.973557
3367,2.973557
3368,2.973557
3369,2.923231
3370,2.789898
3371,2.789898
3372,2.789898
3373,2.789898
3374,2.789898
3375,2.822580
3376,2.872906
3377,2.872906
3378,2.840224
3379,2.789898
3380,2.789898
3381,2.789898
3382,2.549255
3383,2.656565
3384,2.549255
3385,2.422580
3386,2.422580
3387,2.422580
3388,2.422580
3389,2.682589
3390,2.789898
3391,2.923231
3392,2.973557
3393,3.056565
3394,3.056565
3395,3.056565
3396,3.006239
3397,3.056565
3398,2.923231
3399,2.872906
3400,2.872906
3401,2.789898
3402,2.789898
3403,2.872906
3404,2.872906
3405,2.872906
3406,2.789898
3407,2.789898
3408,2.789898
3409,2.732915
3410,2.732915
3411,2.549255
3412,2.549255
3413,2.599581
3414,2.656565
3415,2.606239
3416,2.689246
3417,2.555913
3418,2.505587
3419,2.472906
3420,2.472906
3421,2.505587
3422,2.505587
3423,2.505587
3424,2.638921
3425,2.822580
3426,3.006239
3427,3.056565
3428,3.106891
3429,3.106891
3430,3.056565
3431,3.189898
3432,3.240224
3433,3.189898
3434,3.056565
3435,3.056565
3436,2.872906
3437,2.872906
3438,2.872906
3439,2.789898
3440,2.923231
3441,2.973557
3442,2.973557
3443,2.923231
3444,2.923231
3445,2.739572
3446,2.789898
3447,2.822580
3448,2.606239
3449,2.389898
3450,2.389898
3451,2.422580
3452,2.606239
3453,2.606239
3454,2.523231
3455,2.606239
3456,2.606239
3457,2.472906
3458,2.656565
3459,2.689246
3460,2.872906
3461,2.872906
3462,2.872906
3463,2.739572
3464,2.689246
3465,2.689246
3466,2.689246
3467,2.739572
3468,2.739572
3469,2.656565
3470,2.689246
3471,2.872906
3472,2.923231
3473,2.923231
3474,2.840224
3475,2.973557
3476,2.973557
3477,2.923231
3478,2.789898
3479,2.789898
3480,2.789898
3481,2.656565
3482,2.440224
3483,2.415922
3484,2.599581
3485,2.599581
3486,2.656565
3487,2.656565
3488,2.689246
3489,2.689246
3490,2.689246
3491,2.505587
3492,2.689246
3493,2.689246
3494,2.656565
3495,2.656565
3496,2.656565
3497,2.739572
3498,2.739572
3499,2.923231
3500,2.840224
3501,2.789898
3502,2.573557
3503,2.523231
3504,2.466248
3505,2.599581
3506,2.466248
3507,2.706891
3508,2.789898
3509,2.789898
3510,2.549255
3511,2.549255
3512,2.656565
3513,2.549255
3514,2.682589
3515,2.682589
3516,2.789898
3517,2.789898
3518,2.789898
3519,2.789898
3520,2.789898
3521,2.789898
3522,2.606239
3523,2.656565
3524,2.549255
3525,2.656565
3526,2.789898
3527,2.789898
3528,3.006239
3529,2.923231
3530,3.106891
3531,3.106891
3532,3.189898
3533,3.189898
3534,3.240224
3535,3.189898
3536,3.189898
3537,3.056565
3538,3.056565
3539,3.006239
3540,3.189898
3541,3.056565
3542,2.973557
3543,2.840224
3544,2.840224
3545,2.789898
3546,2.872906
3547,3.056565
3548,2.923231
3549,2.872906
3550,2.872906
3551,2.923231
3552,2.872906
3553,2.923231
3554,2.739572
3555,2.923231
3556,2.739572
3557,2.789898
3558,2.789898
3559,2.706891
3560,2.840224
3561,2.789898
3562,2.789898
3563,2.606239
3564,2.573557
3565,2.573557
3566,2.789898
3567,2.789898
3568,2.656565
3569,2.656565
3570,2.573557
3571,2.606239
3572,2.606239
3573,2.656565
3574,2.656565
3575,2.573557
3576,2.573557
3577,2.549255
3578,2.732915
3579,2.732915
3580,2.732915
3581,2.789898
3582,2.789898
3583,2.872906
3584,2.789898
3585,2.656565
3586,2.706891
3587,2.656565
3588,2.789898
3589,2.656565
3590,2.840224
3591,2.840224
3592,2.973557
3593,3.006239
3594,3.006239
3595,3.056565
3596,3.056565
3597,2.973557
3598,2.973557
3599,2.973557
3600,3.056565
3601,2.923231
3602,2.840224
3603,2.789898
3604,2.789898
3605,2.789898
3606,2.706891
3607,2.706891
3608,2.682589
3609,2.815922
3610,3.056565
3611,2.999581
3612,2.999581
3613,2.866248
3614,2.732915
3615,2.866248
3616,2.866248
3617,2.866248
3618,2.866248
3619,2.732915
3620,2.789898
3621,2.872906
3622,2.872906
3623,2.872906
3624,2.872906
3625,2.689246
3626,2.505587
3627,2.289246
3628,2.321928
3629,2.505587
3630,2.505587
3631,2.689246
3632,2.739572
3633,2.739572
3634,2.689246
3635,2.656565
3636,2.840224
3637,2.973557
3638,3.006239
3639,2.973557
3640,2.789898
3641,2.789898
3642,2.872906
3643,2.822580
3644,2.872906
3645,2.872906
3646,2.739572
3647,2.689246
3648,2.689246
3649,2.472906
3650,2.689246
3651,2.872906
3652,3.056565
3653,3.056565
3654,2.840224
3655,2.656565
3656,2.606239
3657,2.606239
3658,2.472906
3659,2.606239
3660,2.549255
3661,2.549255
3662,2.789898
3663,2.739572
3664,2.822580
3665,2.822580
3666,2.822580
3667,2.789898
3668,2.739572
3669,2.822580
3670,2.822580
3671,2.822580
3672,2.822580
3673,3.006239
3674,2.872906
3675,2.872906
3676,2.872906
3677,2.872906
3678,2.872906
3679,2.872906
3680,3.056565
3681,3.056565
3682,3.056565
3683,3.056565
3684,3.056565
3685,3.056565
3686,3.106891
3687,3.240224
3688,3.189898
3689,3.189898
3690,3.189898
3691,3.056565
3692,2.872906
3693,3.006239
3694,2.789898
3695,2.656565
3696,2.656565
3697,2.689246
3698,2.872906
3699,2.872906
3700,3.056565
3701,3.240224
3702,3.106891
3703,2.923231
3704,2.872906
3705,3.056565
3706,2.872906
3707,2.872906
3708,2.872906
3709,2.872906
3710,2.872906
3711,3.006239
3712,2.955913
3713,3.006239
3714,3.056565
3715,2.872906
3716,2.822580
3717,2.822580
3718,2.872906
3719,2.923231
3720,2.872906
3721,3.056565
3722,3.056565
3723,3.056565
3724,2.973557
3725,2.973557
3726,2.789898
3727,2.923231
3728,2.789898
3729,2.789898
3730,2.606239
3731,2.365596
3732,2.149255
3733,2.282589
3734,2.523231
3735,2.739572
3736,2.606239
3737,2.573557
3738,2.789898
3739,2.923231
3740,2.923231
3741,2.923231
3742,3.006239
3743,3.056565
3744,2.872906
3745,3.006239
3746,3.006239
3747,2.789898
3748,2.840224
3749,2.789898
3750,2.789898
3751,2.789898
3752,2.789898
3753,2.923231
3754,3.006239
3755,3.006239
3756,3.006239
3757,2.923231
3758,2.923231
3759,2.923231
3760,2.789898
3761,2.789898
3762,2.789898
3763,2.732915
3764,2.732915
3765,2.599581
3766,2.732915
3767,2.840224
3768,2.732915
3769,2.840224
3770,2.840224
3771,2.872906
3772,3.006239
3773,2.789898
3774,2.706891
3775,2.599581
3776,2.840224
3777,2.706891
3778,2.789898
3779,2.872906
3780,2.872906
3781,2.822580
3782,2.689246
3783,2.656565
3784,2.656565
3785,2.706891
3786,2.656565
3787,2.656565
3788,2.549255
3789,2.365596
3790,2.232263
3791,2.365596
3792,2.332915
3793,2.440224
3794,2.389898
3795,2.606239
3796,2.606239
3797,2.606239
3798,2.389898
3799,2.149255
3800,2.149255
3801,2.181937
3802,2.365596
3803,2.238921
3804,2.146466
3805,2.330125
3806,2.330125
3807,2.330125
3808,2.330125
3809,2.040224
3810,2.330125
3811,2.472906
3812,2.732915
3813,2.789898
3814,2.822580
3815,2.822580
3816,2.606239
3817,2.789898
3818,2.872906
3819,2.923231
3820,2.923231
3821,3.106891
3822,3.106891
3823,3.056565
3824,3.106891
3825,3.056565
3826,3.056565
3827,3.006239
3828,2.872906
3829,2.872906
3830,3.056565
3831,3.006239
3832,3.006239
3833,3.006239
3834,2.789898
3835,2.872906
3836,2.923231
3837,2.923231
3838,2.923231
3839,2.923231
3840,2.923231
3841,2.923231
3842,2.872906
3843,3.006239
3844,3.056565
3845,3.056565
3846,3.006239
3847,2.789898
3848,3.006239
3849,3.006239
3850,2.923231
3851,2.789898
3852,2.656565
3853,2.549255
3854,2.549255
3855,2.599581
3856,2.549255
3857,2.549255
3858,2.789898
3859,3.006239
3860,3.056565
3861,3.240224
3862,3.056565
3863,3.056565
3864,2.923231
3865,2.840224
3866,2.923231
3867,3.056565
3868,2.923231
3869,2.872906
3870,3.056565
3871,3.006239
3872,3.006239
3873,2.955913
3874,2.739572
3875,2.739572
3876,2.923231
3877,3.006239
3878,2.955913
3879,3.139572
3880,3.139572
3881,3.006239
3882,3.006239
3883,3.006239
3884,3.056565
3885,2.872906
3886,2.872906
3887,2.872906
3888,2.822580
3889,2.789898
3890,2.789898
3891,2.822580
3892,2.872906
3893,2.872906
3894,2.872906
3895,2.923231
3896,2.872906
3897,2.689246
3898,2.689246
3899,2.689246
3900,2.872906
3901,2.923231
3902,2.872906
3903,2.789898
3904,2.656565
3905,2.472906
3906,2.472906
3907,2.389898
3908,2.389898
3909,2.472906
3910,2.440224
3911,2.573557
3912,2.466248
3913,2.466248
3914,2.466248
3915,2.466248
3916,2.549255
3917,2.549255
3918,2.415922
3919,2.440224
3920,2.656565
3921,2.789898
3922,2.840224
3923,2.840224
3924,2.923231
3925,2.872906
3926,2.789898
3927,2.789898
3928,2.789898
3929,2.789898
3930,2.606239
3931,2.822580
3932,2.872906
3933,2.872906
3934,2.872906
3935,2.872906
3936,3.056565
3937,3.056565
3938,3.189898
3939,3.189898
3940,3.189898
3941,2.973557
3942,3.106891
3943,3.189898
3944,3.189898
3945,3.189898
3946,3.139572
3947,3.006239
3948,3.139572
3949,3.006239
3950,3.006239
3951,3.056565
3952,3.189898
3953,2.973557
3954,2.840224
3955,3.056565
3956,3.189898
3957,3.189898
3958,3.139572
3959,3.189898
3960,3.189898
3961,3.189898
3962,3.056565
3963,2.923231
3964,2.872906
3965,2.923231
3966,2.923231
3967,2.706891
3968,2.706891
3969,2.656565
3970,2.656565
3971,2.872906
3972,2.872906
3973,2.872906
3974,2.872906
3975,2.872906
3976,2.872906
3977,3.006239
3978,2.973557
3979,2.973557
3980,2.840224
3981,2.840224
3982,2.840224
3983,2.872906
3984,2.789898
3985,2.573557
3986,2.706891
3987,2.682589
3988,2.682589
3989,2.732915
3990,2.973557
3991,2.973557
3992,2.840224
3993,2.732915
3994,2.599581
3995,2.599581
3996,2.840224
3997,2.840224
3998,2.872906
3999,2.689246
4000,2.739572
4001,2.739572
4002,2.689246
4003,2.689246
4004,2.472906
4005,2.472906
4006,2.415922
4007,2.549255
4008,2.415922
4009,2.289246
4010,2.289246
4011,2.339572
4012,2.472906
4013,2.606239
4014,2.472906
4015,2.472906
4016,2.549255
4017,2.789898
4018,2.789898
4019,2.872906
4020,2.872906
4021,3.056565
4022,3.056565
4023,3.006239
4024,3.006239
4025,3.006239
4026,3.006239
4027,3.056565
4028,3.056565
4029,3.006239
4030,3.139572
4031,3.189898
4032,3.106891
4033,2.973557
4034,2.973557
4035,3.006239
4036,3.006239
4037,3.056565
4038,3.006239
4039,2.955913
4040,2.955913
4041,3.139572
4042,3.106891
4043,2.973557
4044,3.106891
4045,2.973557
4046,2.789898
4047,2.789898
4048,3.006239
4049,2.872906
4050,2.872906
4051,2.872906
4052,2.872906
4053,2.822580
4054,2.822580
4055,2.822580
4056,2.789898
4057,2.606239
4058,2.389898
4059,2.389898
4060,2.606239
4061,2.606239
4062,2.789898
4063,2.840224
4064,2.840224
4065,2.840224
4066,2.706891
4067,2.923231
4068,2.923231
4069,2.840224
4070,3.056565
4071,2.872906
4072,2.872906
4073,3.006239
4074,3.056565
4075,3.006239
4076,3.056565
4077,3.106891
4078,3.106891
4079,3.056565
4080,3.006239
4081,2.872906
4082,2.923231
4083,2.923231
4084,2.872906
4085,2.689246
4086,2.606239
4087,2.365596
4088,2.365596
4089,2.365596
4090,2.549255
4091,2.599581
4092,2.656565
4093,2.739572
4094,2.872906
4095,2.656565
4096,2.656565
4097,2.689246
4098,2.689246
4099,2.656565
4100,2.706891
4101,2.599581
4102,2.415922
4103,2.656565
4104,2.549255
4105,2.682589
4106,2.682589
4107,2.732915
4108,2.732915
4109,2.732915
4110,2.732915
4111,2.840224
4112,2.840224
4113,2.923231
4114,3.106891
4115,3.056565
4116,3.056565
4117,3.056565
4118,3.056565
4119,3.056565
4120,3.056565
4121,3.056565
4122,2.923231
4123,2.840224
4124,2.656565
4125,2.789898
4126,2.549255
4127,2.289246
4128,2.422580
4129,2.422580
4130,2.472906
4131,2.339572
4132,2.339572
4133,2.063458
4134,2.155913
4135,2.415922
4136,2.332915
4137,2.332915
4138,2.389898
4139,2.389898
4140,2.389898
4141,2.606239
4142,2.789898
4143,3.006239
4144,2.822580
4145,2.689246
4146,2.689246
4147,2.689246
4148,2.822580
4149,2.872906
4150,2.923231
4151,2.923231
4152,3.056565
4153,2.923231
4154,2.973557
4155,3.106891
4156,3.106891
4157,3.106891
4158,3.056565
4159,3.189898
4160,3.006239
4161,2.872906
4162,2.739572
4163,2.739572
4164,2.689246
4165,2.689246
4166,2.472906
4167,2.689246
4168,2.872906
4169,3.056565
4170,3.056565
4171,3.056565
4172,3.006239
4173,2.872906
4174,2.923231
4175,3.056565
4176,2.923231
4177,2.872906
4178,2.872906
4179,3.056565
4180,3.056565
4181,3.056565
4182,3.006239
4183,3.006239
4184,3.056565
4185,3.189898
4186,3.056565
4187,3.006239
4188,2.973557
4189,2.973557
4190,2.973557
4191,2.973557
4192,2.840224
4193,3.056565
4194,3.056565
4195,3.056565
4196,3.056565
4197,3.056565
4198,3.056565
4199,3.056565
4200,3.056565
4201,3.006239
4202,2.955913
4203,2.923231
4204,2.923231
4205,2.923231
4206,2.923231
4207,2.789898
4208,2.789898
4209,2.789898
4210,2.789898
4211,2.789898
4212,2.789898
4213,2.656565
4214,2.706891
4215,2.656565
4216,2.872906
4217,2.872906
4218,2.872906
4219,2.872906
4220,2.872906
4221,3.006239
4222,3.056565
4223,2.923231
4224,3.056565
4225,3.056565
4226,3.056565
4227,3.056565
4228,3.056565
4229,3.056565
4230,2.872906
4231,2.923231
4232,2.923231
4233,2.923231
4234,2.923231
4235,2.923231
4236,3.056565
4237,2.973557
4238,2.973557
4239,2.923231
4240,2.840224
4241,2.923231
4242,2.789898
4243,2.789898
4244,2.789898
4245,2.656565
4246,2.739572
4247,2.923231
4248,2.840224
4249,2.732915
4250,2.732915
4251,2.682589
4252,2.732915
4253,2.472906
4254,2.549255
4255,2.789898
4256,2.549255
4257,2.472906
4258,2.732915
4259,2.732915
4260,2.866248
4261,2.815922
4262,2.682589
4263,2.789898
4264,2.822580
4265,2.872906
4266,2.822580
4267,2.638921
4268,2.638921
4269,2.638921
4270,2.638921
4271,2.689246
4272,2.822580
4273,2.872906
4274,3.056565
4275,3.056565
4276,3.056565
4277,3.106891
4278,3.240224
4279,3.240224
4280,3.240224
4281,3.189898
4282,3.056565
4283,3.056565
4284,3.056565
4285,3.106891
4286,2.923231
4287,2.923231
4288,2.923231
4289,3.056565
4290,3.056565
4291,3.056565
4292,2.923231
4293,2.923231
4294,2.739572
4295,2.739572
4296,2.555913
4297,2.689246
4298,2.689246
4299,2.872906
4300,2.656565
4301,2.656565
4302,2.739572
4303,2.739572
4304,2.689246
4305,2.606239
4306,2.656565
4307,2.472906
4308,2.422580
4309,2.472906
4310,2.555913
4311,2.523231
4312,2.523231
4313,2.555913
4314,2.523231
4315,2.656565
4316,2.656565
4317,2.606239
4318,2.689246
4319,2.656565
4320,2.656565
4321,2.573557
4322,2.440224
4323,2.573557
4324,2.440224
4325,2.332915
4326,2.415922
4327,2.599581
4328,2.415922
4329,2.415922
4330,2.523231
4331,2.739572
4332,2.739572
4333,2.739572
4334,2.739572
4335,2.872906
4336,2.872906
4337,2.872906
4338,2.840224
4339,2.789898
4340,2.732915
4341,2.732915
4342,2.732915
4343,2.840224
4344,2.973557
4345,2.789898
4346,2.789898
4347,2.573557
4348,2.606239
4349,2.638921
4350,2.822580
4351,2.872906
4352,2.656565
4353,2.689246
4354,2.689246
4355,2.689246
4356,2.689246
4357,2.689246
4358,2.689246
4359,2.689246
4360,2.872906
4361,3.006239
4362,2.789898
4363,2.682589
4364,2.732915
4365,2.606239
4366,2.422580
4367,2.498930
4368,2.682589
4369,2.549255
4370,2.573557
4371,2.573557
4372,2.573557
4373,2.573557
4374,2.656565
4375,2.606239
4376,2.472906
4377,2.472906
4378,2.656565
4379,2.872906
4380,2.872906
4381,2.872906
4382,2.923231
4383,2.923231
4384,2.739572
4385,2.739572
4386,2.689246
4387,2.689246
4388,2.872906
4389,3.006239
4390,2.872906
4391,3.006239
4392,3.006239
4393,3.006239
4394,3.056565
4395,3.056565
4396,2.872906
4397,2.872906
4398,2.923231
4399,2.872906
4400,2.872906
4401,2.872906
4402,2.923231
4403,2.739572
4404,2.706891
4405,2.739572
4406,2.872906
4407,3.006239
4408,2.822580
4409,2.606239
4410,2.549255
4411,2.789898
4412,2.706891
4413,2.739572
4414,2.789898
4415,2.606239
4416,2.789898
4417,2.656565
4418,2.689246
4419,2.739572
4420,2.739572
4421,2.872906
4422,3.006239
4423,3.056565
4424,3.056565
4425,3.056565
4426,3.056565
4427,3.056565
4428,3.006239
4429,2.789898
4430,2.606239
4431,2.656565
4432,2.706891
4433,2.840224
4434,2.973557
4435,2.866248
4436,2.866248
4437,2.866248
4438,2.973557
4439,2.840224
4440,2.732915
4441,2.840224
4442,2.840224
4443,3.056565
4444,3.056565
4445,3.056565
4446,2.973557
4447,2.973557
4448,3.006239
4449,2.822580
4450,2.739572
4451,2.606239
4452,2.689246
4453,2.689246
4454,2.872906
4455,2.872906
4456,3.006239
4457,2.872906
4458,2.923231
4459,2.872906
4460,3.056565
4461,2.872906
4462,2.822580
4463,2.689246
4464,2.689246
4465,2.689246
4466,2.739572
4467,2.739572
4468,2.706891
4469,2.739572
4470,2.689246
4471,2.872906
4472,2.872906
4473,2.872906
4474,3.056565
4475,2.840224
4476,2.973557
4477,2.866248
4478,2.973557
4479,2.789898
4480,2.789898
4481,2.789898
4482,2.923231
4483,2.682589
4484,2.923231
4485,2.973557
4486,2.789898
4487,2.822580
4488,3.006239
4489,2.955913
4490,3.006239
4491,2.822580
4492,2.872906
4493,2.840224
4494,2.840224
4495,2.599581
4496,2.415922
4497,2.415922
4498,2.415922
4499,2.599581
4500,2.732915
4501,2.599581
4502,2.840224
4503,2.789898
4504,3.006239
4505,3.006239
4506,3.006239
4507,2.872906
4508,2.872906
4509,2.872906
4510,2.739572
4511,2.739572
4512,2.923231
4513,2.923231
4514,3.056565
4515,3.056565
4516,3.056565
4517,2.923231
4518,2.923231
4519,3.056565
4520,2.840224
4521,2.840224
4522,2.973557
4523,2.840224
4524,2.789898
4525,2.739572
4526,2.606239
4527,2.573557
4528,2.573557
4529,2.440224
4530,2.656565
4531,2.656565
4532,2.549255
4533,2.549255
4534,2.549255
4535,2.549255
4536,2.415922
4537,2.415922
4538,2.656565
4539,2.656565
4540,2.739572
4541,2.872906
4542,2.923231
4543,3.056565
4544,3.056565
4545,3.056565
4546,3.056565
4547,3.006239
4548,2.822580
4549,2.822580
4550,2.822580
4551,2.789898
4552,2.656565
4553,2.689246
4554,2.505587
4555,2.505587
4556,2.689246
4557,2.656565
4558,2.706891
4559,2.656565
4560,2.840224
4561,2.840224
4562,2.789898
4563,2.923231
4564,3.006239
4565,2.872906
4566,2.872906
4567,2.789898
4568,2.789898
4569,2.789898
4570,2.789898
4571,2.872906
4572,2.872906
4573,2.923231
4574,3.056565
4575,3.106891
4576,3.106891
4577,3.056565
4578,3.056565
4579,3.006239
4580,3.056565
4581,2.872906
4582,2.872906
4583,2.872906
4584,2.872906
4585,3.056565
4586,3.056565
4587,3.056565
4588,3.056565
4589,3.056565
4590,2.872906
4591,2.789898
4592,2.789898
4593,2.656565
4594,2.472906
4595,2.505587
4596,2.555913
4597,2.689246
4598,2.872906
4599,2.923231
4600,2.923231
4601,2.872906
4602,2.872906
4603,2.923231
4604,2.923231
4605,2.872906
4606,2.872906
4607,2.872906
4608,2.840224
4609,2.840224
4610,2.656565
4611,2.706891
4612,2.599581
4613,2.599581
4614,2.656565
4615,2.656565
4616,2.606239
4617,2.472906
4618,2.656565
4619,2.739572
4620,2.706891
4621,2.656565
4622,2.706891
4623,2.599581
4624,2.599581
4625,2.599581
4626,2.706891
4627,2.656565
4628,2.739572
4629,2.872906
4630,2.872906
4631,3.056565
4632,3.056565
4633,3.056565
4634,2.923231
4635,2.872906
4636,2.872906
4637,2.822580
4638,2.689246
4639,2.822580
4640,2.822580
4641,2.822580
4642,2.955913
4643,3.139572
4644,3.139572
4645,3.139572
4646,3.189898
4647,3.240224
4648,3.056565
4649,2.923231
4650,2.872906
4651,2.689246
4652,2.656565
4653,2.789898
4654,2.872906
4655,2.656565
4656,2.472906
4657,2.689246
4658,2.822580
4659,2.872906
4660,2.789898
4661,2.789898
4662,2.656565
4663,2.656565
4664,2.689246
4665,2.872906
4666,2.689246
4667,2.689246
4668,2.689246
4669,2.872906
4670,3.006239
4671,3.006239
4672,3.006239
4673,3.006239
4674,2.923231
4675,2.923231
4676,3.056565
4677,3.139572
4678,3.139572
4679,3.106891
4680,3.106891
4681,2.999581
4682,2.815922
4683,2.682589
4684,2.682589
4685,2.549255
4686,2.573557
4687,2.549255
4688,2.656565
4689,2.656565
4690,2.789898
4691,2.656565
4692,2.606239
4693,2.606239
4694,2.606239
4695,2.523231
4696,2.573557
4697,2.656565
4698,2.656565
4699,2.789898
4700,2.549255
4701,2.549255
4702,2.682589
4703,2.682589
4704,2.682589
4705,2.682589
4706,2.789898
4707,2.789898
4708,2.840224
4709,2.973557
4710,2.840224
4711,2.872906
4712,2.789898
4713,2.923231
4714,2.682589
4715,2.866248
4716,2.973557
4717,2.973557
4718,3.006239
4719,3.006239
4720,3.006239
4721,2.872906
4722,2.872906
4723,2.872906
4724,2.872906
4725,3.056565
4726,3.056565
4727,3.056565
4728,2.872906
4729,2.689246
4730,2.689246
4731,2.689246
4732,2.689246
4733,2.638921
4734,2.689246
4735,2.656565
4736,2.656565
4737,2.656565
4738,2.840224
4739,2.840224
4740,2.923231
4741,2.872906
4742,2.840224
4743,2.840224
4744,2.840224
4745,2.789898
4746,2.789898
4747,2.822580
4748,2.606239
4749,2.549255
4750,2.332915
4751,2.573557
4752,2.440224
4753,2.523231
4754,2.656565
4755,2.549255
4756,2.606239
4757,2.822580
4758,3.006239
4759,2.872906
4760,2.872906
4761,3.006239
4762,2.872906
4763,2.923231
4764,2.923231
4765,2.923231
4766,2.923231
4767,2.840224
4768,2.840224
4769,2.706891
4770,2.706891
4771,2.706891
4772,2.739572
4773,2.872906
4774,2.689246
4775,2.689246
4776,2.822580
4777,2.822580
4778,2.822580
4779,2.606239
4780,2.606239
4781,2.689246
4782,2.872906
4783,2.789898
4784,2.606239
4785,2.638921
4786,2.689246
4787,2.689246
4788,2.822580
4789,2.689246
4790,2.739572
4791,2.706891
4792,2.923231
4793,2.872906
4794,2.872906
4795,2.739572
4796,2.739572
4797,2.739572
4798,2.739572
4799,2.923231
4800,2.739572
4801,2.739572
4802,2.739572
4803,2.739572
4804,2.739572
4805,2.656565
4806,2.656565
4807,2.689246
4808,2.472906
4809,2.389898
4810,2.606239
4811,2.689246
4812,2.739572
4813,2.923231
4814,2.872906
4815,2.689246
4816,2.872906
4817,2.739572
4818,2.739572
4819,2.923231
4820,2.872906
4821,2.789898
4822,2.789898
4823,2.789898
4824,2.656565
4825,2.689246
4826,2.872906
4827,3.006239
4828,3.006239
4829,3.189898
4830,3.056565
4831,3.056565
4832,3.056565
4833,2.840224
4834,2.872906
4835,2.739572
4836,2.872906
4837,3.006239
4838,2.822580
4839,3.006239
4840,3.006239
4841,3.006239
4842,3.006239
4843,2.872906
4844,2.923231
4845,2.872906
4846,3.006239
4847,3.006239
4848,3.006239
4849,3.006239
4850,3.056565
4851,2.872906
4852,2.822580
4853,3.006239
4854,3.006239
4855,2.872906
4856,2.923231
4857,3.056565
4858,3.056565
4859,3.056565
4860,2.973557
4861,2.973557
4862,2.973557
4863,2.732915
4864,2.732915
4865,2.866248
4866,2.732915
4867,2.732915
4868,2.682589
4869,2.739572
4870,2.523231
4871,2.606239
4872,2.656565
4873,2.789898
4874,2.840224
4875,2.840224
4876,2.789898
4877,2.840224
4878,2.789898
4879,2.789898
4880,2.872906
4881,2.840224
4882,2.973557
4883,3.006239
4884,3.189898
4885,3.189898
4886,3.189898
4887,2.973557
4888,2.973557
4889,2.973557
4890,2.789898
4891,2.872906
4892,2.872906
4893,3.056565
4894,2.872906
4895,2.739572
4896,2.872906
4897,2.923231
4898,2.923231
4899,3.056565
4900,2.973557
4901,3.056565
4902,3.056565
4903,2.872906
4904,2.872906
4905,2.923231
4906,2.872906
4907,3.056565
4908,2.923231
4909,2.923231
4910,2.923231
4911,2.923231
4912,2.923231
4913,2.923231
4914,2.840224
4915,2.840224
4916,2.840224
4917,2.789898
4918,2.923231
4919,2.739572
4920,2.498930
4921,2.365596
4922,2.472906
4923,2.606239
4924,2.549255
4925,2.656565
4926,2.872906
4927,2.872906
4928,2.923231
4929,3.106891
4930,3.106891
4931,3.106891
4932,3.106891
4933,2.923231
4934,2.739572
4935,2.656565
4936,2.573557
4937,2.332915
4938,2.549255
4939,2.415922
4940,2.415922
4941,2.656565
4942,2.689246
4943,2.606239
4944,2.523231
4945,2.282589
4946,2.389898
4947,2.389898
4948,2.472906
4949,2.555913
4950,2.739572
4951,2.739572
4952,2.689246
4953,2.689246
4954,2.689246
4955,2.689246
4956,2.739572
4957,2.656565
4958,2.573557
4959,2.606239
4960,2.606239
4961,2.739572
4962,2.739572
4963,2.606239
4964,2.573557
4965,2.789898
4966,2.789898
4967,2.872906
4968,3.006239
4969,3.006239
4970,2.923231
4971,3.106891
4972,2.973557
4973,3.006239
4974,2.955913
4975,2.955913
4976,2.822580
4977,2.789898
4978,2.789898
4979,2.573557
4980,2.440224
4981,2.573557
4982,2.656565
4983,2.606239
4984,2.573557
4985,2.573557
4986,2.606239
4987,2.656565
4988,2.789898
4989,2.973557
4990,2.840224
4991,2.789898
4992,2.789898
4993,2.872906
4994,2.689246
4995,2.689246
4996,2.606239
4997,2.389898
4998,2.523231
4999,2.389898
5000,2.389898
5001,2.523231
5002,2.573557
5003,2.789898
5004,2.872906
5005,2.840224
5006,2.789898
5007,2.923231
5008,2.923231
5009,2.789898
5010,2.789898
5011,2.822580
5012,2.606239
5013,2.573557
5014,2.573557
5015,2.789898
5016,2.573557
5017,2.573557
5018,2.706891
5019,2.789898
5020,2.872906
5021,2.689246
5022,2.822580
5023,3.006239
5024,2.923231
5025,2.923231
5026,3.006239
5027,3.139572
5028,3.189898
5029,3.240224
5030,3.240224
5031,3.240224
5032,3.189898
5033,3.189898
5034,3.189898
5035,3.006239
5036,3.006239
5037,2.872906
5038,2.840224
5039,2.840224
5040,2.732915
5041,2.840224
5042,2.599581
5043,2.549255
5044,2.656565
5045,2.840224
5046,2.840224
5047,3.056565
5048,3.056565
5049,3.056565
5050,3.189898
5051,3.189898
5052,3.056565
5053,3.056565
5054,3.056565
5055,2.973557
5056,2.840224
5057,2.656565
5058,2.656565
5059,2.789898
5060,2.789898
5061,2.789898
5062,2.872906
5063,2.656565
5064,2.789898
5065,3.006239
5066,3.189898
5067,3.240224
5068,3.240224
5069,3.240224
5070,3.189898
5071,3.056565
5072,3.056565
5073,3.006239
5074,3.006239
5075,2.872906
5076,2.840224
5077,2.840224
5078,2.789898
5079,2.656565
5080,2.789898
5081,2.973557
5082,2.866248
5083,2.866248
5084,2.973557
5085,2.973557
5086,3.006239
5087,3.189898
5088,3.240224
5089,3.189898
5090,3.106891
5091,3.106891
5092,2.973557
5093,2.973557
5094,3.189898
5095,3.056565
5096,3.056565
5097,2.923231
5098,2.840224
5099,2.840224
5100,2.706891
5101,2.706891
5102,2.840224
5103,2.840224
5104,2.923231
5105,2.923231
5106,2.923231
5107,2.923231
5108,2.872906
5109,2.872906
5110,2.872906
5111,3.006239
5112,3.006239
5113,3.189898
5114,3.056565
5115,3.106891
5116,3.056565
5117,3.056565
5118,3.056565
5119,3.056565
5120,2.923231
5121,2.872906
5122,3.056565
5123,2.872906
5124,2.822580
5125,2.872906
5126,2.656565
5127,2.656565
5128,2.606239
5129,2.689246
5130,2.739572
5131,2.689246
5132,2.689246
5133,2.505587
5134,2.689246
5135,2.822580
5136,2.822580
5137,3.006239
5138,3.006239
5139,2.789898
5140,2.822580
5141,2.872906
5142,3.056565
5143,3.006239
5144,3.006239
5145,2.973557
5146,2.840224
5147,2.789898
5148,2.923231
5149,2.682589
5150,2.422580
5151,2.238921
5152,2.498930
5153,2.549255
5154,2.549255
5155,2.549255
5156,2.606239
5157,2.606239
5158,2.656565
5159,2.739572
5160,2.923231
5161,2.872906
5162,3.006239
5163,2.973557
5164,2.973557
5165,2.840224
5166,2.973557
5167,3.056565
5168,3.056565
5169,3.106891
5170,3.106891
5171,3.056565
5172,3.056565
5173,3.056565
5174,3.240224
5175,3.240224
5176,3.240224
5177,3.056565
5178,3.056565
5179,3.106891
5180,3.106891
5181,2.973557
5182,2.923231
5183,2.923231
5184,2.923231
5185,2.872906
5186,2.872906
5187,2.872906
5188,2.872906
5189,2.872906
5190,2.872906
5191,2.872906
5192,2.822580
5193,2.789898
5194,2.706891
5195,2.573557
5196,2.656565
5197,2.472906
5198,2.606239
5199,2.606239
5200,2.656565
5201,2.656565
5202,2.689246
5203,2.872906
5204,2.872906
5205,2.923231
5206,2.872906
5207,3.006239
5208,2.872906
5209,2.872906
5210,3.056565
5211,3.056565
5212,3.056565
5213,3.056565
5214,3.056565
5215,3.056565
5216,3.056565
5217,3.056565
5218,3.056565
5219,2.923231
5220,2.872906
5221,2.656565
5222,2.656565
5223,2.656565
5224,2.656565
5225,2.606239
5226,2.606239
5227,2.656565
5228,2.872906
5229,2.872906
5230,3.056565
5231,3.056565
5232,2.923231
5233,3.056565
5234,3.056565
5235,3.056565
5236,3.106891
5237,3.056565
5238,3.056565
5239,3.006239
5240,3.006239
5241,2.973557
5242,2.840224
5243,2.872906
5244,2.872906
5245,2.872906
5246,2.689246
5247,2.739572
5248,2.872906
5249,2.822580
5250,2.872906
5251,2.822580
5252,2.822580
5253,2.822580
5254,2.822580
5255,2.872906
5256,2.872906
5257,2.872906
5258,2.872906
5259,3.056565
5260,2.872906
5261,2.923231
5262,3.056565
5263,3.056565
5264,2.923231
5265,2.872906
5266,3.006239
5267,3.056565
5268,3.106891
5269,3.106891
5270,3.056565
5271,3.056565
5272,3.056565
5273,3.056565
5274,3.006239
5275,3.006239
5276,2.872906
5277,2.689246
5278,2.606239
5279,2.498930
5280,2.682589
5281,2.682589
5282,2.466248
5283,2.206239
5284,2.332915
5285,2.415922
5286,2.656565
5287,2.789898
5288,2.732915
5289,2.789898
5290,2.789898
5291,2.789898
5292,2.789898
5293,2.872906
5294,3.056565
5295,3.056565
5296,3.056565
5297,2.872906
5298,2.822580
5299,2.872906
5300,2.923231
5301,2.923231
5302,2.973557
5303,2.973557
5304,2.973557
5305,2.973557
5306,2.973557
5307,2.923231
5308,2.872906
5309,2.789898
5310,2.789898
5311,2.549255
5312,2.599581
5313,2.656565
5314,2.656565
5315,2.606239
5316,2.606239
5317,2.656565
5318,2.656565
5319,2.840224
5320,2.789898
5321,2.789898
5322,2.923231
5323,2.973557
5324,2.923231
5325,3.006239
5326,2.872906
5327,2.840224
5328,2.840224
5329,2.789898
5330,2.549255
5331,2.549255
5332,2.789898
5333,2.606239
5334,2.656565
5335,2.872906
5336,2.923231
5337,3.056565
5338,3.006239
5339,3.006239
5340,2.872906
5341,2.872906
5342,2.872906
5343,2.872906
5344,2.923231
5345,2.872906
5346,2.789898
5347,2.840224
5348,2.656565
5349,2.472906
5350,2.472906
5351,2.472906
5352,2.472906
5353,2.472906
5354,2.472906
5355,2.389898
5356,2.282589
5357,2.332915
5358,2.332915
5359,2.332915
5360,2.415922
5361,2.599581
5362,2.706891
5363,2.656565
5364,2.606239
5365,2.472906
5366,2.656565
5367,2.689246
5368,2.739572
5369,2.923231
5370,3.056565
5371,3.056565
5372,3.056565
5373,2.923231
5374,3.106891
5375,3.056565
5376,2.973557
5377,2.789898
5378,2.923231
5379,3.006239
5380,3.006239
5381,3.006239
5382,3.006239
5383,3.056565
5384,3.006239
5385,2.789898
5386,2.606239
5387,2.606239
5388,2.422580
5389,2.422580
5390,2.472906
5391,2.606239
5392,2.822580
5393,2.822580
5394,2.822580
5395,2.822580
5396,2.822580
5397,2.638921
5398,2.689246
5399,2.656565
5400,2.656565
5401,2.656565
5402,2.656565
5403,2.656565
5404,2.549255
5405,2.732915
5406,2.789898
5407,2.789898
5408,2.789898
5409,2.973557
5410,3.189898
5411,3.056565
5412,3.106891
5413,2.923231
5414,2.872906
5415,2.872906
5416,2.923231
5417,2.923231
5418,2.973557
5419,2.789898
5420,2.923231
5421,2.923231
5422,2.872906
5423,2.872906
5424,2.822580
5425,2.955913
5426,2.955913
5427,2.955913
5428,2.739572
5429,2.706891
5430,2.789898
5431,2.549255
5432,2.789898
5433,2.872906
5434,3.006239
5435,3.006239
5436,3.006239
5437,3.056565
5438,3.056565
5439,3.056565
5440,2.923231
5441,3.056565
5442,3.240224
5443,3.240224
5444,3.189898
5445,3.189898
5446,3.056565
5447,3.006239
5448,2.973557
5449,2.789898
5450,2.549255
5451,2.682589
5452,2.923231
5453,2.923231
5454,2.682589
5455,2.466248
5456,2.466248
5457,2.466248
5458,2.523231
5459,2.606239
5460,2.606239
5461,2.606239
5462,2.822580
5463,2.789898
5464,2.789898
5465,2.739572
5466,2.789898
5467,2.789898
5468,2.872906
5469,2.923231
5470,2.923231
5471,2.872906
5472,2.872906
5473,2.872906
5474,2.872906
5475,2.789898
5476,2.789898
5477,2.606239
5478,2.573557
5479,2.573557
5480,2.706891
5481,2.706891
5482,2.682589
5483,2.498930
5484,2.606239
5485,2.789898
5486,2.923231
5487,2.789898
5488,2.789898
5489,2.789898
5490,2.789898
5491,2.872906
5492,3.056565
5493,3.056565
5494,2.872906
5495,2.872906
5496,2.789898
5497,2.606239
5498,2.606239
5499,2.739572
5500,2.955913
5501,2.955913
5502,3.006239
5503,2.923231
5504,3.056565
5505,2.923231
5506,2.973557
5507,3.056565
5508,3.240224
5509,3.240224
5510,3.189898
5511,3.006239
5512,2.789898
5513,2.872906
5514,2.872906
5515,2.872906
5516,2.689246
5517,2.689246
5518,2.472906
5519,2.606239
5520,2.472906
5521,2.505587
5522,2.689246
5523,2.689246
5524,2.689246
5525,2.739572
5526,2.739572
5527,2.739572
5528,2.739572
5529,2.706891
5530,2.523231
5531,2.656565
5532,2.656565
5533,2.656565
5534,2.606239
5535,2.573557
5536,2.466248
5537,2.358939
5538,2.599581
5539,2.466248
5540,2.332915
5541,2.573557
5542,2.606239
5543,2.656565
5544,2.656565
5545,2.872906
5546,2.689246
5547,2.656565
5548,2.549255
5549,2.682589
5550,2.732915
5551,2.599581
5552,2.549255
5553,2.549255
5554,2.549255
5555,2.549255
5556,2.549255
5557,2.365596
5558,2.472906
5559,2.656565
5560,2.840224
5561,2.872906
5562,2.923231
5563,2.872906
5564,2.789898
5565,2.549255
5566,2.656565
5567,2.739572
5568,2.739572
5569,2.689246
5570,2.555913
5571,2.555913
5572,2.689246
5573,2.822580
5574,2.822580
5575,2.872906
5576,2.923231
5577,2.872906
5578,2.872906
5579,2.872906
5580,2.689246
5581,2.872906
5582,2.872906
5583,3.006239
5584,3.006239
5585,3.056565
5586,2.872906
5587,2.872906
5588,3.056565
5589,3.056565
5590,3.056565
5591,2.923231
5592,2.973557
5593,3.106891
5594,3.106891
5595,3.106891
5596,3.106891
5597,3.056565
5598,3.056565
5599,3.056565
5600,2.872906
5601,2.689246
5602,2.689246
5603,2.739572
5604,2.739572
5605,2.739572
5606,2.739572
5607,2.739572
5608,2.706891
5609,2.656565
5610,2.599581
5611,2.549255
5612,2.599581
5613,2.549255
5614,2.332915
5615,2.332915
5616,2.365596
5617,2.105587
5618,2.365596
5619,2.365596
5620,2.365596
5621,2.472906
5622,2.505587
5623,2.505587
5624,2.689246
5625,2.872906
5626,2.872906
5627,2.872906
5628,2.872906
5629,2.739572
5630,2.739572
5631,2.739572
5632,2.872906
5633,2.872906
5634,2.872906
5635,2.923231
5636,2.923231
5637,2.973557
5638,2.923231
5639,2.872906
5640,3.006239
5641,3.056565
5642,3.056565
5643,3.006239
5644,2.789898
5645,2.789898
5646,2.789898
5647,2.789898
5648,2.549255
5649,2.682589
5650,2.732915
5651,2.549255
5652,2.466248
5653,2.466248
5654,2.549255
5655,2.606239
5656,2.689246
5657,2.656565
5658,2.656565
5659,2.656565
5660,2.472906
5661,2.689246
5662,2.606239
5663,2.523231
5664,2.739572
5665,2.523231
5666,2.706891
5667,2.599581
5668,2.599581
5669,2.706891
5670,2.923231
5671,2.923231
5672,2.923231
5673,2.789898
5674,2.606239
5675,2.789898
5676,2.706891
5677,2.706891
5678,2.739572
5679,2.606239
5680,2.472906
5681,2.440224
5682,2.656565
5683,2.689246
5684,2.872906
5685,3.006239
5686,3.006239
5687,2.923231
5688,2.973557
5689,2.973557
5690,2.973557
5691,2.973557
5692,2.973557
5693,2.840224
5694,2.872906
5695,2.872906
5696,2.822580
5697,2.606239
5698,2.822580
5699,2.739572
5700,2.706891
5701,2.739572
5702,2.789898
5703,2.872906
5704,2.872906
5705,2.872906
5706,2.872906
5707,2.739572
5708,2.923231
5709,2.872906
5710,2.840224
5711,2.973557
5712,2.973557
5713,2.973557
5714,2.789898
5715,2.789898
5716,2.656565
5717,2.606239
5718,2.606239
5719,2.789898
5720,2.872906
5721,2.872906
5722,2.739572
5723,2.656565
5724,2.739572
5725,2.789898
5726,2.739572
5727,2.689246
5728,2.872906
5729,3.056565
5730,3.006239
5731,3.006239
5732,3.006239
5733,3.189898
5734,3.189898
5735,3.240224
5736,3.189898
5737,3.056565
5738,2.872906
5739,2.840224
5740,2.789898
5741,2.923231
5742,2.923231
5743,2.789898
5744,2.789898
5745,2.706891
5746,2.523231
5747,2.606239
5748,2.365596
5749,2.365596
5750,2.289246
5751,2.155913
5752,2.232263
5753,2.472906
5754,2.689246
5755,2.739572
5756,2.923231
5757,2.840224
5758,2.840224
5759,2.923231
5760,2.872906
5761,2.656565
5762,2.789898
5763,2.872906
5764,2.872906
5765,2.923231
5766,2.872906
5767,2.739572
5768,2.739572
5769,2.923231
5770,2.923231
5771,2.840224
5772,2.872906
5773,2.872906
5774,2.872906
5775,3.006239
5776,3.006239
5777,2.973557
5778,2.840224
5779,2.840224
5780,3.056565
5781,3.056565
5782,3.006239
5783,3.006239
5784,2.872906
5785,2.822580
5786,2.822580
5787,2.638921
5788,2.638921
5789,2.606239
5790,2.472906
5791,2.472906
5792,2.422580
5793,2.422580
5794,2.365596
5795,2.606239
5796,2.472906
5797,2.472906
5798,2.606239
5799,2.606239
5800,2.656565
5801,2.656565
5802,2.840224
5803,2.872906
5804,2.872906
5805,2.872906
5806,2.840224
5807,2.840224
5808,2.840224
5809,2.656565
5810,2.872906
5811,2.789898
5812,2.973557
5813,2.840224
5814,2.732915
5815,2.840224
5816,2.973557
5817,2.923231
5818,3.006239
5819,3.006239
5820,3.006239
5821,3.056565
5822,2.872906
5823,2.822580
5824,2.789898
5825,2.656565
5826,2.840224
5827,2.789898
5828,2.822580
5829,2.789898
5830,2.923231
5831,2.789898
5832,2.732915
5833,2.549255
5834,2.656565
5835,2.739572
5836,2.523231
5837,2.415922
5838,2.549255
5839,2.415922
5840,2.549255
5841,2.682589
5842,2.682589
5843,2.682589
5844,2.739572
5845,2.923231
5846,2.923231
5847,3.006239
5848,2.872906
5849,2.872906
5850,2.822580
5851,2.822580
5852,2.872906
5853,2.923231
5854,2.739572
5855,2.872906
5856,2.872906
5857,2.872906
5858,2.872906
5859,2.840224
5860,2.973557
5861,2.973557
5862,2.973557
5863,3.056565
5864,2.872906
5865,3.006239
5866,2.822580
5867,2.689246
5868,2.872906
5869,2.822580
5870,2.872906
5871,2.923231
5872,2.872906
5873,2.923231
5874,2.923231
5875,2.840224
5876,2.973557
5877,2.973557
5878,3.056565
5879,3.056565
5880,3.106891
5881,3.106891
5882,3.106891
5883,3.106891
5884,2.923231
5885,2.872906
5886,3.006239
5887,2.923231
5888,2.955913
5889,3.006239
5890,2.789898
5891,2.840224
5892,2.840224
5893,2.840224
5894,2.872906
5895,2.739572
5896,2.739572
5897,2.656565
5898,2.656565
5899,2.656565
5900,2.872906
5901,2.872906
5902,3.056565
5903,2.872906
5904,2.840224
5905,2.840224
5906,2.789898
5907,2.789898
5908,2.789898
5909,2.923231
5910,2.789898
5911,2.789898
5912,2.923231
5913,2.923231
5914,3.006239
5915,3.006239
5916,3.006239
5917,3.006239
5918,3.056565
5919,3.056565
5920,3.056565
5921,2.840224
5922,2.789898
5923,2.549255
5924,2.789898
5925,2.789898
5926,2.789898
5927,2.789898
5928,2.789898
5929,3.006239
5930,3.056565
5931,3.106891
5932,2.923231
5933,2.923231
5934,2.923231
5935,2.872906
5936,2.822580
5937,2.822580
5938,2.955913
5939,2.923231
5940,2.789898
5941,2.789898
5942,2.923231
5943,2.682589
5944,2.789898
5945,2.840224
5946,2.872906
5947,2.822580
5948,2.689246
5949,2.472906
5950,2.472906
5951,2.440224
5952,2.256565
5953,2.232263
5954,2.232263
5955,2.199581
5956,2.232263
5957,2.415922
5958,2.549255
5959,2.656565
5960,2.606239
5961,2.689246
5962,2.689246
5963,2.739572
5964,2.923231
5965,2.973557
5966,2.923231
5967,2.872906
5968,2.739572
5969,2.739572
5970,2.739572
5971,2.739572
5972,2.656565
5973,2.739572
5974,2.739572
5975,2.872906
5976,3.056565
5977,3.056565
5978,3.056565
5979,3.056565
5980,3.056565
5981,3.189898
5982,3.189898
5983,3.189898
5984,3.189898
5985,3.006239
5986,3.056565
5987,3.056565
5988,3.106891
5989,2.923231
5990,2.739572
5991,2.689246
5992,2.689246
5993,2.872906
5994,2.872906
5995,2.872906
5996,2.739572
5997,2.872906
5998,2.923231
5999,2.923231
6000,2.923231
6001,2.872906
6002,2.872906
6003,2.923231
6004,3.056565
6005,3.006239
6006,2.872906
6007,3.056565
6008,3.056565
6009,3.056565
6010,3.006239
6011,3.006239
6012,3.006239
6013,3.006239
6014,2.973557
6015,2.973557
6016,2.973557
6017,2.923231
6018,2.840224
6019,2.923231
6020,2.739572
6021,2.706891
6022,2.573557
6023,2.466248
6024,2.466248
6025,2.225605
6026,2.092272
6027,2.332915
6028,2.206239
6029,1.930125
6030,1.930125
6031,2.206239
6032,2.422580
6033,2.422580
6034,2.549255
6035,2.789898
6036,2.822580
6037,2.689246
6038,2.872906
6039,2.923231
6040,3.056565
6041,3.056565
6042,3.106891
6043,3.240224
6044,3.056565
6045,3.056565
6046,3.056565
6047,2.872906
6048,2.689246
6049,2.505587
6050,2.505587
6051,2.689246
6052,2.555913
6053,2.555913
6054,2.739572
6055,2.739572
6056,2.739572
6057,2.706891
6058,2.923231
6059,2.872906
6060,2.872906
6061,2.923231
6062,2.923231
6063,2.739572
6064,2.689246
6065,2.472906
6066,2.689246
6067,2.656565
6068,2.872906
6069,2.872906
6070,2.789898
6071,2.789898
6072,2.656565
6073,2.689246
6074,2.739572
6075,2.739572
6076,2.656565
6077,2.606239
6078,2.739572
6079,2.923231
6080,2.923231
6081,2.973557
6082,2.789898
6083,2.656565
6084,2.739572
6085,2.739572
6086,2.689246
6087,2.689246
6088,2.689246
6089,2.555913
6090,2.523231
6091,2.472906
6092,2.656565
6093,2.872906
6094,2.872906
6095,2.872906
6096,3.056565
6097,2.973557
6098,3.056565
6099,3.189898
6100,3.006239
6101,3.006239
6102,3.006239
6103,3.056565
6104,3.056565
6105,3.056565
6106,3.056565
6107,3.056565
6108,2.872906
6109,2.689246
6110,2.689246
6111,2.689246
6112,2.689246
6113,2.606239
6114,2.606239
6115,2.739572
6116,2.789898
6117,2.840224
6118,2.923231
6119,3.056565
6120,3.006239
6121,3.006239
6122,3.006239
6123,3.006239
6124,2.789898
6125,2.789898
6126,2.789898
6127,2.682589
6128,2.682589
6129,2.606239
6130,2.606239
6131,2.732915
6132,2.866248
6133,2.999581
6134,2.999581
6135,3.106891
6136,3.106891
6137,2.973557
6138,2.973557
6139,3.006239
6140,3.006239
6141,3.006239
6142,3.056565
6143,2.923231
6144,2.872906
6145,2.689246
6146,2.872906
6147,3.006239
6148,2.872906
6149,2.872906
6150,2.923231
6151,2.923231
6152,2.840224
6153,2.840224
6154,2.840224
6155,2.656565
6156,2.656565
6157,2.573557
6158,2.789898
6159,2.840224
6160,2.656565
6161,2.656565
6162,2.656565
6163,2.739572
6164,2.739572
6165,2.739572
6166,2.689246
6167,2.822580
6168,2.955913
6169,3.006239
6170,3.006239
6171,3.139572
6172,3.189898
6173,3.240224
6174,3.240224
6175,3.189898
6176,3.189898
6177,2.973557
6178,2.973557
6179,2.973557
6180,2.866248
6181,2.682589
6182,2.789898
6183,2.656565
6184,2.472906
6185,2.289246
6186,2.472906
6187,2.606239
6188,2.523231
6189,2.606239
6190,2.606239
6191,2.656565
6192,2.573557
6193,2.549255
6194,2.472906
6195,2.289246
6196,2.072906
6197,2.013132
6198,2.146466
6199,2.063458
6200,2.146466
6201,1.989898
6202,1.989898
6203,1.687943
6204,1.989898
6205,2.063458
6206,1.930125
6207,2.206239
6208,2.332915
6209,2.573557
6210,2.789898
6211,2.789898
6212,3.006239
6213,2.822580
6214,2.822580
6215,2.872906
6216,3.056565
6217,3.006239
6218,2.789898
6219,2.789898
6220,2.656565
6221,2.606239
6222,2.789898
6223,2.822580
6224,2.872906
6225,2.822580
6226,2.872906
6227,2.840224
6228,2.840224
6229,2.706891
6230,2.840224
6231,2.789898
6232,2.789898
6233,2.656565
6234,2.656565
6235,2.689246
6236,2.656565
6237,2.656565
6238,2.789898
6239,2.706891
6240,2.573557
6241,2.606239
6242,2.389898
6243,2.332915
6244,2.389898
6245,2.606239
6246,2.606239
6247,2.606239
6248,2.606239
6249,2.472906
6250,2.365596
6251,2.365596
6252,2.389898
6253,2.573557
6254,2.606239
6255,2.498930
6256,2.739572
6257,2.739572
6258,2.682589
6259,2.498930
6260,2.422580
6261,2.549255
6262,2.415922
6263,2.472906
6264,2.656565
6265,2.656565
6266,2.656565
6267,2.872906
6268,2.689246
6269,2.606239
6270,2.656565
6271,2.573557
6272,2.656565
6273,2.840224
6274,2.789898
6275,2.789898
6276,2.789898
6277,2.822580
6278,2.689246
6279,2.822580
6280,2.872906
6281,2.789898
6282,2.973557
6283,2.923231
6284,2.682589
6285,2.682589
6286,2.682589
6287,2.682589
6288,2.682589
6289,2.466248
6290,2.706891
6291,2.739572
6292,2.822580
6293,2.822580
6294,2.789898
6295,2.973557
6296,3.006239
6297,2.872906
6298,2.923231
6299,3.106891
6300,2.973557
6301,2.923231
6302,2.872906
6303,2.789898
6304,2.789898
6305,2.656565
6306,2.472906
6307,2.232263
6308,2.232263
6309,2.415922
6310,2.656565
6311,2.656565
6312,2.656565
6313,2.739572
6314,2.739572
6315,2.739572
6316,2.739572
6317,2.739572
6318,2.689246
6319,2.872906
6320,3.056565
6321,3.056565
6322,3.056565
6323,3.006239
6324,3.139572
6325,3.006239
6326,3.006239
6327,3.056565
6328,2.872906
6329,2.822580
6330,2.822580
6331,2.822580
6332,2.606239
6333,2.523231
6334,2.389898
6335,2.365596
6336,2.415922
6337,2.549255
6338,2.682589
6339,2.422580
6340,2.606239
6341,2.866248
6342,2.973557
6343,2.923231
6344,2.815922
6345,2.815922
6346,2.866248
6347,2.732915
6348,2.973557
6349,2.973557
6350,3.056565
6351,3.056565
6352,3.056565
6353,3.006239
6354,3.006239
6355,3.006239
6356,2.872906
6357,2.822580
6358,2.822580
6359,2.872906
6360,2.872906
6361,2.822580
6362,2.606239
6363,2.656565
6364,2.472906
6365,2.606239
6366,2.656565
6367,2.872906
6368,2.689246
6369,2.689246
6370,2.739572
6371,2.706891
6372,2.656565
6373,2.656565
6374,2.840224
6375,2.923231
6376,2.923231
6377,2.789898
6378,2.739572
6379,2.523231
6380,2.472906
6381,2.606239
6382,2.789898
6383,2.789898
6384,2.549255
6385,2.498930
6386,2.498930
6387,2.606239
6388,2.689246
6389,2.872906
6390,2.840224
6391,2.872906
6392,2.822580
6393,2.606239
6394,2.606239
6395,2.789898
6396,2.789898
6397,2.789898
6398,2.789898
6399,2.789898
6400,2.656565
6401,2.656565
6402,2.656565
6403,2.739572
6404,2.689246
6405,2.739572
6406,2.923231
6407,2.923231
6408,3.056565
6409,3.056565
6410,3.056565
6411,2.923231
6412,2.872906
6413,2.789898
6414,2.923231
6415,2.789898
6416,3.006239
6417,3.006239
6418,3.056565
6419,2.923231
6420,2.923231
6421,2.923231
6422,2.923231
6423,2.872906
6424,2.872906
6425,3.006239
6426,3.006239
6427,2.973557
6428,3.106891
6429,3.056565
6430,2.923231
6431,2.789898
6432,2.789898
6433,2.656565
6434,2.599581
6435,2.599581
6436,2.599581
6437,2.599581
6438,2.840224
6439,2.872906
6440,2.689246
6441,2.689246
6442,2.689246
6443,2.656565
6444,2.472906
6445,2.606239
6446,2.606239
6447,2.789898
6448,2.549255
6449,2.573557
6450,2.549255
6451,2.732915
6452,2.840224
6453,2.840224
6454,2.840224
6455,2.732915
6456,2.866248
6457,3.106891
6458,3.189898
6459,3.006239
6460,2.822580
6461,2.638921
6462,2.822580
6463,2.789898
6464,2.840224
6465,2.789898
6466,2.872906
6467,2.872906
6468,2.872906
6469,2.739572
6470,2.739572
6471,2.689246
6472,2.872906
6473,3.056565
6474,3.056565
6475,3.240224
6476,3.189898
6477,3.056565
6478,2.973557
6479,3.189898
6480,3.056565
6481,3.189898
6482,3.006239
6483,3.006239
6484,3.006239
6485,3.139572
6486,3.006239
6487,3.006239
6488,3.006239
6489,2.789898
6490,3.006239
6491,3.006239
6492,2.872906
6493,2.822580
6494,2.689246
6495,2.739572
6496,2.739572
6497,2.739572
6498,2.689246
6499,2.822580
6500,2.822580
6501,2.789898
6502,2.872906
6503,2.923231
6504,2.840224
6505,2.656565
6506,2.606239
6507,2.822580
6508,2.822580
6509,2.872906
6510,2.789898
6511,2.789898
6512,2.656565
6513,2.606239
6514,2.689246
6515,2.472906
6516,2.472906
6517,2.472906
6518,2.472906
6519,2.472906
6520,2.606239
6521,2.822580
6522,3.006239
6523,2.789898
6524,2.840224
6525,2.840224
6526,2.872906
6527,2.872906
6528,2.822580
6529,2.822580
6530,2.789898
6531,2.549255
6532,2.549255
6533,2.466248
6534,2.466248
6535,2.466248
6536,2.466248
6537,2.422580
6538,2.555913
6539,2.815922
6540,2.866248
6541,2.732915
6542,2.732915
6543,2.840224
6544,2.789898
6545,2.822580
6546,2.872906
6547,3.056565
6548,2.923231
6549,2.923231
6550,2.840224
6551,2.923231
6552,2.872906
6553,2.872906
6554,2.822580
6555,2.606239
6556,2.689246
6557,2.872906
6558,2.923231
6559,2.973557
6560,2.923231
6561,3.056565
6562,3.106891
6563,3.056565
6564,3.056565
6565,2.872906
6566,2.656565
6567,2.606239
6568,2.606239
6569,2.689246
6570,2.739572
6571,2.523231
6572,2.523231
6573,2.523231
6574,2.656565
6575,2.689246
6576,2.872906
6577,3.006239
6578,3.006239
6579,3.056565
6580,3.056565
6581,3.056565
6582,3.056565
6583,3.056565
6584,2.872906
6585,2.840224
6586,2.656565
6587,2.656565
6588,2.656565
6589,2.573557
6590,2.549255
6591,2.549255
6592,2.789898
6593,2.923231
6594,2.789898
6595,2.739572
6596,2.498930
6597,2.739572
6598,2.789898
6599,2.789898
6600,2.656565
6601,2.523231
6602,2.656565
6603,2.689246
6604,2.656565
6605,2.549255
6606,2.682589
6607,2.682589
6608,2.706891
6609,2.923231
6610,2.973557
6611,2.789898
6612,2.872906
6613,2.923231
6614,2.840224
6615,2.872906
6616,3.056565
6617,3.056565
6618,3.106891
6619,3.106891
6620,3.106891
6621,3.106891
6622,3.056565
6623,3.056565
6624,3.056565
6625,3.189898
6626,3.006239
6627,3.189898
6628,3.139572
6629,3.139572
6630,3.006239
6631,3.006239
6632,2.822580
6633,2.872906
6634,2.872906
6635,2.872906
6636,2.872906
6637,3.056565
6638,3.056565
6639,3.106891
6640,2.923231
6641,2.739572
6642,2.739572
6643,2.656565
6644,2.689246
6645,2.638921
6646,2.638921
6647,2.822580
6648,2.789898
6649,2.656565
6650,2.689246
6651,2.872906
6652,2.923231
6653,2.923231
6654,2.923231
6655,2.923231
6656,2.923231
6657,2.872906
6658,2.872906
6659,2.872906
6660,2.822580
6661,2.872906
6662,2.872906
6663,2.872906
6664,3.006239
6665,2.789898
6666,2.789898
6667,2.789898
6668,2.682589
6669,2.549255
6670,2.732915
6671,2.549255
6672,2.682589
6673,2.789898
6674,2.872906
6675,2.923231
6676,2.923231
6677,2.923231
6678,2.923231
6679,2.872906
6680,2.872906
6681,2.923231
6682,2.923231
6683,2.706891
6684,2.840224
6685,2.923231
6686,2.923231
6687,2.872906
6688,2.822580
6689,2.789898
6690,2.789898
6691,2.789898
6692,2.573557
6693,2.656565
6694,2.656565
6695,2.840224
6696,2.656565
6697,2.440224
6698,2.389898
6699,2.606239
6700,2.606239
6701,2.549255
6702,2.422580
6703,2.682589
6704,2.789898
6705,2.789898
6706,2.840224
6707,2.789898
6708,2.789898
6709,2.789898
6710,2.706891
6711,2.739572
6712,2.923231
6713,3.006239
6714,2.872906
6715,2.872906
6716,2.923231
6717,3.056565
6718,3.056565
6719,3.056565
6720,3.006239
6721,2.789898
6722,2.923231
6723,2.739572
6724,2.923231
6725,2.789898
6726,2.789898
6727,3.006239
6728,3.006239
6729,3.056565
6730,3.189898
6731,2.973557
6732,3.056565
6733,3.056565
6734,3.056565
6735,2.923231
6736,2.739572
6737,2.739572
6738,2.739572
6739,2.656565
6740,2.739572
6741,2.872906
6742,2.822580
6743,2.789898
6744,2.789898
6745,2.872906
6746,3.006239
6747,2.872906
6748,2.656565
6749,2.656565
6750,2.656565
6751,2.789898
6752,2.872906
6753,2.923231
6754,2.706891
6755,2.789898
6756,2.706891
6757,2.840224
6758,2.732915
6759,2.682589
6760,2.422580
6761,2.422580
6762,2.422580
6763,2.146466
6764,2.206239
6765,2.466248
6766,2.682589
6767,2.732915
6768,2.682589
6769,2.923231
6770,2.923231
6771,3.006239
6772,3.139572
6773,3.189898
6774,3.189898
6775,3.189898
6776,3.189898
6777,3.139572
6778,3.006239
6779,3.056565
6780,3.056565
6781,3.056565
6782,3.056565
6783,3.056565
6784,2.872906
6785,2.923231
6786,2.739572
6787,2.923231
6788,2.973557
6789,2.923231
6790,2.923231
6791,2.923231
6792,2.872906
6793,3.056565
6794,3.056565
6795,3.056565
6796,3.106891
6797,2.923231
6798,2.840224
6799,2.872906
6800,2.872906
6801,2.656565
6802,2.573557
6803,2.440224
6804,2.573557
6805,2.789898
6806,3.006239
6807,3.006239
6808,3.006239
6809,2.789898
6810,2.789898
6811,2.973557
6812,3.006239
6813,3.056565
6814,3.006239
6815,3.006239
6816,3.006239
6817,3.056565
6818,3.106891
6819,3.106891
6820,3.106891
6821,2.923231
6822,2.923231
6823,2.923231
6824,2.923231
6825,2.872906
6826,2.872906
6827,2.872906
6828,2.656565
6829,2.872906
6830,2.872906
6831,2.656565
6832,2.739572
6833,2.739572
6834,2.689246
6835,2.689246
6836,2.689246
6837,2.606239
6838,2.549255
6839,2.656565
6840,2.656565
6841,2.656565
6842,2.872906
6843,2.840224
6844,3.056565
6845,3.056565
6846,2.840224
6847,2.732915
6848,2.732915
6849,2.732915
6850,2.599581
6851,2.549255
6852,2.549255
6853,2.549255
6854,2.656565
6855,2.872906
6856,2.689246
6857,2.472906
6858,2.472906
6859,2.472906
6860,2.415922
6861,2.415922
6862,2.415922
6863,2.415922
6864,2.656565
6865,2.789898
6866,2.789898
6867,2.656565
6868,2.872906
6869,2.872906
6870,3.056565
6871,3.056565
6872,3.106891
6873,2.923231
6874,2.872906
6875,2.872906
6876,2.872906
6877,3.056565
6878,3.056565
6879,3.189898
6880,3.056565
6881,3.056565
6882,3.006239
6883,3.006239
6884,3.006239
6885,2.789898
6886,2.789898
6887,2.789898
6888,2.789898
6889,2.789898
6890,2.840224
6891,2.656565
6892,2.872906
6893,2.872906
6894,2.822580
6895,2.872906
6896,2.689246
6897,2.689246
6898,2.638921
6899,2.638921
6900,2.606239
6901,2.606239
6902,2.606239
6903,2.606239
6904,2.606239
6905,2.606239
6906,2.606239
6907,2.606239
6908,2.656565
6909,2.573557
6910,2.549255
6911,2.789898
6912,2.606239
6913,2.656565
6914,2.840224
6915,2.599581
6916,2.732915
6917,2.840224
6918,2.840224
6919,2.872906
6920,2.872906
6921,2.739572
6922,2.689246
6923,2.822580
6924,2.872906
6925,2.872906
6926,2.872906
6927,2.656565
6928,2.606239
6929,2.689246
6930,2.822580
6931,2.872906
6932,2.872906
6933,2.822580
6934,2.872906
6935,2.872906
6936,2.872906
6937,2.872906
6938,2.872906
6939,3.056565
6940,3.056565
6941,2.923231
6942,2.923231
6943,2.872906
6944,2.789898
6945,2.872906
6946,2.923231
6947,2.923231
6948,2.923231
6949,2.923231
6950,2.923231
6951,2.872906
6952,2.923231
6953,3.056565
6954,3.240224
6955,3.106891
6956,3.106891
6957,3.240224
6958,3.240224
6959,3.056565
6960,3.056565
6961,3.006239
6962,2.923231
6963,2.923231
6964,2.923231
6965,3.006239
6966,3.006239
6967,2.872906
6968,2.923231
6969,3.056565
6970,3.056565
6971,2.973557
6972,2.866248
6973,2.973557
6974,2.840224
6975,2.840224
6976,2.840224
6977,2.872906
6978,2.739572
6979,2.656565
6980,2.656565
6981,2.656565
6982,2.789898
6983,2.789898
6984,2.840224
6985,2.973557
6986,2.973557
6987,3.056565
6988,2.923231
6989,2.739572
6990,2.739572
6991,2.789898
6992,2.923231
6993,2.872906
6994,2.789898
6995,2.606239
6996,2.638921
6997,2.606239
6998,2.822580
6999,2.822580
7000,3.006239
7001,3.006239
7002,3.006239
7003,2.955913
7004,2.923231
7005,3.006239
7006,3.006239
7007,2.872906
7008,2.923231
7009,2.923231
7010,2.739572
7011,2.739572
7012,2.872906
7013,2.739572
7014,2.739572
7015,2.923231
7016,2.840224
7017,2.923231
7018,2.840224
7019,2.656565
7020,2.872906
7021,2.923231
7022,2.923231
7023,2.872906
7024,2.872906
7025,2.840224
7026,2.840224
7027,2.840224
7028,2.973557
7029,2.973557
7030,3.056565
7031,2.973557
7032,3.056565
7033,2.872906
7034,2.872906
7035,2.872906
7036,2.872906
7037,3.006239
7038,2.872906
7039,2.923231
7040,2.872906
7041,2.789898
7042,2.923231
7043,2.973557
7044,2.973557
7045,3.006239
7046,2.872906
7047,2.822580
7048,2.822580
7049,2.638921
7050,2.606239
7051,2.606239
7052,2.472906
7053,2.656565
7054,2.472906
7055,2.689246
7056,2.689246
7057,2.872906
7058,2.789898
7059,2.789898
7060,2.549255
7061,2.599581
7062,2.549255
7063,2.682589
7064,2.923231
7065,2.923231
7066,2.840224
7067,2.706891
7068,2.706891
7069,2.573557
7070,2.606239
7071,2.606239
7072,2.422580
7073,2.422580
7074,2.365596
7075,2.549255
7076,2.365596
7077,2.282589
7078,2.389898
7079,2.389898
7080,2.149255
7081,2.173557
7082,2.206239
7083,2.206239
7084,2.206239
7085,2.389898
7086,2.389898
7087,2.389898
7088,2.389898
7089,2.389898
7090,2.606239
7091,2.656565
7092,2.606239
7093,2.606239
7094,2.389898
7095,2.389898
7096,2.472906
7097,2.365596
7098,2.549255
7099,2.289246
7100,2.549255
7101,2.682589
7102,2.815922
7103,2.815922
7104,2.923231
7105,2.973557
7106,2.973557
7107,3.056565
7108,2.872906
7109,2.840224
7110,2.840224
7111,2.973557
7112,2.923231
7113,3.106891
7114,2.973557
7115,2.973557
7116,3.056565
7117,2.923231
7118,2.923231
7119,3.056565
7120,3.056565
7121,3.056565
7122,3.056565
7123,3.189898
7124,3.056565
7125,3.056565
7126,3.056565
7127,2.872906
7128,3.056565
7129,3.006239
7130,3.006239
7131,2.789898
7132,3.006239
7133,2.822580
7134,2.822580
7135,2.822580
7136,2.739572
7137,2.739572
7138,2.739572
7139,2.822580
7140,2.872906
7141,3.056565
7142,3.056565
7143,2.923231
7144,2.923231
7145,3.056565
7146,2.872906
7147,2.822580
7148,2.822580
7149,2.789898
7150,2.789898
7151,2.789898
7152,2.840224
7153,2.973557
7154,3.106891
7155,2.866248
7156,2.682589
7157,2.549255
7158,2.498930
7159,2.682589
7160,2.549255
7161,2.732915
7162,2.732915
7163,2.973557
7164,3.189898
7165,3.189898
7166,3.189898
7167,3.189898
7168,3.056565
7169,3.056565
7170,3.056565
7171,2.840224
7172,2.923231
7173,2.872906
7174,2.872906
7175,2.872906
7176,2.872906
7177,2.872906
7178,2.872906
7179,2.840224
7180,2.599581
7181,2.599581
7182,2.732915
7183,2.732915
7184,2.549255
7185,2.682589
7186,2.789898
7187,2.739572
7188,2.606239
7189,2.422580
7190,2.422580
7191,2.422580
7192,2.422580
7193,2.389898
7194,2.606239
7195,2.573557
7196,2.573557
7197,2.549255
7198,2.682589
7199,2.549255
7200,2.422580
7201,2.472906
7202,2.472906
7203,2.549255
7204,2.606239
7205,2.606239
7206,2.606239
7207,2.389898
7208,2.365596
7209,2.415922
7210,2.656565
7211,2.415922
7212,2.339572
7213,2.339572
7214,2.472906
7215,2.422580
7216,2.472906
7217,2.472906
7218,2.422580
7219,2.422580
7220,2.422580
7221,2.549255
7222,2.606239
7223,2.689246
7224,2.472906
7225,2.606239
7226,2.689246
7227,2.872906
7228,2.872906
7229,2.872906
7230,2.789898
7231,2.872906
7232,2.872906
7233,2.840224
7234,2.840224
7235,2.872906
7236,2.872906
7237,2.789898
7238,2.656565
7239,2.523231
7240,2.472906
7241,2.472906
7242,2.389898
7243,2.365596
7244,2.549255
7245,2.682589
7246,2.498930
7247,2.282589
7248,2.282589
7249,2.282589
7250,2.282589
7251,2.498930
7252,2.549255
7253,2.789898
7254,2.739572
7255,2.739572
7256,2.923231
7257,3.006239
7258,3.056565
7259,2.872906
7260,2.872906
7261,2.872906
7262,2.872906
7263,2.923231
7264,2.923231
7265,2.973557
7266,2.923231
7267,2.872906
7268,2.789898
7269,2.789898
7270,2.739572
7271,2.955913
7272,3.139572
7273,3.006239
7274,2.789898
7275,2.822580
7276,2.689246
7277,2.472906
7278,2.505587
7279,2.472906
7280,2.472906
7281,2.606239
7282,2.789898
7283,2.789898
7284,2.840224
7285,2.840224
7286,2.840224
7287,2.923231
7288,2.923231
7289,3.056565
7290,3.240224
7291,3.189898
7292,3.006239
7293,3.006239
7294,3.006239
7295,2.973557
7296,2.840224
7297,2.923231
7298,3.056565
7299,3.056565
7300,3.056565
7301,2.872906
7302,2.923231
7303,2.872906
7304,2.840224
7305,2.872906
7306,2.923231
7307,2.840224
7308,2.656565
7309,2.789898
7310,2.682589
7311,2.789898
7312,2.840224
7313,2.706891
7314,2.599581
7315,2.339572
7316,2.415922
7317,2.549255
7318,2.365596
7319,2.472906
7320,2.472906
7321,2.656565
7322,2.739572
7323,2.689246
7324,2.739572
7325,2.789898
7326,2.923231
7327,2.840224
7328,2.789898
7329,2.682589
7330,2.549255
7331,2.549255
7332,2.789898
7333,2.682589
7334,2.549255
7335,2.498930
7336,2.422580
7337,2.498930
7338,2.606239
7339,2.549255
7340,2.549255
7341,2.365596
7342,2.389898
7343,2.606239
7344,2.606239
7345,2.656565
7346,2.549255
7347,2.422580
7348,2.472906
7349,2.472906
7350,2.472906
7351,2.422580
7352,2.682589
7353,2.606239
7354,2.472906
7355,2.422580
7356,2.682589
7357,2.923231
7358,2.706891
7359,2.789898
7360,2.872906
7361,2.872906
7362,2.840224
7363,2.840224
7364,2.923231
7365,3.056565
7366,3.189898
7367,3.006239
7368,2.923231
7369,2.789898
7370,2.973557
7371,2.973557
7372,3.056565
7373,3.006239
7374,2.923231
7375,3.006239
7376,2.872906
7377,2.689246
7378,2.689246
7379,2.822580
7380,2.872906
7381,2.923231
7382,3.106891
7383,3.056565
7384,3.056565
7385,3.006239
7386,3.056565
7387,3.056565
7388,3.056565
7389,3.056565
7390,3.056565
7391,2.872906
7392,2.689246
7393,2.872906
7394,2.822580
7395,2.822580
7396,3.006239
7397,3.056565
7398,2.840224
7399,2.840224
7400,2.789898
7401,2.789898
7402,2.789898
7403,2.739572
7404,2.682589
7405,2.789898
7406,2.606239
7407,2.606239
7408,2.606239
7409,2.689246
7410,2.505587
7411,2.472906
7412,2.389898
7413,2.472906
7414,2.440224
7415,2.440224
7416,2.332915
7417,2.573557
7418,2.656565
7419,2.606239
7420,2.606239
7421,2.549255
7422,2.599581
7423,2.840224
7424,2.706891
7425,2.656565
7426,2.472906
7427,2.472906
7428,2.689246
7429,2.872906
7430,2.872906
7431,3.056565
7432,3.056565
7433,3.056565
7434,3.056565
7435,3.006239
7436,2.822580
7437,2.739572
7438,2.739572
7439,2.822580
7440,2.822580
7441,2.822580
7442,2.606239
7443,2.606239
7444,2.606239
7445,2.789898
7446,2.789898
7447,2.656565
7448,2.872906
7449,2.872906
7450,2.872906
7451,2.840224
7452,2.872906
7453,2.923231
7454,2.923231
7455,3.056565
7456,3.056565
7457,3.056565
7458,2.923231
7459,2.872906
7460,2.872906
7461,3.056565
7462,3.189898
7463,3.240224
7464,3.056565
7465,3.006239
7466,2.789898
7467,2.656565
7468,2.872906
7469,2.872906
7470,2.872906
7471,2.923231
7472,3.056565
7473,3.006239
7474,3.056565
7475,3.006239
7476,3.006239
7477,3.006239
7478,3.056565
7479,2.973557
7480,3.006239
7481,2.973557
7482,2.840224
7483,2.732915
7484,2.732915
7485,2.973557
7486,2.973557
7487,2.973557
7488,3.056565
7489,2.872906
7490,2.872906
7491,3.006239
7492,2.822580
7493,2.689246
7494,2.638921
7495,2.822580
7496,2.955913
7497,2.822580
7498,2.606239
7499,2.606239
7500,2.689246
7501,2.638921
7502,2.638921
7503,2.638921
7504,2.422580
7505,2.389898
7506,2.573557
7507,2.656565
7508,2.573557
7509,2.389898
7510,2.206239
7511,2.206239
7512,2.389898
7513,2.422580
7514,2.638921
7515,2.689246
7516,2.822580
7517,3.006239
7518,3.056565
7519,2.973557
7520,2.840224
7521,2.973557
7522,3.006239
7523,3.006239
7524,3.006239
7525,3.006239
7526,2.822580
7527,2.872906
7528,2.872906
7529,2.656565
7530,2.656565
7531,2.472906
7532,2.656565
7533,2.606239
7534,2.523231
7535,2.739572
7536,2.923231
7537,2.923231
7538,2.923231
7539,3.106891
7540,3.189898
7541,3.240224
7542,3.106891
7543,2.923231
7544,2.872906
7545,2.923231
7546,3.056565
7547,3.189898
7548,3.189898
7549,3.056565
7550,3.056565
7551,3.006239
7552,3.006239
7553,2.789898
7554,2.923231
7555,2.789898
7556,2.739572
7557,2.606239
7558,2.389898
7559,2.365596
7560,2.105587
7561,2.365596
7562,2.498930
7563,2.739572
7564,2.789898
7565,2.840224
7566,2.840224
7567,2.840224
7568,3.056565
7569,3.006239
7570,2.955913
7571,2.822580
7572,2.872906
7573,2.822580
7574,2.872906
7575,2.872906
7576,2.656565
7577,2.840224
7578,2.840224
7579,2.923231
7580,2.872906
7581,2.872906
7582,2.872906
7583,2.872906
7584,2.872906
7585,2.656565
7586,2.573557
7587,2.606239
7588,2.656565
7589,2.573557
7590,2.573557
7591,2.523231
7592,2.739572
7593,2.739572
7594,2.923231
7595,2.923231
7596,2.682589
7597,2.739572
7598,2.498930
7599,2.498930
7600,2.739572
7601,2.498930
7602,2.682589
7603,2.682589
7604,2.732915
7605,2.599581
7606,2.732915
7607,2.732915
7608,2.732915
7609,2.606239
7610,2.732915
7611,2.840224
7612,2.706891
7613,2.739572
7614,2.739572
7615,2.923231
7616,2.872906
7617,2.822580
7618,2.789898
7619,2.789898
7620,2.840224
7621,2.872906
7622,3.056565
7623,3.056565
7624,2.872906
7625,2.789898
7626,2.840224
7627,3.056565
7628,3.056565
7629,3.056565
7630,2.872906
7631,2.822580
7632,2.872906
7633,2.789898
7634,2.789898
7635,2.872906
7636,2.822580
7637,2.822580
7638,2.872906
7639,2.872906
7640,3.056565
7641,2.872906
7642,3.056565
7643,3.006239
7644,3.006239
7645,3.056565
7646,3.006239
7647,2.872906
7648,3.056565
7649,3.106891
7650,3.106891
7651,3.106891
7652,3.056565
7653,3.056565
7654,2.973557
7655,2.973557
7656,2.789898
7657,2.789898
7658,2.682589
7659,2.682589
7660,2.498930
7661,2.549255
7662,2.732915
7663,2.732915
7664,2.789898
7665,2.606239
7666,2.389898
7667,2.422580
7668,2.365596
7669,2.549255
7670,2.415922
7671,2.549255
7672,2.466248
7673,2.466248
7674,2.498930
7675,2.422580
7676,2.472906
7677,2.732915
7678,2.789898
7679,2.872906
7680,2.872906
7681,2.840224
7682,2.973557
7683,2.923231
7684,2.789898
7685,2.973557
7686,2.840224
7687,2.789898
7688,2.789898
7689,2.682589
7690,2.682589
7691,2.732915
7692,2.789898
7693,2.840224
7694,2.872906
7695,3.006239
7696,2.923231
7697,2.789898
7698,2.789898
7699,2.789898
7700,2.656565
7701,2.840224
7702,2.923231
7703,2.923231
7704,2.923231
7705,2.840224
7706,2.656565
7707,2.599581
7708,2.472906
7709,2.289246
7710,2.422580
7711,2.422580
7712,2.682589
7713,2.682589
7714,2.866248
7715,2.973557
7716,3.106891
7717,2.923231
7718,3.006239
7719,2.822580
7720,2.822580
7721,2.872906
7722,2.822580
7723,2.689246
7724,2.689246
7725,2.739572
7726,2.872906
7727,2.789898
7728,2.789898
7729,2.872906
7730,2.789898
7731,2.789898
7732,2.789898
7733,2.872906
7734,2.872906
7735,2.656565
7736,2.656565
7737,2.573557
7738,2.789898
7739,2.789898
7740,2.573557
7741,2.466248
7742,2.599581
7743,2.599581
7744,2.599581
7745,2.682589
7746,2.549255
7747,2.656565
7748,2.789898
7749,2.872906
7750,2.923231
7751,3.106891
7752,3.056565
7753,3.056565
7754,3.056565
7755,3.056565
7756,3.189898
7757,3.189898
7758,3.006239
7759,3.006239
7760,3.006239
7761,3.006239
7762,3.006239
7763,3.056565
7764,3.056565
7765,3.056565
7766,2.923231
7767,2.923231
7768,2.923231
7769,2.923231
7770,2.872906
7771,2.789898
7772,2.789898
7773,2.789898
7774,2.923231
7775,2.973557
7776,2.973557
7777,2.840224
7778,2.732915
7779,2.606239
7780,2.606239
7781,2.606239
7782,2.606239
7783,2.606239
7784,2.732915
7785,2.789898
7786,3.006239
7787,3.006239
7788,3.006239
7789,2.872906
7790,3.056565
7791,3.056565
7792,3.056565
7793,3.056565
7794,2.923231
7795,3.106891
7796,3.056565
7797,3.056565
7798,3.056565
7799,3.056565
7800,2.923231
7801,2.706891
7802,2.706891
7803,2.706891
7804,2.739572
7805,2.739572
7806,2.706891
7807,2.706891
7808,2.599581
7809,2.549255
7810,2.549255
7811,2.415922
7812,2.656565
7813,2.656565
7814,2.549255
7815,2.682589
7816,2.682589
7817,2.789898
7818,2.732915
7819,2.549255
7820,2.789898
7821,3.006239
7822,2.789898
7823,2.822580
7824,3.006239
7825,3.006239
7826,2.822580
7827,2.606239
7828,2.739572
7829,2.923231
7830,2.923231
7831,2.923231
7832,2.739572
7833,2.789898
7834,2.789898
7835,2.872906
7836,2.872906
7837,2.872906
7838,2.872906
7839,2.739572
7840,2.739572
7841,2.739572
7842,2.555913
7843,2.739572
7844,2.739572
7845,2.923231
7846,3.106891
7847,3.106891
7848,3.056565
7849,2.973557
7850,3.006239
7851,2.872906
7852,2.689246
7853,2.739572
7854,2.872906
7855,2.822580
7856,2.955913
7857,3.006239
7858,3.006239
7859,2.872906
7860,2.872906
7861,3.006239
7862,2.923231
7863,2.923231
7864,2.682589
7865,2.549255
7866,2.472906
7867,2.606239
7868,2.866248
7869,2.682589
7870,2.682589
7871,2.549255
7872,2.789898
7873,2.573557
7874,2.573557
7875,2.656565
7876,2.739572
7877,2.739572
7878,2.706891
7879,2.840224
7880,2.923231
7881,2.706891
7882,2.656565
7883,2.656565
7884,2.689246
7885,2.689246
7886,2.689246
7887,2.689246
7888,2.689246
7889,2.872906
7890,2.872906
7891,2.822580
7892,3.006239
7893,3.006239
7894,3.006239
7895,3.006239
7896,3.006239
7897,3.139572
7898,3.139572
7899,3.189898
7900,2.973557
7901,3.056565
7902,2.923231
7903,2.923231
7904,2.872906
7905,2.789898
7906,2.682589
7907,2.923231
7908,2.739572
7909,2.739572
7910,2.523231
7911,2.573557
7912,2.656565
7913,2.573557
7914,2.573557
7915,2.573557
7916,2.573557
7917,2.573557
7918,2.656565
7919,2.706891
7920,2.840224
7921,2.706891
7922,2.706891
7923,2.739572
7924,2.739572
7925,2.739572
7926,2.656565
7927,2.656565
7928,2.656565
7929,2.656565
7930,2.789898
7931,2.789898
7932,2.822580
7933,2.822580
7934,2.606239
7935,2.606239
7936,2.523231
7937,2.739572
7938,2.739572
7939,2.739572
7940,2.822580
7941,2.822580
7942,2.822580
7943,2.872906
7944,2.656565
7945,2.573557
7946,2.606239
7947,2.606239
7948,2.689246
7949,2.822580
7950,2.872906
7951,2.923231
7952,2.872906
7953,3.006239
7954,3.189898
7955,3.240224
7956,3.189898
7957,3.189898
7958,3.189898
7959,3.189898
7960,3.006239
7961,3.006239
7962,3.006239
7963,2.973557
7964,3.189898
7965,3.240224
7966,3.240224
7967,3.056565
7968,2.923231
7969,3.056565
7970,3.056565
7971,3.056565
7972,2.872906
7973,3.056565
7974,3.056565
7975,3.006239
7976,3.006239
7977,3.056565
7978,3.056565
7979,2.872906
7980,2.923231
7981,2.923231
7982,2.923231
7983,2.923231
7984,2.840224
7985,2.872906
7986,2.840224
7987,2.973557
7988,2.973557
7989,2.789898
7990,2.789898
7991,2.789898
7992,2.973557
7993,3.106891
7994,3.056565
7995,3.056565
7996,2.923231
7997,3.006239
7998,3.056565
7999,3.056565
8000,3.056565
8001,3.056565
8002,3.056565
8003,2.923231
8004,2.872906
8005,3.006239
8006,2.789898
8007,2.789898
8008,2.840224
8009,2.789898
8010,2.656565
8011,2.656565
8012,2.523231
8013,2.523231
8014,2.555913
8015,2.555913
8016,2.555913
8017,2.739572
8018,2.656565
8019,2.606239
8020,2.606239
8021,2.606239
8022,2.789898
8023,2.573557
8024,2.466248
8025,2.573557
8026,2.573557
8027,2.466248
8028,2.549255
8029,2.549255
8030,2.606239
8031,2.606239
8032,2.606239
8033,2.389898
8034,2.606239
8035,2.472906
8036,2.472906
8037,2.606239
8038,2.822580
8039,2.872906
8040,2.872906
8041,3.056565
8042,3.056565
8043,3.056565
8044,3.006239
8045,3.006239
8046,2.822580
8047,2.822580
8048,2.689246
8049,2.872906
8050,3.006239
8051,3.006239
8052,2.872906
8053,2.872906
8054,2.872906
8055,2.689246
8056,2.739572
8057,2.689246
8058,2.606239
8059,2.365596
8060,2.332915
8061,2.332915
8062,2.466248
8063,2.225605
8064,2.332915
8065,2.440224
8066,2.440224
8067,2.332915
8068,2.332915
8069,2.149255
8070,2.365596
8071,2.472906
8072,2.555913
8073,2.523231
8074,2.656565
8075,2.706891
8076,2.599581
8077,2.656565
8078,2.656565
8079,2.472906
8080,2.472906
8081,2.422580
8082,2.606239
8083,2.822580
8084,2.822580
8085,2.872906
8086,2.789898
8087,2.872906
8088,2.872906
8089,2.739572
8090,2.739572
8091,2.872906
8092,2.789898
8093,2.789898
8094,2.923231
8095,3.006239
8096,2.872906
8097,2.789898
8098,2.840224
8099,2.656565
8100,2.656565
8101,2.689246
8102,2.739572
8103,2.656565
8104,2.872906
8105,2.789898
8106,2.789898
8107,2.872906
8108,2.872906
8109,2.656565
8110,2.415922
8111,2.599581
8112,2.656565
8113,2.573557
8114,2.466248
8115,2.599581
8116,2.599581
8117,2.466248
8118,2.332915
8119,2.365596
8120,2.606239
8121,2.549255
8122,2.415922
8123,2.656565
8124,2.689246
8125,2.739572
8126,2.739572
8127,2.656565
8128,2.415922
8129,2.549255
8130,2.682589
8131,2.789898
8132,2.923231
8133,2.789898
8134,2.656565
8135,2.656565
8136,2.789898
8137,2.789898
8138,2.973557
8139,2.840224
8140,2.872906
8141,3.056565
8142,3.189898
8143,3.056565
8144,3.189898
8145,3.139572
8146,3.189898
8147,3.189898
8148,3.056565
8149,3.056565
8150,3.056565
8151,3.056565
8152,3.056565
8153,3.240224
8154,3.240224
8155,3.056565
8156,3.056565
8157,3.056565
8158,3.056565
8159,2.973557
8160,2.732915
8161,2.866248
8162,2.973557
8163,2.923231
8164,2.973557
8165,2.840224
8166,2.789898
8167,2.789898
8168,2.606239
8169,2.789898
8170,2.973557
8171,2.840224
8172,2.789898
8173,2.789898
8174,2.789898
8175,2.840224
8176,2.840224
8177,2.840224
8178,2.732915
8179,2.549255
8180,2.606239
8181,2.689246
8182,2.872906
8183,2.739572
8184,2.656565
8185,2.549255
8186,2.549255
8187,2.732915
8188,2.789898
8189,2.739572
8190,2.955913
8191,3.006239
8192,2.872906
8193,2.822580
8194,2.638921
8195,2.822580
8196,2.822580
8197,2.606239
8198,2.789898
8199,2.789898
8200,2.789898
8201,2.706891
8202,2.573557
8203,2.706891
8204,2.523231
8205,2.606239
8206,2.606239
8207,2.606239
8208,2.606239
8209,2.789898
8210,2.872906
8211,2.822580
8212,2.606239
8213,2.422580
8214,2.606239
8215,2.789898
8216,2.789898
8217,2.739572
8218,2.706891
8219,2.523231
8220,2.606239
8221,2.606239
8222,2.606239
8223,2.549255
8224,2.682589
8225,2.789898
8226,2.923231
8227,2.789898
8228,2.872906
8229,2.822580
8230,2.872906
8231,2.923231
8232,2.923231
8233,2.923231
8234,2.923231
8235,2.923231
8236,2.872906
8237,2.739572
8238,2.739572
8239,2.923231
8240,2.739572
8241,2.872906
8242,2.822580
8243,2.822580
8244,3.006239
8245,3.056565
8246,2.872906
8247,2.872906
8248,2.840224
8249,2.789898
8250,2.656565
8251,2.656565
8252,2.789898
8253,3.006239
8254,3.006239
8255,2.822580
8256,2.872906
8257,2.656565
8258,2.689246
8259,2.555913
8260,2.523231
8261,2.555913
8262,2.523231
8263,2.656565
8264,2.599581
8265,2.656565
8266,2.656565
8267,2.789898
8268,2.789898
8269,2.656565
8270,2.656565
8271,2.872906
8272,3.056565
8273,3.006239
8274,2.822580
8275,2.872906
8276,2.872906
8277,2.789898
8278,3.006239
8279,2.789898
8280,2.789898
8281,2.656565
8282,2.656565
8283,2.573557
8284,2.789898
8285,2.789898
8286,2.573557
8287,2.389898
8288,2.365596
8289,2.549255
8290,2.789898
8291,2.872906
8292,2.923231
8293,3.056565
8294,3.056565
8295,3.106891
8296,3.056565
8297,2.973557
8298,2.923231
8299,2.973557
8300,2.866248
8301,2.732915
8302,2.789898
8303,2.706891
8304,2.573557
8305,2.573557
8306,2.606239
8307,2.472906
8308,2.523231
8309,2.555913
8310,2.689246
8311,2.739572
8312,2.739572
8313,2.739572
8314,2.789898
8315,2.739572
8316,2.656565
8317,2.573557
8318,2.573557
8319,2.466248
8320,2.332915
8321,2.092272
8322,2.332915
8323,2.573557
8324,2.789898
8325,2.682589
8326,2.789898
8327,2.656565
8328,2.872906
8329,2.822580
8330,2.789898
8331,2.789898
8332,2.840224
8333,2.923231
8334,2.923231
8335,2.923231
8336,2.872906
8337,2.872906
8338,3.006239
8339,3.056565
8340,2.872906
8341,2.739572
8342,2.689246
8343,2.472906
8344,2.689246
8345,2.689246
8346,2.689246
8347,2.656565
8348,2.656565
8349,2.840224
8350,2.840224
8351,2.789898
8352,2.706891
8353,2.706891
8354,2.789898
8355,2.789898
8356,2.923231
8357,2.923231
8358,2.789898
8359,2.656565
8360,2.789898
8361,2.872906
8362,2.872906
8363,3.006239
8364,3.006239
8365,3.056565
8366,3.056565
8367,2.872906
8368,2.822580
8369,2.689246
8370,2.689246
8371,2.555913
8372,2.689246
8373,2.822580
8374,2.872906
8375,2.923231
8376,2.872906
8377,2.689246
8378,2.656565
8379,2.606239
8380,2.789898
8381,2.789898
8382,2.923231
8383,2.789898
8384,2.840224
8385,2.840224
8386,2.840224
8387,2.872906
8388,2.923231
8389,2.923231
8390,3.106891
8391,3.056565
8392,2.973557
8393,2.840224
8394,2.973557
8395,3.189898
8396,3.189898
8397,3.189898
8398,3.189898
8399,3.240224
8400,3.106891
8401,3.056565
8402,3.056565
8403,3.056565
8404,3.056565
8405,2.872906
8406,3.006239
8407,2.789898
8408,2.549255
8409,2.466248
8410,2.706891
8411,2.573557
8412,2.656565
8413,2.656565
8414,2.573557
8415,2.606239
8416,2.789898
8417,2.789898
8418,2.872906
8419,2.739572
8420,2.789898
8421,2.739572
8422,2.689246
8423,2.689246
8424,2.822580
8425,2.822580
8426,2.872906
8427,2.872906
8428,2.872906
8429,2.872906
8430,2.822580
8431,2.872906
8432,2.739572
8433,2.872906
8434,2.840224
8435,2.973557
8436,2.973557
8437,2.866248
8438,2.923231
8439,2.789898
8440,2.923231
8441,3.006239
8442,2.822580
8443,3.006239
8444,3.056565
8445,2.923231
8446,2.840224
8447,2.706891
8448,2.656565
8449,2.656565
8450,2.656565
8451,2.656565
8452,2.789898
8453,2.573557
8454,2.466248
8455,2.549255
8456,2.732915
8457,2.732915
8458,2.732915
8459,2.606239
8460,2.606239
8461,2.606239
8462,2.606239
8463,2.422580
8464,2.549255
8465,2.472906
8466,2.549255
8467,2.599581
8468,2.656565
8469,2.656565
8470,2.656565
8471,2.606239
8472,2.606239
8473,2.606239
8474,2.606239
8475,2.689246
8476,2.739572
8477,2.789898
8478,2.789898
8479,2.789898
8480,2.923231
8481,2.872906
8482,2.822580
8483,2.739572
8484,2.523231
8485,2.739572
8486,2.606239
8487,2.689246
8488,2.656565
8489,2.789898
8490,2.840224
8491,2.706891
8492,2.789898
8493,2.923231
8494,3.056565
8495,3.006239
8496,3.056565
8497,3.056565
8498,3.056565
8499,3.056565
8500,3.056565
8501,3.056565
8502,3.056565
8503,2.872906
8504,2.840224
8505,2.656565
8506,2.656565
8507,2.606239
8508,2.822580
8509,2.606239
8510,2.573557
8511,2.573557
8512,2.789898
8513,2.822580
8514,2.822580
8515,2.789898
8516,2.840224
8517,2.973557
8518,2.789898
8519,2.789898
8520,2.789898
8521,3.006239
8522,3.006239
8523,2.973557
8524,2.840224
8525,2.872906
8526,2.923231
8527,2.923231
8528,3.056565
8529,3.056565
8530,3.056565
8531,3.056565
8532,3.189898
8533,3.240224
8534,3.240224
8535,3.189898
8536,3.240224
8537,3.240224
8538,3.240224
8539,3.189898
8540,3.189898
8541,3.189898
8542,3.056565
8543,2.973557
8544,2.973557
8545,2.973557
8546,2.973557
8547,2.732915
8548,2.866248
8549,2.923231
8550,3.006239
8551,3.006239
8552,3.006239
8553,3.056565
8554,3.056565
8555,3.006239
8556,2.923231
8557,2.923231
8558,2.973557
8559,2.789898
8560,2.656565
8561,2.789898
8562,2.789898
8563,2.789898
8564,2.606239
8565,2.549255
8566,2.606239
8567,2.656565
8568,2.872906
8569,2.872906
8570,2.923231
8571,2.840224
8572,2.656565
8573,2.840224
8574,2.973557
8575,2.973557
8576,3.006239
8577,3.189898
8578,3.189898
8579,3.056565
8580,3.056565
8581,3.189898
8582,3.240224
8583,3.106891
8584,3.056565
8585,3.189898
8586,3.189898
8587,3.056565
8588,3.006239
8589,2.923231
8590,2.789898
8591,2.549255
8592,2.415922
8593,2.289246
8594,2.472906
8595,2.472906
8596,2.599581
8597,2.656565
8598,2.573557
8599,2.573557
8600,2.573557
8601,2.606239
8602,2.573557
8603,2.656565
8604,2.706891
8605,2.840224
8606,2.840224
8607,2.656565
8608,2.523231
8609,2.706891
8610,2.840224
8611,2.732915
8612,2.973557
8613,3.056565
8614,3.056565
8615,3.056565
8616,2.872906
8617,2.923231
8618,2.872906
8619,2.872906
8620,2.923231
8621,3.056565
8622,2.872906
8623,2.789898
8624,2.789898
8625,2.789898
8626,2.840224
8627,2.789898
8628,2.739572
8629,2.606239
8630,2.606239
8631,2.656565
8632,2.656565
8633,2.789898
8634,2.923231
8635,3.139572
8636,3.189898
8637,3.189898
8638,3.240224
8639,3.189898
8640,3.189898
8641,3.189898
8642,3.056565
8643,3.056565
8644,2.973557
8645,2.973557
8646,3.056565
8647,3.056565
8648,3.056565
8649,3.056565
8650,2.872906
8651,2.872906
8652,3.006239
8653,2.872906
8654,2.872906
8655,2.789898
8656,2.872906
8657,2.789898
8658,2.789898
8659,2.789898
8660,2.789898
8661,2.789898
8662,2.706891
8663,2.923231
8664,2.789898
8665,2.732915
8666,2.840224
8667,2.706891
8668,2.599581
8669,2.549255
8670,2.606239
8671,2.789898
8672,2.840224
8673,2.923231
8674,2.923231
8675,2.872906
8676,2.822580
8677,3.006239
8678,3.056565
8679,2.973557
8680,2.923231
8681,2.973557
8682,3.056565
8683,2.923231
8684,2.923231
8685,2.872906
8686,2.872906
8687,2.872906
8688,2.656565
8689,2.606239
8690,2.789898
8691,2.656565
8692,2.656565
8693,2.573557
8694,2.706891
8695,2.789898
8696,2.789898
8697,2.872906
8698,2.872906
8699,2.872906
8700,2.923231
8701,2.923231
8702,2.923231
8703,2.872906
8704,2.872906
8705,2.923231
8706,2.739572
8707,2.523231
8708,2.706891
8709,2.656565
8710,2.656565
8711,2.415922
8712,2.549255
8713,2.549255
8714,2.365596
8715,2.238921
8716,2.422580
8717,2.682589
8718,2.682589
8719,2.815922
8720,2.923231
8721,3.006239
8722,3.056565
8723,3.056565
8724,3.006239
8725,2.872906
8726,2.923231
8727,2.872906
8728,2.872906
8729,2.689246
8730,2.606239
8731,2.689246
8732,2.638921
8733,2.822580
8734,2.689246
8735,2.739572
8736,2.656565
8737,2.689246
8738,2.472906
8739,2.472906
8740,2.656565
8741,2.549255
8742,2.789898
8743,2.789898
8744,2.656565
8745,2.656565
8746,2.739572
8747,2.706891
8748,2.656565
8749,2.606239
8750,2.365596
8751,2.415922
8752,2.656565
8753,2.656565
8754,2.549255
8755,2.656565
8756,2.656565
8757,2.656565
8758,2.606239
8759,2.422580
8760,2.606239
8761,2.606239
8762,2.606239
8763,2.573557
8764,2.549255
8765,2.422580
8766,2.549255
8767,2.549255
8768,2.498930
8769,2.238921
8770,2.238921
8771,2.206239
8772,2.225605
8773,2.206239
8774,2.332915
8775,2.332915
8776,2.415922
8777,2.656565
8778,2.656565
8779,2.689246
8780,2.739572
8781,2.689246
8782,2.689246
8783,2.689246
8784,2.739572
8785,2.656565
8786,2.739572
8787,2.739572
8788,2.656565
8789,2.656565
8790,2.656565
8791,2.689246
8792,2.739572
8793,2.689246
8794,2.739572
8795,2.739572
8796,2.689246
8797,2.872906
8798,2.872906
8799,2.872906
8800,2.789898
8801,2.789898
8802,2.789898
8803,2.706891
8804,2.706891
8805,2.789898
8806,2.822580
8807,2.822580
8808,2.822580
8809,2.789898
8810,2.789898
8811,2.789898
8812,2.789898
8813,2.656565
8814,2.872906
8815,2.789898
8816,2.573557
8817,2.656565
8818,2.656565
8819,2.689246
8820,2.739572
8821,2.872906
8822,2.872906
8823,2.689246
8824,2.656565
8825,2.739572
8826,2.523231
8827,2.706891
8828,2.739572
8829,2.872906
8830,2.872906
8831,2.872906
8832,3.006239
8833,2.872906
8834,2.840224
8835,2.840224
8836,3.056565
8837,3.056565
8838,3.106891
8839,3.240224
8840,3.240224
8841,3.106891
8842,3.056565
8843,3.056565
8844,3.056565
8845,2.840224
8846,2.840224
8847,2.732915
8848,2.973557
8849,2.789898
8850,2.973557
8851,2.973557
8852,2.973557
8853,3.006239
8854,3.006239
8855,3.006239
8856,3.006239
8857,3.056565
8858,2.840224
8859,2.656565
8860,2.789898
8861,2.872906
8862,2.656565
8863,2.549255
8864,2.549255
8865,2.682589
8866,2.789898
8867,2.789898
8868,2.872906
8869,2.822580
8870,2.955913
8871,2.923231
8872,2.923231
8873,3.006239
8874,2.872906
8875,3.006239
8876,3.056565
8877,3.106891
8878,3.056565
8879,3.056565
8880,2.973557
8881,2.973557
8882,2.973557
8883,3.056565
8884,2.872906
8885,2.739572
8886,2.739572
8887,2.689246
8888,2.689246
8889,2.472906
8890,2.472906
8891,2.256565
8892,2.256565
8893,2.256565
8894,2.472906
8895,2.523231
8896,2.739572
8897,2.872906
8898,2.872906
8899,2.840224
8900,2.656565
8901,2.840224
8902,2.840224
8903,2.923231
8904,2.973557
8905,2.789898
8906,2.789898
8907,2.923231
8908,3.056565
8909,3.006239
8910,2.872906
8911,2.872906
8912,2.872906
8913,2.872906
8914,2.872906
8915,2.923231
8916,2.872906
8917,2.822580
8918,2.606239
8919,2.606239
8920,2.789898
8921,2.840224
8922,2.599581
8923,2.656565
8924,2.656565
8925,2.706891
8926,2.789898
8927,2.739572
8928,2.872906
8929,2.789898
8930,2.923231
8931,2.923231
8932,3.006239
8933,2.872906
8934,2.923231
8935,2.923231
8936,2.923231
8937,3.056565
8938,3.056565
8939,2.923231
8940,2.923231
8941,2.923231
8942,2.840224
8943,2.973557
8944,2.789898
8945,2.923231
8946,2.923231
8947,2.923231
8948,2.789898
8949,2.549255
8950,2.656565
8951,2.739572
8952,2.739572
8953,2.656565
8954,2.656565
8955,2.789898
8956,2.840224
8957,2.789898
8958,2.656565
8959,2.789898
8960,2.789898
8961,2.656565
8962,2.689246
8963,2.472906
8964,2.606239
8965,2.606239
8966,2.656565
8967,2.789898
8968,2.573557
8969,2.523231
8970,2.498930
8971,2.549255
8972,2.498930
8973,2.498930
8974,2.739572
8975,2.955913
8976,3.006239
8977,3.189898
8978,3.139572
8979,3.006239
8980,3.056565
8981,3.056565
8982,3.056565
8983,3.106891
8984,2.973557
8985,2.923231
8986,2.872906
8987,2.656565
8988,2.606239
8989,2.689246
8990,2.606239
8991,2.689246
8992,2.689246
8993,2.656565
8994,2.472906
8995,2.689246
8996,2.472906
8997,2.656565
8998,2.656565
8999,2.872906
9000,3.056565
9001,3.056565
9002,3.056565
9003,3.006239
9004,3.006239
9005,3.006239
9006,3.056565
9007,2.973557
9008,2.732915
9009,2.549255
9010,2.549255
9011,2.599581
9012,2.706891
9013,2.706891
9014,2.840224
9015,2.789898
9016,2.789898
9017,2.872906
9018,2.923231
9019,2.923231
9020,2.923231
9021,2.923231
9022,2.872906
9023,2.739572
9024,2.739572
9025,2.656565
9026,2.656565
9027,2.472906
9028,2.656565
9029,2.549255
9030,2.606239
9031,2.606239
9032,2.789898
9033,2.732915
9034,2.549255
9035,2.789898
9036,2.789898
9037,2.732915
9038,2.866248
9039,2.973557
9040,3.189898
9041,3.139572
9042,2.955913
9043,2.739572
9044,2.739572
9045,2.523231
9046,2.606239
9047,2.606239
9048,2.656565
9049,2.706891
9050,2.923231
9051,2.923231
9052,2.923231
9053,2.923231
9054,2.923231
9055,3.056565
9056,3.106891
9057,3.106891
9058,3.106891
9059,3.106891
9060,3.056565
9061,2.872906
9062,3.006239
9063,3.006239
9064,3.056565
9065,3.056565
9066,2.872906
9067,2.739572
9068,2.523231
9069,2.555913
9070,2.739572
9071,2.739572
9072,2.656565
9073,2.840224
9074,2.789898
9075,2.573557
9076,2.573557
9077,2.789898
9078,2.789898
9079,2.789898
9080,2.573557
9081,2.656565
9082,2.440224
9083,2.656565
9084,2.472906
9085,2.606239
9086,2.523231
9087,2.389898
9088,2.422580
9089,2.472906
9090,2.389898
9091,2.523231
9092,2.739572
9093,2.789898
9094,2.739572
9095,2.606239
9096,2.606239
9097,2.606239
9098,2.689246
9099,2.689246
9100,2.739572
9101,2.689246
9102,2.656565
9103,2.789898
9104,2.682589
9105,2.549255
9106,2.549255
9107,2.789898
9108,2.822580
9109,2.789898
9110,2.739572
9111,2.498930
9112,2.682589
9113,2.599581
9114,2.599581
9115,2.599581
9116,2.466248
9117,2.706891
9118,2.573557
9119,2.606239
9120,2.822580
9121,2.872906
9122,2.689246
9123,2.689246
9124,2.822580
9125,3.006239
9126,2.872906
9127,3.006239
9128,2.923231
9129,2.923231
9130,2.923231
9131,2.973557
9132,2.973557
9133,3.056565
9134,3.006239
9135,2.789898
9136,2.682589
9137,2.682589
9138,2.732915
9139,2.599581
9140,2.840224
9141,2.872906
9142,2.872906
9143,3.006239
9144,3.006239
9145,3.006239
9146,3.056565
9147,2.973557
9148,2.973557
9149,3.056565
9150,3.056565
9151,3.056565
9152,2.973557
9153,2.923231
9154,2.789898
9155,2.656565
9156,2.656565
9157,2.789898
9158,2.872906
9159,2.789898
9160,2.656565
9161,2.789898
9162,2.973557
9163,2.973557
9164,2.973557
9165,3.056565
9166,3.056565
9167,3.106891
9168,3.056565
9169,3.006239
9170,3.056565
9171,2.872906
9172,2.689246
9173,2.505587
9174,2.422580
9175,2.638921
9176,2.822580
9177,2.789898
9178,2.789898
9179,2.573557
9180,2.573557
9181,2.656565
9182,2.549255
9183,2.606239
9184,2.523231
9185,2.739572
9186,2.789898
9187,2.840224
9188,2.923231
9189,2.973557
9190,2.973557
9191,3.106891
9192,3.106891
9193,3.106891
9194,3.240224
9195,3.240224
9196,3.240224
9197,3.106891
9198,3.106891
9199,3.106891
9200,3.056565
9201,2.923231
9202,2.739572
9203,2.689246
9204,2.656565
9205,2.656565
9206,2.706891
9207,2.656565
9208,2.549255
9209,2.422580
9210,2.606239
9211,2.606239
9212,2.732915
9213,2.549255
9214,2.289246
9215,2.549255
9216,2.682589
9217,2.498930
9218,2.498930
9219,2.606239
9220,2.606239
9221,2.789898
9222,2.606239
9223,2.573557
9224,2.573557
9225,2.573557
9226,2.656565
9227,2.656565
9228,2.872906
9229,2.822580
9230,2.955913
9231,3.006239
9232,3.056565
9233,3.006239
9234,3.006239
9235,2.822580
9236,2.822580
9237,3.006239
9238,3.139572
9239,3.139572
9240,3.189898
9241,3.006239
9242,3.006239
9243,3.056565
9244,2.923231
9245,2.739572
9246,2.739572
9247,2.789898
9248,2.739572
9249,2.739572
9250,2.656565
9251,2.706891
9252,2.599581
9253,2.656565
9254,2.656565
9255,2.656565
9256,2.706891
9257,2.656565
9258,2.689246
9259,2.689246
9260,2.739572
9261,2.739572
9262,2.555913
9263,2.555913
9264,2.739572
9265,2.689246
9266,2.822580
9267,2.638921
9268,2.822580
9269,2.689246
9270,2.739572
9271,2.739572
9272,2.872906
9273,2.872906
9274,2.872906
9275,2.872906
9276,2.872906
9277,2.840224
9278,2.789898
9279,2.789898
9280,2.923231
9281,2.973557
9282,3.006239
9283,3.006239
9284,3.006239
9285,3.006239
9286,2.822580
9287,2.689246
9288,2.472906
9289,2.656565
9290,2.789898
9291,2.789898
9292,2.789898
9293,2.573557
9294,2.656565
9295,2.549255
9296,2.472906
9297,2.549255
9298,2.606239
9299,2.523231
9300,2.523231
9301,2.739572
9302,2.606239
9303,2.365596
9304,2.149255
9305,2.206239
9306,2.422580
9307,2.638921
9308,2.689246
9309,2.739572
9310,2.739572
9311,2.689246
9312,2.739572
9313,2.706891
9314,2.599581
9315,2.840224
9316,2.840224
9317,2.872906
9318,2.689246
9319,2.656565
9320,2.599581
9321,2.656565
9322,2.523231
9323,2.555913
9324,2.523231
9325,2.555913
9326,2.689246
9327,2.872906
9328,3.006239
9329,3.006239
9330,3.006239
9331,3.006239
9332,3.006239
9333,2.789898
9334,3.006239
9335,3.006239
9336,2.973557
9337,2.840224
9338,2.872906
9339,3.006239
9340,3.056565
9341,3.006239
9342,2.923231
9343,2.789898
9344,2.822580
9345,2.872906
9346,3.006239
9347,3.006239
9348,3.006239
9349,2.822580
9350,2.822580
9351,2.872906
9352,3.056565
9353,3.006239
9354,2.789898
9355,2.789898
9356,2.872906
9357,2.923231
9358,2.923231
9359,3.056565
9360,3.056565
9361,3.189898
9362,3.056565
9363,3.056565
9364,3.006239
9365,2.872906
9366,3.056565
9367,3.056565
9368,3.056565
9369,2.872906
9370,2.872906
9371,2.872906
9372,2.739572
9373,2.739572
9374,2.706891
9375,2.656565
9376,2.656565
9377,2.549255
9378,2.549255
9379,2.682589
9380,2.923231
9381,2.973557
9382,2.789898
9383,2.789898
9384,3.006239
9385,3.139572
9386,3.139572
9387,3.006239
9388,3.139572
9389,3.189898
9390,3.189898
9391,3.056565
9392,3.006239
9393,3.006239
9394,2.973557
9395,2.840224
9396,2.789898
9397,2.789898
9398,2.789898
9399,2.789898
9400,2.706891
9401,2.573557
9402,2.606239
9403,2.498930
9404,2.523231
9405,2.739572
9406,2.523231
9407,2.523231
9408,2.282589
9409,2.332915
9410,2.573557
9411,2.573557
9412,2.573557
9413,2.573557
9414,2.706891
9415,2.789898
9416,2.872906
9417,2.923231
9418,2.923231
9419,2.840224
9420,2.732915
9421,2.732915
9422,2.732915
9423,2.472906
9424,2.472906
9425,2.549255
9426,2.415922
9427,2.232263
9428,2.232263
9429,2.181937
9430,2.365596
9431,2.549255
9432,2.656565
9433,2.689246
9434,2.872906
9435,2.872906
9436,2.923231
9437,2.872906
9438,2.739572
9439,2.739572
9440,2.739572
9441,2.923231
9442,2.840224
9443,2.789898
9444,2.606239
9445,2.822580
9446,2.789898
9447,2.789898
9448,2.789898
9449,2.732915
9450,2.682589
9451,2.706891
9452,2.573557
9453,2.706891
9454,2.789898
9455,2.872906
9456,2.822580
9457,2.872906
9458,2.923231
9459,3.056565
9460,2.872906
9461,2.822580
9462,2.872906
9463,3.056565
9464,2.923231
9465,2.923231
9466,2.739572
9467,2.656565
9468,2.656565
9469,2.606239
9470,2.549255
9471,2.365596
9472,2.332915
9473,2.365596
9474,2.365596
9475,2.365596
9476,2.365596
9477,2.238921
9478,2.498930
9479,2.523231
9480,2.739572
9481,2.955913
9482,3.006239
9483,2.789898
9484,2.973557
9485,2.923231
9486,2.923231
9487,2.973557
9488,2.973557
9489,2.973557
9490,3.106891
9491,3.106891
9492,3.106891
9493,3.189898
9494,3.189898
9495,3.189898
9496,3.189898
9497,3.240224
9498,3.106891
9499,3.106891
9500,3.056565
9501,3.056565
9502,2.872906
9503,2.872906
9504,2.872906
9505,2.789898
9506,2.656565
9507,2.606239
9508,2.789898
9509,2.872906
9510,2.872906
9511,2.739572
9512,2.555913
9513,2.523231
9514,2.656565
9515,2.872906
9516,3.056565
9517,3.006239
9518,3.056565
9519,3.056565
9520,3.056565
9521,3.056565
9522,2.872906
9523,2.822580
9524,2.638921
9525,2.638921
9526,2.822580
9527,2.872906
9528,3.056565
9529,2.923231
9530,3.106891
9531,3.106891
9532,3.240224
9533,3.240224
9534,3.240224
9535,3.056565
9536,2.872906
9537,2.872906
9538,2.739572
9539,2.923231
9540,2.923231
9541,2.840224
9542,2.656565
9543,2.656565
9544,2.656565
9545,2.606239
9546,2.656565
9547,2.689246
9548,2.656565
9549,2.549255
9550,2.365596
9551,2.238921
9552,2.238921
9553,2.105587
9554,2.289246
9555,2.289246
9556,2.422580
9557,2.422580
9558,2.472906
9559,2.732915
9560,2.732915
9561,2.789898
9562,3.006239
9563,3.056565
9564,3.056565
9565,3.056565
9566,3.189898
9567,3.056565
9568,3.056565
9569,3.106891
9570,3.056565
9571,3.056565
9572,3.056565
9573,3.056565
9574,3.106891
9575,3.056565
9576,2.872906
9577,3.056565
9578,2.872906
9579,2.923231
9580,2.923231
9581,2.872906
9582,2.923231
9583,2.923231
9584,2.923231
9585,3.056565
9586,3.056565
9587,3.056565
9588,3.056565
9589,3.189898
9590,3.056565
9591,3.189898
9592,3.189898
9593,3.139572
9594,3.006239
9595,2.923231
9596,2.973557
9597,2.973557
9598,2.840224
9599,2.840224
9600,3.056565
9601,2.872906
9602,2.689246
9603,2.689246
9604,2.822580
9605,2.822580
9606,3.006239
9607,3.006239
9608,3.006239
9609,2.872906
9610,2.872906
9611,2.689246
9612,2.822580
9613,2.789898
9614,2.872906
9615,2.872906
9616,2.840224
9617,2.840224
9618,2.656565
9619,2.472906
9620,2.232263
9621,2.472906
9622,2.606239
9623,2.656565
9624,2.739572
9625,2.739572
9626,2.739572
9627,2.689246
9628,2.689246
9629,2.472906
9630,2.656565
9631,2.872906
9632,2.789898
9633,2.549255
9634,2.289246
9635,2.339572
9636,2.289246
9637,2.549255
9638,2.682589
9639,2.682589
9640,2.549255
9641,2.656565
9642,2.599581
9643,2.549255
9644,2.682589
9645,2.732915
9646,2.732915
9647,2.840224
9648,2.923231
9649,3.106891
9650,3.106891
9651,3.056565
9652,3.189898
9653,3.189898
9654,3.240224
9655,3.240224
9656,3.240224
9657,3.240224
9658,3.240224
9659,3.240224
9660,3.056565
9661,3.056565
9662,3.189898
9663,3.189898
9664,3.189898
9665,3.240224
9666,3.106891
9667,3.106891
9668,3.056565
9669,2.872906
9670,3.006239
9671,3.006239
9672,3.006239
9673,2.822580
9674,2.872906
9675,2.739572
9676,2.739572
9677,2.739572
9678,2.789898
9679,2.789898
9680,2.789898
9681,2.739572
9682,2.656565
9683,2.573557
9684,2.332915
9685,2.549255
9686,2.549255
9687,2.549255
9688,2.549255
9689,2.549255
9690,2.549255
9691,2.415922
9692,2.155913
9693,2.155913
9694,2.232263
9695,2.289246
9696,2.232263
9697,2.365596
9698,2.606239
9699,2.638921
9700,2.689246
9701,2.689246
9702,2.739572
9703,2.789898
9704,2.923231
9705,2.923231
9706,2.872906
9707,2.872906
9708,2.872906
9709,2.656565
9710,2.739572
9711,2.739572
9712,2.656565
9713,2.606239
9714,2.498930
9715,2.365596
9716,2.549255
9717,2.549255
9718,2.656565
9719,2.840224
9720,2.923231
9721,2.923231
9722,2.923231
9723,2.973557
9724,3.106891
9725,3.106891
9726,3.106891
9727,3.106891
9728,2.923231
9729,2.739572
9730,2.872906
9731,3.056565
9732,3.056565
9733,3.056565
9734,3.006239
9735,2.872906
9736,3.056565
9737,2.923231
9738,2.872906
9739,2.822580
9740,2.872906
9741,3.006239
9742,3.056565
9743,3.006239
9744,3.006239
9745,3.189898
9746,3.006239
9747,3.006239
9748,2.789898
9749,2.789898
9750,2.789898
9751,2.656565
9752,2.739572
9753,2.923231
9754,2.872906
9755,2.872906
9756,3.006239
9757,3.056565
9758,2.872906
9759,2.689246
9760,2.606239
9761,2.789898
9762,2.732915
9763,2.732915
9764,2.732915
9765,2.732915
9766,2.732915
9767,2.789898
9768,2.789898
9769,2.789898
9770,2.973557
9771,2.789898
9772,2.872906
9773,2.872906
9774,3.056565
9775,3.056565
9776,3.056565
9777,2.872906
9778,2.872906
9779,3.006239
9780,3.006239
9781,3.006239
9782,3.006239
9783,3.139572
9784,3.139572
9785,3.006239
9786,3.006239
9787,3.006239
9788,2.872906
9789,2.822580
9790,3.006239
9791,2.973557
9792,2.866248
9793,2.999581
9794,2.999581
9795,2.866248
9796,2.732915
9797,2.606239
9798,2.422580
9799,2.549255
9800,2.415922
9801,2.466248
9802,2.599581
9803,2.840224
9804,3.056565
9805,3.056565
9806,3.106891
9807,3.106891
9808,3.240224
9809,3.106891
9810,3.106891
9811,3.056565
9812,3.056565
9813,3.056565
9814,3.056565
9815,3.006239
9816,3.006239
9817,3.056565
9818,3.189898
9819,3.240224
9820,3.240224
9821,3.056565
9822,2.840224
9823,2.840224
9824,2.706891
9825,2.923231
9826,2.840224
9827,2.973557
9828,2.923231
9829,3.056565
9830,2.923231
9831,3.006239
9832,3.006239
9833,3.056565
9834,3.056565
9835,2.923231
9836,2.973557
9837,2.923231
9838,2.923231
9839,3.056565
9840,3.106891
9841,3.056565
9842,3.006239
9843,2.872906
9844,3.056565
9845,3.006239
9846,3.006239
9847,2.973557
9848,2.789898
9849,2.840224
9850,2.732915
9851,2.866248
9852,2.732915
9853,2.599581
9854,2.840224
9855,2.840224
9856,2.840224
9857,2.840224
9858,2.923231
9859,2.840224
9860,2.872906
9861,2.689246
9862,2.689246
9863,2.606239
9864,2.606239
9865,2.789898
9866,2.789898
9867,2.656565
9868,2.656565
9869,2.656565
9870,2.656565
9871,2.840224
9872,2.923231
9873,2.872906
9874,2.822580
9875,2.789898
9876,2.656565
9877,2.789898
9878,2.789898
9879,2.606239
9880,2.689246
9881,2.739572
9882,2.739572
9883,2.689246
9884,2.472906
9885,2.656565
9886,2.656565
9887,2.656565
9888,2.872906
9889,2.822580
9890,2.689246
9891,2.505587
9892,2.422580
9893,2.206239
9894,2.389898
9895,2.573557
9896,2.656565
9897,2.656565
9898,2.606239
9899,2.498930
9900,2.365596
9901,2.105587
9902,2.289246
9903,2.549255
9904,2.682589
9905,2.789898
9906,2.872906
9907,2.656565
9908,2.599581
9909,2.549255
9910,2.656565
9911,2.689246
9912,2.739572
9913,2.656565
9914,2.573557
9915,2.606239
9916,2.606239
9917,2.472906
9918,2.472906
9919,2.472906
9920,2.472906
9921,2.472906
9922,2.472906
9923,2.606239
9924,2.606239
9925,2.573557
9926,2.573557
9927,2.523231
9928,2.306891
9929,2.282589
9930,2.282589
9931,2.389898
9932,2.606239
9933,2.656565
9934,2.840224
9935,2.840224
9936,2.840224
9937,2.789898
9938,2.872906
9939,3.006239
9940,3.056565
9941,3.056565
9942,3.056565
9943,3.006239
9944,2.789898
9945,2.789898
9946,2.840224
9947,2.656565
9948,2.472906
9949,2.606239
9950,2.606239
9951,2.606239
9952,2.549255
9953,2.682589
9954,2.789898
9955,2.872906
9956,2.872906
9957,2.872906
9958,2.689246
9959,2.638921
9960,2.689246
9961,2.872906
9962,2.872906
9963,2.840224
9964,2.872906
9965,2.872906
9966,2.872906
9967,2.872906
9968,3.006239
9969,3.006239
9970,3.056565
9971,3.056565
9972,3.006239
9973,2.872906
9974,2.789898
9975,2.789898
9976,2.923231
9977,2.789898
9978,2.789898
9979,2.606239
9980,2.656565
9981,2.606239
9982,2.822580
9983,3.006239
9984,2.872906
9985,2.872906
9986,2.872906
