window_start_place,entropy_bits
1,3.006239
2,3.006239
3,2.822580
4,2.689246
5,2.872906
6,2.923231
7,2.923231
8,2.923231
9,2.923231
10,2.923231
11,2.706891
12,2.706891
13,2.599581
14,2.415922
15,2.415922
16,2.656565
17,2.840224
18,3.056565
19,3.006239
20,3.006239
21,2.955913
22,3.006239
23,3.006239
24,3.006239
25,3.056565
26,3.056565
27,3.240224
28,3.056565
29,3.189898
30,3.106891
31,3.106891
32,2.973557
33,2.840224
34,2.840224
35,2.789898
36,2.789898
37,2.656565
38,2.840224
39,3.056565
40,3.056565
41,2.973557
42,2.840224
43,3.056565
44,2.973557
45,3.056565
46,3.056565
47,2.872906
48,2.822580
49,2.872906
50,2.872906
51,2.872906
52,2.872906
53,2.872906
54,3.006239
55,3.139572
56,3.106891
57,3.106891
58,3.189898
59,3.189898
60,3.240224
61,3.189898
62,3.006239
63,2.822580
64,2.822580
65,2.822580
66,2.872906
67,2.656565
68,2.656565
69,2.472906
70,2.472906
71,2.289246
72,2.472906
73,2.656565
74,2.599581
75,2.656565
76,2.789898
77,2.840224
78,2.840224
79,2.872906
80,3.006239
81,2.872906
82,3.056565
83,2.923231
84,3.106891
85,3.106891
86,3.240224
87,3.240224
88,3.189898
89,3.139572
90,3.189898
91,3.056565
92,2.923231
93,2.872906
94,2.872906
95,3.056565
96,3.056565
97,3.189898
98,3.189898
99,3.106891
100,2.923231
101,2.789898
102,2.872906
103,2.923231
104,2.872906
105,2.872906
106,3.056565
107,3.056565
108,3.189898
109,3.189898
110,3.056565
111,2.923231
112,2.923231
113,2.872906
114,2.822580
115,2.689246
116,2.822580
117,2.872906
118,2.872906
119,2.822580
120,2.872906
121,2.872906
122,2.923231
123,2.923231
124,3.056565
125,3.189898
126,3.139572
127,2.923231
128,2.789898
129,2.682589
130,2.682589
131,2.923231
132,3.006239
133,3.006239
134,3.056565
135,2.973557
136,3.056565
137,3.106891
138,3.056565
139,3.056565
140,2.872906
141,2.789898
142,2.923231
143,2.739572
144,2.739572
145,2.606239
146,2.656565
147,2.573557
148,2.606239
149,2.606239
150,2.606239
151,2.656565
152,2.706891
153,2.656565
154,2.656565
155,2.872906
156,3.056565
157,3.056565
158,3.056565
159,3.006239
160,3.006239
161,2.973557
162,2.923231
163,2.789898
164,2.822580
165,2.789898
166,2.789898
167,2.789898
168,2.923231
169,2.973557
170,2.973557
171,2.840224
172,2.656565
173,2.739572
174,2.739572
175,2.872906
176,2.689246
177,2.472906
178,2.472906
179,2.440224
180,2.573557
181,2.789898
182,2.789898
183,2.872906
184,3.056565
185,2.840224
186,2.973557
187,2.789898
188,2.789898
189,3.006239
190,3.006239
191,3.006239
192,2.872906
193,2.923231
194,2.923231
195,3.056565
196,3.189898
197,3.056565
198,3.056565
199,3.056565
200,3.056565
201,3.240224
202,3.240224
203,3.240224
204,3.106891
205,3.056565
206,2.923231
207,3.056565
208,3.056565
209,3.006239
210,3.006239
211,3.006239
212,3.006239
213,2.973557
214,2.973557
215,2.840224
216,2.840224
217,2.840224
218,2.923231
219,2.923231
220,2.923231
221,2.739572
222,2.656565
223,2.689246
224,2.822580
225,2.822580
226,2.822580
227,2.872906
228,2.689246
229,2.739572
230,2.739572
231,2.923231
232,2.872906
233,3.056565
234,3.056565
235,3.056565
236,2.973557
237,2.973557
238,2.840224
239,2.923231
240,2.923231
241,3.056565
242,3.056565
243,2.923231
244,2.923231
245,2.739572
246,2.872906
247,3.006239
248,3.006239
249,2.789898
250,2.923231
251,2.789898
252,2.789898
253,2.789898
254,2.789898
255,2.973557
256,2.973557
257,2.789898
258,3.006239
259,2.973557
260,2.789898
261,2.789898
262,2.789898
263,2.789898
264,2.789898
265,2.789898
266,2.789898
267,2.872906
268,2.872906
269,2.872906
270,3.006239
271,2.789898
272,2.789898
273,2.789898
274,2.923231
275,2.955913
276,2.923231
277,3.006239
278,3.006239
279,3.006239
280,2.872906
281,2.923231
282,2.923231
283,2.973557
284,2.923231
285,2.923231
286,2.923231
287,2.872906
288,2.789898
289,2.789898
290,3.006239
291,3.006239
292,2.822580
293,3.006239
294,3.056565
295,3.056565
296,3.056565
297,3.006239
298,2.822580
299,2.822580
300,3.006239
301,3.006239
302,2.955913
303,2.822580
304,2.638921
305,2.689246
306,2.739572
307,2.872906
308,2.872906
309,2.789898
310,2.789898
311,2.739572
312,2.739572
313,2.739572
314,2.739572
315,2.789898
316,2.840224
317,2.840224
318,3.056565
319,3.056565
320,3.006239
321,2.789898
322,2.606239
323,2.549255
324,2.549255
325,2.549255
326,2.498930
327,2.523231
328,2.706891
329,2.923231
330,3.006239
331,3.006239
332,3.189898
333,3.189898
334,3.240224
335,3.106891
336,3.106891
337,3.106891
338,3.106891
339,3.106891
340,3.240224
341,3.106891
342,3.106891
343,3.240224
344,3.189898
345,3.006239
346,3.006239
347,3.006239
348,3.189898
349,3.056565
350,3.056565
351,3.006239
352,2.789898
353,2.656565
354,2.573557
355,2.332915
356,2.332915
357,2.332915
358,2.573557
359,2.656565
360,2.656565
361,2.656565
362,2.739572
363,2.872906
364,2.739572
365,2.739572
366,2.739572
367,2.923231
368,2.973557
369,2.923231
370,2.872906
371,2.872906
372,2.872906
373,2.872906
374,3.006239
375,3.006239
376,2.822580
377,2.872906
378,2.872906
379,2.789898
380,2.789898
381,2.549255
382,2.549255
383,2.415922
384,2.415922
385,2.415922
386,2.472906
387,2.656565
388,2.656565
389,2.706891
390,2.706891
391,2.923231
392,3.056565
393,3.056565
394,3.056565
395,3.006239
396,3.006239
397,2.872906
398,2.822580
399,2.822580
400,2.822580
401,2.606239
402,2.656565
403,2.789898
404,2.739572
405,2.739572
406,2.789898
407,2.656565
408,2.573557
409,2.706891
410,2.706891
411,2.706891
412,2.923231
413,2.739572
414,2.706891
415,2.923231
416,2.923231
417,2.973557
418,2.973557
419,2.973557
420,2.789898
421,2.840224
422,2.706891
423,2.599581
424,2.472906
425,2.599581
426,2.599581
427,2.549255
428,2.549255
429,2.789898
430,2.923231
431,2.866248
432,2.606239
433,2.866248
434,2.866248
435,2.999581
436,2.866248
437,2.732915
438,2.840224
439,2.923231
440,2.872906
441,2.872906
442,2.872906
443,3.056565
444,3.056565
445,3.189898
446,3.189898
447,3.056565
448,3.056565
449,2.872906
450,2.872906
451,2.689246
452,2.689246
453,2.689246
454,2.689246
455,2.689246
456,2.739572
457,2.872906
458,3.006239
459,3.056565
460,3.056565
461,3.006239
462,2.923231
463,2.923231
464,2.923231
465,2.789898
466,2.789898
467,2.822580
468,2.822580
469,2.872906
470,2.689246
471,2.656565
472,2.606239
473,2.656565
474,2.789898
475,2.789898
476,2.840224
477,2.656565
478,2.739572
479,2.872906
480,2.872906
481,2.656565
482,2.656565
483,2.840224
484,2.872906
485,2.789898
486,2.789898
487,2.573557
488,2.606239
489,2.606239
490,2.606239
491,2.822580
492,2.955913
493,2.955913
494,2.739572
495,2.789898
496,2.789898
497,2.840224
498,2.840224
499,2.973557
500,2.789898
501,2.923231
502,2.706891
503,2.466248
504,2.498930
505,2.498930
506,2.606239
507,2.606239
508,2.549255
509,2.498930
510,2.606239
511,2.739572
512,2.789898
513,2.923231
514,2.973557
515,3.056565
516,2.872906
517,2.872906
518,2.872906
519,2.872906
520,3.056565
521,3.056565
522,2.872906
523,2.822580
524,2.822580
525,2.822580
526,2.689246
527,2.872906
528,2.872906
529,3.056565
530,3.056565
531,3.056565
532,2.872906
533,2.872906
534,2.789898
535,2.656565
536,2.840224
537,2.973557
538,2.789898
539,2.822580
540,2.822580
541,3.006239
542,2.955913
543,2.923231
544,3.006239
545,3.006239
546,2.973557
547,2.923231
548,2.923231
549,3.006239
550,3.006239
551,2.872906
552,2.872906
553,2.840224
554,2.840224
555,2.599581
556,2.732915
557,2.789898
558,2.789898
559,2.840224
560,2.872906
561,2.872906
562,2.739572
563,2.523231
564,2.656565
565,2.606239
566,2.656565
567,2.840224
568,3.056565
569,3.006239
570,3.006239
571,3.056565
572,3.056565
573,2.923231
574,2.872906
575,2.822580
576,2.822580
577,2.822580
578,2.822580
579,2.606239
580,2.606239
581,2.389898
582,2.573557
583,2.789898
584,2.872906
585,3.006239
586,3.189898
587,3.189898
588,3.139572
589,2.923231
590,2.923231
591,2.923231
592,2.923231
593,2.973557
594,2.973557
595,2.973557
596,2.789898
597,3.006239
598,3.006239
599,3.006239
600,2.872906
601,3.056565
602,3.056565
603,3.006239
604,3.006239
605,3.056565
606,3.056565
607,3.056565
608,3.006239
609,3.056565
610,3.056565
611,2.872906
612,2.656565
613,2.840224
614,2.840224
615,2.973557
616,2.973557
617,2.866248
618,2.732915
619,2.472906
620,2.330125
621,2.330125
622,2.606239
623,2.866248
624,2.999581
625,2.999581
626,3.106891
627,3.106891
628,3.106891
629,3.106891
630,2.973557
631,2.732915
632,2.840224
633,2.599581
634,2.706891
635,2.706891
636,2.840224
637,2.789898
638,2.923231
639,2.789898
640,2.656565
641,2.706891
642,2.739572
643,2.872906
644,3.006239
645,2.872906
646,2.872906
647,2.923231
648,2.872906
649,2.789898
650,2.656565
651,2.840224
652,2.973557
653,2.973557
654,2.840224
655,2.656565
656,2.739572
657,2.739572
658,2.923231
659,2.923231
660,2.840224
661,2.840224
662,2.789898
663,2.789898
664,2.789898
665,2.739572
666,2.955913
667,3.006239
668,3.056565
669,2.973557
670,2.973557
671,2.973557
672,2.973557
673,2.973557
674,3.056565
675,2.872906
676,2.872906
677,3.056565
678,3.056565
679,3.006239
680,2.822580
681,2.872906
682,2.739572
683,2.656565
684,2.573557
685,2.573557
686,2.573557
687,2.789898
688,2.789898
689,3.006239
690,3.006239
691,3.006239
692,2.789898
693,2.739572
694,2.955913
695,3.006239
696,3.006239
697,2.822580
698,2.789898
699,2.789898
700,2.606239
701,2.606239
702,2.389898
703,2.365596
704,2.282589
705,2.389898
706,2.472906
707,2.656565
708,2.472906
709,2.656565
710,2.689246
711,2.872906
712,2.923231
713,2.872906
714,2.872906
715,2.872906
716,2.872906
717,2.872906
718,2.923231
719,2.872906
720,2.822580
721,2.822580
722,2.872906
723,3.006239
724,3.056565
725,3.056565
726,3.056565
727,3.056565
728,3.006239
729,2.973557
730,2.923231
731,2.973557
732,2.973557
733,2.973557
734,2.789898
735,2.789898
736,2.789898
737,2.923231
738,2.789898
739,2.973557
740,2.973557
741,3.006239
742,2.789898
743,3.006239
744,3.006239
745,3.006239
746,3.006239
747,3.189898
748,3.189898
749,3.189898
750,3.006239
751,2.923231
752,2.682589
753,2.606239
754,2.606239
755,2.606239
756,2.472906
757,2.472906
758,2.330125
759,2.330125
760,2.196792
761,2.330125
762,2.330125
763,2.330125
764,2.330125
765,2.606239
766,2.866248
767,2.973557
768,3.056565
769,2.973557
770,2.789898
771,2.973557
772,2.840224
773,2.872906
774,2.923231
775,2.923231
776,3.056565
777,2.872906
778,3.056565
779,3.056565
780,3.056565
781,3.106891
782,3.056565
783,2.872906
784,2.872906
785,3.006239
786,3.056565
787,3.106891
788,2.973557
789,2.973557
790,3.106891
791,3.106891
792,3.056565
793,3.006239
794,2.955913
795,2.923231
796,2.682589
797,2.682589
798,2.466248
799,2.466248
800,2.523231
801,2.573557
802,2.789898
803,2.789898
804,2.656565
805,2.872906
806,2.923231
807,2.923231
808,2.923231
809,2.923231
810,2.923231
811,2.840224
812,2.840224
813,2.789898
814,2.789898
815,2.549255
816,2.599581
817,2.549255
818,2.549255
819,2.549255
820,2.606239
821,2.606239
822,2.656565
823,2.689246
824,2.739572
825,2.706891
826,2.656565
827,2.739572
828,2.739572
829,2.872906
830,3.006239
831,2.973557
832,3.056565
833,3.056565
834,3.056565
835,2.872906
836,2.789898
837,2.973557
838,2.866248
839,2.866248
840,2.739572
841,2.606239
842,2.422580
843,2.206239
844,2.332915
845,2.072906
846,2.072906
847,2.199581
848,2.256565
849,2.256565
850,2.256565
851,2.289246
852,2.472906
853,2.656565
854,2.689246
855,2.606239
856,2.789898
857,2.789898
858,2.549255
859,2.549255
860,2.365596
861,2.365596
862,2.365596
863,2.472906
864,2.656565
865,2.656565
866,2.606239
867,2.549255
868,2.682589
869,2.923231
870,3.006239
871,2.872906
872,3.006239
873,3.056565
874,3.056565
875,2.872906
876,2.923231
877,2.872906
878,2.872906
879,2.822580
880,2.955913
881,2.739572
882,2.606239
883,2.606239
884,2.739572
885,2.606239
886,2.606239
887,2.789898
888,2.840224
889,3.056565
890,3.189898
891,3.240224
892,3.189898
893,3.189898
894,3.006239
895,3.056565
896,2.872906
897,2.923231
898,2.789898
899,2.973557
900,2.923231
901,2.840224
902,2.872906
903,3.006239
904,3.006239
905,3.006239
906,3.056565
907,3.189898
908,3.240224
909,3.056565
910,3.056565
911,2.973557
912,2.840224
913,2.973557
914,2.973557
915,3.006239
916,3.056565
917,2.872906
918,2.840224
919,2.923231
920,2.739572
921,2.739572
922,2.689246
923,2.689246
924,2.656565
925,2.523231
926,2.523231
927,2.656565
928,2.573557
929,2.606239
930,2.422580
931,2.638921
932,2.689246
933,2.606239
934,2.389898
935,2.332915
936,2.415922
937,2.415922
938,2.472906
939,2.440224
940,2.440224
941,2.415922
942,2.365596
943,2.365596
944,2.389898
945,2.606239
946,2.739572
947,2.606239
948,2.549255
949,2.606239
950,2.689246
951,2.689246
952,2.872906
953,2.872906
954,2.872906
955,2.923231
956,2.872906
957,2.822580
958,2.822580
959,2.689246
960,2.638921
961,2.606239
962,2.822580
963,2.638921
964,2.822580
965,2.872906
966,2.872906
967,2.872906
968,2.789898
969,2.789898
970,2.789898
971,2.732915
972,2.840224
973,2.840224
974,2.789898
975,2.789898
976,2.789898
977,2.872906
978,2.789898
979,2.739572
980,2.739572
981,2.606239
982,2.656565
983,2.549255
984,2.573557
985,2.789898
986,2.732915
987,2.973557
988,2.840224
989,2.872906
990,2.840224
991,3.056565
992,3.056565
993,3.056565
994,3.056565
995,2.872906
996,2.872906
997,2.923231
998,2.872906
999,3.056565
1000,3.006239
1001,3.139572
1002,3.006239
1003,2.923231
1004,2.973557
1005,2.840224
1006,3.056565
1007,3.056565
1008,3.106891
1009,3.056565
1010,2.973557
1011,2.923231
1012,2.739572
1013,2.739572
1014,2.789898
1015,2.789898
1016,2.789898
1017,2.822580
1018,2.822580
1019,2.789898
1020,2.789898
1021,2.872906
1022,2.656565
1023,2.656565
1024,2.872906
1025,2.923231
1026,2.923231
1027,2.872906
1028,2.872906
1029,2.872906
1030,3.006239
1031,2.923231
1032,2.789898
1033,2.872906
1034,2.923231
1035,3.106891
1036,3.056565
1037,3.006239
1038,3.006239
1039,2.872906
1040,2.789898
1041,2.573557
1042,2.440224
1043,2.573557
1044,2.606239
1045,2.689246
1046,2.739572
1047,2.923231
1048,2.923231
1049,2.923231
1050,2.923231
1051,2.872906
1052,3.006239
1053,3.006239
1054,3.056565
1055,3.056565
1056,2.923231
1057,2.739572
1058,2.689246
1059,2.656565
1060,2.599581
1061,2.840224
1062,2.973557
1063,2.840224
1064,3.056565
1065,3.056565
1066,3.056565
1067,3.006239
1068,2.872906
1069,2.789898
1070,2.789898
1071,2.789898
1072,2.789898
1073,2.656565
1074,2.689246
1075,2.872906
1076,2.822580
1077,2.872906
1078,2.872906
1079,2.872906
1080,2.789898
1081,2.789898
1082,2.840224
1083,2.840224
1084,2.789898
1085,2.872906
1086,2.789898
1087,2.822580
1088,2.789898
1089,2.789898
1090,2.872906
1091,2.739572
1092,2.656565
1093,2.606239
1094,2.739572
1095,2.789898
1096,2.656565
1097,2.656565
1098,2.415922
1099,2.332915
1100,2.440224
1101,2.332915
1102,2.573557
1103,2.789898
1104,2.923231
1105,2.923231
1106,2.789898
1107,2.789898
1108,2.656565
1109,2.789898
1110,2.840224
1111,2.789898
1112,2.682589
1113,2.923231
1114,2.789898
1115,2.789898
1116,2.872906
1117,2.872906
1118,2.872906
1119,2.923231
1120,2.923231
1121,3.056565
1122,3.056565
1123,2.923231
1124,2.923231
1125,2.923231
1126,2.739572
1127,2.739572
1128,2.656565
1129,2.656565
1130,2.840224
1131,2.789898
1132,2.739572
1133,2.822580
1134,2.689246
1135,2.472906
1136,2.656565
1137,2.415922
1138,2.549255
1139,2.656565
1140,2.656565
1141,2.840224
1142,3.056565
1143,3.106891
1144,3.056565
1145,3.056565
1146,3.106891
1147,3.056565
1148,2.923231
1149,2.872906
1150,2.872906
1151,2.872906
1152,2.739572
1153,2.689246
1154,2.822580
1155,2.822580
1156,2.872906
1157,3.006239
1158,3.056565
1159,2.923231
1160,2.923231
1161,2.872906
1162,2.789898
1163,2.789898
1164,2.789898
1165,2.973557
1166,2.840224
1167,2.599581
1168,2.732915
1169,2.732915
1170,2.682589
1171,2.549255
1172,2.606239
1173,2.739572
1174,2.822580
1175,2.606239
1176,2.606239
1177,2.638921
1178,2.822580
1179,2.822580
1180,2.872906
1181,2.822580
1182,3.006239
1183,3.056565
1184,2.872906
1185,2.689246
1186,2.739572
1187,2.656565
1188,2.656565
1189,2.549255
1190,2.732915
1191,2.866248
1192,2.732915
1193,2.840224
1194,2.840224
1195,2.923231
1196,2.973557
1197,2.923231
1198,2.739572
1199,2.872906
1200,2.872906
1201,2.739572
1202,2.656565
1203,2.549255
1204,2.365596
1205,2.415922
1206,2.440224
1207,2.573557
1208,2.606239
1209,2.689246
1210,2.606239
1211,2.422580
1212,2.606239
1213,2.389898
1214,2.573557
1215,2.656565
1216,2.789898
1217,2.789898
1218,2.789898
1219,2.840224
1220,2.872906
1221,2.822580
1222,2.955913
1223,2.739572
1224,2.739572
1225,2.606239
1226,2.549255
1227,2.549255
1228,2.549255
1229,2.789898
1230,2.739572
1231,2.606239
1232,2.689246
1233,2.872906
1234,2.822580
1235,2.689246
1236,2.689246
1237,2.689246
1238,2.472906
1239,2.415922
1240,2.415922
1241,2.549255
1242,2.789898
1243,2.789898
1244,2.840224
1245,2.656565
1246,2.706891
1247,2.656565
1248,2.573557
1249,2.549255
1250,2.573557
1251,2.656565
1252,2.789898
1253,2.840224
1254,2.840224
1255,2.732915
1256,2.866248
1257,2.999581
1258,2.815922
1259,2.682589
1260,2.706891
1261,2.466248
1262,2.706891
1263,2.923231
1264,2.923231
1265,2.973557
1266,2.732915
1267,2.732915
1268,2.732915
1269,2.789898
1270,2.923231
1271,2.706891
1272,2.682589
1273,2.739572
1274,2.706891
1275,2.789898
1276,2.573557
1277,2.440224
1278,2.440224
1279,2.656565
1280,2.689246
1281,2.656565
1282,2.739572
1283,2.689246
1284,2.689246
1285,2.822580
1286,2.822580
1287,2.789898
1288,2.973557
1289,2.973557
1290,2.840224
1291,2.789898
1292,2.789898
1293,2.789898
1294,2.872906
1295,2.872906
1296,2.872906
1297,3.056565
1298,2.872906
1299,2.923231
1300,2.872906
1301,2.872906
1302,3.056565
1303,3.106891
1304,3.056565
1305,3.106891
1306,3.106891
1307,2.923231
1308,2.973557
1309,2.923231
1310,2.872906
1311,3.056565
1312,3.006239
1313,3.006239
1314,2.822580
1315,2.689246
1316,2.872906
1317,2.872906
1318,2.840224
1319,2.789898
1320,2.789898
1321,2.789898
1322,2.606239
1323,2.606239
1324,2.789898
1325,2.573557
1326,2.789898
1327,2.789898
1328,3.006239
1329,3.006239
1330,2.973557
1331,2.840224
1332,2.973557
1333,2.840224
1334,2.872906
1335,2.689246
1336,2.472906
1337,2.656565
1338,2.656565
1339,2.606239
1340,2.523231
1341,2.606239
1342,2.606239
1343,2.822580
1344,2.789898
1345,2.789898
1346,2.840224
1347,2.599581
1348,2.656565
1349,2.656565
1350,2.656565
1351,2.656565
1352,2.789898
1353,2.840224
1354,2.872906
1355,2.923231
1356,2.872906
1357,2.872906
1358,2.872906
1359,3.006239
1360,3.056565
1361,2.973557
1362,2.789898
1363,2.923231
1364,2.789898
1365,2.606239
1366,2.656565
1367,2.706891
1368,2.923231
1369,2.706891
1370,2.706891
1371,2.739572
1372,2.656565
1373,2.706891
1374,2.789898
1375,2.739572
1376,2.739572
1377,2.872906
1378,2.872906
1379,2.872906
1380,2.872906
1381,2.656565
1382,2.656565
1383,2.573557
1384,2.466248
1385,2.332915
1386,2.332915
1387,2.365596
1388,2.422580
1389,2.606239
1390,2.606239
1391,2.789898
1392,2.789898
1393,2.789898
1394,2.822580
1395,2.822580
1396,3.006239
1397,3.006239
1398,3.056565
1399,3.006239
1400,3.189898
1401,3.056565
1402,3.240224
1403,3.189898
1404,3.189898
1405,3.056565
1406,3.106891
1407,3.106891
1408,3.056565
1409,3.006239
1410,2.872906
1411,2.872906
1412,2.923231
1413,2.840224
1414,2.840224
1415,2.789898
1416,2.606239
1417,2.606239
1418,2.606239
1419,2.789898
1420,2.872906
1421,2.872906
1422,2.840224
1423,2.923231
1424,3.056565
1425,3.056565
1426,3.106891
1427,3.106891
1428,3.106891
1429,3.106891
1430,2.973557
1431,2.923231
1432,2.789898
1433,2.923231
1434,3.106891
1435,3.240224
1436,3.240224
1437,3.189898
1438,3.189898
1439,3.189898
1440,3.056565
1441,3.056565
1442,3.006239
1443,3.006239
1444,3.006239
1445,2.872906
1446,3.006239
1447,2.872906
1448,2.789898
1449,2.840224
1450,2.732915
1451,2.840224
1452,2.923231
1453,2.923231
1454,2.872906
1455,2.822580
1456,2.606239
1457,2.389898
1458,2.332915
1459,2.466248
1460,2.573557
1461,2.573557
1462,2.656565
1463,2.689246
1464,2.472906
1465,2.472906
1466,2.422580
1467,2.422580
1468,2.422580
1469,2.365596
1470,2.415922
1471,2.549255
1472,2.498930
1473,2.498930
1474,2.549255
1475,2.656565
1476,2.599581
1477,2.549255
1478,2.656565
1479,2.689246
1480,2.606239
1481,2.606239
1482,2.606239
1483,2.638921
1484,2.638921
1485,2.689246
1486,2.689246
1487,2.689246
1488,2.555913
1489,2.739572
1490,2.739572
1491,2.923231
1492,2.706891
1493,2.739572
1494,2.872906
1495,2.872906
1496,2.923231
1497,2.923231
1498,3.056565
1499,3.056565
1500,3.240224
1501,3.189898
1502,3.189898
1503,3.240224
1504,3.189898
1505,3.056565
1506,3.056565
1507,3.106891
1508,2.923231
1509,3.056565
1510,2.923231
1511,3.056565
1512,3.056565
1513,3.006239
1514,3.006239
1515,2.973557
1516,2.923231
1517,2.789898
1518,2.840224
1519,2.789898
1520,2.973557
1521,3.056565
1522,3.006239
1523,2.872906
1524,2.689246
1525,2.689246
1526,2.606239
1527,2.822580
1528,2.689246
1529,2.822580
1530,2.606239
1531,2.472906
1532,2.422580
1533,2.638921
1534,2.689246
1535,2.739572
1536,2.872906
1537,2.872906
1538,2.872906
1539,2.822580
1540,2.689246
1541,2.689246
1542,2.872906
1543,2.656565
1544,2.872906
1545,3.006239
1546,2.973557
1547,2.923231
1548,2.973557
1549,2.973557
1550,2.973557
1551,3.006239
1552,3.056565
1553,2.923231
1554,2.923231
1555,2.706891
1556,2.656565
1557,2.440224
1558,2.573557
1559,2.573557
1560,2.656565
1561,2.606239
1562,2.689246
1563,2.638921
1564,2.689246
1565,2.689246
1566,2.638921
1567,2.689246
1568,2.739572
1569,2.689246
1570,2.689246
1571,2.689246
1572,2.822580
1573,3.006239
1574,3.056565
1575,2.973557
1576,2.866248
1577,2.739572
1578,2.463458
1579,2.606239
1580,2.330125
1581,2.422580
1582,2.422580
1583,2.289246
1584,2.415922
1585,2.365596
1586,2.282589
1587,2.332915
1588,2.549255
1589,2.682589
1590,2.923231
1591,2.923231
1592,2.923231
1593,2.973557
1594,2.732915
1595,2.606239
1596,2.472906
1597,2.289246
1598,2.238921
1599,2.365596
1600,2.606239
1601,2.822580
1602,2.638921
1603,2.822580
1604,2.822580
1605,2.872906
1606,2.739572
1607,2.706891
1608,2.840224
1609,2.973557
1610,2.789898
1611,2.789898
1612,2.656565
1613,2.656565
1614,2.573557
1615,2.440224
1616,2.472906
1617,2.389898
1618,2.306891
1619,2.389898
1620,2.389898
1621,2.606239
1622,2.606239
1623,2.689246
1624,2.606239
1625,2.606239
1626,2.606239
1627,2.573557
1628,2.706891
1629,2.739572
1630,2.822580
1631,2.872906
1632,3.006239
1633,3.006239
1634,2.955913
1635,2.923231
1636,2.789898
1637,2.789898
1638,2.872906
1639,2.872906
1640,2.923231
1641,2.872906
1642,2.872906
1643,2.656565
1644,2.472906
1645,2.606239
1646,2.656565
1647,2.656565
1648,2.789898
1649,2.789898
1650,2.573557
1651,2.440224
1652,2.440224
1653,2.389898
1654,2.389898
1655,2.606239
1656,2.472906
1657,2.415922
1658,2.365596
1659,2.472906
1660,2.523231
1661,2.706891
1662,2.739572
1663,2.872906
1664,2.840224
1665,2.973557
1666,2.840224
1667,2.732915
1668,2.732915
1669,2.682589
1670,2.789898
1671,2.923231
1672,2.923231
1673,2.739572
1674,2.822580
1675,2.606239
1676,2.656565
1677,2.840224
1678,2.973557
1679,2.866248
1680,2.732915
1681,2.732915
1682,2.866248
1683,2.973557
1684,2.732915
1685,2.472906
1686,2.330125
1687,2.422580
1688,2.682589
1689,2.466248
1690,2.573557
1691,2.523231
1692,2.523231
1693,2.706891
1694,2.682589
1695,2.549255
1696,2.656565
1697,2.789898
1698,2.822580
1699,2.872906
1700,2.872906
1701,2.739572
1702,2.789898
1703,2.923231
1704,2.872906
1705,3.006239
1706,2.872906
1707,2.872906
1708,2.872906
1709,2.872906
1710,2.789898
1711,2.789898
1712,2.789898
1713,2.789898
1714,2.789898
1715,3.006239
1716,2.822580
1717,2.789898
1718,2.872906
1719,3.006239
1720,2.789898
1721,2.789898
1722,2.706891
1723,2.682589
1724,2.549255
1725,2.549255
1726,2.682589
1727,2.422580
1728,2.422580
1729,2.422580
1730,2.422580
1731,2.472906
1732,2.606239
1733,2.606239
1734,2.555913
1735,2.422580
1736,2.422580
1737,2.466248
1738,2.706891
1739,2.573557
1740,2.573557
1741,2.573557
1742,2.656565
1743,2.656565
1744,2.840224
1745,2.872906
1746,3.056565
1747,3.056565
1748,3.056565
1749,3.056565
1750,3.056565
1751,2.872906
1752,2.739572
1753,2.789898
1754,2.739572
1755,2.739572
1756,2.923231
1757,2.923231
1758,2.872906
1759,2.789898
1760,2.789898
1761,2.739572
1762,2.706891
1763,2.789898
1764,2.789898
1765,2.789898
1766,2.789898
1767,2.923231
1768,2.923231
1769,3.006239
1770,2.872906
1771,2.822580
1772,2.822580
1773,2.872906
1774,3.006239
1775,3.006239
1776,2.822580
1777,2.689246
1778,2.822580
1779,2.822580
1780,3.006239
1781,2.923231
1782,2.923231
1783,3.139572
1784,3.139572
1785,3.056565
1786,2.923231
1787,2.866248
1788,2.866248
1789,2.682589
1790,2.866248
1791,2.973557
1792,2.923231
1793,2.789898
1794,2.789898
1795,2.656565
1796,2.689246
1797,2.689246
1798,2.689246
1799,2.822580
1800,3.006239
1801,2.872906
1802,2.872906
1803,2.872906
1804,2.923231
1805,2.923231
1806,2.973557
1807,3.106891
1808,3.106891
1809,2.923231
1810,2.923231
1811,2.923231
1812,2.923231
1813,3.056565
1814,3.006239
1815,3.006239
1816,2.822580
1817,2.689246
1818,2.739572
1819,2.739572
1820,2.689246
1821,2.606239
1822,2.606239
1823,2.606239
1824,2.573557
1825,2.706891
1826,2.706891
1827,2.706891
1828,2.789898
1829,2.789898
1830,2.789898
1831,2.822580
1832,2.606239
1833,2.573557
1834,2.606239
1835,2.606239
1836,2.422580
1837,2.606239
1838,2.739572
1839,2.739572
1840,2.498930
1841,2.606239
1842,2.822580
1843,3.006239
1844,3.056565
1845,3.056565
1846,3.189898
1847,3.189898
1848,3.139572
1849,3.006239
1850,3.006239
1851,3.006239
1852,2.789898
1853,2.606239
1854,2.549255
1855,2.422580
1856,2.422580
1857,2.549255
1858,2.549255
1859,2.656565
1860,2.606239
1861,2.789898
1862,2.606239
1863,2.822580
1864,2.822580
1865,2.638921
1866,2.606239
1867,2.789898
1868,2.872906
1869,2.789898
1870,2.656565
1871,2.689246
1872,2.872906
1873,2.872906
1874,2.872906
1875,2.872906
1876,2.840224
1877,2.732915
1878,2.732915
1879,2.732915
1880,2.840224
1881,2.656565
1882,2.656565
1883,2.472906
1884,2.523231
1885,2.472906
1886,2.689246
1887,2.638921
1888,2.422580
1889,2.606239
1890,2.789898
1891,2.789898
1892,2.789898
1893,2.840224
1894,2.840224
1895,2.840224
1896,2.923231
1897,2.872906
1898,2.739572
1899,2.739572
1900,2.923231
1901,3.056565
1902,3.056565
1903,3.006239
1904,2.955913
1905,2.955913
1906,3.139572
1907,3.189898
1908,3.006239
1909,3.006239
1910,2.872906
1911,2.872906
1912,2.872906
1913,2.872906
1914,2.822580
1915,2.872906
1916,2.872906
1917,3.006239
1918,3.189898
1919,3.189898
1920,3.189898
1921,3.056565
1922,3.056565
1923,3.056565
1924,3.056565
1925,3.006239
1926,2.789898
1927,2.973557
1928,2.923231
1929,2.789898
1930,2.973557
1931,2.923231
1932,2.789898
1933,2.872906
1934,3.056565
1935,3.240224
1936,3.056565
1937,3.056565
1938,2.872906
1939,2.840224
1940,2.732915
1941,2.732915
1942,2.732915
1943,2.549255
1944,2.789898
1945,2.682589
1946,2.549255
1947,2.289246
1948,2.549255
1949,2.549255
1950,2.332915
1951,2.573557
1952,2.573557
1953,2.789898
1954,2.872906
1955,3.056565
1956,3.106891
1957,3.240224
1958,3.240224
1959,3.240224
1960,3.240224
1961,3.189898
1962,3.006239
1963,3.056565
1964,3.006239
1965,3.056565
1966,3.056565
1967,3.056565
1968,2.872906
1969,2.822580
1970,2.822580
1971,3.006239
1972,2.872906
1973,2.872906
1974,2.822580
1975,3.006239
1976,3.006239
1977,3.189898
1978,3.056565
1979,2.923231
1980,3.056565
1981,3.056565
1982,3.106891
1983,3.106891
1984,3.056565
1985,2.973557
1986,2.789898
1987,2.706891
1988,2.573557
1989,2.789898
1990,2.872906
1991,2.822580
1992,2.872906
1993,2.739572
1994,2.739572
1995,2.555913
1996,2.739572
1997,2.656565
1998,2.739572
1999,2.923231
2000,3.056565
2001,3.056565
2002,3.056565
2003,3.056565
2004,3.056565
2005,3.056565
2006,3.189898
2007,3.189898
2008,3.139572
2009,3.006239
2010,2.872906
2011,2.923231
2012,2.923231
2013,2.923231
2014,2.739572
2015,2.872906
2016,3.006239
2017,3.006239
2018,2.822580
2019,2.689246
2020,2.656565
2021,2.606239
2022,2.606239
2023,2.573557
2024,2.573557
2025,2.549255
2026,2.656565
2027,2.656565
2028,2.549255
2029,2.472906
2030,2.472906
2031,2.422580
2032,2.422580
2033,2.472906
2034,2.599581
2035,2.732915
2036,2.732915
2037,2.732915
2038,2.840224
2039,2.789898
2040,3.006239
2041,3.006239
2042,2.822580
2043,2.789898
2044,2.789898
2045,2.840224
2046,2.840224
2047,2.840224
2048,2.840224
2049,2.656565
2050,2.689246
2051,2.689246
2052,2.872906
2053,2.923231
2054,2.872906
2055,2.872906
2056,2.689246
2057,2.872906
2058,2.872906
2059,2.923231
2060,2.872906
2061,2.872906
2062,2.872906
2063,2.822580
2064,2.689246
2065,2.606239
2066,2.656565
2067,2.872906
2068,2.822580
2069,2.822580
2070,2.606239
2071,2.656565
2072,2.689246
2073,2.689246
2074,2.872906
2075,2.789898
2076,2.923231
2077,2.789898
2078,2.706891
2079,2.789898
2080,2.739572
2081,2.606239
2082,2.689246
2083,2.822580
2084,3.006239
2085,2.822580
2086,2.822580
2087,2.822580
2088,3.006239
2089,2.872906
2090,2.872906
2091,2.872906
2092,2.872906
2093,2.872906
2094,2.872906
2095,3.056565
2096,3.189898
2097,3.139572
2098,3.006239
2099,3.056565
2100,2.872906
2101,2.789898
2102,2.840224
2103,2.872906
2104,2.872906
2105,2.822580
2106,2.872906
2107,2.689246
2108,2.689246
2109,2.822580
2110,2.789898
2111,2.789898
2112,2.973557
2113,2.973557
2114,2.923231
2115,2.923231
2116,3.006239
2117,3.006239
2118,3.006239
2119,2.973557
2120,2.973557
2121,2.840224
2122,2.789898
2123,2.549255
2124,2.682589
2125,2.923231
2126,2.789898
2127,2.789898
2128,2.872906
2129,2.872906
2130,2.872906
2131,2.822580
2132,3.006239
2133,2.955913
2134,3.006239
2135,3.056565
2136,3.006239
2137,2.872906
2138,2.872906
2139,2.872906
2140,2.872906
2141,3.006239
2142,2.822580
2143,2.872906
2144,3.056565
2145,3.006239
2146,3.006239
2147,3.006239
2148,2.822580
2149,2.872906
2150,2.872906
2151,2.872906
2152,2.872906
2153,2.840224
2154,2.732915
2155,2.682589
2156,2.789898
2157,2.789898
2158,2.822580
2159,2.638921
2160,2.606239
2161,2.822580
2162,2.606239
2163,2.389898
2164,2.173557
2165,2.389898
2166,2.389898
2167,2.422580
2168,2.365596
2169,2.498930
2170,2.682589
2171,2.923231
2172,3.056565
2173,3.139572
2174,3.139572
2175,3.189898
2176,3.056565
2177,3.056565
2178,3.189898
2179,3.189898
2180,3.189898
2181,3.240224
2182,3.240224
2183,3.189898
2184,3.189898
2185,3.006239
2186,3.056565
2187,3.056565
2188,2.973557
2189,2.789898
2190,2.549255
2191,2.549255
2192,2.289246
2193,2.206239
2194,2.206239
2195,2.206239
2196,2.422580
2197,2.549255
2198,2.549255
2199,2.549255
2200,2.656565
2201,2.789898
2202,2.973557
2203,3.056565
2204,3.056565
2205,3.056565
2206,2.923231
2207,2.923231
2208,2.739572
2209,2.656565
2210,2.656565
2211,2.656565
2212,2.549255
2213,2.549255
2214,2.415922
2215,2.289246
2216,2.206239
2217,2.206239
2218,2.466248
2219,2.466248
2220,2.422580
2221,2.206239
2222,2.072906
2223,2.199581
2224,2.440224
2225,2.656565
2226,2.606239
2227,2.606239
2228,2.365596
2229,2.549255
2230,2.732915
2231,2.789898
2232,2.840224
2233,2.789898
2234,3.006239
2235,3.139572
2236,3.189898
2237,3.240224
2238,3.056565
2239,2.923231
2240,2.872906
2241,2.872906
2242,2.923231
2243,2.872906
2244,2.872906
2245,3.056565
2246,3.056565
2247,3.006239
2248,3.006239
2249,3.006239
2250,3.056565
2251,2.923231
2252,2.923231
2253,2.923231
2254,2.872906
2255,2.822580
2256,2.872906
2257,2.872906
2258,2.689246
2259,2.505587
2260,2.472906
2261,2.689246
2262,2.689246
2263,2.606239
2264,2.822580
2265,2.689246
2266,2.638921
2267,2.606239
2268,2.389898
2269,2.282589
2270,2.523231
2271,2.523231
2272,2.573557
2273,2.573557
2274,2.466248
2275,2.682589
2276,2.466248
2277,2.332915
2278,2.549255
2279,2.606239
2280,2.822580
2281,2.872906
2282,2.872906
2283,2.923231
2284,3.056565
2285,3.106891
2286,3.056565
2287,2.872906
2288,2.872906
2289,3.006239
2290,3.006239
2291,2.822580
2292,2.872906
2293,2.923231
2294,2.923231
2295,2.840224
2296,2.732915
2297,2.732915
2298,2.789898
2299,2.973557
2300,2.973557
2301,2.732915
2302,2.840224
2303,2.973557
2304,2.973557
2305,2.840224
2306,2.923231
2307,3.056565
2308,3.189898
2309,3.139572
2310,3.189898
2311,3.106891
2312,2.866248
2313,2.866248
2314,2.866248
2315,2.866248
2316,2.682589
2317,2.732915
2318,2.973557
2319,3.106891
2320,2.973557
2321,3.006239
2322,2.789898
2323,2.573557
2324,2.573557
2325,2.789898
2326,2.872906
2327,2.872906
2328,3.056565
2329,2.973557
2330,2.973557
2331,3.006239
2332,3.056565
2333,2.872906
2334,2.872906
2335,2.656565
2336,2.872906
2337,2.923231
2338,2.872906
2339,2.689246
2340,2.689246
2341,2.638921
2342,2.689246
2343,2.472906
2344,2.472906
2345,2.689246
2346,2.689246
2347,2.689246
2348,2.472906
2349,2.472906
2350,2.389898
2351,2.389898
2352,2.606239
2353,2.422580
2354,2.606239
2355,2.389898
2356,2.440224
2357,2.472906
2358,2.606239
2359,2.656565
2360,2.739572
2361,2.923231
2362,2.872906
2363,2.789898
2364,2.732915
2365,2.599581
2366,2.732915
2367,2.606239
2368,2.472906
2369,2.472906
2370,2.422580
2371,2.206239
2372,2.339572
2373,2.466248
2374,2.466248
2375,2.466248
2376,2.332915
2377,2.289246
2378,2.289246
2379,2.238921
2380,2.289246
2381,2.549255
2382,2.549255
2383,2.549255
2384,2.549255
2385,2.656565
2386,2.689246
2387,2.689246
2388,2.689246
2389,2.689246
2390,2.638921
2391,2.689246
2392,2.739572
2393,2.872906
2394,3.006239
2395,3.189898
2396,3.240224
2397,3.240224
2398,3.240224
2399,3.189898
2400,3.139572
2401,3.189898
2402,3.006239
2403,2.822580
2404,2.822580
2405,2.638921
2406,2.606239
2407,2.789898
2408,2.872906
2409,2.739572
2410,2.739572
2411,2.689246
2412,2.689246
2413,2.689246
2414,2.872906
2415,3.056565
2416,3.056565
2417,2.872906
2418,2.822580
2419,2.739572
2420,2.523231
2421,2.523231
2422,2.573557
2423,2.523231
2424,2.466248
2425,2.573557
2426,2.789898
2427,2.872906
2428,2.872906
2429,2.872906
2430,2.689246
2431,2.555913
2432,2.739572
2433,2.739572
2434,2.923231
2435,2.872906
2436,2.872906
2437,2.840224
2438,2.840224
2439,2.840224
2440,2.732915
2441,2.840224
2442,2.923231
2443,2.923231
2444,3.056565
2445,3.056565
2446,2.840224
2447,2.840224
2448,2.656565
2449,2.656565
2450,2.656565
2451,2.656565
2452,2.656565
2453,2.789898
2454,2.840224
2455,3.056565
2456,3.056565
2457,3.056565
2458,3.106891
2459,3.106891
2460,2.923231
2461,2.923231
2462,2.872906
2463,3.056565
2464,3.056565
2465,3.106891
2466,3.106891
2467,3.056565
2468,2.840224
2469,2.840224
2470,2.840224
2471,2.923231
2472,2.872906
2473,2.689246
2474,2.656565
2475,2.689246
2476,2.739572
2477,2.872906
2478,3.006239
2479,3.006239
2480,2.789898
2481,3.006239
2482,3.006239
2483,3.006239
2484,2.822580
2485,2.872906
2486,2.872906
2487,2.789898
2488,2.789898
2489,2.973557
2490,2.840224
2491,2.840224
2492,2.923231
2493,2.923231
2494,3.056565
2495,2.923231
2496,2.923231
2497,2.923231
2498,2.973557
2499,2.923231
2500,2.789898
2501,2.789898
2502,2.739572
2503,2.689246
2504,2.739572
2505,2.656565
2506,2.656565
2507,2.656565
2508,2.599581
2509,2.656565
2510,2.656565
2511,2.656565
2512,2.689246
2513,2.689246
2514,2.689246
2515,2.689246
2516,2.739572
2517,2.923231
2518,2.872906
2519,2.872906
2520,3.056565
2521,2.872906
2522,2.872906
2523,2.872906
2524,2.872906
2525,2.872906
2526,3.056565
2527,3.056565
2528,3.189898
2529,3.056565
2530,3.056565
2531,3.006239
2532,3.006239
2533,3.006239
2534,2.872906
2535,2.840224
2536,2.840224
2537,2.973557
2538,2.973557
2539,2.973557
2540,2.973557
2541,2.973557
2542,2.789898
2543,2.872906
2544,2.923231
2545,3.056565
2546,3.056565
2547,2.872906
2548,2.923231
2549,3.106891
2550,3.056565
2551,3.056565
2552,3.056565
2553,2.840224
2554,2.973557
2555,2.840224
2556,2.732915
2557,2.732915
2558,2.599581
2559,2.415922
2560,2.656565
2561,2.789898
2562,2.923231
2563,3.006239
2564,3.056565
2565,3.056565
2566,3.006239
2567,2.872906
2568,2.923231
2569,2.872906
2570,2.656565
2571,2.706891
2572,2.923231
2573,2.872906
2574,2.739572
2575,2.739572
2576,2.739572
2577,2.872906
2578,2.872906
2579,2.822580
2580,2.872906
2581,2.923231
2582,2.923231
2583,3.056565
2584,3.006239
2585,3.189898
2586,3.189898
2587,3.139572
2588,3.139572
2589,2.955913
2590,2.923231
2591,3.006239
2592,3.006239
2593,3.006239
2594,2.973557
2595,2.789898
2596,2.682589
2597,2.923231
2598,2.789898
2599,2.789898
2600,2.682589
2601,2.682589
2602,2.789898
2603,2.973557
2604,2.973557
2605,3.056565
2606,3.189898
2607,3.139572
2608,2.955913
2609,2.923231
2610,2.923231
2611,2.923231
2612,2.973557
2613,2.973557
2614,3.056565
2615,3.006239
2616,3.056565
2617,3.106891
2618,2.923231
2619,3.056565
2620,3.056565
2621,3.056565
2622,2.872906
2623,2.872906
2624,2.656565
2625,2.656565
2626,2.656565
2627,2.789898
2628,2.789898
2629,2.789898
2630,2.822580
2631,2.822580
2632,2.606239
2633,2.523231
2634,2.573557
2635,2.549255
2636,2.549255
2637,2.606239
2638,2.523231
2639,2.606239
2640,2.822580
2641,2.606239
2642,2.498930
2643,2.739572
2644,2.789898
2645,2.732915
2646,2.732915
2647,2.840224
2648,2.656565
2649,2.656565
2650,2.739572
2651,2.739572
2652,2.872906
2653,2.689246
2654,2.822580
2655,2.872906
2656,2.872906
2657,2.789898
2658,2.789898
2659,2.789898
2660,2.606239
2661,2.606239
2662,2.606239
2663,2.689246
2664,2.689246
2665,2.739572
2666,2.739572
2667,2.656565
2668,2.789898
2669,2.923231
2670,3.006239
2671,2.872906
2672,2.872906
2673,2.840224
2674,2.789898
2675,2.789898
2676,2.872906
2677,2.872906
2678,2.923231
2679,2.923231
2680,2.923231
2681,2.923231
2682,2.923231
2683,2.706891
2684,2.656565
2685,2.739572
2686,2.656565
2687,2.689246
2688,2.656565
2689,2.472906
2690,2.606239
2691,2.656565
2692,2.706891
2693,2.466248
2694,2.466248
2695,2.339572
2696,2.472906
2697,2.606239
2698,2.682589
2699,2.549255
2700,2.549255
2701,2.573557
2702,2.606239
2703,2.689246
2704,2.689246
2705,2.689246
2706,2.739572
2707,2.923231
2708,3.106891
2709,3.056565
2710,2.923231
2711,2.872906
2712,2.872906
2713,2.840224
2714,2.973557
2715,2.923231
2716,2.973557
2717,2.973557
2718,2.840224
2719,2.789898
2720,2.656565
2721,2.472906
2722,2.689246
2723,2.472906
2724,2.689246
2725,2.656565
2726,2.656565
2727,2.606239
2728,2.549255
2729,2.656565
2730,2.706891
2731,2.656565
2732,2.656565
2733,2.872906
2734,2.872906
2735,2.789898
2736,2.973557
2737,2.789898
2738,2.549255
2739,2.549255
2740,2.732915
2741,2.973557
2742,3.006239
2743,3.006239
2744,2.872906
2745,2.872906
2746,2.656565
2747,2.706891
2748,2.739572
2749,2.739572
2750,2.923231
2751,2.789898
2752,2.789898
2753,2.739572
2754,2.739572
2755,2.739572
2756,2.739572
2757,2.872906
2758,2.789898
2759,2.789898
2760,2.789898
2761,2.789898
2762,2.840224
2763,2.840224
2764,2.840224
2765,2.923231
2766,2.923231
2767,3.056565
2768,2.973557
2769,2.789898
2770,2.789898
2771,2.789898
2772,2.923231
2773,2.923231
2774,2.789898
2775,2.656565
2776,2.840224
2777,2.872906
2778,2.872906
2779,2.822580
2780,3.006239
2781,3.006239
2782,3.056565
2783,2.872906
2784,2.872906
2785,2.923231
2786,2.872906
2787,2.689246
2788,2.638921
2789,2.689246
2790,2.689246
2791,2.739572
2792,2.555913
2793,2.523231
2794,2.555913
2795,2.505587
2796,2.689246
2797,2.606239
2798,2.606239
2799,2.606239
2800,2.789898
2801,2.789898
2802,2.822580
2803,3.006239
2804,2.973557
2805,2.973557
2806,2.973557
2807,3.056565
2808,3.106891
2809,3.106891
2810,3.106891
2811,3.056565
2812,3.056565
2813,3.189898
2814,3.189898
2815,3.240224
2816,3.056565
2817,3.056565
2818,2.973557
2819,2.923231
2820,2.739572
2821,2.498930
2822,2.282589
2823,2.022580
2824,2.282589
2825,2.282589
2826,2.282589
2827,2.466248
2828,2.549255
2829,2.732915
2830,2.866248
2831,2.923231
2832,2.706891
2833,2.923231
2834,3.006239
2835,3.006239
2836,3.006239
2837,3.006239
2838,3.056565
2839,2.872906
2840,2.872906
2841,2.923231
2842,2.923231
2843,3.056565
2844,2.872906
2845,2.923231
2846,2.923231
2847,3.056565
2848,3.106891
2849,3.106891
2850,3.056565
2851,3.106891
2852,3.240224
2853,3.240224
2854,3.240224
2855,3.056565
2856,3.056565
2857,3.006239
2858,2.872906
2859,3.056565
2860,3.056565
2861,3.006239
2862,3.006239
2863,2.872906
2864,2.872906
2865,2.822580
2866,2.739572
2867,2.606239
2868,2.638921
2869,2.689246
2870,2.739572
2871,2.872906
2872,2.789898
2873,2.973557
2874,2.789898
2875,2.789898
2876,2.872906
2877,2.872906
2878,2.840224
2879,2.789898
2880,2.789898
2881,2.789898
2882,3.006239
2883,3.056565
2884,2.923231
2885,2.923231
2886,2.923231
2887,2.923231
2888,2.923231
2889,2.923231
2890,2.872906
2891,2.789898
2892,2.706891
2893,2.523231
2894,2.282589
2895,2.466248
2896,2.206239
2897,2.206239
2898,2.422580
2899,2.549255
2900,2.682589
2901,2.815922
2902,2.599581
2903,2.815922
2904,2.840224
2905,2.815922
2906,2.866248
2907,2.923231
2908,2.789898
2909,2.872906
2910,2.872906
2911,3.056565
2912,3.189898
2913,3.189898
2914,3.139572
2915,2.923231
2916,2.866248
2917,2.999581
2918,3.056565
2919,2.815922
2920,2.682589
2921,2.732915
2922,2.606239
2923,2.606239
2924,2.866248
2925,2.866248
2926,2.732915
2927,2.732915
2928,2.732915
2929,2.973557
2930,3.006239
2931,3.189898
2932,3.056565
2933,2.840224
2934,2.789898
2935,2.789898
2936,2.789898
2937,2.573557
2938,2.440224
2939,2.523231
2940,2.415922
2941,2.332915
2942,2.466248
2943,2.466248
2944,2.599581
2945,2.555913
2946,2.599581
2947,2.339572
2948,2.422580
2949,2.422580
2950,2.466248
2951,2.573557
2952,2.549255
2953,2.682589
2954,2.549255
2955,2.732915
2956,2.789898
2957,2.549255
2958,2.656565
2959,2.840224
2960,2.789898
2961,2.872906
2962,2.789898
2963,2.789898
2964,2.973557
2965,3.056565
2966,2.923231
2967,2.923231
2968,3.106891
2969,3.056565
2970,3.006239
2971,3.006239
2972,2.923231
2973,2.973557
2974,2.973557
2975,2.840224
2976,2.923231
2977,3.056565
2978,2.872906
2979,2.656565
2980,2.656565
2981,2.789898
2982,3.006239
2983,3.006239
2984,3.006239
2985,3.056565
2986,3.006239
2987,3.189898
2988,3.006239
2989,3.006239
2990,3.006239
2991,2.822580
2992,2.872906
2993,2.923231
2994,3.106891
2995,3.240224
2996,3.240224
2997,3.056565
2998,3.006239
2999,3.056565
3000,3.056565
3001,3.056565
3002,3.056565
3003,2.973557
3004,2.789898
3005,2.789898
3006,2.739572
3007,2.739572
3008,2.739572
3009,2.923231
3010,2.789898
3011,2.789898
3012,2.656565
3013,2.739572
3014,2.872906
3015,2.739572
3016,2.739572
3017,2.923231
3018,2.872906
3019,2.872906
3020,2.872906
3021,3.006239
3022,2.872906
3023,2.822580
3024,2.872906
3025,2.872906
3026,2.872906
3027,3.056565
3028,3.106891
3029,3.056565
3030,2.872906
3031,2.923231
3032,3.056565
3033,3.240224
3034,3.240224
3035,3.240224
3036,3.056565
3037,3.056565
3038,2.872906
3039,2.822580
3040,2.872906
3041,2.872906
3042,2.872906
3043,2.739572
3044,2.555913
3045,2.555913
3046,2.555913
3047,2.739572
3048,2.739572
3049,2.689246
3050,2.689246
3051,2.472906
3052,2.472906
3053,2.289246
3054,2.505587
3055,2.505587
3056,2.472906
3057,2.472906
3058,2.689246
3059,2.656565
3060,2.606239
3061,2.606239
3062,2.638921
3063,2.638921
3064,2.689246
3065,2.656565
3066,2.656565
3067,2.656565
3068,2.789898
3069,2.923231
3070,2.840224
3071,3.056565
3072,2.923231
3073,2.923231
3074,2.789898
3075,2.973557
3076,2.973557
3077,2.789898
3078,2.573557
3079,2.656565
3080,2.472906
3081,2.689246
3082,2.689246
3083,2.872906
3084,2.689246
3085,2.689246
3086,2.689246
3087,2.739572
3088,2.872906
3089,2.872906
3090,2.822580
3091,2.822580
3092,2.789898
3093,2.789898
3094,2.840224
3095,2.840224
3096,2.872906
3097,3.006239
3098,3.056565
3099,2.872906
3100,2.689246
3101,2.689246
3102,2.656565
3103,2.840224
3104,2.973557
3105,2.840224
3106,2.840224
3107,2.973557
3108,2.973557
3109,2.840224
3110,2.840224
3111,3.056565
3112,2.973557
3113,2.840224
3114,2.656565
3115,2.689246
3116,2.739572
3117,2.739572
3118,2.689246
3119,2.689246
3120,2.689246
3121,2.739572
3122,2.739572
3123,2.739572
3124,2.923231
3125,2.923231
3126,2.840224
3127,2.872906
3128,3.006239
3129,2.822580
3130,2.872906
3131,2.872906
3132,3.056565
3133,3.006239
3134,3.056565
3135,3.056565
3136,3.056565
3137,3.240224
3138,3.106891
3139,3.056565
3140,3.056565
3141,2.872906
3142,2.872906
3143,2.872906
3144,2.872906
3145,2.872906
3146,2.872906
3147,2.872906
3148,2.923231
3149,2.739572
3150,2.739572
3151,2.739572
3152,2.789898
3153,2.923231
3154,2.706891
3155,2.923231
3156,2.923231
3157,2.872906
3158,2.872906
3159,2.822580
3160,2.822580
3161,2.872906
3162,2.872906
3163,2.822580
3164,2.872906
3165,2.872906
3166,2.872906
3167,2.923231
3168,2.739572
3169,2.872906
3170,2.822580
3171,2.955913
3172,2.822580
3173,2.822580
3174,2.689246
3175,2.656565
3176,2.739572
3177,2.923231
3178,2.872906
3179,2.872906
3180,2.822580
3181,2.822580
3182,3.006239
3183,2.955913
3184,3.139572
3185,3.106891
3186,3.139572
3187,3.139572
3188,3.006239
3189,3.006239
3190,2.822580
3191,2.739572
3192,2.739572
3193,2.822580
3194,2.689246
3195,2.472906
3196,2.472906
3197,2.256565
3198,2.256565
3199,2.256565
3200,2.472906
3201,2.656565
3202,2.606239
3203,2.689246
3204,2.689246
3205,2.689246
3206,2.689246
3207,2.606239
3208,2.789898
3209,2.789898
3210,2.656565
3211,2.872906
3212,2.872906
3213,2.872906
3214,2.822580
3215,2.822580
3216,2.872906
3217,2.923231
3218,3.056565
3219,2.923231
3220,3.056565
3221,2.872906
3222,2.822580
3223,3.006239
3224,3.006239
3225,3.006239
3226,3.189898
3227,3.189898
3228,3.189898
3229,3.056565
3230,2.923231
3231,2.923231
3232,2.923231
3233,2.923231
3234,3.106891
3235,3.106891
3236,3.056565
3237,3.006239
3238,3.006239
3239,3.006239
3240,2.789898
3241,2.706891
3242,2.789898
3243,2.872906
3244,2.656565
3245,2.656565
3246,2.573557
3247,2.573557
3248,2.656565
3249,2.789898
3250,2.706891
3251,2.789898
3252,2.923231
3253,3.006239
3254,2.973557
3255,2.973557
3256,3.006239
3257,3.056565
3258,3.189898
3259,3.006239
3260,3.006239
3261,3.189898
3262,3.006239
3263,3.006239
3264,2.872906
3265,2.822580
3266,2.689246
3267,2.606239
3268,2.573557
3269,2.332915
3270,2.332915
3271,2.332915
3272,2.573557
3273,2.789898
3274,2.606239
3275,2.789898
3276,2.789898
3277,2.682589
3278,2.682589
3279,2.923231
3280,3.139572
3281,3.006239
3282,2.822580
3283,2.872906
3284,2.789898
3285,2.789898
3286,2.872906
3287,2.739572
3288,2.656565
3289,2.656565
3290,2.872906
3291,2.923231
3292,2.923231
3293,2.923231
3294,2.923231
3295,2.872906
3296,2.872906
3297,2.872906
3298,2.872906
3299,2.872906
3300,2.822580
3301,3.006239
3302,3.006239
3303,3.189898
3304,3.056565
3305,3.106891
3306,3.056565
3307,3.006239
3308,3.006239
3309,3.006239
3310,3.056565
3311,3.056565
3312,3.056565
3313,2.923231
3314,2.840224
3315,2.789898
3316,2.789898
3317,2.789898
3318,2.840224
3319,2.872906
3320,2.872906
3321,2.789898
3322,2.923231
3323,2.923231
3324,3.006239
3325,2.923231
3326,3.006239
3327,2.789898
3328,2.789898
3329,2.789898
3330,2.822580
3331,2.689246
3332,2.472906
3333,2.256565
3334,2.472906
3335,2.389898
3336,2.389898
3337,2.606239
3338,2.822580
3339,2.638921
3340,2.638921
3341,2.689246
3342,2.739572
3343,2.923231
3344,2.923231
3345,2.923231
3346,2.923231
3347,3.106891
3348,3.056565
3349,3.056565
3350,3.056565
3351,2.872906
3352,2.822580
3353,2.606239
3354,2.606239
3355,2.606239
3356,2.422580
3357,2.422580
3358,2.389898
3359,2.332915
3360,2.466248
3361,2.682589
3362,2.789898
3363,2.789898
3364,2.872906
3365,3.056565
3366,3.106891
3367,3.106891
3368,2.973557
3369,2.923231
3370,2.872906
3371,2.689246
3372,2.739572
3373,2.689246
3374,2.472906
3375,2.555913
3376,2.555913
3377,2.505587
3378,2.505587
3379,2.689246
3380,2.656565
3381,2.689246
3382,2.739572
3383,2.706891
3384,2.789898
3385,2.739572
3386,2.739572
3387,2.656565
3388,2.606239
3389,2.606239
3390,2.689246
3391,2.656565
3392,2.656565
3393,2.656565
3394,2.872906
3395,2.840224
3396,2.656565
3397,2.656565
3398,2.656565
3399,2.656565
3400,2.656565
3401,2.789898
3402,2.606239
3403,2.656565
3404,2.606239
3405,2.606239
3406,2.822580
3407,3.006239
3408,3.056565
3409,3.006239
3410,3.056565
3411,3.056565
3412,3.006239
3413,3.056565
3414,2.872906
3415,3.056565
3416,3.056565
3417,3.056565
3418,3.056565
3419,3.056565
3420,3.056565
3421,3.056565
3422,2.973557
3423,2.923231
3424,2.739572
3425,2.606239
3426,2.573557
3427,2.573557
3428,2.656565
3429,2.573557
3430,2.573557
3431,2.789898
3432,2.739572
3433,2.789898
3434,2.789898
3435,2.872906
3436,3.056565
3437,3.006239
3438,3.006239
3439,3.006239
3440,2.789898
3441,2.789898
3442,2.789898
3443,2.872906
3444,2.923231
3445,3.056565
3446,3.006239
3447,2.973557
3448,3.056565
3449,3.056565
3450,3.006239
3451,2.789898
3452,2.789898
3453,2.789898
3454,2.923231
3455,2.973557
3456,3.056565
3457,2.872906
3458,3.056565
3459,3.056565
3460,3.056565
3461,3.006239
3462,3.139572
3463,3.006239
3464,3.006239
3465,3.056565
3466,2.872906
3467,2.923231
3468,2.739572
3469,2.739572
3470,2.872906
3471,3.006239
3472,2.822580
3473,2.739572
3474,2.955913
3475,2.822580
3476,2.789898
3477,2.872906
3478,2.923231
3479,2.872906
3480,2.656565
3481,2.656565
3482,2.689246
3483,2.656565
3484,2.656565
3485,2.549255
3486,2.549255
3487,2.656565
3488,2.656565
3489,2.599581
3490,2.472906
3491,2.330125
3492,2.330125
3493,2.330125
3494,2.606239
3495,2.732915
3496,2.732915
3497,2.866248
3498,2.923231
3499,2.923231
3500,3.006239
3501,2.872906
3502,2.840224
3503,2.656565
3504,2.739572
3505,2.739572
3506,2.689246
3507,2.689246
3508,2.739572
3509,2.739572
3510,2.739572
3511,2.689246
3512,2.739572
3513,2.872906
3514,2.923231
3515,2.840224
3516,2.840224
3517,2.923231
3518,2.840224
3519,2.789898
3520,2.682589
3521,2.422580
3522,2.289246
3523,2.549255
3524,2.549255
3525,2.422580
3526,2.549255
3527,2.289246
3528,2.422580
3529,2.422580
3530,2.549255
3531,2.549255
3532,2.549255
3533,2.606239
3534,2.606239
3535,2.606239
3536,2.689246
3537,2.739572
3538,2.689246
3539,2.656565
3540,2.689246
3541,2.656565
3542,2.656565
3543,2.415922
3544,2.549255
3545,2.549255
3546,2.549255
3547,2.789898
3548,2.789898
3549,2.789898
3550,2.789898
3551,2.789898
3552,2.606239
3553,2.606239
3554,2.389898
3555,2.389898
3556,2.332915
3557,2.072906
3558,1.965596
3559,2.098930
3560,2.339572
3561,2.339572
3562,2.339572
3563,2.466248
3564,2.466248
3565,2.573557
3566,2.606239
3567,2.689246
3568,2.656565
3569,2.689246
3570,2.656565
3571,2.789898
3572,2.789898
3573,2.732915
3574,2.682589
3575,2.706891
3576,2.840224
3577,2.840224
3578,2.923231
3579,2.923231
3580,3.006239
3581,3.189898
3582,3.056565
3583,3.056565
3584,3.056565
3585,3.056565
3586,2.973557
3587,2.973557
3588,2.973557
3589,3.056565
3590,3.240224
3591,3.106891
3592,3.106891
3593,3.106891
3594,2.923231
3595,2.739572
3596,2.872906
3597,2.789898
3598,2.872906
3599,2.923231
3600,2.923231
3601,2.872906
3602,2.923231
3603,2.872906
3604,2.840224
3605,2.923231
3606,2.923231
3607,2.840224
3608,2.973557
3609,2.973557
3610,2.789898
3611,2.606239
3612,2.789898
3613,2.973557
3614,2.840224
3615,3.056565
3616,3.189898
3617,3.056565
3618,3.056565
3619,3.056565
3620,3.056565
3621,3.056565
3622,2.923231
3623,2.973557
3624,2.923231
3625,2.923231
3626,2.739572
3627,2.739572
3628,2.706891
3629,2.789898
3630,2.923231
3631,2.872906
3632,2.872906
3633,3.056565
3634,3.056565
3635,2.923231
3636,2.872906
3637,3.056565
3638,2.872906
3639,2.872906
3640,2.872906
3641,2.872906
3642,2.689246
3643,2.505587
3644,2.472906
3645,2.523231
3646,2.523231
3647,2.555913
3648,2.689246
3649,2.872906
3650,2.872906
3651,2.923231
3652,3.106891
3653,3.240224
3654,3.240224
3655,3.240224
3656,3.240224
3657,3.106891
3658,3.056565
3659,2.923231
3660,2.872906
3661,3.056565
3662,2.923231
3663,2.872906
3664,2.789898
3665,2.682589
3666,2.682589
3667,2.732915
3668,2.682589
3669,2.549255
3670,2.498930
3671,2.498930
3672,2.682589
3673,2.682589
3674,2.789898
3675,2.872906
3676,3.056565
3677,2.923231
3678,2.739572
3679,2.739572
3680,2.656565
3681,2.706891
3682,2.840224
3683,2.656565
3684,2.689246
3685,2.689246
3686,2.872906
3687,2.840224
3688,2.840224
3689,2.789898
3690,2.549255
3691,2.549255
3692,2.656565
3693,2.606239
3694,2.822580
3695,2.606239
3696,2.606239
3697,2.523231
3698,2.389898
3699,2.606239
3700,2.606239
3701,2.656565
3702,2.872906
3703,3.006239
3704,2.872906
3705,3.056565
3706,2.923231
3707,3.056565
3708,3.056565
3709,3.056565
3710,3.056565
3711,3.189898
3712,3.056565
3713,3.006239
3714,2.872906
3715,3.006239
3716,2.789898
3717,2.789898
3718,2.840224
3719,2.732915
3720,2.840224
3721,3.056565
3722,3.056565
3723,2.872906
3724,2.872906
3725,2.872906
3726,2.739572
3727,2.656565
3728,2.656565
3729,2.789898
3730,3.006239
3731,3.006239
3732,2.872906
3733,2.822580
3734,2.872906
3735,2.872906
3736,3.006239
3737,2.872906
3738,3.006239
3739,3.006239
3740,2.789898
3741,2.789898
3742,2.656565
3743,2.789898
3744,2.789898
3745,3.006239
3746,3.056565
3747,3.106891
3748,3.056565
3749,2.872906
3750,2.840224
3751,2.789898
3752,2.656565
3753,2.656565
3754,2.739572
3755,2.555913
3756,2.523231
3757,2.440224
3758,2.389898
3759,2.389898
3760,2.573557
3761,2.606239
3762,2.365596
3763,2.606239
3764,2.789898
3765,2.789898
3766,2.872906
3767,2.872906
3768,2.923231
3769,2.923231
3770,2.923231
3771,2.923231
3772,2.973557
3773,2.923231
3774,2.923231
3775,3.056565
3776,2.872906
3777,3.006239
3778,3.056565
3779,3.056565
3780,3.056565
3781,3.056565
3782,2.872906
3783,2.689246
3784,2.872906
3785,3.056565
3786,3.056565
3787,3.056565
3788,3.189898
3789,3.056565
3790,3.106891
3791,3.106891
3792,3.106891
3793,3.056565
3794,3.006239
3795,3.139572
3796,3.189898
3797,3.006239
3798,3.056565
3799,3.006239
3800,2.822580
3801,2.638921
3802,2.422580
3803,2.206239
3804,2.206239
3805,2.206239
3806,2.389898
3807,2.606239
3808,2.789898
3809,2.789898
3810,2.872906
3811,2.840224
3812,2.789898
3813,2.872906
3814,2.656565
3815,2.840224
3816,2.789898
3817,2.789898
3818,2.606239
3819,2.472906
3820,2.289246
3821,2.206239
3822,2.173557
3823,2.389898
3824,2.332915
3825,2.282589
3826,2.389898
3827,2.573557
3828,2.706891
3829,2.706891
3830,2.789898
3831,2.822580
3832,2.739572
3833,2.739572
3834,2.682589
3835,2.599581
3836,2.599581
3837,2.599581
3838,2.466248
3839,2.549255
3840,2.656565
3841,2.656565
3842,2.656565
3843,2.472906
3844,2.415922
3845,2.656565
3846,2.656565
3847,2.840224
3848,2.872906
3849,3.056565
3850,3.056565
3851,3.006239
3852,3.006239
3853,3.006239
3854,2.923231
3855,2.973557
3856,2.840224
3857,2.840224
3858,2.840224
3859,2.973557
3860,3.106891
3861,2.923231
3862,2.923231
3863,2.789898
3864,2.789898
3865,2.872906
3866,2.689246
3867,2.689246
3868,2.689246
3869,2.689246
3870,2.739572
3871,2.689246
3872,2.656565
3873,2.656565
3874,2.789898
3875,2.789898
3876,2.732915
3877,2.732915
3878,2.866248
3879,2.923231
3880,2.923231
3881,3.006239
3882,2.822580
3883,2.789898
3884,2.872906
3885,2.872906
3886,2.872906
3887,2.822580
3888,2.872906
3889,2.689246
3890,2.505587
3891,2.638921
3892,2.689246
3893,2.872906
3894,2.840224
3895,2.973557
3896,3.056565
3897,3.106891
3898,3.056565
3899,3.056565
3900,3.106891
3901,3.106891
3902,3.106891
3903,3.056565
3904,3.056565
3905,2.923231
3906,2.923231
3907,2.923231
3908,2.923231
3909,2.923231
3910,3.056565
3911,3.006239
3912,3.139572
3913,2.923231
3914,2.789898
3915,2.789898
3916,2.789898
3917,2.656565
3918,2.656565
3919,2.872906
3920,2.872906
3921,2.923231
3922,2.923231
3923,2.739572
3924,2.689246
3925,2.822580
3926,2.872906
3927,3.006239
3928,3.006239
3929,2.872906
3930,2.872906
3931,2.656565
3932,2.656565
3933,2.840224
3934,2.872906
3935,3.006239
3936,3.056565
3937,3.006239
3938,3.006239
3939,2.822580
3940,2.606239
3941,2.656565
3942,2.872906
3943,2.872906
3944,2.872906
3945,2.923231
3946,3.056565
3947,3.056565
3948,3.056565
3949,3.006239
3950,2.973557
3951,2.973557
3952,2.732915
3953,2.682589
3954,2.682589
3955,2.466248
3956,2.466248
3957,2.573557
3958,2.706891
3959,2.706891
3960,2.789898
3961,2.789898
3962,2.822580
3963,3.006239
3964,3.006239
3965,3.056565
3966,2.973557
3967,2.973557
3968,2.973557
3969,2.973557
3970,2.840224
3971,2.732915
3972,2.599581
3973,2.656565
3974,2.415922
3975,2.415922
3976,2.466248
3977,2.466248
3978,2.415922
3979,2.415922
3980,2.332915
3981,2.440224
3982,2.389898
3983,2.472906
3984,2.606239
3985,2.739572
3986,2.739572
3987,2.739572
3988,2.498930
3989,2.682589
3990,2.682589
3991,2.682589
3992,2.549255
3993,2.599581
3994,2.599581
3995,2.599581
3996,2.656565
3997,2.872906
3998,2.872906
3999,3.006239
4000,3.006239
4001,3.056565
4002,2.973557
4003,2.732915
4004,2.789898
4005,3.006239
4006,2.973557
4007,2.973557
4008,2.923231
4009,2.923231
4010,2.789898
4011,2.872906
4012,2.872906
4013,2.872906
4014,2.872906
4015,2.872906
4016,2.872906
4017,2.840224
4018,2.840224
4019,2.789898
4020,2.923231
4021,2.923231
4022,3.106891
4023,2.973557
4024,3.056565
4025,2.973557
4026,2.840224
4027,2.923231
4028,2.923231
4029,2.872906
4030,2.872906
4031,2.872906
4032,2.872906
4033,2.872906
4034,2.739572
4035,2.739572
4036,2.656565
4037,2.840224
4038,2.973557
4039,2.866248
4040,2.973557
4041,3.106891
4042,3.106891
4043,3.189898
4044,3.189898
4045,3.189898
4046,3.056565
4047,3.056565
4048,3.189898
4049,3.139572
4050,3.189898
4051,3.189898
4052,3.006239
4053,2.923231
4054,3.006239
4055,2.872906
4056,2.872906
4057,2.872906
4058,2.789898
4059,2.789898
4060,2.606239
4061,2.606239
4062,2.689246
4063,2.689246
4064,2.872906
4065,2.739572
4066,2.923231
4067,3.056565
4068,3.056565
4069,2.973557
4070,3.056565
4071,3.006239
4072,3.006239
4073,3.056565
4074,3.056565
4075,3.006239
4076,3.006239
4077,3.056565
4078,2.973557
4079,3.106891
4080,2.973557
4081,2.973557
4082,2.840224
4083,2.872906
4084,2.872906
4085,2.923231
4086,2.923231
4087,3.056565
4088,3.056565
4089,3.006239
4090,3.006239
4091,3.006239
4092,3.056565
4093,2.923231
4094,2.923231
4095,2.872906
4096,2.872906
4097,2.739572
4098,2.739572
4099,2.656565
4100,2.706891
4101,2.706891
4102,2.923231
4103,2.923231
4104,2.872906
4105,2.840224
4106,2.840224
4107,2.840224
4108,2.656565
4109,2.840224
4110,2.840224
4111,3.056565
4112,3.056565
4113,2.872906
4114,3.006239
4115,3.006239
4116,2.923231
4117,2.923231
4118,3.139572
4119,3.139572
4120,3.189898
4121,3.006239
4122,2.872906
4123,2.789898
4124,2.923231
4125,3.106891
4126,3.106891
4127,3.106891
4128,2.973557
4129,2.789898
4130,2.789898
4131,2.973557
4132,2.973557
4133,2.840224
4134,2.656565
4135,2.606239
4136,2.789898
4137,2.606239
4138,2.739572
4139,2.739572
4140,2.739572
4141,2.739572
4142,2.923231
4143,2.973557
4144,2.866248
4145,2.732915
4146,2.732915
4147,2.732915
4148,2.789898
4149,2.789898
4150,2.789898
4151,2.606239
4152,2.606239
4153,2.789898
4154,2.789898
4155,3.006239
4156,3.006239
4157,2.789898
4158,2.872906
4159,2.872906
4160,2.923231
4161,2.872906
4162,2.656565
4163,2.599581
4164,2.549255
4165,2.549255
4166,2.656565
4167,2.656565
4168,2.656565
4169,2.656565
4170,2.840224
4171,2.656565
4172,2.840224
4173,2.840224
4174,2.923231
4175,2.923231
4176,2.923231
4177,2.923231
4178,2.872906
4179,2.656565
4180,2.656565
4181,2.656565
4182,2.840224
4183,2.599581
4184,2.840224
4185,2.840224
4186,2.872906
4187,2.739572
4188,2.656565
4189,2.549255
4190,2.682589
4191,2.815922
4192,2.682589
4193,2.732915
4194,2.682589
4195,2.466248
4196,2.332915
4197,2.573557
4198,2.706891
4199,2.840224
4200,2.923231
4201,3.106891
4202,3.189898
4203,3.189898
4204,3.189898
4205,2.973557
4206,2.923231
4207,3.139572
4208,2.923231
4209,2.955913
4210,3.006239
4211,2.789898
4212,2.606239
4213,2.606239
4214,2.549255
4215,2.415922
4216,2.472906
4217,2.689246
4218,2.872906
4219,2.822580
4220,2.789898
4221,2.789898
4222,2.822580
4223,2.822580
4224,2.872906
4225,2.872906
4226,3.006239
4227,2.872906
4228,2.923231
4229,2.872906
4230,2.923231
4231,3.056565
4232,3.056565
4233,3.056565
4234,3.056565
4235,2.923231
4236,3.106891
4237,3.056565
4238,2.973557
4239,3.106891
4240,2.973557
4241,2.973557
4242,2.789898
4243,2.706891
4244,2.573557
4245,2.332915
4246,2.365596
4247,2.365596
4248,2.549255
4249,2.549255
4250,2.573557
4251,2.789898
4252,2.789898
4253,2.656565
4254,2.789898
4255,2.973557
4256,3.056565
4257,3.056565
4258,3.006239
4259,3.006239
4260,3.006239
4261,3.139572
4262,3.139572
4263,3.139572
4264,3.139572
4265,3.006239
4266,3.006239
4267,2.955913
4268,2.739572
4269,2.739572
4270,2.789898
4271,2.789898
4272,2.606239
4273,2.472906
4274,2.606239
4275,2.789898
4276,2.656565
4277,2.872906
4278,2.822580
4279,2.872906
4280,2.872906
4281,2.872906
4282,2.872906
4283,2.872906
4284,2.656565
4285,2.656565
4286,2.689246
4287,2.689246
4288,2.739572
4289,2.923231
4290,2.739572
4291,2.689246
4292,2.689246
4293,2.689246
4294,2.606239
4295,2.822580
4296,2.739572
4297,2.789898
4298,2.789898
4299,3.006239
4300,2.973557
4301,2.789898
4302,2.923231
4303,2.923231
4304,2.789898
4305,2.789898
4306,2.706891
4307,2.706891
4308,2.789898
4309,2.789898
4310,2.656565
4311,2.689246
4312,2.656565
4313,2.472906
4314,2.606239
4315,2.606239
4316,2.822580
4317,2.789898
4318,2.872906
4319,2.872906
4320,2.872906
4321,2.923231
4322,2.872906
4323,2.923231
4324,2.739572
4325,2.739572
4326,2.656565
4327,2.440224
4328,2.573557
4329,2.573557
4330,2.789898
4331,2.789898
4332,2.732915
4333,2.789898
4334,2.923231
4335,2.706891
4336,2.706891
4337,2.789898
4338,2.789898
4339,2.822580
4340,2.822580
4341,2.822580
4342,2.872906
4343,3.056565
4344,2.872906
4345,2.656565
4346,2.656565
4347,2.789898
4348,2.822580
4349,2.789898
4350,3.006239
4351,2.923231
4352,2.923231
4353,2.923231
4354,2.789898
4355,3.006239
4356,2.973557
4357,2.923231
4358,2.739572
4359,2.822580
4360,2.872906
4361,2.689246
4362,2.606239
4363,2.656565
4364,2.656565
4365,2.789898
4366,2.789898
4367,2.789898
4368,2.973557
4369,2.973557
4370,2.973557
4371,2.923231
4372,2.923231
4373,2.973557
4374,3.189898
4375,3.139572
4376,3.189898
4377,3.139572
4378,3.006239
4379,3.056565
4380,3.056565
4381,3.056565
4382,3.106891
4383,2.923231
4384,2.872906
4385,2.872906
4386,3.006239
4387,2.872906
4388,2.656565
4389,2.549255
4390,2.365596
4391,2.415922
4392,2.289246
4393,2.472906
4394,2.599581
4395,2.732915
4396,2.840224
4397,2.840224
4398,2.789898
4399,2.872906
4400,2.872906
4401,3.006239
4402,3.006239
4403,3.006239
4404,3.006239
4405,2.789898
4406,2.822580
4407,2.606239
4408,2.606239
4409,2.606239
4410,2.389898
4411,2.422580
4412,2.422580
4413,2.365596
4414,2.365596
4415,2.289246
4416,2.105587
4417,2.149255
4418,2.389898
4419,2.573557
4420,2.789898
4421,2.789898
4422,2.822580
4423,2.822580
4424,3.006239
4425,3.006239
4426,3.006239
4427,2.822580
4428,2.789898
4429,2.872906
4430,2.872906
4431,2.789898
4432,2.822580
4433,2.689246
4434,2.689246
4435,2.689246
4436,2.689246
4437,2.822580
4438,2.689246
4439,2.689246
4440,2.822580
4441,2.739572
4442,2.789898
4443,2.923231
4444,2.923231
4445,3.006239
4446,3.006239
4447,2.955913
4448,2.822580
4449,2.872906
4450,2.923231
4451,2.840224
4452,2.599581
4453,2.656565
4454,2.872906
4455,2.872906
4456,2.822580
4457,3.006239
4458,2.789898
4459,2.872906
4460,2.872906
4461,2.923231
4462,2.923231
4463,2.923231
4464,2.872906
4465,2.923231
4466,2.973557
4467,2.923231
4468,2.923231
4469,2.923231
4470,3.056565
4471,3.106891
4472,3.240224
4473,3.240224
4474,3.106891
4475,2.923231
4476,2.872906
4477,2.822580
4478,2.872906
4479,3.056565
4480,3.056565
4481,2.923231
4482,2.840224
4483,2.840224
4484,2.789898
4485,3.006239
4486,3.006239
4487,2.923231
4488,3.006239
4489,3.056565
4490,2.840224
4491,2.973557
4492,2.923231
4493,3.006239
4494,2.789898
4495,2.789898
4496,2.549255
4497,2.415922
4498,2.332915
4499,2.415922
4500,2.549255
4501,2.789898
4502,2.789898
4503,2.739572
4504,2.739572
4505,2.789898
4506,2.840224
4507,3.056565
4508,3.056565
4509,3.106891
4510,3.056565
4511,2.923231
4512,2.973557
4513,3.106891
4514,3.056565
4515,3.056565
4516,3.106891
4517,3.106891
4518,3.240224
4519,3.240224
4520,3.240224
4521,3.240224
4522,3.240224
4523,3.240224
4524,3.056565
4525,3.056565
4526,3.006239
4527,3.056565
4528,3.056565
4529,3.189898
4530,3.189898
4531,3.006239
4532,3.006239
4533,2.923231
4534,3.006239
4535,2.872906
4536,2.872906
4537,2.789898
4538,2.789898
4539,2.573557
4540,2.466248
4541,2.706891
4542,2.466248
4543,2.498930
4544,2.365596
4545,2.472906
4546,2.656565
4547,2.689246
4548,2.638921
4549,2.638921
4550,2.689246
4551,2.638921
4552,2.606239
4553,2.789898
4554,2.549255
4555,2.549255
4556,2.656565
4557,2.472906
4558,2.422580
4559,2.606239
4560,2.638921
4561,2.606239
4562,2.549255
4563,2.472906
4564,2.549255
4565,2.599581
4566,2.599581
4567,2.549255
4568,2.365596
4569,2.365596
4570,2.389898
4571,2.173557
4572,2.389898
4573,2.389898
4574,2.523231
4575,2.606239
4576,2.573557
4577,2.523231
4578,2.282589
4579,2.498930
4580,2.498930
4581,2.549255
4582,2.549255
4583,2.656565
4584,2.573557
4585,2.789898
4586,2.789898
4587,2.872906
4588,2.840224
4589,2.789898
4590,2.872906
4591,3.006239
4592,3.006239
4593,3.006239
4594,3.006239
4595,3.006239
4596,3.006239
4597,3.006239
4598,3.006239
4599,3.006239
4600,3.006239
4601,3.056565
4602,3.056565
4603,3.056565
4604,3.056565
4605,3.056565
4606,2.923231
4607,2.923231
4608,3.056565
4609,3.006239
4610,2.789898
4611,2.973557
4612,2.973557
4613,2.973557
4614,3.006239
4615,3.006239
4616,3.056565
4617,3.056565
4618,3.189898
4619,3.189898
4620,3.056565
4621,3.106891
4622,2.973557
4623,2.973557
4624,2.923231
4625,2.706891
4626,2.923231
4627,2.872906
4628,2.923231
4629,2.739572
4630,2.656565
4631,2.656565
4632,2.872906
4633,2.872906
4634,2.872906
4635,2.822580
4636,2.822580
4637,2.822580
4638,2.739572
4639,2.706891
4640,2.706891
4641,2.523231
4642,2.606239
4643,2.689246
4644,2.739572
4645,2.872906
4646,2.872906
4647,2.872906
4648,3.006239
4649,2.923231
4650,3.106891
4651,2.973557
4652,3.056565
4653,3.056565
4654,2.872906
4655,2.872906
4656,2.923231
4657,2.872906
4658,2.739572
4659,2.656565
4660,2.689246
4661,2.606239
4662,2.689246
4663,2.872906
4664,2.872906
4665,2.739572
4666,2.656565
4667,2.656565
4668,2.472906
4669,2.415922
4670,2.415922
4671,2.466248
4672,2.706891
4673,2.840224
4674,2.840224
4675,2.840224
4676,2.923231
4677,2.872906
4678,2.789898
4679,2.739572
4680,2.739572
4681,2.706891
4682,2.923231
4683,2.789898
4684,2.789898
4685,2.789898
4686,2.732915
4687,2.549255
4688,2.415922
4689,2.232263
4690,2.256565
4691,2.472906
4692,2.472906
4693,2.656565
4694,2.656565
4695,2.689246
4696,2.689246
4697,2.872906
4698,3.056565
4699,2.973557
4700,2.840224
4701,2.973557
4702,2.973557
4703,2.973557
4704,3.189898
4705,2.973557
4706,2.973557
4707,3.006239
4708,2.923231
4709,3.006239
4710,3.139572
4711,2.923231
4712,2.789898
4713,2.656565
4714,2.872906
4715,3.056565
4716,2.872906
4717,2.872906
4718,2.872906
4719,3.056565
4720,3.056565
4721,3.056565
4722,2.872906
4723,3.056565
4724,3.106891
4725,3.106891
4726,3.106891
4727,2.923231
4728,2.923231
4729,2.973557
4730,2.923231
4731,3.056565
4732,2.872906
4733,2.840224
4734,2.840224
4735,2.656565
4736,2.706891
4737,2.789898
4738,2.739572
4739,2.739572
4740,2.523231
4741,2.656565
4742,2.656565
4743,2.656565
4744,2.599581
4745,2.599581
4746,2.732915
4747,2.599581
4748,2.732915
4749,2.732915
4750,2.682589
4751,2.549255
4752,2.656565
4753,2.656565
4754,2.656565
4755,2.573557
4756,2.656565
4757,2.840224
4758,2.840224
4759,2.732915
4760,2.866248
4761,2.815922
4762,2.923231
4763,2.706891
4764,2.706891
4765,2.789898
4766,2.872906
4767,2.656565
4768,2.656565
4769,2.656565
4770,2.706891
4771,2.840224
4772,2.789898
4773,2.789898
4774,2.789898
4775,2.789898
4776,2.872906
4777,2.789898
4778,2.973557
4779,2.789898
4780,2.789898
4781,2.549255
4782,2.549255
4783,2.599581
4784,2.549255
4785,2.549255
4786,2.549255
4787,2.656565
4788,2.523231
4789,2.706891
4790,2.739572
4791,2.656565
4792,2.689246
4793,2.689246
4794,2.872906
4795,2.872906
4796,2.689246
4797,2.505587
4798,2.505587
4799,2.422580
4800,2.472906
4801,2.472906
4802,2.389898
4803,2.606239
4804,2.606239
4805,2.656565
4806,2.656565
4807,2.606239
4808,2.606239
4809,2.656565
4810,2.689246
4811,2.689246
4812,2.656565
4813,2.656565
4814,2.656565
4815,2.549255
4816,2.549255
4817,2.549255
4818,2.656565
4819,2.523231
4820,2.555913
4821,2.555913
4822,2.689246
4823,2.689246
4824,2.872906
4825,2.840224
4826,2.973557
4827,2.973557
4828,2.973557
4829,3.106891
4830,2.973557
4831,2.973557
4832,3.189898
4833,3.006239
4834,3.056565
4835,3.056565
4836,3.056565
4837,3.006239
4838,2.822580
4839,2.689246
4840,2.656565
4841,2.739572
4842,2.739572
4843,2.923231
4844,3.056565
4845,3.106891
4846,3.056565
4847,3.056565
4848,3.006239
4849,3.056565
4850,3.056565
4851,3.056565
4852,2.923231
4853,2.872906
4854,3.056565
4855,2.872906
4856,2.872906
4857,2.840224
4858,2.706891
4859,2.656565
4860,2.689246
4861,2.872906
4862,2.872906
4863,2.840224
4864,2.789898
4865,2.789898
4866,2.872906
4867,2.872906
4868,2.872906
4869,2.689246
4870,2.872906
4871,2.689246
4872,2.606239
4873,2.789898
4874,2.872906
4875,2.872906
4876,2.872906
4877,2.789898
4878,2.840224
4879,2.923231
4880,2.923231
4881,2.789898
4882,2.739572
4883,2.739572
4884,2.739572
4885,2.923231
4886,2.923231
4887,2.872906
4888,3.056565
4889,3.056565
4890,3.006239
4891,2.923231
4892,2.789898
4893,2.840224
4894,2.656565
4895,2.656565
4896,2.706891
4897,2.840224
4898,2.973557
4899,2.923231
4900,2.973557
4901,2.973557
4902,2.840224
4903,2.923231
4904,2.923231
4905,3.056565
4906,2.923231
4907,2.872906
4908,2.872906
4909,2.739572
4910,2.689246
4911,2.656565
4912,2.656565
4913,2.656565
4914,2.523231
4915,2.472906
4916,2.389898
4917,2.472906
4918,2.472906
4919,2.472906
4920,2.472906
4921,2.389898
4922,2.440224
4923,2.440224
4924,2.656565
4925,2.656565
4926,2.606239
4927,2.656565
4928,2.656565
4929,2.739572
4930,2.739572
4931,2.923231
4932,3.106891
4933,3.106891
4934,3.056565
4935,3.056565
4936,2.840224
4937,2.789898
4938,2.789898
4939,2.840224
4940,2.840224
4941,2.973557
4942,3.106891
4943,2.866248
4944,2.923231
4945,2.973557
4946,2.840224
4947,2.789898
4948,2.789898
4949,2.840224
4950,2.840224
4951,2.789898
4952,2.789898
4953,2.549255
4954,2.289246
4955,2.105587
4956,2.365596
4957,2.289246
4958,2.289246
4959,2.422580
4960,2.549255
4961,2.549255
4962,2.656565
4963,2.872906
4964,2.923231
4965,2.923231
4966,3.056565
4967,2.872906
4968,2.923231
4969,2.923231
4970,2.872906
4971,2.872906
4972,2.656565
4973,2.549255
4974,2.549255
4975,2.289246
4976,2.289246
4977,2.289246
4978,2.472906
4979,2.732915
4980,2.866248
4981,2.866248
4982,2.973557
4983,2.973557
4984,2.973557
4985,2.840224
4986,2.923231
4987,3.106891
4988,3.056565
4989,3.240224
4990,3.106891
4991,3.056565
4992,3.006239
4993,3.006239
4994,3.006239
4995,3.056565
4996,3.056565
4997,2.872906
4998,2.872906
4999,2.656565
5000,2.789898
5001,2.706891
5002,2.923231
5003,3.006239
5004,3.139572
5005,3.189898
5006,3.189898
5007,3.189898
5008,3.139572
5009,3.189898
5010,3.006239
5011,3.189898
5012,3.240224
5013,3.189898
5014,3.189898
5015,3.006239
5016,2.923231
5017,2.739572
5018,2.789898
5019,2.549255
5020,2.415922
5021,2.656565
5022,2.606239
5023,2.606239
5024,2.638921
5025,2.689246
5026,2.656565
5027,2.789898
5028,2.822580
5029,2.872906
5030,3.056565
5031,3.056565
5032,3.056565
5033,3.006239
5034,2.973557
5035,2.973557
5036,3.056565
5037,3.056565
5038,2.840224
5039,2.706891
5040,2.706891
5041,2.599581
5042,2.599581
5043,2.549255
5044,2.606239
5045,2.573557
5046,2.440224
5047,2.332915
5048,2.365596
5049,2.415922
5050,2.656565
5051,2.573557
5052,2.789898
5053,2.739572
5054,2.523231
5055,2.739572
5056,2.739572
5057,2.822580
5058,2.872906
5059,2.923231
5060,2.872906
5061,2.789898
5062,2.789898
5063,2.682589
5064,2.789898
5065,2.789898
5066,2.606239
5067,2.472906
5068,2.689246
5069,2.656565
5070,2.689246
5071,2.656565
5072,2.656565
5073,2.606239
5074,2.606239
5075,2.606239
5076,2.606239
5077,2.422580
5078,2.606239
5079,2.656565
5080,2.656565
5081,2.739572
5082,2.656565
5083,2.523231
5084,2.555913
5085,2.689246
5086,2.872906
5087,2.840224
5088,2.789898
5089,2.789898
5090,2.923231
5091,2.706891
5092,2.706891
5093,2.706891
5094,2.789898
5095,2.973557
5096,3.006239
5097,2.822580
5098,2.606239
5099,2.822580
5100,2.872906
5101,2.872906
5102,3.056565
5103,3.056565
5104,3.056565
5105,3.006239
5106,2.822580
5107,3.006239
5108,2.973557
5109,3.106891
5110,3.056565
5111,3.056565
5112,2.923231
5113,2.973557
5114,3.056565
5115,2.923231
5116,2.706891
5117,2.840224
5118,2.840224
5119,2.840224
5120,2.923231
5121,2.872906
5122,2.923231
5123,2.923231
5124,2.872906
5125,2.656565
5126,2.573557
5127,2.573557
5128,2.573557
5129,2.656565
5130,2.656565
5131,2.689246
5132,2.689246
5133,2.872906
5134,2.872906
5135,3.056565
5136,2.973557
5137,2.866248
5138,2.999581
5139,2.999581
5140,2.866248
5141,2.682589
5142,2.682589
5143,2.789898
5144,3.006239
5145,3.006239
5146,2.923231
5147,2.973557
5148,2.973557
5149,2.840224
5150,2.840224
5151,2.840224
5152,2.840224
5153,2.656565
5154,2.789898
5155,2.872906
5156,3.056565
5157,3.056565
5158,3.056565
5159,2.973557
5160,3.056565
5161,3.006239
5162,3.056565
5163,3.240224
5164,3.189898
5165,3.056565
5166,3.056565
5167,2.923231
5168,2.872906
5169,3.006239
5170,2.872906
5171,3.056565
5172,3.056565
5173,3.056565
5174,3.056565
5175,3.056565
5176,3.106891
5177,3.106891
5178,3.106891
5179,3.056565
5180,3.056565
5181,3.006239
5182,2.973557
5183,2.973557
5184,2.973557
5185,2.789898
5186,2.872906
5187,2.689246
5188,2.472906
5189,2.505587
5190,2.472906
5191,2.689246
5192,2.822580
5193,2.638921
5194,2.822580
5195,2.822580
5196,2.872906
5197,2.872906
5198,2.822580
5199,2.822580
5200,2.689246
5201,2.872906
5202,3.056565
5203,3.006239
5204,2.955913
5205,2.955913
5206,3.139572
5207,3.006239
5208,2.872906
5209,2.872906
5210,2.872906
5211,2.872906
5212,3.006239
5213,2.789898
5214,2.840224
5215,2.973557
5216,2.973557
5217,2.973557
5218,2.973557
5219,3.006239
5220,2.822580
5221,2.872906
5222,2.739572
5223,2.872906
5224,2.840224
5225,2.840224
5226,2.973557
5227,2.973557
5228,2.789898
5229,2.573557
5230,2.549255
5231,2.606239
5232,2.606239
5233,2.656565
5234,2.789898
5235,2.840224
5236,2.789898
5237,2.789898
5238,2.606239
5239,2.606239
5240,2.656565
5241,2.656565
5242,2.872906
5243,2.923231
5244,2.923231
5245,2.739572
5246,2.872906
5247,3.056565
5248,3.056565
5249,3.056565
5250,3.006239
5251,3.006239
5252,3.006239
5253,3.189898
5254,3.006239
5255,3.056565
5256,3.006239
5257,3.006239
5258,2.822580
5259,2.872906
5260,2.789898
5261,2.789898
5262,2.789898
5263,2.656565
5264,2.706891
5265,2.739572
5266,2.555913
5267,2.555913
5268,2.472906
5269,2.389898
5270,2.573557
5271,2.573557
5272,2.606239
5273,2.606239
5274,2.689246
5275,2.689246
5276,2.656565
5277,2.415922
5278,2.339572
5279,2.472906
5280,2.599581
5281,2.472906
5282,2.472906
5283,2.732915
5284,2.599581
5285,2.599581
5286,2.599581
5287,2.415922
5288,2.656565
5289,2.656565
5290,2.789898
5291,2.789898
5292,3.006239
5293,3.056565
5294,2.973557
5295,3.006239
5296,3.056565
5297,2.872906
5298,2.822580
5299,2.606239
5300,2.606239
5301,2.606239
5302,2.549255
5303,2.606239
5304,2.472906
5305,2.472906
5306,2.440224
5307,2.656565
5308,2.840224
5309,2.840224
5310,2.789898
5311,2.789898
5312,2.706891
5313,2.789898
5314,2.789898
5315,2.789898
5316,2.973557
5317,2.973557
5318,2.789898
5319,2.732915
5320,2.606239
5321,2.422580
5322,2.422580
5323,2.466248
5324,2.573557
5325,2.573557
5326,2.573557
5327,2.706891
5328,2.706891
5329,2.682589
5330,2.815922
5331,2.682589
5332,2.732915
5333,2.732915
5334,2.789898
5335,2.822580
5336,2.739572
5337,2.789898
5338,2.789898
5339,2.606239
5340,2.656565
5341,2.656565
5342,2.656565
5343,2.573557
5344,2.656565
5345,2.872906
5346,2.822580
5347,3.006239
5348,2.789898
5349,2.739572
5350,2.606239
5351,2.472906
5352,2.256565
5353,2.472906
5354,2.472906
5355,2.689246
5356,2.739572
5357,2.656565
5358,2.472906
5359,2.505587
5360,2.505587
5361,2.689246
5362,2.656565
5363,2.789898
5364,2.822580
5365,2.739572
5366,2.739572
5367,2.822580
5368,2.606239
5369,2.606239
5370,2.606239
5371,2.606239
5372,2.822580
5373,2.822580
5374,3.006239
5375,3.139572
5376,2.923231
5377,3.106891
5378,2.973557
5379,3.056565
5380,3.006239
5381,3.056565
5382,3.006239
5383,3.006239
5384,3.006239
5385,3.006239
5386,2.872906
5387,2.872906
5388,2.822580
5389,2.689246
5390,2.505587
5391,2.289246
5392,2.256565
5393,2.149255
5394,2.282589
5395,2.149255
5396,2.332915
5397,2.332915
5398,2.332915
5399,2.549255
5400,2.549255
5401,2.549255
5402,2.472906
5403,2.330125
5404,2.472906
5405,2.472906
5406,2.549255
5407,2.549255
5408,2.549255
5409,2.549255
5410,2.422580
5411,2.422580
5412,2.682589
5413,2.466248
5414,2.466248
5415,2.422580
5416,2.422580
5417,2.422580
5418,2.466248
5419,2.332915
5420,2.332915
5421,2.440224
5422,2.656565
5423,2.739572
5424,2.689246
5425,2.656565
5426,2.472906
5427,2.689246
5428,2.872906
5429,2.872906
5430,2.872906
5431,2.923231
5432,2.872906
5433,2.872906
5434,2.872906
5435,2.822580
5436,2.822580
5437,2.789898
5438,2.682589
5439,2.789898
5440,2.872906
5441,2.689246
5442,2.606239
5443,2.472906
5444,2.440224
5445,2.573557
5446,2.606239
5447,2.573557
5448,2.706891
5449,2.706891
5450,2.840224
5451,2.815922
5452,2.866248
5453,2.866248
5454,2.732915
5455,2.599581
5456,2.840224
5457,2.872906
5458,2.872906
5459,2.872906
5460,2.689246
5461,2.872906
5462,2.923231
5463,3.106891
5464,3.106891
5465,3.240224
5466,3.240224
5467,3.240224
5468,3.189898
5469,3.189898
5470,3.189898
5471,3.189898
5472,3.006239
5473,3.006239
5474,2.923231
5475,2.923231
5476,3.006239
5477,3.056565
5478,2.923231
5479,2.872906
5480,2.872906
5481,2.789898
5482,3.006239
5483,2.955913
5484,3.006239
5485,2.973557
5486,2.840224
5487,2.973557
5488,2.923231
5489,2.923231
5490,2.682589
5491,2.682589
5492,2.739572
5493,2.789898
5494,2.840224
5495,2.923231
5496,2.923231
5497,3.056565
5498,3.056565
5499,3.056565
5500,3.056565
5501,3.189898
5502,3.056565
5503,3.056565
5504,3.006239
5505,2.789898
5506,2.840224
5507,2.599581
5508,2.472906
5509,2.472906
5510,2.732915
5511,2.866248
5512,2.866248
5513,2.732915
5514,2.732915
5515,2.682589
5516,2.682589
5517,2.682589
5518,2.555913
5519,2.815922
5520,2.923231
5521,2.739572
5522,2.822580
5523,2.872906
5524,2.739572
5525,2.739572
5526,2.739572
5527,2.739572
5528,2.739572
5529,2.739572
5530,2.689246
5531,2.739572
5532,2.872906
5533,2.923231
5534,2.923231
5535,2.923231
5536,2.872906
5537,2.656565
5538,2.789898
5539,2.840224
5540,2.923231
5541,2.923231
5542,2.872906
5543,2.822580
5544,2.789898
5545,2.973557
5546,2.840224
5547,2.840224
5548,2.973557
5549,2.973557
5550,2.973557
5551,2.840224
5552,2.973557
5553,2.973557
5554,3.056565
5555,2.872906
5556,3.006239
5557,2.822580
5558,3.006239
5559,3.006239
5560,2.923231
5561,2.789898
5562,2.606239
5563,2.822580
5564,2.606239
5565,2.689246
5566,2.872906
5567,2.822580
5568,2.606239
5569,2.739572
5570,2.739572
5571,2.606239
5572,2.573557
5573,2.656565
5574,2.706891
5575,2.656565
5576,2.549255
5577,2.682589
5578,2.706891
5579,2.523231
5580,2.606239
5581,2.422580
5582,2.472906
5583,2.440224
5584,2.472906
5585,2.555913
5586,2.555913
5587,2.555913
5588,2.689246
5589,2.656565
5590,2.656565
5591,2.789898
5592,2.789898
5593,2.656565
5594,2.872906
5595,2.923231
5596,2.923231
5597,2.923231
5598,3.106891
5599,3.056565
5600,3.056565
5601,2.973557
5602,2.866248
5603,3.106891
5604,2.973557
5605,2.973557
5606,2.789898
5607,2.656565
5608,2.606239
5609,2.523231
5610,2.389898
5611,2.573557
5612,2.573557
5613,2.573557
5614,2.789898
5615,2.789898
5616,2.789898
5617,2.789898
5618,3.006239
5619,2.822580
5620,2.789898
5621,2.706891
5622,2.789898
5623,2.973557
5624,2.789898
5625,2.789898
5626,2.549255
5627,2.573557
5628,2.332915
5629,2.282589
5630,2.022580
5631,2.238921
5632,2.365596
5633,2.498930
5634,2.682589
5635,2.789898
5636,2.682589
5637,2.422580
5638,2.472906
5639,2.732915
5640,2.682589
5641,2.549255
5642,2.656565
5643,2.656565
5644,2.789898
5645,2.822580
5646,2.789898
5647,2.923231
5648,2.866248
5649,2.866248
5650,2.866248
5651,2.866248
5652,2.866248
5653,2.815922
5654,2.555913
5655,2.422580
5656,2.422580
5657,2.330125
5658,2.606239
5659,2.422580
5660,2.606239
5661,2.866248
5662,2.732915
5663,2.789898
5664,2.549255
5665,2.549255
5666,2.656565
5667,2.872906
5668,2.872906
5669,2.923231
5670,2.872906
5671,2.822580
5672,2.789898
5673,2.606239
5674,2.422580
5675,2.422580
5676,2.422580
5677,2.606239
5678,2.739572
5679,2.789898
5680,2.789898
5681,2.872906
5682,2.872906
5683,2.840224
5684,2.840224
5685,2.840224
5686,2.732915
5687,2.732915
5688,2.472906
5689,2.732915
5690,2.973557
5691,2.973557
5692,2.973557
5693,2.732915
5694,2.682589
5695,2.789898
5696,2.682589
5697,2.599581
5698,2.840224
5699,2.923231
5700,2.973557
5701,3.056565
5702,3.006239
5703,3.056565
5704,3.056565
5705,3.006239
5706,3.006239
5707,2.789898
5708,2.923231
5709,2.923231
5710,2.789898
5711,2.789898
5712,2.789898
5713,2.822580
5714,2.822580
5715,2.822580
5716,2.822580
5717,2.822580
5718,2.872906
5719,2.872906
5720,3.056565
5721,3.006239
5722,3.006239
5723,3.189898
5724,3.006239
5725,3.189898
5726,3.189898
5727,3.189898
5728,3.189898
5729,3.056565
5730,2.973557
5731,2.973557
5732,3.106891
5733,2.973557
5734,2.732915
5735,2.682589
5736,2.739572
5737,2.822580
5738,2.872906
5739,2.739572
5740,2.523231
5741,2.656565
5742,2.656565
5743,2.689246
5744,2.689246
5745,2.739572
5746,2.739572
5747,2.923231
5748,2.872906
5749,2.840224
5750,2.840224
5751,2.840224
5752,2.973557
5753,3.106891
5754,3.189898
5755,3.189898
5756,2.973557
5757,2.789898
5758,2.789898
5759,2.573557
5760,2.606239
5761,2.656565
5762,2.739572
5763,2.739572
5764,2.872906
5765,2.872906
5766,2.923231
5767,3.056565
5768,3.056565
5769,3.056565
5770,3.056565
5771,3.006239
5772,3.056565
5773,3.056565
5774,3.056565
5775,2.872906
5776,2.872906
5777,2.872906
5778,2.872906
5779,2.923231
5780,2.872906
5781,2.689246
5782,2.689246
5783,2.689246
5784,2.656565
5785,2.656565
5786,2.739572
5787,2.739572
5788,2.689246
5789,2.739572
5790,2.739572
5791,2.689246
5792,2.872906
5793,2.872906
5794,2.840224
5795,2.840224
5796,2.789898
5797,2.682589
5798,2.422580
5799,2.422580
5800,2.422580
5801,2.422580
5802,2.146466
5803,2.289246
5804,2.289246
5805,2.422580
5806,2.549255
5807,2.682589
5808,2.732915
5809,2.789898
5810,2.549255
5811,2.599581
5812,2.656565
5813,2.689246
5814,2.689246
5815,2.656565
5816,2.739572
5817,2.739572
5818,2.872906
5819,2.872906
5820,2.872906
5821,2.872906
5822,2.689246
5823,2.822580
5824,2.689246
5825,2.689246
5826,2.872906
5827,2.872906
5828,2.872906
5829,2.923231
5830,2.872906
5831,2.840224
5832,2.973557
5833,2.973557
5834,2.973557
5835,2.973557
5836,2.732915
5837,2.599581
5838,2.732915
5839,2.789898
5840,2.822580
5841,2.872906
5842,2.840224
5843,2.706891
5844,2.840224
5845,3.056565
5846,3.006239
5847,3.139572
5848,3.189898
5849,3.006239
5850,3.006239
5851,2.789898
5852,2.732915
5853,2.732915
5854,2.732915
5855,2.599581
5856,2.656565
5857,2.656565
5858,2.656565
5859,2.472906
5860,2.415922
5861,2.232263
5862,2.365596
5863,2.365596
5864,2.389898
5865,2.606239
5866,2.606239
5867,2.523231
5868,2.389898
5869,2.389898
5870,2.173557
5871,2.149255
5872,2.389898
5873,2.472906
5874,2.656565
5875,2.606239
5876,2.606239
5877,2.822580
5878,3.006239
5879,3.056565
5880,3.106891
5881,3.106891
5882,3.056565
5883,3.056565
5884,2.923231
5885,2.872906
5886,2.689246
5887,2.872906
5888,3.056565
5889,3.056565
5890,2.973557
5891,2.789898
5892,2.840224
5893,2.923231
5894,2.739572
5895,2.739572
5896,2.923231
5897,2.706891
5898,2.599581
5899,2.732915
5900,2.549255
5901,2.682589
5902,2.815922
5903,2.739572
5904,2.866248
5905,2.732915
5906,2.789898
5907,2.656565
5908,2.656565
5909,2.872906
5910,2.789898
5911,2.789898
5912,2.822580
5913,2.872906
5914,2.840224
5915,2.789898
5916,3.006239
5917,2.872906
5918,3.056565
5919,3.056565
5920,3.189898
5921,3.056565
5922,2.923231
5923,2.739572
5924,2.789898
5925,2.739572
5926,2.923231
5927,2.840224
5928,2.840224
5929,2.732915
5930,2.732915
5931,2.732915
5932,2.682589
5933,2.789898
5934,2.840224
5935,2.973557
5936,2.866248
5937,2.923231
5938,2.789898
5939,2.606239
5940,2.606239
5941,2.689246
5942,2.656565
5943,2.573557
5944,2.523231
5945,2.706891
5946,2.923231
5947,2.866248
5948,2.682589
5949,2.789898
5950,2.789898
5951,2.789898
5952,2.872906
5953,2.872906
5954,2.872906
5955,3.056565
5956,3.056565
5957,2.872906
5958,2.872906
5959,2.923231
5960,3.056565
5961,2.872906
5962,2.872906
5963,3.006239
5964,2.872906
5965,3.056565
5966,3.106891
5967,3.056565
5968,3.056565
5969,3.056565
5970,2.872906
5971,2.656565
5972,2.440224
5973,2.573557
5974,2.573557
5975,2.706891
5976,2.789898
5977,2.706891
5978,2.923231
5979,3.106891
5980,2.973557
5981,2.973557
5982,2.973557
5983,3.106891
5984,2.973557
5985,3.056565
5986,2.923231
5987,2.973557
5988,2.973557
5989,2.923231
5990,3.056565
5991,3.006239
5992,2.872906
5993,2.923231
5994,2.923231
5995,2.872906
5996,2.840224
5997,2.840224
5998,2.840224
5999,2.840224
6000,2.923231
6001,3.056565
6002,3.056565
6003,2.973557
6004,2.923231
6005,2.866248
6006,3.106891
6007,3.106891
6008,2.973557
6009,2.973557
6010,3.006239
6011,2.973557
6012,2.789898
6013,2.789898
6014,2.840224
6015,2.923231
6016,3.056565
6017,2.872906
6018,2.872906
6019,2.789898
6020,2.656565
6021,2.523231
6022,2.656565
6023,2.656565
6024,2.656565
6025,2.656565
6026,2.656565
6027,2.549255
6028,2.682589
6029,2.682589
6030,2.732915
6031,2.840224
6032,2.840224
6033,2.840224
6034,2.840224
6035,3.056565
6036,3.056565
6037,2.973557
6038,2.732915
6039,2.840224
6040,2.923231
6041,2.923231
6042,2.923231
6043,2.923231
6044,2.872906
6045,2.689246
6046,2.739572
6047,2.689246
6048,2.472906
6049,2.689246
6050,2.872906
6051,2.872906
6052,3.006239
6053,2.872906
6054,2.872906
6055,2.872906
6056,2.872906
6057,2.872906
6058,2.789898
6059,2.923231
6060,2.923231
6061,2.789898
6062,2.656565
6063,2.606239
6064,2.656565
6065,2.656565
6066,2.656565
6067,2.573557
6068,2.706891
6069,2.706891
6070,2.573557
6071,2.606239
6072,2.789898
6073,2.682589
6074,2.923231
6075,2.706891
6076,2.573557
6077,2.789898
6078,2.789898
6079,2.789898
6080,2.656565
6081,2.872906
6082,2.872906
6083,2.840224
6084,2.872906
6085,2.872906
6086,2.872906
6087,2.872906
6088,2.656565
6089,2.440224
6090,2.573557
6091,2.656565
6092,2.789898
6093,2.840224
6094,2.840224
6095,2.840224
6096,2.656565
6097,2.656565
6098,2.656565
6099,2.840224
6100,2.840224
6101,2.923231
6102,2.739572
6103,2.706891
6104,2.599581
6105,2.599581
6106,2.732915
6107,2.732915
6108,2.599581
6109,2.472906
6110,2.732915
6111,2.732915
6112,2.606239
6113,2.606239
6114,2.555913
6115,2.422580
6116,2.206239
6117,2.282589
6118,2.523231
6119,2.739572
6120,2.706891
6121,2.466248
6122,2.466248
6123,2.332915
6124,2.573557
6125,2.706891
6126,2.789898
6127,2.872906
6128,2.872906
6129,3.056565
6130,3.006239
6131,3.006239
6132,2.789898
6133,2.789898
6134,2.706891
6135,2.706891
6136,2.573557
6137,2.573557
6138,2.656565
6139,2.789898
6140,2.739572
6141,2.789898
6142,3.006239
6143,3.006239
6144,3.006239
6145,2.973557
6146,2.973557
6147,2.923231
6148,2.923231
6149,2.789898
6150,2.549255
6151,2.682589
6152,2.923231
6153,2.973557
6154,2.923231
6155,3.006239
6156,3.006239
6157,2.872906
6158,2.872906
6159,3.056565
6160,2.973557
6161,2.973557
6162,3.056565
6163,2.923231
6164,3.056565
6165,3.006239
6166,3.006239
6167,2.955913
6168,3.006239
6169,3.006239
6170,2.789898
6171,2.789898
6172,2.872906
6173,2.840224
6174,2.789898
6175,2.739572
6176,2.498930
6177,2.498930
6178,2.498930
6179,2.282589
6180,2.365596
6181,2.105587
6182,2.365596
6183,2.282589
6184,2.389898
6185,2.606239
6186,2.606239
6187,2.606239
6188,2.573557
6189,2.573557
6190,2.789898
6191,2.682589
6192,2.682589
6193,2.732915
6194,2.732915
6195,2.606239
6196,2.472906
6197,2.599581
6198,2.415922
6199,2.472906
6200,2.472906
6201,2.472906
6202,2.422580
6203,2.606239
6204,2.689246
6205,2.689246
6206,2.822580
6207,2.872906
6208,2.923231
6209,2.872906
6210,2.840224
6211,2.840224
6212,2.840224
6213,2.840224
6214,2.656565
6215,2.689246
6216,2.555913
6217,2.739572
6218,2.872906
6219,3.056565
6220,3.056565
6221,3.056565
6222,3.056565
6223,3.006239
6224,2.872906
6225,2.872906
6226,2.840224
6227,2.789898
6228,2.739572
6229,2.606239
6230,2.606239
6231,2.472906
6232,2.656565
6233,2.606239
6234,2.573557
6235,2.573557
6236,2.789898
6237,2.789898
6238,2.789898
6239,2.789898
6240,2.732915
6241,2.732915
6242,2.866248
6243,2.732915
6244,2.866248
6245,2.999581
6246,3.106891
6247,3.106891
6248,3.189898
6249,3.240224
6250,3.056565
6251,2.872906
6252,2.840224
6253,2.840224
6254,2.789898
6255,2.789898
6256,2.739572
6257,2.955913
6258,2.955913
6259,2.955913
6260,2.955913
6261,2.739572
6262,2.739572
6263,2.923231
6264,2.789898
6265,2.706891
6266,2.923231
6267,2.739572
6268,2.739572
6269,2.822580
6270,2.872906
6271,3.006239
6272,3.006239
6273,2.872906
6274,3.056565
6275,2.872906
6276,2.872906
6277,2.789898
6278,2.973557
6279,3.006239
6280,3.006239
6281,3.056565
6282,3.056565
6283,2.872906
6284,2.923231
6285,2.923231
6286,2.923231
6287,2.739572
6288,2.739572
6289,2.872906
6290,2.872906
6291,2.872906
6292,3.056565
6293,3.006239
6294,3.006239
6295,3.006239
6296,3.006239
6297,3.006239
6298,3.006239
6299,2.822580
6300,2.822580
6301,2.955913
6302,2.955913
6303,3.006239
6304,2.923231
6305,2.789898
6306,2.789898
6307,2.822580
6308,3.006239
6309,3.006239
6310,3.006239
6311,2.789898
6312,2.549255
6313,2.682589
6314,2.549255
6315,2.549255
6316,2.682589
6317,2.706891
6318,2.706891
6319,2.466248
6320,2.466248
6321,2.682589
6322,2.498930
6323,2.682589
6324,2.732915
6325,2.599581
6326,2.549255
6327,2.415922
6328,2.415922
6329,2.415922
6330,2.472906
6331,2.606239
6332,2.606239
6333,2.498930
6334,2.498930
6335,2.498930
6336,2.466248
6337,2.549255
6338,2.549255
6339,2.365596
6340,2.549255
6341,2.549255
6342,2.549255
6343,2.606239
6344,2.822580
6345,2.872906
6346,2.789898
6347,2.872906
6348,2.923231
6349,2.923231
6350,2.923231
6351,2.923231
6352,3.106891
6353,3.056565
6354,3.189898
6355,3.189898
6356,3.240224
6357,3.056565
6358,3.056565
6359,2.973557
6360,3.006239
6361,3.006239
6362,3.006239
6363,3.056565
6364,3.056565
6365,3.056565
6366,3.189898
6367,3.240224
6368,3.106891
6369,3.106891
6370,3.106891
6371,3.106891
6372,3.056565
6373,3.189898
6374,3.056565
6375,2.840224
6376,2.840224
6377,2.840224
6378,2.599581
6379,2.599581
6380,2.339572
6381,2.472906
6382,2.599581
6383,2.472906
6384,2.472906
6385,2.472906
6386,2.339572
6387,2.599581
6388,2.599581
6389,2.339572
6390,2.415922
6391,2.332915
6392,2.573557
6393,2.656565
6394,2.656565
6395,2.656565
6396,2.689246
6397,2.689246
6398,2.739572
6399,2.739572
6400,2.739572
6401,2.739572
6402,2.656565
6403,2.656565
6404,2.689246
6405,2.606239
6406,2.606239
6407,2.739572
6408,2.789898
6409,2.789898
6410,2.840224
6411,2.973557
6412,3.006239
6413,2.789898
6414,2.739572
6415,2.606239
6416,2.656565
6417,2.656565
6418,2.656565
6419,2.656565
6420,2.656565
6421,2.656565
6422,2.789898
6423,2.973557
6424,2.789898
6425,2.923231
6426,3.139572
6427,3.139572
6428,3.139572
6429,3.006239
6430,2.973557
6431,2.732915
6432,2.599581
6433,2.549255
6434,2.789898
6435,2.872906
6436,2.689246
6437,2.689246
6438,2.822580
6439,2.822580
6440,2.872906
6441,3.056565
6442,2.923231
6443,2.973557
6444,3.106891
6445,3.056565
6446,2.923231
6447,3.106891
6448,3.106891
6449,3.106891
6450,3.106891
6451,3.106891
6452,3.240224
6453,3.240224
6454,3.106891
6455,3.056565
6456,3.056565
6457,3.006239
6458,3.006239
6459,2.973557
6460,2.789898
6461,2.656565
6462,2.549255
6463,2.466248
6464,2.706891
6465,2.789898
6466,2.789898
6467,2.872906
6468,2.872906
6469,2.689246
6470,2.689246
6471,2.689246
6472,2.872906
6473,2.923231
6474,2.923231
6475,2.973557
6476,2.923231
6477,2.706891
6478,2.656565
6479,2.549255
6480,2.549255
6481,2.289246
6482,2.365596
6483,2.289246
6484,2.289246
6485,2.415922
6486,2.549255
6487,2.549255
6488,2.549255
6489,2.732915
6490,2.732915
6491,2.840224
6492,2.872906
6493,2.872906
6494,2.840224
6495,3.056565
6496,3.056565
6497,3.056565
6498,3.056565
6499,2.923231
6500,2.872906
6501,2.689246
6502,2.555913
6503,2.555913
6504,2.739572
6505,2.872906
6506,3.006239
6507,2.789898
6508,2.789898
6509,2.706891
6510,2.706891
6511,2.706891
6512,2.739572
6513,2.739572
6514,2.822580
6515,2.689246
6516,2.872906
6517,2.840224
6518,2.872906
6519,2.872906
6520,2.872906
6521,2.689246
6522,2.689246
6523,2.689246
6524,2.656565
6525,2.789898
6526,3.006239
6527,2.973557
6528,2.973557
6529,2.923231
6530,3.006239
6531,2.822580
6532,2.872906
6533,2.872906
6534,2.872906
6535,2.872906
6536,2.656565
6537,2.656565
6538,2.689246
6539,2.656565
6540,2.523231
6541,2.440224
6542,2.656565
6543,2.656565
6544,2.606239
6545,2.365596
6546,2.549255
6547,2.682589
6548,2.732915
6549,2.682589
6550,2.789898
6551,2.549255
6552,2.789898
6553,2.682589
6554,2.789898
6555,2.973557
6556,2.840224
6557,2.973557
6558,2.973557
6559,2.866248
6560,2.973557
6561,2.973557
6562,2.789898
6563,2.789898
6564,2.606239
6565,2.606239
6566,2.606239
6567,2.656565
6568,2.599581
6569,2.656565
6570,2.415922
6571,2.365596
6572,2.415922
6573,2.332915
6574,2.332915
6575,2.573557
6576,2.573557
6577,2.573557
6578,2.706891
6579,2.923231
6580,3.006239
6581,3.056565
6582,3.106891
6583,3.106891
6584,3.240224
6585,3.056565
6586,2.923231
6587,2.872906
6588,2.656565
6589,2.840224
6590,3.056565
6591,3.106891
6592,3.106891
6593,3.106891
6594,3.056565
6595,3.006239
6596,2.973557
6597,3.006239
6598,2.822580
6599,2.872906
6600,2.923231
6601,3.056565
6602,3.056565
6603,3.189898
6604,3.056565
6605,3.056565
6606,3.006239
6607,3.189898
6608,3.189898
6609,3.106891
6610,3.106891
6611,2.973557
6612,2.923231
6613,3.006239
6614,3.006239
6615,2.872906
6616,2.923231
6617,2.739572
6618,2.656565
6619,2.656565
6620,2.472906
6621,2.472906
6622,2.505587
6623,2.472906
6624,2.656565
6625,2.656565
6626,2.739572
6627,2.739572
6628,2.739572
6629,2.706891
6630,2.789898
6631,2.923231
6632,2.923231
6633,2.872906
6634,2.872906
6635,3.056565
6636,2.840224
6637,2.872906
6638,2.923231
6639,3.056565
6640,3.189898
6641,3.189898
6642,3.189898
6643,3.139572
6644,3.106891
6645,2.973557
6646,2.789898
6647,2.840224
6648,2.840224
6649,2.872906
6650,2.872906
6651,2.872906
6652,2.923231
6653,2.923231
6654,2.923231
6655,2.840224
6656,2.789898
6657,2.840224
6658,2.732915
6659,2.549255
6660,2.549255
6661,2.422580
6662,2.279799
6663,2.422580
6664,2.422580
6665,2.422580
6666,2.422580
6667,2.472906
6668,2.732915
6669,2.732915
6670,2.789898
6671,2.789898
6672,2.656565
6673,2.689246
6674,2.656565
6675,2.656565
6676,2.599581
6677,2.549255
6678,2.289246
6679,2.422580
6680,2.206239
6681,2.466248
6682,2.573557
6683,2.332915
6684,2.206239
6685,2.225605
6686,2.225605
6687,2.466248
6688,2.422580
6689,2.549255
6690,2.549255
6691,2.789898
6692,2.789898
6693,3.006239
6694,3.006239
6695,3.056565
6696,3.006239
6697,2.872906
6698,2.872906
6699,2.822580
6700,2.822580
6701,2.789898
6702,2.822580
6703,2.606239
6704,2.389898
6705,2.206239
6706,2.422580
6707,2.422580
6708,2.606239
6709,2.606239
6710,2.822580
6711,2.606239
6712,2.789898
6713,2.840224
6714,2.789898
6715,2.872906
6716,2.840224
6717,2.872906
6718,2.872906
6719,3.056565
6720,2.872906
6721,2.923231
6722,2.872906
6723,2.739572
6724,2.689246
6725,2.872906
6726,2.822580
6727,2.739572
6728,2.606239
6729,2.606239
6730,2.822580
6731,2.822580
6732,2.739572
6733,2.606239
6734,2.549255
6735,2.549255
6736,2.656565
6737,2.523231
6738,2.739572
6739,2.739572
6740,2.689246
6741,2.872906
6742,2.872906
6743,2.923231
6744,2.872906
6745,2.872906
6746,3.056565
6747,3.006239
6748,3.006239
6749,3.006239
6750,3.006239
6751,3.006239
6752,2.955913
6753,2.955913
6754,2.822580
6755,2.689246
6756,2.739572
6757,2.872906
6758,3.056565
6759,3.006239
6760,3.006239
6761,2.789898
6762,2.789898
6763,2.789898
6764,2.789898
6765,2.872906
6766,2.822580
6767,2.822580
6768,2.822580
6769,2.822580
6770,2.822580
6771,2.689246
6772,2.689246
6773,2.505587
6774,2.505587
6775,2.472906
6776,2.389898
6777,2.606239
6778,2.789898
6779,2.789898
6780,2.682589
6781,2.682589
6782,2.732915
6783,2.732915
6784,2.866248
6785,2.973557
6786,2.973557
6787,2.789898
6788,2.682589
6789,2.739572
6790,2.739572
6791,2.498930
6792,2.282589
6793,2.282589
6794,2.282589
6795,2.365596
6796,2.365596
6797,2.415922
6798,2.523231
6799,2.472906
6800,2.689246
6801,2.689246
6802,2.606239
6803,2.739572
6804,2.706891
6805,2.706891
6806,2.706891
6807,2.706891
6808,2.706891
6809,2.923231
6810,2.789898
6811,2.872906
6812,2.872906
6813,2.923231
6814,2.872906
6815,2.789898
6816,2.923231
6817,2.706891
6818,2.573557
6819,2.706891
6820,2.466248
6821,2.573557
6822,2.606239
6823,2.656565
6824,2.706891
6825,2.739572
6826,2.739572
6827,2.739572
6828,2.656565
6829,2.573557
6830,2.523231
6831,2.523231
6832,2.523231
6833,2.606239
6834,2.822580
6835,2.689246
6836,2.822580
6837,2.689246
6838,2.689246
6839,2.739572
6840,2.656565
6841,2.872906
6842,2.840224
6843,2.840224
6844,2.840224
6845,2.973557
6846,2.789898
6847,2.923231
6848,2.923231
6849,2.923231
6850,2.923231
6851,3.006239
6852,3.056565
6853,3.056565
6854,3.056565
6855,3.106891
6856,3.056565
6857,2.872906
6858,2.872906
6859,2.872906
6860,2.822580
6861,2.789898
6862,2.822580
6863,2.822580
6864,2.606239
6865,2.606239
6866,2.656565
6867,2.840224
6868,2.840224
6869,2.973557
6870,2.789898
6871,2.656565
6872,2.656565
6873,2.549255
6874,2.549255
6875,2.365596
6876,2.498930
6877,2.549255
6878,2.549255
6879,2.422580
6880,2.238921
6881,2.289246
6882,2.549255
6883,2.656565
6884,2.706891
6885,2.923231
6886,2.872906
6887,2.872906
6888,2.822580
6889,2.822580
6890,2.822580
6891,2.789898
6892,2.732915
6893,2.599581
6894,2.732915
6895,2.732915
6896,2.732915
6897,2.840224
6898,2.973557
6899,3.006239
6900,2.923231
6901,2.923231
6902,2.923231
6903,2.973557
6904,2.789898
6905,2.789898
6906,2.739572
6907,2.606239
6908,2.638921
6909,2.822580
6910,2.872906
6911,2.739572
6912,2.923231
6913,2.923231
6914,2.872906
6915,2.872906
6916,2.872906
6917,2.789898
6918,2.840224
6919,2.840224
6920,2.840224
6921,2.973557
6922,2.973557
6923,2.789898
6924,3.006239
6925,3.006239
6926,3.006239
6927,2.923231
6928,2.789898
6929,2.789898
6930,2.606239
6931,2.606239
6932,2.422580
6933,2.606239
6934,2.656565
6935,2.472906
6936,2.472906
6937,2.472906
6938,2.472906
6939,2.656565
6940,2.656565
6941,2.706891
6942,2.840224
6943,2.872906
6944,2.872906
6945,2.872906
6946,2.689246
6947,2.505587
6948,2.505587
6949,2.505587
6950,2.472906
6951,2.365596
6952,2.365596
6953,2.549255
6954,2.732915
6955,2.682589
6956,2.789898
6957,2.656565
6958,2.689246
6959,2.872906
6960,2.872906
6961,2.872906
6962,2.739572
6963,2.872906
6964,2.872906
6965,2.872906
6966,2.872906
6967,2.789898
6968,2.573557
6969,2.789898
6970,2.739572
6971,2.923231
6972,3.106891
6973,3.106891
6974,3.189898
6975,3.189898
6976,3.056565
6977,2.872906
6978,2.739572
6979,2.739572
6980,2.923231
6981,3.056565
6982,2.840224
6983,2.789898
6984,2.822580
6985,2.789898
6986,2.789898
6987,2.840224
6988,2.656565
6989,2.656565
6990,2.656565
6991,2.573557
6992,2.523231
6993,2.523231
6994,2.498930
6995,2.523231
6996,2.282589
6997,2.498930
6998,2.498930
6999,2.498930
7000,2.549255
7001,2.549255
7002,2.656565
7003,2.739572
7004,2.689246
7005,2.606239
7006,2.606239
7007,2.606239
7008,2.739572
7009,2.789898
7010,2.606239
7011,2.789898
7012,2.789898
7013,2.789898
7014,2.872906
7015,2.923231
7016,2.923231
7017,2.973557
7018,3.106891
7019,3.106891
7020,3.106891
7021,3.106891
7022,3.056565
7023,3.056565
7024,3.056565
7025,3.056565
7026,3.189898
7027,3.056565
7028,3.006239
7029,2.872906
7030,2.872906
7031,2.872906
7032,2.923231
7033,3.056565
7034,3.006239
7035,2.822580
7036,2.789898
7037,2.656565
7038,2.840224
7039,2.840224
7040,2.706891
7041,2.923231
7042,2.923231
7043,2.923231
7044,3.106891
7045,3.106891
7046,3.106891
7047,3.240224
7048,3.189898
7049,3.189898
7050,3.056565
7051,3.056565
7052,3.006239
7053,3.006239
7054,3.056565
7055,3.056565
7056,3.056565
7057,3.056565
7058,2.923231
7059,2.872906
7060,2.872906
7061,3.056565
7062,2.872906
7063,2.840224
7064,2.973557
7065,2.840224
7066,3.056565
7067,3.056565
7068,3.056565
7069,3.006239
7070,3.056565
7071,2.923231
7072,2.872906
7073,2.872906
7074,2.789898
7075,2.923231
7076,2.682589
7077,2.815922
7078,2.682589
7079,2.789898
7080,2.840224
7081,2.706891
7082,2.739572
7083,2.656565
7084,2.573557
7085,2.549255
7086,2.549255
7087,2.289246
7088,2.415922
7089,2.415922
7090,2.365596
7091,2.422580
7092,2.422580
7093,2.289246
7094,2.232263
7095,2.415922
7096,2.599581
7097,2.549255
7098,2.656565
7099,2.656565
7100,2.689246
7101,2.689246
7102,2.872906
7103,2.872906
7104,3.006239
7105,3.056565
7106,3.189898
7107,3.189898
7108,3.189898
7109,3.189898
7110,3.189898
7111,3.240224
7112,3.240224
7113,3.240224
7114,3.240224
7115,3.240224
7116,3.056565
7117,3.189898
7118,3.189898
7119,3.106891
7120,3.189898
7121,3.006239
7122,2.789898
7123,2.606239
7124,2.822580
7125,2.822580
7126,2.789898
7127,2.789898
7128,2.789898
7129,2.872906
7130,2.872906
7131,2.923231
7132,2.739572
7133,2.656565
7134,2.606239
7135,2.606239
7136,2.822580
7137,2.872906
7138,2.872906
7139,2.840224
7140,2.656565
7141,2.706891
7142,2.706891
7143,2.656565
7144,2.606239
7145,2.822580
7146,2.872906
7147,2.872906
7148,2.923231
7149,2.923231
7150,2.923231
7151,2.923231
7152,3.106891
7153,3.056565
7154,2.872906
7155,2.872906
7156,2.822580
7157,2.789898
7158,2.822580
7159,2.872906
7160,2.923231
7161,2.923231
7162,3.056565
7163,3.056565
7164,3.056565
7165,2.973557
7166,3.189898
7167,3.056565
7168,3.056565
7169,3.056565
7170,2.872906
7171,2.923231
7172,2.872906
7173,3.056565
7174,2.973557
7175,2.973557
7176,2.840224
7177,2.872906
7178,2.872906
7179,2.872906
7180,2.872906
7181,2.872906
7182,2.872906
7183,2.872906
7184,2.923231
7185,2.872906
7186,2.840224
7187,2.840224
7188,2.840224
7189,2.732915
7190,2.866248
7191,2.973557
7192,2.789898
7193,2.789898
7194,2.923231
7195,3.006239
7196,3.006239
7197,2.872906
7198,2.923231
7199,2.872906
7200,3.056565
7201,3.006239
7202,3.006239
7203,2.923231
7204,2.789898
7205,3.006239
7206,2.822580
7207,2.638921
7208,2.422580
7209,2.606239
7210,2.549255
7211,2.549255
7212,2.549255
7213,2.573557
7214,2.656565
7215,2.415922
7216,2.549255
7217,2.656565
7218,2.656565
7219,2.549255
7220,2.549255
7221,2.682589
7222,2.923231
7223,2.973557
7224,2.789898
7225,2.789898
7226,2.789898
7227,2.789898
7228,2.872906
7229,2.656565
7230,2.872906
7231,2.822580
7232,2.739572
7233,2.498930
7234,2.549255
7235,2.606239
7236,2.739572
7237,2.789898
7238,2.789898
7239,2.789898
7240,2.682589
7241,2.682589
7242,2.732915
7243,2.840224
7244,2.789898
7245,2.840224
7246,2.872906
7247,2.872906
7248,2.872906
7249,2.872906
7250,2.689246
7251,2.689246
7252,2.822580
7253,2.739572
7254,2.822580
7255,2.606239
7256,2.656565
7257,2.689246
7258,2.689246
7259,2.656565
7260,2.656565
7261,2.789898
7262,2.973557
7263,2.789898
7264,2.656565
7265,2.689246
7266,2.689246
7267,2.689246
7268,2.872906
7269,3.056565
7270,3.189898
7271,3.189898
7272,3.189898
7273,3.139572
7274,2.955913
7275,2.739572
7276,2.706891
7277,2.706891
7278,2.706891
7279,2.840224
7280,2.706891
7281,2.466248
7282,2.498930
7283,2.498930
7284,2.498930
7285,2.523231
7286,2.739572
7287,2.739572
7288,2.739572
7289,2.682589
7290,2.682589
7291,2.682589
7292,2.682589
7293,2.682589
7294,2.498930
7295,2.606239
7296,2.606239
7297,2.689246
7298,2.739572
7299,2.872906
7300,3.056565
7301,3.106891
7302,3.106891
7303,3.056565
7304,2.840224
7305,2.732915
7306,2.732915
7307,2.599581
7308,2.732915
7309,2.732915
7310,2.840224
7311,2.840224
7312,2.840224
7313,2.973557
7314,2.973557
7315,2.973557
7316,2.923231
7317,2.815922
7318,2.923231
7319,2.923231
7320,2.973557
7321,2.973557
7322,2.973557
7323,2.789898
7324,2.789898
7325,2.739572
7326,2.682589
7327,2.789898
7328,2.606239
7329,2.606239
7330,2.606239
7331,2.689246
7332,2.689246
7333,2.822580
7334,3.006239
7335,2.789898
7336,2.606239
7337,2.573557
7338,2.573557
7339,2.656565
7340,2.789898
7341,2.822580
7342,2.872906
7343,2.872906
7344,2.923231
7345,2.923231
7346,2.840224
7347,2.789898
7348,2.789898
7349,2.822580
7350,2.822580
7351,2.872906
7352,3.006239
7353,3.056565
7354,2.840224
7355,2.840224
7356,2.973557
7357,2.973557
7358,2.789898
7359,2.789898
7360,3.006239
7361,3.056565
7362,3.056565
7363,2.973557
7364,3.056565
7365,2.872906
7366,3.006239
7367,2.923231
7368,3.006239
7369,3.056565
7370,3.006239
7371,3.006239
7372,3.006239
7373,3.006239
7374,3.139572
7375,2.923231
7376,2.923231
7377,2.840224
7378,2.706891
7379,2.789898
7380,2.822580
7381,2.822580
7382,2.789898
7383,2.973557
7384,3.056565
7385,3.006239
7386,3.056565
7387,3.056565
7388,3.056565
7389,3.056565
7390,3.056565
7391,3.189898
7392,3.006239
7393,3.056565
7394,3.056565
7395,3.006239
7396,3.056565
7397,2.923231
7398,2.872906
7399,2.872906
7400,3.056565
7401,2.872906
7402,2.872906
7403,2.789898
7404,2.789898
7405,2.840224
7406,2.656565
7407,2.872906
7408,2.872906
7409,2.872906
7410,3.006239
7411,3.006239
7412,3.139572
7413,3.006239
7414,3.006239
7415,3.189898
7416,3.189898
7417,3.240224
7418,3.056565
7419,2.872906
7420,2.789898
7421,2.682589
7422,2.549255
7423,2.789898
7424,2.573557
7425,2.440224
7426,2.573557
7427,2.789898
7428,2.872906
7429,2.872906
7430,3.006239
7431,3.006239
7432,3.056565
7433,3.240224
7434,3.189898
7435,3.189898
7436,3.189898
7437,3.189898
7438,3.056565
7439,2.973557
7440,2.789898
7441,2.656565
7442,2.872906
7443,2.923231
7444,2.840224
7445,2.656565
7446,2.656565
7447,2.656565
7448,2.706891
7449,2.656565
7450,2.872906
7451,2.872906
7452,2.872906
7453,2.872906
7454,2.689246
7455,2.739572
7456,2.739572
7457,2.923231
7458,2.872906
7459,2.789898
7460,2.789898
7461,2.549255
7462,2.549255
7463,2.656565
7464,2.549255
7465,2.599581
7466,2.339572
7467,2.339572
7468,2.339572
7469,2.599581
7470,2.599581
7471,2.549255
7472,2.549255
7473,2.549255
7474,2.656565
7475,2.789898
7476,2.822580
7477,3.006239
7478,2.872906
7479,2.872906
7480,2.739572
7481,2.656565
7482,2.656565
7483,2.656565
7484,2.656565
7485,2.656565
7486,2.472906
7487,2.555913
7488,2.739572
7489,2.789898
7490,2.739572
7491,2.739572
7492,2.739572
7493,2.689246
7494,2.872906
7495,2.872906
7496,2.872906
7497,3.006239
7498,2.955913
7499,2.739572
7500,2.606239
7501,2.789898
7502,2.606239
7503,2.689246
7504,2.872906
7505,2.872906
7506,2.789898
7507,2.840224
7508,2.840224
7509,2.789898
7510,2.789898
7511,2.822580
7512,2.822580
7513,2.872906
7514,2.822580
7515,2.872906
7516,2.872906
7517,3.006239
7518,3.189898
7519,3.189898
7520,3.056565
7521,2.923231
7522,2.923231
7523,2.973557
7524,2.923231
7525,2.923231
7526,2.872906
7527,2.872906
7528,2.872906
7529,3.006239
7530,2.822580
7531,2.822580
7532,2.739572
7533,2.706891
7534,2.523231
7535,2.389898
7536,2.332915
7537,2.549255
7538,2.415922
7539,2.549255
7540,2.789898
7541,2.923231
7542,3.006239
7543,3.056565
7544,3.056565
7545,3.006239
7546,3.056565
7547,3.006239
7548,3.006239
7549,3.056565
7550,3.006239
7551,2.872906
7552,2.872906
7553,3.056565
7554,2.872906
7555,2.656565
7556,2.656565
7557,2.789898
7558,2.732915
7559,2.840224
7560,3.056565
7561,3.056565
7562,2.872906
7563,2.739572
7564,2.739572
7565,2.923231
7566,2.923231
7567,2.923231
7568,2.840224
7569,2.789898
7570,2.739572
7571,2.739572
7572,2.822580
7573,2.822580
7574,2.822580
7575,2.822580
7576,2.689246
7577,2.739572
7578,2.739572
7579,2.923231
7580,3.106891
7581,3.056565
7582,3.056565
7583,3.056565
7584,3.006239
7585,3.006239
7586,3.056565
7587,2.973557
7588,2.840224
7589,2.706891
7590,2.739572
7591,2.689246
7592,2.689246
7593,2.606239
7594,2.656565
7595,2.549255
7596,2.549255
7597,2.599581
7598,2.599581
7599,2.599581
7600,2.732915
7601,2.732915
7602,2.840224
7603,2.840224
7604,2.789898
7605,2.739572
7606,2.789898
7607,2.656565
7608,2.689246
7609,2.689246
7610,2.872906
7611,2.789898
7612,2.789898
7613,2.789898
7614,2.656565
7615,2.656565
7616,2.606239
7617,2.789898
7618,2.732915
7619,2.732915
7620,2.732915
7621,2.973557
7622,2.973557
7623,3.189898
7624,3.189898
7625,3.006239
7626,3.189898
7627,3.189898
7628,3.240224
7629,3.189898
7630,2.973557
7631,2.973557
7632,3.106891
7633,3.189898
7634,3.189898
7635,3.189898
7636,3.056565
7637,2.923231
7638,2.872906
7639,2.656565
7640,2.606239
7641,2.789898
7642,2.789898
7643,2.789898
7644,2.973557
7645,2.923231
7646,3.006239
7647,3.006239
7648,3.006239
7649,2.789898
7650,2.840224
7651,2.656565
7652,2.689246
7653,2.872906
7654,2.872906
7655,2.822580
7656,2.822580
7657,2.955913
7658,2.955913
7659,2.923231
7660,3.106891
7661,2.923231
7662,2.706891
7663,2.789898
7664,2.606239
7665,2.689246
7666,2.689246
7667,2.689246
7668,2.606239
7669,2.549255
7670,2.549255
7671,2.498930
7672,2.365596
7673,2.365596
7674,2.365596
7675,2.282589
7676,2.238921
7677,2.289246
7678,2.472906
7679,2.599581
7680,2.599581
7681,2.599581
7682,2.656565
7683,2.689246
7684,2.689246
7685,2.505587
7686,2.505587
7687,2.505587
7688,2.505587
7689,2.689246
7690,2.739572
7691,2.872906
7692,2.923231
7693,2.872906
7694,2.872906
7695,3.056565
7696,3.006239
7697,2.923231
7698,3.139572
7699,2.923231
7700,2.789898
7701,2.973557
7702,2.732915
7703,2.840224
7704,2.732915
7705,2.472906
7706,2.289246
7707,2.289246
7708,2.339572
7709,2.599581
7710,2.599581
7711,2.472906
7712,2.732915
7713,2.732915
7714,2.840224
7715,2.656565
7716,2.656565
7717,2.689246
7718,2.606239
7719,2.606239
7720,2.689246
7721,2.822580
7722,2.822580
7723,2.822580
7724,2.689246
7725,2.656565
7726,2.739572
7727,2.739572
7728,2.739572
7729,2.739572
7730,2.555913
7731,2.739572
7732,2.689246
7733,2.656565
7734,2.656565
7735,2.789898
7736,2.789898
7737,2.872906
7738,2.789898
7739,3.006239
7740,2.872906
7741,2.689246
7742,2.689246
7743,2.689246
7744,2.689246
7745,2.872906
7746,2.872906
7747,2.872906
7748,2.872906
7749,2.923231
7750,2.739572
7751,2.689246
7752,2.606239
7753,2.606239
7754,2.365596
7755,2.498930
7756,2.422580
7757,2.289246
7758,2.365596
7759,2.498930
7760,2.498930
7761,2.498930
7762,2.549255
7763,2.332915
7764,2.573557
7765,2.789898
7766,2.923231
7767,2.973557
7768,2.840224
7769,2.789898
7770,2.789898
7771,2.573557
7772,2.656565
7773,2.599581
7774,2.732915
7775,2.789898
7776,2.822580
7777,2.872906
7778,2.872906
7779,2.739572
7780,2.739572
7781,2.689246
7782,2.872906
7783,2.789898
7784,2.732915
7785,2.789898
7786,2.789898
7787,2.840224
7788,2.840224
7789,2.732915
7790,2.732915
7791,2.840224
7792,2.656565
7793,2.656565
7794,2.789898
7795,2.789898
7796,2.656565
7797,2.840224
7798,2.923231
7799,2.973557
7800,2.973557
7801,2.923231
7802,3.056565
7803,3.056565
7804,3.106891
7805,3.056565
7806,3.056565
7807,3.006239
7808,3.006239
7809,3.006239
7810,2.872906
7811,2.923231
7812,2.973557
7813,2.973557
7814,3.106891
7815,3.056565
7816,3.056565
7817,3.006239
7818,3.006239
7819,2.973557
7820,2.866248
7821,2.866248
7822,2.732915
7823,2.549255
7824,2.549255
7825,2.415922
7826,2.415922
7827,2.549255
7828,2.606239
7829,2.549255
7830,2.656565
7831,2.606239
7832,2.365596
7833,2.606239
7834,2.689246
7835,2.739572
7836,2.923231
7837,3.056565
7838,2.872906
7839,2.872906
7840,2.872906
7841,2.822580
7842,3.006239
7843,2.872906
7844,2.923231
7845,2.923231
7846,2.923231
7847,2.923231
7848,2.923231
7849,2.840224
7850,2.840224
7851,2.732915
7852,2.732915
7853,2.549255
7854,2.289246
7855,2.105587
7856,2.155913
7857,2.155913
7858,2.155913
7859,2.199581
7860,2.440224
7861,2.440224
7862,2.573557
7863,2.573557
7864,2.789898
7865,2.872906
7866,3.056565
7867,3.189898
7868,3.189898
7869,3.189898
7870,3.189898
7871,3.189898
7872,3.056565
7873,2.923231
7874,2.923231
7875,2.923231
7876,2.872906
7877,3.056565
7878,3.056565
7879,2.872906
7880,3.006239
7881,2.822580
7882,2.822580
7883,2.872906
7884,2.739572
7885,2.739572
7886,2.739572
7887,2.789898
7888,2.706891
7889,2.656565
7890,2.656565
7891,2.789898
7892,2.822580
7893,2.955913
7894,2.955913
7895,2.923231
7896,2.973557
7897,3.106891
7898,3.189898
7899,3.006239
7900,3.056565
7901,2.973557
7902,2.973557
7903,2.973557
7904,2.973557
7905,2.973557
7906,2.923231
7907,2.789898
7908,2.789898
7909,2.789898
7910,2.656565
7911,2.840224
7912,3.056565
7913,3.106891
7914,3.240224
7915,3.240224
7916,3.240224
7917,3.240224
7918,3.189898
7919,3.139572
7920,3.189898
7921,3.056565
7922,3.106891
7923,3.106891
7924,3.056565
7925,3.006239
7926,3.006239
7927,3.006239
7928,3.056565
7929,2.872906
7930,2.872906
7931,2.923231
7932,2.923231
7933,2.872906
7934,3.006239
7935,3.139572
7936,3.006239
7937,3.006239
7938,3.056565
7939,3.056565
7940,3.006239
7941,2.923231
7942,2.789898
7943,2.682589
7944,2.739572
7945,2.955913
7946,2.822580
7947,2.822580
7948,2.689246
7949,2.689246
7950,2.656565
7951,2.549255
7952,2.472906
7953,2.330125
7954,2.330125
7955,2.330125
7956,2.472906
7957,2.422580
7958,2.549255
7959,2.549255
7960,2.599581
7961,2.732915
7962,2.732915
7963,2.599581
7964,2.599581
7965,2.840224
7966,2.872906
7967,2.840224
7968,2.840224
7969,2.973557
7970,2.973557
7971,2.923231
7972,2.923231
7973,2.973557
7974,2.789898
7975,2.732915
7976,2.840224
7977,2.973557
7978,3.006239
7979,3.056565
7980,2.872906
7981,2.923231
7982,3.056565
7983,3.056565
7984,3.056565
7985,3.006239
7986,3.139572
7987,3.056565
7988,3.139572
7989,3.139572
7990,3.006239
7991,3.056565
7992,2.872906
7993,2.872906
7994,3.056565
7995,3.006239
7996,3.006239
7997,2.789898
7998,2.789898
7999,2.789898
8000,2.840224
8001,2.872906
8002,2.872906
8003,2.923231
8004,3.056565
8005,2.872906
8006,3.056565
8007,3.006239
8008,3.056565
8009,2.923231
8010,3.056565
8011,3.006239
8012,2.789898
8013,2.789898
8014,2.789898
8015,2.789898
8016,2.656565
8017,2.656565
8018,2.599581
8019,2.599581
8020,2.549255
8021,2.549255
8022,2.606239
8023,2.606239
8024,2.656565
8025,2.656565
8026,2.872906
8027,2.923231
8028,2.789898
8029,2.923231
8030,2.973557
8031,3.106891
8032,3.056565
8033,2.923231
8034,2.923231
8035,2.923231
8036,2.840224
8037,2.599581
8038,2.599581
8039,2.656565
8040,2.689246
8041,2.606239
8042,2.789898
8043,2.656565
8044,2.706891
8045,2.656565
8046,2.656565
8047,2.739572
8048,2.739572
8049,2.739572
8050,2.689246
8051,2.656565
8052,2.606239
8053,2.606239
8054,2.656565
8055,2.656565
8056,2.789898
8057,2.789898
8058,2.789898
8059,2.872906
8060,2.872906
8061,2.872906
8062,2.822580
8063,2.789898
8064,2.923231
8065,2.923231
8066,2.682589
8067,2.549255
8068,2.789898
8069,2.840224
8070,2.840224
8071,2.840224
8072,3.056565
8073,3.189898
8074,3.189898
8075,3.189898
8076,3.240224
8077,3.106891
8078,3.056565
8079,3.056565
8080,3.189898
8081,3.056565
8082,3.056565
8083,3.006239
8084,2.973557
8085,2.840224
8086,2.973557
8087,3.106891
8088,2.923231
8089,2.923231
8090,2.789898
8091,2.840224
8092,2.840224
8093,2.923231
8094,2.973557
8095,3.106891
8096,3.056565
8097,3.006239
8098,2.923231
8099,2.739572
8100,2.789898
8101,2.789898
8102,2.606239
8103,2.606239
8104,2.656565
8105,2.656565
8106,2.706891
8107,2.739572
8108,2.872906
8109,2.923231
8110,2.923231
8111,3.056565
8112,3.056565
8113,2.923231
8114,2.872906
8115,2.872906
8116,2.789898
8117,2.789898
8118,2.789898
8119,2.656565
8120,2.656565
8121,2.549255
8122,2.549255
8123,2.549255
8124,2.549255
8125,2.549255
8126,2.789898
8127,2.789898
8128,2.872906
8129,2.822580
8130,2.822580
8131,2.638921
8132,2.689246
8133,2.822580
8134,2.689246
8135,2.689246
8136,2.606239
8137,2.638921
8138,2.689246
8139,2.739572
8140,2.739572
8141,2.739572
8142,2.739572
8143,2.923231
8144,2.872906
8145,3.056565
8146,3.106891
8147,3.106891
8148,3.056565
8149,3.056565
8150,3.006239
8151,3.056565
8152,3.056565
8153,3.006239
8154,2.955913
8155,3.006239
8156,3.056565
8157,3.056565
8158,3.056565
8159,3.056565
8160,3.056565
8161,3.006239
8162,3.139572
8163,3.006239
8164,3.056565
8165,3.056565
8166,3.106891
8167,3.056565
8168,3.056565
8169,3.006239
8170,3.006239
8171,3.006239
8172,2.923231
8173,2.923231
8174,2.815922
8175,2.682589
8176,2.422580
8177,2.498930
8178,2.365596
8179,2.549255
8180,2.573557
8181,2.606239
8182,2.689246
8183,2.472906
8184,2.472906
8185,2.389898
8186,2.422580
8187,2.472906
8188,2.472906
8189,2.472906
8190,2.415922
8191,2.549255
8192,2.549255
8193,2.732915
8194,2.840224
8195,2.732915
8196,2.732915
8197,2.789898
8198,2.789898
8199,2.789898
8200,2.789898
8201,3.006239
8202,3.139572
8203,3.189898
8204,3.006239
8205,3.006239
8206,2.872906
8207,2.872906
8208,2.872906
8209,2.872906
8210,2.872906
8211,2.872906
8212,2.689246
8213,2.689246
8214,2.689246
8215,2.872906
8216,2.840224
8217,2.789898
8218,2.789898
8219,2.923231
8220,2.923231
8221,2.923231
8222,2.923231
8223,2.955913
8224,2.822580
8225,2.872906
8226,2.840224
8227,2.973557
8228,3.006239
8229,3.006239
8230,2.822580
8231,2.872906
8232,2.840224
8233,2.923231
8234,2.739572
8235,2.872906
8236,2.872906
8237,2.923231
8238,3.056565
8239,3.006239
8240,3.006239
8241,3.056565
8242,3.056565
8243,3.056565
8244,3.006239
8245,3.139572
8246,3.139572
8247,3.189898
8248,3.056565
8249,3.056565
8250,2.923231
8251,2.923231
8252,2.923231
8253,3.056565
8254,3.056565
8255,3.006239
8256,2.973557
8257,2.973557
8258,2.866248
8259,2.732915
8260,2.599581
8261,2.656565
8262,2.739572
8263,2.656565
8264,2.573557
8265,2.706891
8266,2.466248
8267,2.498930
8268,2.498930
8269,2.498930
8270,2.523231
8271,2.606239
8272,2.606239
8273,2.689246
8274,2.638921
8275,2.822580
8276,2.739572
8277,2.789898
8278,2.973557
8279,2.840224
8280,2.789898
8281,2.789898
8282,2.789898
8283,2.872906
8284,2.789898
8285,3.006239
8286,3.006239
8287,2.822580
8288,2.872906
8289,2.789898
8290,2.840224
8291,3.056565
8292,3.006239
8293,2.872906
8294,2.872906
8295,2.689246
8296,2.689246
8297,2.689246
8298,2.689246
8299,2.739572
8300,2.739572
8301,2.656565
8302,2.549255
8303,2.656565
8304,2.656565
8305,2.656565
8306,2.789898
8307,2.606239
8308,2.389898
8309,2.256565
8310,2.440224
8311,2.656565
8312,2.706891
8313,2.840224
8314,3.056565
8315,3.240224
8316,3.189898
8317,3.189898
8318,3.189898
8319,3.056565
8320,2.840224
8321,2.840224
8322,2.840224
8323,2.656565
8324,2.872906
8325,2.789898
8326,3.006239
8327,2.872906
8328,2.739572
8329,2.555913
8330,2.472906
8331,2.656565
8332,2.656565
8333,2.415922
8334,2.549255
8335,2.466248
8336,2.466248
8337,2.573557
8338,2.549255
8339,2.789898
8340,2.840224
8341,2.840224
8342,2.923231
8343,2.923231
8344,2.923231
8345,2.923231
8346,2.739572
8347,2.739572
8348,2.555913
8349,2.523231
8350,2.739572
8351,2.923231
8352,2.872906
8353,2.840224
8354,2.732915
8355,2.599581
8356,2.656565
8357,2.656565
8358,2.523231
8359,2.555913
8360,2.472906
8361,2.606239
8362,2.365596
8363,2.549255
8364,2.498930
8365,2.466248
8366,2.682589
8367,2.789898
8368,3.006239
8369,3.006239
8370,2.923231
8371,2.789898
8372,2.840224
8373,3.056565
8374,2.923231
8375,3.056565
8376,3.006239
8377,2.822580
8378,2.606239
8379,2.822580
8380,2.872906
8381,3.006239
8382,3.056565
8383,3.056565
8384,3.006239
8385,2.789898
8386,2.656565
8387,2.472906
8388,2.472906
8389,2.656565
8390,2.523231
8391,2.523231
8392,2.415922
8393,2.415922
8394,2.549255
8395,2.656565
8396,2.840224
8397,2.840224
8398,2.840224
8399,3.056565
8400,3.106891
8401,3.056565
8402,3.056565
8403,2.973557
8404,2.973557
8405,2.840224
8406,2.840224
8407,2.706891
8408,2.840224
8409,2.840224
8410,2.840224
8411,2.732915
8412,2.866248
8413,2.606239
8414,2.732915
8415,2.973557
8416,3.006239
8417,3.006239
8418,3.056565
8419,2.840224
8420,2.840224
8421,2.706891
8422,2.840224
8423,2.872906
8424,2.840224
8425,2.656565
8426,2.840224
8427,2.923231
8428,2.840224
8429,2.840224
8430,2.840224
8431,2.973557
8432,2.973557
8433,3.189898
8434,3.056565
8435,3.056565
8436,2.872906
8437,2.872906
8438,2.872906
8439,2.872906
8440,2.872906
8441,2.923231
8442,2.923231
8443,3.056565
8444,3.056565
8445,3.006239
8446,3.006239
8447,3.006239
8448,2.923231
8449,2.840224
8450,2.923231
8451,2.973557
8452,2.840224
8453,2.789898
8454,2.656565
8455,2.656565
8456,2.706891
8457,2.739572
8458,2.656565
8459,2.656565
8460,2.606239
8461,2.656565
8462,2.656565
8463,2.549255
8464,2.549255
8465,2.365596
8466,2.365596
8467,2.549255
8468,2.599581
8469,2.656565
8470,2.872906
8471,3.056565
8472,3.056565
8473,2.973557
8474,2.973557
8475,2.973557
8476,3.056565
8477,3.106891
8478,3.106891
8479,2.973557
8480,2.923231
8481,2.923231
8482,2.872906
8483,3.056565
8484,3.056565
8485,3.056565
8486,3.240224
8487,3.189898
8488,3.189898
8489,3.056565
8490,3.106891
8491,3.056565
8492,2.840224
8493,2.973557
8494,2.789898
8495,2.840224
8496,2.789898
8497,2.656565
8498,2.689246
8499,2.689246
8500,2.555913
8501,2.739572
8502,2.872906
8503,2.789898
8504,2.840224
8505,2.840224
8506,2.840224
8507,2.706891
8508,2.789898
8509,2.739572
8510,2.739572
8511,2.656565
8512,2.656565
8513,2.739572
8514,2.689246
8515,2.689246
8516,2.739572
8517,2.689246
8518,2.689246
8519,2.656565
8520,2.656565
8521,2.606239
8522,2.523231
8523,2.606239
8524,2.472906
8525,2.472906
8526,2.606239
8527,2.389898
8528,2.606239
8529,2.656565
8530,2.789898
8531,2.732915
8532,2.682589
8533,2.789898
8534,2.656565
8535,2.656565
8536,2.415922
8537,2.332915
8538,2.440224
8539,2.573557
8540,2.606239
8541,2.739572
8542,2.682589
8543,2.706891
8544,2.682589
8545,2.549255
8546,2.466248
8547,2.549255
8548,2.789898
8549,2.606239
8550,2.606239
8551,2.606239
8552,2.656565
8553,2.689246
8554,2.872906
8555,2.872906
8556,2.822580
8557,3.006239
8558,3.189898
8559,3.189898
8560,3.189898
8561,3.189898
8562,3.006239
8563,2.822580
8564,2.689246
8565,2.822580
8566,2.822580
8567,2.789898
8568,2.789898
8569,2.656565
8570,2.789898
8571,2.789898
8572,2.789898
8573,2.822580
8574,2.872906
8575,2.923231
8576,3.106891
8577,3.106891
8578,3.240224
8579,3.240224
8580,3.240224
8581,3.240224
8582,3.056565
8583,3.106891
8584,2.923231
8585,2.923231
8586,2.872906
8587,2.872906
8588,3.006239
8589,2.789898
8590,2.789898
8591,2.840224
8592,2.789898
8593,2.872906
8594,2.923231
8595,2.872906
8596,3.006239
8597,3.056565
8598,3.106891
8599,3.056565
8600,2.872906
8601,2.872906
8602,2.872906
8603,2.872906
8604,2.689246
8605,2.606239
8606,2.606239
8607,2.739572
8608,2.498930
8609,2.606239
8610,2.606239
8611,2.365596
8612,2.365596
8613,2.472906
8614,2.689246
8615,2.872906
8616,2.822580
8617,2.822580
8618,3.006239
8619,2.973557
8620,2.973557
8621,2.973557
8622,2.840224
8623,2.840224
8624,2.840224
8625,2.789898
8626,2.656565
8627,2.549255
8628,2.606239
8629,2.606239
8630,2.573557
8631,2.656565
8632,2.840224
8633,2.872906
8634,3.006239
8635,3.139572
8636,3.189898
8637,3.189898
8638,3.056565
8639,3.056565
8640,2.973557
8641,3.006239
8642,2.789898
8643,2.789898
8644,2.789898
8645,2.923231
8646,2.973557
8647,2.973557
8648,2.923231
8649,2.923231
8650,3.006239
8651,3.006239
8652,3.006239
8653,3.006239
8654,2.973557
8655,2.923231
8656,3.106891
8657,3.106891
8658,2.973557
8659,2.973557
8660,2.973557
8661,3.056565
8662,3.056565
8663,3.240224
8664,3.189898
8665,3.189898
8666,3.139572
8667,3.189898
8668,3.189898
8669,3.006239
8670,2.923231
8671,2.789898
8672,2.706891
8673,2.706891
8674,2.706891
8675,2.706891
8676,2.923231
8677,2.840224
8678,3.056565
8679,2.923231
8680,2.789898
8681,2.872906
8682,2.923231
8683,2.872906
8684,2.923231
8685,2.872906
8686,2.923231
8687,2.872906
8688,2.689246
8689,2.822580
8690,2.606239
8691,2.656565
8692,2.656565
8693,2.549255
8694,2.789898
8695,2.789898
8696,2.789898
8697,2.706891
8698,2.789898
8699,2.822580
8700,2.955913
8701,2.923231
8702,3.006239
8703,3.006239
8704,2.789898
8705,2.840224
8706,2.872906
8707,2.872906
8708,2.872906
8709,2.840224
8710,2.732915
8711,2.732915
8712,2.732915
8713,2.732915
8714,2.840224
8715,2.789898
8716,2.923231
8717,3.056565
8718,3.106891
8719,3.139572
8720,3.006239
8721,3.006239
8722,3.006239
8723,2.822580
8724,2.789898
8725,2.923231
8726,2.923231
8727,3.006239
8728,2.872906
8729,2.872906
8730,2.872906
8731,2.923231
8732,2.872906
8733,2.872906
8734,2.789898
8735,2.789898
8736,2.606239
8737,2.606239
8738,2.822580
8739,2.872906
8740,2.872906
8741,2.923231
8742,2.840224
8743,2.872906
8744,2.872906
8745,3.056565
8746,3.106891
8747,3.056565
8748,3.056565
8749,3.056565
8750,3.006239
8751,3.006239
8752,2.872906
8753,2.840224
8754,2.789898
8755,2.606239
8756,2.822580
8757,2.872906
8758,2.840224
8759,2.656565
8760,2.656565
8761,2.789898
8762,2.789898
8763,2.789898
8764,2.682589
8765,2.549255
8766,2.656565
8767,2.872906
8768,2.739572
8769,2.739572
8770,2.656565
8771,2.789898
8772,2.840224
8773,3.056565
8774,3.056565
8775,3.006239
8776,3.006239
8777,2.872906
8778,2.872906
8779,3.056565
8780,2.840224
8781,2.973557
8782,3.189898
8783,3.139572
8784,3.189898
8785,3.189898
8786,3.006239
8787,3.006239
8788,3.189898
8789,2.973557
8790,3.106891
8791,3.106891
8792,2.923231
8793,2.923231
8794,2.789898
8795,2.656565
8796,2.872906
8797,2.923231
8798,2.840224
8799,2.840224
8800,2.872906
8801,2.923231
8802,3.106891
8803,3.056565
8804,3.106891
8805,3.106891
8806,3.056565
8807,3.056565
8808,3.006239
8809,3.056565
8810,3.056565
8811,2.923231
8812,2.872906
8813,2.822580
8814,2.955913
8815,2.822580
8816,2.822580
8817,2.822580
8818,2.822580
8819,2.789898
8820,2.789898
8821,2.840224
8822,2.840224
8823,2.840224
8824,2.789898
8825,2.789898
8826,2.789898
8827,2.789898
8828,2.789898
8829,2.872906
8830,2.872906
8831,2.872906
8832,2.872906
8833,2.656565
8834,2.472906
8835,2.689246
8836,2.872906
8837,2.872906
8838,3.006239
8839,2.955913
8840,3.006239
8841,3.006239
8842,3.006239
8843,3.006239
8844,3.006239
8845,3.139572
8846,3.139572
8847,3.139572
8848,2.955913
8849,2.955913
8850,2.822580
8851,2.872906
8852,2.923231
8853,2.840224
8854,2.706891
8855,2.599581
8856,2.656565
8857,2.523231
8858,2.656565
8859,2.656565
8860,2.656565
8861,2.789898
8862,3.006239
8863,3.006239
8864,3.006239
8865,3.006239
8866,3.006239
8867,3.006239
8868,3.006239
8869,2.789898
8870,2.872906
8871,2.656565
8872,2.549255
8873,2.682589
8874,2.682589
8875,2.682589
8876,2.422580
8877,2.206239
8878,2.422580
8879,2.422580
8880,2.549255
8881,2.573557
8882,2.656565
8883,2.689246
8884,2.656565
8885,2.789898
8886,2.872906
8887,2.923231
8888,2.923231
8889,2.923231
8890,2.872906
8891,2.872906
8892,2.872906
8893,2.923231
8894,2.923231
8895,2.923231
8896,2.872906
8897,2.822580
8898,2.955913
8899,2.822580
8900,2.822580
8901,3.006239
8902,3.006239
8903,2.872906
8904,3.056565
8905,3.006239
8906,3.056565
8907,2.872906
8908,2.872906
8909,3.006239
8910,2.872906
8911,2.739572
8912,2.656565
8913,2.656565
8914,2.789898
8915,2.789898
8916,3.006239
8917,3.006239
8918,3.006239
8919,3.006239
8920,3.006239
8921,3.056565
8922,3.189898
8923,3.189898
8924,3.139572
8925,3.189898
8926,3.006239
8927,2.872906
8928,2.822580
8929,2.606239
8930,2.606239
8931,2.656565
8932,2.689246
8933,2.822580
8934,2.822580
8935,2.822580
8936,2.872906
8937,2.872906
8938,2.789898
8939,2.656565
8940,2.872906
8941,2.872906
8942,2.872906
8943,3.056565
8944,2.973557
8945,2.789898
8946,2.840224
8947,2.840224
8948,2.840224
8949,2.840224
8950,2.923231
8951,2.923231
8952,2.923231
8953,2.840224
8954,2.840224
8955,2.923231
8956,2.872906
8957,2.789898
8958,2.789898
8959,2.789898
8960,2.706891
8961,2.739572
8962,2.822580
8963,2.822580
8964,2.606239
8965,2.789898
8966,2.573557
8967,2.789898
8968,2.973557
8969,3.056565
8970,3.056565
8971,3.056565
8972,3.056565
8973,2.923231
8974,2.872906
8975,2.840224
8976,2.656565
8977,2.872906
8978,2.656565
8979,2.606239
8980,2.606239
8981,2.606239
8982,2.656565
8983,2.472906
8984,2.389898
8985,2.606239
8986,2.606239
8987,2.606239
8988,2.689246
8989,2.739572
8990,2.689246
8991,2.656565
8992,2.789898
8993,2.789898
8994,2.973557
8995,2.866248
8996,2.923231
8997,2.789898
8998,2.872906
8999,2.789898
9000,2.656565
9001,2.872906
9002,2.872906
9003,2.923231
9004,2.923231
9005,2.739572
9006,2.739572
9007,2.555913
9008,2.555913
9009,2.555913
9010,2.689246
9011,2.822580
9012,2.822580
9013,2.822580
9014,2.822580
9015,2.739572
9016,2.739572
9017,2.606239
9018,2.822580
9019,2.872906
9020,2.872906
9021,3.006239
9022,3.139572
9023,3.189898
9024,3.189898
9025,3.006239
9026,2.789898
9027,2.789898
9028,2.789898
9029,3.006239
9030,3.056565
9031,3.006239
9032,3.006239
9033,2.822580
9034,2.822580
9035,2.822580
9036,2.822580
9037,2.689246
9038,2.656565
9039,2.573557
9040,2.466248
9041,2.466248
9042,2.466248
9043,2.332915
9044,2.415922
9045,2.289246
9046,2.155913
9047,2.155913
9048,2.072906
9049,2.332915
9050,2.332915
9051,2.332915
9052,2.389898
9053,2.389898
9054,2.523231
9055,2.523231
9056,2.606239
9057,2.656565
9058,2.872906
9059,2.656565
9060,2.656565
9061,2.656565
9062,2.689246
9063,2.656565
9064,2.789898
9065,2.656565
9066,2.789898
9067,2.682589
9068,2.732915
9069,2.840224
9070,2.789898
9071,3.006239
9072,3.006239
9073,3.006239
9074,3.006239
9075,3.056565
9076,2.923231
9077,2.973557
9078,2.973557
9079,2.923231
9080,3.056565
9081,3.006239
9082,2.822580
9083,2.739572
9084,2.789898
9085,2.739572
9086,2.739572
9087,2.606239
9088,2.739572
9089,2.955913
9090,3.006239
9091,2.872906
9092,3.056565
9093,3.106891
9094,3.106891
9095,2.973557
9096,2.923231
9097,2.872906
9098,2.923231
9099,2.872906
9100,2.689246
9101,2.689246
9102,2.689246
9103,2.872906
9104,2.840224
9105,2.973557
9106,2.840224
9107,2.872906
9108,2.923231
9109,3.106891
9110,3.106891
9111,3.056565
9112,3.056565
9113,3.006239
9114,3.006239
9115,3.189898
9116,3.056565
9117,3.056565
9118,2.872906
9119,2.789898
9120,3.006239
9121,3.006239
9122,3.006239
9123,3.056565
9124,2.923231
9125,2.923231
9126,2.923231
9127,3.056565
9128,3.056565
9129,3.056565
9130,3.106891
9131,3.106891
9132,3.056565
9133,3.056565
9134,3.056565
9135,2.973557
9136,2.973557
9137,2.866248
9138,2.866248
9139,2.739572
9140,2.606239
9141,2.606239
9142,2.472906
9143,2.599581
9144,2.472906
9145,2.330125
9146,2.330125
9147,2.422580
9148,2.238921
9149,2.022580
9150,2.282589
9151,2.066248
9152,2.306891
9153,2.523231
9154,2.606239
9155,2.822580
9156,2.789898
9157,2.573557
9158,2.573557
9159,2.523231
9160,2.523231
9161,2.498930
9162,2.549255
9163,2.789898
9164,2.789898
9165,2.789898
9166,2.872906
9167,2.840224
9168,2.840224
9169,2.789898
9170,2.682589
9171,2.789898
9172,2.789898
9173,2.789898
9174,2.789898
9175,2.606239
9176,2.689246
9177,2.606239
9178,2.656565
9179,2.573557
9180,2.440224
9181,2.199581
9182,2.415922
9183,2.656565
9184,2.573557
9185,2.549255
9186,2.656565
9187,2.573557
9188,2.789898
9189,2.682589
9190,2.682589
9191,2.422580
9192,2.549255
9193,2.549255
9194,2.599581
9195,2.472906
9196,2.732915
9197,2.866248
9198,2.866248
9199,2.815922
9200,2.923231
9201,2.866248
9202,2.732915
9203,2.682589
9204,2.923231
9205,3.139572
9206,3.189898
9207,3.189898
9208,3.056565
9209,3.006239
9210,2.923231
9211,2.923231
9212,2.973557
9213,3.006239
9214,3.056565
9215,3.006239
9216,3.189898
9217,3.006239
9218,3.056565
9219,3.106891
9220,2.923231
9221,3.056565
9222,2.872906
9223,2.872906
9224,2.739572
9225,2.689246
9226,2.872906
9227,2.822580
9228,2.689246
9229,2.689246
9230,2.739572
9231,2.739572
9232,2.739572
9233,2.872906
9234,2.872906
9235,2.822580
9236,2.789898
9237,2.789898
9238,2.872906
9239,3.006239
9240,3.056565
9241,3.056565
9242,2.872906
9243,2.872906
9244,2.872906
9245,3.006239
9246,2.973557
9247,2.789898
9248,2.872906
9249,3.056565
9250,2.923231
9251,2.872906
9252,2.872906
9253,2.872906
9254,2.872906
9255,2.656565
9256,2.656565
9257,2.656565
9258,2.689246
9259,2.689246
9260,2.606239
9261,2.739572
9262,2.739572
9263,2.789898
9264,2.789898
9265,2.822580
9266,2.789898
9267,2.872906
9268,3.006239
9269,2.822580
9270,3.006239
9271,2.822580
9272,2.606239
9273,2.606239
9274,2.689246
9275,2.689246
9276,2.505587
9277,2.505587
9278,2.472906
9279,2.505587
9280,2.505587
9281,2.422580
9282,2.606239
9283,2.606239
9284,2.606239
9285,2.422580
9286,2.606239
9287,2.365596
9288,2.365596
9289,2.415922
9290,2.415922
9291,2.289246
9292,2.289246
9293,2.339572
9294,2.415922
9295,2.656565
9296,2.739572
9297,2.656565
9298,2.606239
9299,2.789898
9300,2.606239
9301,2.822580
9302,2.872906
9303,3.006239
9304,2.789898
9305,2.789898
9306,2.789898
9307,2.923231
9308,3.006239
9309,3.006239
9310,2.923231
9311,2.789898
9312,2.789898
9313,2.872906
9314,2.689246
9315,2.739572
9316,2.923231
9317,2.840224
9318,2.923231
9319,2.923231
9320,3.056565
9321,2.923231
9322,2.872906
9323,2.872906
9324,2.739572
9325,2.739572
9326,2.739572
9327,2.555913
9328,2.472906
9329,2.656565
9330,2.789898
9331,2.789898
9332,2.789898
9333,2.656565
9334,2.656565
9335,2.689246
9336,2.872906
9337,2.872906
9338,2.872906
9339,2.872906
9340,2.872906
9341,2.739572
9342,2.739572
9343,2.872906
9344,3.006239
9345,3.006239
9346,2.872906
9347,3.056565
9348,3.056565
9349,2.973557
9350,2.840224
9351,2.840224
9352,3.056565
9353,3.106891
9354,3.056565
9355,3.056565
9356,3.006239
9357,2.923231
9358,2.973557
9359,2.973557
9360,2.840224
9361,2.840224
9362,2.973557
9363,2.973557
9364,3.006239
9365,3.006239
9366,2.872906
9367,2.656565
9368,2.573557
9369,2.573557
9370,2.789898
9371,2.872906
9372,2.872906
9373,2.656565
9374,2.573557
9375,2.789898
9376,2.606239
9377,2.422580
9378,2.606239
9379,2.789898
9380,2.732915
9381,2.732915
9382,2.682589
9383,2.682589
9384,2.422580
9385,2.549255
9386,2.656565
9387,2.872906
9388,2.789898
9389,2.789898
9390,2.872906
9391,2.872906
9392,2.872906
9393,3.006239
9394,3.006239
9395,3.056565
9396,3.106891
9397,3.056565
9398,3.006239
9399,3.006239
9400,2.789898
9401,2.840224
9402,2.840224
9403,2.840224
9404,2.706891
9405,2.840224
9406,2.840224
9407,2.840224
9408,3.056565
9409,2.872906
9410,2.789898
9411,3.006239
9412,2.923231
9413,3.006239
9414,2.872906
9415,2.923231
9416,2.872906
9417,2.923231
9418,2.923231
9419,3.056565
9420,3.056565
9421,3.056565
9422,3.056565
9423,3.056565
9424,2.923231
9425,2.872906
9426,2.872906
9427,2.689246
9428,2.656565
9429,2.656565
9430,2.706891
9431,2.656565
9432,2.573557
9433,2.573557
9434,2.440224
9435,2.332915
9436,2.332915
9437,2.573557
9438,2.789898
9439,2.739572
9440,2.739572
9441,2.606239
9442,2.789898
9443,2.789898
9444,2.606239
9445,2.789898
9446,2.822580
9447,2.872906
9448,2.872906
9449,2.923231
9450,2.872906
9451,2.923231
9452,2.923231
9453,2.872906
9454,2.822580
9455,2.822580
9456,2.872906
9457,2.923231
9458,2.789898
9459,2.923231
9460,3.056565
9461,3.056565
9462,3.056565
9463,3.006239
9464,3.056565
9465,2.973557
9466,2.973557
9467,3.056565
9468,2.973557
9469,3.006239
9470,2.789898
9471,2.789898
9472,2.789898
9473,2.739572
9474,2.606239
9475,2.573557
9476,2.389898
9477,2.282589
9478,2.282589
9479,2.066248
9480,2.173557
9481,2.389898
9482,2.472906
9483,2.656565
9484,2.689246
9485,2.822580
9486,2.822580
9487,2.872906
9488,2.822580
9489,2.822580
9490,2.872906
9491,2.840224
9492,2.656565
9493,2.573557
9494,2.573557
9495,2.466248
9496,2.466248
9497,2.706891
9498,2.682589
9499,2.549255
9500,2.549255
9501,2.415922
9502,2.415922
9503,2.415922
9504,2.289246
9505,2.549255
9506,2.415922
9507,2.415922
9508,2.656565
9509,2.789898
9510,2.822580
9511,2.638921
9512,2.822580
9513,2.872906
9514,2.872906
9515,2.872906
9516,2.822580
9517,2.689246
9518,2.822580
9519,2.822580
9520,2.822580
9521,2.822580
9522,2.789898
9523,2.789898
9524,2.872906
9525,2.739572
9526,2.555913
9527,2.505587
9528,2.472906
9529,2.656565
9530,2.789898
9531,2.789898
9532,2.789898
9533,2.789898
9534,2.840224
9535,2.599581
9536,2.840224
9537,2.840224
9538,2.840224
9539,2.789898
9540,2.656565
9541,2.656565
9542,2.872906
9543,3.056565
9544,3.056565
9545,3.056565
9546,3.056565
9547,2.840224
9548,2.840224
9549,2.599581
9550,2.339572
9551,2.289246
9552,2.289246
9553,2.549255
9554,2.573557
9555,2.789898
9556,2.656565
9557,2.656565
9558,2.789898
9559,2.656565
9560,2.872906
9561,2.872906
9562,3.056565
9563,3.006239
9564,3.006239
9565,2.872906
9566,2.923231
9567,2.973557
9568,3.106891
9569,3.240224
9570,3.189898
9571,2.973557
9572,2.923231
9573,2.923231
9574,2.923231
9575,2.923231
9576,2.789898
9577,2.872906
9578,3.006239
9579,3.056565
9580,2.840224
9581,2.840224
9582,2.732915
9583,2.789898
9584,2.789898
9585,2.682589
9586,2.549255
9587,2.415922
9588,2.523231
9589,2.523231
9590,2.739572
9591,2.689246
9592,2.656565
9593,2.656565
9594,2.656565
9595,2.739572
9596,2.739572
9597,2.739572
9598,2.689246
9599,2.822580
9600,2.822580
9601,2.822580
9602,2.872906
9603,2.840224
9604,2.840224
9605,2.789898
9606,2.706891
9607,2.706891
9608,2.573557
9609,2.440224
9610,2.656565
9611,2.872906
9612,2.872906
9613,3.056565
9614,3.056565
9615,3.240224
9616,3.189898
9617,3.189898
9618,3.056565
9619,3.056565
9620,3.056565
9621,2.923231
9622,2.923231
9623,3.106891
9624,3.106891
9625,3.240224
9626,3.240224
9627,3.240224
9628,3.240224
9629,3.240224
9630,3.056565
9631,3.056565
9632,3.056565
9633,3.056565
9634,2.872906
9635,2.872906
9636,2.789898
9637,2.739572
9638,2.789898
9639,2.789898
9640,2.549255
9641,2.365596
9642,2.549255
9643,2.549255
9644,2.549255
9645,2.549255
9646,2.573557
9647,2.606239
9648,2.822580
9649,3.006239
9650,3.056565
9651,3.189898
9652,3.189898
9653,3.189898
9654,3.006239
9655,2.872906
9656,2.923231
9657,2.872906
9658,2.689246
9659,2.872906
9660,3.056565
9661,2.923231
9662,3.056565
9663,3.056565
9664,3.056565
9665,3.056565
9666,2.872906
9667,2.822580
9668,2.689246
9669,2.472906
9670,2.472906
9671,2.523231
9672,2.523231
9673,2.706891
9674,2.656565
9675,2.606239
9676,2.472906
9677,2.505587
9678,2.472906
9679,2.689246
9680,2.606239
9681,2.656565
9682,2.656565
9683,2.789898
9684,2.923231
9685,2.923231
9686,3.006239
9687,3.056565
9688,3.056565
9689,2.872906
9690,2.822580
9691,2.822580
9692,2.822580
9693,2.872906
9694,2.872906
9695,2.739572
9696,2.656565
9697,2.656565
9698,2.656565
9699,2.689246
9700,2.638921
9701,2.606239
9702,2.789898
9703,3.006239
9704,3.006239
9705,3.006239
9706,3.006239
9707,3.006239
9708,2.822580
9709,2.872906
9710,3.006239
9711,2.822580
9712,2.872906
9713,2.923231
9714,2.923231
9715,2.840224
9716,2.973557
9717,2.973557
9718,3.056565
9719,3.006239
9720,2.872906
9721,2.872906
9722,2.872906
9723,2.872906
9724,2.872906
9725,2.840224
9726,2.840224
9727,2.789898
9728,2.840224
9729,2.872906
9730,2.872906
9731,2.872906
9732,2.872906
9733,2.872906
9734,3.006239
9735,3.006239
9736,3.006239
9737,3.056565
9738,3.056565
9739,3.006239
9740,2.973557
9741,2.973557
9742,2.840224
9743,3.056565
9744,2.872906
9745,2.656565
9746,2.872906
9747,2.872906
9748,2.872906
9749,2.739572
9750,2.872906
9751,2.840224
9752,2.973557
9753,2.789898
9754,2.789898
9755,2.840224
9756,3.056565
9757,3.056565
9758,2.923231
9759,2.923231
9760,2.923231
9761,2.872906
9762,2.689246
9763,2.606239
9764,2.606239
9765,2.606239
9766,2.739572
9767,2.739572
9768,2.606239
9769,2.822580
9770,3.006239
9771,2.789898
9772,2.840224
9773,2.923231
9774,2.739572
9775,2.739572
9776,2.739572
9777,2.923231
9778,3.056565
9779,3.056565
9780,3.006239
9781,3.006239
9782,3.006239
9783,2.872906
9784,2.923231
9785,2.973557
9786,2.973557
9787,2.973557
9788,2.973557
9789,3.106891
9790,3.056565
9791,3.189898
9792,3.139572
9793,3.139572
9794,3.106891
9795,3.106891
9796,3.106891
9797,2.973557
9798,2.973557
9799,2.789898
9800,2.789898
9801,2.789898
9802,2.923231
9803,3.006239
9804,2.973557
9805,3.006239
9806,2.923231
9807,2.682589
9808,2.549255
9809,2.573557
9810,2.789898
9811,2.822580
9812,2.606239
9813,2.498930
9814,2.523231
9815,2.523231
9816,2.739572
9817,2.498930
9818,2.549255
9819,2.549255
9820,2.789898
9821,2.789898
9822,2.656565
9823,2.523231
9824,2.739572
9825,2.656565
9826,2.656565
9827,2.840224
9828,2.840224
9829,2.923231
9830,2.923231
9831,2.872906
9832,2.872906
9833,2.689246
9834,2.739572
9835,2.923231
9836,2.739572
9837,2.739572
9838,2.739572
9839,2.923231
9840,2.840224
9841,2.656565
9842,2.789898
9843,2.789898
9844,3.006239
9845,3.006239
9846,3.006239
9847,2.923231
9848,2.923231
9849,2.973557
9850,2.973557
9851,3.056565
9852,3.006239
9853,3.006239
9854,2.789898
9855,2.656565
9856,2.656565
9857,2.606239
9858,2.523231
9859,2.498930
9860,2.606239
9861,2.389898
9862,2.282589
9863,2.282589
9864,2.206239
9865,2.289246
9866,2.365596
9867,2.472906
9868,2.472906
9869,2.505587
9870,2.472906
9871,2.606239
9872,2.523231
9873,2.523231
9874,2.739572
9875,2.739572
9876,2.523231
9877,2.606239
9878,2.606239
9879,2.573557
9880,2.606239
9881,2.789898
9882,3.006239
9883,3.006239
9884,3.006239
9885,2.923231
9886,2.739572
9887,2.789898
9888,2.973557
9889,2.973557
9890,3.189898
9891,3.189898
9892,3.106891
9893,2.999581
9894,3.106891
9895,2.923231
9896,2.789898
9897,2.789898
9898,2.789898
9899,2.872906
9900,2.872906
9901,3.006239
9902,3.056565
9903,3.056565
9904,3.006239
9905,2.872906
9906,2.789898
9907,3.006239
9908,2.973557
9909,2.973557
9910,2.973557
9911,3.056565
9912,3.056565
9913,3.056565
9914,3.056565
9915,3.240224
9916,3.240224
9917,3.056565
9918,3.106891
9919,3.106891
9920,3.056565
9921,3.006239
9922,3.056565
9923,3.056565
9924,3.056565
9925,3.006239
9926,2.789898
9927,2.822580
9928,2.955913
9929,2.955913
9930,2.955913
9931,2.822580
9932,2.689246
9933,2.472906
9934,2.472906
9935,2.472906
9936,2.472906
9937,2.555913
9938,2.739572
9939,2.872906
9940,3.056565
9941,3.056565
9942,3.056565
9943,3.056565
9944,2.923231
9945,2.923231
9946,3.106891
9947,3.056565
9948,3.189898
9949,3.056565
9950,2.872906
9951,2.872906
9952,2.789898
9953,2.840224
9954,2.789898
9955,2.789898
9956,2.606239
9957,2.549255
9958,2.599581
9959,2.339572
9960,2.289246
9961,2.155913
9962,2.155913
9963,2.415922
9964,2.472906
9965,2.472906
9966,2.472906
9967,2.689246
9968,2.656565
9969,2.606239
9970,2.689246
9971,2.689246
9972,2.739572
9973,2.706891
9974,2.656565
9975,2.656565
9976,2.606239
9977,2.389898
9978,2.440224
9979,2.440224
9980,2.256565
9981,2.389898
9982,2.606239
9983,2.606239
9984,2.606239
9985,2.656565
9986,2.789898
