window_start_place,entropy_bits
1,2.855389
2,3.022055
3,2.792481
4,2.625815
5,2.688722
6,2.688722
7,2.688722
8,2.688722
9,2.855389
10,2.918296
11,2.751629
12,2.751629
13,2.688722
14,2.418296
15,2.251629
16,2.251629
17,2.251629
18,2.522055
19,2.688722
20,2.855389
21,3.022055
22,3.022055
23,2.855389
24,2.625815
25,2.855389
26,3.022055
27,3.084963
28,2.918296
29,2.918296
30,3.084963
31,3.084963
32,3.084963
33,2.855389
34,2.584963
35,2.584963
36,2.418296
37,2.418296
38,2.418296
39,2.688722
40,2.688722
41,2.855389
42,2.855389
43,2.918296
44,2.855389
45,2.918296
46,3.084963
47,2.918296
48,2.918296
49,2.855389
50,2.688722
51,2.625815
52,2.625815
53,2.625815
54,2.625815
55,2.625815
56,2.855389
57,3.022055
58,3.251629
59,3.188722
60,3.251629
61,3.251629
62,3.084963
63,2.918296
64,2.855389
65,2.688722
66,2.688722
67,2.459148
68,2.688722
69,2.522055
70,2.522055
71,2.292481
72,2.229574
73,2.188722
74,2.251629
75,2.522055
76,2.688722
77,2.584963
78,2.584963
79,2.855389
80,2.855389
81,2.688722
82,2.688722
83,2.688722
84,2.751629
85,2.918296
86,2.918296
87,3.084963
88,3.084963
89,3.084963
90,3.251629
91,3.084963
92,2.855389
93,2.855389
94,2.855389
95,2.918296
96,2.855389
97,2.855389
98,3.022055
99,3.022055
100,3.022055
101,2.855389
102,2.855389
103,2.855389
104,2.855389
105,2.688722
106,2.751629
107,2.688722
108,2.855389
109,3.084963
110,2.918296
111,2.918296
112,2.918296
113,2.918296
114,2.918296
115,2.688722
116,2.625815
117,2.625815
118,2.688722
119,2.855389
120,2.918296
121,2.688722
122,2.688722
123,2.688722
124,2.688722
125,2.688722
126,2.855389
127,2.855389
128,2.855389
129,2.792481
130,2.522055
131,2.625815
132,2.625815
133,2.625815
134,2.855389
135,2.855389
136,3.084963
137,3.084963
138,3.084963
139,3.084963
140,2.918296
141,2.855389
142,2.855389
143,2.625815
144,2.355389
145,2.355389
146,2.355389
147,2.355389
148,2.584963
149,2.688722
150,2.625815
151,2.625815
152,2.584963
153,2.584963
154,2.688722
155,2.751629
156,2.688722
157,2.688722
158,2.855389
159,2.855389
160,2.918296
161,3.084963
162,3.084963
163,2.855389
164,2.855389
165,2.855389
166,2.855389
167,2.625815
168,2.522055
169,2.584963
170,2.751629
171,2.751629
172,2.584963
173,2.688722
174,2.688722
175,2.688722
176,2.522055
177,2.292481
178,2.522055
179,2.459148
180,2.459148
181,2.418296
182,2.355389
183,2.625815
184,2.855389
185,2.688722
186,2.688722
187,2.688722
188,2.688722
189,2.855389
190,2.855389
191,2.855389
192,2.855389
193,2.918296
194,2.855389
195,2.855389
196,2.855389
197,2.688722
198,2.918296
199,3.084963
200,3.084963
201,3.084963
202,3.084963
203,2.918296
204,2.918296
205,2.918296
206,2.918296
207,2.751629
208,2.522055
209,2.688722
210,2.688722
211,2.855389
212,2.855389
213,3.022055
214,3.022055
215,2.855389
216,2.751629
217,2.584963
218,2.688722
219,2.918296
220,2.918296
221,2.751629
222,2.688722
223,2.751629
224,2.688722
225,2.688722
226,2.459148
227,2.625815
228,2.459148
229,2.688722
230,2.688722
231,2.688722
232,2.688722
233,2.751629
234,2.918296
235,2.855389
236,3.022055
237,2.855389
238,2.688722
239,2.688722
240,2.688722
241,2.688722
242,2.855389
243,2.688722
244,2.918296
245,2.751629
246,2.751629
247,2.688722
248,2.688722
249,2.688722
250,2.855389
251,2.625815
252,2.584963
253,2.751629
254,2.855389
255,2.855389
256,2.855389
257,2.584963
258,2.855389
259,2.918296
260,2.688722
261,2.688722
262,2.584963
263,2.688722
264,2.855389
265,2.855389
266,2.792481
267,2.792481
268,2.792481
269,2.855389
270,2.855389
271,2.688722
272,2.688722
273,2.688722
274,2.584963
275,2.625815
276,2.792481
277,3.022055
278,3.022055
279,2.855389
280,2.688722
281,2.688722
282,2.688722
283,2.751629
284,2.918296
285,2.918296
286,2.751629
287,2.688722
288,2.688722
289,2.855389
290,2.918296
291,2.688722
292,2.459148
293,2.688722
294,2.918296
295,2.688722
296,2.855389
297,2.855389
298,2.855389
299,2.855389
300,2.855389
301,2.625815
302,2.792481
303,2.792481
304,2.625815
305,2.625815
306,2.625815
307,2.459148
308,2.522055
309,2.688722
310,2.918296
311,2.855389
312,2.584963
313,2.355389
314,2.125815
315,2.355389
316,2.584963
317,2.751629
318,2.855389
319,2.918296
320,2.918296
321,2.918296
322,2.688722
323,2.688722
324,2.584963
325,2.355389
326,2.054585
327,2.355389
328,2.522055
329,2.584963
330,2.625815
331,2.792481
332,3.022055
333,2.855389
334,2.918296
335,2.918296
336,3.084963
337,3.084963
338,2.918296
339,2.918296
340,2.918296
341,2.918296
342,2.918296
343,3.084963
344,3.084963
345,2.918296
346,3.084963
347,3.084963
348,3.084963
349,2.918296
350,2.855389
351,3.022055
352,2.855389
353,2.688722
354,2.625815
355,2.355389
356,2.355389
357,2.084963
358,2.084963
359,2.188722
360,2.188722
361,2.459148
362,2.522055
363,2.688722
364,2.459148
365,2.522055
366,2.688722
367,2.751629
368,2.751629
369,2.584963
370,2.751629
371,2.918296
372,2.855389
373,2.918296
374,2.918296
375,2.855389
376,2.625815
377,2.855389
378,2.918296
379,2.855389
380,2.855389
381,2.625815
382,2.625815
383,2.459148
384,2.188722
385,2.117492
386,2.251629
387,2.418296
388,2.355389
389,2.418296
390,2.584963
391,2.688722
392,2.688722
393,2.688722
394,2.918296
395,3.084963
396,3.084963
397,2.855389
398,2.625815
399,2.855389
400,2.688722
401,2.459148
402,2.459148
403,2.625815
404,2.522055
405,2.625815
406,2.855389
407,2.625815
408,2.522055
409,2.355389
410,2.522055
411,2.251629
412,2.522055
413,2.355389
414,2.584963
415,2.855389
416,2.792481
417,2.751629
418,3.022055
419,3.022055
420,2.855389
421,2.751629
422,2.584963
423,2.584963
424,2.584963
425,2.688722
426,2.584963
427,2.450826
428,2.584963
429,2.688722
430,2.625815
431,2.584963
432,2.584963
433,2.855389
434,2.751629
435,2.617492
436,2.617492
437,2.450826
438,2.751629
439,2.855389
440,2.688722
441,2.688722
442,2.522055
443,2.522055
444,2.688722
445,2.855389
446,3.022055
447,2.855389
448,3.022055
449,2.855389
450,2.918296
451,2.751629
452,2.522055
453,2.522055
454,2.522055
455,2.688722
456,2.688722
457,2.625815
458,2.625815
459,2.688722
460,2.918296
461,3.084963
462,3.084963
463,2.855389
464,2.855389
465,2.584963
466,2.584963
467,2.625815
468,2.459148
469,2.688722
470,2.459148
471,2.688722
472,2.688722
473,2.688722
474,2.584963
475,2.522055
476,2.584963
477,2.584963
478,2.688722
479,2.688722
480,2.688722
481,2.522055
482,2.751629
483,2.688722
484,2.688722
485,2.688722
486,2.688722
487,2.459148
488,2.418296
489,2.584963
490,2.522055
491,2.625815
492,2.625815
493,2.625815
494,2.625815
495,2.855389
496,2.792481
497,2.751629
498,2.584963
499,2.584963
500,2.584963
501,2.584963
502,2.584963
503,2.355389
504,2.625815
505,2.584963
506,2.584963
507,2.355389
508,2.355389
509,2.355389
510,2.625815
511,2.355389
512,2.355389
513,2.522055
514,2.751629
515,2.855389
516,2.855389
517,2.918296
518,2.918296
519,2.918296
520,2.918296
521,2.918296
522,2.688722
523,2.855389
524,2.688722
525,2.688722
526,2.459148
527,2.625815
528,2.688722
529,2.751629
530,2.918296
531,2.918296
532,2.918296
533,2.855389
534,2.855389
535,2.625815
536,2.688722
537,2.584963
538,2.418296
539,2.688722
540,2.688722
541,2.688722
542,2.625815
543,2.855389
544,3.084963
545,3.084963
546,3.084963
547,3.084963
548,2.855389
549,2.855389
550,2.792481
551,2.792481
552,2.625815
553,2.688722
554,2.688722
555,2.688722
556,2.584963
557,2.688722
558,2.584963
559,2.751629
560,2.855389
561,2.918296
562,2.751629
563,2.522055
564,2.459148
565,2.459148
566,2.355389
567,2.584963
568,2.688722
569,2.688722
570,2.918296
571,3.084963
572,3.084963
573,2.855389
574,2.855389
575,2.688722
576,2.918296
577,2.855389
578,2.792481
579,2.625815
580,2.459148
581,2.229574
582,2.188722
583,2.418296
584,2.459148
585,2.625815
586,2.855389
587,2.855389
588,3.022055
589,3.022055
590,3.022055
591,3.022055
592,2.751629
593,2.751629
594,2.751629
595,2.751629
596,2.584963
597,2.688722
598,2.855389
599,2.855389
600,2.855389
601,2.855389
602,2.918296
603,2.918296
604,2.918296
605,2.918296
606,2.918296
607,2.918296
608,3.084963
609,3.084963
610,3.084963
611,2.918296
612,2.751629
613,2.751629
614,2.688722
615,2.584963
616,2.584963
617,2.751629
618,2.751629
619,2.584963
620,2.450826
621,2.450826
622,2.450826
623,2.450826
624,2.450826
625,2.617492
626,2.918296
627,3.188722
628,3.022055
629,3.022055
630,2.751629
631,2.751629
632,2.855389
633,2.688722
634,2.688722
635,2.751629
636,2.522055
637,2.688722
638,2.584963
639,2.584963
640,2.355389
641,2.584963
642,2.688722
643,2.688722
644,2.688722
645,2.459148
646,2.688722
647,2.855389
648,2.855389
649,2.855389
650,2.688722
651,2.688722
652,2.584963
653,2.688722
654,2.688722
655,2.688722
656,2.688722
657,2.751629
658,2.751629
659,2.751629
660,2.688722
661,2.855389
662,2.855389
663,2.584963
664,2.688722
665,2.625815
666,2.855389
667,2.792481
668,2.855389
669,3.022055
670,2.855389
671,3.022055
672,2.918296
673,2.751629
674,2.855389
675,2.688722
676,2.855389
677,2.918296
678,2.688722
679,2.688722
680,2.688722
681,2.918296
682,2.688722
683,2.625815
684,2.625815
685,2.459148
686,2.355389
687,2.355389
688,2.625815
689,2.688722
690,2.688722
691,2.688722
692,2.688722
693,2.855389
694,2.855389
695,2.855389
696,2.855389
697,2.855389
698,2.918296
699,2.855389
700,2.688722
701,2.584963
702,2.355389
703,2.355389
704,2.355389
705,2.396241
706,2.355389
707,2.355389
708,2.188722
709,2.188722
710,2.459148
711,2.522055
712,2.751629
713,2.688722
714,2.855389
715,2.855389
716,2.855389
717,2.688722
718,2.688722
719,2.522055
720,2.688722
721,2.855389
722,2.855389
723,2.625815
724,2.688722
725,2.688722
726,2.855389
727,2.855389
728,2.855389
729,2.918296
730,3.084963
731,3.022055
732,2.751629
733,2.751629
734,2.584963
735,2.751629
736,2.751629
737,2.522055
738,2.522055
739,2.584963
740,2.855389
741,2.918296
742,2.918296
743,2.918296
744,2.855389
745,2.855389
746,2.855389
747,2.918296
748,2.855389
749,2.855389
750,2.855389
751,3.022055
752,2.855389
753,2.855389
754,2.584963
755,2.450826
756,2.125815
757,2.125815
758,1.959148
759,2.125815
760,2.125815
761,1.947339
762,1.780672
763,1.959148
764,2.284159
765,2.584963
766,2.584963
767,2.584963
768,2.855389
769,3.022055
770,2.855389
771,2.855389
772,2.584963
773,2.688722
774,2.855389
775,2.688722
776,2.688722
777,2.522055
778,2.751629
779,2.918296
780,2.855389
781,3.084963
782,3.084963
783,2.918296
784,2.918296
785,2.855389
786,2.855389
787,2.918296
788,2.918296
789,2.918296
790,2.751629
791,2.751629
792,2.918296
793,3.084963
794,3.084963
795,3.022055
796,2.855389
797,2.625815
798,2.355389
799,2.054585
800,2.355389
801,2.251629
802,2.522055
803,2.355389
804,2.355389
805,2.625815
806,2.688722
807,2.751629
808,2.918296
809,2.918296
810,2.918296
811,2.751629
812,2.918296
813,2.855389
814,2.751629
815,2.584963
816,2.584963
817,2.584963
818,2.450826
819,2.450826
820,2.584963
821,2.355389
822,2.355389
823,2.459148
824,2.625815
825,2.688722
826,2.688722
827,2.751629
828,2.688722
829,2.625815
830,2.625815
831,2.688722
832,2.918296
833,3.084963
834,3.084963
835,2.918296
836,2.855389
837,2.855389
838,2.855389
839,2.584963
840,2.751629
841,2.450826
842,2.450826
843,2.125815
844,2.284159
845,2.054585
846,1.784159
847,2.084963
848,2.084963
849,2.084963
850,1.918296
851,2.188722
852,2.125815
853,2.188722
854,2.292481
855,2.459148
856,2.688722
857,2.625815
858,2.355389
859,2.584963
860,2.418296
861,2.284159
862,2.284159
863,2.355389
864,2.355389
865,2.459148
866,2.459148
867,2.688722
868,2.584963
869,2.625815
870,2.625815
871,2.625815
872,2.792481
873,2.855389
874,2.688722
875,2.688722
876,2.751629
877,2.918296
878,2.855389
879,2.855389
880,2.792481
881,2.625815
882,2.396241
883,2.625815
884,2.396241
885,2.396241
886,2.125815
887,2.355389
888,2.584963
889,2.688722
890,2.855389
891,2.918296
892,3.084963
893,3.251629
894,3.084963
895,3.022055
896,2.855389
897,2.855389
898,2.688722
899,2.751629
900,2.751629
901,2.751629
902,2.918296
903,2.918296
904,2.855389
905,2.792481
906,3.022055
907,2.855389
908,2.918296
909,2.918296
910,2.918296
911,2.918296
912,2.688722
913,2.855389
914,2.751629
915,2.855389
916,3.084963
917,2.918296
918,2.918296
919,2.918296
920,2.751629
921,2.688722
922,2.688722
923,2.522055
924,2.522055
925,2.292481
926,2.459148
927,2.355389
928,2.355389
929,2.459148
930,2.459148
931,2.459148
932,2.459148
933,2.396241
934,2.396241
935,2.459148
936,2.459148
937,2.355389
938,2.355389
939,2.355389
940,2.459148
941,2.522055
942,2.459148
943,2.188722
944,2.188722
945,2.188722
946,2.355389
947,2.125815
948,2.355389
949,2.625815
950,2.688722
951,2.688722
952,2.688722
953,2.688722
954,2.625815
955,2.855389
956,2.855389
957,2.855389
958,2.855389
959,2.625815
960,2.396241
961,2.625815
962,2.688722
963,2.459148
964,2.459148
965,2.625815
966,2.625815
967,2.855389
968,2.855389
969,2.918296
970,2.918296
971,2.918296
972,2.918296
973,2.688722
974,2.584963
975,2.418296
976,2.688722
977,2.688722
978,2.688722
979,2.625815
980,2.625815
981,2.355389
982,2.355389
983,2.522055
984,2.625815
985,2.688722
986,2.688722
987,2.688722
988,2.688722
989,2.688722
990,2.855389
991,2.918296
992,2.918296
993,2.855389
994,2.855389
995,2.688722
996,2.688722
997,2.855389
998,2.688722
999,2.751629
1000,2.918296
1001,2.855389
1002,2.855389
1003,2.625815
1004,2.855389
1005,2.855389
1006,2.855389
1007,2.855389
1008,2.918296
1009,2.918296
1010,2.918296
1011,3.084963
1012,2.855389
1013,2.584963
1014,2.584963
1015,2.584963
1016,2.584963
1017,2.688722
1018,2.625815
1019,2.855389
1020,2.918296
1021,2.918296
1022,2.688722
1023,2.459148
1024,2.522055
1025,2.522055
1026,2.688722
1027,2.855389
1028,2.855389
1029,2.918296
1030,2.855389
1031,2.855389
1032,2.625815
1033,2.855389
1034,2.855389
1035,2.918296
1036,2.918296
1037,2.918296
1038,3.084963
1039,2.918296
1040,2.855389
1041,2.625815
1042,2.459148
1043,2.355389
1044,2.355389
1045,2.459148
1046,2.688722
1047,2.688722
1048,2.688722
1049,2.688722
1050,2.918296
1051,2.918296
1052,2.918296
1053,2.855389
1054,2.855389
1055,2.855389
1056,2.688722
1057,2.688722
1058,2.688722
1059,2.688722
1060,2.688722
1061,2.751629
1062,2.688722
1063,2.418296
1064,2.688722
1065,2.918296
1066,2.918296
1067,3.084963
1068,2.855389
1069,2.855389
1070,2.625815
1071,2.688722
1072,2.584963
1073,2.584963
1074,2.688722
1075,2.688722
1076,2.688722
1077,2.688722
1078,2.688722
1079,2.459148
1080,2.625815
1081,2.792481
1082,2.855389
1083,2.751629
1084,2.751629
1085,2.855389
1086,2.855389
1087,2.855389
1088,2.918296
1089,2.855389
1090,2.855389
1091,2.625815
1092,2.459148
1093,2.459148
1094,2.625815
1095,2.522055
1096,2.355389
1097,2.584963
1098,2.418296
1099,2.418296
1100,2.459148
1101,2.188722
1102,2.188722
1103,2.418296
1104,2.355389
1105,2.625815
1106,2.625815
1107,2.855389
1108,2.625815
1109,2.625815
1110,2.584963
1111,2.418296
1112,2.584963
1113,2.855389
1114,2.625815
1115,2.355389
1116,2.625815
1117,2.625815
1118,2.625815
1119,2.688722
1120,2.918296
1121,2.918296
1122,2.918296
1123,2.688722
1124,2.855389
1125,2.855389
1126,2.688722
1127,2.522055
1128,2.688722
1129,2.522055
1130,2.522055
1131,2.418296
1132,2.584963
1133,2.855389
1134,2.625815
1135,2.396241
1136,2.459148
1137,2.292481
1138,2.188722
1139,2.459148
1140,2.418296
1141,2.584963
1142,2.688722
1143,2.751629
1144,2.918296
1145,3.084963
1146,3.084963
1147,3.084963
1148,2.918296
1149,2.751629
1150,2.688722
1151,2.855389
1152,2.688722
1153,2.522055
1154,2.459148
1155,2.459148
1156,2.459148
1157,2.625815
1158,2.855389
1159,2.688722
1160,2.855389
1161,2.855389
1162,2.688722
1163,2.918296
1164,2.855389
1165,2.751629
1166,2.584963
1167,2.418296
1168,2.584963
1169,2.584963
1170,2.450826
1171,2.450826
1172,2.584963
1173,2.522055
1174,2.625815
1175,2.396241
1176,2.625815
1177,2.625815
1178,2.625815
1179,2.396241
1180,2.459148
1181,2.625815
1182,2.855389
1183,2.918296
1184,2.688722
1185,2.688722
1186,2.688722
1187,2.459148
1188,2.459148
1189,2.459148
1190,2.418296
1191,2.584963
1192,2.284159
1193,2.584963
1194,2.751629
1195,2.855389
1196,2.918296
1197,2.918296
1198,2.751629
1199,2.751629
1200,2.688722
1201,2.459148
1202,2.625815
1203,2.625815
1204,2.459148
1205,2.418296
1206,2.418296
1207,2.188722
1208,2.459148
1209,2.459148
1210,2.625815
1211,2.396241
1212,2.459148
1213,2.188722
1214,2.188722
1215,2.459148
1216,2.355389
1217,2.522055
1218,2.355389
1219,2.584963
1220,2.688722
1221,2.855389
1222,2.855389
1223,2.625815
1224,2.625815
1225,2.625815
1226,2.625815
1227,2.355389
1228,2.522055
1229,2.522055
1230,2.522055
1231,2.355389
1232,2.625815
1233,2.625815
1234,2.625815
1235,2.459148
1236,2.688722
1237,2.688722
1238,2.522055
1239,2.459148
1240,2.459148
1241,2.355389
1242,2.355389
1243,2.355389
1244,2.584963
1245,2.584963
1246,2.584963
1247,2.584963
1248,2.584963
1249,2.584963
1250,2.688722
1251,2.688722
1252,2.625815
1253,2.584963
1254,2.584963
1255,2.584963
1256,2.751629
1257,2.751629
1258,2.450826
1259,2.450826
1260,2.751629
1261,2.522055
1262,2.625815
1263,2.584963
1264,2.625815
1265,2.855389
1266,2.855389
1267,2.584963
1268,2.584963
1269,2.584963
1270,2.584963
1271,2.584963
1272,2.584963
1273,2.855389
1274,2.855389
1275,2.855389
1276,2.625815
1277,2.355389
1278,2.188722
1279,2.188722
1280,2.292481
1281,2.522055
1282,2.751629
1283,2.688722
1284,2.688722
1285,2.688722
1286,2.625815
1287,2.625815
1288,2.855389
1289,2.855389
1290,2.584963
1291,2.751629
1292,2.751629
1293,2.584963
1294,2.625815
1295,2.459148
1296,2.625815
1297,2.688722
1298,2.688722
1299,2.688722
1300,2.855389
1301,2.855389
1302,2.855389
1303,2.918296
1304,2.918296
1305,3.084963
1306,2.918296
1307,2.751629
1308,2.751629
1309,2.751629
1310,2.918296
1311,2.918296
1312,2.918296
1313,2.855389
1314,2.855389
1315,2.625815
1316,2.688722
1317,2.688722
1318,2.751629
1319,2.918296
1320,2.855389
1321,2.584963
1322,2.418296
1323,2.355389
1324,2.584963
1325,2.355389
1326,2.459148
1327,2.625815
1328,2.625815
1329,2.792481
1330,2.855389
1331,2.855389
1332,2.855389
1333,2.584963
1334,2.688722
1335,2.688722
1336,2.522055
1337,2.522055
1338,2.522055
1339,2.418296
1340,2.584963
1341,2.522055
1342,2.355389
1343,2.396241
1344,2.625815
1345,2.459148
1346,2.688722
1347,2.418296
1348,2.688722
1349,2.688722
1350,2.584963
1351,2.418296
1352,2.355389
1353,2.418296
1354,2.688722
1355,2.918296
1356,2.918296
1357,2.688722
1358,2.855389
1359,2.855389
1360,2.918296
1361,2.855389
1362,2.855389
1363,2.855389
1364,2.584963
1365,2.355389
1366,2.584963
1367,2.584963
1368,2.688722
1369,2.522055
1370,2.522055
1371,2.751629
1372,2.688722
1373,2.751629
1374,2.751629
1375,2.688722
1376,2.688722
1377,2.688722
1378,2.625815
1379,2.688722
1380,2.855389
1381,2.688722
1382,2.688722
1383,2.688722
1384,2.625815
1385,2.355389
1386,2.355389
1387,2.284159
1388,2.418296
1389,2.355389
1390,2.396241
1391,2.459148
1392,2.459148
1393,2.188722
1394,2.459148
1395,2.625815
1396,2.855389
1397,2.792481
1398,2.855389
1399,3.022055
1400,3.084963
1401,2.918296
1402,2.918296
1403,3.084963
1404,3.084963
1405,3.084963
1406,3.084963
1407,2.918296
1408,2.918296
1409,2.918296
1410,2.918296
1411,2.918296
1412,2.918296
1413,2.918296
1414,2.855389
1415,2.855389
1416,2.584963
1417,2.584963
1418,2.418296
1419,2.355389
1420,2.459148
1421,2.459148
1422,2.688722
1423,2.751629
1424,2.918296
1425,2.855389
1426,2.918296
1427,3.084963
1428,3.084963
1429,3.084963
1430,2.918296
1431,2.918296
1432,2.751629
1433,2.751629
1434,2.751629
1435,2.751629
1436,2.918296
1437,3.084963
1438,3.084963
1439,3.251629
1440,3.084963
1441,2.855389
1442,2.855389
1443,3.022055
1444,3.022055
1445,2.792481
1446,2.625815
1447,2.459148
1448,2.625815
1449,2.855389
1450,2.855389
1451,2.855389
1452,2.918296
1453,2.918296
1454,2.918296
1455,2.918296
1456,2.688722
1457,2.459148
1458,2.459148
1459,2.355389
1460,2.355389
1461,2.084963
1462,2.355389
1463,2.459148
1464,2.459148
1465,2.522055
1466,2.459148
1467,2.459148
1468,2.229574
1469,2.229574
1470,2.188722
1471,2.355389
1472,2.221252
1473,2.054585
1474,2.284159
1475,2.355389
1476,2.584963
1477,2.584963
1478,2.688722
1479,2.688722
1480,2.459148
1481,2.459148
1482,2.459148
1483,2.459148
1484,2.688722
1485,2.625815
1486,2.688722
1487,2.625815
1488,2.459148
1489,2.459148
1490,2.459148
1491,2.522055
1492,2.522055
1493,2.584963
1494,2.751629
1495,2.688722
1496,2.688722
1497,2.688722
1498,2.688722
1499,2.688722
1500,2.918296
1501,3.084963
1502,3.084963
1503,3.251629
1504,3.251629
1505,3.084963
1506,2.918296
1507,2.918296
1508,2.751629
1509,2.918296
1510,2.751629
1511,2.688722
1512,2.688722
1513,2.688722
1514,2.918296
1515,3.084963
1516,3.084963
1517,2.855389
1518,2.751629
1519,2.751629
1520,2.584963
1521,2.855389
1522,2.855389
1523,2.855389
1524,2.688722
1525,2.688722
1526,2.688722
1527,2.688722
1528,2.459148
1529,2.396241
1530,2.396241
1531,2.229574
1532,2.396241
1533,2.396241
1534,2.459148
1535,2.459148
1536,2.625815
1537,2.625815
1538,2.688722
1539,2.855389
1540,2.688722
1541,2.459148
1542,2.459148
1543,2.292481
1544,2.522055
1545,2.688722
1546,2.688722
1547,2.855389
1548,3.022055
1549,2.918296
1550,2.918296
1551,3.022055
1552,3.084963
1553,2.918296
1554,2.855389
1555,2.688722
1556,2.688722
1557,2.522055
1558,2.418296
1559,2.355389
1560,2.355389
1561,2.522055
1562,2.625815
1563,2.459148
1564,2.459148
1565,2.688722
1566,2.625815
1567,2.625815
1568,2.625815
1569,2.459148
1570,2.292481
1571,2.522055
1572,2.459148
1573,2.688722
1574,2.688722
1575,2.855389
1576,3.022055
1577,3.022055
1578,2.751629
1579,2.751629
1580,2.450826
1581,2.450826
1582,2.284159
1583,1.959148
1584,2.054585
1585,2.221252
1586,2.221252
1587,2.284159
1588,2.284159
1589,2.221252
1590,2.355389
1591,2.625815
1592,2.855389
1593,3.022055
1594,2.855389
1595,2.751629
1596,2.584963
1597,2.284159
1598,2.125815
1599,2.284159
1600,2.355389
1601,2.396241
1602,2.229574
1603,2.459148
1604,2.688722
1605,2.688722
1606,2.688722
1607,2.688722
1608,2.688722
1609,2.688722
1610,2.418296
1611,2.688722
1612,2.688722
1613,2.688722
1614,2.625815
1615,2.459148
1616,2.459148
1617,2.188722
1618,2.355389
1619,2.396241
1620,2.125815
1621,2.125815
1622,2.188722
1623,2.459148
1624,2.625815
1625,2.625815
1626,2.688722
1627,2.688722
1628,2.625815
1629,2.584963
1630,2.625815
1631,2.792481
1632,2.792481
1633,2.625815
1634,2.625815
1635,2.792481
1636,2.792481
1637,2.855389
1638,2.855389
1639,2.855389
1640,2.918296
1641,2.918296
1642,2.918296
1643,2.751629
1644,2.522055
1645,2.459148
1646,2.355389
1647,2.418296
1648,2.584963
1649,2.584963
1650,2.418296
1651,2.418296
1652,2.459148
1653,2.355389
1654,2.418296
1655,2.355389
1656,2.188722
1657,2.188722
1658,2.355389
1659,2.459148
1660,2.355389
1661,2.418296
1662,2.522055
1663,2.522055
1664,2.751629
1665,2.688722
1666,2.688722
1667,2.584963
1668,2.751629
1669,2.584963
1670,2.584963
1671,2.751629
1672,2.522055
1673,2.522055
1674,2.792481
1675,2.625815
1676,2.625815
1677,2.688722
1678,2.418296
1679,2.584963
1680,2.584963
1681,2.751629
1682,2.450826
1683,2.584963
1684,2.584963
1685,2.584963
1686,2.584963
1687,2.584963
1688,2.584963
1689,2.284159
1690,2.355389
1691,2.522055
1692,2.251629
1693,2.251629
1694,2.355389
1695,2.355389
1696,2.625815
1697,2.355389
1698,2.625815
1699,2.688722
1700,2.855389
1701,2.625815
1702,2.688722
1703,2.688722
1704,2.688722
1705,2.688722
1706,2.688722
1707,2.688722
1708,2.855389
1709,2.688722
1710,2.625815
1711,2.688722
1712,2.918296
1713,2.855389
1714,2.625815
1715,2.625815
1716,2.459148
1717,2.688722
1718,2.855389
1719,2.855389
1720,2.625815
1721,2.688722
1722,2.855389
1723,2.855389
1724,2.625815
1725,2.355389
1726,2.221252
1727,2.054585
1728,2.054585
1729,2.355389
1730,2.054585
1731,2.284159
1732,2.125815
1733,2.450826
1734,2.450826
1735,2.450826
1736,2.450826
1737,2.522055
1738,2.625815
1739,2.355389
1740,2.084963
1741,2.251629
1742,2.522055
1743,2.355389
1744,2.584963
1745,2.688722
1746,2.751629
1747,2.751629
1748,2.688722
1749,2.855389
1750,2.855389
1751,2.855389
1752,2.688722
1753,2.688722
1754,2.688722
1755,2.522055
1756,2.584963
1757,2.584963
1758,2.751629
1759,2.918296
1760,2.688722
1761,2.625815
1762,2.522055
1763,2.751629
1764,2.584963
1765,2.584963
1766,2.855389
1767,2.855389
1768,2.625815
1769,2.625815
1770,2.625815
1771,2.625815
1772,2.625815
1773,2.855389
1774,2.792481
1775,2.855389
1776,2.688722
1777,2.688722
1778,2.625815
1779,2.625815
1780,2.625815
1781,2.792481
1782,2.855389
1783,3.084963
1784,3.022055
1785,2.792481
1786,2.792481
1787,3.022055
1788,2.751629
1789,2.584963
1790,2.450826
1791,2.751629
1792,2.584963
1793,2.584963
1794,2.855389
1795,2.625815
1796,2.688722
1797,2.688722
1798,2.522055
1799,2.459148
1800,2.459148
1801,2.459148
1802,2.625815
1803,2.625815
1804,2.688722
1805,2.688722
1806,2.918296
1807,2.918296
1808,2.918296
1809,2.751629
1810,2.918296
1811,2.751629
1812,2.751629
1813,2.751629
1814,2.918296
1815,2.855389
1816,2.855389
1817,2.625815
1818,2.625815
1819,2.625815
1820,2.625815
1821,2.625815
1822,2.688722
1823,2.688722
1824,2.688722
1825,2.625815
1826,2.355389
1827,2.251629
1828,2.522055
1829,2.522055
1830,2.584963
1831,2.688722
1832,2.688722
1833,2.625815
1834,2.688722
1835,2.584963
1836,2.355389
1837,2.355389
1838,2.355389
1839,2.125815
1840,2.125815
1841,2.396241
1842,2.625815
1843,2.625815
1844,2.688722
1845,2.918296
1846,3.084963
1847,3.084963
1848,2.855389
1849,2.855389
1850,3.022055
1851,2.792481
1852,2.625815
1853,2.625815
1854,2.688722
1855,2.584963
1856,2.522055
1857,2.522055
1858,2.450826
1859,2.584963
1860,2.418296
1861,2.418296
1862,2.418296
1863,2.459148
1864,2.688722
1865,2.459148
1866,2.625815
1867,2.625815
1868,2.688722
1869,2.625815
1870,2.625815
1871,2.688722
1872,2.625815
1873,2.688722
1874,2.688722
1875,2.918296
1876,2.918296
1877,2.918296
1878,2.855389
1879,2.751629
1880,2.751629
1881,2.584963
1882,2.584963
1883,2.418296
1884,2.418296
1885,2.418296
1886,2.459148
1887,2.459148
1888,2.229574
1889,2.396241
1890,2.459148
1891,2.355389
1892,2.355389
1893,2.584963
1894,2.584963
1895,2.855389
1896,2.918296
1897,2.918296
1898,2.688722
1899,2.688722
1900,2.688722
1901,2.522055
1902,2.688722
1903,2.855389
1904,3.022055
1905,3.022055
1906,3.022055
1907,3.022055
1908,2.855389
1909,2.855389
1910,2.688722
1911,2.625815
1912,2.625815
1913,2.625815
1914,2.625815
1915,2.855389
1916,2.855389
1917,2.855389
1918,2.918296
1919,2.688722
1920,2.855389
1921,2.855389
1922,2.855389
1923,2.688722
1924,2.918296
1925,2.918296
1926,2.918296
1927,2.855389
1928,2.855389
1929,2.584963
1930,2.751629
1931,2.584963
1932,2.584963
1933,2.855389
1934,2.855389
1935,2.918296
1936,2.751629
1937,2.918296
1938,2.918296
1939,2.855389
1940,2.855389
1941,2.855389
1942,2.751629
1943,2.450826
1944,2.584963
1945,2.584963
1946,2.355389
1947,2.355389
1948,2.355389
1949,2.188722
1950,1.887919
1951,2.188722
1952,2.355389
1953,2.355389
1954,2.625815
1955,2.688722
1956,2.918296
1957,2.918296
1958,3.084963
1959,3.084963
1960,3.251629
1961,3.084963
1962,2.918296
1963,3.084963
1964,3.022055
1965,3.022055
1966,3.022055
1967,2.855389
1968,2.855389
1969,2.855389
1970,2.918296
1971,2.918296
1972,2.688722
1973,2.688722
1974,2.855389
1975,2.918296
1976,2.855389
1977,2.855389
1978,2.855389
1979,2.688722
1980,2.855389
1981,2.855389
1982,2.918296
1983,3.084963
1984,2.918296
1985,3.084963
1986,2.918296
1987,2.855389
1988,2.584963
1989,2.584963
1990,2.625815
1991,2.625815
1992,2.792481
1993,2.625815
1994,2.688722
1995,2.522055
1996,2.522055
1997,2.459148
1998,2.522055
1999,2.751629
2000,2.688722
2001,2.751629
2002,2.918296
2003,3.084963
2004,3.084963
2005,3.084963
2006,3.084963
2007,3.084963
2008,3.084963
2009,3.084963
2010,2.855389
2011,2.855389
2012,2.918296
2013,2.918296
2014,2.751629
2015,2.751629
2016,2.688722
2017,2.688722
2018,2.688722
2019,2.688722
2020,2.625815
2021,2.625815
2022,2.688722
2023,2.584963
2024,2.418296
2025,2.459148
2026,2.459148
2027,2.688722
2028,2.584963
2029,2.584963
2030,2.418296
2031,2.284159
2032,1.959148
2033,2.125815
2034,2.284159
2035,2.450826
2036,2.450826
2037,2.584963
2038,2.855389
2039,2.688722
2040,2.688722
2041,2.855389
2042,2.625815
2043,2.855389
2044,2.855389
2045,2.855389
2046,2.584963
2047,2.751629
2048,2.751629
2049,2.584963
2050,2.688722
2051,2.751629
2052,2.688722
2053,2.688722
2054,2.688722
2055,2.688722
2056,2.688722
2057,2.688722
2058,2.688722
2059,2.688722
2060,2.855389
2061,2.918296
2062,2.918296
2063,2.855389
2064,2.625815
2065,2.625815
2066,2.625815
2067,2.688722
2068,2.459148
2069,2.625815
2070,2.625815
2071,2.625815
2072,2.688722
2073,2.688722
2074,2.751629
2075,2.688722
2076,2.625815
2077,2.625815
2078,2.522055
2079,2.792481
2080,2.625815
2081,2.355389
2082,2.625815
2083,2.396241
2084,2.459148
2085,2.459148
2086,2.688722
2087,2.855389
2088,2.792481
2089,2.625815
2090,2.625815
2091,2.855389
2092,2.855389
2093,2.855389
2094,2.918296
2095,2.855389
2096,2.855389
2097,2.855389
2098,2.855389
2099,3.084963
2100,2.855389
2101,2.688722
2102,2.918296
2103,2.918296
2104,2.688722
2105,2.855389
2106,2.855389
2107,2.688722
2108,2.688722
2109,2.688722
2110,2.688722
2111,2.459148
2112,2.688722
2113,2.688722
2114,2.855389
2115,3.084963
2116,3.084963
2117,2.855389
2118,2.625815
2119,2.688722
2120,2.855389
2121,2.855389
2122,2.751629
2123,2.584963
2124,2.584963
2125,2.625815
2126,2.355389
2127,2.584963
2128,2.855389
2129,2.688722
2130,2.688722
2131,2.855389
2132,2.855389
2133,2.792481
2134,2.855389
2135,3.084963
2136,2.855389
2137,2.688722
2138,2.855389
2139,2.625815
2140,2.459148
2141,2.625815
2142,2.625815
2143,2.688722
2144,2.918296
2145,2.855389
2146,2.855389
2147,2.855389
2148,2.625815
2149,2.625815
2150,2.855389
2151,2.855389
2152,2.855389
2153,2.855389
2154,2.855389
2155,2.855389
2156,2.855389
2157,2.751629
2158,2.855389
2159,2.688722
2160,2.688722
2161,2.625815
2162,2.459148
2163,2.229574
2164,2.229574
2165,2.188722
2166,2.188722
2167,2.229574
2168,2.396241
2169,2.125815
2170,2.355389
2171,2.355389
2172,2.522055
2173,2.792481
2174,3.022055
2175,3.188722
2176,3.022055
2177,3.084963
2178,3.084963
2179,3.084963
2180,2.855389
2181,3.084963
2182,3.084963
2183,3.251629
2184,3.251629
2185,3.084963
2186,3.084963
2187,3.084963
2188,3.022055
2189,2.855389
2190,2.688722
2191,2.584963
2192,2.355389
2193,2.221252
2194,2.355389
2195,2.054585
2196,2.054585
2197,2.054585
2198,2.054585
2199,2.221252
2200,2.355389
2201,2.522055
2202,2.584963
2203,2.688722
2204,2.855389
2205,3.084963
2206,2.918296
2207,2.918296
2208,2.688722
2209,2.522055
2210,2.751629
2211,2.688722
2212,2.418296
2213,2.355389
2214,2.355389
2215,2.054585
2216,2.054585
2217,2.355389
2218,2.355389
2219,2.355389
2220,2.284159
2221,2.284159
2222,2.054585
2223,2.054585
2224,2.084963
2225,2.188722
2226,2.188722
2227,2.459148
2228,2.459148
2229,2.459148
2230,2.418296
2231,2.418296
2232,2.584963
2233,2.751629
2234,2.855389
2235,2.855389
2236,2.855389
2237,3.084963
2238,3.084963
2239,2.918296
2240,2.918296
2241,2.918296
2242,2.918296
2243,2.918296
2244,2.688722
2245,2.855389
2246,2.855389
2247,2.855389
2248,3.022055
2249,3.022055
2250,3.084963
2251,2.855389
2252,2.855389
2253,2.918296
2254,2.918296
2255,2.918296
2256,2.855389
2257,2.855389
2258,2.625815
2259,2.459148
2260,2.459148
2261,2.459148
2262,2.522055
2263,2.459148
2264,2.688722
2265,2.459148
2266,2.396241
2267,2.625815
2268,2.459148
2269,2.396241
2270,2.396241
2271,2.125815
2272,2.084963
2273,2.084963
2274,2.251629
2275,2.355389
2276,2.355389
2277,2.054585
2278,2.284159
2279,2.355389
2280,2.459148
2281,2.688722
2282,2.688722
2283,2.855389
2284,2.855389
2285,2.918296
2286,2.918296
2287,2.918296
2288,2.918296
2289,2.855389
2290,2.855389
2291,2.688722
2292,2.855389
2293,2.918296
2294,2.855389
2295,2.855389
2296,2.855389
2297,2.855389
2298,2.855389
2299,2.751629
2300,2.751629
2301,2.584963
2302,2.855389
2303,2.855389
2304,2.584963
2305,2.584963
2306,2.855389
2307,2.855389
2308,2.855389
2309,2.855389
2310,3.084963
2311,3.251629
2312,3.022055
2313,2.855389
2314,2.751629
2315,2.450826
2316,2.450826
2317,2.617492
2318,2.751629
2319,2.751629
2320,2.584963
2321,2.855389
2322,2.855389
2323,2.688722
2324,2.688722
2325,2.688722
2326,2.688722
2327,2.688722
2328,2.855389
2329,2.855389
2330,2.688722
2331,2.918296
2332,2.855389
2333,2.855389
2334,2.688722
2335,2.522055
2336,2.522055
2337,2.688722
2338,2.688722
2339,2.688722
2340,2.751629
2341,2.688722
2342,2.688722
2343,2.459148
2344,2.459148
2345,2.522055
2346,2.459148
2347,2.459148
2348,2.459148
2349,2.522055
2350,2.459148
2351,2.459148
2352,2.459148
2353,2.188722
2354,2.125815
2355,2.125815
2356,2.188722
2357,2.459148
2358,2.355389
2359,2.418296
2360,2.459148
2361,2.688722
2362,2.688722
2363,2.688722
2364,2.918296
2365,2.688722
2366,2.584963
2367,2.450826
2368,2.284159
2369,2.450826
2370,2.292481
2371,2.125815
2372,2.125815
2373,2.221252
2374,2.251629
2375,2.251629
2376,2.084963
2377,2.054585
2378,2.284159
2379,2.284159
2380,2.125815
2381,2.221252
2382,2.054585
2383,2.188722
2384,2.418296
2385,2.688722
2386,2.688722
2387,2.625815
2388,2.625815
2389,2.688722
2390,2.459148
2391,2.688722
2392,2.625815
2393,2.459148
2394,2.625815
2395,2.688722
2396,2.918296
2397,3.084963
2398,3.251629
2399,3.084963
2400,3.251629
2401,3.251629
2402,3.022055
2403,2.855389
2404,2.855389
2405,2.625815
2406,2.688722
2407,2.688722
2408,2.688722
2409,2.459148
2410,2.459148
2411,2.459148
2412,2.459148
2413,2.625815
2414,2.625815
2415,2.688722
2416,2.751629
2417,2.751629
2418,2.918296
2419,2.855389
2420,2.625815
2421,2.396241
2422,2.355389
2423,2.251629
2424,2.251629
2425,2.522055
2426,2.625815
2427,2.625815
2428,2.688722
2429,2.688722
2430,2.522055
2431,2.292481
2432,2.522055
2433,2.522055
2434,2.522055
2435,2.688722
2436,2.688722
2437,2.855389
2438,2.855389
2439,2.688722
2440,2.418296
2441,2.688722
2442,2.918296
2443,2.918296
2444,2.918296
2445,2.918296
2446,2.688722
2447,2.855389
2448,2.688722
2449,2.418296
2450,2.584963
2451,2.355389
2452,2.459148
2453,2.625815
2454,2.688722
2455,2.688722
2456,2.855389
2457,2.688722
2458,2.918296
2459,2.918296
2460,2.918296
2461,2.918296
2462,2.918296
2463,2.918296
2464,2.918296
2465,2.918296
2466,2.918296
2467,3.084963
2468,2.918296
2469,2.918296
2470,2.855389
2471,2.855389
2472,2.855389
2473,2.688722
2474,2.688722
2475,2.688722
2476,2.688722
2477,2.625815
2478,2.625815
2479,2.625815
2480,2.625815
2481,2.855389
2482,2.918296
2483,2.855389
2484,2.855389
2485,2.855389
2486,2.855389
2487,2.792481
2488,2.855389
2489,2.855389
2490,2.584963
2491,2.418296
2492,2.688722
2493,2.688722
2494,2.855389
2495,2.688722
2496,2.688722
2497,2.688722
2498,2.918296
2499,2.918296
2500,2.751629
2501,2.751629
2502,2.584963
2503,2.751629
2504,2.751629
2505,2.688722
2506,2.688722
2507,2.688722
2508,2.584963
2509,2.688722
2510,2.688722
2511,2.418296
2512,2.522055
2513,2.459148
2514,2.625815
2515,2.459148
2516,2.522055
2517,2.522055
2518,2.688722
2519,2.688722
2520,2.855389
2521,2.688722
2522,2.688722
2523,2.855389
2524,2.688722
2525,2.625815
2526,2.688722
2527,2.688722
2528,2.688722
2529,2.688722
2530,2.918296
2531,3.084963
2532,3.084963
2533,3.084963
2534,2.855389
2535,2.918296
2536,2.688722
2537,2.688722
2538,2.584963
2539,2.751629
2540,2.918296
2541,2.751629
2542,2.584963
2543,2.688722
2544,2.918296
2545,2.688722
2546,2.688722
2547,2.522055
2548,2.688722
2549,2.918296
2550,2.918296
2551,2.918296
2552,3.084963
2553,2.855389
2554,2.855389
2555,2.688722
2556,2.584963
2557,2.584963
2558,2.418296
2559,2.117492
2560,2.418296
2561,2.418296
2562,2.355389
2563,2.625815
2564,2.855389
2565,3.084963
2566,3.084963
2567,2.918296
2568,2.855389
2569,2.855389
2570,2.688722
2571,2.688722
2572,2.751629
2573,2.688722
2574,2.522055
2575,2.688722
2576,2.688722
2577,2.688722
2578,2.688722
2579,2.688722
2580,2.855389
2581,2.855389
2582,2.855389
2583,2.855389
2584,2.855389
2585,2.855389
2586,3.084963
2587,3.084963
2588,3.251629
2589,3.022055
2590,2.792481
2591,3.022055
2592,2.855389
2593,2.625815
2594,2.855389
2595,2.855389
2596,2.855389
2597,2.855389
2598,2.625815
2599,2.522055
2600,2.522055
2601,2.355389
2602,2.625815
2603,2.584963
2604,2.751629
2605,2.855389
2606,3.022055
2607,2.855389
2608,2.855389
2609,3.084963
2610,2.855389
2611,2.792481
2612,2.751629
2613,2.751629
2614,2.855389
2615,3.022055
2616,3.022055
2617,3.084963
2618,2.918296
2619,2.918296
2620,2.918296
2621,2.918296
2622,2.918296
2623,2.855389
2624,2.688722
2625,2.459148
2626,2.688722
2627,2.584963
2628,2.688722
2629,2.688722
2630,2.918296
2631,2.855389
2632,2.625815
2633,2.625815
2634,2.625815
2635,2.584963
2636,2.355389
2637,2.459148
2638,2.355389
2639,2.625815
2640,2.625815
2641,2.396241
2642,2.396241
2643,2.625815
2644,2.625815
2645,2.584963
2646,2.751629
2647,2.855389
2648,2.584963
2649,2.584963
2650,2.688722
2651,2.625815
2652,2.625815
2653,2.459148
2654,2.459148
2655,2.688722
2656,2.688722
2657,2.855389
2658,2.855389
2659,2.918296
2660,2.688722
2661,2.625815
2662,2.625815
2663,2.625815
2664,2.459148
2665,2.459148
2666,2.459148
2667,2.625815
2668,2.625815
2669,2.625815
2670,2.625815
2671,2.625815
2672,2.625815
2673,2.855389
2674,2.855389
2675,2.918296
2676,2.918296
2677,2.855389
2678,2.918296
2679,2.918296
2680,2.918296
2681,2.918296
2682,2.855389
2683,2.688722
2684,2.688722
2685,2.751629
2686,2.688722
2687,2.688722
2688,2.688722
2689,2.459148
2690,2.459148
2691,2.355389
2692,2.418296
2693,2.418296
2694,2.522055
2695,2.522055
2696,2.418296
2697,2.284159
2698,2.284159
2699,2.284159
2700,2.284159
2701,2.355389
2702,2.418296
2703,2.688722
2704,2.625815
2705,2.625815
2706,2.688722
2707,2.688722
2708,2.751629
2709,2.751629
2710,2.751629
2711,2.918296
2712,2.688722
2713,2.751629
2714,2.688722
2715,2.855389
2716,2.751629
2717,2.918296
2718,2.751629
2719,2.584963
2720,2.584963
2721,2.418296
2722,2.459148
2723,2.292481
2724,2.292481
2725,2.522055
2726,2.459148
2727,2.625815
2728,2.355389
2729,2.625815
2730,2.688722
2731,2.418296
2732,2.584963
2733,2.688722
2734,2.688722
2735,2.625815
2736,2.855389
2737,2.688722
2738,2.418296
2739,2.584963
2740,2.584963
2741,2.584963
2742,2.688722
2743,2.855389
2744,2.855389
2745,2.792481
2746,2.625815
2747,2.688722
2748,2.751629
2749,2.751629
2750,2.751629
2751,2.522055
2752,2.522055
2753,2.688722
2754,2.751629
2755,2.751629
2756,2.751629
2757,2.751629
2758,2.688722
2759,2.625815
2760,2.792481
2761,2.522055
2762,2.584963
2763,2.584963
2764,2.584963
2765,2.855389
2766,2.918296
2767,2.918296
2768,2.918296
2769,2.688722
2770,2.688722
2771,2.584963
2772,2.584963
2773,2.751629
2774,2.522055
2775,2.522055
2776,2.584963
2777,2.688722
2778,2.522055
2779,2.688722
2780,2.688722
2781,2.855389
2782,2.855389
2783,2.855389
2784,2.855389
2785,2.918296
2786,2.855389
2787,2.688722
2788,2.688722
2789,2.688722
2790,2.688722
2791,2.688722
2792,2.522055
2793,2.522055
2794,2.522055
2795,2.522055
2796,2.459148
2797,2.459148
2798,2.229574
2799,2.459148
2800,2.418296
2801,2.584963
2802,2.625815
2803,2.792481
2804,2.855389
2805,2.688722
2806,2.688722
2807,2.688722
2808,2.918296
2809,3.084963
2810,3.084963
2811,3.084963
2812,3.084963
2813,3.084963
2814,2.855389
2815,3.084963
2816,3.084963
2817,3.084963
2818,3.084963
2819,2.855389
2820,2.855389
2821,2.584963
2822,2.355389
2823,2.125815
2824,2.125815
2825,1.855389
2826,1.855389
2827,2.084963
2828,2.355389
2829,2.284159
2830,2.450826
2831,2.584963
2832,2.584963
2833,2.855389
2834,2.855389
2835,2.625815
2836,2.855389
2837,3.084963
2838,3.084963
2839,2.855389
2840,2.688722
2841,2.855389
2842,2.918296
2843,2.918296
2844,2.751629
2845,2.751629
2846,2.918296
2847,2.918296
2848,2.918296
2849,2.918296
2850,3.084963
2851,3.084963
2852,3.084963
2853,3.084963
2854,2.918296
2855,2.918296
2856,2.918296
2857,3.084963
2858,2.855389
2859,2.918296
2860,2.918296
2861,2.918296
2862,3.084963
2863,2.855389
2864,2.855389
2865,2.855389
2866,2.855389
2867,2.625815
2868,2.625815
2869,2.625815
2870,2.688722
2871,2.459148
2872,2.459148
2873,2.688722
2874,2.688722
2875,2.584963
2876,2.855389
2877,2.855389
2878,2.855389
2879,2.855389
2880,2.855389
2881,2.751629
2882,2.792481
2883,2.855389
2884,2.688722
2885,2.688722
2886,2.688722
2887,2.688722
2888,2.918296
2889,2.918296
2890,2.918296
2891,2.918296
2892,2.855389
2893,2.625815
2894,2.355389
2895,2.251629
2896,2.084963
2897,2.084963
2898,2.355389
2899,2.355389
2900,2.054585
2901,2.221252
2902,2.221252
2903,2.450826
2904,2.751629
2905,2.751629
2906,2.918296
2907,3.022055
2908,2.751629
2909,2.855389
2910,2.625815
2911,2.855389
2912,2.855389
2913,2.688722
2914,2.855389
2915,2.855389
2916,3.084963
2917,3.022055
2918,3.022055
2919,2.751629
2920,2.751629
2921,2.751629
2922,2.617492
2923,2.617492
2924,2.751629
2925,2.450826
2926,2.284159
2927,2.450826
2928,2.617492
2929,2.751629
2930,2.855389
2931,2.918296
2932,2.918296
2933,2.688722
2934,2.855389
2935,2.855389
2936,2.751629
2937,2.584963
2938,2.418296
2939,2.459148
2940,2.355389
2941,2.188722
2942,2.355389
2943,2.284159
2944,2.221252
2945,2.450826
2946,2.522055
2947,2.522055
2948,2.450826
2949,2.221252
2950,2.221252
2951,2.355389
2952,2.625815
2953,2.355389
2954,2.355389
2955,2.284159
2956,2.584963
2957,2.418296
2958,2.688722
2959,2.688722
2960,2.584963
2961,2.688722
2962,2.688722
2963,2.625815
2964,2.855389
2965,2.855389
2966,2.688722
2967,2.918296
2968,2.918296
2969,2.918296
2970,2.918296
2971,2.918296
2972,2.855389
2973,2.855389
2974,3.022055
2975,2.751629
2976,2.855389
2977,2.688722
2978,2.688722
2979,2.522055
2980,2.751629
2981,2.688722
2982,2.688722
2983,2.625815
2984,2.855389
2985,3.084963
2986,3.084963
2987,3.084963
2988,2.918296
2989,2.688722
2990,2.918296
2991,2.688722
2992,2.918296
2993,2.855389
2994,2.918296
2995,2.918296
2996,2.918296
2997,2.918296
2998,3.084963
2999,3.084963
3000,3.084963
3001,2.855389
3002,3.084963
3003,2.918296
3004,2.918296
3005,2.855389
3006,2.751629
3007,2.792481
3008,2.792481
3009,2.855389
3010,2.584963
3011,2.522055
3012,2.522055
3013,2.625815
3014,2.625815
3015,2.459148
3016,2.459148
3017,2.688722
3018,2.688722
3019,2.688722
3020,2.918296
3021,2.855389
3022,2.688722
3023,2.459148
3024,2.688722
3025,2.918296
3026,2.688722
3027,2.751629
3028,2.751629
3029,2.918296
3030,2.918296
3031,2.918296
3032,2.918296
3033,2.918296
3034,2.918296
3035,3.084963
3036,3.084963
3037,3.084963
3038,2.918296
3039,2.855389
3040,2.855389
3041,2.792481
3042,2.855389
3043,2.688722
3044,2.522055
3045,2.522055
3046,2.522055
3047,2.522055
3048,2.584963
3049,2.522055
3050,2.688722
3051,2.459148
3052,2.396241
3053,2.229574
3054,2.229574
3055,2.292481
3056,2.229574
3057,2.459148
3058,2.522055
3059,2.522055
3060,2.459148
3061,2.625815
3062,2.625815
3063,2.459148
3064,2.396241
3065,2.459148
3066,2.625815
3067,2.688722
3068,2.584963
3069,2.584963
3070,2.522055
3071,2.792481
3072,2.792481
3073,2.792481
3074,2.792481
3075,2.855389
3076,2.751629
3077,2.584963
3078,2.584963
3079,2.584963
3080,2.418296
3081,2.459148
3082,2.522055
3083,2.459148
3084,2.459148
3085,2.459148
3086,2.688722
3087,2.751629
3088,2.688722
3089,2.688722
3090,2.688722
3091,2.688722
3092,2.625815
3093,2.625815
3094,2.855389
3095,2.751629
3096,2.855389
3097,2.855389
3098,2.855389
3099,2.688722
3100,2.688722
3101,2.522055
3102,2.522055
3103,2.522055
3104,2.688722
3105,2.418296
3106,2.584963
3107,2.584963
3108,2.751629
3109,2.584963
3110,2.855389
3111,2.918296
3112,2.918296
3113,2.688722
3114,2.688722
3115,2.688722
3116,2.688722
3117,2.688722
3118,2.522055
3119,2.688722
3120,2.688722
3121,2.625815
3122,2.688722
3123,2.688722
3124,2.751629
3125,2.751629
3126,2.751629
3127,2.918296
3128,2.918296
3129,2.688722
3130,2.625815
3131,2.792481
3132,2.855389
3133,2.855389
3134,2.855389
3135,3.022055
3136,2.855389
3137,2.918296
3138,2.918296
3139,2.918296
3140,3.084963
3141,2.918296
3142,2.855389
3143,2.855389
3144,2.792481
3145,2.855389
3146,2.688722
3147,2.688722
3148,2.688722
3149,2.688722
3150,2.688722
3151,2.522055
3152,2.522055
3153,2.688722
3154,2.522055
3155,2.584963
3156,2.751629
3157,2.751629
3158,2.918296
3159,2.918296
3160,2.688722
3161,2.688722
3162,2.459148
3163,2.625815
3164,2.855389
3165,2.918296
3166,2.855389
3167,2.918296
3168,2.688722
3169,2.688722
3170,2.688722
3171,2.625815
3172,2.625815
3173,2.625815
3174,2.625815
3175,2.688722
3176,2.688722
3177,2.688722
3178,2.688722
3179,2.522055
3180,2.688722
3181,2.688722
3182,2.855389
3183,2.792481
3184,2.855389
3185,3.022055
3186,3.084963
3187,3.084963
3188,2.855389
3189,2.855389
3190,2.855389
3191,2.855389
3192,2.855389
3193,2.855389
3194,2.625815
3195,2.396241
3196,2.459148
3197,2.292481
3198,2.188722
3199,2.188722
3200,2.188722
3201,2.188722
3202,2.188722
3203,2.459148
3204,2.688722
3205,2.688722
3206,2.688722
3207,2.625815
3208,2.625815
3209,2.625815
3210,2.355389
3211,2.625815
3212,2.688722
3213,2.688722
3214,2.855389
3215,2.855389
3216,2.918296
3217,2.918296
3218,2.855389
3219,2.688722
3220,2.688722
3221,2.688722
3222,2.688722
3223,2.918296
3224,2.918296
3225,2.918296
3226,3.084963
3227,3.084963
3228,3.022055
3229,3.022055
3230,2.855389
3231,2.688722
3232,2.688722
3233,2.855389
3234,2.918296
3235,2.918296
3236,2.918296
3237,3.084963
3238,3.084963
3239,3.084963
3240,2.918296
3241,2.855389
3242,2.855389
3243,2.855389
3244,2.625815
3245,2.459148
3246,2.459148
3247,2.355389
3248,2.584963
3249,2.355389
3250,2.522055
3251,2.625815
3252,2.625815
3253,2.625815
3254,2.855389
3255,3.022055
3256,3.084963
3257,3.022055
3258,2.855389
3259,2.688722
3260,2.855389
3261,3.084963
3262,2.855389
3263,2.688722
3264,2.688722
3265,2.625815
3266,2.625815
3267,2.625815
3268,2.625815
3269,2.459148
3270,2.188722
3271,2.084963
3272,2.084963
3273,2.355389
3274,2.188722
3275,2.418296
3276,2.584963
3277,2.522055
3278,2.522055
3279,2.625815
3280,2.625815
3281,2.625815
3282,2.625815
3283,2.855389
3284,2.855389
3285,2.855389
3286,2.855389
3287,2.688722
3288,2.459148
3289,2.522055
3290,2.751629
3291,2.751629
3292,2.688722
3293,2.688722
3294,2.688722
3295,2.855389
3296,2.688722
3297,2.688722
3298,2.688722
3299,2.918296
3300,2.855389
3301,2.918296
3302,2.688722
3303,2.688722
3304,2.688722
3305,2.918296
3306,3.084963
3307,2.918296
3308,3.084963
3309,3.084963
3310,3.084963
3311,3.084963
3312,3.084963
3313,2.918296
3314,2.855389
3315,2.855389
3316,2.688722
3317,2.584963
3318,2.584963
3319,2.855389
3320,2.688722
3321,2.688722
3322,2.625815
3323,2.855389
3324,2.855389
3325,3.022055
3326,3.022055
3327,2.855389
3328,2.625815
3329,2.688722
3330,2.688722
3331,2.688722
3332,2.459148
3333,2.229574
3334,2.292481
3335,2.188722
3336,2.188722
3337,2.418296
3338,2.459148
3339,2.229574
3340,2.459148
3341,2.688722
3342,2.688722
3343,2.688722
3344,2.751629
3345,2.751629
3346,2.918296
3347,2.918296
3348,2.918296
3349,2.918296
3350,3.084963
3351,2.855389
3352,2.855389
3353,2.688722
3354,2.459148
3355,2.459148
3356,2.188722
3357,2.188722
3358,2.188722
3359,2.188722
3360,2.355389
3361,2.355389
3362,2.355389
3363,2.522055
3364,2.792481
3365,2.855389
3366,2.918296
3367,2.918296
3368,2.918296
3369,2.751629
3370,2.751629
3371,2.751629
3372,2.688722
3373,2.625815
3374,2.459148
3375,2.522055
3376,2.522055
3377,2.459148
3378,2.459148
3379,2.396241
3380,2.459148
3381,2.522055
3382,2.688722
3383,2.688722
3384,2.751629
3385,2.751629
3386,2.688722
3387,2.688722
3388,2.625815
3389,2.688722
3390,2.625815
3391,2.625815
3392,2.459148
3393,2.459148
3394,2.459148
3395,2.688722
3396,2.522055
3397,2.688722
3398,2.584963
3399,2.688722
3400,2.688722
3401,2.688722
3402,2.418296
3403,2.355389
3404,2.355389
3405,2.625815
3406,2.688722
3407,2.688722
3408,2.688722
3409,2.855389
3410,3.084963
3411,2.918296
3412,2.855389
3413,3.084963
3414,2.918296
3415,2.918296
3416,2.918296
3417,2.855389
3418,2.855389
3419,3.022055
3420,3.022055
3421,3.084963
3422,3.084963
3423,3.084963
3424,2.855389
3425,2.584963
3426,2.522055
3427,2.355389
3428,2.625815
3429,2.522055
3430,2.355389
3431,2.459148
3432,2.355389
3433,2.584963
3434,2.751629
3435,2.855389
3436,2.918296
3437,2.855389
3438,2.855389
3439,2.855389
3440,2.625815
3441,2.625815
3442,2.688722
3443,2.688722
3444,2.855389
3445,2.688722
3446,2.688722
3447,2.855389
3448,3.084963
3449,3.084963
3450,2.855389
3451,2.688722
3452,2.918296
3453,2.855389
3454,2.792481
3455,2.751629
3456,2.855389
3457,2.855389
3458,2.918296
3459,2.751629
3460,2.751629
3461,2.918296
3462,3.084963
3463,2.855389
3464,2.855389
3465,3.084963
3466,2.918296
3467,2.855389
3468,2.688722
3469,2.522055
3470,2.522055
3471,2.459148
3472,2.459148
3473,2.625815
3474,2.855389
3475,2.625815
3476,2.625815
3477,2.855389
3478,2.855389
3479,2.855389
3480,2.688722
3481,2.688722
3482,2.751629
3483,2.688722
3484,2.688722
3485,2.625815
3486,2.355389
3487,2.459148
3488,2.355389
3489,2.584963
3490,2.584963
3491,2.584963
3492,2.450826
3493,2.292481
3494,2.292481
3495,2.450826
3496,2.284159
3497,2.450826
3498,2.584963
3499,2.584963
3500,2.855389
3501,2.625815
3502,2.855389
3503,2.688722
3504,2.751629
3505,2.751629
3506,2.688722
3507,2.688722
3508,2.688722
3509,2.688722
3510,2.688722
3511,2.522055
3512,2.522055
3513,2.688722
3514,2.688722
3515,2.688722
3516,2.855389
3517,2.918296
3518,2.688722
3519,2.855389
3520,2.855389
3521,2.584963
3522,2.355389
3523,2.355389
3524,2.284159
3525,2.284159
3526,2.584963
3527,2.355389
3528,2.054585
3529,2.054585
3530,2.054585
3531,2.221252
3532,2.450826
3533,2.584963
3534,2.584963
3535,2.688722
3536,2.688722
3537,2.688722
3538,2.459148
3539,2.625815
3540,2.688722
3541,2.751629
3542,2.751629
3543,2.522055
3544,2.418296
3545,2.355389
3546,2.284159
3547,2.584963
3548,2.418296
3549,2.355389
3550,2.522055
3551,2.751629
3552,2.584963
3553,2.688722
3554,2.459148
3555,2.459148
3556,2.355389
3557,2.084963
3558,2.084963
3559,1.950826
3560,1.896241
3561,1.896241
3562,1.896241
3563,2.221252
3564,1.950826
3565,2.251629
3566,2.355389
3567,2.625815
3568,2.688722
3569,2.688722
3570,2.751629
3571,2.688722
3572,2.459148
3573,2.418296
3574,2.584963
3575,2.855389
3576,2.751629
3577,2.522055
3578,2.522055
3579,2.522055
3580,2.792481
3581,2.855389
3582,2.855389
3583,2.688722
3584,2.918296
3585,2.918296
3586,3.084963
3587,3.022055
3588,3.022055
3589,3.022055
3590,3.084963
3591,2.918296
3592,2.918296
3593,2.918296
3594,2.751629
3595,2.751629
3596,2.751629
3597,2.688722
3598,2.688722
3599,2.918296
3600,2.855389
3601,2.855389
3602,2.918296
3603,2.918296
3604,2.855389
3605,2.918296
3606,2.918296
3607,2.918296
3608,2.918296
3609,2.855389
3610,2.584963
3611,2.584963
3612,2.584963
3613,2.584963
3614,2.418296
3615,2.688722
3616,2.855389
3617,2.688722
3618,2.918296
3619,2.918296
3620,3.084963
3621,3.022055
3622,2.855389
3623,2.918296
3624,2.918296
3625,2.751629
3626,2.584963
3627,2.584963
3628,2.751629
3629,2.751629
3630,2.751629
3631,2.688722
3632,2.688722
3633,2.918296
3634,2.688722
3635,2.688722
3636,2.855389
3637,2.918296
3638,2.751629
3639,2.688722
3640,2.855389
3641,2.855389
3642,2.625815
3643,2.459148
3644,2.459148
3645,2.459148
3646,2.522055
3647,2.522055
3648,2.522055
3649,2.522055
3650,2.522055
3651,2.688722
3652,2.918296
3653,2.918296
3654,2.918296
3655,3.084963
3656,3.251629
3657,3.084963
3658,2.918296
3659,2.918296
3660,2.918296
3661,2.918296
3662,2.751629
3663,2.522055
3664,2.688722
3665,2.855389
3666,2.792481
3667,2.751629
3668,2.450826
3669,2.450826
3670,2.450826
3671,2.522055
3672,2.522055
3673,2.355389
3674,2.355389
3675,2.625815
3676,2.855389
3677,2.688722
3678,2.522055
3679,2.751629
3680,2.751629
3681,2.688722
3682,2.688722
3683,2.418296
3684,2.522055
3685,2.751629
3686,2.688722
3687,2.751629
3688,2.688722
3689,2.855389
3690,2.584963
3691,2.418296
3692,2.459148
3693,2.355389
3694,2.625815
3695,2.459148
3696,2.459148
3697,2.625815
3698,2.355389
3699,2.355389
3700,2.396241
3701,2.459148
3702,2.688722
3703,2.625815
3704,2.459148
3705,2.688722
3706,2.688722
3707,2.688722
3708,2.918296
3709,2.918296
3710,3.084963
3711,3.084963
3712,2.855389
3713,2.855389
3714,2.855389
3715,2.855389
3716,2.625815
3717,2.625815
3718,2.855389
3719,2.751629
3720,2.855389
3721,2.918296
3722,2.855389
3723,2.688722
3724,2.918296
3725,2.918296
3726,2.688722
3727,2.459148
3728,2.292481
3729,2.459148
3730,2.459148
3731,2.688722
3732,2.688722
3733,2.855389
3734,2.855389
3735,2.918296
3736,2.855389
3737,2.688722
3738,2.625815
3739,2.855389
3740,2.688722
3741,2.855389
3742,2.625815
3743,2.522055
3744,2.355389
3745,2.625815
3746,2.855389
3747,2.918296
3748,3.084963
3749,2.918296
3750,2.918296
3751,2.918296
3752,2.688722
3753,2.688722
3754,2.688722
3755,2.522055
3756,2.459148
3757,2.459148
3758,2.459148
3759,2.188722
3760,2.084963
3761,2.188722
3762,2.188722
3763,2.459148
3764,2.459148
3765,2.355389
3766,2.625815
3767,2.855389
3768,2.918296
3769,2.918296
3770,2.855389
3771,2.855389
3772,2.918296
3773,2.918296
3774,2.918296
3775,2.918296
3776,2.751629
3777,2.688722
3778,2.855389
3779,2.855389
3780,3.022055
3781,2.855389
3782,2.855389
3783,2.688722
3784,2.688722
3785,2.751629
3786,2.688722
3787,2.918296
3788,3.084963
3789,2.918296
3790,2.918296
3791,3.084963
3792,3.084963
3793,3.084963
3794,3.084963
3795,3.084963
3796,3.022055
3797,2.855389
3798,3.084963
3799,3.084963
3800,2.855389
3801,2.688722
3802,2.459148
3803,2.229574
3804,2.229574
3805,2.000000
3806,1.959148
3807,1.959148
3808,2.188722
3809,2.355389
3810,2.625815
3811,2.855389
3812,2.855389
3813,2.918296
3814,2.688722
3815,2.688722
3816,2.688722
3817,2.584963
3818,2.584963
3819,2.418296
3820,2.188722
3821,2.125815
3822,2.188722
3823,2.229574
3824,2.188722
3825,2.084963
3826,2.355389
3827,2.251629
3828,2.084963
3829,2.251629
3830,2.522055
3831,2.792481
3832,2.792481
3833,2.855389
3834,2.855389
3835,2.792481
3836,2.751629
3837,2.450826
3838,2.221252
3839,2.221252
3840,2.522055
3841,2.355389
3842,2.355389
3843,2.188722
3844,2.188722
3845,2.459148
3846,2.522055
3847,2.522055
3848,2.751629
3849,2.751629
3850,2.918296
3851,2.918296
3852,3.084963
3853,3.084963
3854,3.022055
3855,3.084963
3856,2.855389
3857,2.584963
3858,2.584963
3859,2.584963
3860,2.751629
3861,2.584963
3862,2.751629
3863,2.751629
3864,2.751629
3865,2.792481
3866,2.625815
3867,2.688722
3868,2.688722
3869,2.459148
3870,2.459148
3871,2.459148
3872,2.688722
3873,2.751629
3874,2.688722
3875,2.459148
3876,2.418296
3877,2.584963
3878,2.751629
3879,2.751629
3880,2.751629
3881,3.022055
3882,2.792481
3883,2.625815
3884,2.855389
3885,2.855389
3886,2.918296
3887,2.918296
3888,2.855389
3889,2.688722
3890,2.459148
3891,2.459148
3892,2.459148
3893,2.459148
3894,2.688722
3895,2.688722
3896,2.918296
3897,2.918296
3898,3.084963
3899,3.084963
3900,3.084963
3901,3.084963
3902,2.918296
3903,3.084963
3904,2.918296
3905,2.751629
3906,2.751629
3907,2.918296
3908,2.751629
3909,2.751629
3910,2.688722
3911,2.855389
3912,2.855389
3913,2.855389
3914,2.625815
3915,2.792481
3916,2.522055
3917,2.355389
3918,2.584963
3919,2.688722
3920,2.751629
3921,2.751629
3922,2.918296
3923,2.688722
3924,2.688722
3925,2.688722
3926,2.688722
3927,2.459148
3928,2.625815
3929,2.625815
3930,2.855389
3931,2.688722
3932,2.688722
3933,2.688722
3934,2.688722
3935,2.688722
3936,2.918296
3937,2.855389
3938,3.022055
3939,2.855389
3940,2.625815
3941,2.625815
3942,2.688722
3943,2.688722
3944,2.688722
3945,2.918296
3946,2.855389
3947,2.688722
3948,2.688722
3949,2.855389
3950,3.084963
3951,3.084963
3952,2.855389
3953,2.751629
3954,2.751629
3955,2.450826
3956,2.284159
3957,2.355389
3958,2.084963
3959,2.084963
3960,2.355389
3961,2.355389
3962,2.625815
3963,2.688722
3964,2.918296
3965,2.855389
3966,3.022055
3967,3.022055
3968,2.855389
3969,2.751629
3970,2.751629
3971,2.751629
3972,2.584963
3973,2.688722
3974,2.418296
3975,2.522055
3976,2.522055
3977,2.522055
3978,2.251629
3979,2.418296
3980,2.284159
3981,2.418296
3982,2.355389
3983,2.355389
3984,2.188722
3985,2.125815
3986,2.396241
3987,2.625815
3988,2.625815
3989,2.625815
3990,2.522055
3991,2.221252
3992,2.221252
3993,2.284159
3994,2.450826
3995,2.284159
3996,2.418296
3997,2.522055
3998,2.688722
3999,2.625815
4000,2.792481
4001,2.855389
4002,3.022055
4003,2.855389
4004,2.918296
4005,2.918296
4006,2.855389
4007,2.688722
4008,2.855389
4009,2.584963
4010,2.584963
4011,2.625815
4012,2.625815
4013,2.688722
4014,2.855389
4015,2.688722
4016,2.459148
4017,2.522055
4018,2.688722
4019,2.855389
4020,2.751629
4021,2.751629
4022,2.751629
4023,2.751629
4024,2.855389
4025,3.022055
4026,2.855389
4027,2.918296
4028,2.918296
4029,2.918296
4030,2.918296
4031,2.855389
4032,2.855389
4033,2.855389
4034,2.688722
4035,2.625815
4036,2.459148
4037,2.688722
4038,2.688722
4039,2.584963
4040,2.855389
4041,3.022055
4042,2.918296
4043,3.022055
4044,3.188722
4045,3.188722
4046,3.022055
4047,3.084963
4048,3.084963
4049,3.084963
4050,3.084963
4051,3.251629
4052,3.084963
4053,3.084963
4054,3.022055
4055,2.855389
4056,2.792481
4057,2.625815
4058,2.625815
4059,2.855389
4060,2.688722
4061,2.625815
4062,2.625815
4063,2.625815
4064,2.688722
4065,2.522055
4066,2.522055
4067,2.688722
4068,2.522055
4069,2.688722
4070,2.918296
4071,3.084963
4072,3.022055
4073,3.022055
4074,3.022055
4075,2.855389
4076,2.855389
4077,2.918296
4078,2.855389
4079,3.022055
4080,2.855389
4081,2.751629
4082,2.751629
4083,2.855389
4084,2.688722
4085,2.751629
4086,2.522055
4087,2.688722
4088,2.688722
4089,2.855389
4090,3.022055
4091,3.022055
4092,2.855389
4093,2.855389
4094,2.918296
4095,2.918296
4096,2.751629
4097,2.522055
4098,2.292481
4099,2.459148
4100,2.688722
4101,2.688722
4102,2.688722
4103,2.751629
4104,2.751629
4105,2.918296
4106,2.688722
4107,2.855389
4108,2.584963
4109,2.584963
4110,2.418296
4111,2.522055
4112,2.688722
4113,2.688722
4114,2.855389
4115,2.918296
4116,2.855389
4117,3.022055
4118,3.022055
4119,2.792481
4120,3.022055
4121,3.022055
4122,2.855389
4123,2.855389
4124,2.625815
4125,2.855389
4126,2.751629
4127,2.918296
4128,2.918296
4129,2.751629
4130,2.855389
4131,2.918296
4132,2.855389
4133,2.584963
4134,2.584963
4135,2.584963
4136,2.584963
4137,2.355389
4138,2.355389
4139,2.584963
4140,2.625815
4141,2.625815
4142,2.625815
4143,2.584963
4144,2.751629
4145,2.751629
4146,2.584963
4147,2.450826
4148,2.584963
4149,2.855389
4150,2.855389
4151,2.688722
4152,2.459148
4153,2.355389
4154,2.459148
4155,2.688722
4156,2.855389
4157,2.625815
4158,2.855389
4159,2.918296
4160,2.855389
4161,2.855389
4162,2.688722
4163,2.751629
4164,2.688722
4165,2.584963
4166,2.584963
4167,2.522055
4168,2.355389
4169,2.355389
4170,2.584963
4171,2.418296
4172,2.418296
4173,2.584963
4174,2.688722
4175,2.855389
4176,2.918296
4177,2.918296
4178,2.751629
4179,2.751629
4180,2.688722
4181,2.625815
4182,2.584963
4183,2.418296
4184,2.522055
4185,2.688722
4186,2.688722
4187,2.688722
4188,2.522055
4189,2.459148
4190,2.625815
4191,2.522055
4192,2.221252
4193,2.450826
4194,2.617492
4195,2.450826
4196,2.284159
4197,2.355389
4198,2.084963
4199,2.251629
4200,2.522055
4201,2.751629
4202,3.022055
4203,3.022055
4204,3.022055
4205,2.855389
4206,3.022055
4207,3.084963
4208,2.855389
4209,2.855389
4210,3.022055
4211,2.855389
4212,2.625815
4213,2.625815
4214,2.584963
4215,2.355389
4216,2.459148
4217,2.459148
4218,2.459148
4219,2.459148
4220,2.688722
4221,2.688722
4222,2.688722
4223,2.625815
4224,2.855389
4225,2.625815
4226,2.625815
4227,2.459148
4228,2.688722
4229,2.688722
4230,2.751629
4231,2.918296
4232,2.918296
4233,2.918296
4234,3.084963
4235,2.855389
4236,2.918296
4237,2.751629
4238,2.918296
4239,3.084963
4240,2.855389
4241,2.751629
4242,2.751629
4243,2.751629
4244,2.584963
4245,2.355389
4246,2.355389
4247,2.188722
4248,2.117492
4249,2.054585
4250,2.355389
4251,2.584963
4252,2.584963
4253,2.355389
4254,2.355389
4255,2.418296
4256,2.688722
4257,2.918296
4258,3.084963
4259,3.084963
4260,2.855389
4261,2.792481
4262,2.792481
4263,2.792481
4264,2.792481
4265,2.792481
4266,3.022055
4267,3.022055
4268,2.855389
4269,2.855389
4270,2.855389
4271,2.792481
4272,2.522055
4273,2.355389
4274,2.188722
4275,2.188722
4276,2.188722
4277,2.459148
4278,2.625815
4279,2.688722
4280,2.918296
4281,2.855389
4282,2.855389
4283,2.625815
4284,2.459148
4285,2.459148
4286,2.522055
4287,2.522055
4288,2.688722
4289,2.751629
4290,2.522055
4291,2.522055
4292,2.688722
4293,2.459148
4294,2.459148
4295,2.459148
4296,2.625815
4297,2.625815
4298,2.792481
4299,2.792481
4300,2.855389
4301,2.688722
4302,2.855389
4303,2.751629
4304,2.584963
4305,2.751629
4306,2.522055
4307,2.792481
4308,2.855389
4309,2.855389
4310,2.625815
4311,2.688722
4312,2.688722
4313,2.522055
4314,2.459148
4315,2.418296
4316,2.459148
4317,2.688722
4318,2.688722
4319,2.688722
4320,2.688722
4321,2.751629
4322,2.918296
4323,2.918296
4324,2.751629
4325,2.522055
4326,2.688722
4327,2.459148
4328,2.459148
4329,2.355389
4330,2.355389
4331,2.625815
4332,2.688722
4333,2.918296
4334,2.855389
4335,2.584963
4336,2.522055
4337,2.792481
4338,2.522055
4339,2.625815
4340,2.625815
4341,2.855389
4342,2.855389
4343,2.855389
4344,2.688722
4345,2.522055
4346,2.688722
4347,2.459148
4348,2.459148
4349,2.688722
4350,2.918296
4351,2.855389
4352,2.792481
4353,2.792481
4354,2.522055
4355,2.625815
4356,2.855389
4357,2.855389
4358,2.855389
4359,2.855389
4360,2.855389
4361,2.625815
4362,2.459148
4363,2.688722
4364,2.625815
4365,2.355389
4366,2.522055
4367,2.355389
4368,2.584963
4369,2.751629
4370,2.855389
4371,3.022055
4372,3.022055
4373,2.918296
4374,3.022055
4375,3.022055
4376,3.084963
4377,3.251629
4378,3.022055
4379,3.022055
4380,2.855389
4381,2.855389
4382,3.084963
4383,2.918296
4384,2.918296
4385,2.918296
4386,2.855389
4387,2.625815
4388,2.459148
4389,2.625815
4390,2.459148
4391,2.418296
4392,2.284159
4393,2.284159
4394,2.418296
4395,2.284159
4396,2.584963
4397,2.584963
4398,2.751629
4399,2.855389
4400,2.688722
4401,2.625815
4402,2.625815
4403,2.855389
4404,3.022055
4405,2.855389
4406,2.855389
4407,2.688722
4408,2.625815
4409,2.688722
4410,2.459148
4411,2.459148
4412,2.229574
4413,2.188722
4414,2.188722
4415,2.418296
4416,2.117492
4417,2.188722
4418,2.188722
4419,2.188722
4420,2.188722
4421,2.355389
4422,2.625815
4423,2.625815
4424,2.855389
4425,2.918296
4426,2.855389
4427,2.855389
4428,2.855389
4429,2.855389
4430,2.855389
4431,2.625815
4432,2.688722
4433,2.688722
4434,2.459148
4435,2.396241
4436,2.459148
4437,2.625815
4438,2.459148
4439,2.459148
4440,2.625815
4441,2.625815
4442,2.625815
4443,2.792481
4444,2.751629
4445,2.855389
4446,2.855389
4447,2.792481
4448,2.625815
4449,2.792481
4450,2.855389
4451,2.855389
4452,2.688722
4453,2.751629
4454,2.751629
4455,2.688722
4456,2.459148
4457,2.688722
4458,2.688722
4459,2.688722
4460,2.855389
4461,2.855389
4462,2.688722
4463,2.688722
4464,2.688722
4465,2.855389
4466,2.918296
4467,2.918296
4468,2.918296
4469,2.918296
4470,2.918296
4471,2.918296
4472,2.918296
4473,2.918296
4474,2.751629
4475,2.751629
4476,2.918296
4477,2.918296
4478,2.918296
4479,2.918296
4480,2.855389
4481,2.688722
4482,2.688722
4483,2.688722
4484,2.855389
4485,2.855389
4486,2.855389
4487,2.792481
4488,3.022055
4489,3.084963
4490,2.855389
4491,2.855389
4492,2.855389
4493,2.855389
4494,2.855389
4495,2.855389
4496,2.688722
4497,2.459148
4498,2.355389
4499,2.284159
4500,2.117492
4501,2.188722
4502,2.418296
4503,2.584963
4504,2.584963
4505,2.584963
4506,2.584963
4507,2.855389
4508,2.688722
4509,2.751629
4510,2.918296
4511,2.918296
4512,2.918296
4513,2.918296
4514,2.751629
4515,2.918296
4516,3.084963
4517,2.918296
4518,2.918296
4519,2.918296
4520,3.084963
4521,3.084963
4522,3.251629
4523,3.251629
4524,3.084963
4525,2.918296
4526,2.918296
4527,2.855389
4528,3.022055
4529,2.855389
4530,3.022055
4531,2.855389
4532,3.084963
4533,3.084963
4534,3.084963
4535,2.855389
4536,2.625815
4537,2.625815
4538,2.792481
4539,2.625815
4540,2.355389
4541,2.625815
4542,2.355389
4543,2.355389
4544,2.355389
4545,2.355389
4546,2.355389
4547,2.459148
4548,2.459148
4549,2.459148
4550,2.459148
4551,2.396241
4552,2.625815
4553,2.688722
4554,2.459148
4555,2.355389
4556,2.625815
4557,2.355389
4558,2.188722
4559,2.355389
4560,2.459148
4561,2.459148
4562,2.688722
4563,2.688722
4564,2.688722
4565,2.584963
4566,2.284159
4567,2.450826
4568,2.284159
4569,2.117492
4570,2.188722
4571,1.959148
4572,2.188722
4573,2.229574
4574,2.125815
4575,2.355389
4576,2.355389
4577,2.522055
4578,2.355389
4579,2.355389
4580,2.125815
4581,2.054585
4582,2.221252
4583,2.522055
4584,2.355389
4585,2.459148
4586,2.625815
4587,2.625815
4588,2.855389
4589,2.688722
4590,2.918296
4591,2.855389
4592,2.855389
4593,2.688722
4594,2.855389
4595,2.855389
4596,3.022055
4597,3.022055
4598,3.084963
4599,3.084963
4600,2.855389
4601,2.855389
4602,2.918296
4603,2.918296
4604,3.084963
4605,2.855389
4606,2.688722
4607,2.855389
4608,2.855389
4609,2.855389
4610,2.688722
4611,2.918296
4612,2.855389
4613,2.584963
4614,2.855389
4615,2.855389
4616,3.022055
4617,2.855389
4618,2.855389
4619,3.022055
4620,2.855389
4621,3.084963
4622,2.918296
4623,2.751629
4624,2.751629
4625,2.751629
4626,2.751629
4627,2.751629
4628,2.688722
4629,2.688722
4630,2.522055
4631,2.688722
4632,2.688722
4633,2.625815
4634,2.688722
4635,2.688722
4636,2.688722
4637,2.625815
4638,2.625815
4639,2.855389
4640,2.792481
4641,2.522055
4642,2.522055
4643,2.625815
4644,2.625815
4645,2.459148
4646,2.688722
4647,2.688722
4648,2.855389
4649,2.792481
4650,2.855389
4651,2.855389
4652,2.855389
4653,3.084963
4654,2.918296
4655,2.918296
4656,2.688722
4657,2.855389
4658,2.688722
4659,2.688722
4660,2.688722
4661,2.688722
4662,2.688722
4663,2.688722
4664,2.459148
4665,2.292481
4666,2.459148
4667,2.688722
4668,2.522055
4669,2.418296
4670,2.418296
4671,2.418296
4672,2.418296
4673,2.418296
4674,2.522055
4675,2.522055
4676,2.751629
4677,2.688722
4678,2.855389
4679,2.855389
4680,2.625815
4681,2.584963
4682,2.625815
4683,2.625815
4684,2.522055
4685,2.522055
4686,2.584963
4687,2.584963
4688,2.418296
4689,2.117492
4690,2.188722
4691,2.292481
4692,2.292481
4693,2.188722
4694,2.418296
4695,2.522055
4696,2.688722
4697,2.625815
4698,2.688722
4699,2.688722
4700,2.688722
4701,2.688722
4702,2.584963
4703,2.751629
4704,3.022055
4705,2.855389
4706,2.855389
4707,3.084963
4708,3.022055
4709,3.084963
4710,3.022055
4711,2.792481
4712,2.625815
4713,2.625815
4714,2.625815
4715,2.688722
4716,2.522055
4717,2.688722
4718,2.855389
4719,2.855389
4720,2.918296
4721,2.918296
4722,2.918296
4723,2.855389
4724,2.918296
4725,2.918296
4726,3.084963
4727,2.918296
4728,2.918296
4729,2.918296
4730,2.918296
4731,2.918296
4732,2.751629
4733,2.688722
4734,2.855389
4735,2.688722
4736,2.584963
4737,2.688722
4738,2.688722
4739,2.522055
4740,2.522055
4741,2.522055
4742,2.459148
4743,2.355389
4744,2.584963
4745,2.584963
4746,2.584963
4747,2.284159
4748,2.284159
4749,2.284159
4750,2.450826
4751,2.450826
4752,2.584963
4753,2.625815
4754,2.688722
4755,2.688722
4756,2.688722
4757,2.688722
4758,2.418296
4759,2.418296
4760,2.584963
4761,2.751629
4762,2.751629
4763,2.751629
4764,2.522055
4765,2.584963
4766,2.625815
4767,2.625815
4768,2.688722
4769,2.751629
4770,2.751629
4771,2.522055
4772,2.418296
4773,2.584963
4774,2.751629
4775,2.792481
4776,2.855389
4777,2.688722
4778,2.688722
4779,2.688722
4780,2.688722
4781,2.688722
4782,2.625815
4783,2.584963
4784,2.450826
4785,2.450826
4786,2.284159
4787,2.355389
4788,2.188722
4789,2.418296
4790,2.522055
4791,2.522055
4792,2.688722
4793,2.688722
4794,2.688722
4795,2.688722
4796,2.459148
4797,2.459148
4798,2.459148
4799,2.229574
4800,2.229574
4801,2.459148
4802,2.355389
4803,2.459148
4804,2.459148
4805,2.459148
4806,2.625815
4807,2.522055
4808,2.355389
4809,2.418296
4810,2.459148
4811,2.688722
4812,2.688722
4813,2.459148
4814,2.522055
4815,2.418296
4816,2.418296
4817,2.355389
4818,2.355389
4819,2.355389
4820,2.459148
4821,2.522055
4822,2.522055
4823,2.459148
4824,2.459148
4825,2.688722
4826,2.688722
4827,2.855389
4828,2.751629
4829,2.918296
4830,2.751629
4831,2.855389
4832,3.084963
4833,2.918296
4834,2.855389
4835,3.022055
4836,3.084963
4837,2.918296
4838,2.918296
4839,2.688722
4840,2.688722
4841,2.688722
4842,2.522055
4843,2.522055
4844,2.522055
4845,2.751629
4846,2.918296
4847,3.084963
4848,3.084963
4849,3.084963
4850,3.084963
4851,2.918296
4852,2.918296
4853,2.855389
4854,2.855389
4855,2.688722
4856,2.688722
4857,2.855389
4858,2.688722
4859,2.688722
4860,2.688722
4861,2.751629
4862,2.688722
4863,2.688722
4864,2.855389
4865,2.855389
4866,2.855389
4867,2.625815
4868,2.688722
4869,2.522055
4870,2.751629
4871,2.522055
4872,2.459148
4873,2.688722
4874,2.688722
4875,2.688722
4876,2.855389
4877,2.855389
4878,2.855389
4879,2.918296
4880,2.855389
4881,2.688722
4882,2.688722
4883,2.688722
4884,2.688722
4885,2.688722
4886,2.751629
4887,2.751629
4888,2.918296
4889,2.855389
4890,2.855389
4891,3.022055
4892,2.855389
4893,2.855389
4894,2.584963
4895,2.584963
4896,2.584963
4897,2.584963
4898,2.584963
4899,2.584963
4900,2.751629
4901,2.751629
4902,2.584963
4903,2.688722
4904,2.918296
4905,2.918296
4906,2.751629
4907,2.688722
4908,2.855389
4909,2.688722
4910,2.625815
4911,2.688722
4912,2.688722
4913,2.688722
4914,2.418296
4915,2.418296
4916,2.355389
4917,2.459148
4918,2.459148
4919,2.188722
4920,2.292481
4921,2.229574
4922,2.459148
4923,2.355389
4924,2.355389
4925,2.418296
4926,2.418296
4927,2.584963
4928,2.584963
4929,2.625815
4930,2.688722
4931,2.688722
4932,2.751629
4933,2.751629
4934,2.918296
4935,3.084963
4936,2.918296
4937,2.855389
4938,2.855389
4939,2.751629
4940,2.584963
4941,2.584963
4942,2.751629
4943,2.584963
4944,2.855389
4945,3.022055
4946,2.751629
4947,2.751629
4948,2.855389
4949,2.918296
4950,2.855389
4951,2.751629
4952,2.751629
4953,2.584963
4954,2.418296
4955,2.188722
4956,2.188722
4957,2.054585
4958,1.887919
4959,2.054585
4960,2.054585
4961,2.221252
4962,2.522055
4963,2.625815
4964,2.688722
4965,2.688722
4966,2.855389
4967,2.688722
4968,2.751629
4969,2.918296
4970,2.855389
4971,2.918296
4972,2.751629
4973,2.688722
4974,2.625815
4975,2.355389
4976,2.054585
4977,1.887919
4978,1.792481
4979,2.117492
4980,2.284159
4981,2.450826
4982,2.751629
4983,2.751629
4984,2.751629
4985,2.751629
4986,2.855389
4987,2.918296
4988,2.918296
4989,2.918296
4990,2.918296
4991,2.918296
4992,3.084963
4993,3.084963
4994,2.918296
4995,2.855389
4996,2.918296
4997,2.918296
4998,2.751629
4999,2.522055
5000,2.459148
5001,2.625815
5002,2.584963
5003,2.855389
5004,2.792481
5005,3.022055
5006,2.855389
5007,3.084963
5008,3.084963
5009,3.251629
5010,3.022055
5011,3.084963
5012,3.084963
5013,2.918296
5014,3.084963
5015,3.084963
5016,3.022055
5017,2.855389
5018,2.855389
5019,2.584963
5020,2.355389
5021,2.459148
5022,2.188722
5023,2.355389
5024,2.625815
5025,2.625815
5026,2.688722
5027,2.459148
5028,2.688722
5029,2.625815
5030,2.855389
5031,2.918296
5032,2.918296
5033,3.084963
5034,3.084963
5035,3.084963
5036,3.084963
5037,3.022055
5038,2.855389
5039,2.688722
5040,2.522055
5041,2.418296
5042,2.584963
5043,2.584963
5044,2.584963
5045,2.584963
5046,2.418296
5047,2.355389
5048,2.355389
5049,2.418296
5050,2.418296
5051,2.355389
5052,2.418296
5053,2.584963
5054,2.355389
5055,2.522055
5056,2.355389
5057,2.396241
5058,2.625815
5059,2.855389
5060,2.855389
5061,2.855389
5062,2.688722
5063,2.625815
5064,2.625815
5065,2.625815
5066,2.355389
5067,2.188722
5068,2.459148
5069,2.459148
5070,2.522055
5071,2.751629
5072,2.688722
5073,2.625815
5074,2.625815
5075,2.625815
5076,2.625815
5077,2.355389
5078,2.355389
5079,2.355389
5080,2.418296
5081,2.688722
5082,2.688722
5083,2.459148
5084,2.522055
5085,2.292481
5086,2.522055
5087,2.522055
5088,2.688722
5089,2.855389
5090,2.751629
5091,2.522055
5092,2.355389
5093,2.625815
5094,2.625815
5095,2.855389
5096,2.855389
5097,2.688722
5098,2.688722
5099,2.688722
5100,2.688722
5101,2.459148
5102,2.688722
5103,2.688722
5104,2.855389
5105,2.855389
5106,2.688722
5107,2.918296
5108,2.855389
5109,2.855389
5110,3.022055
5111,2.751629
5112,2.751629
5113,2.751629
5114,3.022055
5115,2.855389
5116,2.688722
5117,2.522055
5118,2.751629
5119,2.688722
5120,2.918296
5121,2.855389
5122,2.855389
5123,2.918296
5124,2.918296
5125,2.751629
5126,2.688722
5127,2.459148
5128,2.188722
5129,2.188722
5130,2.188722
5131,2.459148
5132,2.459148
5133,2.688722
5134,2.688722
5135,2.688722
5136,2.688722
5137,2.855389
5138,3.022055
5139,2.918296
5140,2.617492
5141,2.617492
5142,2.450826
5143,2.584963
5144,2.625815
5145,2.625815
5146,2.625815
5147,2.855389
5148,3.022055
5149,2.751629
5150,2.855389
5151,2.855389
5152,2.688722
5153,2.418296
5154,2.418296
5155,2.688722
5156,2.688722
5157,2.855389
5158,2.688722
5159,2.855389
5160,3.084963
5161,3.084963
5162,3.084963
5163,3.084963
5164,3.084963
5165,2.918296
5166,3.084963
5167,2.855389
5168,2.855389
5169,2.855389
5170,2.688722
5171,2.688722
5172,2.855389
5173,2.688722
5174,2.688722
5175,2.918296
5176,3.084963
5177,3.084963
5178,2.918296
5179,2.918296
5180,2.918296
5181,3.084963
5182,3.084963
5183,3.084963
5184,3.022055
5185,2.751629
5186,2.855389
5187,2.688722
5188,2.459148
5189,2.459148
5190,2.459148
5191,2.459148
5192,2.459148
5193,2.229574
5194,2.459148
5195,2.688722
5196,2.688722
5197,2.855389
5198,2.792481
5199,2.625815
5200,2.459148
5201,2.459148
5202,2.688722
5203,2.688722
5204,2.855389
5205,2.855389
5206,2.792481
5207,2.625815
5208,2.625815
5209,2.855389
5210,2.855389
5211,2.855389
5212,2.855389
5213,2.688722
5214,2.688722
5215,2.855389
5216,2.751629
5217,2.751629
5218,2.751629
5219,2.855389
5220,2.688722
5221,2.855389
5222,2.625815
5223,2.625815
5224,2.688722
5225,2.688722
5226,2.855389
5227,2.751629
5228,2.584963
5229,2.584963
5230,2.688722
5231,2.688722
5232,2.688722
5233,2.584963
5234,2.584963
5235,2.584963
5236,2.584963
5237,2.751629
5238,2.584963
5239,2.522055
5240,2.584963
5241,2.584963
5242,2.688722
5243,2.751629
5244,2.688722
5245,2.688722
5246,2.522055
5247,2.688722
5248,2.751629
5249,2.918296
5250,2.918296
5251,2.855389
5252,3.022055
5253,3.022055
5254,2.855389
5255,2.918296
5256,3.084963
5257,3.022055
5258,2.855389
5259,2.625815
5260,2.625815
5261,2.459148
5262,2.625815
5263,2.355389
5264,2.584963
5265,2.688722
5266,2.522055
5267,2.584963
5268,2.522055
5269,2.459148
5270,2.459148
5271,2.355389
5272,2.355389
5273,2.584963
5274,2.688722
5275,2.688722
5276,2.625815
5277,2.459148
5278,2.522055
5279,2.418296
5280,2.418296
5281,2.284159
5282,2.284159
5283,2.584963
5284,2.284159
5285,2.284159
5286,2.450826
5287,2.284159
5288,2.418296
5289,2.418296
5290,2.355389
5291,2.625815
5292,2.688722
5293,2.855389
5294,2.855389
5295,3.084963
5296,3.084963
5297,2.855389
5298,2.855389
5299,2.688722
5300,2.688722
5301,2.459148
5302,2.459148
5303,2.459148
5304,2.459148
5305,2.188722
5306,2.188722
5307,2.251629
5308,2.418296
5309,2.418296
5310,2.584963
5311,2.855389
5312,2.855389
5313,2.855389
5314,2.584963
5315,2.584963
5316,2.584963
5317,2.751629
5318,2.584963
5319,2.751629
5320,2.751629
5321,2.584963
5322,2.284159
5323,2.284159
5324,2.355389
5325,2.625815
5326,2.584963
5327,2.584963
5328,2.355389
5329,2.355389
5330,2.522055
5331,2.522055
5332,2.450826
5333,2.450826
5334,2.584963
5335,2.688722
5336,2.855389
5337,2.792481
5338,2.625815
5339,2.355389
5340,2.584963
5341,2.584963
5342,2.584963
5343,2.584963
5344,2.584963
5345,2.688722
5346,2.625815
5347,2.688722
5348,2.688722
5349,2.625815
5350,2.625815
5351,2.355389
5352,2.125815
5353,2.229574
5354,2.292481
5355,2.292481
5356,2.522055
5357,2.459148
5358,2.459148
5359,2.522055
5360,2.459148
5361,2.459148
5362,2.459148
5363,2.459148
5364,2.688722
5365,2.625815
5366,2.792481
5367,2.855389
5368,2.625815
5369,2.396241
5370,2.459148
5371,2.459148
5372,2.688722
5373,2.688722
5374,2.688722
5375,2.855389
5376,2.625815
5377,2.855389
5378,2.855389
5379,2.855389
5380,3.022055
5381,3.084963
5382,3.084963
5383,3.022055
5384,2.855389
5385,2.855389
5386,2.625815
5387,2.855389
5388,2.855389
5389,2.688722
5390,2.459148
5391,2.229574
5392,2.292481
5393,2.229574
5394,2.125815
5395,1.855389
5396,1.784159
5397,2.084963
5398,2.084963
5399,2.355389
5400,2.284159
5401,2.284159
5402,2.450826
5403,2.450826
5404,2.584963
5405,2.584963
5406,2.584963
5407,2.584963
5408,2.584963
5409,2.418296
5410,2.355389
5411,2.221252
5412,2.522055
5413,2.221252
5414,2.054585
5415,2.284159
5416,2.221252
5417,2.522055
5418,2.522055
5419,2.355389
5420,2.355389
5421,2.355389
5422,2.418296
5423,2.459148
5424,2.459148
5425,2.688722
5426,2.522055
5427,2.522055
5428,2.522055
5429,2.459148
5430,2.688722
5431,2.918296
5432,2.918296
5433,2.918296
5434,2.918296
5435,2.918296
5436,2.855389
5437,2.918296
5438,2.855389
5439,2.855389
5440,2.855389
5441,2.625815
5442,2.625815
5443,2.459148
5444,2.459148
5445,2.355389
5446,2.459148
5447,2.355389
5448,2.522055
5449,2.584963
5450,2.522055
5451,2.792481
5452,2.751629
5453,2.918296
5454,2.617492
5455,2.450826
5456,2.584963
5457,2.688722
5458,2.688722
5459,2.855389
5460,2.688722
5461,2.688722
5462,2.751629
5463,2.751629
5464,2.918296
5465,2.918296
5466,2.918296
5467,3.084963
5468,3.251629
5469,3.251629
5470,3.251629
5471,3.251629
5472,3.084963
5473,2.855389
5474,2.855389
5475,2.625815
5476,2.855389
5477,2.855389
5478,2.855389
5479,2.855389
5480,2.855389
5481,2.855389
5482,2.855389
5483,2.855389
5484,2.855389
5485,3.084963
5486,2.855389
5487,2.855389
5488,2.584963
5489,2.584963
5490,2.584963
5491,2.355389
5492,2.625815
5493,2.522055
5494,2.751629
5495,2.855389
5496,2.855389
5497,2.688722
5498,2.918296
5499,2.918296
5500,3.084963
5501,3.022055
5502,2.855389
5503,2.855389
5504,3.022055
5505,2.855389
5506,2.918296
5507,2.688722
5508,2.584963
5509,2.418296
5510,2.418296
5511,2.284159
5512,2.450826
5513,2.450826
5514,2.751629
5515,2.751629
5516,2.751629
5517,2.450826
5518,2.221252
5519,2.522055
5520,2.792481
5521,2.522055
5522,2.792481
5523,2.855389
5524,2.625815
5525,2.688722
5526,2.522055
5527,2.751629
5528,2.688722
5529,2.751629
5530,2.751629
5531,2.688722
5532,2.625815
5533,2.688722
5534,2.688722
5535,2.918296
5536,2.918296
5537,2.751629
5538,2.688722
5539,2.688722
5540,2.688722
5541,2.855389
5542,2.855389
5543,2.855389
5544,2.918296
5545,2.918296
5546,2.688722
5547,2.418296
5548,2.584963
5549,2.418296
5550,2.584963
5551,2.584963
5552,2.584963
5553,2.688722
5554,2.918296
5555,2.918296
5556,2.855389
5557,2.688722
5558,2.688722
5559,2.855389
5560,2.792481
5561,2.792481
5562,2.625815
5563,2.625815
5564,2.459148
5565,2.459148
5566,2.688722
5567,2.625815
5568,2.459148
5569,2.625815
5570,2.396241
5571,2.125815
5572,2.355389
5573,2.625815
5574,2.688722
5575,2.584963
5576,2.584963
5577,2.584963
5578,2.625815
5579,2.355389
5580,2.625815
5581,2.355389
5582,2.355389
5583,2.355389
5584,2.418296
5585,2.522055
5586,2.522055
5587,2.522055
5588,2.522055
5589,2.522055
5590,2.459148
5591,2.625815
5592,2.522055
5593,2.355389
5594,2.625815
5595,2.688722
5596,2.688722
5597,2.855389
5598,2.918296
5599,2.918296
5600,2.918296
5601,3.084963
5602,3.022055
5603,3.084963
5604,2.855389
5605,2.584963
5606,2.584963
5607,2.584963
5608,2.584963
5609,2.522055
5610,2.355389
5611,2.355389
5612,2.355389
5613,2.355389
5614,2.584963
5615,2.355389
5616,2.418296
5617,2.584963
5618,2.855389
5619,2.688722
5620,2.688722
5621,2.855389
5622,2.855389
5623,2.855389
5624,2.584963
5625,2.584963
5626,2.584963
5627,2.625815
5628,2.459148
5629,2.355389
5630,2.084963
5631,2.054585
5632,2.125815
5633,1.825011
5634,2.054585
5635,2.355389
5636,2.522055
5637,2.522055
5638,2.584963
5639,2.584963
5640,2.450826
5641,2.284159
5642,2.584963
5643,2.625815
5644,2.625815
5645,2.688722
5646,2.688722
5647,2.855389
5648,2.855389
5649,2.584963
5650,2.751629
5651,2.751629
5652,3.022055
5653,3.022055
5654,2.751629
5655,2.450826
5656,2.221252
5657,2.125815
5658,2.284159
5659,2.284159
5660,2.125815
5661,2.450826
5662,2.284159
5663,2.584963
5664,2.584963
5665,2.584963
5666,2.625815
5667,2.625815
5668,2.459148
5669,2.688722
5670,2.855389
5671,2.688722
5672,2.855389
5673,2.688722
5674,2.459148
5675,2.355389
5676,2.355389
5677,2.355389
5678,2.125815
5679,2.355389
5680,2.584963
5681,2.855389
5682,2.688722
5683,2.688722
5684,2.688722
5685,2.688722
5686,2.584963
5687,2.584963
5688,2.418296
5689,2.418296
5690,2.688722
5691,2.584963
5692,2.751629
5693,2.751629
5694,2.751629
5695,2.855389
5696,2.584963
5697,2.522055
5698,2.792481
5699,2.751629
5700,2.751629
5701,3.022055
5702,3.022055
5703,3.084963
5704,2.918296
5705,2.855389
5706,2.918296
5707,2.918296
5708,2.855389
5709,2.855389
5710,2.625815
5711,2.625815
5712,2.584963
5713,2.688722
5714,2.688722
5715,2.625815
5716,2.396241
5717,2.396241
5718,2.459148
5719,2.688722
5720,2.918296
5721,2.918296
5722,2.855389
5723,3.084963
5724,2.918296
5725,2.855389
5726,3.022055
5727,3.022055
5728,3.251629
5729,3.084963
5730,3.084963
5731,3.022055
5732,3.022055
5733,2.751629
5734,2.584963
5735,2.751629
5736,2.855389
5737,2.855389
5738,2.855389
5739,2.625815
5740,2.459148
5741,2.292481
5742,2.522055
5743,2.522055
5744,2.688722
5745,2.688722
5746,2.751629
5747,2.751629
5748,2.751629
5749,2.688722
5750,2.855389
5751,2.688722
5752,2.584963
5753,2.584963
5754,2.855389
5755,3.022055
5756,3.022055
5757,2.855389
5758,2.688722
5759,2.418296
5760,2.459148
5761,2.688722
5762,2.688722
5763,2.459148
5764,2.459148
5765,2.688722
5766,2.751629
5767,2.918296
5768,2.855389
5769,2.688722
5770,2.855389
5771,3.022055
5772,3.084963
5773,3.084963
5774,3.022055
5775,2.855389
5776,2.688722
5777,2.751629
5778,2.688722
5779,2.918296
5780,2.918296
5781,2.688722
5782,2.751629
5783,2.751629
5784,2.688722
5785,2.688722
5786,2.751629
5787,2.688722
5788,2.625815
5789,2.625815
5790,2.459148
5791,2.292481
5792,2.522055
5793,2.688722
5794,2.688722
5795,2.855389
5796,2.855389
5797,2.751629
5798,2.584963
5799,2.355389
5800,2.054585
5801,2.054585
5802,2.054585
5803,2.355389
5804,2.284159
5805,1.959148
5806,2.284159
5807,2.221252
5808,2.450826
5809,2.584963
5810,2.584963
5811,2.584963
5812,2.688722
5813,2.688722
5814,2.522055
5815,2.522055
5816,2.522055
5817,2.688722
5818,2.688722
5819,2.688722
5820,2.688722
5821,2.918296
5822,2.751629
5823,2.688722
5824,2.459148
5825,2.459148
5826,2.459148
5827,2.688722
5828,2.522055
5829,2.751629
5830,2.688722
5831,2.855389
5832,2.855389
5833,2.855389
5834,2.584963
5835,2.751629
5836,2.751629
5837,2.584963
5838,2.584963
5839,2.584963
5840,2.688722
5841,2.855389
5842,2.855389
5843,2.688722
5844,2.688722
5845,2.688722
5846,2.688722
5847,2.855389
5848,3.022055
5849,2.855389
5850,3.022055
5851,2.855389
5852,2.918296
5853,2.855389
5854,2.751629
5855,2.450826
5856,2.584963
5857,2.418296
5858,2.418296
5859,2.188722
5860,2.418296
5861,2.251629
5862,2.188722
5863,2.054585
5864,2.125815
5865,2.396241
5866,2.459148
5867,2.355389
5868,2.355389
5869,2.396241
5870,2.125815
5871,2.188722
5872,2.188722
5873,2.188722
5874,2.188722
5875,2.188722
5876,2.418296
5877,2.688722
5878,2.688722
5879,2.688722
5880,2.918296
5881,3.084963
5882,3.084963
5883,3.084963
5884,2.918296
5885,2.855389
5886,2.688722
5887,2.751629
5888,2.751629
5889,2.688722
5890,2.855389
5891,2.855389
5892,2.855389
5893,2.855389
5894,2.688722
5895,2.688722
5896,2.751629
5897,2.522055
5898,2.522055
5899,2.688722
5900,2.418296
5901,2.284159
5902,2.450826
5903,2.450826
5904,2.751629
5905,2.751629
5906,2.751629
5907,2.584963
5908,2.584963
5909,2.688722
5910,2.688722
5911,2.459148
5912,2.688722
5913,2.688722
5914,2.918296
5915,2.855389
5916,2.918296
5917,2.688722
5918,2.688722
5919,2.918296
5920,2.918296
5921,2.918296
5922,2.688722
5923,2.688722
5924,2.688722
5925,2.688722
5926,2.751629
5927,2.751629
5928,2.688722
5929,2.688722
5930,2.418296
5931,2.584963
5932,2.450826
5933,2.751629
5934,2.751629
5935,2.751629
5936,2.751629
5937,2.855389
5938,2.855389
5939,2.584963
5940,2.625815
5941,2.688722
5942,2.688722
5943,2.625815
5944,2.625815
5945,2.522055
5946,2.522055
5947,2.584963
5948,2.584963
5949,2.855389
5950,2.584963
5951,2.355389
5952,2.459148
5953,2.459148
5954,2.625815
5955,2.688722
5956,2.918296
5957,2.751629
5958,2.918296
5959,2.918296
5960,2.855389
5961,2.688722
5962,2.688722
5963,2.855389
5964,2.625815
5965,2.688722
5966,2.918296
5967,2.918296
5968,3.084963
5969,2.918296
5970,2.918296
5971,2.688722
5972,2.522055
5973,2.459148
5974,2.418296
5975,2.355389
5976,2.584963
5977,2.355389
5978,2.625815
5979,2.855389
5980,2.584963
5981,2.584963
5982,2.751629
5983,2.751629
5984,2.751629
5985,2.855389
5986,2.855389
5987,2.918296
5988,2.751629
5989,2.751629
5990,2.751629
5991,2.918296
5992,2.688722
5993,2.918296
5994,2.918296
5995,2.751629
5996,2.918296
5997,2.918296
5998,2.855389
5999,2.584963
6000,2.688722
6001,2.688722
6002,2.688722
6003,2.855389
6004,2.855389
6005,3.022055
6006,3.022055
6007,3.022055
6008,2.751629
6009,2.918296
6010,3.022055
6011,3.084963
6012,2.918296
6013,2.688722
6014,2.584963
6015,2.688722
6016,2.855389
6017,2.688722
6018,2.688722
6019,2.855389
6020,2.625815
6021,2.459148
6022,2.355389
6023,2.459148
6024,2.522055
6025,2.751629
6026,2.751629
6027,2.688722
6028,2.584963
6029,2.355389
6030,2.284159
6031,2.584963
6032,2.584963
6033,2.418296
6034,2.584963
6035,2.855389
6036,2.855389
6037,2.855389
6038,2.855389
6039,2.918296
6040,2.918296
6041,2.688722
6042,2.918296
6043,2.918296
6044,2.918296
6045,2.751629
6046,2.688722
6047,2.625815
6048,2.459148
6049,2.522055
6050,2.522055
6051,2.459148
6052,2.625815
6053,2.625815
6054,2.459148
6055,2.688722
6056,2.688722
6057,2.918296
6058,2.855389
6059,2.855389
6060,2.792481
6061,2.522055
6062,2.522055
6063,2.355389
6064,2.584963
6065,2.688722
6066,2.459148
6067,2.459148
6068,2.355389
6069,2.522055
6070,2.251629
6071,2.522055
6072,2.584963
6073,2.584963
6074,2.625815
6075,2.625815
6076,2.355389
6077,2.625815
6078,2.584963
6079,2.584963
6080,2.584963
6081,2.625815
6082,2.625815
6083,2.688722
6084,2.918296
6085,2.918296
6086,2.918296
6087,2.855389
6088,2.688722
6089,2.459148
6090,2.459148
6091,2.418296
6092,2.355389
6093,2.584963
6094,2.584963
6095,2.584963
6096,2.418296
6097,2.522055
6098,2.688722
6099,2.688722
6100,2.688722
6101,2.751629
6102,2.751629
6103,2.751629
6104,2.751629
6105,2.688722
6106,2.584963
6107,2.450826
6108,2.284159
6109,2.284159
6110,2.584963
6111,2.584963
6112,2.450826
6113,2.751629
6114,2.751629
6115,2.450826
6116,2.125815
6117,2.221252
6118,2.355389
6119,2.355389
6120,2.355389
6121,2.355389
6122,2.625815
6123,2.355389
6124,2.355389
6125,2.084963
6126,2.355389
6127,2.625815
6128,2.855389
6129,2.918296
6130,2.918296
6131,2.855389
6132,2.855389
6133,2.855389
6134,2.855389
6135,2.792481
6136,2.522055
6137,2.251629
6138,2.355389
6139,2.355389
6140,2.355389
6141,2.584963
6142,2.855389
6143,2.792481
6144,2.855389
6145,3.084963
6146,3.084963
6147,3.022055
6148,2.751629
6149,2.584963
6150,2.355389
6151,2.522055
6152,2.625815
6153,2.584963
6154,2.584963
6155,2.855389
6156,3.022055
6157,2.792481
6158,2.625815
6159,2.688722
6160,2.688722
6161,2.918296
6162,3.084963
6163,2.918296
6164,2.855389
6165,2.855389
6166,2.688722
6167,2.855389
6168,2.792481
6169,3.022055
6170,2.855389
6171,2.688722
6172,2.688722
6173,2.688722
6174,2.855389
6175,2.855389
6176,2.584963
6177,2.355389
6178,2.355389
6179,2.054585
6180,2.221252
6181,2.054585
6182,2.125815
6183,2.125815
6184,2.125815
6185,2.396241
6186,2.355389
6187,2.355389
6188,2.584963
6189,2.355389
6190,2.459148
6191,2.355389
6192,2.522055
6193,2.751629
6194,2.617492
6195,2.617492
6196,2.450826
6197,2.584963
6198,2.284159
6199,2.418296
6200,2.251629
6201,2.292481
6202,2.229574
6203,2.459148
6204,2.459148
6205,2.459148
6206,2.625815
6207,2.688722
6208,2.688722
6209,2.855389
6210,2.688722
6211,2.688722
6212,2.688722
6213,2.584963
6214,2.584963
6215,2.688722
6216,2.522055
6217,2.522055
6218,2.292481
6219,2.522055
6220,2.688722
6221,2.855389
6222,2.855389
6223,2.855389
6224,2.855389
6225,2.855389
6226,2.918296
6227,2.918296
6228,2.855389
6229,2.584963
6230,2.355389
6231,2.125815
6232,2.188722
6233,2.355389
6234,2.418296
6235,2.584963
6236,2.584963
6237,2.625815
6238,2.688722
6239,2.855389
6240,2.751629
6241,2.584963
6242,2.751629
6243,2.450826
6244,2.450826
6245,2.617492
6246,2.751629
6247,2.751629
6248,3.022055
6249,3.084963
6250,3.084963
6251,2.918296
6252,2.918296
6253,2.855389
6254,2.855389
6255,2.751629
6256,2.751629
6257,2.792481
6258,2.625815
6259,2.396241
6260,2.396241
6261,2.396241
6262,2.625815
6263,2.855389
6264,2.625815
6265,2.522055
6266,2.751629
6267,2.584963
6268,2.625815
6269,2.855389
6270,2.855389
6271,2.792481
6272,2.625815
6273,2.459148
6274,2.688722
6275,2.688722
6276,2.751629
6277,2.918296
6278,2.918296
6279,2.918296
6280,2.688722
6281,2.855389
6282,2.918296
6283,2.918296
6284,2.918296
6285,2.918296
6286,2.918296
6287,2.751629
6288,2.522055
6289,2.522055
6290,2.459148
6291,2.688722
6292,2.855389
6293,2.855389
6294,2.855389
6295,3.084963
6296,3.022055
6297,3.022055
6298,2.792481
6299,2.792481
6300,2.625815
6301,2.625815
6302,2.625815
6303,2.855389
6304,2.855389
6305,2.625815
6306,2.855389
6307,2.855389
6308,2.855389
6309,2.918296
6310,2.855389
6311,2.855389
6312,2.625815
6313,2.625815
6314,2.355389
6315,2.284159
6316,2.450826
6317,2.584963
6318,2.355389
6319,2.355389
6320,2.251629
6321,2.522055
6322,2.221252
6323,2.221252
6324,2.450826
6325,2.284159
6326,2.450826
6327,2.284159
6328,2.418296
6329,2.459148
6330,2.522055
6331,2.459148
6332,2.459148
6333,2.396241
6334,2.625815
6335,2.625815
6336,2.584963
6337,2.450826
6338,2.284159
6339,2.054585
6340,2.054585
6341,2.284159
6342,2.284159
6343,2.584963
6344,2.688722
6345,2.688722
6346,2.459148
6347,2.688722
6348,2.855389
6349,2.855389
6350,2.918296
6351,2.918296
6352,2.918296
6353,2.918296
6354,2.918296
6355,3.084963
6356,3.084963
6357,3.084963
6358,3.084963
6359,3.084963
6360,3.084963
6361,2.918296
6362,2.688722
6363,2.688722
6364,2.688722
6365,2.855389
6366,2.855389
6367,3.084963
6368,2.918296
6369,3.084963
6370,3.084963
6371,3.084963
6372,3.084963
6373,3.084963
6374,2.918296
6375,2.688722
6376,2.855389
6377,2.918296
6378,2.688722
6379,2.688722
6380,2.418296
6381,2.117492
6382,2.418296
6383,2.284159
6384,2.284159
6385,2.284159
6386,1.959148
6387,2.284159
6388,2.284159
6389,2.117492
6390,2.418296
6391,2.418296
6392,2.418296
6393,2.459148
6394,2.355389
6395,2.584963
6396,2.688722
6397,2.751629
6398,2.751629
6399,2.751629
6400,2.522055
6401,2.584963
6402,2.522055
6403,2.522055
6404,2.522055
6405,2.459148
6406,2.459148
6407,2.396241
6408,2.355389
6409,2.625815
6410,2.855389
6411,2.855389
6412,2.855389
6413,2.688722
6414,2.855389
6415,2.625815
6416,2.584963
6417,2.355389
6418,2.418296
6419,2.251629
6420,2.418296
6421,2.459148
6422,2.625815
6423,2.688722
6424,2.418296
6425,2.584963
6426,2.855389
6427,2.855389
6428,3.022055
6429,3.022055
6430,3.084963
6431,2.855389
6432,2.688722
6433,2.584963
6434,2.584963
6435,2.688722
6436,2.459148
6437,2.459148
6438,2.459148
6439,2.396241
6440,2.625815
6441,2.855389
6442,2.688722
6443,2.751629
6444,2.751629
6445,2.918296
6446,2.751629
6447,2.918296
6448,2.918296
6449,2.751629
6450,2.918296
6451,2.751629
6452,2.918296
6453,2.918296
6454,2.918296
6455,2.918296
6456,2.918296
6457,3.084963
6458,2.855389
6459,3.022055
6460,2.855389
6461,2.688722
6462,2.418296
6463,2.355389
6464,2.625815
6465,2.625815
6466,2.355389
6467,2.625815
6468,2.855389
6469,2.688722
6470,2.751629
6471,2.751629
6472,2.688722
6473,2.688722
6474,2.688722
6475,2.918296
6476,2.918296
6477,2.751629
6478,2.751629
6479,2.688722
6480,2.584963
6481,2.355389
6482,2.355389
6483,2.418296
6484,2.117492
6485,2.188722
6486,2.054585
6487,2.284159
6488,2.284159
6489,2.450826
6490,2.450826
6491,2.584963
6492,2.855389
6493,2.688722
6494,2.918296
6495,2.918296
6496,2.918296
6497,2.688722
6498,2.688722
6499,2.688722
6500,2.855389
6501,2.688722
6502,2.522055
6503,2.522055
6504,2.522055
6505,2.522055
6506,2.459148
6507,2.459148
6508,2.625815
6509,2.625815
6510,2.625815
6511,2.792481
6512,2.792481
6513,2.792481
6514,2.855389
6515,2.625815
6516,2.625815
6517,2.688722
6518,2.751629
6519,2.751629
6520,2.688722
6521,2.459148
6522,2.625815
6523,2.688722
6524,2.751629
6525,2.688722
6526,2.688722
6527,2.688722
6528,2.855389
6529,3.022055
6530,3.022055
6531,2.855389
6532,2.792481
6533,2.625815
6534,2.459148
6535,2.688722
6536,2.688722
6537,2.688722
6538,2.751629
6539,2.751629
6540,2.522055
6541,2.459148
6542,2.459148
6543,2.522055
6544,2.459148
6545,2.459148
6546,2.418296
6547,2.355389
6548,2.284159
6549,2.450826
6550,2.751629
6551,2.584963
6552,2.625815
6553,2.625815
6554,2.625815
6555,2.855389
6556,2.584963
6557,2.584963
6558,2.855389
6559,2.855389
6560,3.084963
6561,2.855389
6562,2.584963
6563,2.584963
6564,2.584963
6565,2.355389
6566,2.459148
6567,2.459148
6568,2.688722
6569,2.688722
6570,2.522055
6571,2.418296
6572,2.355389
6573,2.221252
6574,2.054585
6575,2.188722
6576,2.084963
6577,2.084963
6578,2.251629
6579,2.355389
6580,2.625815
6581,2.855389
6582,3.084963
6583,3.084963
6584,3.084963
6585,2.918296
6586,2.751629
6587,2.918296
6588,2.688722
6589,2.688722
6590,2.751629
6591,2.751629
6592,2.918296
6593,3.084963
6594,2.918296
6595,2.918296
6596,3.084963
6597,3.084963
6598,2.918296
6599,2.855389
6600,2.855389
6601,2.855389
6602,2.918296
6603,2.918296
6604,2.918296
6605,2.855389
6606,2.855389
6607,2.918296
6608,3.084963
6609,3.022055
6610,3.188722
6611,3.022055
6612,2.751629
6613,2.855389
6614,2.855389
6615,2.625815
6616,2.688722
6617,2.688722
6618,2.688722
6619,2.751629
6620,2.522055
6621,2.522055
6622,2.522055
6623,2.459148
6624,2.522055
6625,2.522055
6626,2.522055
6627,2.688722
6628,2.522055
6629,2.688722
6630,2.751629
6631,2.751629
6632,2.688722
6633,2.688722
6634,2.688722
6635,2.688722
6636,2.522055
6637,2.751629
6638,2.918296
6639,2.918296
6640,2.855389
6641,2.855389
6642,3.084963
6643,3.084963
6644,3.251629
6645,3.084963
6646,2.855389
6647,2.751629
6648,2.584963
6649,2.688722
6650,2.688722
6651,2.855389
6652,2.855389
6653,2.918296
6654,2.751629
6655,2.751629
6656,2.688722
6657,2.855389
6658,2.751629
6659,2.584963
6660,2.418296
6661,2.284159
6662,2.221252
6663,2.522055
6664,2.221252
6665,2.221252
6666,2.054585
6667,2.284159
6668,2.284159
6669,2.284159
6670,2.418296
6671,2.584963
6672,2.584963
6673,2.625815
6674,2.459148
6675,2.625815
6676,2.688722
6677,2.584963
6678,2.418296
6679,2.284159
6680,2.054585
6681,2.054585
6682,2.355389
6683,2.084963
6684,2.251629
6685,2.355389
6686,2.084963
6687,2.054585
6688,2.054585
6689,2.355389
6690,2.355389
6691,2.355389
6692,2.418296
6693,2.688722
6694,2.855389
6695,2.855389
6696,3.022055
6697,2.855389
6698,2.918296
6699,2.855389
6700,2.855389
6701,2.792481
6702,2.855389
6703,2.688722
6704,2.459148
6705,2.229574
6706,2.229574
6707,1.959148
6708,1.959148
6709,2.125815
6710,2.396241
6711,2.396241
6712,2.459148
6713,2.688722
6714,2.584963
6715,2.855389
6716,2.855389
6717,2.918296
6718,2.918296
6719,2.918296
6720,2.751629
6721,2.751629
6722,2.751629
6723,2.522055
6724,2.688722
6725,2.688722
6726,2.688722
6727,2.625815
6728,2.625815
6729,2.625815
6730,2.625815
6731,2.459148
6732,2.396241
6733,2.396241
6734,2.625815
6735,2.584963
6736,2.688722
6737,2.418296
6738,2.459148
6739,2.522055
6740,2.522055
6741,2.688722
6742,2.459148
6743,2.688722
6744,2.855389
6745,2.855389
6746,2.918296
6747,2.855389
6748,2.855389
6749,2.855389
6750,2.625815
6751,2.625815
6752,2.625815
6753,2.855389
6754,2.855389
6755,2.625815
6756,2.625815
6757,2.459148
6758,2.522055
6759,2.688722
6760,2.855389
6761,2.855389
6762,2.625815
6763,2.855389
6764,2.751629
6765,2.855389
6766,2.855389
6767,2.855389
6768,2.855389
6769,2.855389
6770,2.688722
6771,2.459148
6772,2.229574
6773,2.229574
6774,2.229574
6775,2.459148
6776,2.459148
6777,2.459148
6778,2.418296
6779,2.355389
6780,2.522055
6781,2.522055
6782,2.584963
6783,2.284159
6784,2.450826
6785,2.584963
6786,2.855389
6787,2.855389
6788,2.855389
6789,2.855389
6790,2.855389
6791,2.625815
6792,2.396241
6793,2.355389
6794,2.054585
6795,2.054585
6796,1.825011
6797,2.054585
6798,2.188722
6799,2.355389
6800,2.459148
6801,2.522055
6802,2.459148
6803,2.625815
6804,2.625815
6805,2.522055
6806,2.522055
6807,2.251629
6808,2.251629
6809,2.522055
6810,2.522055
6811,2.625815
6812,2.855389
6813,2.918296
6814,2.918296
6815,2.688722
6816,2.855389
6817,2.625815
6818,2.355389
6819,2.355389
6820,2.084963
6821,2.355389
6822,2.625815
6823,2.584963
6824,2.584963
6825,2.688722
6826,2.688722
6827,2.751629
6828,2.688722
6829,2.688722
6830,2.625815
6831,2.625815
6832,2.355389
6833,2.355389
6834,2.396241
6835,2.396241
6836,2.229574
6837,2.229574
6838,2.459148
6839,2.688722
6840,2.688722
6841,2.688722
6842,2.688722
6843,2.688722
6844,2.688722
6845,2.584963
6846,2.418296
6847,2.584963
6848,2.584963
6849,2.355389
6850,2.584963
6851,2.855389
6852,3.084963
6853,3.022055
6854,3.084963
6855,3.084963
6856,2.918296
6857,2.751629
6858,2.918296
6859,2.918296
6860,2.855389
6861,2.918296
6862,2.918296
6863,2.688722
6864,2.459148
6865,2.459148
6866,2.688722
6867,2.688722
6868,2.418296
6869,2.584963
6870,2.584963
6871,2.418296
6872,2.688722
6873,2.625815
6874,2.625815
6875,2.355389
6876,2.054585
6877,2.284159
6878,2.054585
6879,2.221252
6880,2.054585
6881,2.221252
6882,2.221252
6883,2.355389
6884,2.418296
6885,2.688722
6886,2.688722
6887,2.751629
6888,2.918296
6889,2.918296
6890,2.688722
6891,2.625815
6892,2.688722
6893,2.688722
6894,2.418296
6895,2.284159
6896,2.450826
6897,2.751629
6898,2.751629
6899,2.855389
6900,2.855389
6901,2.855389
6902,2.792481
6903,2.751629
6904,2.751629
6905,2.855389
6906,2.855389
6907,2.625815
6908,2.625815
6909,2.625815
6910,2.625815
6911,2.459148
6912,2.688722
6913,2.688722
6914,2.688722
6915,2.688722
6916,2.522055
6917,2.459148
6918,2.688722
6919,2.855389
6920,2.584963
6921,2.584963
6922,2.584963
6923,2.584963
6924,2.855389
6925,2.855389
6926,2.855389
6927,3.022055
6928,2.855389
6929,2.792481
6930,2.522055
6931,2.625815
6932,2.459148
6933,2.459148
6934,2.418296
6935,2.188722
6936,2.418296
6937,2.522055
6938,2.522055
6939,2.522055
6940,2.522055
6941,2.522055
6942,2.688722
6943,2.688722
6944,2.688722
6945,2.918296
6946,2.688722
6947,2.522055
6948,2.522055
6949,2.522055
6950,2.459148
6951,2.459148
6952,2.396241
6953,2.355389
6954,2.284159
6955,2.284159
6956,2.584963
6957,2.584963
6958,2.625815
6959,2.688722
6960,2.688722
6961,2.625815
6962,2.625815
6963,2.625815
6964,2.688722
6965,2.688722
6966,2.688722
6967,2.625815
6968,2.459148
6969,2.688722
6970,2.625815
6971,2.522055
6972,2.751629
6973,2.751629
6974,3.022055
6975,3.251629
6976,3.084963
6977,2.918296
6978,2.688722
6979,2.751629
6980,2.751629
6981,2.751629
6982,2.522055
6983,2.688722
6984,2.918296
6985,2.855389
6986,2.792481
6987,2.855389
6988,2.584963
6989,2.688722
6990,2.522055
6991,2.459148
6992,2.355389
6993,2.522055
6994,2.522055
6995,2.625815
6996,2.396241
6997,2.355389
6998,2.125815
6999,1.825011
7000,2.054585
7001,2.284159
7002,2.584963
7003,2.688722
7004,2.625815
7005,2.459148
7006,2.688722
7007,2.625815
7008,2.396241
7009,2.355389
7010,2.355389
7011,2.522055
7012,2.625815
7013,2.459148
7014,2.688722
7015,2.688722
7016,2.855389
7017,2.918296
7018,2.751629
7019,2.751629
7020,2.918296
7021,3.084963
7022,3.084963
7023,2.918296
7024,2.751629
7025,2.688722
7026,2.855389
7027,2.855389
7028,2.855389
7029,2.855389
7030,2.688722
7031,2.688722
7032,2.751629
7033,2.918296
7034,2.855389
7035,2.688722
7036,2.855389
7037,2.688722
7038,2.688722
7039,2.584963
7040,2.418296
7041,2.688722
7042,2.688722
7043,2.688722
7044,2.918296
7045,2.918296
7046,2.918296
7047,3.084963
7048,3.084963
7049,2.918296
7050,2.918296
7051,2.855389
7052,3.022055
7053,3.084963
7054,3.084963
7055,3.084963
7056,2.855389
7057,2.918296
7058,2.918296
7059,2.918296
7060,2.855389
7061,2.918296
7062,2.688722
7063,2.688722
7064,2.855389
7065,2.688722
7066,2.688722
7067,2.855389
7068,2.855389
7069,3.022055
7070,3.022055
7071,2.855389
7072,2.688722
7073,2.918296
7074,2.918296
7075,2.855389
7076,2.625815
7077,2.522055
7078,2.522055
7079,2.522055
7080,2.751629
7081,2.584963
7082,2.688722
7083,2.688722
7084,2.688722
7085,2.688722
7086,2.584963
7087,2.355389
7088,2.355389
7089,2.459148
7090,2.355389
7091,2.459148
7092,2.188722
7093,1.959148
7094,1.959148
7095,2.188722
7096,2.251629
7097,2.117492
7098,2.418296
7099,2.418296
7100,2.459148
7101,2.522055
7102,2.751629
7103,2.751629
7104,2.688722
7105,2.918296
7106,2.855389
7107,3.022055
7108,2.855389
7109,2.855389
7110,3.022055
7111,3.084963
7112,3.251629
7113,3.251629
7114,3.251629
7115,3.251629
7116,3.084963
7117,2.918296
7118,3.084963
7119,3.022055
7120,3.251629
7121,3.084963
7122,2.855389
7123,2.688722
7124,2.688722
7125,2.625815
7126,2.625815
7127,2.855389
7128,2.688722
7129,2.688722
7130,2.459148
7131,2.688722
7132,2.522055
7133,2.688722
7134,2.688722
7135,2.688722
7136,2.688722
7137,2.688722
7138,2.688722
7139,2.918296
7140,2.751629
7141,2.688722
7142,2.418296
7143,2.251629
7144,2.418296
7145,2.688722
7146,2.688722
7147,2.625815
7148,2.855389
7149,2.688722
7150,2.688722
7151,2.751629
7152,2.918296
7153,2.918296
7154,2.751629
7155,2.918296
7156,2.918296
7157,2.855389
7158,2.855389
7159,2.855389
7160,2.855389
7161,2.688722
7162,2.688722
7163,2.855389
7164,2.855389
7165,3.022055
7166,3.084963
7167,2.918296
7168,2.855389
7169,2.855389
7170,2.688722
7171,2.751629
7172,2.918296
7173,2.688722
7174,2.855389
7175,2.855389
7176,2.855389
7177,2.855389
7178,2.688722
7179,2.688722
7180,2.459148
7181,2.625815
7182,2.855389
7183,2.688722
7184,2.751629
7185,2.688722
7186,2.918296
7187,2.918296
7188,2.855389
7189,2.584963
7190,2.584963
7191,2.855389
7192,2.584963
7193,2.751629
7194,2.751629
7195,2.792481
7196,2.625815
7197,2.625815
7198,2.688722
7199,2.855389
7200,2.918296
7201,2.918296
7202,2.855389
7203,3.022055
7204,2.792481
7205,2.855389
7206,2.625815
7207,2.459148
7208,2.459148
7209,2.459148
7210,2.459148
7211,2.418296
7212,2.584963
7213,2.584963
7214,2.688722
7215,2.459148
7216,2.355389
7217,2.459148
7218,2.418296
7219,2.584963
7220,2.584963
7221,2.355389
7222,2.355389
7223,2.584963
7224,2.584963
7225,2.751629
7226,2.751629
7227,2.855389
7228,2.918296
7229,2.688722
7230,2.688722
7231,2.688722
7232,2.625815
7233,2.625815
7234,2.625815
7235,2.625815
7236,2.355389
7237,2.584963
7238,2.522055
7239,2.522055
7240,2.355389
7241,2.355389
7242,2.584963
7243,2.584963
7244,2.751629
7245,2.751629
7246,2.855389
7247,2.918296
7248,2.918296
7249,2.918296
7250,2.688722
7251,2.522055
7252,2.459148
7253,2.396241
7254,2.625815
7255,2.625815
7256,2.625815
7257,2.688722
7258,2.688722
7259,2.688722
7260,2.688722
7261,2.688722
7262,2.584963
7263,2.418296
7264,2.418296
7265,2.688722
7266,2.459148
7267,2.459148
7268,2.459148
7269,2.688722
7270,2.688722
7271,2.855389
7272,3.022055
7273,3.188722
7274,3.022055
7275,2.855389
7276,2.855389
7277,2.625815
7278,2.355389
7279,2.251629
7280,2.251629
7281,2.251629
7282,2.522055
7283,2.522055
7284,2.221252
7285,2.355389
7286,2.396241
7287,2.625815
7288,2.625815
7289,2.855389
7290,2.855389
7291,2.751629
7292,2.450826
7293,2.221252
7294,2.221252
7295,2.522055
7296,2.584963
7297,2.625815
7298,2.688722
7299,2.459148
7300,2.688722
7301,2.751629
7302,2.918296
7303,3.084963
7304,2.918296
7305,2.918296
7306,2.855389
7307,2.584963
7308,2.450826
7309,2.284159
7310,2.418296
7311,2.688722
7312,2.688722
7313,2.688722
7314,2.584963
7315,2.751629
7316,2.751629
7317,2.751629
7318,3.022055
7319,3.022055
7320,3.022055
7321,3.022055
7322,2.751629
7323,2.584963
7324,2.751629
7325,2.584963
7326,2.522055
7327,2.792481
7328,2.625815
7329,2.625815
7330,2.688722
7331,2.688722
7332,2.625815
7333,2.396241
7334,2.625815
7335,2.459148
7336,2.459148
7337,2.688722
7338,2.584963
7339,2.625815
7340,2.522055
7341,2.625815
7342,2.688722
7343,2.855389
7344,2.855389
7345,2.855389
7346,2.855389
7347,2.855389
7348,2.688722
7349,2.688722
7350,2.625815
7351,2.855389
7352,2.792481
7353,2.855389
7354,2.688722
7355,2.918296
7356,2.918296
7357,2.855389
7358,2.584963
7359,2.751629
7360,2.855389
7361,2.855389
7362,2.688722
7363,2.855389
7364,2.918296
7365,2.918296
7366,2.688722
7367,2.855389
7368,2.855389
7369,3.084963
7370,3.022055
7371,2.855389
7372,2.855389
7373,2.855389
7374,2.855389
7375,2.855389
7376,2.625815
7377,2.792481
7378,2.522055
7379,2.792481
7380,2.792481
7381,2.625815
7382,2.688722
7383,2.688722
7384,2.918296
7385,2.855389
7386,3.022055
7387,2.855389
7388,2.855389
7389,2.855389
7390,2.855389
7391,2.688722
7392,2.688722
7393,2.918296
7394,3.084963
7395,3.022055
7396,3.084963
7397,2.918296
7398,2.855389
7399,2.855389
7400,2.855389
7401,2.688722
7402,2.751629
7403,2.918296
7404,2.855389
7405,2.855389
7406,2.584963
7407,2.688722
7408,2.522055
7409,2.522055
7410,2.688722
7411,2.855389
7412,2.625815
7413,2.625815
7414,2.855389
7415,3.022055
7416,3.022055
7417,3.084963
7418,3.084963
7419,2.918296
7420,2.918296
7421,2.855389
7422,2.625815
7423,2.625815
7424,2.355389
7425,2.188722
7426,2.355389
7427,2.355389
7428,2.459148
7429,2.625815
7430,2.792481
7431,2.625815
7432,2.855389
7433,3.084963
7434,3.084963
7435,3.084963
7436,3.084963
7437,3.022055
7438,3.022055
7439,2.855389
7440,2.688722
7441,2.688722
7442,2.688722
7443,2.688722
7444,2.688722
7445,2.688722
7446,2.688722
7447,2.418296
7448,2.418296
7449,2.418296
7450,2.688722
7451,2.751629
7452,2.688722
7453,2.688722
7454,2.459148
7455,2.522055
7456,2.751629
7457,2.688722
7458,2.522055
7459,2.688722
7460,2.855389
7461,2.625815
7462,2.625815
7463,2.688722
7464,2.625815
7465,2.584963
7466,2.418296
7467,2.284159
7468,2.284159
7469,2.284159
7470,2.117492
7471,2.117492
7472,2.284159
7473,2.450826
7474,2.584963
7475,2.584963
7476,2.625815
7477,2.688722
7478,2.688722
7479,2.625815
7480,2.625815
7481,2.459148
7482,2.625815
7483,2.625815
7484,2.584963
7485,2.688722
7486,2.522055
7487,2.522055
7488,2.522055
7489,2.522055
7490,2.522055
7491,2.688722
7492,2.688722
7493,2.688722
7494,2.688722
7495,2.688722
7496,2.688722
7497,2.855389
7498,2.625815
7499,2.625815
7500,2.625815
7501,2.625815
7502,2.355389
7503,2.459148
7504,2.688722
7505,2.625815
7506,2.625815
7507,2.855389
7508,2.855389
7509,2.751629
7510,2.584963
7511,2.688722
7512,2.625815
7513,2.792481
7514,2.625815
7515,2.688722
7516,2.688722
7517,2.625815
7518,2.855389
7519,2.918296
7520,2.918296
7521,2.918296
7522,2.855389
7523,2.918296
7524,2.751629
7525,2.918296
7526,2.918296
7527,2.918296
7528,2.918296
7529,2.855389
7530,2.625815
7531,2.688722
7532,2.855389
7533,2.855389
7534,2.625815
7535,2.355389
7536,2.251629
7537,2.355389
7538,2.188722
7539,2.054585
7540,2.355389
7541,2.355389
7542,2.625815
7543,2.855389
7544,3.022055
7545,3.022055
7546,3.084963
7547,3.084963
7548,2.855389
7549,3.084963
7550,2.855389
7551,2.855389
7552,2.918296
7553,2.855389
7554,2.688722
7555,2.522055
7556,2.688722
7557,2.688722
7558,2.584963
7559,2.688722
7560,2.918296
7561,2.855389
7562,2.688722
7563,2.688722
7564,2.688722
7565,2.751629
7566,2.751629
7567,2.688722
7568,2.855389
7569,2.855389
7570,2.855389
7571,2.584963
7572,2.625815
7573,2.396241
7574,2.625815
7575,2.688722
7576,2.688722
7577,2.688722
7578,2.459148
7579,2.522055
7580,2.751629
7581,2.751629
7582,2.918296
7583,3.084963
7584,2.918296
7585,2.918296
7586,2.855389
7587,2.855389
7588,2.855389
7589,2.688722
7590,2.688722
7591,2.688722
7592,2.688722
7593,2.688722
7594,2.688722
7595,2.459148
7596,2.459148
7597,2.688722
7598,2.688722
7599,2.418296
7600,2.418296
7601,2.284159
7602,2.584963
7603,2.751629
7604,2.584963
7605,2.584963
7606,2.751629
7607,2.584963
7608,2.625815
7609,2.688722
7610,2.751629
7611,2.688722
7612,2.688722
7613,2.688722
7614,2.459148
7615,2.188722
7616,2.355389
7617,2.355389
7618,2.584963
7619,2.418296
7620,2.584963
7621,2.584963
7622,2.751629
7623,2.855389
7624,2.855389
7625,2.855389
7626,3.084963
7627,3.084963
7628,3.084963
7629,3.251629
7630,3.084963
7631,3.084963
7632,3.022055
7633,3.022055
7634,3.022055
7635,3.188722
7636,3.022055
7637,2.855389
7638,2.855389
7639,2.688722
7640,2.688722
7641,2.625815
7642,2.584963
7643,2.584963
7644,2.751629
7645,2.751629
7646,2.855389
7647,2.855389
7648,2.792481
7649,2.792481
7650,2.855389
7651,2.688722
7652,2.688722
7653,2.751629
7654,2.688722
7655,2.459148
7656,2.688722
7657,2.855389
7658,2.855389
7659,2.855389
7660,3.022055
7661,2.855389
7662,2.584963
7663,2.751629
7664,2.584963
7665,2.625815
7666,2.688722
7667,2.688722
7668,2.688722
7669,2.688722
7670,2.688722
7671,2.584963
7672,2.284159
7673,2.355389
7674,2.125815
7675,2.125815
7676,2.054585
7677,2.221252
7678,2.284159
7679,2.284159
7680,2.284159
7681,2.450826
7682,2.584963
7683,2.688722
7684,2.751629
7685,2.522055
7686,2.522055
7687,2.522055
7688,2.522055
7689,2.522055
7690,2.459148
7691,2.459148
7692,2.688722
7693,2.522055
7694,2.751629
7695,2.918296
7696,2.918296
7697,2.855389
7698,3.084963
7699,2.855389
7700,2.625815
7701,2.855389
7702,2.584963
7703,2.688722
7704,2.855389
7705,2.584963
7706,2.418296
7707,2.117492
7708,1.959148
7709,2.117492
7710,2.117492
7711,2.117492
7712,2.418296
7713,2.584963
7714,2.584963
7715,2.584963
7716,2.584963
7717,2.688722
7718,2.459148
7719,2.688722
7720,2.625815
7721,2.459148
7722,2.396241
7723,2.396241
7724,2.396241
7725,2.625815
7726,2.688722
7727,2.751629
7728,2.688722
7729,2.688722
7730,2.459148
7731,2.522055
7732,2.522055
7733,2.522055
7734,2.688722
7735,2.625815
7736,2.584963
7737,2.688722
7738,2.855389
7739,2.855389
7740,2.688722
7741,2.459148
7742,2.459148
7743,2.688722
7744,2.688722
7745,2.688722
7746,2.688722
7747,2.688722
7748,2.855389
7749,2.918296
7750,2.688722
7751,2.688722
7752,2.688722
7753,2.459148
7754,2.229574
7755,2.125815
7756,2.355389
7757,2.054585
7758,2.355389
7759,2.221252
7760,2.284159
7761,2.221252
7762,2.221252
7763,2.221252
7764,2.355389
7765,2.459148
7766,2.355389
7767,2.584963
7768,2.584963
7769,2.751629
7770,2.855389
7771,2.688722
7772,2.688722
7773,2.688722
7774,2.418296
7775,2.688722
7776,2.688722
7777,2.855389
7778,2.855389
7779,2.688722
7780,2.688722
7781,2.625815
7782,2.459148
7783,2.625815
7784,2.688722
7785,2.918296
7786,2.855389
7787,2.751629
7788,2.584963
7789,2.418296
7790,2.584963
7791,2.855389
7792,2.584963
7793,2.688722
7794,2.688722
7795,2.625815
7796,2.355389
7797,2.584963
7798,2.688722
7799,2.751629
7800,2.918296
7801,2.751629
7802,2.918296
7803,2.918296
7804,2.918296
7805,3.084963
7806,3.084963
7807,2.918296
7808,2.855389
7809,3.022055
7810,2.792481
7811,2.855389
7812,2.918296
7813,2.918296
7814,2.918296
7815,2.918296
7816,2.918296
7817,3.084963
7818,3.084963
7819,3.084963
7820,3.084963
7821,3.022055
7822,2.751629
7823,2.450826
7824,2.284159
7825,2.117492
7826,2.054585
7827,2.221252
7828,2.355389
7829,2.418296
7830,2.688722
7831,2.625815
7832,2.355389
7833,2.459148
7834,2.459148
7835,2.459148
7836,2.688722
7837,2.688722
7838,2.522055
7839,2.751629
7840,2.918296
7841,2.855389
7842,2.918296
7843,2.688722
7844,2.688722
7845,2.918296
7846,2.918296
7847,2.918296
7848,2.688722
7849,2.688722
7850,2.688722
7851,2.855389
7852,2.751629
7853,2.584963
7854,2.284159
7855,2.117492
7856,2.054585
7857,2.054585
7858,2.054585
7859,2.188722
7860,2.188722
7861,2.188722
7862,2.084963
7863,2.355389
7864,2.459148
7865,2.688722
7866,2.688722
7867,2.855389
7868,2.918296
7869,3.084963
7870,3.251629
7871,3.022055
7872,2.855389
7873,2.688722
7874,2.918296
7875,2.918296
7876,2.918296
7877,2.918296
7878,2.918296
7879,2.751629
7880,2.918296
7881,2.688722
7882,2.625815
7883,2.855389
7884,2.625815
7885,2.688722
7886,2.751629
7887,2.751629
7888,2.688722
7889,2.688722
7890,2.688722
7891,2.584963
7892,2.625815
7893,2.625815
7894,2.625815
7895,2.625815
7896,2.855389
7897,2.855389
7898,2.855389
7899,2.855389
7900,3.084963
7901,3.084963
7902,3.022055
7903,3.022055
7904,2.751629
7905,2.751629
7906,2.584963
7907,2.584963
7908,2.584963
7909,2.522055
7910,2.522055
7911,2.584963
7912,2.688722
7913,2.751629
7914,2.918296
7915,3.084963
7916,2.918296
7917,2.918296
7918,3.084963
7919,3.084963
7920,3.251629
7921,3.084963
7922,3.084963
7923,3.084963
7924,3.084963
7925,3.084963
7926,2.918296
7927,2.855389
7928,2.855389
7929,2.855389
7930,2.855389
7931,2.688722
7932,2.918296
7933,2.918296
7934,2.918296
7935,2.855389
7936,2.625815
7937,2.625815
7938,2.855389
7939,2.855389
7940,3.022055
7941,3.022055
7942,2.855389
7943,2.625815
7944,2.625815
7945,2.855389
7946,2.625815
7947,2.625815
7948,2.625815
7949,2.459148
7950,2.459148
7951,2.459148
7952,2.688722
7953,2.584963
7954,2.450826
7955,2.125815
7956,2.125815
7957,2.125815
7958,2.450826
7959,2.284159
7960,2.284159
7961,2.284159
7962,2.584963
7963,2.418296
7964,2.584963
7965,2.584963
7966,2.688722
7967,2.751629
7968,2.918296
7969,2.855389
7970,2.751629
7971,2.751629
7972,2.751629
7973,2.751629
7974,2.584963
7975,2.584963
7976,2.855389
7977,2.688722
7978,2.688722
7979,2.855389
7980,2.855389
7981,2.918296
7982,2.918296
7983,2.855389
7984,2.688722
7985,2.855389
7986,2.855389
7987,3.022055
7988,3.022055
7989,3.188722
7990,3.022055
7991,3.084963
7992,2.855389
7993,2.688722
7994,2.688722
7995,2.688722
7996,2.855389
7997,2.855389
7998,2.688722
7999,2.625815
8000,2.584963
8001,2.855389
8002,2.688722
8003,2.751629
8004,2.688722
8005,2.688722
8006,2.751629
8007,2.918296
8008,2.855389
8009,2.855389
8010,2.855389
8011,2.855389
8012,2.688722
8013,2.855389
8014,2.625815
8015,2.625815
8016,2.625815
8017,2.688722
8018,2.688722
8019,2.522055
8020,2.418296
8021,2.284159
8022,2.584963
8023,2.584963
8024,2.584963
8025,2.584963
8026,2.688722
8027,2.751629
8028,2.522055
8029,2.688722
8030,2.751629
8031,2.751629
8032,2.918296
8033,2.751629
8034,2.918296
8035,2.855389
8036,2.855389
8037,2.688722
8038,2.522055
8039,2.522055
8040,2.522055
8041,2.688722
8042,2.688722
8043,2.459148
8044,2.418296
8045,2.584963
8046,2.418296
8047,2.688722
8048,2.625815
8049,2.688722
8050,2.688722
8051,2.751629
8052,2.688722
8053,2.625815
8054,2.584963
8055,2.418296
8056,2.188722
8057,2.418296
8058,2.584963
8059,2.855389
8060,2.855389
8061,2.855389
8062,2.688722
8063,2.688722
8064,2.855389
8065,2.792481
8066,2.522055
8067,2.522055
8068,2.625815
8069,2.584963
8070,2.418296
8071,2.418296
8072,2.688722
8073,2.855389
8074,2.855389
8075,3.084963
8076,3.251629
8077,3.084963
8078,3.084963
8079,3.084963
8080,3.084963
8081,2.918296
8082,2.918296
8083,3.084963
8084,3.084963
8085,2.855389
8086,2.855389
8087,2.751629
8088,2.584963
8089,2.751629
8090,2.751629
8091,2.751629
8092,2.584963
8093,2.688722
8094,2.751629
8095,2.918296
8096,2.918296
8097,2.918296
8098,3.084963
8099,2.855389
8100,2.855389
8101,2.751629
8102,2.584963
8103,2.418296
8104,2.355389
8105,2.355389
8106,2.584963
8107,2.688722
8108,2.522055
8109,2.751629
8110,2.688722
8111,2.855389
8112,2.855389
8113,2.688722
8114,2.855389
8115,2.918296
8116,2.918296
8117,2.688722
8118,2.625815
8119,2.355389
8120,2.625815
8121,2.459148
8122,2.625815
8123,2.522055
8124,2.221252
8125,2.221252
8126,2.522055
8127,2.584963
8128,2.688722
8129,2.855389
8130,2.855389
8131,2.688722
8132,2.688722
8133,2.459148
8134,2.229574
8135,2.459148
8136,2.625815
8137,2.688722
8138,2.688722
8139,2.625815
8140,2.688722
8141,2.751629
8142,2.751629
8143,2.751629
8144,2.522055
8145,2.688722
8146,2.918296
8147,2.918296
8148,2.918296
8149,2.918296
8150,2.918296
8151,3.084963
8152,3.084963
8153,3.084963
8154,3.084963
8155,3.022055
8156,3.084963
8157,3.084963
8158,3.084963
8159,2.918296
8160,2.688722
8161,2.855389
8162,2.855389
8163,2.855389
8164,2.855389
8165,3.022055
8166,3.084963
8167,3.084963
8168,2.918296
8169,2.918296
8170,2.688722
8171,2.855389
8172,2.855389
8173,3.022055
8174,3.022055
8175,2.792481
8176,2.522055
8177,2.522055
8178,2.355389
8179,2.221252
8180,2.355389
8181,2.418296
8182,2.688722
8183,2.459148
8184,2.396241
8185,2.229574
8186,2.229574
8187,2.459148
8188,2.459148
8189,2.459148
8190,2.522055
8191,2.418296
8192,2.355389
8193,2.284159
8194,2.584963
8195,2.584963
8196,2.584963
8197,2.688722
8198,2.418296
8199,2.584963
8200,2.355389
8201,2.625815
8202,2.625815
8203,2.855389
8204,2.855389
8205,3.022055
8206,2.855389
8207,2.625815
8208,2.688722
8209,2.688722
8210,2.688722
8211,2.688722
8212,2.688722
8213,2.688722
8214,2.688722
8215,2.688722
8216,2.751629
8217,2.688722
8218,2.855389
8219,2.584963
8220,2.584963
8221,2.584963
8222,2.584963
8223,2.855389
8224,2.625815
8225,2.792481
8226,2.855389
8227,2.855389
8228,2.918296
8229,2.918296
8230,2.918296
8231,2.855389
8232,2.855389
8233,2.918296
8234,2.751629
8235,2.522055
8236,2.751629
8237,2.751629
8238,2.751629
8239,2.688722
8240,2.918296
8241,3.084963
8242,3.084963
8243,3.084963
8244,3.084963
8245,3.084963
8246,2.855389
8247,2.855389
8248,2.855389
8249,3.022055
8250,2.855389
8251,2.855389
8252,2.918296
8253,2.751629
8254,2.918296
8255,2.855389
8256,3.084963
8257,3.084963
8258,3.022055
8259,2.751629
8260,2.584963
8261,2.584963
8262,2.688722
8263,2.688722
8264,2.625815
8265,2.625815
8266,2.355389
8267,2.355389
8268,2.522055
8269,2.221252
8270,2.355389
8271,2.396241
8272,2.625815
8273,2.625815
8274,2.625815
8275,2.625815
8276,2.625815
8277,2.625815
8278,2.855389
8279,2.584963
8280,2.584963
8281,2.751629
8282,2.855389
8283,2.855389
8284,2.855389
8285,2.855389
8286,2.855389
8287,2.625815
8288,2.855389
8289,2.855389
8290,2.855389
8291,2.918296
8292,2.855389
8293,2.688722
8294,2.688722
8295,2.459148
8296,2.459148
8297,2.688722
8298,2.688722
8299,2.688722
8300,2.688722
8301,2.688722
8302,2.688722
8303,2.688722
8304,2.625815
8305,2.584963
8306,2.584963
8307,2.418296
8308,2.188722
8309,2.188722
8310,2.188722
8311,2.188722
8312,2.251629
8313,2.418296
8314,2.688722
8315,2.751629
8316,2.918296
8317,2.918296
8318,3.084963
8319,2.855389
8320,2.855389
8321,2.918296
8322,2.918296
8323,2.688722
8324,2.688722
8325,2.688722
8326,2.688722
8327,2.688722
8328,2.459148
8329,2.459148
8330,2.459148
8331,2.522055
8332,2.459148
8333,2.188722
8334,2.188722
8335,2.355389
8336,2.054585
8337,2.355389
8338,2.355389
8339,2.625815
8340,2.688722
8341,2.584963
8342,2.855389
8343,2.688722
8344,2.751629
8345,2.918296
8346,2.751629
8347,2.751629
8348,2.584963
8349,2.522055
8350,2.522055
8351,2.584963
8352,2.522055
8353,2.751629
8354,2.918296
8355,2.688722
8356,2.688722
8357,2.584963
8358,2.418296
8359,2.459148
8360,2.459148
8361,2.459148
8362,2.229574
8363,2.188722
8364,2.355389
8365,2.284159
8366,2.450826
8367,2.584963
8368,2.625815
8369,2.855389
8370,2.855389
8371,2.855389
8372,2.855389
8373,2.855389
8374,2.688722
8375,2.688722
8376,2.855389
8377,2.688722
8378,2.688722
8379,2.625815
8380,2.625815
8381,2.625815
8382,2.855389
8383,2.918296
8384,3.084963
8385,2.918296
8386,2.688722
8387,2.459148
8388,2.459148
8389,2.522055
8390,2.292481
8391,2.188722
8392,2.355389
8393,2.188722
8394,2.188722
8395,2.188722
8396,2.418296
8397,2.418296
8398,2.418296
8399,2.688722
8400,2.918296
8401,2.918296
8402,2.918296
8403,2.918296
8404,2.855389
8405,2.855389
8406,2.751629
8407,2.584963
8408,2.584963
8409,2.418296
8410,2.418296
8411,2.584963
8412,2.584963
8413,2.584963
8414,2.584963
8415,2.855389
8416,2.855389
8417,2.855389
8418,3.084963
8419,2.855389
8420,2.855389
8421,2.688722
8422,2.584963
8423,2.688722
8424,2.751629
8425,2.751629
8426,2.688722
8427,2.688722
8428,2.688722
8429,2.688722
8430,2.688722
8431,2.584963
8432,2.751629
8433,2.855389
8434,2.855389
8435,2.688722
8436,2.688722
8437,2.855389
8438,2.918296
8439,2.855389
8440,2.855389
8441,2.855389
8442,2.855389
8443,2.688722
8444,2.688722
8445,2.855389
8446,3.084963
8447,2.918296
8448,2.855389
8449,2.792481
8450,3.022055
8451,3.022055
8452,2.751629
8453,2.584963
8454,2.418296
8455,2.418296
8456,2.418296
8457,2.688722
8458,2.688722
8459,2.751629
8460,2.688722
8461,2.584963
8462,2.355389
8463,2.355389
8464,2.355389
8465,2.188722
8466,2.054585
8467,2.284159
8468,2.284159
8469,2.418296
8470,2.688722
8471,2.688722
8472,2.751629
8473,2.918296
8474,3.084963
8475,3.022055
8476,3.022055
8477,3.084963
8478,2.918296
8479,2.751629
8480,2.751629
8481,2.751629
8482,2.751629
8483,2.688722
8484,2.855389
8485,2.688722
8486,2.918296
8487,2.918296
8488,2.918296
8489,2.918296
8490,2.918296
8491,3.084963
8492,2.918296
8493,2.918296
8494,2.688722
8495,2.584963
8496,2.751629
8497,2.584963
8498,2.688722
8499,2.459148
8500,2.459148
8501,2.459148
8502,2.459148
8503,2.459148
8504,2.688722
8505,2.855389
8506,2.751629
8507,2.584963
8508,2.688722
8509,2.522055
8510,2.751629
8511,2.751629
8512,2.688722
8513,2.688722
8514,2.625815
8515,2.459148
8516,2.688722
8517,2.688722
8518,2.459148
8519,2.459148
8520,2.459148
8521,2.459148
8522,2.355389
8523,2.584963
8524,2.355389
8525,2.355389
8526,2.355389
8527,2.188722
8528,2.229574
8529,2.459148
8530,2.355389
8531,2.584963
8532,2.584963
8533,2.855389
8534,2.584963
8535,2.522055
8536,2.355389
8537,2.355389
8538,2.459148
8539,2.355389
8540,2.355389
8541,2.355389
8542,2.584963
8543,2.625815
8544,2.855389
8545,2.625815
8546,2.522055
8547,2.450826
8548,2.584963
8549,2.355389
8550,2.188722
8551,2.188722
8552,2.188722
8553,2.459148
8554,2.688722
8555,2.751629
8556,2.688722
8557,2.918296
8558,2.918296
8559,2.855389
8560,3.022055
8561,3.188722
8562,3.022055
8563,2.855389
8564,2.688722
8565,2.625815
8566,2.625815
8567,2.625815
8568,2.792481
8569,2.625815
8570,2.355389
8571,2.355389
8572,2.584963
8573,2.855389
8574,2.918296
8575,2.918296
8576,2.918296
8577,2.918296
8578,2.918296
8579,3.084963
8580,3.084963
8581,3.251629
8582,3.084963
8583,3.084963
8584,2.918296
8585,2.918296
8586,2.918296
8587,2.918296
8588,2.918296
8589,2.688722
8590,2.625815
8591,2.855389
8592,2.584963
8593,2.855389
8594,2.918296
8595,2.855389
8596,2.855389
8597,2.918296
8598,2.918296
8599,3.084963
8600,2.918296
8601,2.918296
8602,2.855389
8603,2.918296
8604,2.688722
8605,2.688722
8606,2.625815
8607,2.396241
8608,2.125815
8609,2.396241
8610,2.625815
8611,2.396241
8612,2.459148
8613,2.459148
8614,2.459148
8615,2.459148
8616,2.459148
8617,2.625815
8618,2.855389
8619,2.918296
8620,2.855389
8621,3.022055
8622,2.751629
8623,2.751629
8624,2.751629
8625,2.751629
8626,2.584963
8627,2.584963
8628,2.625815
8629,2.459148
8630,2.418296
8631,2.459148
8632,2.688722
8633,2.688722
8634,2.688722
8635,2.855389
8636,2.855389
8637,3.022055
8638,3.022055
8639,3.022055
8640,2.855389
8641,3.084963
8642,2.918296
8643,2.918296
8644,2.688722
8645,2.584963
8646,2.584963
8647,2.751629
8648,2.918296
8649,2.918296
8650,3.022055
8651,2.855389
8652,2.625815
8653,2.625815
8654,2.855389
8655,3.022055
8656,3.022055
8657,2.751629
8658,2.751629
8659,2.918296
8660,2.751629
8661,3.022055
8662,2.855389
8663,3.084963
8664,3.084963
8665,3.084963
8666,3.251629
8667,3.188722
8668,3.251629
8669,3.084963
8670,3.084963
8671,2.855389
8672,2.625815
8673,2.355389
8674,2.355389
8675,2.084963
8676,2.355389
8677,2.522055
8678,2.792481
8679,2.792481
8680,2.522055
8681,2.792481
8682,2.855389
8683,2.855389
8684,2.918296
8685,2.751629
8686,2.751629
8687,2.918296
8688,2.688722
8689,2.688722
8690,2.459148
8691,2.459148
8692,2.459148
8693,2.355389
8694,2.459148
8695,2.625815
8696,2.522055
8697,2.522055
8698,2.792481
8699,2.855389
8700,2.792481
8701,2.855389
8702,2.855389
8703,3.022055
8704,2.792481
8705,2.855389
8706,2.918296
8707,2.855389
8708,2.855389
8709,2.855389
8710,2.855389
8711,2.688722
8712,2.418296
8713,2.418296
8714,2.688722
8715,2.855389
8716,2.584963
8717,2.751629
8718,2.751629
8719,3.022055
8720,3.022055
8721,3.022055
8722,2.792481
8723,2.625815
8724,2.855389
8725,2.855389
8726,2.625815
8727,2.625815
8728,2.625815
8729,2.625815
8730,2.459148
8731,2.688722
8732,2.855389
8733,2.855389
8734,2.688722
8735,2.459148
8736,2.459148
8737,2.459148
8738,2.688722
8739,2.625815
8740,2.625815
8741,2.855389
8742,2.855389
8743,2.918296
8744,2.751629
8745,2.688722
8746,2.751629
8747,2.918296
8748,3.084963
8749,3.084963
8750,3.084963
8751,2.855389
8752,2.688722
8753,2.688722
8754,2.855389
8755,2.688722
8756,2.688722
8757,2.625815
8758,2.688722
8759,2.688722
8760,2.522055
8761,2.418296
8762,2.418296
8763,2.584963
8764,2.751629
8765,2.522055
8766,2.625815
8767,2.625815
8768,2.459148
8769,2.522055
8770,2.522055
8771,2.688722
8772,2.688722
8773,2.688722
8774,2.855389
8775,2.855389
8776,3.022055
8777,2.855389
8778,2.625815
8779,2.688722
8780,2.522055
8781,2.688722
8782,2.918296
8783,2.855389
8784,3.022055
8785,3.022055
8786,3.022055
8787,3.084963
8788,3.084963
8789,2.855389
8790,2.855389
8791,3.022055
8792,2.751629
8793,2.751629
8794,2.584963
8795,2.355389
8796,2.625815
8797,2.688722
8798,2.688722
8799,2.855389
8800,2.918296
8801,2.918296
8802,2.918296
8803,2.918296
8804,2.918296
8805,3.084963
8806,2.918296
8807,2.918296
8808,3.084963
8809,3.084963
8810,2.918296
8811,2.688722
8812,2.855389
8813,2.855389
8814,2.855389
8815,2.625815
8816,2.625815
8817,2.855389
8818,2.688722
8819,2.688722
8820,2.459148
8821,2.688722
8822,2.584963
8823,2.584963
8824,2.418296
8825,2.584963
8826,2.751629
8827,2.584963
8828,2.584963
8829,2.625815
8830,2.855389
8831,2.855389
8832,2.688722
8833,2.459148
8834,2.459148
8835,2.522055
8836,2.522055
8837,2.292481
8838,2.459148
8839,2.625815
8840,2.855389
8841,2.855389
8842,2.855389
8843,2.688722
8844,2.855389
8845,2.792481
8846,3.022055
8847,3.022055
8848,3.022055
8849,2.792481
8850,2.625815
8851,2.625815
8852,2.855389
8853,2.688722
8854,2.688722
8855,2.688722
8856,2.688722
8857,2.522055
8858,2.418296
8859,2.418296
8860,2.418296
8861,2.584963
8862,2.625815
8863,2.688722
8864,2.855389
8865,2.855389
8866,2.855389
8867,2.855389
8868,3.084963
8869,2.918296
8870,2.855389
8871,2.688722
8872,2.625815
8873,2.625815
8874,2.355389
8875,2.054585
8876,2.054585
8877,2.054585
8878,2.284159
8879,2.125815
8880,2.221252
8881,2.522055
8882,2.625815
8883,2.688722
8884,2.688722
8885,2.688722
8886,2.688722
8887,2.688722
8888,2.918296
8889,2.918296
8890,2.918296
8891,2.855389
8892,2.855389
8893,2.855389
8894,2.855389
8895,2.918296
8896,2.918296
8897,2.918296
8898,2.855389
8899,2.625815
8900,2.396241
8901,2.625815
8902,2.688722
8903,2.688722
8904,2.855389
8905,2.855389
8906,2.918296
8907,2.918296
8908,2.918296
8909,2.918296
8910,2.688722
8911,2.459148
8912,2.625815
8913,2.459148
8914,2.625815
8915,2.584963
8916,2.688722
8917,2.688722
8918,2.625815
8919,2.855389
8920,3.022055
8921,3.084963
8922,2.855389
8923,3.022055
8924,3.022055
8925,3.251629
8926,3.084963
8927,2.855389
8928,2.688722
8929,2.459148
8930,2.688722
8931,2.688722
8932,2.688722
8933,2.625815
8934,2.625815
8935,2.396241
8936,2.625815
8937,2.855389
8938,2.855389
8939,2.688722
8940,2.688722
8941,2.688722
8942,2.522055
8943,2.751629
8944,2.688722
8945,2.688722
8946,2.855389
8947,2.584963
8948,2.751629
8949,2.751629
8950,2.855389
8951,2.688722
8952,2.918296
8953,2.918296
8954,2.918296
8955,2.918296
8956,2.855389
8957,2.855389
8958,2.855389
8959,2.625815
8960,2.522055
8961,2.792481
8962,2.855389
8963,2.625815
8964,2.396241
8965,2.625815
8966,2.459148
8967,2.459148
8968,2.688722
8969,2.688722
8970,2.855389
8971,3.084963
8972,3.084963
8973,2.918296
8974,2.855389
8975,2.918296
8976,2.751629
8977,2.751629
8978,2.522055
8979,2.459148
8980,2.688722
8981,2.625815
8982,2.625815
8983,2.355389
8984,2.355389
8985,2.418296
8986,2.188722
8987,2.229574
8988,2.459148
8989,2.688722
8990,2.625815
8991,2.688722
8992,2.688722
8993,2.625815
8994,2.584963
8995,2.584963
8996,2.855389
8997,2.855389
8998,2.855389
8999,2.625815
9000,2.625815
9001,2.688722
9002,2.688722
9003,2.751629
9004,2.918296
9005,2.688722
9006,2.751629
9007,2.584963
9008,2.522055
9009,2.584963
9010,2.522055
9011,2.459148
9012,2.459148
9013,2.625815
9014,2.625815
9015,2.625815
9016,2.625815
9017,2.625815
9018,2.625815
9019,2.625815
9020,2.688722
9021,2.855389
9022,2.855389
9023,2.855389
9024,2.855389
9025,2.855389
9026,2.855389
9027,2.855389
9028,2.625815
9029,2.625815
9030,2.855389
9031,2.855389
9032,3.022055
9033,2.855389
9034,2.855389
9035,2.855389
9036,2.855389
9037,2.688722
9038,2.688722
9039,2.625815
9040,2.625815
9041,2.625815
9042,2.355389
9043,2.084963
9044,2.054585
9045,2.221252
9046,2.054585
9047,2.117492
9048,1.959148
9049,2.117492
9050,2.054585
9051,2.084963
9052,2.355389
9053,2.459148
9054,2.355389
9055,2.355389
9056,2.355389
9057,2.584963
9058,2.625815
9059,2.459148
9060,2.522055
9061,2.688722
9062,2.688722
9063,2.688722
9064,2.688722
9065,2.459148
9066,2.355389
9067,2.355389
9068,2.584963
9069,2.855389
9070,2.751629
9071,2.855389
9072,2.855389
9073,2.792481
9074,2.792481
9075,2.855389
9076,2.688722
9077,2.918296
9078,2.918296
9079,2.918296
9080,2.918296
9081,2.918296
9082,2.688722
9083,2.855389
9084,2.792481
9085,2.792481
9086,2.792481
9087,2.625815
9088,2.396241
9089,2.396241
9090,2.625815
9091,2.625815
9092,2.855389
9093,2.918296
9094,2.918296
9095,2.918296
9096,2.918296
9097,2.918296
9098,2.918296
9099,2.918296
9100,2.688722
9101,2.688722
9102,2.459148
9103,2.459148
9104,2.522055
9105,2.688722
9106,2.688722
9107,2.688722
9108,2.918296
9109,2.918296
9110,2.918296
9111,2.918296
9112,3.084963
9113,3.084963
9114,3.084963
9115,3.084963
9116,2.918296
9117,2.855389
9118,2.855389
9119,2.855389
9120,2.918296
9121,2.855389
9122,2.625815
9123,2.855389
9124,2.688722
9125,2.918296
9126,2.918296
9127,2.918296
9128,2.688722
9129,2.918296
9130,3.084963
9131,3.084963
9132,2.918296
9133,2.918296
9134,2.918296
9135,2.855389
9136,2.855389
9137,2.855389
9138,2.584963
9139,2.751629
9140,2.450826
9141,2.751629
9142,2.450826
9143,2.584963
9144,2.284159
9145,2.450826
9146,2.450826
9147,2.450826
9148,2.125815
9149,1.959148
9150,2.054585
9151,1.825011
9152,1.855389
9153,2.084963
9154,2.125815
9155,2.396241
9156,2.625815
9157,2.459148
9158,2.688722
9159,2.625815
9160,2.355389
9161,2.355389
9162,2.355389
9163,2.625815
9164,2.522055
9165,2.522055
9166,2.792481
9167,2.855389
9168,2.688722
9169,2.688722
9170,2.584963
9171,2.855389
9172,2.625815
9173,2.625815
9174,2.459148
9175,2.459148
9176,2.459148
9177,2.625815
9178,2.625815
9179,2.625815
9180,2.355389
9181,2.188722
9182,2.188722
9183,2.292481
9184,2.188722
9185,2.418296
9186,2.688722
9187,2.625815
9188,2.584963
9189,2.584963
9190,2.625815
9191,2.625815
9192,2.625815
9193,2.355389
9194,2.284159
9195,2.284159
9196,2.418296
9197,2.584963
9198,2.450826
9199,2.617492
9200,2.918296
9201,2.918296
9202,2.751629
9203,2.751629
9204,2.751629
9205,2.855389
9206,2.855389
9207,3.022055
9208,3.022055
9209,2.855389
9210,3.022055
9211,2.855389
9212,2.855389
9213,2.855389
9214,3.084963
9215,2.918296
9216,2.918296
9217,2.918296
9218,2.855389
9219,3.084963
9220,2.918296
9221,2.918296
9222,2.751629
9223,2.688722
9224,2.688722
9225,2.625815
9226,2.688722
9227,2.688722
9228,2.459148
9229,2.459148
9230,2.459148
9231,2.522055
9232,2.522055
9233,2.522055
9234,2.459148
9235,2.459148
9236,2.688722
9237,2.688722
9238,2.688722
9239,2.625815
9240,2.855389
9241,2.855389
9242,2.855389
9243,2.688722
9244,2.751629
9245,2.688722
9246,2.918296
9247,2.688722
9248,2.918296
9249,2.855389
9250,2.688722
9251,2.688722
9252,2.855389
9253,2.918296
9254,2.855389
9255,2.688722
9256,2.688722
9257,2.459148
9258,2.459148
9259,2.459148
9260,2.625815
9261,2.625815
9262,2.396241
9263,2.355389
9264,2.625815
9265,2.855389
9266,2.855389
9267,2.918296
9268,2.855389
9269,2.625815
9270,2.625815
9271,2.625815
9272,2.459148
9273,2.688722
9274,2.688722
9275,2.688722
9276,2.459148
9277,2.522055
9278,2.522055
9279,2.522055
9280,2.459148
9281,2.396241
9282,2.459148
9283,2.459148
9284,2.418296
9285,2.418296
9286,2.418296
9287,2.188722
9288,2.229574
9289,2.459148
9290,2.418296
9291,2.284159
9292,2.284159
9293,2.284159
9294,2.284159
9295,2.418296
9296,2.522055
9297,2.459148
9298,2.625815
9299,2.625815
9300,2.355389
9301,2.459148
9302,2.688722
9303,2.625815
9304,2.625815
9305,2.688722
9306,2.688722
9307,2.625815
9308,2.625815
9309,2.855389
9310,3.022055
9311,2.855389
9312,2.855389
9313,2.855389
9314,2.688722
9315,2.688722
9316,2.751629
9317,2.522055
9318,2.751629
9319,2.918296
9320,2.855389
9321,2.688722
9322,2.688722
9323,2.855389
9324,2.688722
9325,2.459148
9326,2.522055
9327,2.522055
9328,2.522055
9329,2.459148
9330,2.459148
9331,2.355389
9332,2.522055
9333,2.522055
9334,2.355389
9335,2.459148
9336,2.688722
9337,2.688722
9338,2.459148
9339,2.688722
9340,2.855389
9341,2.688722
9342,2.688722
9343,2.522055
9344,2.688722
9345,2.688722
9346,2.688722
9347,2.855389
9348,2.918296
9349,2.918296
9350,2.918296
9351,2.688722
9352,2.688722
9353,2.751629
9354,2.918296
9355,3.084963
9356,3.084963
9357,2.855389
9358,3.084963
9359,2.855389
9360,2.584963
9361,2.584963
9362,2.751629
9363,2.855389
9364,2.918296
9365,2.918296
9366,2.688722
9367,2.459148
9368,2.625815
9369,2.459148
9370,2.459148
9371,2.459148
9372,2.688722
9373,2.688722
9374,2.688722
9375,2.688722
9376,2.459148
9377,2.188722
9378,2.355389
9379,2.355389
9380,2.418296
9381,2.584963
9382,2.751629
9383,2.617492
9384,2.450826
9385,2.522055
9386,2.625815
9387,2.625815
9388,2.459148
9389,2.688722
9390,2.918296
9391,2.855389
9392,2.625815
9393,2.625815
9394,2.625815
9395,2.855389
9396,3.084963
9397,3.084963
9398,3.084963
9399,3.084963
9400,2.855389
9401,2.855389
9402,2.688722
9403,2.418296
9404,2.251629
9405,2.418296
9406,2.584963
9407,2.584963
9408,2.855389
9409,2.688722
9410,2.688722
9411,2.918296
9412,2.855389
9413,2.855389
9414,2.855389
9415,2.855389
9416,2.688722
9417,2.855389
9418,2.918296
9419,2.918296
9420,2.918296
9421,2.855389
9422,3.022055
9423,3.084963
9424,2.918296
9425,2.918296
9426,2.855389
9427,2.688722
9428,2.751629
9429,2.688722
9430,2.688722
9431,2.418296
9432,2.418296
9433,2.584963
9434,2.418296
9435,2.188722
9436,2.084963
9437,2.355389
9438,2.355389
9439,2.355389
9440,2.625815
9441,2.625815
9442,2.625815
9443,2.522055
9444,2.355389
9445,2.584963
9446,2.688722
9447,2.688722
9448,2.855389
9449,2.855389
9450,2.688722
9451,2.918296
9452,2.751629
9453,2.688722
9454,2.855389
9455,2.855389
9456,2.855389
9457,2.855389
9458,2.688722
9459,2.688722
9460,2.688722
9461,2.688722
9462,2.855389
9463,3.022055
9464,3.022055
9465,2.855389
9466,2.918296
9467,3.084963
9468,3.084963
9469,3.084963
9470,2.918296
9471,2.855389
9472,2.688722
9473,2.584963
9474,2.355389
9475,2.522055
9476,2.355389
9477,2.355389
9478,2.355389
9479,2.125815
9480,2.125815
9481,2.125815
9482,2.125815
9483,2.188722
9484,2.459148
9485,2.459148
9486,2.688722
9487,2.688722
9488,2.855389
9489,2.855389
9490,2.918296
9491,2.855389
9492,2.688722
9493,2.688722
9494,2.584963
9495,2.522055
9496,2.251629
9497,2.522055
9498,2.522055
9499,2.355389
9500,2.355389
9501,2.054585
9502,2.117492
9503,2.284159
9504,2.284159
9505,2.355389
9506,2.188722
9507,2.188722
9508,2.459148
9509,2.459148
9510,2.459148
9511,2.459148
9512,2.688722
9513,2.688722
9514,2.459148
9515,2.688722
9516,2.688722
9517,2.688722
9518,2.625815
9519,2.625815
9520,2.688722
9521,2.855389
9522,2.855389
9523,2.625815
9524,2.688722
9525,2.459148
9526,2.459148
9527,2.459148
9528,2.522055
9529,2.522055
9530,2.459148
9531,2.418296
9532,2.584963
9533,2.855389
9534,2.855389
9535,2.688722
9536,2.688722
9537,2.688722
9538,2.584963
9539,2.751629
9540,2.584963
9541,2.584963
9542,2.625815
9543,2.688722
9544,2.688722
9545,2.918296
9546,3.084963
9547,2.918296
9548,2.855389
9549,2.688722
9550,2.418296
9551,2.418296
9552,2.117492
9553,2.117492
9554,2.188722
9555,2.418296
9556,2.418296
9557,2.355389
9558,2.522055
9559,2.355389
9560,2.459148
9561,2.688722
9562,2.751629
9563,2.918296
9564,2.855389
9565,2.855389
9566,2.855389
9567,2.918296
9568,2.918296
9569,2.918296
9570,2.918296
9571,2.918296
9572,3.084963
9573,3.022055
9574,2.751629
9575,2.751629
9576,2.584963
9577,2.855389
9578,2.625815
9579,2.855389
9580,2.688722
9581,2.855389
9582,2.688722
9583,2.688722
9584,2.855389
9585,2.751629
9586,2.522055
9587,2.355389
9588,2.355389
9589,2.418296
9590,2.522055
9591,2.522055
9592,2.459148
9593,2.688722
9594,2.688722
9595,2.688722
9596,2.625815
9597,2.688722
9598,2.688722
9599,2.688722
9600,2.688722
9601,2.688722
9602,2.918296
9603,2.918296
9604,2.688722
9605,2.688722
9606,2.584963
9607,2.751629
9608,2.522055
9609,2.251629
9610,2.355389
9611,2.459148
9612,2.292481
9613,2.522055
9614,2.688722
9615,2.918296
9616,3.084963
9617,3.084963
9618,3.084963
9619,3.084963
9620,3.084963
9621,2.918296
9622,2.688722
9623,2.751629
9624,2.751629
9625,2.918296
9626,3.084963
9627,3.084963
9628,3.251629
9629,3.084963
9630,2.918296
9631,2.918296
9632,3.084963
9633,2.855389
9634,2.855389
9635,2.855389
9636,2.855389
9637,2.792481
9638,2.855389
9639,2.584963
9640,2.355389
9641,2.188722
9642,2.355389
9643,2.221252
9644,2.054585
9645,2.221252
9646,2.355389
9647,2.584963
9648,2.688722
9649,2.688722
9650,2.688722
9651,2.855389
9652,3.022055
9653,3.084963
9654,3.084963
9655,2.918296
9656,2.855389
9657,2.855389
9658,2.688722
9659,2.688722
9660,2.751629
9661,2.522055
9662,2.688722
9663,2.918296
9664,2.918296
9665,2.918296
9666,2.688722
9667,2.688722
9668,2.688722
9669,2.459148
9670,2.459148
9671,2.522055
9672,2.418296
9673,2.418296
9674,2.418296
9675,2.418296
9676,2.418296
9677,2.459148
9678,2.459148
9679,2.522055
9680,2.459148
9681,2.459148
9682,2.688722
9683,2.459148
9684,2.625815
9685,2.522055
9686,2.792481
9687,3.022055
9688,2.855389
9689,2.688722
9690,2.855389
9691,2.918296
9692,2.855389
9693,2.792481
9694,2.625815
9695,2.459148
9696,2.459148
9697,2.625815
9698,2.688722
9699,2.688722
9700,2.688722
9701,2.688722
9702,2.625815
9703,2.688722
9704,2.625815
9705,2.625815
9706,2.855389
9707,2.855389
9708,2.855389
9709,2.855389
9710,2.855389
9711,2.625815
9712,2.688722
9713,2.918296
9714,2.688722
9715,2.688722
9716,2.688722
9717,2.855389
9718,2.855389
9719,3.022055
9720,2.855389
9721,2.688722
9722,2.688722
9723,2.688722
9724,2.855389
9725,2.855389
9726,2.855389
9727,2.688722
9728,2.584963
9729,2.855389
9730,2.688722
9731,2.522055
9732,2.522055
9733,2.688722
9734,2.855389
9735,2.792481
9736,2.855389
9737,3.084963
9738,3.084963
9739,3.022055
9740,3.022055
9741,3.022055
9742,2.855389
9743,2.855389
9744,2.688722
9745,2.522055
9746,2.688722
9747,2.688722
9748,2.688722
9749,2.688722
9750,2.688722
9751,2.688722
9752,2.688722
9753,2.688722
9754,2.584963
9755,2.751629
9756,2.855389
9757,2.855389
9758,2.688722
9759,2.918296
9760,2.918296
9761,2.918296
9762,2.751629
9763,2.688722
9764,2.625815
9765,2.688722
9766,2.625815
9767,2.396241
9768,2.125815
9769,2.396241
9770,2.625815
9771,2.459148
9772,2.688722
9773,2.918296
9774,2.688722
9775,2.688722
9776,2.751629
9777,2.688722
9778,2.522055
9779,2.688722
9780,2.855389
9781,2.855389
9782,3.022055
9783,2.855389
9784,2.855389
9785,2.918296
9786,2.751629
9787,2.751629
9788,2.918296
9789,2.751629
9790,2.918296
9791,2.918296
9792,3.084963
9793,3.022055
9794,3.188722
9795,3.188722
9796,3.251629
9797,3.022055
9798,2.855389
9799,2.584963
9800,2.584963
9801,2.584963
9802,2.355389
9803,2.625815
9804,2.855389
9805,3.084963
9806,3.084963
9807,2.855389
9808,2.625815
9809,2.625815
9810,2.584963
9811,2.688722
9812,2.459148
9813,2.625815
9814,2.625815
9815,2.396241
9816,2.355389
9817,2.125815
9818,2.355389
9819,2.584963
9820,2.584963
9821,2.584963
9822,2.355389
9823,2.355389
9824,2.459148
9825,2.459148
9826,2.522055
9827,2.751629
9828,2.688722
9829,2.688722
9830,2.855389
9831,2.855389
9832,2.855389
9833,2.688722
9834,2.688722
9835,2.751629
9836,2.522055
9837,2.522055
9838,2.688722
9839,2.751629
9840,2.688722
9841,2.522055
9842,2.688722
9843,2.688722
9844,2.688722
9845,2.855389
9846,2.792481
9847,2.792481
9848,2.792481
9849,2.855389
9850,2.584963
9851,2.855389
9852,2.855389
9853,3.022055
9854,2.855389
9855,2.625815
9856,2.688722
9857,2.584963
9858,2.584963
9859,2.584963
9860,2.625815
9861,2.396241
9862,2.125815
9863,2.125815
9864,2.084963
9865,2.054585
9866,2.355389
9867,2.355389
9868,2.188722
9869,2.229574
9870,2.292481
9871,2.459148
9872,2.396241
9873,2.125815
9874,2.355389
9875,2.396241
9876,2.396241
9877,2.625815
9878,2.625815
9879,2.625815
9880,2.688722
9881,2.688722
9882,2.688722
9883,2.459148
9884,2.688722
9885,2.855389
9886,2.855389
9887,2.855389
9888,2.751629
9889,2.584963
9890,2.855389
9891,3.022055
9892,3.022055
9893,3.188722
9894,3.251629
9895,3.022055
9896,2.751629
9897,2.584963
9898,2.355389
9899,2.459148
9900,2.688722
9901,2.855389
9902,2.855389
9903,2.918296
9904,3.084963
9905,2.918296
9906,2.855389
9907,2.855389
9908,2.855389
9909,2.855389
9910,2.855389
9911,2.855389
9912,2.688722
9913,2.855389
9914,2.855389
9915,3.084963
9916,3.084963
9917,2.918296
9918,3.084963
9919,3.084963
9920,3.084963
9921,3.084963
9922,3.084963
9923,2.855389
9924,2.918296
9925,3.084963
9926,2.918296
9927,2.855389
9928,2.855389
9929,2.855389
9930,2.625815
9931,2.625815
9932,2.396241
9933,2.396241
9934,2.459148
9935,2.459148
9936,2.418296
9937,2.522055
9938,2.522055
9939,2.459148
9940,2.522055
9941,2.688722
9942,2.855389
9943,3.022055
9944,2.855389
9945,2.918296
9946,2.918296
9947,2.918296
9948,2.918296
9949,2.918296
9950,2.688722
9951,2.855389
9952,2.855389
9953,2.855389
9954,2.855389
9955,2.584963
9956,2.418296
9957,2.418296
9958,2.584963
9959,2.418296
9960,2.284159
9961,2.117492
9962,1.959148
9963,2.117492
9964,2.251629
9965,2.292481
9966,2.522055
9967,2.522055
9968,2.459148
9969,2.459148
9970,2.688722
9971,2.625815
9972,2.688722
9973,2.751629
9974,2.688722
9975,2.688722
9976,2.584963
9977,2.355389
9978,2.418296
9979,2.418296
9980,2.188722
9981,2.188722
9982,2.188722
9983,2.229574
9984,2.459148
9985,2.688722
9986,2.584963
9987,2.522055
9988,2.355389
9989,2.355389
