window_start_place,entropy_bits
1,2.251629
2,2.251629
3,2.251629
4,2.251629
5,1.792481
6,1.251629
7,1.251629
8,1.792481
9,1.918296
10,1.918296
11,2.251629
12,1.918296
13,2.251629
14,2.584963
15,2.251629
16,1.792481
17,1.251629
18,1.459148
19,1.459148
20,1.792481
21,2.251629
22,2.584963
23,2.251629
24,2.251629
25,2.251629
26,1.918296
27,1.918296
28,2.251629
29,1.918296
30,2.251629
31,2.251629
32,2.584963
33,2.584963
34,2.251629
35,2.251629
36,2.251629
37,2.584963
38,2.251629
39,2.251629
40,2.251629
41,1.792481
42,1.792481
43,2.251629
44,1.918296
45,2.251629
46,2.251629
47,2.251629
48,1.918296
49,2.251629
50,1.918296
51,1.459148
52,1.459148
53,1.459148
54,1.459148
55,1.459148
56,1.792481
57,1.792481
58,2.251629
59,2.251629
60,2.251629
61,2.251629
62,2.584963
63,2.584963
64,2.251629
65,2.251629
66,2.584963
67,2.584963
68,2.251629
69,2.251629
70,1.918296
71,2.251629
72,2.251629
73,2.251629
74,2.251629
75,2.251629
76,2.251629
77,1.918296
78,1.918296
79,2.251629
80,2.251629
81,1.918296
82,1.792481
83,2.251629
84,2.251629
85,2.251629
86,2.251629
87,2.251629
88,2.251629
89,2.584963
90,2.251629
91,1.792481
92,1.792481
93,1.459148
94,1.918296
95,1.918296
96,1.918296
97,2.251629
98,2.251629
99,2.251629
100,1.918296
101,1.918296
102,2.251629
103,2.251629
104,1.792481
105,2.251629
106,2.251629
107,2.251629
108,1.918296
109,1.918296
110,1.918296
111,2.251629
112,2.251629
113,1.918296
114,2.251629
115,1.918296
116,1.918296
117,2.251629
118,1.792481
119,1.792481
120,1.918296
121,2.251629
122,2.251629
123,2.584963
124,2.584963
125,2.251629
126,2.251629
127,1.792481
128,1.792481
129,2.251629
130,2.251629
131,2.584963
132,2.584963
133,2.251629
134,2.251629
135,2.251629
136,2.251629
137,2.251629
138,2.251629
139,1.918296
140,1.918296
141,1.918296
142,1.459148
143,1.459148
144,1.459148
145,1.792481
146,2.251629
147,2.251629
148,1.918296
149,2.251629
150,1.918296
151,2.251629
152,2.584963
153,2.584963
154,2.251629
155,2.251629
156,1.918296
157,1.918296
158,2.251629
159,1.918296
160,2.251629
161,2.251629
162,1.918296
163,1.918296
164,2.251629
165,2.251629
166,2.251629
167,2.584963
168,2.584963
169,2.584963
170,2.584963
171,2.584963
172,2.251629
173,2.251629
174,1.792481
175,1.792481
176,2.251629
177,1.792481
178,1.918296
179,1.918296
180,1.792481
181,1.792481
182,2.251629
183,2.251629
184,2.584963
185,2.584963
186,2.251629
187,2.251629
188,2.251629
189,2.251629
190,2.584963
191,2.251629
192,2.584963
193,2.251629
194,2.251629
195,2.251629
196,2.251629
197,2.584963
198,2.251629
199,2.584963
200,2.251629
201,2.251629
202,1.918296
203,1.918296
204,1.792481
205,2.251629
206,2.251629
207,2.251629
208,2.251629
209,2.584963
210,2.584963
211,2.251629
212,1.918296
213,1.918296
214,2.251629
215,1.918296
216,1.918296
217,1.918296
218,1.918296
219,1.584963
220,1.918296
221,1.918296
222,2.251629
223,2.251629
224,2.251629
225,1.918296
226,1.918296
227,1.918296
228,1.918296
229,1.918296
230,1.918296
231,2.251629
232,2.584963
233,2.584963
234,2.584963
235,2.251629
236,2.251629
237,2.251629
238,1.918296
239,1.459148
240,1.459148
241,1.918296
242,2.251629
243,2.251629
244,1.918296
245,2.251629
246,1.918296
247,2.251629
248,2.584963
249,2.584963
250,2.251629
251,2.251629
252,2.251629
253,2.251629
254,2.251629
255,2.584963
256,2.584963
257,2.251629
258,2.251629
259,1.918296
260,1.792481
261,2.251629
262,2.251629
263,2.251629
264,1.918296
265,1.918296
266,1.918296
267,1.918296
268,1.792481
269,1.792481
270,1.792481
271,1.459148
272,1.918296
273,1.918296
274,1.918296
275,2.251629
276,2.251629
277,1.918296
278,1.918296
279,1.918296
280,2.251629
281,2.251629
282,1.918296
283,1.918296
284,1.918296
285,1.792481
286,2.251629
287,2.251629
288,2.251629
289,1.918296
290,1.918296
291,1.459148
292,1.459148
293,1.918296
294,2.251629
295,2.584963
296,2.251629
297,2.251629
298,1.918296
299,1.918296
300,1.584963
301,1.459148
302,1.459148
303,1.459148
304,1.918296
305,1.918296
306,1.918296
307,2.251629
308,2.584963
309,2.251629
310,2.251629
311,2.251629
312,2.584963
313,2.584963
314,2.584963
315,2.584963
316,2.584963
317,2.251629
318,2.251629
319,2.251629
320,2.251629
321,2.251629
322,2.251629
323,2.251629
324,2.251629
325,2.251629
326,2.584963
327,2.251629
328,2.251629
329,2.251629
330,1.918296
331,1.918296
332,1.918296
333,1.918296
334,1.918296
335,2.251629
336,1.918296
337,1.918296
338,2.251629
339,2.251629
340,2.251629
341,2.251629
342,2.251629
343,2.251629
344,1.792481
345,1.459148
346,1.459148
347,1.792481
348,2.251629
349,2.584963
350,2.584963
351,2.251629
352,2.251629
353,2.251629
354,2.251629
355,2.251629
356,2.584963
357,2.584963
358,2.251629
359,2.251629
360,1.918296
361,1.918296
362,1.918296
363,1.459148
364,1.459148
365,1.918296
366,1.918296
367,1.918296
368,2.251629
369,2.251629
370,2.251629
371,2.251629
372,2.251629
373,2.251629
374,2.251629
375,2.251629
376,1.918296
377,1.918296
378,1.792481
379,1.792481
380,1.792481
381,1.918296
382,2.251629
383,2.251629
384,1.792481
385,1.459148
386,1.918296
387,1.918296
388,1.918296
389,1.918296
390,2.251629
391,1.918296
392,2.251629
393,2.251629
394,1.918296
395,2.251629
396,2.584963
397,2.251629
398,1.918296
399,1.918296
400,1.918296
401,1.918296
402,2.251629
403,2.251629
404,2.251629
405,2.251629
406,2.251629
407,2.584963
408,2.251629
409,2.251629
410,1.792481
411,1.792481
412,1.792481
413,1.918296
414,2.251629
415,2.251629
416,1.792481
417,2.251629
418,2.251629
419,2.584963
420,2.584963
421,2.251629
422,2.251629
423,1.918296
424,1.918296
425,2.251629
426,2.251629
427,2.251629
428,2.584963
429,2.584963
430,2.251629
431,2.251629
432,2.251629
433,2.251629
434,2.251629
435,2.251629
436,2.251629
437,2.251629
438,2.251629
439,2.584963
440,2.251629
441,1.918296
442,2.251629
443,1.918296
444,1.918296
445,2.251629
446,2.251629
447,1.918296
448,1.918296
449,1.918296
450,2.251629
451,2.584963
452,2.251629
453,1.918296
454,1.918296
455,1.459148
456,1.459148
457,1.459148
458,1.792481
459,1.918296
460,2.251629
461,2.251629
462,1.918296
463,1.918296
464,2.251629
465,2.251629
466,2.251629
467,2.584963
468,2.251629
469,2.251629
470,2.584963
471,2.584963
472,2.584963
473,2.584963
474,2.584963
475,2.584963
476,2.584963
477,2.251629
478,2.251629
479,1.918296
480,1.918296
481,1.459148
482,1.918296
483,2.251629
484,2.584963
485,2.251629
486,2.251629
487,2.251629
488,1.918296
489,1.584963
490,1.918296
491,1.918296
492,1.918296
493,2.251629
494,2.251629
495,2.251629
496,2.251629
497,2.584963
498,2.584963
499,2.251629
500,1.792481
501,1.459148
502,1.792481
503,1.792481
504,1.918296
505,2.251629
506,1.918296
507,1.918296
508,1.918296
509,1.918296
510,1.918296
511,2.251629
512,2.584963
513,2.584963
514,2.584963
515,2.584963
516,2.584963
517,2.584963
518,2.251629
519,2.251629
520,2.584963
521,2.584963
522,2.251629
523,2.251629
524,2.251629
525,1.918296
526,1.792481
527,1.792481
528,1.459148
529,1.459148
530,1.459148
531,1.918296
532,1.918296
533,2.251629
534,2.251629
535,1.918296
536,1.918296
537,1.792481
538,1.792481
539,1.459148
540,1.584963
541,1.459148
542,1.792481
543,1.792481
544,1.918296
545,1.918296
546,2.251629
547,2.251629
548,2.584963
549,2.251629
550,1.918296
551,1.918296
552,1.918296
553,1.918296
554,1.918296
555,1.918296
556,2.251629
557,1.918296
558,1.918296
559,1.918296
560,2.251629
561,1.792481
562,1.792481
563,1.792481
564,1.792481
565,2.251629
566,2.251629
567,2.584963
568,2.584963
569,2.251629
570,2.251629
571,2.584963
572,2.251629
573,1.918296
574,1.918296
575,1.792481
576,2.251629
577,2.251629
578,2.251629
579,2.584963
580,2.251629
581,2.251629
582,1.918296
583,1.792481
584,2.251629
585,2.251629
586,2.251629
587,2.584963
588,2.251629
589,1.918296
590,1.918296
591,1.918296
592,2.251629
593,2.251629
594,2.251629
595,2.251629
596,2.251629
597,2.251629
598,2.251629
599,2.251629
600,2.251629
601,2.251629
602,2.584963
603,2.584963
604,2.251629
605,2.251629
606,1.918296
607,1.918296
608,1.918296
609,2.251629
610,2.251629
611,2.251629
612,2.251629
613,2.251629
614,2.251629
615,2.584963
616,2.251629
617,2.251629
618,1.918296
619,2.251629
620,2.584963
621,2.251629
622,2.584963
623,2.251629
624,2.251629
625,2.584963
626,2.584963
627,2.251629
628,1.792481
629,1.792481
630,1.792481
631,2.251629
632,1.918296
633,2.251629
634,1.918296
635,1.918296
636,1.918296
637,2.251629
638,2.584963
639,2.251629
640,1.918296
641,2.251629
642,1.918296
643,1.918296
644,1.918296
645,1.792481
646,1.792481
647,1.792481
648,2.251629
649,1.918296
650,1.584963
651,1.459148
652,1.251629
653,1.251629
654,1.792481
655,1.918296
656,2.251629
657,2.584963
658,2.584963
659,2.584963
660,2.251629
661,2.251629
662,2.251629
663,2.251629
664,2.251629
665,2.251629
666,1.792481
667,1.918296
668,1.459148
669,1.918296
670,1.918296
671,1.918296
672,1.918296
673,2.251629
674,2.251629
675,2.584963
676,2.584963
677,2.251629
678,2.251629
679,2.251629
680,1.918296
681,1.918296
682,1.918296
683,1.792481
684,1.792481
685,2.251629
686,2.584963
687,2.584963
688,2.251629
689,1.792481
690,1.792481
691,2.251629
692,1.792481
693,1.251629
694,1.792481
695,2.251629
696,1.918296
697,1.459148
698,1.918296
699,2.251629
700,1.918296
701,2.251629
702,2.251629
703,2.584963
704,2.251629
705,1.918296
706,1.459148
707,1.792481
708,1.792481
709,2.251629
710,2.251629
711,2.251629
712,1.792481
713,1.792481
714,1.792481
715,1.459148
716,1.918296
717,2.251629
718,2.251629
719,1.792481
720,1.918296
721,2.251629
722,2.251629
723,1.918296
724,2.251629
725,2.251629
726,2.251629
727,2.251629
728,2.584963
729,2.584963
730,2.584963
731,2.584963
732,2.251629
733,2.251629
734,2.251629
735,2.251629
736,1.918296
737,2.251629
738,2.251629
739,2.584963
740,2.251629
741,1.918296
742,2.251629
743,1.918296
744,2.251629
745,1.792481
746,1.792481
747,1.792481
748,1.792481
749,2.251629
750,2.251629
751,2.251629
752,2.251629
753,2.251629
754,1.918296
755,1.918296
756,1.918296
757,1.918296
758,1.918296
759,2.251629
760,1.792481
761,1.792481
762,2.251629
763,2.251629
764,2.251629
765,2.584963
766,2.251629
767,2.251629
768,2.251629
769,1.918296
770,1.459148
771,1.459148
772,1.792481
773,1.792481
774,2.251629
775,2.251629
776,2.251629
777,1.918296
778,1.918296
779,1.918296
780,1.918296
781,1.459148
782,1.459148
783,1.918296
784,1.918296
785,2.251629
786,2.251629
787,2.251629
788,2.251629
789,2.251629
790,2.251629
791,1.918296
792,2.251629
793,2.584963
794,2.251629
795,2.251629
796,1.918296
797,1.918296
798,1.918296
799,2.251629
800,2.251629
801,2.251629
802,2.584963
803,2.251629
804,2.584963
805,2.584963
806,2.584963
807,2.251629
808,2.251629
809,2.251629
810,2.584963
811,2.584963
812,2.251629
813,2.251629
814,2.251629
815,2.251629
816,1.792481
817,2.251629
818,2.251629
819,2.251629
820,2.251629
821,2.251629
822,2.251629
823,2.251629
824,2.251629
825,2.251629
826,2.251629
827,2.584963
828,2.251629
829,2.251629
830,2.251629
831,2.251629
832,1.918296
833,1.584963
834,1.584963
835,1.459148
836,1.792481
837,2.251629
838,2.251629
839,2.584963
840,2.251629
841,1.918296
842,1.918296
843,2.251629
844,2.251629
845,2.584963
846,2.251629
847,2.251629
848,2.251629
849,2.251629
850,2.251629
851,1.918296
852,1.918296
853,1.459148
854,1.000000
855,1.000000
856,1.459148
857,1.792481
858,1.918296
859,1.792481
860,1.459148
861,1.459148
862,1.918296
863,2.251629
864,2.584963
865,2.251629
866,2.251629
867,2.251629
868,1.918296
869,1.918296
870,2.251629
871,2.584963
872,2.251629
873,2.251629
874,1.918296
875,2.251629
876,2.584963
877,2.584963
878,2.251629
879,2.584963
880,2.584963
881,2.584963
882,2.251629
883,2.584963
884,2.584963
885,2.251629
886,2.251629
887,1.918296
888,1.918296
889,2.251629
890,2.584963
891,2.251629
892,2.251629
893,2.251629
894,2.251629
895,2.251629
896,2.251629
897,2.251629
898,2.251629
899,1.918296
900,1.918296
901,2.251629
902,1.918296
903,1.918296
904,1.792481
905,1.459148
906,1.918296
907,1.918296
908,2.251629
909,2.251629
910,2.251629
911,1.918296
912,1.918296
913,2.251629
914,2.251629
915,1.918296
916,2.251629
917,1.792481
918,2.251629
919,2.251629
920,2.584963
921,2.584963
922,2.251629
923,2.584963
924,2.251629
925,2.251629
926,1.918296
927,1.459148
928,1.792481
929,1.792481
930,1.792481
931,1.918296
932,2.251629
933,1.792481
934,2.251629
935,2.251629
936,2.251629
937,2.251629
938,2.251629
939,2.251629
940,2.251629
941,1.918296
942,2.251629
943,2.251629
944,2.584963
945,2.251629
946,2.251629
947,2.584963
948,2.584963
949,2.584963
950,2.584963
951,2.584963
952,2.251629
953,1.918296
954,1.918296
955,2.251629
956,2.251629
957,1.918296
958,1.459148
959,1.459148
960,1.792481
961,2.251629
962,2.251629
963,1.918296
964,2.251629
965,2.251629
966,2.251629
967,2.584963
968,2.584963
969,2.584963
970,2.584963
971,2.584963
972,2.584963
973,2.251629
974,1.918296
975,2.251629
976,2.251629
977,2.584963
978,2.584963
979,2.584963
980,2.584963
981,2.584963
982,2.251629
983,2.251629
984,2.251629
985,2.251629
986,2.251629
987,1.918296
988,2.251629
989,2.251629
990,2.584963
991,2.251629
992,2.251629
993,2.251629
994,2.584963
995,2.251629
996,2.251629
997,2.251629
998,1.918296
999,2.251629
1000,2.251629
1001,1.918296
1002,1.918296
1003,1.918296
1004,1.918296
1005,2.251629
1006,2.251629
1007,2.251629
1008,1.918296
1009,1.792481
1010,1.792481
1011,1.792481
1012,1.251629
1013,1.792481
1014,2.251629
1015,2.584963
1016,2.251629
1017,2.251629
1018,2.251629
1019,2.251629
1020,2.251629
1021,2.251629
1022,2.584963
1023,2.251629
1024,2.251629
1025,1.918296
1026,1.918296
1027,1.918296
1028,1.918296
1029,1.918296
1030,1.459148
1031,1.459148
1032,1.918296
1033,2.251629
1034,2.251629
1035,1.918296
1036,2.251629
1037,2.251629
1038,1.918296
1039,1.918296
1040,1.918296
1041,1.918296
1042,2.251629
1043,2.584963
1044,2.584963
1045,2.251629
1046,2.251629
1047,2.251629
1048,2.251629
1049,2.584963
1050,2.584963
1051,2.251629
1052,1.918296
1053,2.251629
1054,1.792481
1055,2.251629
1056,2.251629
1057,2.251629
1058,2.251629
1059,1.918296
1060,1.792481
1061,1.918296
1062,1.918296
1063,1.918296
1064,1.918296
1065,2.251629
1066,1.792481
1067,1.792481
1068,1.918296
1069,2.251629
1070,1.918296
1071,2.251629
1072,2.584963
1073,2.584963
1074,2.584963
1075,2.584963
1076,2.251629
1077,2.251629
1078,1.792481
1079,1.459148
1080,1.918296
1081,2.251629
1082,2.251629
1083,2.584963
1084,2.251629
1085,1.918296
1086,2.251629
1087,2.251629
1088,1.918296
1089,2.251629
1090,2.251629
1091,2.251629
1092,2.251629
1093,1.918296
1094,1.918296
1095,1.918296
1096,2.251629
1097,2.251629
1098,2.251629
1099,2.251629
1100,1.792481
1101,1.792481
1102,1.792481
1103,2.251629
1104,2.251629
1105,2.584963
1106,2.251629
1107,2.251629
1108,1.918296
1109,1.792481
1110,2.251629
1111,2.251629
1112,2.251629
1113,1.918296
1114,2.251629
1115,2.251629
1116,2.251629
1117,1.918296
1118,2.251629
1119,1.918296
1120,2.251629
1121,2.251629
1122,2.251629
1123,2.251629
1124,1.792481
1125,2.251629
1126,1.792481
1127,2.251629
1128,2.251629
1129,2.251629
1130,2.251629
1131,2.251629
1132,2.251629
1133,2.251629
1134,2.251629
1135,2.251629
1136,2.251629
1137,2.251629
1138,2.584963
1139,2.251629
1140,1.918296
1141,1.918296
1142,2.251629
1143,1.918296
1144,1.918296
1145,1.918296
1146,2.251629
1147,2.584963
1148,2.584963
1149,2.251629
1150,2.251629
1151,1.918296
1152,1.918296
1153,1.918296
1154,2.251629
1155,2.584963
1156,2.251629
1157,1.918296
1158,2.251629
1159,2.584963
1160,2.584963
1161,2.251629
1162,2.251629
1163,2.251629
1164,2.584963
1165,2.584963
1166,2.251629
1167,2.251629
1168,2.251629
1169,1.918296
1170,1.918296
1171,2.251629
1172,1.918296
1173,1.792481
1174,2.251629
1175,2.584963
1176,2.584963
1177,2.251629
1178,1.918296
1179,2.251629
1180,1.918296
1181,1.918296
1182,2.251629
1183,2.251629
1184,2.251629
1185,1.918296
1186,1.918296
1187,2.251629
1188,2.251629
1189,2.251629
1190,2.584963
1191,2.584963
1192,2.584963
1193,2.584963
1194,2.584963
1195,2.584963
1196,2.251629
1197,2.584963
1198,2.251629
1199,1.918296
1200,1.918296
1201,1.918296
1202,1.918296
1203,1.918296
1204,2.251629
1205,2.251629
1206,1.792481
1207,1.459148
1208,1.459148
1209,1.792481
1210,1.918296
1211,2.251629
1212,1.918296
1213,1.459148
1214,1.459148
1215,1.918296
1216,1.918296
1217,1.918296
1218,1.918296
1219,1.459148
1220,1.918296
1221,1.918296
1222,1.459148
1223,1.918296
1224,1.792481
1225,2.251629
1226,1.918296
1227,1.918296
1228,1.918296
1229,2.251629
1230,1.918296
1231,2.251629
1232,1.918296
1233,1.918296
1234,1.918296
1235,1.459148
1236,1.918296
1237,2.251629
1238,1.918296
1239,1.918296
1240,1.918296
1241,1.459148
1242,1.459148
1243,1.459148
1244,1.459148
1245,1.918296
1246,1.918296
1247,2.251629
1248,2.584963
1249,2.251629
1250,2.251629
1251,1.918296
1252,2.251629
1253,2.251629
1254,2.584963
1255,2.251629
1256,2.584963
1257,2.251629
1258,1.918296
1259,1.918296
1260,1.918296
1261,1.918296
1262,1.918296
1263,1.918296
1264,1.918296
1265,2.251629
1266,2.251629
1267,2.584963
1268,2.584963
1269,2.584963
1270,2.251629
1271,2.584963
1272,2.584963
1273,2.251629
1274,1.918296
1275,1.918296
1276,1.459148
1277,1.792481
1278,2.251629
1279,2.251629
1280,1.792481
1281,1.792481
1282,1.459148
1283,1.918296
1284,1.918296
1285,1.918296
1286,2.251629
1287,2.251629
1288,2.584963
1289,2.584963
1290,2.251629
1291,1.918296
1292,1.792481
1293,1.792481
1294,2.251629
1295,2.251629
1296,2.251629
1297,2.251629
1298,2.251629
1299,2.251629
1300,2.251629
1301,2.251629
1302,2.251629
1303,2.251629
1304,1.792481
1305,2.251629
1306,2.251629
1307,2.251629
1308,2.584963
1309,2.584963
1310,2.251629
1311,2.584963
1312,2.584963
1313,2.584963
1314,2.251629
1315,1.918296
1316,1.918296
1317,2.251629
1318,1.918296
1319,1.918296
1320,2.251629
1321,1.918296
1322,2.251629
1323,2.584963
1324,2.251629
1325,1.918296
1326,1.918296
1327,1.918296
1328,2.251629
1329,2.584963
1330,2.584963
1331,2.584963
1332,2.251629
1333,1.918296
1334,1.918296
1335,1.918296
1336,1.918296
1337,1.792481
1338,1.792481
1339,1.792481
1340,2.251629
1341,1.918296
1342,2.251629
1343,2.251629
1344,2.251629
1345,2.251629
1346,2.251629
1347,2.251629
1348,1.918296
1349,1.918296
1350,1.918296
1351,1.918296
1352,1.918296
1353,1.918296
1354,1.918296
1355,1.918296
1356,1.792481
1357,1.792481
1358,1.459148
1359,1.918296
1360,1.918296
1361,1.584963
1362,1.918296
1363,2.251629
1364,1.918296
1365,1.918296
1366,1.918296
1367,1.918296
1368,1.792481
1369,2.251629
1370,2.251629
1371,1.792481
1372,2.251629
1373,2.251629
1374,2.251629
1375,1.918296
1376,2.251629
1377,2.251629
1378,2.584963
1379,2.584963
1380,2.584963
1381,2.251629
1382,1.918296
1383,2.251629
1384,2.251629
1385,2.251629
1386,2.251629
1387,2.251629
1388,2.251629
1389,2.251629
1390,2.251629
1391,1.918296
1392,2.251629
1393,2.251629
1394,2.251629
1395,2.251629
1396,1.918296
1397,2.251629
1398,2.584963
1399,2.251629
1400,1.918296
1401,1.584963
1402,1.459148
1403,1.251629
1404,1.459148
1405,1.459148
1406,1.251629
1407,1.792481
1408,1.918296
1409,2.251629
1410,2.251629
1411,2.584963
1412,2.584963
1413,2.251629
1414,1.918296
1415,1.792481
1416,1.792481
1417,1.459148
1418,1.792481
1419,1.459148
1420,1.918296
1421,2.251629
1422,2.251629
1423,2.251629
1424,2.251629
1425,2.251629
1426,1.918296
1427,1.459148
1428,1.918296
1429,1.918296
1430,1.792481
1431,1.792481
1432,1.918296
1433,1.918296
1434,1.918296
1435,1.792481
1436,1.459148
1437,1.584963
1438,1.584963
1439,1.918296
1440,2.251629
1441,1.918296
1442,1.918296
1443,2.251629
1444,2.251629
1445,2.251629
1446,2.584963
1447,2.251629
1448,2.584963
1449,2.584963
1450,2.584963
1451,2.584963
1452,2.251629
1453,2.251629
1454,2.251629
1455,1.918296
1456,1.584963
1457,1.459148
1458,1.918296
1459,1.918296
1460,2.251629
1461,2.584963
1462,2.584963
1463,2.251629
1464,1.918296
1465,1.918296
1466,1.918296
1467,2.251629
1468,2.251629
1469,1.792481
1470,1.792481
1471,1.792481
1472,1.792481
1473,1.918296
1474,2.251629
1475,1.792481
1476,1.251629
1477,1.251629
1478,1.792481
1479,1.918296
1480,1.918296
1481,1.918296
1482,1.918296
1483,1.918296
1484,2.251629
1485,2.251629
1486,2.584963
1487,2.584963
1488,2.584963
1489,2.584963
1490,2.251629
1491,2.251629
1492,2.251629
1493,1.918296
1494,1.918296
1495,1.918296
1496,2.251629
1497,1.792481
1498,1.459148
1499,1.792481
1500,1.792481
1501,1.918296
1502,1.918296
1503,2.251629
1504,2.584963
1505,2.251629
1506,2.251629
1507,1.792481
1508,1.792481
1509,2.251629
1510,1.918296
1511,1.918296
1512,1.918296
1513,1.459148
1514,1.792481
1515,2.251629
1516,2.584963
1517,2.251629
1518,2.251629
1519,2.584963
1520,2.251629
1521,2.251629
1522,2.251629
1523,2.584963
1524,2.251629
1525,2.251629
1526,1.918296
1527,1.918296
1528,2.251629
1529,2.251629
1530,2.584963
1531,2.584963
1532,2.251629
1533,1.918296
1534,1.918296
1535,2.251629
1536,2.251629
1537,2.584963
1538,2.251629
1539,1.792481
1540,1.792481
1541,1.459148
1542,1.459148
1543,1.584963
1544,1.584963
1545,1.459148
1546,1.459148
1547,1.918296
1548,1.918296
1549,1.918296
1550,1.918296
1551,2.251629
1552,2.251629
1553,2.584963
1554,2.584963
1555,2.251629
1556,2.584963
1557,2.251629
1558,2.251629
1559,2.251629
1560,2.584963
1561,2.584963
1562,2.584963
1563,2.251629
1564,1.918296
1565,1.918296
1566,2.251629
1567,2.251629
1568,2.251629
1569,2.251629
1570,2.251629
1571,2.584963
1572,2.584963
1573,2.584963
1574,2.251629
1575,1.918296
1576,2.251629
1577,2.251629
1578,2.584963
1579,2.251629
1580,1.918296
1581,1.584963
1582,1.918296
1583,2.251629
1584,2.251629
1585,1.792481
1586,1.792481
1587,1.459148
1588,1.459148
1589,1.792481
1590,2.251629
1591,2.584963
1592,2.584963
1593,2.251629
1594,2.251629
1595,2.584963
1596,2.584963
1597,2.251629
1598,2.584963
1599,2.251629
1600,2.251629
1601,2.251629
1602,2.251629
1603,1.918296
1604,2.251629
1605,2.251629
1606,2.251629
1607,2.251629
1608,2.251629
1609,2.251629
1610,2.251629
1611,2.251629
1612,2.251629
1613,2.251629
1614,2.584963
1615,2.584963
1616,2.584963
1617,2.584963
1618,2.251629
1619,2.251629
1620,1.918296
1621,1.459148
1622,0.918296
1623,1.251629
1624,1.792481
1625,1.459148
1626,1.459148
1627,1.792481
1628,1.792481
1629,1.918296
1630,1.918296
1631,1.918296
1632,2.251629
1633,2.584963
1634,2.584963
1635,2.584963
1636,2.251629
1637,1.918296
1638,1.918296
1639,1.918296
1640,1.459148
1641,1.792481
1642,1.459148
1643,1.459148
1644,1.918296
1645,2.251629
1646,1.918296
1647,2.251629
1648,2.584963
1649,2.251629
1650,2.251629
1651,1.792481
1652,1.459148
1653,1.918296
1654,1.918296
1655,1.792481
1656,2.251629
1657,1.918296
1658,1.918296
1659,1.792481
1660,2.251629
1661,2.251629
1662,2.584963
1663,2.251629
1664,1.918296
1665,1.459148
1666,1.792481
1667,1.792481
1668,1.918296
1669,1.459148
1670,1.792481
1671,1.792481
1672,1.792481
1673,1.918296
1674,1.792481
1675,1.459148
1676,1.918296
1677,1.459148
1678,1.792481
1679,2.251629
1680,2.251629
1681,2.251629
1682,2.584963
1683,2.584963
1684,2.584963
1685,2.251629
1686,2.251629
1687,2.251629
1688,2.251629
1689,1.918296
1690,2.251629
1691,1.918296
1692,2.251629
1693,2.251629
1694,2.251629
1695,1.918296
1696,1.918296
1697,1.918296
1698,1.584963
1699,1.918296
1700,1.918296
1701,1.792481
1702,1.792481
1703,1.918296
1704,2.251629
1705,2.251629
1706,2.251629
1707,1.918296
1708,1.918296
1709,1.918296
1710,1.918296
1711,2.251629
1712,1.918296
1713,1.918296
1714,2.251629
1715,2.584963
1716,2.251629
1717,1.918296
1718,1.792481
1719,1.459148
1720,1.792481
1721,2.251629
1722,2.251629
1723,2.251629
1724,2.251629
1725,1.918296
1726,1.918296
1727,2.251629
1728,2.251629
1729,1.918296
1730,1.459148
1731,1.792481
1732,1.792481
1733,1.792481
1734,1.792481
1735,2.251629
1736,2.251629
1737,1.918296
1738,2.251629
1739,1.792481
1740,2.251629
1741,2.251629
1742,2.251629
1743,2.584963
1744,2.251629
1745,2.251629
1746,2.251629
1747,1.792481
1748,1.792481
1749,1.792481
1750,1.251629
1751,1.792481
1752,1.918296
1753,2.251629
1754,2.251629
1755,2.584963
1756,2.584963
1757,2.251629
1758,2.251629
1759,2.251629
1760,1.918296
1761,1.584963
1762,1.459148
1763,1.792481
1764,2.251629
1765,1.918296
1766,1.918296
1767,2.251629
1768,1.918296
1769,1.918296
1770,2.251629
1771,2.251629
1772,2.251629
1773,2.584963
1774,2.251629
1775,2.251629
1776,2.584963
1777,2.584963
1778,2.584963
1779,2.251629
1780,2.251629
1781,2.251629
1782,2.584963
1783,2.584963
1784,2.584963
1785,2.251629
1786,2.251629
1787,2.251629
1788,2.584963
1789,2.584963
1790,2.584963
1791,2.251629
1792,1.918296
1793,1.918296
1794,1.918296
1795,2.251629
1796,1.918296
1797,2.251629
1798,2.251629
1799,2.584963
1800,2.251629
1801,2.584963
1802,2.584963
1803,2.584963
1804,2.584963
1805,2.251629
1806,2.251629
1807,1.918296
1808,1.584963
1809,1.918296
1810,1.792481
1811,1.792481
1812,2.251629
1813,2.251629
1814,2.251629
1815,2.251629
1816,1.918296
1817,1.918296
1818,1.584963
1819,1.918296
1820,1.918296
1821,1.792481
1822,2.251629
1823,2.251629
1824,2.584963
1825,2.584963
1826,2.251629
1827,1.918296
1828,2.251629
1829,2.251629
1830,2.251629
1831,2.584963
1832,2.584963
1833,2.584963
1834,2.251629
1835,2.251629
1836,2.251629
1837,2.251629
1838,2.584963
1839,2.584963
1840,2.584963
1841,2.584963
1842,2.251629
1843,2.251629
1844,2.251629
1845,2.251629
1846,2.251629
1847,2.251629
1848,2.251629
1849,2.251629
1850,1.918296
1851,1.918296
1852,1.918296
1853,2.251629
1854,2.251629
1855,2.584963
1856,2.251629
1857,2.584963
1858,2.584963
1859,2.584963
1860,2.251629
1861,2.251629
1862,2.251629
1863,2.584963
1864,2.251629
1865,2.584963
1866,2.251629
1867,2.584963
1868,2.251629
1869,2.251629
1870,2.251629
1871,1.918296
1872,1.459148
1873,1.918296
1874,2.251629
1875,2.584963
1876,2.584963
1877,2.584963
1878,2.584963
1879,2.584963
1880,2.584963
1881,2.584963
1882,2.251629
1883,1.792481
1884,1.459148
1885,1.918296
1886,1.792481
1887,1.792481
1888,1.918296
1889,2.251629
1890,1.918296
1891,1.584963
1892,1.918296
1893,1.918296
1894,1.918296
1895,1.918296
1896,1.584963
1897,1.918296
1898,1.918296
1899,1.459148
1900,1.918296
1901,1.918296
1902,1.918296
1903,2.251629
1904,2.251629
1905,2.251629
1906,2.251629
1907,2.584963
1908,2.251629
1909,1.918296
1910,2.251629
1911,2.251629
1912,2.584963
1913,2.251629
1914,2.251629
1915,1.792481
1916,1.918296
1917,1.459148
1918,0.918296
1919,1.251629
1920,1.792481
1921,1.792481
1922,2.251629
1923,2.251629
1924,2.251629
1925,1.918296
1926,2.251629
1927,2.584963
1928,2.251629
1929,2.584963
1930,2.251629
1931,2.251629
1932,1.792481
1933,1.792481
1934,1.792481
1935,1.918296
1936,2.251629
1937,1.918296
1938,1.918296
1939,1.918296
1940,1.792481
1941,1.792481
1942,2.251629
1943,2.251629
1944,2.251629
1945,2.584963
1946,2.251629
1947,2.251629
1948,2.251629
1949,1.918296
1950,2.251629
1951,2.251629
1952,2.584963
1953,2.251629
1954,2.251629
1955,1.918296
1956,2.251629
1957,2.584963
1958,2.584963
1959,2.584963
1960,2.251629
1961,1.918296
1962,2.251629
1963,2.251629
1964,1.918296
1965,1.918296
1966,1.792481
1967,2.251629
1968,1.792481
1969,2.251629
1970,2.251629
1971,2.251629
1972,2.584963
1973,2.251629
1974,2.584963
1975,2.251629
1976,2.251629
1977,2.251629
1978,1.918296
1979,1.918296
1980,1.918296
1981,1.918296
1982,1.918296
1983,2.251629
1984,2.251629
1985,2.251629
1986,2.251629
1987,2.584963
1988,2.584963
1989,2.584963
1990,2.584963
1991,2.251629
1992,1.918296
1993,1.918296
1994,1.459148
1995,1.459148
1996,1.251629
1997,1.792481
1998,1.792481
1999,1.792481
2000,1.792481
2001,1.792481
2002,2.251629
2003,2.251629
2004,2.251629
2005,1.918296
2006,2.251629
2007,1.918296
2008,1.918296
2009,1.918296
2010,1.584963
2011,1.459148
2012,1.251629
2013,0.918296
2014,1.459148
2015,1.792481
2016,1.918296
2017,1.918296
2018,1.792481
2019,2.251629
2020,1.918296
2021,1.918296
2022,2.251629
2023,2.251629
2024,1.918296
2025,1.584963
2026,1.918296
2027,1.792481
2028,1.918296
2029,1.792481
2030,2.251629
2031,2.251629
2032,1.918296
2033,2.251629
2034,2.251629
2035,2.251629
2036,2.251629
2037,2.251629
2038,2.251629
2039,2.251629
2040,1.918296
2041,2.251629
2042,2.251629
2043,2.584963
2044,2.251629
2045,2.251629
2046,2.251629
2047,2.584963
2048,2.584963
2049,2.251629
2050,1.918296
2051,1.918296
2052,1.459148
2053,1.792481
2054,2.251629
2055,2.251629
2056,2.584963
2057,2.584963
2058,2.584963
2059,2.584963
2060,2.584963
2061,2.251629
2062,2.251629
2063,1.792481
2064,1.792481
2065,1.792481
2066,1.792481
2067,1.918296
2068,1.792481
2069,1.251629
2070,1.251629
2071,1.792481
2072,1.792481
2073,1.918296
2074,2.251629
2075,2.251629
2076,2.251629
2077,2.251629
2078,2.251629
2079,2.251629
2080,2.251629
2081,2.251629
2082,1.918296
2083,2.251629
2084,2.251629
2085,1.918296
2086,1.918296
2087,2.251629
2088,1.792481
2089,2.251629
2090,2.251629
2091,1.918296
2092,1.918296
2093,2.251629
2094,1.918296
2095,1.918296
2096,1.792481
2097,1.459148
2098,1.584963
2099,1.459148
2100,1.251629
2101,1.792481
2102,2.251629
2103,1.918296
2104,1.918296
2105,1.918296
2106,1.459148
2107,1.918296
2108,1.918296
2109,2.251629
2110,2.251629
2111,1.918296
2112,1.918296
2113,1.459148
2114,1.000000
2115,1.459148
2116,1.251629
2117,1.459148
2118,1.918296
2119,2.251629
2120,2.251629
2121,2.251629
2122,1.918296
2123,2.251629
2124,2.251629
2125,2.251629
2126,2.251629
2127,2.251629
2128,2.251629
2129,2.251629
2130,2.251629
2131,2.251629
2132,1.918296
2133,1.459148
2134,1.918296
2135,1.918296
2136,1.918296
2137,1.918296
2138,1.918296
2139,2.251629
2140,2.584963
2141,2.251629
2142,2.251629
2143,2.584963
2144,2.584963
2145,2.251629
2146,2.251629
2147,1.918296
2148,2.251629
2149,2.251629
2150,2.251629
2151,2.251629
2152,2.584963
2153,2.584963
2154,2.584963
2155,2.584963
2156,2.584963
2157,2.251629
2158,2.251629
2159,2.251629
2160,2.584963
2161,2.584963
2162,2.584963
2163,2.584963
2164,2.251629
2165,2.251629
2166,2.251629
2167,2.251629
2168,2.251629
2169,2.584963
2170,2.251629
2171,2.251629
2172,2.251629
2173,1.918296
2174,2.251629
2175,2.584963
2176,2.251629
2177,1.918296
2178,1.918296
2179,1.918296
2180,1.918296
2181,1.792481
2182,1.918296
2183,2.251629
2184,2.251629
2185,2.251629
2186,2.251629
2187,2.251629
2188,1.792481
2189,1.459148
2190,1.459148
2191,1.459148
2192,1.584963
2193,1.459148
2194,1.000000
2195,1.459148
2196,1.251629
2197,1.251629
2198,1.792481
2199,1.792481
2200,2.251629
2201,1.918296
2202,1.918296
2203,1.459148
2204,1.918296
2205,1.459148
2206,1.792481
2207,1.792481
2208,2.251629
2209,2.584963
2210,2.584963
2211,2.251629
2212,2.251629
2213,1.918296
2214,1.918296
2215,1.459148
2216,1.918296
2217,1.792481
2218,2.251629
2219,2.584963
2220,2.251629
2221,1.792481
2222,1.792481
2223,1.459148
2224,1.584963
2225,1.918296
2226,2.251629
2227,2.251629
2228,2.584963
2229,2.251629
2230,1.918296
2231,1.918296
2232,2.251629
2233,2.251629
2234,2.251629
2235,2.251629
2236,2.251629
2237,2.584963
2238,2.251629
2239,2.251629
2240,2.584963
2241,2.584963
2242,2.251629
2243,2.584963
2244,2.584963
2245,2.584963
2246,2.251629
2247,1.918296
2248,1.459148
2249,1.792481
2250,1.792481
2251,1.918296
2252,1.918296
2253,2.251629
2254,1.792481
2255,1.459148
2256,1.918296
2257,1.918296
2258,1.792481
2259,1.459148
2260,1.792481
2261,1.792481
2262,2.251629
2263,2.251629
2264,2.251629
2265,2.251629
2266,2.251629
2267,1.918296
2268,2.251629
2269,2.251629
2270,2.251629
2271,2.251629
2272,2.251629
2273,2.251629
2274,1.918296
2275,2.251629
2276,2.251629
2277,1.918296
2278,2.251629
2279,2.251629
2280,1.792481
2281,2.251629
2282,2.251629
2283,2.251629
2284,2.251629
2285,1.792481
2286,1.792481
2287,1.792481
2288,1.251629
2289,1.792481
2290,1.459148
2291,1.459148
2292,1.459148
2293,1.584963
2294,1.459148
2295,1.918296
2296,1.918296
2297,1.584963
2298,1.918296
2299,2.251629
2300,2.251629
2301,2.584963
2302,2.251629
2303,2.251629
2304,1.918296
2305,1.918296
2306,2.251629
2307,2.251629
2308,1.918296
2309,2.251629
2310,1.918296
2311,2.251629
2312,2.251629
2313,2.251629
2314,1.918296
2315,1.918296
2316,1.918296
2317,1.918296
2318,1.918296
2319,1.918296
2320,1.918296
2321,1.918296
2322,1.918296
2323,1.918296
2324,1.918296
2325,1.918296
2326,2.251629
2327,2.584963
2328,2.251629
2329,2.251629
2330,2.251629
2331,2.251629
2332,2.251629
2333,1.918296
2334,1.918296
2335,2.251629
2336,1.792481
2337,2.251629
2338,1.792481
2339,2.251629
2340,1.918296
2341,1.584963
2342,1.459148
2343,1.459148
2344,1.000000
2345,1.459148
2346,1.792481
2347,2.251629
2348,2.584963
2349,2.251629
2350,2.251629
2351,1.918296
2352,1.918296
2353,1.459148
2354,1.459148
2355,1.251629
2356,1.792481
2357,1.918296
2358,1.792481
2359,1.918296
2360,2.251629
2361,2.584963
2362,2.251629
2363,2.251629
2364,1.792481
2365,1.792481
2366,1.459148
2367,1.459148
2368,1.792481
2369,1.792481
2370,1.792481
2371,2.251629
2372,2.251629
2373,1.918296
2374,1.918296
2375,2.251629
2376,2.251629
2377,2.251629
2378,1.918296
2379,1.918296
2380,2.251629
2381,1.918296
2382,2.251629
2383,2.251629
2384,1.918296
2385,2.251629
2386,2.251629
2387,2.251629
2388,1.918296
2389,1.918296
2390,1.792481
2391,1.792481
2392,1.918296
2393,1.918296
2394,2.251629
2395,1.792481
2396,1.251629
2397,1.792481
2398,1.459148
2399,1.918296
2400,1.459148
2401,1.792481
2402,1.251629
2403,1.792481
2404,1.918296
2405,1.792481
2406,1.918296
2407,1.918296
2408,1.918296
2409,1.918296
2410,2.251629
2411,2.584963
2412,2.584963
2413,2.251629
2414,1.918296
2415,2.251629
2416,2.251629
2417,2.251629
2418,2.584963
2419,2.584963
2420,2.251629
2421,2.251629
2422,2.584963
2423,2.584963
2424,2.584963
2425,2.584963
2426,2.251629
2427,2.251629
2428,1.792481
2429,1.792481
2430,2.251629
2431,1.918296
2432,2.251629
2433,2.584963
2434,2.584963
2435,2.584963
2436,2.251629
2437,2.251629
2438,2.251629
2439,1.918296
2440,1.918296
2441,1.918296
2442,1.918296
2443,1.792481
2444,1.792481
2445,1.918296
2446,1.918296
2447,1.918296
2448,2.251629
2449,2.584963
2450,2.584963
2451,2.584963
2452,2.584963
2453,2.251629
2454,2.251629
2455,2.584963
2456,2.584963
2457,2.251629
2458,2.251629
2459,2.584963
2460,2.584963
2461,2.251629
2462,2.251629
2463,2.251629
2464,2.251629
2465,2.584963
2466,2.584963
2467,2.584963
2468,2.584963
2469,2.251629
2470,2.584963
2471,2.251629
2472,2.251629
2473,1.918296
2474,1.918296
2475,1.918296
2476,2.251629
2477,1.792481
2478,2.251629
2479,2.251629
2480,2.251629
2481,2.251629
2482,2.251629
2483,2.584963
2484,2.584963
2485,2.584963
2486,2.251629
2487,1.918296
2488,1.459148
2489,1.459148
2490,1.459148
2491,1.918296
2492,2.251629
2493,2.584963
2494,2.251629
2495,1.918296
2496,2.251629
2497,1.918296
2498,2.251629
2499,1.918296
2500,2.251629
2501,1.918296
2502,2.251629
2503,2.251629
2504,2.251629
2505,1.918296
2506,2.251629
2507,2.251629
2508,2.251629
2509,2.251629
2510,2.584963
2511,2.251629
2512,2.251629
2513,2.251629
2514,2.251629
2515,2.251629
2516,2.251629
2517,2.584963
2518,2.584963
2519,2.584963
2520,2.251629
2521,2.251629
2522,2.584963
2523,2.251629
2524,1.918296
2525,1.918296
2526,1.459148
2527,1.459148
2528,0.918296
2529,0.918296
2530,1.459148
2531,1.918296
2532,2.251629
2533,2.584963
2534,2.584963
2535,2.584963
2536,2.584963
2537,2.584963
2538,2.584963
2539,2.584963
2540,2.251629
2541,2.584963
2542,2.251629
2543,1.792481
2544,1.459148
2545,1.792481
2546,1.918296
2547,2.251629
2548,2.584963
2549,2.584963
2550,2.251629
2551,1.918296
2552,1.792481
2553,1.459148
2554,1.792481
2555,1.918296
2556,2.251629
2557,2.251629
2558,1.792481
2559,2.251629
2560,2.251629
2561,2.251629
2562,2.251629
2563,2.251629
2564,2.251629
2565,2.251629
2566,1.918296
2567,2.251629
2568,1.792481
2569,1.459148
2570,1.792481
2571,1.918296
2572,1.918296
2573,2.251629
2574,2.251629
2575,2.251629
2576,1.918296
2577,1.918296
2578,1.918296
2579,2.251629
2580,2.251629
2581,2.251629
2582,2.251629
2583,2.251629
2584,1.918296
2585,1.918296
2586,1.918296
2587,2.251629
2588,2.584963
2589,2.584963
2590,2.251629
2591,2.251629
2592,1.792481
2593,1.792481
2594,1.792481
2595,2.251629
2596,2.584963
2597,2.251629
2598,1.918296
2599,1.918296
2600,1.918296
2601,1.918296
2602,1.459148
2603,1.918296
2604,1.918296
2605,2.251629
2606,2.251629
2607,2.251629
2608,1.918296
2609,1.918296
2610,1.918296
2611,1.918296
2612,2.251629
2613,2.251629
2614,2.251629
2615,1.918296
2616,2.251629
2617,1.918296
2618,1.918296
2619,2.251629
2620,2.584963
2621,2.251629
2622,2.584963
2623,2.251629
2624,2.584963
2625,2.584963
2626,2.584963
2627,2.251629
2628,1.792481
2629,1.459148
2630,1.459148
2631,1.459148
2632,1.584963
2633,1.584963
2634,1.918296
2635,1.918296
2636,1.918296
2637,2.251629
2638,2.251629
2639,2.584963
2640,2.251629
2641,2.251629
2642,2.251629
2643,2.584963
2644,2.584963
2645,2.584963
2646,2.584963
2647,2.584963
2648,2.251629
2649,1.792481
2650,1.918296
2651,1.918296
2652,2.251629
2653,1.918296
2654,2.251629
2655,1.792481
2656,1.792481
2657,1.792481
2658,1.792481
2659,2.251629
2660,2.251629
2661,2.584963
2662,2.584963
2663,2.584963
2664,2.251629
2665,1.792481
2666,1.792481
2667,1.792481
2668,1.792481
2669,1.792481
2670,1.918296
2671,2.251629
2672,2.251629
2673,2.251629
2674,2.251629
2675,2.251629
2676,1.792481
2677,1.918296
2678,1.459148
2679,1.584963
2680,1.918296
2681,2.251629
2682,2.251629
2683,1.918296
2684,1.918296
2685,1.918296
2686,2.251629
2687,2.251629
2688,2.251629
2689,2.251629
2690,2.251629
2691,2.584963
2692,2.251629
2693,2.251629
2694,2.251629
2695,1.918296
2696,2.251629
2697,2.251629
2698,1.918296
2699,2.251629
2700,1.918296
2701,1.918296
2702,1.918296
2703,1.918296
2704,2.251629
2705,2.251629
2706,1.792481
2707,1.459148
2708,1.792481
2709,2.251629
2710,2.251629
2711,2.584963
2712,2.584963
2713,2.584963
2714,2.251629
2715,2.251629
2716,2.251629
2717,1.792481
2718,1.459148
2719,1.459148
2720,1.792481
2721,1.792481
2722,2.251629
2723,2.251629
2724,2.584963
2725,2.251629
2726,2.251629
2727,2.251629
2728,2.251629
2729,2.584963
2730,2.251629
2731,2.584963
2732,2.251629
2733,2.251629
2734,2.251629
2735,2.251629
2736,1.918296
2737,2.251629
2738,2.584963
2739,2.251629
2740,2.584963
2741,2.584963
2742,2.584963
2743,2.584963
2744,2.584963
2745,2.584963
2746,2.251629
2747,2.251629
2748,1.918296
2749,2.251629
2750,1.918296
2751,1.918296
2752,2.251629
2753,2.251629
2754,1.918296
2755,2.251629
2756,1.918296
2757,1.918296
2758,1.918296
2759,2.251629
2760,2.251629
2761,2.251629
2762,2.584963
2763,2.584963
2764,2.251629
2765,1.792481
2766,1.459148
2767,0.918296
2768,0.918296
2769,1.459148
2770,1.584963
2771,1.918296
2772,1.792481
2773,1.792481
2774,1.459148
2775,1.459148
2776,1.251629
2777,1.251629
2778,0.918296
2779,1.459148
2780,1.918296
2781,1.918296
2782,1.918296
2783,2.251629
2784,2.251629
2785,2.251629
2786,2.251629
2787,2.251629
2788,1.918296
2789,1.918296
2790,2.251629
2791,1.918296
2792,1.918296
2793,1.459148
2794,1.792481
2795,1.792481
2796,2.251629
2797,2.584963
2798,2.251629
2799,1.918296
2800,1.918296
2801,2.251629
2802,1.792481
2803,1.792481
2804,2.251629
2805,2.251629
2806,1.918296
2807,1.918296
2808,1.918296
2809,1.918296
2810,2.251629
2811,2.251629
2812,2.251629
2813,2.251629
2814,1.792481
2815,1.792481
2816,1.792481
2817,1.251629
2818,1.792481
2819,1.792481
2820,2.251629
2821,2.251629
2822,1.792481
2823,2.251629
2824,2.251629
2825,1.918296
2826,2.251629
2827,2.584963
2828,2.584963
2829,2.584963
2830,2.251629
2831,1.918296
2832,1.459148
2833,1.459148
2834,1.918296
2835,2.251629
2836,2.251629
2837,2.251629
2838,2.251629
2839,2.584963
2840,2.251629
2841,2.251629
2842,2.251629
2843,1.918296
2844,1.918296
2845,2.251629
2846,2.251629
2847,2.251629
2848,2.584963
2849,2.584963
2850,2.584963
2851,2.251629
2852,2.251629
2853,2.251629
2854,2.251629
2855,2.584963
2856,2.251629
2857,1.918296
2858,1.918296
2859,1.918296
2860,2.251629
2861,2.584963
2862,2.584963
2863,2.251629
2864,2.251629
2865,2.584963
2866,2.584963
2867,2.584963
2868,2.584963
2869,2.584963
2870,2.584963
2871,2.251629
2872,2.584963
2873,2.251629
2874,1.918296
2875,1.918296
2876,2.251629
2877,2.251629
2878,2.584963
2879,2.251629
2880,1.918296
2881,1.918296
2882,1.918296
2883,1.584963
2884,1.918296
2885,1.918296
2886,1.918296
2887,2.251629
2888,2.584963
2889,2.584963
2890,2.251629
2891,2.584963
2892,2.251629
2893,1.792481
2894,1.792481
2895,1.792481
2896,1.459148
2897,1.584963
2898,1.918296
2899,1.459148
2900,1.918296
2901,1.792481
2902,1.251629
2903,1.792481
2904,1.792481
2905,2.251629
2906,1.918296
2907,2.251629
2908,1.792481
2909,1.251629
2910,1.251629
2911,1.459148
2912,1.459148
2913,1.792481
2914,2.251629
2915,2.584963
2916,2.584963
2917,2.584963
2918,2.584963
2919,2.584963
2920,2.251629
2921,2.251629
2922,2.584963
2923,2.251629
2924,2.251629
2925,1.792481
2926,2.251629
2927,2.251629
2928,2.251629
2929,2.251629
2930,2.584963
2931,2.584963
2932,2.584963
2933,2.251629
2934,2.251629
2935,1.918296
2936,1.918296
2937,2.251629
2938,2.251629
2939,2.251629
2940,1.918296
2941,2.251629
2942,2.584963
2943,2.251629
2944,1.918296
2945,1.918296
2946,2.251629
2947,2.251629
2948,2.251629
2949,2.251629
2950,2.251629
2951,1.918296
2952,1.918296
2953,1.792481
2954,1.918296
2955,1.918296
2956,1.918296
2957,1.918296
2958,1.918296
2959,2.251629
2960,2.584963
2961,2.584963
2962,2.584963
2963,2.251629
2964,2.251629
2965,2.251629
2966,1.792481
2967,1.918296
2968,1.918296
2969,1.918296
2970,2.251629
2971,2.251629
2972,2.251629
2973,2.251629
2974,2.584963
2975,2.584963
2976,2.251629
2977,1.918296
2978,1.918296
2979,1.918296
2980,1.918296
2981,2.251629
2982,2.251629
2983,2.251629
2984,2.251629
2985,2.251629
2986,2.251629
2987,2.251629
2988,2.584963
2989,2.251629
2990,1.918296
2991,1.459148
2992,1.584963
2993,1.918296
2994,1.792481
2995,1.459148
2996,1.918296
2997,2.251629
2998,2.584963
2999,2.251629
3000,2.251629
3001,1.918296
3002,1.918296
3003,1.918296
3004,2.251629
3005,2.251629
3006,2.251629
3007,2.251629
3008,1.918296
3009,1.918296
3010,2.251629
3011,2.251629
3012,2.251629
3013,2.584963
3014,2.251629
3015,1.918296
3016,1.918296
3017,2.251629
3018,2.251629
3019,2.584963
3020,2.251629
3021,2.251629
3022,2.584963
3023,2.584963
3024,2.584963
3025,2.584963
3026,2.584963
3027,2.584963
3028,2.251629
3029,2.251629
3030,2.251629
3031,2.251629
3032,1.918296
3033,1.792481
3034,1.792481
3035,1.459148
3036,1.918296
3037,2.251629
3038,2.584963
3039,2.251629
3040,2.251629
3041,2.251629
3042,2.251629
3043,1.918296
3044,1.918296
3045,1.918296
3046,2.251629
3047,2.584963
3048,2.251629
3049,2.251629
3050,2.251629
3051,2.584963
3052,2.251629
3053,2.251629
3054,2.251629
3055,2.251629
3056,1.918296
3057,1.792481
3058,1.792481
3059,1.792481
3060,2.251629
3061,2.251629
3062,2.251629
3063,1.918296
3064,2.251629
3065,1.792481
3066,1.918296
3067,1.584963
3068,1.584963
3069,1.459148
3070,1.918296
3071,1.918296
3072,2.251629
3073,2.584963
3074,2.584963
3075,2.584963
3076,2.251629
3077,2.584963
3078,2.584963
3079,2.251629
3080,1.918296
3081,2.251629
3082,1.792481
3083,1.792481
3084,1.918296
3085,2.251629
3086,2.251629
3087,2.251629
3088,1.918296
3089,1.918296
3090,1.918296
3091,1.918296
3092,1.918296
3093,1.918296
3094,1.584963
3095,1.584963
3096,1.459148
3097,1.792481
3098,1.918296
3099,1.918296
3100,2.251629
3101,2.251629
3102,2.251629
3103,2.584963
3104,2.584963
3105,2.584963
3106,2.251629
3107,1.918296
3108,1.918296
3109,1.584963
3110,1.918296
3111,1.918296
3112,1.918296
3113,1.918296
3114,2.251629
3115,2.251629
3116,2.584963
3117,2.584963
3118,2.251629
3119,2.251629
3120,2.251629
3121,2.251629
3122,2.584963
3123,2.584963
3124,2.584963
3125,2.251629
3126,1.792481
3127,2.251629
3128,2.251629
3129,2.251629
3130,2.251629
3131,2.251629
3132,2.251629
3133,2.584963
3134,2.584963
3135,2.584963
3136,2.584963
3137,2.584963
3138,2.251629
3139,2.251629
3140,2.251629
3141,2.584963
3142,2.584963
3143,2.251629
3144,1.918296
3145,1.459148
3146,1.918296
3147,2.251629
3148,2.251629
3149,2.251629
3150,2.251629
3151,1.918296
3152,2.251629
3153,2.584963
3154,2.251629
3155,1.918296
3156,2.251629
3157,2.251629
3158,2.584963
3159,2.251629
3160,1.792481
3161,1.459148
3162,1.584963
3163,1.918296
3164,2.251629
3165,2.584963
3166,2.251629
3167,2.251629
3168,1.792481
3169,1.459148
3170,1.918296
3171,2.251629
3172,2.584963
3173,2.584963
3174,2.251629
3175,2.251629
3176,2.251629
3177,2.251629
3178,2.584963
3179,2.584963
3180,2.584963
3181,2.584963
3182,2.251629
3183,1.792481
3184,1.459148
3185,1.459148
3186,1.918296
3187,1.918296
3188,2.251629
3189,1.918296
3190,1.918296
3191,1.918296
3192,2.251629
3193,2.251629
3194,2.251629
3195,2.584963
3196,2.584963
3197,2.251629
3198,1.918296
3199,2.251629
3200,2.584963
3201,2.584963
3202,2.251629
3203,2.251629
3204,1.918296
3205,1.459148
3206,1.459148
3207,1.918296
3208,2.251629
3209,2.251629
3210,2.251629
3211,2.251629
3212,2.251629
3213,2.584963
3214,2.251629
3215,2.251629
3216,1.918296
3217,1.918296
3218,1.918296
3219,2.251629
3220,1.918296
3221,1.918296
3222,1.584963
3223,1.918296
3224,2.251629
3225,2.251629
3226,1.918296
3227,1.584963
3228,1.459148
3229,1.918296
3230,2.251629
3231,2.584963
3232,2.251629
3233,2.251629
3234,2.251629
3235,1.918296
3236,1.584963
3237,1.918296
3238,2.251629
3239,2.251629
3240,2.251629
3241,1.792481
3242,1.792481
3243,2.251629
3244,1.918296
3245,2.251629
3246,2.251629
3247,2.251629
3248,2.584963
3249,2.584963
3250,2.251629
3251,1.918296
3252,2.251629
3253,2.584963
3254,2.584963
3255,2.251629
3256,1.918296
3257,1.918296
3258,1.792481
3259,1.251629
3260,1.792481
3261,1.792481
3262,2.251629
3263,2.251629
3264,2.584963
3265,2.584963
3266,2.251629
3267,2.251629
3268,2.584963
3269,2.251629
3270,2.251629
3271,1.918296
3272,1.584963
3273,1.584963
3274,1.918296
3275,2.251629
3276,2.584963
3277,2.251629
3278,2.251629
3279,2.251629
3280,2.251629
3281,2.251629
3282,1.918296
3283,1.459148
3284,1.459148
3285,1.792481
3286,2.251629
3287,1.792481
3288,1.918296
3289,2.251629
3290,2.251629
3291,1.918296
3292,2.251629
3293,1.918296
3294,1.792481
3295,1.792481
3296,2.251629
3297,2.584963
3298,2.584963
3299,2.584963
3300,2.251629
3301,2.251629
3302,2.251629
3303,2.251629
3304,2.584963
3305,2.251629
3306,1.918296
3307,1.584963
3308,1.918296
3309,1.918296
3310,1.918296
3311,1.918296
3312,2.251629
3313,2.251629
3314,2.584963
3315,2.251629
3316,2.584963
3317,2.251629
3318,1.918296
3319,1.918296
3320,2.251629
3321,2.584963
3322,2.251629
3323,1.918296
3324,2.251629
3325,2.251629
3326,2.251629
3327,2.251629
3328,2.251629
3329,2.251629
3330,1.918296
3331,2.251629
3332,2.251629
3333,1.792481
3334,1.792481
3335,1.918296
3336,2.251629
3337,1.918296
3338,1.918296
3339,1.584963
3340,1.918296
3341,2.251629
3342,2.584963
3343,2.584963
3344,2.584963
3345,2.584963
3346,2.251629
3347,2.251629
3348,2.251629
3349,1.918296
3350,1.584963
3351,1.918296
3352,2.251629
3353,2.251629
3354,2.251629
3355,1.918296
3356,1.918296
3357,1.918296
3358,2.251629
3359,2.251629
3360,2.251629
3361,1.918296
3362,1.918296
3363,2.251629
3364,2.251629
3365,2.584963
3366,2.251629
3367,2.251629
3368,2.251629
3369,2.584963
3370,2.251629
3371,2.251629
3372,1.918296
3373,1.918296
3374,1.459148
3375,1.792481
3376,2.251629
3377,2.251629
3378,2.251629
3379,2.251629
3380,2.251629
3381,2.584963
3382,2.251629
3383,2.251629
3384,2.251629
3385,2.251629
3386,2.251629
3387,1.792481
3388,1.792481
3389,2.251629
3390,2.251629
3391,1.918296
3392,1.918296
3393,1.918296
3394,1.459148
3395,1.459148
3396,1.792481
3397,2.251629
3398,2.251629
3399,2.584963
3400,2.584963
3401,2.251629
3402,2.251629
3403,2.584963
3404,2.584963
3405,2.251629
3406,2.251629
3407,1.918296
3408,1.918296
3409,2.251629
3410,2.251629
3411,2.251629
3412,2.251629
3413,2.251629
3414,2.584963
3415,2.251629
3416,2.251629
3417,1.918296
3418,1.792481
3419,1.792481
3420,1.792481
3421,2.251629
3422,2.251629
3423,2.251629
3424,1.918296
3425,1.584963
3426,1.918296
3427,1.918296
3428,1.918296
3429,1.918296
3430,1.918296
3431,2.251629
3432,2.584963
3433,2.584963
3434,2.584963
3435,2.584963
3436,2.251629
3437,1.918296
3438,1.918296
3439,1.918296
3440,2.251629
3441,2.584963
3442,2.251629
3443,2.584963
3444,2.584963
3445,2.251629
3446,2.251629
3447,2.251629
3448,1.792481
3449,1.792481
3450,1.792481
3451,2.251629
3452,1.918296
3453,2.251629
3454,1.918296
3455,1.918296
3456,1.918296
3457,1.918296
3458,1.459148
3459,1.792481
3460,1.792481
3461,2.251629
3462,2.584963
3463,2.251629
3464,1.918296
3465,1.918296
3466,1.918296
3467,2.251629
3468,2.251629
3469,2.251629
3470,2.251629
3471,2.251629
3472,2.251629
3473,2.251629
3474,2.251629
3475,2.251629
3476,1.918296
3477,2.251629
3478,1.918296
3479,1.918296
3480,2.251629
3481,1.918296
3482,1.918296
3483,1.918296
3484,2.251629
3485,1.918296
3486,1.918296
3487,1.918296
3488,2.251629
3489,2.251629
3490,2.251629
3491,1.918296
3492,1.918296
3493,1.918296
3494,1.918296
3495,1.918296
3496,1.584963
3497,1.918296
3498,1.918296
3499,1.918296
3500,1.918296
3501,2.251629
3502,2.251629
3503,1.918296
3504,2.251629
3505,2.251629
3506,1.918296
3507,1.792481
3508,2.251629
3509,2.251629
3510,1.918296
3511,1.459148
3512,1.918296
3513,1.792481
3514,1.792481
3515,1.792481
3516,2.251629
3517,2.251629
3518,1.792481
3519,1.792481
3520,2.251629
3521,2.251629
3522,1.918296
3523,2.251629
3524,2.251629
3525,2.251629
3526,1.918296
3527,1.918296
3528,1.918296
3529,1.918296
3530,2.251629
3531,2.251629
3532,2.584963
3533,2.251629
3534,2.584963
3535,2.584963
3536,2.584963
3537,2.584963
3538,2.251629
3539,2.584963
3540,2.584963
3541,2.584963
3542,2.584963
3543,2.584963
3544,2.251629
3545,2.251629
3546,2.251629
3547,2.251629
3548,1.918296
3549,2.251629
3550,2.584963
3551,2.251629
3552,2.251629
3553,2.251629
3554,2.251629
3555,2.584963
3556,2.584963
3557,2.251629
3558,1.918296
3559,1.918296
3560,1.918296
3561,2.251629
3562,2.584963
3563,2.251629
3564,2.251629
3565,1.918296
3566,1.918296
3567,1.918296
3568,1.459148
3569,1.459148
3570,1.792481
3571,2.251629
3572,1.918296
3573,1.918296
3574,1.918296
3575,1.918296
3576,2.251629
3577,2.251629
3578,2.251629
3579,1.918296
3580,1.459148
3581,1.918296
3582,1.918296
3583,1.918296
3584,1.918296
3585,1.918296
3586,1.918296
3587,2.251629
3588,1.918296
3589,1.918296
3590,1.792481
3591,1.792481
3592,1.792481
3593,1.792481
3594,1.918296
3595,2.251629
3596,2.584963
3597,2.584963
3598,2.584963
3599,2.584963
3600,2.251629
3601,2.251629
3602,2.251629
3603,2.251629
3604,1.918296
3605,1.918296
3606,1.459148
3607,1.792481
3608,2.251629
3609,2.251629
3610,2.251629
3611,2.251629
3612,2.584963
3613,2.584963
3614,2.584963
3615,2.251629
3616,1.792481
3617,1.251629
3618,1.251629
3619,1.251629
3620,1.251629
3621,1.792481
3622,2.251629
3623,2.584963
3624,2.584963
3625,2.584963
3626,2.584963
3627,2.251629
3628,2.251629
3629,2.251629
3630,1.918296
3631,1.918296
3632,2.251629
3633,2.251629
3634,2.251629
3635,1.918296
3636,1.918296
3637,2.251629
3638,2.584963
3639,2.584963
3640,2.584963
3641,2.251629
3642,2.251629
3643,2.251629
3644,2.251629
3645,2.584963
3646,2.584963
3647,2.251629
3648,2.251629
3649,2.251629
3650,2.251629
3651,2.251629
3652,1.918296
3653,1.918296
3654,1.918296
3655,1.918296
3656,1.918296
3657,1.918296
3658,1.459148
3659,1.459148
3660,1.792481
3661,2.251629
3662,2.251629
3663,1.918296
3664,1.792481
3665,1.792481
3666,1.792481
3667,2.251629
3668,2.584963
3669,2.584963
3670,2.251629
3671,2.251629
3672,1.918296
3673,2.251629
3674,1.918296
3675,1.792481
3676,1.792481
3677,1.918296
3678,2.251629
3679,2.251629
3680,2.584963
3681,2.251629
3682,2.251629
3683,2.251629
3684,1.792481
3685,1.459148
3686,1.918296
3687,2.251629
3688,2.584963
3689,2.584963
3690,2.584963
3691,2.584963
3692,2.584963
3693,2.251629
3694,2.251629
3695,1.918296
3696,2.251629
3697,2.251629
3698,2.251629
3699,2.584963
3700,2.251629
3701,2.251629
3702,2.251629
3703,1.918296
3704,2.251629
3705,2.251629
3706,1.918296
3707,2.251629
3708,2.251629
3709,2.251629
3710,2.584963
3711,2.251629
3712,2.251629
3713,2.584963
3714,2.584963
3715,2.584963
3716,2.584963
3717,2.251629
3718,2.251629
3719,1.918296
3720,1.918296
3721,2.251629
3722,2.251629
3723,2.584963
3724,2.251629
3725,2.251629
3726,1.918296
3727,2.251629
3728,2.251629
3729,2.251629
3730,2.251629
3731,1.792481
3732,1.792481
3733,1.251629
3734,1.459148
3735,1.459148
3736,1.459148
3737,1.459148
3738,1.918296
3739,1.459148
3740,1.792481
3741,1.792481
3742,2.251629
3743,2.584963
3744,2.584963
3745,2.251629
3746,2.251629
3747,2.251629
3748,2.584963
3749,2.251629
3750,2.251629
3751,2.584963
3752,2.251629
3753,1.918296
3754,2.251629
3755,1.918296
3756,1.792481
3757,1.792481
3758,1.918296
3759,2.251629
3760,2.251629
3761,2.584963
3762,2.584963
3763,2.251629
3764,2.251629
3765,1.792481
3766,1.792481
3767,1.918296
3768,1.918296
3769,2.251629
3770,1.918296
3771,1.918296
3772,1.918296
3773,1.918296
3774,2.251629
3775,2.251629
3776,2.584963
3777,2.251629
3778,2.584963
3779,2.584963
3780,2.251629
3781,2.251629
3782,1.918296
3783,1.792481
3784,1.459148
3785,1.918296
3786,1.918296
3787,2.251629
3788,2.584963
3789,2.584963
3790,2.251629
3791,1.918296
3792,1.918296
3793,1.584963
3794,1.918296
3795,1.918296
3796,1.792481
3797,1.251629
3798,1.251629
3799,1.251629
3800,1.792481
3801,1.918296
3802,1.918296
3803,1.459148
3804,1.792481
3805,1.918296
3806,1.459148
3807,0.918296
3808,0.650022
3809,0.650022
3810,1.251629
3811,1.792481
3812,1.792481
3813,1.792481
3814,2.251629
3815,2.251629
3816,1.918296
3817,1.918296
3818,1.918296
3819,2.251629
3820,2.251629
3821,2.584963
3822,2.251629
3823,2.251629
3824,2.251629
3825,2.251629
3826,2.584963
3827,2.251629
3828,2.251629
3829,2.251629
3830,2.584963
3831,2.251629
3832,2.251629
3833,2.251629
3834,2.251629
3835,2.251629
3836,2.251629
3837,2.584963
3838,2.584963
3839,2.584963
3840,2.251629
3841,2.251629
3842,2.251629
3843,1.792481
3844,2.251629
3845,2.251629
3846,2.584963
3847,2.584963
3848,2.584963
3849,2.584963
3850,2.584963
3851,2.251629
3852,2.251629
3853,1.918296
3854,1.918296
3855,1.792481
3856,1.459148
3857,1.792481
3858,2.251629
3859,2.251629
3860,2.251629
3861,2.584963
3862,2.251629
3863,2.251629
3864,2.251629
3865,2.251629
3866,2.251629
3867,2.251629
3868,2.251629
3869,1.918296
3870,2.251629
3871,1.918296
3872,1.918296
3873,2.251629
3874,1.918296
3875,1.918296
3876,2.251629
3877,2.251629
3878,2.251629
3879,2.584963
3880,2.251629
3881,2.251629
3882,2.251629
3883,2.251629
3884,2.251629
3885,2.251629
3886,2.251629
3887,2.251629
3888,2.251629
3889,2.251629
3890,2.251629
3891,2.251629
3892,2.584963
3893,2.251629
3894,2.251629
3895,2.251629
3896,2.251629
3897,2.251629
3898,2.251629
3899,2.251629
3900,1.918296
3901,1.918296
3902,2.251629
3903,2.584963
3904,2.251629
3905,1.918296
3906,1.584963
3907,1.459148
3908,1.792481
3909,2.251629
3910,2.251629
3911,1.792481
3912,1.459148
3913,1.459148
3914,1.459148
3915,1.918296
3916,1.792481
3917,1.792481
3918,1.792481
3919,2.251629
3920,2.584963
3921,2.251629
3922,2.584963
3923,2.251629
3924,1.918296
3925,2.251629
3926,1.918296
3927,2.251629
3928,1.792481
3929,1.792481
3930,1.792481
3931,2.251629
3932,2.584963
3933,2.251629
3934,1.792481
3935,1.792481
3936,1.918296
3937,1.918296
3938,2.251629
3939,2.251629
3940,2.251629
3941,2.251629
3942,1.792481
3943,2.251629
3944,2.251629
3945,2.584963
3946,2.251629
3947,2.251629
3948,2.251629
3949,2.251629
3950,2.251629
3951,2.584963
3952,2.584963
3953,2.251629
3954,1.792481
3955,2.251629
3956,1.918296
3957,1.918296
3958,2.251629
3959,2.584963
3960,2.584963
3961,2.584963
3962,2.584963
3963,2.251629
3964,2.251629
3965,2.584963
3966,2.251629
3967,1.918296
3968,1.918296
3969,2.251629
3970,2.251629
3971,2.584963
3972,2.584963
3973,2.251629
3974,1.918296
3975,1.584963
3976,1.584963
3977,1.918296
3978,2.251629
3979,1.918296
3980,1.918296
3981,1.918296
3982,1.918296
3983,1.918296
3984,2.251629
3985,2.251629
3986,2.251629
3987,2.251629
3988,1.918296
3989,2.251629
3990,2.251629
3991,2.584963
3992,2.251629
3993,2.251629
3994,1.792481
3995,1.792481
3996,1.792481
3997,1.792481
3998,1.918296
3999,1.918296
4000,1.918296
4001,1.918296
4002,1.918296
4003,2.251629
4004,1.918296
4005,2.251629
4006,1.918296
4007,1.918296
4008,1.459148
4009,1.792481
4010,1.459148
4011,1.459148
4012,1.792481
4013,1.251629
4014,1.251629
4015,1.251629
4016,1.792481
4017,1.918296
4018,1.459148
4019,1.918296
4020,1.918296
4021,2.251629
4022,2.584963
4023,2.584963
4024,2.584963
4025,2.251629
4026,2.584963
4027,2.584963
4028,2.584963
4029,2.584963
4030,2.584963
4031,2.584963
4032,2.251629
4033,2.251629
4034,2.584963
4035,2.251629
4036,2.251629
4037,2.584963
4038,2.251629
4039,2.251629
4040,2.251629
4041,1.792481
4042,2.251629
4043,2.251629
4044,2.584963
4045,2.251629
4046,2.251629
4047,1.792481
4048,1.918296
4049,1.918296
4050,2.251629
4051,2.251629
4052,2.251629
4053,2.584963
4054,2.584963
4055,2.584963
4056,2.251629
4057,2.251629
4058,1.918296
4059,1.584963
4060,1.459148
4061,1.792481
4062,1.459148
4063,1.918296
4064,2.251629
4065,1.918296
4066,1.459148
4067,1.459148
4068,1.918296
4069,2.251629
4070,2.251629
4071,2.251629
4072,2.584963
4073,2.251629
4074,2.251629
4075,2.251629
4076,2.251629
4077,2.584963
4078,2.251629
4079,2.251629
4080,2.251629
4081,2.251629
4082,2.251629
4083,2.251629
4084,2.251629
4085,2.251629
4086,2.251629
4087,1.918296
4088,1.918296
4089,1.918296
4090,1.918296
4091,2.251629
4092,2.251629
4093,2.584963
4094,2.251629
4095,1.918296
4096,1.459148
4097,1.792481
4098,2.251629
4099,2.251629
4100,2.251629
4101,2.584963
4102,2.251629
4103,2.251629
4104,1.918296
4105,2.251629
4106,2.251629
4107,2.251629
4108,1.792481
4109,1.792481
4110,1.251629
4111,1.792481
4112,1.792481
4113,1.792481
4114,2.251629
4115,1.918296
4116,2.251629
4117,2.251629
4118,1.918296
4119,1.918296
4120,2.251629
4121,1.918296
4122,1.918296
4123,2.251629
4124,2.251629
4125,2.584963
4126,2.584963
4127,2.251629
4128,1.918296
4129,1.792481
4130,1.792481
4131,1.792481
4132,1.792481
4133,1.459148
4134,1.918296
4135,1.918296
4136,1.459148
4137,1.792481
4138,2.251629
4139,1.918296
4140,1.918296
4141,1.918296
4142,1.918296
4143,1.918296
4144,1.918296
4145,1.459148
4146,1.584963
4147,1.459148
4148,1.459148
4149,1.459148
4150,1.918296
4151,1.918296
4152,2.251629
4153,2.251629
4154,2.251629
4155,2.251629
4156,2.251629
4157,2.251629
4158,2.251629
4159,2.251629
4160,2.251629
4161,2.251629
4162,2.251629
4163,2.251629
4164,2.251629
4165,1.918296
4166,1.918296
4167,2.251629
4168,2.584963
4169,2.251629
4170,2.251629
4171,1.918296
4172,2.251629
4173,2.251629
4174,2.251629
4175,1.918296
4176,1.918296
4177,2.251629
4178,2.251629
4179,2.251629
4180,1.918296
4181,1.459148
4182,1.459148
4183,1.792481
4184,2.251629
4185,2.584963
4186,2.584963
4187,2.251629
4188,2.251629
4189,2.251629
4190,2.584963
4191,2.251629
4192,1.918296
4193,2.251629
4194,2.251629
4195,2.584963
4196,2.584963
4197,2.584963
4198,2.584963
4199,2.251629
4200,1.918296
4201,2.251629
4202,2.251629
4203,2.584963
4204,2.251629
4205,2.251629
4206,2.251629
4207,2.251629
4208,2.584963
4209,2.584963
4210,2.251629
4211,2.584963
4212,2.251629
4213,1.792481
4214,1.792481
4215,1.792481
4216,2.251629
4217,1.918296
4218,1.918296
4219,1.918296
4220,2.251629
4221,2.251629
4222,2.584963
4223,2.584963
4224,2.584963
4225,2.584963
4226,2.584963
4227,2.251629
4228,1.918296
4229,1.918296
4230,1.918296
4231,2.251629
4232,2.251629
4233,2.251629
4234,2.251629
4235,2.251629
4236,2.251629
4237,1.918296
4238,1.918296
4239,2.251629
4240,1.918296
4241,1.792481
4242,1.792481
4243,1.792481
4244,2.251629
4245,2.251629
4246,2.251629
4247,2.584963
4248,2.584963
4249,2.251629
4250,2.251629
4251,2.251629
4252,1.792481
4253,1.792481
4254,2.251629
4255,2.584963
4256,2.584963
4257,2.251629
4258,2.251629
4259,2.251629
4260,2.251629
4261,2.251629
4262,1.792481
4263,1.918296
4264,2.251629
4265,2.251629
4266,1.792481
4267,1.792481
4268,2.251629
4269,2.251629
4270,2.251629
4271,2.251629
4272,2.251629
4273,2.251629
4274,2.251629
4275,1.918296
4276,1.918296
4277,2.251629
4278,1.918296
4279,1.918296
4280,2.251629
4281,2.584963
4282,2.251629
4283,2.584963
4284,2.584963
4285,2.584963
4286,2.251629
4287,2.251629
4288,2.251629
4289,2.251629
4290,2.251629
4291,2.251629
4292,2.251629
4293,2.251629
4294,1.918296
4295,1.918296
4296,1.918296
4297,2.251629
4298,2.584963
4299,2.584963
4300,2.251629
4301,1.918296
4302,1.584963
4303,1.584963
4304,1.918296
4305,1.918296
4306,2.251629
4307,1.918296
4308,1.918296
4309,1.459148
4310,1.918296
4311,1.918296
4312,1.918296
4313,2.251629
4314,2.251629
4315,2.584963
4316,2.251629
4317,2.251629
4318,1.918296
4319,2.251629
4320,2.251629
4321,2.251629
4322,1.918296
4323,1.792481
4324,1.792481
4325,1.459148
4326,1.459148
4327,1.792481
4328,1.251629
4329,1.251629
4330,1.792481
4331,1.918296
4332,2.251629
4333,1.918296
4334,1.918296
4335,2.251629
4336,2.251629
4337,1.918296
4338,2.251629
4339,1.918296
4340,1.918296
4341,2.251629
4342,2.251629
4343,2.251629
4344,2.251629
4345,2.251629
4346,2.584963
4347,2.251629
4348,2.251629
4349,1.918296
4350,1.459148
4351,1.792481
4352,1.792481
4353,2.251629
4354,2.251629
4355,2.251629
4356,1.792481
4357,1.792481
4358,1.792481
4359,1.792481
4360,1.918296
4361,2.251629
4362,1.918296
4363,1.918296
4364,1.918296
4365,1.792481
4366,1.792481
4367,1.918296
4368,2.251629
4369,2.251629
4370,2.584963
4371,2.584963
4372,2.251629
4373,1.918296
4374,1.792481
4375,1.459148
4376,1.459148
4377,1.918296
4378,1.918296
4379,1.918296
4380,1.918296
4381,2.251629
4382,2.251629
4383,2.584963
4384,2.251629
4385,1.918296
4386,1.918296
4387,1.918296
4388,2.251629
4389,2.251629
4390,1.918296
4391,1.584963
4392,1.918296
4393,1.918296
4394,1.918296
4395,2.251629
4396,2.251629
4397,2.584963
4398,2.584963
4399,2.584963
4400,2.584963
4401,2.584963
4402,2.251629
4403,1.918296
4404,1.918296
4405,1.918296
4406,2.251629
4407,2.584963
4408,2.251629
4409,2.251629
4410,2.251629
4411,1.918296
4412,2.251629
4413,2.251629
4414,1.918296
4415,1.918296
4416,2.251629
4417,2.251629
4418,2.251629
4419,2.251629
4420,2.251629
4421,2.251629
4422,1.918296
4423,2.251629
4424,2.251629
4425,2.251629
4426,2.251629
4427,1.918296
4428,1.918296
4429,1.918296
4430,1.918296
4431,2.251629
4432,2.584963
4433,2.251629
4434,2.251629
4435,1.918296
4436,2.251629
4437,1.792481
4438,1.792481
4439,1.792481
4440,1.792481
4441,2.251629
4442,2.251629
4443,2.584963
4444,2.584963
4445,2.251629
4446,2.584963
4447,2.251629
4448,2.584963
4449,2.251629
4450,2.584963
4451,2.584963
4452,2.584963
4453,2.584963
4454,2.584963
4455,2.251629
4456,1.918296
4457,1.459148
4458,1.584963
4459,1.459148
4460,1.918296
4461,1.918296
4462,1.918296
4463,1.918296
4464,2.251629
4465,2.251629
4466,2.251629
4467,2.251629
4468,1.918296
4469,2.251629
4470,2.251629
4471,2.251629
4472,2.251629
4473,2.251629
4474,2.251629
4475,2.251629
4476,2.251629
4477,2.251629
4478,2.251629
4479,2.251629
4480,2.584963
4481,2.251629
4482,1.918296
4483,1.918296
4484,1.918296
4485,2.251629
4486,1.792481
4487,2.251629
4488,2.251629
4489,2.251629
4490,2.584963
4491,2.584963
4492,2.584963
4493,2.584963
4494,2.584963
4495,2.251629
4496,2.251629
4497,2.251629
4498,1.918296
4499,1.918296
4500,2.251629
4501,1.918296
4502,1.918296
4503,1.792481
4504,1.792481
4505,1.459148
4506,1.792481
4507,1.792481
4508,2.251629
4509,2.584963
4510,2.251629
4511,2.251629
4512,1.792481
4513,1.792481
4514,1.459148
4515,1.918296
4516,2.251629
4517,1.918296
4518,1.918296
4519,2.251629
4520,1.918296
4521,1.918296
4522,1.918296
4523,1.918296
4524,2.251629
4525,1.918296
4526,1.918296
4527,1.792481
4528,1.792481
4529,1.251629
4530,1.792481
4531,2.251629
4532,1.918296
4533,2.251629
4534,1.792481
4535,1.792481
4536,1.251629
4537,1.459148
4538,1.918296
4539,2.251629
4540,2.584963
4541,2.251629
4542,2.251629
4543,1.918296
4544,1.918296
4545,1.918296
4546,1.918296
4547,2.251629
4548,2.251629
4549,2.584963
4550,2.584963
4551,2.584963
4552,2.584963
4553,2.251629
4554,1.918296
4555,1.918296
4556,2.251629
4557,2.251629
4558,1.918296
4559,1.584963
4560,1.459148
4561,1.918296
4562,2.251629
4563,1.918296
4564,2.251629
4565,2.251629
4566,2.251629
4567,2.251629
4568,2.251629
4569,2.251629
4570,1.918296
4571,1.918296
4572,2.251629
4573,2.584963
4574,2.584963
4575,2.251629
4576,2.251629
4577,2.584963
4578,2.584963
4579,2.584963
4580,2.584963
4581,2.251629
4582,1.918296
4583,1.918296
4584,1.918296
4585,2.251629
4586,1.918296
4587,1.918296
4588,1.918296
4589,2.251629
4590,2.251629
4591,2.584963
4592,2.584963
4593,2.251629
4594,2.251629
4595,2.251629
4596,2.251629
4597,2.251629
4598,2.251629
4599,2.251629
4600,1.918296
4601,1.918296
4602,2.251629
4603,2.251629
4604,1.918296
4605,2.251629
4606,2.251629
4607,2.251629
4608,2.584963
4609,2.251629
4610,2.251629
4611,2.251629
4612,2.251629
4613,2.251629
4614,2.251629
4615,1.918296
4616,2.251629
4617,1.792481
4618,1.459148
4619,1.918296
4620,2.251629
4621,1.918296
4622,1.918296
4623,1.918296
4624,1.918296
4625,1.792481
4626,2.251629
4627,2.251629
4628,2.251629
4629,1.918296
4630,2.251629
4631,2.251629
4632,1.918296
4633,2.251629
4634,1.918296
4635,2.251629
4636,2.251629
4637,2.251629
4638,2.251629
4639,1.918296
4640,2.251629
4641,1.918296
4642,1.918296
4643,2.251629
4644,2.251629
4645,2.251629
4646,2.251629
4647,2.584963
4648,2.584963
4649,2.251629
4650,2.251629
4651,2.251629
4652,2.251629
4653,2.584963
4654,2.584963
4655,2.251629
4656,1.918296
4657,1.918296
4658,2.251629
4659,1.918296
4660,1.918296
4661,1.792481
4662,1.792481
4663,1.792481
4664,2.251629
4665,2.251629
4666,2.251629
4667,2.251629
4668,1.918296
4669,2.251629
4670,1.792481
4671,1.792481
4672,1.792481
4673,1.918296
4674,2.251629
4675,2.251629
4676,2.251629
4677,2.251629
4678,2.584963
4679,2.584963
4680,2.584963
4681,2.251629
4682,2.251629
4683,1.792481
4684,1.792481
4685,1.792481
4686,2.251629
4687,2.251629
4688,2.251629
4689,2.584963
4690,2.251629
4691,1.918296
4692,1.918296
4693,2.251629
4694,2.251629
4695,2.251629
4696,1.792481
4697,2.251629
4698,2.251629
4699,2.251629
4700,1.918296
4701,1.792481
4702,1.251629
4703,0.918296
4704,1.251629
4705,1.792481
4706,2.251629
4707,2.584963
4708,2.584963
4709,2.584963
4710,2.251629
4711,2.584963
4712,2.251629
4713,2.251629
4714,1.918296
4715,2.251629
4716,2.251629
4717,2.251629
4718,2.584963
4719,2.584963
4720,2.584963
4721,2.251629
4722,2.584963
4723,2.251629
4724,2.251629
4725,2.251629
4726,1.918296
4727,1.792481
4728,1.792481
4729,1.792481
4730,2.251629
4731,1.918296
4732,1.918296
4733,1.584963
4734,1.918296
4735,2.251629
4736,2.251629
4737,1.792481
4738,1.792481
4739,1.792481
4740,2.251629
4741,2.251629
4742,2.584963
4743,2.251629
4744,2.251629
4745,2.251629
4746,2.251629
4747,2.584963
4748,2.584963
4749,2.584963
4750,2.251629
4751,2.251629
4752,1.918296
4753,1.918296
4754,1.918296
4755,1.918296
4756,1.918296
4757,1.918296
4758,1.918296
4759,1.584963
4760,1.918296
4761,2.251629
4762,1.918296
4763,2.251629
4764,2.251629
4765,1.792481
4766,2.251629
4767,2.251629
4768,2.251629
4769,2.251629
4770,2.251629
4771,1.918296
4772,2.251629
4773,2.251629
4774,1.918296
4775,1.918296
4776,1.792481
4777,1.918296
4778,2.251629
4779,2.251629
4780,1.918296
4781,1.792481
4782,1.792481
4783,1.792481
4784,1.792481
4785,2.251629
4786,2.584963
4787,2.251629
4788,1.918296
4789,1.459148
4790,1.584963
4791,1.918296
4792,2.251629
4793,2.251629
4794,2.251629
4795,2.251629
4796,2.251629
4797,2.251629
4798,2.584963
4799,2.251629
4800,2.251629
4801,2.251629
4802,2.251629
4803,2.251629
4804,2.251629
4805,1.918296
4806,2.251629
4807,2.251629
4808,2.251629
4809,2.251629
4810,2.251629
4811,2.251629
4812,2.251629
4813,2.251629
4814,2.251629
4815,1.918296
4816,2.251629
4817,1.918296
4818,1.584963
4819,1.918296
4820,1.918296
4821,1.918296
4822,2.251629
4823,1.792481
4824,1.459148
4825,1.918296
4826,1.918296
4827,2.251629
4828,2.584963
4829,2.251629
4830,2.251629
4831,2.251629
4832,2.584963
4833,2.251629
4834,2.251629
4835,2.251629
4836,2.251629
4837,2.251629
4838,2.251629
4839,2.251629
4840,2.251629
4841,2.251629
4842,2.251629
4843,1.918296
4844,2.251629
4845,2.584963
4846,2.584963
4847,2.251629
4848,2.251629
4849,1.918296
4850,2.251629
4851,1.918296
4852,2.251629
4853,2.584963
4854,2.251629
4855,2.251629
4856,2.251629
4857,1.792481
4858,1.792481
4859,2.251629
4860,2.251629
4861,2.251629
4862,2.584963
4863,2.584963
4864,2.251629
4865,1.918296
4866,1.918296
4867,1.918296
4868,1.792481
4869,1.792481
4870,1.792481
4871,1.918296
4872,1.792481
4873,1.792481
4874,2.251629
4875,2.251629
4876,2.251629
4877,2.251629
4878,1.792481
4879,1.251629
4880,1.792481
4881,2.251629
4882,2.251629
4883,2.251629
4884,2.584963
4885,2.584963
4886,2.584963
4887,2.251629
4888,2.251629
4889,2.251629
4890,1.792481
4891,2.251629
4892,2.251629
4893,2.584963
4894,2.584963
4895,2.584963
4896,2.584963
4897,2.251629
4898,2.584963
4899,2.251629
4900,2.251629
4901,2.251629
4902,2.251629
4903,1.918296
4904,2.251629
4905,2.251629
4906,2.251629
4907,2.251629
4908,2.251629
4909,2.251629
4910,2.251629
4911,2.584963
4912,2.584963
4913,2.251629
4914,2.251629
4915,2.251629
4916,2.251629
4917,2.251629
4918,2.584963
4919,2.251629
4920,1.792481
4921,1.459148
4922,1.918296
4923,1.459148
4924,1.792481
4925,1.918296
4926,1.918296
4927,2.251629
4928,2.251629
4929,2.251629
4930,2.251629
4931,2.584963
4932,2.584963
4933,2.251629
4934,1.918296
4935,2.251629
4936,2.251629
4937,2.251629
4938,2.251629
4939,1.918296
4940,1.918296
4941,1.918296
4942,1.584963
4943,1.918296
4944,1.792481
4945,1.459148
4946,1.459148
4947,1.459148
4948,1.459148
4949,1.918296
4950,1.918296
4951,1.792481
4952,1.792481
4953,2.251629
4954,2.251629
4955,1.918296
4956,2.251629
4957,2.251629
4958,1.918296
4959,2.251629
4960,1.792481
4961,1.792481
4962,2.251629
4963,2.251629
4964,2.584963
4965,2.584963
4966,2.584963
4967,2.584963
4968,2.251629
4969,1.918296
4970,1.918296
4971,1.792481
4972,1.792481
4973,1.918296
4974,2.251629
4975,2.584963
4976,2.584963
4977,2.584963
4978,2.251629
4979,2.251629
4980,2.251629
4981,1.918296
4982,1.792481
4983,1.459148
4984,1.459148
4985,1.792481
4986,1.918296
4987,2.251629
4988,2.251629
4989,2.251629
4990,2.251629
4991,2.251629
4992,1.792481
4993,1.792481
4994,1.459148
4995,1.918296
4996,2.251629
4997,2.251629
4998,2.584963
4999,2.251629
5000,1.792481
5001,1.459148
5002,1.459148
5003,1.459148
5004,1.584963
5005,1.459148
5006,1.459148
5007,1.792481
5008,2.251629
5009,2.251629
5010,2.584963
5011,2.251629
5012,2.251629
5013,2.251629
5014,2.251629
5015,2.251629
5016,2.251629
5017,2.251629
5018,2.251629
5019,1.792481
5020,2.251629
5021,1.792481
5022,1.459148
5023,1.918296
5024,1.918296
5025,1.792481
5026,2.251629
5027,2.251629
5028,2.251629
5029,2.584963
5030,2.251629
5031,2.251629
5032,2.251629
5033,2.251629
5034,2.584963
5035,2.584963
5036,2.584963
5037,2.584963
5038,2.251629
5039,2.251629
5040,2.251629
5041,2.251629
5042,2.251629
5043,1.918296
5044,1.918296
5045,2.251629
5046,2.251629
5047,2.251629
5048,2.584963
5049,2.251629
5050,1.918296
5051,1.792481
5052,1.792481
5053,1.918296
5054,2.251629
5055,2.584963
5056,2.584963
5057,2.584963
5058,2.584963
5059,2.584963
5060,2.251629
5061,1.918296
5062,1.918296
5063,1.918296
5064,1.459148
5065,1.792481
5066,1.792481
5067,2.251629
5068,2.584963
5069,2.584963
5070,2.584963
5071,2.251629
5072,2.251629
5073,2.251629
5074,2.584963
5075,2.584963
5076,2.584963
5077,2.251629
5078,2.251629
5079,1.918296
5080,1.584963
5081,1.918296
5082,1.792481
5083,1.792481
5084,2.251629
5085,1.792481
5086,2.251629
5087,2.251629
5088,2.584963
5089,2.584963
5090,2.584963
5091,2.584963
5092,2.251629
5093,2.251629
5094,2.251629
5095,2.251629
5096,2.584963
5097,2.584963
5098,2.251629
5099,1.792481
5100,1.792481
5101,1.918296
5102,2.251629
5103,2.251629
5104,2.584963
5105,2.584963
5106,2.251629
5107,2.251629
5108,2.251629
5109,2.251629
5110,1.918296
5111,2.251629
5112,2.251629
5113,2.584963
5114,2.251629
5115,2.251629
5116,2.584963
5117,2.251629
5118,2.251629
5119,1.918296
5120,1.918296
5121,2.251629
5122,2.584963
5123,2.584963
5124,2.584963
5125,2.584963
5126,2.251629
5127,1.918296
5128,2.251629
5129,2.251629
5130,2.251629
5131,2.251629
5132,2.251629
5133,1.918296
5134,2.251629
5135,2.251629
5136,2.251629
5137,1.792481
5138,1.792481
5139,1.792481
5140,2.251629
5141,1.918296
5142,2.251629
5143,2.251629
5144,2.584963
5145,2.251629
5146,2.251629
5147,2.251629
5148,2.584963
5149,2.584963
5150,2.251629
5151,2.251629
5152,2.251629
5153,2.251629
5154,1.792481
5155,1.459148
5156,1.584963
5157,1.918296
5158,1.792481
5159,1.792481
5160,1.918296
5161,2.251629
5162,1.918296
5163,1.918296
5164,2.251629
5165,2.251629
5166,1.792481
5167,2.251629
5168,2.251629
5169,2.584963
5170,2.251629
5171,2.251629
5172,2.251629
5173,2.584963
5174,2.584963
5175,2.584963
5176,2.584963
5177,2.584963
5178,2.584963
5179,2.251629
5180,2.251629
5181,1.918296
5182,1.918296
5183,2.251629
5184,2.251629
5185,2.251629
5186,1.918296
5187,1.918296
5188,1.584963
5189,1.918296
5190,1.918296
5191,1.918296
5192,2.251629
5193,2.584963
5194,2.251629
5195,2.251629
5196,2.251629
5197,1.918296
5198,1.792481
5199,2.251629
5200,2.584963
5201,2.251629
5202,1.792481
5203,1.459148
5204,1.792481
5205,1.918296
5206,1.918296
5207,2.251629
5208,1.792481
5209,1.792481
5210,2.251629
5211,1.918296
5212,2.251629
5213,1.918296
5214,1.918296
5215,1.918296
5216,1.918296
5217,2.251629
5218,2.584963
5219,2.584963
5220,2.251629
5221,2.251629
5222,2.584963
5223,2.251629
5224,2.251629
5225,1.918296
5226,2.251629
5227,2.251629
5228,2.584963
5229,2.584963
5230,2.251629
5231,2.251629
5232,2.251629
5233,1.918296
5234,2.251629
5235,1.918296
5236,2.251629
5237,2.251629
5238,2.251629
5239,2.251629
5240,2.584963
5241,2.251629
5242,2.251629
5243,2.584963
5244,2.584963
5245,2.251629
5246,2.251629
5247,1.918296
5248,2.251629
5249,1.918296
5250,1.918296
5251,1.918296
5252,1.918296
5253,1.918296
5254,2.251629
5255,2.584963
5256,2.251629
5257,2.251629
5258,1.792481
5259,2.251629
5260,1.918296
5261,2.251629
5262,2.584963
5263,2.251629
5264,2.251629
5265,2.251629
5266,2.251629
5267,2.251629
5268,2.584963
5269,2.251629
5270,2.251629
5271,2.251629
5272,2.251629
5273,2.251629
5274,2.584963
5275,2.584963
5276,2.584963
5277,2.251629
5278,2.251629
5279,2.584963
5280,2.251629
5281,2.251629
5282,1.918296
5283,1.459148
5284,1.459148
5285,1.918296
5286,1.918296
5287,1.918296
5288,1.792481
5289,2.251629
5290,2.251629
5291,2.251629
5292,1.792481
5293,1.918296
5294,2.251629
5295,2.584963
5296,2.584963
5297,2.251629
5298,2.251629
5299,2.251629
5300,2.584963
5301,2.584963
5302,2.584963
5303,2.584963
5304,2.251629
5305,2.251629
5306,2.251629
5307,2.251629
5308,2.584963
5309,2.584963
5310,2.251629
5311,2.251629
5312,2.251629
5313,2.251629
5314,2.251629
5315,2.584963
5316,2.251629
5317,1.918296
5318,1.459148
5319,1.792481
5320,1.251629
5321,1.792481
5322,1.459148
5323,1.918296
5324,2.251629
5325,2.251629
5326,2.251629
5327,2.584963
5328,2.584963
5329,2.251629
5330,1.792481
5331,1.792481
5332,1.918296
5333,1.918296
5334,1.918296
5335,2.251629
5336,2.251629
5337,2.584963
5338,2.584963
5339,2.251629
5340,1.918296
5341,1.918296
5342,1.792481
5343,2.251629
5344,2.251629
5345,1.918296
5346,2.251629
5347,2.584963
5348,2.584963
5349,2.251629
5350,2.251629
5351,2.251629
5352,2.251629
5353,2.251629
5354,1.918296
5355,1.459148
5356,1.792481
5357,1.792481
5358,1.792481
5359,1.918296
5360,1.918296
5361,1.918296
5362,2.251629
5363,1.918296
5364,1.792481
5365,1.251629
5366,0.918296
5367,1.459148
5368,1.792481
5369,2.251629
5370,2.584963
5371,2.251629
5372,2.251629
5373,1.918296
5374,1.918296
5375,2.251629
5376,2.251629
5377,1.918296
5378,1.918296
5379,2.251629
5380,2.251629
5381,2.251629
5382,2.251629
5383,2.251629
5384,2.584963
5385,2.251629
5386,2.251629
5387,2.251629
5388,2.251629
5389,1.918296
5390,1.918296
5391,1.459148
5392,1.459148
5393,1.584963
5394,1.459148
5395,1.459148
5396,1.918296
5397,1.918296
5398,2.251629
5399,2.251629
5400,2.251629
5401,2.251629
5402,2.251629
5403,2.251629
5404,1.918296
5405,2.251629
5406,2.251629
5407,2.251629
5408,1.792481
5409,1.792481
5410,2.251629
5411,2.251629
5412,2.584963
5413,2.251629
5414,2.584963
5415,2.251629
5416,2.251629
5417,2.251629
5418,2.584963
5419,2.584963
5420,2.584963
5421,2.251629
5422,2.251629
5423,2.251629
5424,2.251629
5425,2.584963
5426,2.584963
5427,2.251629
5428,1.918296
5429,2.251629
5430,1.918296
5431,1.918296
5432,1.918296
5433,1.918296
5434,2.251629
5435,2.251629
5436,2.251629
5437,2.251629
5438,2.251629
5439,2.584963
5440,2.251629
5441,2.251629
5442,2.251629
5443,2.584963
5444,2.251629
5445,2.251629
5446,2.251629
5447,2.251629
5448,2.251629
5449,2.251629
5450,2.251629
5451,2.251629
5452,2.584963
5453,2.251629
5454,2.251629
5455,1.918296
5456,1.918296
5457,1.918296
5458,1.918296
5459,1.792481
5460,1.792481
5461,1.792481
5462,1.918296
5463,1.792481
5464,1.918296
5465,2.251629
5466,2.251629
5467,1.918296
5468,2.251629
5469,2.251629
5470,1.918296
5471,1.918296
5472,2.251629
5473,1.918296
5474,2.251629
5475,2.251629
5476,2.251629
5477,2.251629
5478,2.584963
5479,2.251629
5480,1.792481
5481,1.792481
5482,2.251629
5483,2.251629
5484,1.792481
5485,2.251629
5486,2.251629
5487,1.792481
5488,1.792481
5489,1.792481
5490,1.792481
5491,1.792481
5492,1.918296
5493,2.251629
5494,2.251629
5495,2.251629
5496,2.584963
5497,2.251629
5498,1.918296
5499,2.251629
5500,2.251629
5501,2.251629
5502,2.251629
5503,1.918296
5504,1.459148
5505,1.000000
5506,1.459148
5507,1.918296
5508,2.251629
5509,2.584963
5510,2.584963
5511,2.584963
5512,2.584963
5513,2.584963
5514,2.251629
5515,1.918296
5516,1.918296
5517,2.251629
5518,1.918296
5519,1.918296
5520,1.584963
5521,1.459148
5522,1.918296
5523,2.251629
5524,1.918296
5525,1.918296
5526,2.251629
5527,1.918296
5528,2.251629
5529,2.251629
5530,1.918296
5531,1.918296
5532,2.251629
5533,2.251629
5534,1.918296
5535,2.251629
5536,1.918296
5537,2.251629
5538,2.251629
5539,1.918296
5540,1.918296
5541,1.918296
5542,1.792481
5543,1.792481
5544,1.918296
5545,1.792481
5546,1.459148
5547,1.918296
5548,1.918296
5549,2.251629
5550,2.584963
5551,2.251629
5552,1.918296
5553,1.918296
5554,1.918296
5555,1.792481
5556,1.792481
5557,1.251629
5558,1.792481
5559,1.792481
5560,1.792481
5561,1.918296
5562,2.251629
5563,2.251629
5564,2.251629
5565,2.251629
5566,2.251629
5567,1.918296
5568,2.251629
5569,2.584963
5570,2.584963
5571,2.251629
5572,1.918296
5573,1.918296
5574,1.792481
5575,1.792481
5576,2.251629
5577,1.918296
5578,1.584963
5579,1.918296
5580,1.459148
5581,1.918296
5582,2.251629
5583,2.251629
5584,2.251629
5585,2.584963
5586,2.251629
5587,1.918296
5588,1.918296
5589,2.251629
5590,2.584963
5591,2.251629
5592,2.584963
5593,2.584963
5594,2.251629
5595,2.584963
5596,2.251629
5597,2.251629
5598,2.584963
5599,2.584963
5600,2.251629
5601,2.251629
5602,2.251629
5603,2.584963
5604,2.251629
5605,2.251629
5606,2.251629
5607,1.918296
5608,1.918296
5609,2.251629
5610,2.251629
5611,2.251629
5612,2.584963
5613,2.584963
5614,2.251629
5615,2.251629
5616,1.792481
5617,1.251629
5618,1.792481
5619,1.251629
5620,1.251629
5621,1.792481
5622,1.918296
5623,1.792481
5624,2.251629
5625,1.918296
5626,1.918296
5627,2.251629
5628,2.251629
5629,1.918296
5630,2.251629
5631,2.251629
5632,2.251629
5633,2.251629
5634,2.251629
5635,2.251629
5636,2.584963
5637,2.584963
5638,2.251629
5639,2.584963
5640,2.251629
5641,2.584963
5642,2.584963
5643,2.584963
5644,2.584963
5645,2.584963
5646,2.584963
5647,2.584963
5648,2.251629
5649,2.251629
5650,2.251629
5651,1.918296
5652,1.459148
5653,0.918296
5654,1.251629
5655,1.792481
5656,2.251629
5657,1.792481
5658,2.251629
5659,2.251629
5660,2.251629
5661,1.918296
5662,2.251629
5663,2.251629
5664,1.918296
5665,1.918296
5666,1.792481
5667,1.792481
5668,1.792481
5669,1.918296
5670,2.251629
5671,2.251629
5672,2.251629
5673,2.251629
5674,1.792481
5675,2.251629
5676,1.918296
5677,2.251629
5678,2.584963
5679,2.584963
5680,2.251629
5681,1.792481
5682,1.918296
5683,1.918296
5684,1.918296
5685,1.459148
5686,1.792481
5687,1.459148
5688,1.918296
5689,2.251629
5690,2.251629
5691,2.251629
5692,2.251629
5693,2.251629
5694,2.584963
5695,2.251629
5696,1.792481
5697,1.792481
5698,2.251629
5699,2.251629
5700,2.251629
5701,2.584963
5702,2.251629
5703,2.251629
5704,2.251629
5705,1.918296
5706,1.918296
5707,1.918296
5708,1.918296
5709,1.918296
5710,1.918296
5711,2.251629
5712,2.584963
5713,2.584963
5714,2.584963
5715,2.251629
5716,1.918296
5717,2.251629
5718,2.251629
5719,1.918296
5720,2.251629
5721,1.792481
5722,1.792481
5723,1.792481
5724,1.918296
5725,2.251629
5726,1.918296
5727,1.918296
5728,2.251629
5729,2.251629
5730,2.251629
5731,2.251629
5732,2.251629
5733,2.251629
5734,2.584963
5735,2.584963
5736,2.584963
5737,2.584963
5738,2.584963
5739,2.584963
5740,2.584963
5741,2.251629
5742,2.584963
5743,2.584963
5744,2.584963
5745,2.584963
5746,2.584963
5747,2.251629
5748,1.792481
5749,1.792481
5750,1.792481
5751,1.459148
5752,1.918296
5753,1.918296
5754,1.792481
5755,1.918296
5756,1.918296
5757,1.918296
5758,2.251629
5759,2.251629
5760,1.918296
5761,1.584963
5762,1.918296
5763,2.251629
5764,2.251629
5765,2.251629
5766,2.251629
5767,1.918296
5768,2.251629
5769,2.251629
5770,1.918296
5771,1.918296
5772,1.918296
5773,2.251629
5774,2.584963
5775,2.584963
5776,2.251629
5777,2.584963
5778,2.584963
5779,2.251629
5780,1.918296
5781,1.918296
5782,2.251629
5783,2.584963
5784,2.584963
5785,2.251629
5786,1.792481
5787,1.792481
5788,1.459148
5789,1.918296
5790,1.918296
5791,2.251629
5792,1.918296
5793,1.918296
5794,1.459148
5795,1.459148
5796,1.459148
5797,1.918296
5798,1.918296
5799,1.918296
5800,1.918296
5801,1.459148
5802,1.792481
5803,1.918296
5804,1.918296
5805,1.918296
5806,2.251629
5807,2.251629
5808,2.584963
5809,2.251629
5810,2.584963
5811,2.584963
5812,2.251629
5813,2.251629
5814,2.251629
5815,2.251629
5816,2.251629
5817,2.251629
5818,2.251629
5819,2.584963
5820,2.251629
5821,2.584963
5822,2.584963
5823,2.251629
5824,2.251629
5825,2.251629
5826,2.251629
5827,1.918296
5828,2.251629
5829,1.918296
5830,2.251629
5831,2.251629
5832,2.251629
5833,1.918296
5834,2.251629
5835,2.251629
5836,1.918296
5837,2.251629
5838,2.251629
5839,2.251629
5840,1.918296
5841,1.459148
5842,1.000000
5843,1.459148
5844,1.792481
5845,1.918296
5846,1.792481
5847,2.251629
5848,2.251629
5849,2.251629
5850,2.251629
5851,2.584963
5852,2.584963
5853,2.251629
5854,2.251629
5855,2.251629
5856,2.251629
5857,2.584963
5858,2.251629
5859,2.251629
5860,2.251629
5861,2.251629
5862,2.251629
5863,2.251629
5864,2.251629
5865,2.251629
5866,2.251629
5867,2.251629
5868,2.251629
5869,2.584963
5870,2.584963
5871,2.251629
5872,2.251629
5873,2.251629
5874,2.251629
5875,1.918296
5876,1.918296
5877,2.251629
5878,2.584963
5879,2.251629
5880,2.251629
5881,2.251629
5882,2.251629
5883,2.584963
5884,2.251629
5885,2.251629
5886,2.251629
5887,2.251629
5888,2.251629
5889,2.251629
5890,2.251629
5891,2.584963
5892,2.584963
5893,2.584963
5894,2.584963
5895,2.584963
5896,2.251629
5897,2.251629
5898,2.251629
5899,1.792481
5900,2.251629
5901,2.251629
5902,2.584963
5903,2.251629
5904,2.251629
5905,1.918296
5906,1.918296
5907,2.251629
5908,1.918296
5909,2.251629
5910,2.251629
5911,2.251629
5912,1.792481
5913,1.792481
5914,1.918296
5915,1.918296
5916,1.918296
5917,1.584963
5918,1.918296
5919,1.918296
5920,2.251629
5921,2.251629
5922,2.584963
5923,2.251629
5924,2.251629
5925,2.251629
5926,2.251629
5927,2.251629
5928,2.251629
5929,2.251629
5930,2.251629
5931,2.251629
5932,1.918296
5933,2.251629
5934,1.918296
5935,2.251629
5936,2.251629
5937,2.251629
5938,2.251629
5939,2.584963
5940,2.251629
5941,1.918296
5942,1.918296
5943,1.459148
5944,1.792481
5945,1.918296
5946,2.251629
5947,2.584963
5948,2.251629
5949,2.251629
5950,1.918296
5951,2.251629
5952,1.918296
5953,2.251629
5954,2.251629
5955,1.918296
5956,1.918296
5957,2.251629
5958,1.918296
5959,1.918296
5960,1.459148
5961,1.918296
5962,1.792481
5963,1.792481
5964,1.792481
5965,2.251629
5966,2.584963
5967,2.584963
5968,2.584963
5969,2.584963
5970,2.251629
5971,2.251629
5972,2.251629
5973,2.584963
5974,2.584963
5975,2.251629
5976,1.918296
5977,2.251629
5978,2.584963
5979,2.251629
5980,2.251629
5981,2.251629
5982,2.251629
5983,2.251629
5984,2.251629
5985,2.251629
5986,2.251629
5987,2.584963
5988,2.584963
5989,2.584963
5990,2.584963
5991,2.251629
5992,2.251629
5993,2.251629
5994,1.918296
5995,2.251629
5996,2.251629
5997,2.251629
5998,2.251629
5999,2.251629
6000,2.251629
6001,1.918296
6002,2.251629
6003,2.584963
6004,2.251629
6005,2.251629
6006,2.251629
6007,2.251629
6008,2.251629
6009,2.251629
6010,1.918296
6011,1.918296
6012,2.251629
6013,2.251629
6014,2.584963
6015,2.251629
6016,2.251629
6017,1.792481
6018,1.792481
6019,2.251629
6020,2.251629
6021,2.251629
6022,2.251629
6023,2.251629
6024,2.584963
6025,2.584963
6026,2.251629
6027,2.251629
6028,1.918296
6029,1.459148
6030,0.918296
6031,1.459148
6032,1.251629
6033,1.251629
6034,1.459148
6035,1.918296
6036,2.251629
6037,1.918296
6038,1.918296
6039,1.918296
6040,1.918296
6041,1.918296
6042,2.251629
6043,2.584963
6044,2.584963
6045,2.584963
6046,2.584963
6047,2.584963
6048,2.251629
6049,2.251629
6050,2.251629
6051,1.918296
6052,1.918296
6053,2.251629
6054,1.792481
6055,1.918296
6056,1.918296
6057,1.918296
6058,2.251629
6059,2.251629
6060,2.251629
6061,1.918296
6062,1.918296
6063,1.918296
6064,2.251629
6065,2.251629
6066,2.251629
6067,2.251629
6068,2.251629
6069,1.918296
6070,1.918296
6071,1.792481
6072,1.459148
6073,1.918296
6074,1.918296
6075,2.251629
6076,1.918296
6077,1.918296
6078,2.251629
6079,2.584963
6080,2.251629
6081,2.251629
6082,2.251629
6083,2.251629
6084,2.251629
6085,1.792481
6086,1.792481
6087,2.251629
6088,2.251629
6089,2.251629
6090,2.584963
6091,2.251629
6092,1.918296
6093,1.918296
6094,1.918296
6095,1.918296
6096,2.251629
6097,1.918296
6098,2.251629
6099,2.251629
6100,1.918296
6101,1.918296
6102,1.918296
6103,2.251629
6104,2.584963
6105,2.584963
6106,2.584963
6107,2.251629
6108,2.251629
6109,2.251629
6110,2.251629
6111,2.584963
6112,2.584963
6113,2.251629
6114,1.918296
6115,1.918296
6116,2.251629
6117,2.251629
6118,2.251629
6119,2.251629
6120,2.251629
6121,2.251629
6122,1.792481
6123,2.251629
6124,2.251629
6125,1.918296
6126,1.918296
6127,1.918296
6128,1.918296
6129,1.792481
6130,2.251629
6131,2.584963
6132,2.251629
6133,2.251629
6134,2.251629
6135,2.584963
6136,2.251629
6137,2.251629
6138,1.792481
6139,1.792481
6140,1.792481
6141,1.792481
6142,2.251629
6143,2.251629
6144,2.584963
6145,2.584963
6146,2.584963
6147,2.584963
6148,2.251629
6149,1.918296
6150,1.918296
6151,1.918296
6152,2.251629
6153,2.251629
6154,1.918296
6155,1.918296
6156,2.251629
6157,1.918296
6158,1.792481
6159,1.792481
6160,1.792481
6161,1.251629
6162,1.792481
6163,2.251629
6164,2.584963
6165,2.251629
6166,1.918296
6167,1.918296
6168,1.918296
6169,1.792481
6170,1.918296
6171,1.918296
6172,2.251629
6173,2.584963
6174,2.584963
6175,2.251629
6176,2.584963
6177,2.584963
6178,2.251629
6179,2.251629
6180,2.584963
6181,2.251629
6182,2.251629
6183,2.251629
6184,1.918296
6185,1.918296
6186,1.792481
6187,1.792481
6188,1.459148
6189,1.459148
6190,1.918296
6191,1.918296
6192,2.251629
6193,2.251629
6194,2.251629
6195,2.251629
6196,2.251629
6197,2.251629
6198,1.918296
6199,1.792481
6200,1.792481
6201,1.251629
6202,1.251629
6203,0.650022
6204,1.251629
6205,1.459148
6206,0.918296
6207,1.459148
6208,1.459148
6209,1.792481
6210,1.918296
6211,1.792481
6212,1.792481
6213,1.792481
6214,1.792481
6215,1.459148
6216,1.918296
6217,2.251629
6218,2.251629
6219,2.584963
6220,2.251629
6221,2.251629
6222,2.251629
6223,2.251629
6224,2.251629
6225,2.584963
6226,2.584963
6227,2.251629
6228,1.918296
6229,1.918296
6230,1.918296
6231,1.918296
6232,1.792481
6233,1.792481
6234,1.459148
6235,1.918296
6236,1.918296
6237,1.584963
6238,1.918296
6239,2.251629
6240,1.792481
6241,2.251629
6242,1.918296
6243,2.251629
6244,1.792481
6245,1.792481
6246,1.792481
6247,1.792481
6248,2.251629
6249,1.918296
6250,1.918296
6251,1.459148
6252,1.459148
6253,1.459148
6254,1.459148
6255,1.792481
6256,2.251629
6257,2.251629
6258,1.918296
6259,1.918296
6260,2.251629
6261,2.251629
6262,2.251629
6263,2.251629
6264,2.251629
6265,2.584963
6266,2.251629
6267,2.251629
6268,1.918296
6269,1.459148
6270,1.459148
6271,1.792481
6272,2.251629
6273,2.584963
6274,2.251629
6275,2.251629
6276,2.251629
6277,2.251629
6278,2.251629
6279,1.918296
6280,1.918296
6281,1.918296
6282,2.251629
6283,2.251629
6284,1.918296
6285,2.251629
6286,1.792481
6287,1.792481
6288,2.251629
6289,1.918296
6290,1.918296
6291,2.251629
6292,2.251629
6293,1.918296
6294,1.918296
6295,2.251629
6296,2.584963
6297,2.251629
6298,2.251629
6299,2.584963
6300,2.251629
6301,2.251629
6302,2.584963
6303,2.584963
6304,2.584963
6305,2.584963
6306,2.251629
6307,1.918296
6308,2.251629
6309,1.918296
6310,1.918296
6311,1.918296
6312,1.459148
6313,1.459148
6314,1.918296
6315,1.918296
6316,1.918296
6317,1.918296
6318,2.251629
6319,2.251629
6320,2.251629
6321,2.251629
6322,1.918296
6323,1.918296
6324,2.251629
6325,2.251629
6326,1.792481
6327,1.918296
6328,1.918296
6329,2.251629
6330,2.584963
6331,2.251629
6332,1.918296
6333,2.251629
6334,1.918296
6335,2.251629
6336,2.251629
6337,1.918296
6338,1.918296
6339,1.459148
6340,1.792481
6341,1.918296
6342,1.918296
6343,1.918296
6344,1.459148
6345,1.918296
6346,2.251629
6347,2.251629
6348,2.251629
6349,2.251629
6350,2.584963
6351,2.584963
6352,2.584963
6353,2.251629
6354,2.251629
6355,2.251629
6356,2.251629
6357,2.251629
6358,2.251629
6359,2.251629
6360,2.251629
6361,2.251629
6362,1.792481
6363,2.251629
6364,1.918296
6365,2.251629
6366,1.792481
6367,2.251629
6368,1.918296
6369,1.918296
6370,1.918296
6371,1.584963
6372,1.918296
6373,1.918296
6374,1.918296
6375,2.251629
6376,2.251629
6377,2.251629
6378,2.251629
6379,1.918296
6380,1.584963
6381,1.918296
6382,1.918296
6383,2.251629
6384,2.251629
6385,1.792481
6386,1.459148
6387,1.459148
6388,1.459148
6389,1.918296
6390,1.918296
6391,2.251629
6392,2.584963
6393,2.251629
6394,2.251629
6395,2.251629
6396,2.251629
6397,2.251629
6398,2.584963
6399,2.584963
6400,2.251629
6401,1.918296
6402,1.918296
6403,1.918296
6404,1.918296
6405,1.792481
6406,2.251629
6407,1.918296
6408,1.918296
6409,1.918296
6410,2.251629
6411,2.251629
6412,2.251629
6413,2.251629
6414,1.918296
6415,1.918296
6416,2.251629
6417,2.584963
6418,2.251629
6419,1.918296
6420,2.251629
6421,2.251629
6422,2.251629
6423,2.251629
6424,2.251629
6425,2.251629
6426,2.251629
6427,2.251629
6428,2.251629
6429,2.584963
6430,2.584963
6431,2.584963
6432,2.251629
6433,1.792481
6434,1.792481
6435,1.792481
6436,1.251629
6437,1.792481
6438,1.918296
6439,2.251629
6440,2.251629
6441,2.251629
6442,1.918296
6443,2.251629
6444,2.251629
6445,2.251629
6446,1.918296
6447,1.918296
6448,1.459148
6449,1.792481
6450,2.251629
6451,2.251629
6452,2.251629
6453,1.918296
6454,1.918296
6455,2.251629
6456,2.251629
6457,2.251629
6458,2.584963
6459,2.251629
6460,2.251629
6461,1.918296
6462,1.918296
6463,2.251629
6464,1.918296
6465,2.251629
6466,2.584963
6467,2.584963
6468,2.584963
6469,2.584963
6470,2.251629
6471,2.251629
6472,1.918296
6473,2.251629
6474,1.918296
6475,2.251629
6476,2.584963
6477,2.251629
6478,2.251629
6479,2.251629
6480,2.251629
6481,2.251629
6482,2.251629
6483,2.251629
6484,2.584963
6485,2.584963
6486,2.251629
6487,2.251629
6488,2.251629
6489,1.918296
6490,2.251629
6491,2.251629
6492,1.918296
6493,2.251629
6494,2.251629
6495,2.251629
6496,2.584963
6497,2.251629
6498,2.251629
6499,2.251629
6500,2.251629
6501,2.251629
6502,2.251629
6503,2.584963
6504,2.584963
6505,2.251629
6506,2.251629
6507,2.584963
6508,2.584963
6509,2.584963
6510,2.251629
6511,2.584963
6512,2.251629
6513,1.918296
6514,1.918296
6515,1.584963
6516,1.918296
6517,2.251629
6518,2.584963
6519,2.584963
6520,2.251629
6521,2.251629
6522,2.251629
6523,1.918296
6524,1.918296
6525,1.918296
6526,2.251629
6527,2.251629
6528,1.918296
6529,2.251629
6530,2.584963
6531,2.584963
6532,2.251629
6533,2.251629
6534,1.918296
6535,2.251629
6536,2.251629
6537,2.251629
6538,1.918296
6539,1.918296
6540,1.792481
6541,1.792481
6542,1.459148
6543,1.918296
6544,1.792481
6545,2.251629
6546,2.251629
6547,2.251629
6548,2.251629
6549,2.251629
6550,2.584963
6551,2.584963
6552,2.584963
6553,2.251629
6554,1.918296
6555,1.918296
6556,2.251629
6557,1.918296
6558,2.251629
6559,1.918296
6560,1.918296
6561,1.918296
6562,2.251629
6563,2.251629
6564,2.251629
6565,2.251629
6566,2.251629
6567,1.918296
6568,1.918296
6569,2.251629
6570,2.251629
6571,2.251629
6572,2.251629
6573,2.251629
6574,2.251629
6575,2.251629
6576,2.251629
6577,1.918296
6578,1.918296
6579,2.251629
6580,2.251629
6581,2.251629
6582,1.918296
6583,2.251629
6584,2.251629
6585,2.584963
6586,2.584963
6587,2.584963
6588,2.584963
6589,2.584963
6590,2.584963
6591,2.251629
6592,2.584963
6593,2.251629
6594,1.792481
6595,1.792481
6596,1.792481
6597,1.792481
6598,1.918296
6599,1.792481
6600,1.792481
6601,1.792481
6602,1.792481
6603,1.918296
6604,1.792481
6605,1.792481
6606,1.792481
6607,1.792481
6608,2.251629
6609,2.251629
6610,2.251629
6611,2.251629
6612,2.251629
6613,2.251629
6614,1.918296
6615,2.251629
6616,2.251629
6617,1.918296
6618,2.251629
6619,2.584963
6620,2.251629
6621,2.251629
6622,2.584963
6623,2.584963
6624,2.251629
6625,2.584963
6626,2.251629
6627,2.251629
6628,2.584963
6629,2.584963
6630,2.251629
6631,1.918296
6632,1.918296
6633,2.251629
6634,2.584963
6635,2.251629
6636,2.584963
6637,2.584963
6638,2.584963
6639,2.584963
6640,2.251629
6641,1.918296
6642,1.918296
6643,1.918296
6644,2.251629
6645,2.251629
6646,2.251629
6647,1.918296
6648,1.918296
6649,1.459148
6650,1.792481
6651,1.792481
6652,1.918296
6653,1.918296
6654,2.251629
6655,2.251629
6656,2.584963
6657,2.251629
6658,1.918296
6659,1.918296
6660,2.251629
6661,2.251629
6662,2.251629
6663,1.792481
6664,1.792481
6665,1.459148
6666,1.918296
6667,2.251629
6668,2.251629
6669,1.792481
6670,1.792481
6671,1.792481
6672,1.792481
6673,2.251629
6674,2.251629
6675,2.251629
6676,2.251629
6677,2.251629
6678,2.251629
6679,2.251629
6680,2.251629
6681,2.584963
6682,2.584963
6683,2.251629
6684,2.251629
6685,2.251629
6686,2.251629
6687,2.584963
6688,2.251629
6689,2.251629
6690,2.251629
6691,2.251629
6692,1.918296
6693,2.251629
6694,2.251629
6695,2.251629
6696,1.918296
6697,1.918296
6698,1.584963
6699,1.584963
6700,1.918296
6701,1.918296
6702,1.584963
6703,1.918296
6704,1.918296
6705,2.251629
6706,2.251629
6707,2.251629
6708,2.251629
6709,2.251629
6710,1.792481
6711,1.792481
6712,2.251629
6713,2.251629
6714,2.251629
6715,2.251629
6716,2.251629
6717,2.251629
6718,2.251629
6719,2.251629
6720,1.918296
6721,1.918296
6722,2.251629
6723,1.918296
6724,2.251629
6725,2.251629
6726,2.251629
6727,2.251629
6728,2.251629
6729,2.584963
6730,2.251629
6731,2.251629
6732,1.918296
6733,2.251629
6734,2.584963
6735,2.584963
6736,2.584963
6737,2.251629
6738,1.918296
6739,2.251629
6740,2.251629
6741,2.251629
6742,2.251629
6743,2.251629
6744,2.251629
6745,2.251629
6746,2.251629
6747,1.918296
6748,1.918296
6749,1.918296
6750,2.251629
6751,1.792481
6752,2.251629
6753,2.584963
6754,2.251629
6755,2.251629
6756,1.918296
6757,1.918296
6758,1.918296
6759,1.918296
6760,1.918296
6761,1.918296
6762,1.918296
6763,1.459148
6764,1.918296
6765,1.918296
6766,2.251629
6767,1.792481
6768,1.792481
6769,1.792481
6770,1.792481
6771,2.251629
6772,1.792481
6773,1.918296
6774,2.251629
6775,2.584963
6776,2.584963
6777,2.251629
6778,2.251629
6779,2.251629
6780,2.251629
6781,2.251629
6782,2.584963
6783,2.251629
6784,2.251629
6785,2.584963
6786,2.584963
6787,2.584963
6788,2.584963
6789,2.584963
6790,2.251629
6791,2.251629
6792,1.918296
6793,2.251629
6794,2.251629
6795,2.584963
6796,2.584963
6797,2.584963
6798,2.584963
6799,2.584963
6800,2.584963
6801,2.251629
6802,2.251629
6803,1.918296
6804,1.918296
6805,1.918296
6806,2.251629
6807,1.918296
6808,2.251629
6809,2.251629
6810,1.918296
6811,1.459148
6812,1.918296
6813,2.251629
6814,2.584963
6815,2.584963
6816,2.251629
6817,1.918296
6818,2.251629
6819,2.584963
6820,2.584963
6821,2.251629
6822,2.251629
6823,1.918296
6824,2.251629
6825,2.251629
6826,2.584963
6827,2.251629
6828,2.251629
6829,2.251629
6830,2.584963
6831,2.251629
6832,2.251629
6833,2.251629
6834,2.251629
6835,2.251629
6836,2.251629
6837,1.792481
6838,1.792481
6839,2.251629
6840,1.918296
6841,1.918296
6842,2.251629
6843,2.251629
6844,2.251629
6845,2.251629
6846,2.251629
6847,1.918296
6848,2.251629
6849,1.918296
6850,1.918296
6851,1.918296
6852,1.792481
6853,1.792481
6854,2.251629
6855,2.251629
6856,1.792481
6857,1.459148
6858,1.918296
6859,1.918296
6860,2.251629
6861,2.251629
6862,1.918296
6863,1.918296
6864,2.251629
6865,1.918296
6866,1.792481
6867,1.459148
6868,1.584963
6869,1.459148
6870,1.792481
6871,2.251629
6872,2.251629
6873,2.251629
6874,2.251629
6875,2.251629
6876,1.918296
6877,2.251629
6878,2.251629
6879,2.584963
6880,2.584963
6881,2.251629
6882,2.251629
6883,2.251629
6884,1.792481
6885,1.792481
6886,2.251629
6887,2.251629
6888,2.251629
6889,2.251629
6890,2.251629
6891,2.251629
6892,2.251629
6893,2.251629
6894,2.251629
6895,1.918296
6896,1.918296
6897,2.251629
6898,1.918296
6899,1.918296
6900,1.918296
6901,2.251629
6902,2.251629
6903,1.792481
6904,1.792481
6905,1.792481
6906,1.792481
6907,1.918296
6908,2.251629
6909,2.251629
6910,2.584963
6911,2.584963
6912,2.251629
6913,1.918296
6914,1.918296
6915,1.918296
6916,1.918296
6917,2.251629
6918,1.918296
6919,1.918296
6920,2.251629
6921,1.918296
6922,1.584963
6923,1.918296
6924,1.918296
6925,2.251629
6926,2.251629
6927,2.251629
6928,2.251629
6929,2.251629
6930,2.251629
6931,2.251629
6932,2.251629
6933,1.918296
6934,1.918296
6935,2.251629
6936,2.251629
6937,2.251629
6938,2.251629
6939,2.584963
6940,2.251629
6941,2.251629
6942,1.918296
6943,1.918296
6944,1.584963
6945,1.918296
6946,1.918296
6947,2.251629
6948,2.251629
6949,2.251629
6950,2.251629
6951,2.584963
6952,2.584963
6953,2.251629
6954,2.251629
6955,2.251629
6956,2.251629
6957,2.584963
6958,2.251629
6959,2.251629
6960,2.251629
6961,2.251629
6962,2.251629
6963,2.584963
6964,2.251629
6965,2.251629
6966,2.251629
6967,2.251629
6968,2.251629
6969,2.251629
6970,2.251629
6971,1.792481
6972,1.459148
6973,1.918296
6974,1.918296
6975,2.251629
6976,2.584963
6977,2.584963
6978,2.584963
6979,2.251629
6980,2.251629
6981,1.918296
6982,1.918296
6983,1.918296
6984,2.251629
6985,1.792481
6986,2.251629
6987,2.584963
6988,2.251629
6989,1.918296
6990,1.918296
6991,2.251629
6992,1.918296
6993,2.251629
6994,2.251629
6995,2.251629
6996,2.251629
6997,2.251629
6998,2.251629
6999,2.251629
7000,2.584963
7001,2.584963
7002,2.251629
7003,1.918296
7004,2.251629
7005,2.251629
7006,2.251629
7007,2.251629
7008,1.918296
7009,2.251629
7010,2.251629
7011,2.584963
7012,2.584963
7013,2.251629
7014,1.918296
7015,1.459148
7016,1.459148
7017,1.918296
7018,2.251629
7019,2.251629
7020,2.251629
7021,2.251629
7022,1.918296
7023,1.918296
7024,2.251629
7025,2.584963
7026,2.251629
7027,1.918296
7028,1.459148
7029,1.459148
7030,1.918296
7031,1.918296
7032,2.251629
7033,2.251629
7034,2.251629
7035,2.251629
7036,2.584963
7037,2.584963
7038,2.584963
7039,2.584963
7040,2.584963
7041,2.251629
7042,1.918296
7043,1.918296
7044,1.918296
7045,2.251629
7046,2.251629
7047,2.584963
7048,2.584963
7049,2.584963
7050,2.251629
7051,2.251629
7052,1.918296
7053,1.918296
7054,1.584963
7055,1.918296
7056,1.459148
7057,1.584963
7058,1.918296
7059,1.918296
7060,1.918296
7061,1.918296
7062,1.918296
7063,1.918296
7064,2.251629
7065,2.251629
7066,2.584963
7067,2.251629
7068,1.918296
7069,1.459148
7070,1.792481
7071,1.918296
7072,1.918296
7073,2.251629
7074,2.251629
7075,2.251629
7076,1.918296
7077,2.251629
7078,2.251629
7079,1.918296
7080,1.459148
7081,1.000000
7082,1.459148
7083,1.459148
7084,1.792481
7085,1.918296
7086,1.792481
7087,1.459148
7088,1.918296
7089,1.459148
7090,1.792481
7091,1.918296
7092,1.918296
7093,1.918296
7094,1.918296
7095,1.918296
7096,1.918296
7097,1.792481
7098,1.918296
7099,1.918296
7100,1.918296
7101,1.584963
7102,1.459148
7103,1.000000
7104,1.459148
7105,1.918296
7106,1.792481
7107,2.251629
7108,1.792481
7109,2.251629
7110,2.251629
7111,2.251629
7112,2.584963
7113,2.251629
7114,1.918296
7115,1.918296
7116,2.251629
7117,1.918296
7118,1.792481
7119,1.792481
7120,2.251629
7121,2.251629
7122,2.251629
7123,2.251629
7124,2.251629
7125,2.584963
7126,2.251629
7127,2.251629
7128,2.251629
7129,2.251629
7130,2.251629
7131,2.251629
7132,2.251629
7133,2.251629
7134,2.251629
7135,2.251629
7136,1.918296
7137,2.251629
7138,2.251629
7139,2.251629
7140,1.792481
7141,2.251629
7142,2.251629
7143,2.251629
7144,2.251629
7145,2.251629
7146,1.918296
7147,1.918296
7148,1.918296
7149,2.251629
7150,2.584963
7151,2.251629
7152,1.918296
7153,2.251629
7154,2.584963
7155,2.584963
7156,2.584963
7157,2.251629
7158,1.792481
7159,1.459148
7160,0.918296
7161,1.251629
7162,1.792481
7163,2.251629
7164,2.251629
7165,1.918296
7166,2.251629
7167,2.584963
7168,2.584963
7169,2.251629
7170,2.251629
7171,2.251629
7172,2.584963
7173,2.584963
7174,2.584963
7175,2.584963
7176,2.584963
7177,2.251629
7178,2.251629
7179,2.584963
7180,2.251629
7181,2.584963
7182,2.251629
7183,1.918296
7184,1.584963
7185,1.918296
7186,2.251629
7187,2.584963
7188,2.251629
7189,1.792481
7190,1.792481
7191,1.792481
7192,1.459148
7193,1.459148
7194,1.918296
7195,1.918296
7196,1.459148
7197,1.918296
7198,1.918296
7199,1.459148
7200,1.459148
7201,1.792481
7202,1.251629
7203,1.792481
7204,2.251629
7205,2.584963
7206,2.251629
7207,2.251629
7208,2.584963
7209,2.251629
7210,2.251629
7211,2.251629
7212,2.251629
7213,1.918296
7214,1.918296
7215,1.918296
7216,1.792481
7217,1.792481
7218,1.792481
7219,1.792481
7220,1.251629
7221,1.251629
7222,1.459148
7223,1.918296
7224,1.918296
7225,2.251629
7226,2.251629
7227,2.251629
7228,1.792481
7229,1.792481
7230,1.459148
7231,1.459148
7232,1.459148
7233,1.792481
7234,1.792481
7235,2.251629
7236,2.584963
7237,2.584963
7238,2.251629
7239,2.251629
7240,2.251629
7241,1.918296
7242,2.251629
7243,2.584963
7244,2.584963
7245,2.251629
7246,1.918296
7247,1.584963
7248,1.918296
7249,1.918296
7250,1.918296
7251,1.792481
7252,1.251629
7253,1.792481
7254,1.792481
7255,2.251629
7256,2.251629
7257,2.251629
7258,2.251629
7259,1.918296
7260,1.918296
7261,2.251629
7262,2.584963
7263,2.251629
7264,2.251629
7265,2.584963
7266,2.584963
7267,2.584963
7268,2.584963
7269,2.584963
7270,2.584963
7271,2.584963
7272,2.251629
7273,2.251629
7274,2.251629
7275,2.251629
7276,1.918296
7277,1.459148
7278,1.792481
7279,1.918296
7280,1.918296
7281,2.251629
7282,1.918296
7283,1.918296
7284,1.792481
7285,1.792481
7286,1.459148
7287,1.584963
7288,1.584963
7289,1.918296
7290,2.251629
7291,2.584963
7292,2.584963
7293,2.251629
7294,1.918296
7295,2.251629
7296,1.918296
7297,2.251629
7298,2.584963
7299,2.584963
7300,2.251629
7301,2.251629
7302,2.584963
7303,2.251629
7304,2.251629
7305,2.251629
7306,2.584963
7307,2.584963
7308,2.584963
7309,2.251629
7310,1.918296
7311,2.251629
7312,2.251629
7313,1.918296
7314,2.251629
7315,2.251629
7316,2.251629
7317,1.918296
7318,1.918296
7319,1.918296
7320,1.584963
7321,1.918296
7322,2.251629
7323,1.918296
7324,1.792481
7325,1.918296
7326,1.918296
7327,1.918296
7328,2.251629
7329,2.584963
7330,2.584963
7331,2.251629
7332,2.251629
7333,1.918296
7334,1.918296
7335,1.918296
7336,1.792481
7337,1.918296
7338,1.918296
7339,2.251629
7340,1.918296
7341,1.918296
7342,1.918296
7343,1.918296
7344,1.792481
7345,1.918296
7346,2.251629
7347,2.251629
7348,2.251629
7349,2.251629
7350,1.918296
7351,1.792481
7352,2.251629
7353,1.792481
7354,1.792481
7355,1.251629
7356,1.251629
7357,1.792481
7358,1.459148
7359,1.918296
7360,1.918296
7361,2.251629
7362,2.251629
7363,2.584963
7364,2.584963
7365,2.584963
7366,2.584963
7367,2.251629
7368,2.251629
7369,1.918296
7370,2.251629
7371,1.918296
7372,2.251629
7373,2.584963
7374,2.584963
7375,2.584963
7376,2.584963
7377,2.251629
7378,2.251629
7379,2.251629
7380,2.251629
7381,2.251629
7382,2.251629
7383,2.251629
7384,2.251629
7385,2.251629
7386,1.918296
7387,2.251629
7388,2.251629
7389,1.918296
7390,2.251629
7391,2.251629
7392,1.792481
7393,2.251629
7394,1.918296
7395,2.251629
7396,2.251629
7397,2.584963
7398,2.584963
7399,2.584963
7400,2.251629
7401,2.251629
7402,2.584963
7403,2.251629
7404,2.251629
7405,2.584963
7406,2.251629
7407,1.918296
7408,1.459148
7409,1.459148
7410,1.459148
7411,1.918296
7412,1.918296
7413,1.918296
7414,2.251629
7415,1.792481
7416,1.459148
7417,1.918296
7418,2.251629
7419,1.792481
7420,1.792481
7421,1.792481
7422,1.918296
7423,2.251629
7424,2.251629
7425,2.251629
7426,2.251629
7427,1.918296
7428,1.918296
7429,1.918296
7430,1.792481
7431,1.792481
7432,1.792481
7433,1.459148
7434,1.918296
7435,2.251629
7436,1.918296
7437,2.251629
7438,2.584963
7439,2.251629
7440,2.251629
7441,2.584963
7442,2.251629
7443,2.251629
7444,2.251629
7445,2.251629
7446,1.918296
7447,1.459148
7448,1.792481
7449,1.792481
7450,2.251629
7451,2.251629
7452,2.251629
7453,1.918296
7454,2.251629
7455,2.251629
7456,1.918296
7457,2.251629
7458,2.251629
7459,2.251629
7460,1.918296
7461,1.918296
7462,1.918296
7463,2.251629
7464,2.251629
7465,2.584963
7466,2.251629
7467,2.251629
7468,2.251629
7469,2.251629
7470,2.251629
7471,2.584963
7472,2.584963
7473,2.251629
7474,2.251629
7475,2.251629
7476,2.251629
7477,2.251629
7478,2.251629
7479,2.251629
7480,2.584963
7481,2.584963
7482,2.251629
7483,2.251629
7484,2.251629
7485,2.251629
7486,2.584963
7487,2.584963
7488,2.251629
7489,2.251629
7490,2.251629
7491,2.251629
7492,1.792481
7493,1.792481
7494,1.792481
7495,2.251629
7496,2.251629
7497,1.918296
7498,1.918296
7499,1.792481
7500,2.251629
7501,1.918296
7502,1.918296
7503,1.792481
7504,1.792481
7505,1.792481
7506,2.251629
7507,2.251629
7508,2.584963
7509,2.251629
7510,1.792481
7511,1.918296
7512,1.584963
7513,1.459148
7514,1.459148
7515,1.918296
7516,2.251629
7517,2.251629
7518,1.918296
7519,2.251629
7520,1.918296
7521,1.918296
7522,1.918296
7523,1.918296
7524,1.918296
7525,2.251629
7526,2.251629
7527,2.584963
7528,2.584963
7529,2.251629
7530,2.251629
7531,2.251629
7532,2.584963
7533,2.251629
7534,1.918296
7535,1.792481
7536,1.792481
7537,1.792481
7538,1.792481
7539,1.792481
7540,1.918296
7541,2.251629
7542,2.251629
7543,1.918296
7544,1.918296
7545,2.251629
7546,2.251629
7547,2.251629
7548,2.584963
7549,2.584963
7550,2.251629
7551,2.251629
7552,2.251629
7553,2.251629
7554,2.251629
7555,2.251629
7556,2.584963
7557,2.251629
7558,2.251629
7559,2.251629
7560,1.792481
7561,1.918296
7562,1.459148
7563,1.918296
7564,1.918296
7565,1.918296
7566,2.251629
7567,2.251629
7568,2.251629
7569,1.918296
7570,2.251629
7571,2.251629
7572,2.251629
7573,2.251629
7574,2.584963
7575,2.584963
7576,2.251629
7577,2.584963
7578,2.251629
7579,1.918296
7580,2.251629
7581,2.251629
7582,2.251629
7583,2.251629
7584,2.251629
7585,1.792481
7586,1.792481
7587,1.918296
7588,2.251629
7589,2.251629
7590,2.251629
7591,1.918296
7592,2.251629
7593,1.792481
7594,1.251629
7595,1.792481
7596,1.792481
7597,2.251629
7598,1.918296
7599,2.251629
7600,1.918296
7601,1.918296
7602,1.918296
7603,2.251629
7604,2.584963
7605,2.251629
7606,2.251629
7607,1.792481
7608,1.251629
7609,1.251629
7610,1.251629
7611,1.792481
7612,1.792481
7613,2.251629
7614,2.584963
7615,2.584963
7616,2.584963
7617,2.584963
7618,2.584963
7619,2.584963
7620,2.584963
7621,2.584963
7622,2.584963
7623,2.251629
7624,2.251629
7625,2.251629
7626,2.251629
7627,2.251629
7628,2.251629
7629,2.251629
7630,2.251629
7631,2.251629
7632,2.251629
7633,2.251629
7634,2.251629
7635,2.584963
7636,2.584963
7637,2.251629
7638,2.251629
7639,2.251629
7640,1.918296
7641,1.918296
7642,1.918296
7643,1.918296
7644,2.251629
7645,2.251629
7646,2.251629
7647,2.251629
7648,1.918296
7649,2.251629
7650,2.584963
7651,2.584963
7652,2.251629
7653,2.251629
7654,2.251629
7655,2.251629
7656,2.251629
7657,2.251629
7658,2.251629
7659,2.584963
7660,2.584963
7661,2.251629
7662,2.251629
7663,1.792481
7664,2.251629
7665,1.918296
7666,1.459148
7667,1.459148
7668,1.792481
7669,1.918296
7670,1.918296
7671,1.918296
7672,1.918296
7673,1.459148
7674,1.792481
7675,1.251629
7676,1.251629
7677,1.251629
7678,1.792481
7679,2.251629
7680,2.251629
7681,2.251629
7682,2.584963
7683,2.251629
7684,2.251629
7685,2.251629
7686,2.251629
7687,1.792481
7688,1.918296
7689,1.918296
7690,1.459148
7691,1.918296
7692,2.251629
7693,2.251629
7694,2.251629
7695,2.584963
7696,2.584963
7697,2.251629
7698,1.792481
7699,1.792481
7700,1.792481
7701,1.792481
7702,2.251629
7703,2.251629
7704,2.251629
7705,2.251629
7706,2.251629
7707,2.251629
7708,2.584963
7709,2.251629
7710,2.251629
7711,2.251629
7712,2.251629
7713,2.251629
7714,1.792481
7715,2.251629
7716,1.792481
7717,1.251629
7718,1.459148
7719,1.459148
7720,1.918296
7721,2.251629
7722,2.584963
7723,2.584963
7724,2.251629
7725,2.584963
7726,2.584963
7727,2.251629
7728,2.251629
7729,1.918296
7730,2.251629
7731,1.918296
7732,1.918296
7733,2.251629
7734,2.251629
7735,2.251629
7736,2.251629
7737,2.584963
7738,2.251629
7739,1.918296
7740,1.918296
7741,2.251629
7742,2.251629
7743,2.251629
7744,1.792481
7745,1.792481
7746,1.459148
7747,1.918296
7748,1.918296
7749,1.918296
7750,1.792481
7751,2.251629
7752,2.251629
7753,2.251629
7754,2.251629
7755,2.251629
7756,2.251629
7757,2.251629
7758,2.251629
7759,2.251629
7760,2.251629
7761,1.792481
7762,1.918296
7763,2.251629
7764,2.251629
7765,2.584963
7766,2.584963
7767,2.251629
7768,2.251629
7769,2.251629
7770,2.251629
7771,1.792481
7772,2.251629
7773,1.918296
7774,2.251629
7775,2.584963
7776,2.584963
7777,2.584963
7778,2.584963
7779,2.251629
7780,1.792481
7781,1.792481
7782,1.792481
7783,1.792481
7784,2.251629
7785,2.251629
7786,2.584963
7787,2.251629
7788,1.792481
7789,1.792481
7790,1.792481
7791,2.251629
7792,2.251629
7793,2.584963
7794,2.251629
7795,2.251629
7796,1.918296
7797,2.251629
7798,2.251629
7799,2.584963
7800,2.251629
7801,2.251629
7802,1.918296
7803,1.918296
7804,2.251629
7805,2.251629
7806,2.251629
7807,2.251629
7808,2.251629
7809,2.584963
7810,2.251629
7811,1.918296
7812,2.251629
7813,2.584963
7814,2.251629
7815,1.792481
7816,1.792481
7817,1.792481
7818,1.792481
7819,1.792481
7820,2.251629
7821,2.584963
7822,2.251629
7823,2.251629
7824,2.584963
7825,2.251629
7826,2.251629
7827,1.918296
7828,1.918296
7829,2.251629
7830,2.584963
7831,2.251629
7832,2.251629
7833,2.584963
7834,2.251629
7835,2.251629
7836,1.792481
7837,1.792481
7838,1.792481
7839,1.792481
7840,2.251629
7841,2.251629
7842,1.918296
7843,2.251629
7844,2.251629
7845,1.792481
7846,1.918296
7847,2.251629
7848,1.918296
7849,2.251629
7850,2.251629
7851,2.251629
7852,2.251629
7853,2.251629
7854,2.251629
7855,2.251629
7856,2.251629
7857,2.251629
7858,1.918296
7859,1.459148
7860,1.918296
7861,1.918296
7862,2.251629
7863,2.584963
7864,2.251629
7865,2.251629
7866,2.251629
7867,1.918296
7868,2.251629
7869,1.918296
7870,2.251629
7871,1.792481
7872,2.251629
7873,1.792481
7874,1.459148
7875,1.459148
7876,1.792481
7877,2.251629
7878,1.918296
7879,1.918296
7880,2.251629
7881,2.251629
7882,2.251629
7883,2.251629
7884,2.584963
7885,2.251629
7886,2.251629
7887,1.918296
7888,2.251629
7889,2.251629
7890,1.918296
7891,1.459148
7892,1.459148
7893,1.792481
7894,2.251629
7895,2.584963
7896,2.584963
7897,2.584963
7898,2.584963
7899,2.584963
7900,2.584963
7901,2.584963
7902,2.251629
7903,1.918296
7904,1.918296
7905,2.251629
7906,2.584963
7907,2.251629
7908,2.251629
7909,1.792481
7910,1.459148
7911,1.918296
7912,2.251629
7913,2.251629
7914,1.792481
7915,1.251629
7916,1.251629
7917,1.251629
7918,1.792481
7919,1.918296
7920,2.251629
7921,2.251629
7922,1.792481
7923,2.251629
7924,1.918296
7925,1.918296
7926,1.918296
7927,1.918296
7928,2.251629
7929,2.584963
7930,2.251629
7931,1.918296
7932,2.251629
7933,2.251629
7934,1.918296
7935,1.792481
7936,1.792481
7937,2.251629
7938,2.251629
7939,2.251629
7940,2.584963
7941,2.251629
7942,2.251629
7943,1.792481
7944,1.459148
7945,1.459148
7946,1.918296
7947,1.918296
7948,2.251629
7949,2.251629
7950,1.918296
7951,2.251629
7952,2.251629
7953,1.918296
7954,1.918296
7955,2.251629
7956,2.251629
7957,2.584963
7958,2.584963
7959,2.251629
7960,2.251629
7961,1.918296
7962,1.918296
7963,1.918296
7964,2.251629
7965,2.251629
7966,2.251629
7967,2.251629
7968,2.251629
7969,2.251629
7970,2.584963
7971,2.584963
7972,2.584963
7973,2.584963
7974,2.584963
7975,2.251629
7976,2.251629
7977,2.251629
7978,2.584963
7979,2.584963
7980,2.251629
7981,1.918296
7982,1.918296
7983,2.251629
7984,1.918296
7985,1.918296
7986,1.918296
7987,2.251629
7988,2.251629
7989,2.251629
7990,2.251629
7991,1.918296
7992,2.251629
7993,1.918296
7994,1.459148
7995,1.459148
7996,1.459148
7997,1.918296
7998,2.251629
7999,2.251629
8000,2.584963
8001,2.584963
8002,2.584963
8003,2.584963
8004,2.584963
8005,2.584963
8006,2.584963
8007,2.251629
8008,2.584963
8009,2.251629
8010,2.251629
8011,2.251629
8012,2.251629
8013,2.251629
8014,2.251629
8015,1.792481
8016,1.792481
8017,1.918296
8018,1.918296
8019,2.251629
8020,1.792481
8021,1.792481
8022,2.251629
8023,1.918296
8024,1.918296
8025,1.792481
8026,1.792481
8027,1.251629
8028,1.459148
8029,1.918296
8030,2.251629
8031,2.584963
8032,2.251629
8033,1.792481
8034,2.251629
8035,1.918296
8036,1.459148
8037,1.459148
8038,1.584963
8039,1.459148
8040,1.918296
8041,2.251629
8042,1.792481
8043,2.251629
8044,2.251629
8045,2.251629
8046,2.251629
8047,2.251629
8048,1.918296
8049,2.251629
8050,2.251629
8051,1.918296
8052,1.459148
8053,1.459148
8054,1.792481
8055,1.792481
8056,2.251629
8057,2.251629
8058,2.251629
8059,2.251629
8060,1.918296
8061,1.918296
8062,2.251629
8063,1.918296
8064,1.459148
8065,1.918296
8066,1.918296
8067,1.918296
8068,1.459148
8069,1.000000
8070,1.459148
8071,1.918296
8072,1.918296
8073,1.918296
8074,1.584963
8075,1.918296
8076,1.918296
8077,2.251629
8078,2.251629
8079,2.251629
8080,2.251629
8081,1.918296
8082,1.584963
8083,1.918296
8084,2.251629
8085,2.251629
8086,2.251629
8087,2.251629
8088,2.584963
8089,2.251629
8090,1.918296
8091,1.918296
8092,2.251629
8093,2.584963
8094,2.251629
8095,2.251629
8096,1.918296
8097,1.792481
8098,2.251629
8099,2.251629
8100,2.251629
8101,2.251629
8102,2.251629
8103,2.251629
8104,1.918296
8105,2.251629
8106,1.792481
8107,2.251629
8108,2.251629
8109,2.251629
8110,2.251629
8111,2.251629
8112,1.918296
8113,1.918296
8114,2.251629
8115,2.251629
8116,2.251629
8117,1.918296
8118,1.459148
8119,1.251629
8120,1.792481
8121,1.792481
8122,1.459148
8123,1.459148
8124,1.918296
8125,2.251629
8126,2.251629
8127,2.251629
8128,1.918296
8129,1.918296
8130,2.251629
8131,1.918296
8132,2.251629
8133,1.792481
8134,1.792481
8135,1.918296
8136,1.459148
8137,1.251629
8138,1.251629
8139,1.251629
8140,1.792481
8141,2.251629
8142,2.251629
8143,2.251629
8144,1.918296
8145,2.251629
8146,2.251629
8147,2.251629
8148,1.918296
8149,1.792481
8150,1.792481
8151,1.792481
8152,1.792481
8153,2.251629
8154,2.251629
8155,2.251629
8156,2.251629
8157,1.918296
8158,2.251629
8159,2.584963
8160,2.251629
8161,2.251629
8162,2.584963
8163,2.251629
8164,2.251629
8165,2.251629
8166,2.251629
8167,2.251629
8168,1.918296
8169,1.459148
8170,1.918296
8171,1.918296
8172,2.251629
8173,2.251629
8174,2.251629
8175,1.792481
8176,1.792481
8177,1.459148
8178,1.792481
8179,1.792481
8180,2.251629
8181,2.584963
8182,2.584963
8183,2.251629
8184,1.918296
8185,1.918296
8186,1.918296
8187,1.918296
8188,1.918296
8189,1.918296
8190,2.251629
8191,2.584963
8192,2.584963
8193,2.251629
8194,1.792481
8195,1.918296
8196,1.918296
8197,1.918296
8198,1.918296
8199,2.251629
8200,1.918296
8201,2.251629
8202,1.792481
8203,1.459148
8204,1.459148
8205,1.459148
8206,1.459148
8207,1.918296
8208,2.251629
8209,2.584963
8210,2.251629
8211,2.251629
8212,2.251629
8213,1.792481
8214,1.792481
8215,1.918296
8216,1.459148
8217,1.459148
8218,1.792481
8219,1.792481
8220,1.918296
8221,1.918296
8222,1.918296
8223,2.251629
8224,2.251629
8225,2.584963
8226,2.251629
8227,1.792481
8228,2.251629
8229,1.918296
8230,1.459148
8231,1.918296
8232,1.918296
8233,2.251629
8234,2.251629
8235,2.584963
8236,2.251629
8237,2.251629
8238,1.918296
8239,2.251629
8240,1.918296
8241,2.251629
8242,2.251629
8243,2.251629
8244,2.251629
8245,2.584963
8246,2.251629
8247,2.251629
8248,2.584963
8249,2.251629
8250,2.251629
8251,2.251629
8252,2.584963
8253,2.584963
8254,2.251629
8255,2.251629
8256,2.251629
8257,1.792481
8258,1.918296
8259,1.918296
8260,1.459148
8261,1.918296
8262,2.251629
8263,1.918296
8264,2.251629
8265,2.251629
8266,2.251629
8267,1.918296
8268,2.251629
8269,2.251629
8270,2.251629
8271,2.251629
8272,2.251629
8273,1.792481
8274,1.459148
8275,1.792481
8276,2.251629
8277,2.251629
8278,2.251629
8279,1.918296
8280,1.918296
8281,1.918296
8282,1.792481
8283,1.792481
8284,2.251629
8285,2.251629
8286,1.792481
8287,1.792481
8288,1.792481
8289,1.792481
8290,1.918296
8291,2.251629
8292,2.251629
8293,2.584963
8294,2.584963
8295,2.251629
8296,2.251629
8297,1.918296
8298,2.251629
8299,2.251629
8300,2.584963
8301,2.584963
8302,2.584963
8303,2.584963
8304,2.584963
8305,2.251629
8306,1.792481
8307,1.792481
8308,1.792481
8309,1.792481
8310,1.792481
8311,1.918296
8312,1.792481
8313,2.251629
8314,1.918296
8315,1.584963
8316,1.918296
8317,2.251629
8318,1.918296
8319,2.251629
8320,1.918296
8321,1.918296
8322,1.792481
8323,1.918296
8324,1.918296
8325,1.918296
8326,1.918296
8327,1.918296
8328,1.918296
8329,1.584963
8330,1.584963
8331,1.918296
8332,2.251629
8333,2.584963
8334,2.584963
8335,2.251629
8336,2.251629
8337,2.251629
8338,2.584963
8339,2.251629
8340,2.251629
8341,2.251629
8342,2.251629
8343,2.251629
8344,2.251629
8345,2.251629
8346,2.251629
8347,2.251629
8348,1.918296
8349,1.918296
8350,2.251629
8351,1.918296
8352,1.918296
8353,2.251629
8354,2.251629
8355,2.251629
8356,2.251629
8357,2.251629
8358,2.251629
8359,2.251629
8360,1.918296
8361,1.792481
8362,1.792481
8363,1.792481
8364,1.459148
8365,1.918296
8366,2.251629
8367,2.251629
8368,2.584963
8369,2.584963
8370,2.251629
8371,1.792481
8372,1.792481
8373,1.459148
8374,1.459148
8375,1.918296
8376,1.918296
8377,1.459148
8378,1.918296
8379,2.251629
8380,2.251629
8381,2.251629
8382,2.251629
8383,2.251629
8384,2.251629
8385,1.918296
8386,1.792481
8387,1.792481
8388,1.792481
8389,1.792481
8390,2.251629
8391,2.251629
8392,2.251629
8393,1.918296
8394,1.918296
8395,2.251629
8396,2.251629
8397,2.584963
8398,2.584963
8399,2.584963
8400,2.584963
8401,2.251629
8402,1.918296
8403,1.918296
8404,2.251629
8405,2.251629
8406,2.584963
8407,2.584963
8408,2.584963
8409,2.251629
8410,2.251629
8411,2.251629
8412,2.251629
8413,1.918296
8414,1.918296
8415,2.251629
8416,2.251629
8417,1.918296
8418,1.918296
8419,1.918296
8420,2.251629
8421,1.918296
8422,2.251629
8423,1.918296
8424,1.918296
8425,2.251629
8426,2.251629
8427,2.251629
8428,2.251629
8429,2.251629
8430,1.918296
8431,1.918296
8432,1.918296
8433,2.251629
8434,2.584963
8435,2.251629
8436,2.251629
8437,1.792481
8438,2.251629
8439,2.251629
8440,1.918296
8441,2.251629
8442,2.251629
8443,2.251629
8444,2.584963
8445,2.584963
8446,2.251629
8447,2.251629
8448,2.251629
8449,2.584963
8450,2.251629
8451,1.792481
8452,1.792481
8453,1.792481
8454,1.459148
8455,1.459148
8456,1.918296
8457,2.251629
8458,2.251629
8459,2.251629
8460,1.792481
8461,1.792481
8462,1.792481
8463,1.251629
8464,1.792481
8465,1.792481
8466,2.251629
8467,2.251629
8468,2.251629
8469,2.584963
8470,2.251629
8471,1.918296
8472,1.584963
8473,1.918296
8474,1.918296
8475,1.918296
8476,1.918296
8477,2.251629
8478,1.918296
8479,2.251629
8480,2.251629
8481,2.584963
8482,2.584963
8483,2.584963
8484,2.251629
8485,2.584963
8486,2.251629
8487,2.251629
8488,2.251629
8489,2.251629
8490,2.251629
8491,1.918296
8492,1.918296
8493,1.918296
8494,2.251629
8495,1.918296
8496,2.251629
8497,1.918296
8498,2.251629
8499,2.251629
8500,2.251629
8501,1.918296
8502,2.251629
8503,2.251629
8504,2.584963
8505,2.584963
8506,2.251629
8507,1.918296
8508,2.251629
8509,1.918296
8510,1.918296
8511,2.251629
8512,2.584963
8513,2.251629
8514,1.918296
8515,2.251629
8516,2.251629
8517,2.584963
8518,2.251629
8519,2.251629
8520,1.792481
8521,2.251629
8522,2.251629
8523,2.251629
8524,1.792481
8525,2.251629
8526,2.584963
8527,2.251629
8528,2.251629
8529,2.251629
8530,2.251629
8531,2.251629
8532,2.251629
8533,2.251629
8534,2.251629
8535,2.584963
8536,2.584963
8537,2.584963
8538,2.584963
8539,2.584963
8540,2.584963
8541,2.584963
8542,2.584963
8543,2.584963
8544,2.251629
8545,2.251629
8546,2.251629
8547,2.251629
8548,1.792481
8549,2.251629
8550,2.584963
8551,2.584963
8552,2.251629
8553,2.251629
8554,2.584963
8555,2.584963
8556,2.251629
8557,2.251629
8558,2.251629
8559,2.251629
8560,2.251629
8561,2.584963
8562,2.251629
8563,2.251629
8564,1.792481
8565,1.251629
8566,1.792481
8567,1.792481
8568,1.918296
8569,1.918296
8570,2.251629
8571,1.918296
8572,1.918296
8573,1.918296
8574,1.918296
8575,1.792481
8576,2.251629
8577,2.584963
8578,2.584963
8579,2.251629
8580,1.918296
8581,2.251629
8582,2.584963
8583,2.584963
8584,2.251629
8585,2.251629
8586,2.251629
8587,2.251629
8588,2.584963
8589,2.251629
8590,2.251629
8591,1.918296
8592,1.918296
8593,1.459148
8594,1.918296
8595,1.918296
8596,2.251629
8597,2.251629
8598,1.918296
8599,1.918296
8600,1.792481
8601,1.792481
8602,1.251629
8603,1.792481
8604,1.918296
8605,1.918296
8606,2.251629
8607,1.918296
8608,1.918296
8609,1.792481
8610,1.459148
8611,1.251629
8612,1.459148
8613,1.918296
8614,2.251629
8615,2.251629
8616,2.251629
8617,1.918296
8618,1.918296
8619,2.251629
8620,2.584963
8621,2.584963
8622,2.251629
8623,1.918296
8624,2.251629
8625,2.251629
8626,2.584963
8627,2.584963
8628,2.251629
8629,1.918296
8630,1.918296
8631,1.792481
8632,1.792481
8633,1.792481
8634,1.792481
8635,2.251629
8636,1.918296
8637,2.251629
8638,2.251629
8639,2.251629
8640,2.251629
8641,2.251629
8642,2.251629
8643,2.251629
8644,2.584963
8645,2.251629
8646,2.251629
8647,2.251629
8648,2.251629
8649,2.251629
8650,2.251629
8651,2.584963
8652,2.251629
8653,1.918296
8654,2.251629
8655,2.251629
8656,2.584963
8657,2.251629
8658,2.251629
8659,1.792481
8660,2.251629
8661,2.251629
8662,2.251629
8663,2.584963
8664,2.251629
8665,2.251629
8666,2.584963
8667,2.251629
8668,2.251629
8669,1.918296
8670,2.251629
8671,1.918296
8672,2.251629
8673,2.251629
8674,1.918296
8675,1.918296
8676,1.918296
8677,1.918296
8678,1.918296
8679,1.918296
8680,2.251629
8681,2.251629
8682,2.584963
8683,2.584963
8684,2.584963
8685,2.584963
8686,2.584963
8687,2.584963
8688,2.251629
8689,2.251629
8690,2.584963
8691,2.251629
8692,2.584963
8693,2.251629
8694,2.251629
8695,2.251629
8696,2.251629
8697,2.251629
8698,1.918296
8699,2.251629
8700,2.251629
8701,2.251629
8702,1.918296
8703,2.251629
8704,2.584963
8705,2.251629
8706,2.251629
8707,2.251629
8708,1.918296
8709,1.918296
8710,2.251629
8711,2.251629
8712,2.251629
8713,2.251629
8714,1.918296
8715,1.459148
8716,1.251629
8717,1.792481
8718,1.792481
8719,1.792481
8720,1.792481
8721,2.251629
8722,2.251629
8723,2.251629
8724,1.918296
8725,1.918296
8726,2.251629
8727,2.251629
8728,2.584963
8729,2.251629
8730,1.918296
8731,2.251629
8732,1.792481
8733,2.251629
8734,2.251629
8735,2.251629
8736,2.584963
8737,2.251629
8738,1.792481
8739,1.459148
8740,1.918296
8741,1.584963
8742,1.918296
8743,2.251629
8744,2.251629
8745,1.792481
8746,2.251629
8747,2.251629
8748,1.918296
8749,2.251629
8750,1.792481
8751,1.792481
8752,2.251629
8753,2.251629
8754,2.251629
8755,2.251629
8756,2.251629
8757,2.251629
8758,1.918296
8759,1.584963
8760,1.918296
8761,2.251629
8762,2.251629
8763,2.251629
8764,2.251629
8765,2.251629
8766,2.251629
8767,1.918296
8768,2.251629
8769,2.251629
8770,1.792481
8771,1.459148
8772,1.459148
8773,1.459148
8774,1.459148
8775,1.459148
8776,1.918296
8777,1.918296
8778,1.459148
8779,1.918296
8780,2.251629
8781,2.251629
8782,1.792481
8783,1.792481
8784,1.459148
8785,1.792481
8786,2.251629
8787,2.584963
8788,2.251629
8789,2.251629
8790,1.918296
8791,1.918296
8792,1.918296
8793,2.251629
8794,2.251629
8795,2.584963
8796,2.584963
8797,2.251629
8798,2.251629
8799,1.918296
8800,1.918296
8801,2.251629
8802,2.251629
8803,2.251629
8804,1.918296
8805,2.251629
8806,2.251629
8807,2.251629
8808,2.251629
8809,2.584963
8810,2.251629
8811,1.918296
8812,1.459148
8813,1.459148
8814,1.584963
8815,1.459148
8816,1.459148
8817,1.792481
8818,1.792481
8819,2.251629
8820,2.251629
8821,2.251629
8822,2.251629
8823,2.251629
8824,2.251629
8825,2.584963
8826,2.251629
8827,2.251629
8828,2.251629
8829,2.251629
8830,2.584963
8831,2.251629
8832,2.251629
8833,1.918296
8834,2.251629
8835,1.918296
8836,2.251629
8837,2.251629
8838,2.251629
8839,2.251629
8840,2.251629
8841,2.251629
8842,2.584963
8843,2.584963
8844,2.584963
8845,2.584963
8846,2.251629
8847,1.918296
8848,2.251629
8849,2.251629
8850,2.251629
8851,1.918296
8852,1.918296
8853,2.251629
8854,2.251629
8855,2.251629
8856,1.792481
8857,2.251629
8858,2.251629
8859,2.251629
8860,2.251629
8861,2.584963
8862,2.251629
8863,1.918296
8864,1.918296
8865,1.918296
8866,2.251629
8867,2.251629
8868,2.251629
8869,2.251629
8870,2.584963
8871,2.251629
8872,1.792481
8873,2.251629
8874,2.251629
8875,1.918296
8876,1.918296
8877,2.251629
8878,1.918296
8879,2.251629
8880,2.251629
8881,2.584963
8882,2.584963
8883,2.251629
8884,2.251629
8885,2.251629
8886,2.251629
8887,2.251629
8888,2.251629
8889,1.792481
8890,1.792481
8891,1.792481
8892,2.251629
8893,2.251629
8894,2.251629
8895,1.918296
8896,1.584963
8897,1.918296
8898,1.918296
8899,1.918296
8900,1.918296
8901,1.459148
8902,1.459148
8903,1.918296
8904,1.918296
8905,1.918296
8906,2.251629
8907,2.251629
8908,2.251629
8909,2.251629
8910,2.251629
8911,2.251629
8912,1.918296
8913,2.251629
8914,1.918296
8915,1.918296
8916,2.251629
8917,2.251629
8918,2.251629
8919,2.584963
8920,2.251629
8921,2.251629
8922,1.918296
8923,2.251629
8924,2.584963
8925,2.251629
8926,2.251629
8927,2.251629
8928,1.918296
8929,1.918296
8930,2.251629
8931,1.792481
8932,1.918296
8933,1.918296
8934,2.251629
8935,2.251629
8936,2.251629
8937,2.251629
8938,2.251629
8939,2.251629
8940,2.251629
8941,2.251629
8942,2.251629
8943,2.251629
8944,2.251629
8945,1.918296
8946,2.251629
8947,2.251629
8948,1.918296
8949,1.918296
8950,1.918296
8951,1.918296
8952,2.251629
8953,1.918296
8954,2.251629
8955,1.918296
8956,2.251629
8957,2.251629
8958,2.251629
8959,2.251629
8960,2.251629
8961,1.792481
8962,1.792481
8963,1.792481
8964,1.792481
8965,1.459148
8966,1.459148
8967,1.792481
8968,1.792481
8969,1.459148
8970,1.918296
8971,1.792481
8972,1.251629
8973,1.251629
8974,1.792481
8975,1.918296
8976,1.918296
8977,2.251629
8978,1.792481
8979,1.792481
8980,2.251629
8981,2.251629
8982,2.251629
8983,2.251629
8984,2.251629
8985,2.251629
8986,2.584963
8987,2.251629
8988,2.251629
8989,1.918296
8990,2.251629
8991,2.584963
8992,2.584963
8993,2.584963
8994,2.251629
8995,2.251629
8996,1.792481
8997,1.459148
8998,1.792481
8999,1.918296
9000,2.251629
9001,2.251629
9002,1.792481
9003,1.459148
9004,1.792481
9005,1.792481
9006,2.251629
9007,2.251629
9008,2.251629
9009,2.251629
9010,2.584963
9011,2.251629
9012,2.251629
9013,1.918296
9014,1.918296
9015,1.918296
9016,1.792481
9017,1.792481
9018,1.918296
9019,1.584963
9020,1.918296
9021,2.251629
9022,2.584963
9023,2.584963
9024,2.584963
9025,2.584963
9026,2.584963
9027,2.251629
9028,2.251629
9029,2.251629
9030,2.251629
9031,2.251629
9032,2.584963
9033,2.251629
9034,1.792481
9035,2.251629
9036,2.251629
9037,2.251629
9038,1.792481
9039,1.918296
9040,2.251629
9041,2.584963
9042,2.251629
9043,1.918296
9044,2.251629
9045,2.251629
9046,2.251629
9047,2.251629
9048,2.251629
9049,2.251629
9050,2.584963
9051,2.251629
9052,1.918296
9053,1.918296
9054,1.918296
9055,1.918296
9056,2.251629
9057,2.251629
9058,2.251629
9059,2.251629
9060,1.918296
9061,1.918296
9062,2.251629
9063,2.251629
9064,2.251629
9065,2.584963
9066,2.584963
9067,2.251629
9068,1.918296
9069,1.792481
9070,1.918296
9071,2.251629
9072,2.251629
9073,1.918296
9074,2.251629
9075,2.251629
9076,1.918296
9077,1.918296
9078,2.251629
9079,2.251629
9080,2.251629
9081,2.251629
9082,2.251629
9083,2.251629
9084,1.918296
9085,1.918296
9086,2.251629
9087,1.918296
9088,1.459148
9089,1.251629
9090,1.251629
9091,1.251629
9092,1.792481
9093,1.918296
9094,2.251629
9095,1.792481
9096,1.918296
9097,1.459148
9098,1.918296
9099,1.792481
9100,1.792481
9101,1.792481
9102,1.918296
9103,1.792481
9104,1.792481
9105,1.459148
9106,1.459148
9107,1.584963
9108,1.918296
9109,1.918296
9110,1.792481
9111,1.792481
9112,2.251629
9113,2.251629
9114,1.918296
9115,2.251629
9116,2.251629
9117,2.251629
9118,1.792481
9119,1.792481
9120,1.792481
9121,1.792481
9122,1.459148
9123,1.918296
9124,1.792481
9125,2.251629
9126,2.251629
9127,1.918296
9128,1.918296
9129,2.251629
9130,2.251629
9131,2.251629
9132,1.918296
9133,2.251629
9134,2.584963
9135,2.251629
9136,2.251629
9137,1.918296
9138,1.918296
9139,1.918296
9140,2.251629
9141,2.251629
9142,1.918296
9143,2.251629
9144,1.918296
9145,1.792481
9146,1.792481
9147,1.792481
9148,1.792481
9149,2.251629
9150,2.251629
9151,2.251629
9152,2.251629
9153,2.584963
9154,2.251629
9155,2.251629
9156,2.251629
9157,2.251629
9158,2.251629
9159,2.251629
9160,1.918296
9161,1.459148
9162,1.459148
9163,1.459148
9164,1.918296
9165,2.251629
9166,2.584963
9167,2.584963
9168,2.584963
9169,2.251629
9170,2.584963
9171,2.584963
9172,2.251629
9173,1.918296
9174,1.918296
9175,1.918296
9176,2.251629
9177,2.584963
9178,2.584963
9179,2.251629
9180,2.251629
9181,2.251629
9182,1.918296
9183,1.918296
9184,1.918296
9185,2.251629
9186,1.918296
9187,2.251629
9188,2.251629
9189,2.584963
9190,2.584963
9191,2.251629
9192,1.918296
9193,1.918296
9194,2.251629
9195,2.251629
9196,2.251629
9197,2.251629
9198,2.251629
9199,2.251629
9200,2.584963
9201,2.251629
9202,1.918296
9203,1.918296
9204,2.251629
9205,2.251629
9206,2.584963
9207,2.584963
9208,2.251629
9209,2.251629
9210,2.251629
9211,2.251629
9212,2.584963
9213,2.251629
9214,1.792481
9215,2.251629
9216,2.251629
9217,1.792481
9218,1.251629
9219,1.792481
9220,2.251629
9221,2.251629
9222,1.918296
9223,1.918296
9224,2.251629
9225,2.251629
9226,2.251629
9227,2.251629
9228,1.918296
9229,1.459148
9230,1.792481
9231,1.792481
9232,1.918296
9233,2.251629
9234,2.251629
9235,2.251629
9236,1.792481
9237,2.251629
9238,2.251629
9239,2.584963
9240,2.251629
9241,2.251629
9242,1.918296
9243,2.251629
9244,1.918296
9245,1.918296
9246,2.251629
9247,2.584963
9248,2.584963
9249,2.584963
9250,2.584963
9251,2.251629
9252,2.251629
9253,2.251629
9254,2.251629
9255,2.584963
9256,2.584963
9257,2.251629
9258,2.251629
9259,1.918296
9260,1.918296
9261,1.792481
9262,1.792481
9263,1.918296
9264,1.918296
9265,2.251629
9266,2.251629
9267,1.918296
9268,1.918296
9269,1.584963
9270,1.918296
9271,1.918296
9272,1.584963
9273,1.918296
9274,1.459148
9275,1.792481
9276,2.251629
9277,2.584963
9278,2.251629
9279,1.918296
9280,1.918296
9281,2.251629
9282,2.251629
9283,2.584963
9284,2.251629
9285,2.251629
9286,1.792481
9287,1.792481
9288,1.792481
9289,2.251629
9290,2.251629
9291,2.251629
9292,1.918296
9293,1.459148
9294,1.918296
9295,1.459148
9296,1.792481
9297,1.918296
9298,2.251629
9299,2.584963
9300,2.251629
9301,2.251629
9302,2.251629
9303,1.918296
9304,1.584963
9305,1.459148
9306,1.000000
9307,1.459148
9308,1.584963
9309,1.918296
9310,2.251629
9311,1.918296
9312,1.459148
9313,1.918296
9314,1.792481
9315,2.251629
9316,2.251629
9317,2.251629
9318,2.251629
9319,2.251629
9320,2.251629
9321,2.251629
9322,2.251629
9323,1.918296
9324,1.918296
9325,2.251629
9326,2.251629
9327,2.251629
9328,2.251629
9329,1.792481
9330,1.792481
9331,1.792481
9332,2.251629
9333,1.918296
9334,1.918296
9335,1.918296
9336,2.251629
9337,2.251629
9338,2.584963
9339,2.251629
9340,2.251629
9341,2.251629
9342,1.918296
9343,1.918296
9344,2.251629
9345,1.918296
9346,1.918296
9347,1.918296
9348,2.251629
9349,2.251629
9350,2.584963
9351,2.251629
9352,2.251629
9353,2.251629
9354,2.251629
9355,2.251629
9356,2.251629
9357,2.251629
9358,2.584963
9359,2.584963
9360,2.584963
9361,2.584963
9362,2.251629
9363,1.918296
9364,1.792481
9365,1.792481
9366,2.251629
9367,2.251629
9368,2.584963
9369,2.584963
9370,2.584963
9371,2.251629
9372,1.918296
9373,1.918296
9374,2.251629
9375,2.584963
9376,2.251629
9377,2.584963
9378,2.251629
9379,1.918296
9380,1.918296
9381,1.918296
9382,1.918296
9383,1.792481
9384,1.918296
9385,2.251629
9386,2.251629
9387,2.251629
9388,2.251629
9389,2.584963
9390,2.251629
9391,1.792481
9392,1.792481
9393,1.792481
9394,2.251629
9395,2.251629
9396,2.251629
9397,2.251629
9398,2.251629
9399,2.251629
9400,2.251629
9401,1.918296
9402,1.918296
9403,1.918296
9404,2.251629
9405,2.251629
9406,2.251629
9407,2.584963
9408,2.251629
9409,2.251629
9410,2.251629
9411,2.251629
9412,1.918296
9413,1.459148
9414,1.459148
9415,1.459148
9416,1.918296
9417,1.918296
9418,2.251629
9419,2.584963
9420,2.251629
9421,2.251629
9422,2.251629
9423,2.251629
9424,2.251629
9425,2.251629
9426,2.251629
9427,1.918296
9428,1.792481
9429,1.251629
9430,1.251629
9431,1.251629
9432,1.251629
9433,1.792481
9434,1.918296
9435,1.918296
9436,1.918296
9437,1.918296
9438,1.584963
9439,1.918296
9440,1.918296
9441,2.251629
9442,2.251629
9443,2.584963
9444,2.251629
9445,2.251629
9446,2.251629
9447,2.251629
9448,1.918296
9449,2.251629
9450,2.251629
9451,2.251629
9452,2.251629
9453,2.251629
9454,2.584963
9455,2.251629
9456,2.251629
9457,2.584963
9458,2.251629
9459,1.918296
9460,1.459148
9461,1.792481
9462,1.792481
9463,2.251629
9464,2.251629
9465,2.251629
9466,1.918296
9467,1.918296
9468,2.251629
9469,2.251629
9470,1.918296
9471,1.918296
9472,2.251629
9473,2.251629
9474,2.251629
9475,1.792481
9476,1.251629
9477,1.251629
9478,1.459148
9479,1.459148
9480,1.792481
9481,1.918296
9482,1.918296
9483,1.918296
9484,1.792481
9485,1.792481
9486,2.251629
9487,2.584963
9488,2.584963
9489,2.584963
9490,2.584963
9491,2.251629
9492,2.251629
9493,2.584963
9494,2.251629
9495,1.792481
9496,1.792481
9497,2.251629
9498,2.251629
9499,2.251629
9500,2.584963
9501,2.584963
9502,2.584963
9503,2.584963
9504,2.584963
9505,2.251629
9506,2.251629
9507,2.251629
9508,2.251629
9509,2.251629
9510,2.584963
9511,2.251629
9512,2.251629
9513,2.251629
9514,1.918296
9515,1.918296
9516,2.251629
9517,2.584963
9518,2.251629
9519,2.251629
9520,2.251629
9521,2.251629
9522,1.918296
9523,2.251629
9524,2.251629
9525,2.584963
9526,2.584963
9527,2.251629
9528,2.251629
9529,2.251629
9530,2.251629
9531,2.251629
9532,2.251629
9533,2.251629
9534,2.251629
9535,2.251629
9536,1.918296
9537,2.251629
9538,2.251629
9539,2.251629
9540,1.918296
9541,2.251629
9542,1.918296
9543,2.251629
9544,1.918296
9545,1.459148
9546,1.459148
9547,1.918296
9548,2.251629
9549,2.251629
9550,1.918296
9551,1.792481
9552,1.792481
9553,1.792481
9554,1.918296
9555,1.918296
9556,1.459148
9557,0.918296
9558,0.650022
9559,0.918296
9560,0.650022
9561,1.251629
9562,1.792481
9563,2.251629
9564,2.251629
9565,2.251629
9566,2.251629
9567,1.918296
9568,1.918296
9569,2.251629
9570,1.918296
9571,2.251629
9572,2.251629
9573,2.251629
9574,2.251629
9575,2.584963
9576,2.584963
9577,2.584963
9578,2.251629
9579,2.251629
9580,1.918296
9581,1.918296
9582,2.251629
9583,2.584963
9584,2.251629
9585,2.251629
9586,2.251629
9587,2.251629
9588,1.918296
9589,2.251629
9590,2.251629
9591,2.251629
9592,2.584963
9593,2.251629
9594,2.251629
9595,2.251629
9596,2.251629
9597,2.251629
9598,2.251629
9599,2.584963
9600,2.584963
9601,2.584963
9602,2.251629
9603,1.918296
9604,1.459148
9605,1.792481
9606,1.792481
9607,2.251629
9608,2.584963
9609,2.584963
9610,2.251629
9611,1.918296
9612,1.459148
9613,1.918296
9614,2.251629
9615,2.251629
9616,2.251629
9617,2.584963
9618,2.251629
9619,1.918296
9620,1.459148
9621,1.918296
9622,1.918296
9623,1.918296
9624,2.251629
9625,1.918296
9626,1.918296
9627,1.792481
9628,1.792481
9629,1.459148
9630,1.918296
9631,2.251629
9632,2.584963
9633,2.251629
9634,1.918296
9635,1.459148
9636,1.792481
9637,1.918296
9638,1.918296
9639,2.251629
9640,2.251629
9641,2.251629
9642,2.251629
9643,1.792481
9644,1.459148
9645,1.459148
9646,1.792481
9647,2.251629
9648,2.251629
9649,2.584963
9650,2.584963
9651,2.251629
9652,1.918296
9653,1.918296
9654,1.918296
9655,2.251629
9656,2.584963
9657,2.584963
9658,2.584963
9659,2.584963
9660,2.584963
9661,2.584963
9662,2.584963
9663,2.251629
9664,2.584963
9665,2.584963
9666,2.584963
9667,2.584963
9668,2.251629
9669,1.918296
9670,1.918296
9671,2.251629
9672,2.584963
9673,2.584963
9674,2.584963
9675,2.251629
9676,2.251629
9677,2.251629
9678,2.251629
9679,2.251629
9680,1.918296
9681,2.251629
9682,2.251629
9683,2.584963
9684,2.584963
9685,2.251629
9686,1.918296
9687,2.251629
9688,1.918296
9689,1.792481
9690,1.918296
9691,1.459148
9692,1.000000
9693,0.918296
9694,1.459148
9695,1.918296
9696,1.918296
9697,1.918296
9698,1.918296
9699,1.918296
9700,1.918296
9701,1.918296
9702,1.918296
9703,1.918296
9704,2.251629
9705,2.251629
9706,2.251629
9707,2.584963
9708,2.584963
9709,2.251629
9710,2.251629
9711,1.918296
9712,2.251629
9713,2.584963
9714,2.251629
9715,1.918296
9716,2.251629
9717,1.792481
9718,1.918296
9719,1.918296
9720,2.251629
9721,2.251629
9722,1.918296
9723,1.918296
9724,1.918296
9725,2.251629
9726,2.251629
9727,2.584963
9728,2.584963
9729,2.251629
9730,1.918296
9731,2.251629
9732,2.251629
9733,2.251629
9734,2.584963
9735,2.251629
9736,2.251629
9737,1.918296
9738,2.251629
9739,2.251629
9740,2.251629
9741,2.251629
9742,2.251629
9743,2.251629
9744,2.251629
9745,2.584963
9746,2.584963
9747,2.251629
9748,1.918296
9749,2.251629
9750,2.251629
9751,2.251629
9752,2.584963
9753,2.251629
9754,2.584963
9755,2.251629
9756,2.251629
9757,2.251629
9758,1.918296
9759,1.918296
9760,1.918296
9761,2.251629
9762,2.584963
9763,2.584963
9764,2.251629
9765,2.584963
9766,2.251629
9767,2.584963
9768,2.251629
9769,1.792481
9770,1.792481
9771,1.251629
9772,1.792481
9773,1.792481
9774,2.251629
9775,2.584963
9776,2.251629
9777,1.918296
9778,2.251629
9779,2.251629
9780,2.251629
9781,2.251629
9782,2.584963
9783,2.584963
9784,2.584963
9785,2.251629
9786,1.792481
9787,1.918296
9788,1.918296
9789,1.918296
9790,1.918296
9791,2.251629
9792,2.251629
9793,2.584963
9794,2.584963
9795,2.584963
9796,2.584963
9797,2.251629
9798,1.792481
9799,2.251629
9800,1.792481
9801,1.251629
9802,1.251629
9803,1.459148
9804,1.918296
9805,1.918296
9806,1.918296
9807,1.918296
9808,1.918296
9809,1.918296
9810,2.251629
9811,2.584963
9812,2.584963
9813,2.584963
9814,2.251629
9815,1.918296
9816,1.918296
9817,2.251629
9818,2.584963
9819,2.584963
9820,2.584963
9821,2.584963
9822,2.584963
9823,2.584963
9824,2.251629
9825,2.251629
9826,1.918296
9827,2.251629
9828,2.251629
9829,2.251629
9830,1.918296
9831,1.918296
9832,1.918296
9833,2.251629
9834,2.251629
9835,1.792481
9836,2.251629
9837,2.584963
9838,2.584963
9839,2.251629
9840,2.251629
9841,2.251629
9842,2.251629
9843,1.918296
9844,2.251629
9845,2.251629
9846,1.918296
9847,2.251629
9848,2.251629
9849,2.251629
9850,2.251629
9851,2.584963
9852,2.251629
9853,2.251629
9854,2.251629
9855,1.918296
9856,1.459148
9857,1.459148
9858,1.918296
9859,1.792481
9860,2.251629
9861,1.918296
9862,2.251629
9863,2.251629
9864,2.584963
9865,2.251629
9866,2.251629
9867,1.918296
9868,2.251629
9869,2.251629
9870,1.918296
9871,1.918296
9872,1.584963
9873,1.918296
9874,2.251629
9875,2.584963
9876,2.584963
9877,2.251629
9878,1.792481
9879,1.459148
9880,1.792481
9881,1.792481
9882,2.251629
9883,2.251629
9884,1.792481
9885,2.251629
9886,2.251629
9887,1.918296
9888,1.918296
9889,2.251629
9890,2.251629
9891,1.918296
9892,1.918296
9893,1.459148
9894,1.459148
9895,1.459148
9896,1.918296
9897,2.251629
9898,2.251629
9899,1.918296
9900,1.459148
9901,1.459148
9902,1.251629
9903,1.792481
9904,1.792481
9905,1.918296
9906,1.792481
9907,1.792481
9908,1.792481
9909,1.792481
9910,1.918296
9911,2.251629
9912,2.251629
9913,2.251629
9914,2.251629
9915,2.251629
9916,2.251629
9917,1.918296
9918,1.459148
9919,1.918296
9920,1.918296
9921,1.918296
9922,1.792481
9923,1.459148
9924,1.459148
9925,1.918296
9926,1.918296
9927,1.792481
9928,1.459148
9929,1.459148
9930,1.459148
9931,1.918296
9932,2.251629
9933,2.251629
9934,2.251629
9935,2.251629
9936,1.792481
9937,1.251629
9938,1.459148
9939,1.792481
9940,1.792481
9941,2.251629
9942,2.584963
9943,2.584963
9944,2.584963
9945,2.584963
9946,2.251629
9947,2.251629
9948,2.251629
9949,1.918296
9950,1.792481
9951,1.792481
9952,1.459148
9953,1.251629
9954,1.459148
9955,1.918296
9956,1.792481
9957,2.251629
9958,2.251629
9959,1.918296
9960,2.251629
9961,2.251629
9962,2.251629
9963,2.584963
9964,2.584963
9965,2.251629
9966,2.251629
9967,2.251629
9968,1.918296
9969,2.251629
9970,2.584963
9971,2.251629
9972,2.584963
9973,2.251629
9974,2.584963
9975,2.251629
9976,2.251629
9977,2.251629
9978,1.792481
9979,1.792481
9980,1.918296
9981,1.792481
9982,2.251629
9983,1.792481
9984,1.459148
9985,1.792481
9986,2.251629
9987,2.584963
9988,2.251629
9989,1.918296
9990,1.918296
9991,2.251629
9992,2.251629
9993,2.584963
9994,2.251629
9995,2.251629
