window_start_place,entropy_bits
1,1.584963
2,0.918296
3,1.584963
4,1.584963
5,1.584963
6,0.918296
7,0.918296
8,0.918296
9,0.918296
10,0.918296
11,1.584963
12,0.918296
13,0.918296
14,1.584963
15,1.584963
16,1.584963
17,1.584963
18,1.584963
19,0.918296
20,0.000000
21,0.918296
22,1.584963
23,1.584963
24,1.584963
25,1.584963
26,1.584963
27,1.584963
28,0.918296
29,0.918296
30,1.584963
31,1.584963
32,1.584963
33,1.584963
34,1.584963
35,1.584963
36,1.584963
37,1.584963
38,1.584963
39,1.584963
40,1.584963
41,1.584963
42,0.918296
43,1.584963
44,0.918296
45,1.584963
46,1.584963
47,1.584963
48,1.584963
49,1.584963
50,1.584963
51,0.918296
52,0.918296
53,0.918296
54,0.000000
55,0.918296
56,1.584963
57,0.918296
58,0.918296
59,0.918296
60,1.584963
61,1.584963
62,1.584963
63,1.584963
64,1.584963
65,1.584963
66,1.584963
67,1.584963
68,1.584963
69,1.584963
70,1.584963
71,1.584963
72,1.584963
73,0.918296
74,0.918296
75,1.584963
76,1.584963
77,1.584963
78,0.918296
79,1.584963
80,1.584963
81,1.584963
82,1.584963
83,1.584963
84,1.584963
85,0.918296
86,0.918296
87,1.584963
88,1.584963
89,1.584963
90,1.584963
91,1.584963
92,1.584963
93,0.918296
94,0.918296
95,0.918296
96,0.918296
97,0.918296
98,1.584963
99,1.584963
100,1.584963
101,0.918296
102,1.584963
103,1.584963
104,0.918296
105,1.584963
106,1.584963
107,1.584963
108,1.584963
109,1.584963
110,0.918296
111,0.918296
112,1.584963
113,1.584963
114,1.584963
115,0.918296
116,0.918296
117,1.584963
118,0.918296
119,0.918296
120,1.584963
121,1.584963
122,1.584963
123,1.584963
124,1.584963
125,1.584963
126,1.584963
127,1.584963
128,0.918296
129,1.584963
130,0.918296
131,1.584963
132,1.584963
133,1.584963
134,1.584963
135,1.584963
136,1.584963
137,1.584963
138,1.584963
139,0.918296
140,0.918296
141,1.584963
142,0.918296
143,1.584963
144,0.918296
145,0.918296
146,0.918296
147,1.584963
148,1.584963
149,1.584963
150,0.918296
151,0.918296
152,1.584963
153,1.584963
154,1.584963
155,1.584963
156,1.584963
157,1.584963
158,1.584963
159,1.584963
160,1.584963
161,1.584963
162,0.918296
163,0.918296
164,1.584963
165,1.584963
166,0.918296
167,1.584963
168,1.584963
169,1.584963
170,1.584963
171,1.584963
172,1.584963
173,1.584963
174,1.584963
175,0.918296
176,1.584963
177,0.918296
178,1.584963
179,1.584963
180,1.584963
181,0.918296
182,1.584963
183,0.918296
184,1.584963
185,1.584963
186,1.584963
187,1.584963
188,1.584963
189,1.584963
190,1.584963
191,1.584963
192,1.584963
193,1.584963
194,1.584963
195,1.584963
196,0.918296
197,1.584963
198,1.584963
199,1.584963
200,1.584963
201,1.584963
202,1.584963
203,0.918296
204,0.918296
205,1.584963
206,1.584963
207,1.584963
208,1.584963
209,1.584963
210,1.584963
211,1.584963
212,1.584963
213,1.584963
214,1.584963
215,0.918296
216,1.584963
217,1.584963
218,0.918296
219,0.918296
220,0.918296
221,0.918296
222,0.918296
223,0.918296
224,1.584963
225,1.584963
226,1.584963
227,0.918296
228,0.918296
229,1.584963
230,1.584963
231,0.918296
232,1.584963
233,1.584963
234,1.584963
235,1.584963
236,1.584963
237,1.584963
238,0.918296
239,0.918296
240,1.584963
241,0.918296
242,1.584963
243,0.918296
244,0.918296
245,1.584963
246,1.584963
247,1.584963
248,1.584963
249,1.584963
250,1.584963
251,1.584963
252,1.584963
253,1.584963
254,0.918296
255,1.584963
256,1.584963
257,1.584963
258,1.584963
259,1.584963
260,0.918296
261,1.584963
262,1.584963
263,1.584963
264,1.584963
265,1.584963
266,1.584963
267,1.584963
268,1.584963
269,1.584963
270,0.918296
271,0.000000
272,0.918296
273,1.584963
274,0.918296
275,1.584963
276,0.918296
277,0.918296
278,1.584963
279,1.584963
280,1.584963
281,1.584963
282,1.584963
283,1.584963
284,1.584963
285,1.584963
286,1.584963
287,1.584963
288,0.918296
289,0.918296
290,1.584963
291,1.584963
292,0.918296
293,0.918296
294,0.918296
295,1.584963
296,1.584963
297,1.584963
298,1.584963
299,0.918296
300,0.918296
301,0.918296
302,0.918296
303,0.918296
304,0.918296
305,1.584963
306,0.918296
307,1.584963
308,1.584963
309,1.584963
310,1.584963
311,1.584963
312,1.584963
313,1.584963
314,1.584963
315,1.584963
316,1.584963
317,1.584963
318,1.584963
319,1.584963
320,1.584963
321,1.584963
322,1.584963
323,1.584963
324,1.584963
325,1.584963
326,1.584963
327,1.584963
328,1.584963
329,1.584963
330,1.584963
331,1.584963
332,1.584963
333,0.918296
334,1.584963
335,1.584963
336,1.584963
337,1.584963
338,1.584963
339,1.584963
340,1.584963
341,1.584963
342,0.918296
343,1.584963
344,1.584963
345,1.584963
346,0.918296
347,0.000000
348,0.918296
349,1.584963
350,1.584963
351,1.584963
352,1.584963
353,1.584963
354,1.584963
355,1.584963
356,1.584963
357,1.584963
358,1.584963
359,1.584963
360,1.584963
361,0.918296
362,1.584963
363,0.918296
364,0.918296
365,1.584963
366,1.584963
367,0.918296
368,1.584963
369,1.584963
370,1.584963
371,1.584963
372,0.918296
373,1.584963
374,1.584963
375,1.584963
376,0.918296
377,0.918296
378,1.584963
379,0.918296
380,0.918296
381,0.918296
382,1.584963
383,1.584963
384,0.918296
385,0.918296
386,1.584963
387,1.584963
388,1.584963
389,1.584963
390,0.918296
391,0.918296
392,1.584963
393,1.584963
394,0.918296
395,0.918296
396,1.584963
397,1.584963
398,1.584963
399,1.584963
400,1.584963
401,0.918296
402,0.918296
403,1.584963
404,1.584963
405,1.584963
406,0.918296
407,1.584963
408,1.584963
409,1.584963
410,1.584963
411,0.918296
412,0.918296
413,0.918296
414,1.584963
415,1.584963
416,0.918296
417,1.584963
418,1.584963
419,1.584963
420,1.584963
421,1.584963
422,1.584963
423,1.584963
424,1.584963
425,1.584963
426,1.584963
427,0.918296
428,1.584963
429,1.584963
430,1.584963
431,1.584963
432,1.584963
433,1.584963
434,1.584963
435,1.584963
436,1.584963
437,0.918296
438,0.918296
439,1.584963
440,1.584963
441,1.584963
442,1.584963
443,1.584963
444,0.918296
445,1.584963
446,1.584963
447,1.584963
448,1.584963
449,0.918296
450,0.918296
451,1.584963
452,1.584963
453,1.584963
454,1.584963
455,0.918296
456,1.584963
457,0.918296
458,0.918296
459,0.918296
460,1.584963
461,1.584963
462,0.918296
463,0.918296
464,1.584963
465,0.918296
466,0.918296
467,1.584963
468,1.584963
469,1.584963
470,1.584963
471,1.584963
472,1.584963
473,1.584963
474,1.584963
475,1.584963
476,1.584963
477,1.584963
478,1.584963
479,1.584963
480,0.918296
481,0.918296
482,0.918296
483,0.918296
484,1.584963
485,1.584963
486,1.584963
487,1.584963
488,1.584963
489,0.918296
490,0.918296
491,1.584963
492,0.918296
493,1.584963
494,1.584963
495,0.918296
496,0.918296
497,1.584963
498,1.584963
499,1.584963
500,1.584963
501,1.584963
502,0.918296
503,0.000000
504,0.918296
505,1.584963
506,1.584963
507,1.584963
508,1.584963
509,1.584963
510,0.918296
511,0.918296
512,1.584963
513,1.584963
514,1.584963
515,1.584963
516,1.584963
517,1.584963
518,1.584963
519,1.584963
520,1.584963
521,1.584963
522,1.584963
523,1.584963
524,1.584963
525,0.918296
526,1.584963
527,1.584963
528,0.918296
529,0.918296
530,0.918296
531,0.918296
532,0.918296
533,1.584963
534,1.584963
535,0.918296
536,1.584963
537,1.584963
538,1.584963
539,0.918296
540,0.918296
541,0.918296
542,1.584963
543,0.918296
544,0.918296
545,0.918296
546,1.584963
547,0.918296
548,1.584963
549,1.584963
550,1.584963
551,1.584963
552,0.918296
553,0.918296
554,0.918296
555,0.918296
556,1.584963
557,0.918296
558,1.584963
559,1.584963
560,1.584963
561,1.584963
562,1.584963
563,1.584963
564,0.918296
565,0.918296
566,0.918296
567,1.584963
568,1.584963
569,1.584963
570,1.584963
571,1.584963
572,1.584963
573,1.584963
574,1.584963
575,1.584963
576,1.584963
577,1.584963
578,0.918296
579,1.584963
580,1.584963
581,1.584963
582,1.584963
583,0.918296
584,1.584963
585,1.584963
586,1.584963
587,1.584963
588,1.584963
589,1.584963
590,1.584963
591,1.584963
592,1.584963
593,1.584963
594,1.584963
595,1.584963
596,1.584963
597,1.584963
598,1.584963
599,1.584963
600,0.918296
601,0.918296
602,1.584963
603,1.584963
604,1.584963
605,1.584963
606,1.584963
607,1.584963
608,1.584963
609,1.584963
610,0.918296
611,1.584963
612,1.584963
613,1.584963
614,0.918296
615,1.584963
616,1.584963
617,1.584963
618,1.584963
619,0.918296
620,1.584963
621,1.584963
622,1.584963
623,1.584963
624,1.584963
625,1.584963
626,1.584963
627,1.584963
628,1.584963
629,1.584963
630,0.918296
631,0.918296
632,0.918296
633,1.584963
634,1.584963
635,1.584963
636,1.584963
637,1.584963
638,1.584963
639,1.584963
640,1.584963
641,1.584963
642,1.584963
643,1.584963
644,1.584963
645,0.918296
646,0.918296
647,1.584963
648,1.584963
649,1.584963
650,0.918296
651,1.584963
652,0.918296
653,0.918296
654,0.918296
655,0.918296
656,0.918296
657,1.584963
658,1.584963
659,1.584963
660,1.584963
661,1.584963
662,1.584963
663,0.918296
664,0.918296
665,1.584963
666,1.584963
667,1.584963
668,1.584963
669,0.918296
670,0.918296
671,0.918296
672,0.918296
673,1.584963
674,0.918296
675,1.584963
676,1.584963
677,1.584963
678,1.584963
679,1.584963
680,1.584963
681,0.918296
682,0.918296
683,0.918296
684,0.918296
685,1.584963
686,1.584963
687,1.584963
688,1.584963
689,1.584963
690,1.584963
691,1.584963
692,0.918296
693,0.918296
694,1.584963
695,1.584963
696,0.918296
697,0.918296
698,1.584963
699,0.918296
700,0.918296
701,1.584963
702,1.584963
703,1.584963
704,1.584963
705,1.584963
706,1.584963
707,0.918296
708,0.918296
709,0.918296
710,1.584963
711,1.584963
712,1.584963
713,0.918296
714,1.584963
715,0.918296
716,1.584963
717,0.918296
718,1.584963
719,1.584963
720,1.584963
721,1.584963
722,0.918296
723,0.918296
724,1.584963
725,1.584963
726,0.918296
727,0.918296
728,1.584963
729,1.584963
730,1.584963
731,1.584963
732,1.584963
733,1.584963
734,1.584963
735,0.918296
736,0.918296
737,1.584963
738,1.584963
739,1.584963
740,1.584963
741,1.584963
742,1.584963
743,0.918296
744,1.584963
745,1.584963
746,0.918296
747,1.584963
748,0.918296
749,1.584963
750,0.918296
751,1.584963
752,1.584963
753,1.584963
754,0.918296
755,1.584963
756,1.584963
757,0.918296
758,0.918296
759,1.584963
760,1.584963
761,0.918296
762,1.584963
763,0.918296
764,1.584963
765,1.584963
766,1.584963
767,1.584963
768,1.584963
769,1.584963
770,0.918296
771,0.918296
772,0.918296
773,0.000000
774,0.918296
775,1.584963
776,1.584963
777,1.584963
778,0.918296
779,0.918296
780,1.584963
781,0.918296
782,0.918296
783,0.918296
784,0.918296
785,1.584963
786,1.584963
787,1.584963
788,1.584963
789,1.584963
790,1.584963
791,0.918296
792,1.584963
793,1.584963
794,1.584963
795,1.584963
796,1.584963
797,1.584963
798,1.584963
799,1.584963
800,1.584963
801,1.584963
802,1.584963
803,1.584963
804,1.584963
805,1.584963
806,1.584963
807,1.584963
808,1.584963
809,1.584963
810,1.584963
811,1.584963
812,1.584963
813,1.584963
814,1.584963
815,0.918296
816,0.918296
817,1.584963
818,1.584963
819,1.584963
820,1.584963
821,1.584963
822,1.584963
823,1.584963
824,0.918296
825,1.584963
826,1.584963
827,1.584963
828,1.584963
829,1.584963
830,1.584963
831,1.584963
832,1.584963
833,0.918296
834,1.584963
835,1.584963
836,0.918296
837,1.584963
838,0.918296
839,1.584963
840,1.584963
841,1.584963
842,1.584963
843,0.918296
844,0.918296
845,1.584963
846,1.584963
847,1.584963
848,1.584963
849,1.584963
850,1.584963
851,1.584963
852,1.584963
853,1.584963
854,0.918296
855,0.918296
856,0.918296
857,0.918296
858,0.918296
859,1.584963
860,1.584963
861,0.918296
862,0.918296
863,0.918296
864,1.584963
865,1.584963
866,1.584963
867,1.584963
868,1.584963
869,0.918296
870,0.918296
871,1.584963
872,1.584963
873,1.584963
874,1.584963
875,1.584963
876,1.584963
877,1.584963
878,1.584963
879,1.584963
880,1.584963
881,1.584963
882,1.584963
883,1.584963
884,1.584963
885,1.584963
886,1.584963
887,1.584963
888,0.918296
889,1.584963
890,1.584963
891,1.584963
892,1.584963
893,1.584963
894,1.584963
895,1.584963
896,1.584963
897,1.584963
898,1.584963
899,0.918296
900,1.584963
901,1.584963
902,0.918296
903,1.584963
904,1.584963
905,0.918296
906,1.584963
907,0.918296
908,0.918296
909,1.584963
910,1.584963
911,1.584963
912,0.918296
913,1.584963
914,1.584963
915,1.584963
916,1.584963
917,0.918296
918,1.584963
919,1.584963
920,1.584963
921,1.584963
922,1.584963
923,1.584963
924,1.584963
925,1.584963
926,1.584963
927,0.918296
928,1.584963
929,0.918296
930,0.000000
931,0.918296
932,1.584963
933,1.584963
934,1.584963
935,1.584963
936,0.918296
937,1.584963
938,1.584963
939,1.584963
940,0.918296
941,0.918296
942,1.584963
943,1.584963
944,1.584963
945,1.584963
946,1.584963
947,1.584963
948,1.584963
949,1.584963
950,1.584963
951,1.584963
952,1.584963
953,1.584963
954,1.584963
955,1.584963
956,1.584963
957,1.584963
958,1.584963
959,0.918296
960,0.918296
961,0.918296
962,1.584963
963,1.584963
964,1.584963
965,1.584963
966,0.918296
967,1.584963
968,1.584963
969,1.584963
970,1.584963
971,1.584963
972,1.584963
973,1.584963
974,1.584963
975,1.584963
976,0.918296
977,1.584963
978,1.584963
979,1.584963
980,1.584963
981,1.584963
982,1.584963
983,1.584963
984,1.584963
985,0.918296
986,1.584963
987,1.584963
988,1.584963
989,1.584963
990,1.584963
991,1.584963
992,1.584963
993,1.584963
994,1.584963
995,1.584963
996,1.584963
997,1.584963
998,0.918296
999,1.584963
1000,1.584963
1001,1.584963
1002,1.584963
1003,1.584963
1004,0.918296
1005,1.584963
1006,1.584963
1007,1.584963
1008,1.584963
1009,1.584963
1010,1.584963
1011,0.918296
1012,0.000000
1013,0.918296
1014,1.584963
1015,1.584963
1016,1.584963
1017,1.584963
1018,1.584963
1019,1.584963
1020,0.918296
1021,0.918296
1022,1.584963
1023,1.584963
1024,1.584963
1025,1.584963
1026,0.918296
1027,0.918296
1028,1.584963
1029,0.918296
1030,0.918296
1031,0.918296
1032,0.918296
1033,1.584963
1034,0.918296
1035,0.918296
1036,1.584963
1037,1.584963
1038,0.918296
1039,1.584963
1040,1.584963
1041,0.918296
1042,0.918296
1043,1.584963
1044,1.584963
1045,1.584963
1046,1.584963
1047,1.584963
1048,1.584963
1049,1.584963
1050,1.584963
1051,1.584963
1052,1.584963
1053,1.584963
1054,0.918296
1055,1.584963
1056,1.584963
1057,1.584963
1058,1.584963
1059,1.584963
1060,1.584963
1061,1.584963
1062,1.584963
1063,0.918296
1064,0.918296
1065,1.584963
1066,0.918296
1067,0.918296
1068,1.584963
1069,1.584963
1070,1.584963
1071,1.584963
1072,1.584963
1073,1.584963
1074,1.584963
1075,1.584963
1076,1.584963
1077,1.584963
1078,1.584963
1079,1.584963
1080,1.584963
1081,0.918296
1082,0.918296
1083,1.584963
1084,1.584963
1085,1.584963
1086,1.584963
1087,0.918296
1088,0.918296
1089,1.584963
1090,1.584963
1091,0.918296
1092,1.584963
1093,1.584963
1094,1.584963
1095,1.584963
1096,1.584963
1097,0.918296
1098,0.918296
1099,1.584963
1100,1.584963
1101,1.584963
1102,0.918296
1103,0.918296
1104,0.918296
1105,1.584963
1106,1.584963
1107,1.584963
1108,1.584963
1109,1.584963
1110,1.584963
1111,1.584963
1112,0.918296
1113,0.918296
1114,1.584963
1115,1.584963
1116,0.918296
1117,0.918296
1118,1.584963
1119,1.584963
1120,1.584963
1121,1.584963
1122,1.584963
1123,1.584963
1124,0.918296
1125,1.584963
1126,1.584963
1127,1.584963
1128,1.584963
1129,0.918296
1130,1.584963
1131,1.584963
1132,1.584963
1133,1.584963
1134,1.584963
1135,1.584963
1136,1.584963
1137,1.584963
1138,1.584963
1139,1.584963
1140,1.584963
1141,1.584963
1142,1.584963
1143,0.918296
1144,1.584963
1145,1.584963
1146,0.918296
1147,1.584963
1148,1.584963
1149,1.584963
1150,1.584963
1151,1.584963
1152,1.584963
1153,1.584963
1154,0.918296
1155,1.584963
1156,1.584963
1157,1.584963
1158,1.584963
1159,1.584963
1160,1.584963
1161,1.584963
1162,1.584963
1163,1.584963
1164,1.584963
1165,1.584963
1166,1.584963
1167,1.584963
1168,1.584963
1169,1.584963
1170,0.918296
1171,1.584963
1172,0.918296
1173,0.918296
1174,1.584963
1175,1.584963
1176,1.584963
1177,1.584963
1178,1.584963
1179,1.584963
1180,1.584963
1181,0.918296
1182,1.584963
1183,1.584963
1184,1.584963
1185,1.584963
1186,0.918296
1187,1.584963
1188,0.918296
1189,0.918296
1190,1.584963
1191,1.584963
1192,1.584963
1193,1.584963
1194,1.584963
1195,1.584963
1196,1.584963
1197,1.584963
1198,1.584963
1199,1.584963
1200,1.584963
1201,0.918296
1202,1.584963
1203,1.584963
1204,1.584963
1205,1.584963
1206,1.584963
1207,1.584963
1208,0.918296
1209,0.000000
1210,0.918296
1211,1.584963
1212,1.584963
1213,0.918296
1214,0.918296
1215,0.918296
1216,0.918296
1217,1.584963
1218,1.584963
1219,0.918296
1220,0.918296
1221,1.584963
1222,0.918296
1223,1.584963
1224,1.584963
1225,1.584963
1226,1.584963
1227,0.918296
1228,1.584963
1229,1.584963
1230,1.584963
1231,1.584963
1232,1.584963
1233,1.584963
1234,1.584963
1235,0.918296
1236,0.918296
1237,1.584963
1238,0.918296
1239,1.584963
1240,1.584963
1241,0.918296
1242,0.918296
1243,1.584963
1244,0.918296
1245,1.584963
1246,0.918296
1247,0.918296
1248,1.584963
1249,1.584963
1250,1.584963
1251,1.584963
1252,0.918296
1253,0.918296
1254,1.584963
1255,1.584963
1256,1.584963
1257,1.584963
1258,1.584963
1259,1.584963
1260,0.918296
1261,0.918296
1262,1.584963
1263,0.918296
1264,0.918296
1265,0.918296
1266,0.918296
1267,1.584963
1268,1.584963
1269,1.584963
1270,1.584963
1271,1.584963
1272,1.584963
1273,1.584963
1274,1.584963
1275,1.584963
1276,0.918296
1277,0.918296
1278,1.584963
1279,1.584963
1280,1.584963
1281,1.584963
1282,0.918296
1283,0.918296
1284,0.918296
1285,1.584963
1286,1.584963
1287,0.918296
1288,1.584963
1289,1.584963
1290,1.584963
1291,1.584963
1292,1.584963
1293,1.584963
1294,1.584963
1295,0.918296
1296,0.918296
1297,1.584963
1298,1.584963
1299,1.584963
1300,0.918296
1301,0.918296
1302,1.584963
1303,1.584963
1304,1.584963
1305,1.584963
1306,1.584963
1307,0.918296
1308,1.584963
1309,1.584963
1310,1.584963
1311,1.584963
1312,1.584963
1313,1.584963
1314,1.584963
1315,1.584963
1316,1.584963
1317,1.584963
1318,0.918296
1319,1.584963
1320,1.584963
1321,1.584963
1322,0.918296
1323,1.584963
1324,1.584963
1325,1.584963
1326,1.584963
1327,0.918296
1328,0.918296
1329,1.584963
1330,1.584963
1331,1.584963
1332,1.584963
1333,1.584963
1334,1.584963
1335,1.584963
1336,1.584963
1337,1.584963
1338,1.584963
1339,0.918296
1340,0.918296
1341,0.918296
1342,1.584963
1343,1.584963
1344,1.584963
1345,1.584963
1346,1.584963
1347,0.918296
1348,0.918296
1349,1.584963
1350,1.584963
1351,0.918296
1352,1.584963
1353,1.584963
1354,0.918296
1355,0.918296
1356,1.584963
1357,0.918296
1358,0.918296
1359,0.918296
1360,1.584963
1361,0.918296
1362,0.918296
1363,0.918296
1364,0.918296
1365,1.584963
1366,1.584963
1367,0.918296
1368,0.918296
1369,1.584963
1370,1.584963
1371,1.584963
1372,1.584963
1373,1.584963
1374,0.918296
1375,0.918296
1376,1.584963
1377,1.584963
1378,1.584963
1379,1.584963
1380,1.584963
1381,1.584963
1382,1.584963
1383,1.584963
1384,0.918296
1385,1.584963
1386,1.584963
1387,1.584963
1388,0.918296
1389,0.918296
1390,1.584963
1391,1.584963
1392,1.584963
1393,1.584963
1394,1.584963
1395,1.584963
1396,0.918296
1397,0.918296
1398,1.584963
1399,1.584963
1400,1.584963
1401,1.584963
1402,1.584963
1403,1.584963
1404,1.584963
1405,0.918296
1406,0.000000
1407,0.918296
1408,1.584963
1409,1.584963
1410,1.584963
1411,1.584963
1412,1.584963
1413,1.584963
1414,1.584963
1415,1.584963
1416,1.584963
1417,1.584963
1418,0.918296
1419,0.000000
1420,0.918296
1421,1.584963
1422,0.918296
1423,0.918296
1424,1.584963
1425,1.584963
1426,1.584963
1427,1.584963
1428,0.918296
1429,0.918296
1430,0.918296
1431,0.918296
1432,1.584963
1433,1.584963
1434,1.584963
1435,1.584963
1436,0.918296
1437,1.584963
1438,0.918296
1439,0.918296
1440,1.584963
1441,0.918296
1442,0.918296
1443,1.584963
1444,1.584963
1445,1.584963
1446,1.584963
1447,1.584963
1448,1.584963
1449,1.584963
1450,1.584963
1451,1.584963
1452,1.584963
1453,1.584963
1454,1.584963
1455,1.584963
1456,1.584963
1457,0.918296
1458,0.918296
1459,1.584963
1460,0.918296
1461,1.584963
1462,1.584963
1463,1.584963
1464,1.584963
1465,1.584963
1466,0.918296
1467,1.584963
1468,1.584963
1469,1.584963
1470,1.584963
1471,0.918296
1472,0.000000
1473,0.918296
1474,1.584963
1475,1.584963
1476,0.918296
1477,0.918296
1478,0.918296
1479,0.918296
1480,0.918296
1481,1.584963
1482,0.918296
1483,0.918296
1484,1.584963
1485,0.918296
1486,1.584963
1487,1.584963
1488,1.584963
1489,1.584963
1490,1.584963
1491,1.584963
1492,1.584963
1493,1.584963
1494,1.584963
1495,1.584963
1496,1.584963
1497,1.584963
1498,0.918296
1499,0.918296
1500,0.918296
1501,1.584963
1502,1.584963
1503,1.584963
1504,1.584963
1505,1.584963
1506,1.584963
1507,1.584963
1508,0.918296
1509,1.584963
1510,0.918296
1511,1.584963
1512,1.584963
1513,0.918296
1514,0.918296
1515,1.584963
1516,1.584963
1517,1.584963
1518,1.584963
1519,1.584963
1520,1.584963
1521,1.584963
1522,1.584963
1523,1.584963
1524,1.584963
1525,1.584963
1526,1.584963
1527,0.918296
1528,0.918296
1529,1.584963
1530,1.584963
1531,1.584963
1532,1.584963
1533,1.584963
1534,1.584963
1535,1.584963
1536,1.584963
1537,1.584963
1538,1.584963
1539,1.584963
1540,1.584963
1541,0.918296
1542,0.000000
1543,0.918296
1544,0.918296
1545,0.918296
1546,0.918296
1547,0.918296
1548,1.584963
1549,0.918296
1550,0.918296
1551,0.918296
1552,0.918296
1553,1.584963
1554,1.584963
1555,1.584963
1556,1.584963
1557,1.584963
1558,1.584963
1559,1.584963
1560,1.584963
1561,1.584963
1562,1.584963
1563,1.584963
1564,1.584963
1565,1.584963
1566,1.584963
1567,1.584963
1568,1.584963
1569,1.584963
1570,1.584963
1571,1.584963
1572,1.584963
1573,1.584963
1574,1.584963
1575,1.584963
1576,1.584963
1577,1.584963
1578,1.584963
1579,1.584963
1580,1.584963
1581,1.584963
1582,0.918296
1583,1.584963
1584,1.584963
1585,1.584963
1586,1.584963
1587,1.584963
1588,0.918296
1589,0.000000
1590,0.918296
1591,1.584963
1592,1.584963
1593,1.584963
1594,1.584963
1595,1.584963
1596,1.584963
1597,1.584963
1598,1.584963
1599,1.584963
1600,1.584963
1601,1.584963
1602,1.584963
1603,0.918296
1604,1.584963
1605,1.584963
1606,1.584963
1607,1.584963
1608,0.918296
1609,0.918296
1610,1.584963
1611,1.584963
1612,1.584963
1613,0.918296
1614,1.584963
1615,1.584963
1616,1.584963
1617,1.584963
1618,1.584963
1619,1.584963
1620,1.584963
1621,1.584963
1622,0.918296
1623,0.918296
1624,0.918296
1625,0.000000
1626,0.918296
1627,1.584963
1628,0.918296
1629,0.918296
1630,0.918296
1631,1.584963
1632,0.918296
1633,1.584963
1634,1.584963
1635,1.584963
1636,1.584963
1637,1.584963
1638,1.584963
1639,0.918296
1640,0.918296
1641,1.584963
1642,0.918296
1643,0.918296
1644,0.918296
1645,1.584963
1646,0.918296
1647,0.918296
1648,1.584963
1649,1.584963
1650,1.584963
1651,1.584963
1652,0.918296
1653,1.584963
1654,0.918296
1655,1.584963
1656,1.584963
1657,1.584963
1658,0.918296
1659,0.918296
1660,1.584963
1661,1.584963
1662,1.584963
1663,1.584963
1664,1.584963
1665,1.584963
1666,1.584963
1667,0.918296
1668,0.918296
1669,0.918296
1670,1.584963
1671,0.918296
1672,0.000000
1673,0.918296
1674,1.584963
1675,1.584963
1676,1.584963
1677,0.918296
1678,0.918296
1679,1.584963
1680,1.584963
1681,1.584963
1682,1.584963
1683,1.584963
1684,1.584963
1685,1.584963
1686,1.584963
1687,1.584963
1688,1.584963
1689,1.584963
1690,1.584963
1691,1.584963
1692,1.584963
1693,1.584963
1694,0.918296
1695,0.918296
1696,1.584963
1697,1.584963
1698,0.918296
1699,0.918296
1700,1.584963
1701,0.918296
1702,0.918296
1703,1.584963
1704,1.584963
1705,1.584963
1706,1.584963
1707,1.584963
1708,1.584963
1709,0.918296
1710,0.918296
1711,1.584963
1712,1.584963
1713,1.584963
1714,1.584963
1715,1.584963
1716,1.584963
1717,1.584963
1718,1.584963
1719,1.584963
1720,0.918296
1721,0.918296
1722,0.918296
1723,1.584963
1724,1.584963
1725,1.584963
1726,0.918296
1727,1.584963
1728,1.584963
1729,0.918296
1730,0.918296
1731,1.584963
1732,0.918296
1733,0.918296
1734,0.918296
1735,1.584963
1736,1.584963
1737,1.584963
1738,1.584963
1739,1.584963
1740,1.584963
1741,1.584963
1742,0.918296
1743,1.584963
1744,1.584963
1745,1.584963
1746,1.584963
1747,1.584963
1748,1.584963
1749,0.918296
1750,0.000000
1751,0.918296
1752,1.584963
1753,1.584963
1754,1.584963
1755,1.584963
1756,1.584963
1757,1.584963
1758,1.584963
1759,1.584963
1760,1.584963
1761,1.584963
1762,1.584963
1763,1.584963
1764,1.584963
1765,0.918296
1766,0.918296
1767,1.584963
1768,0.918296
1769,0.918296
1770,1.584963
1771,0.918296
1772,0.918296
1773,1.584963
1774,1.584963
1775,1.584963
1776,1.584963
1777,1.584963
1778,1.584963
1779,1.584963
1780,1.584963
1781,1.584963
1782,1.584963
1783,1.584963
1784,1.584963
1785,1.584963
1786,1.584963
1787,1.584963
1788,1.584963
1789,1.584963
1790,1.584963
1791,1.584963
1792,1.584963
1793,1.584963
1794,1.584963
1795,1.584963
1796,1.584963
1797,0.918296
1798,0.918296
1799,1.584963
1800,1.584963
1801,1.584963
1802,1.584963
1803,1.584963
1804,1.584963
1805,1.584963
1806,1.584963
1807,1.584963
1808,0.918296
1809,0.918296
1810,1.584963
1811,0.918296
1812,1.584963
1813,0.918296
1814,1.584963
1815,1.584963
1816,1.584963
1817,0.918296
1818,0.918296
1819,1.584963
1820,0.918296
1821,0.918296
1822,1.584963
1823,1.584963
1824,1.584963
1825,1.584963
1826,1.584963
1827,1.584963
1828,1.584963
1829,0.918296
1830,0.918296
1831,1.584963
1832,1.584963
1833,1.584963
1834,1.584963
1835,1.584963
1836,1.584963
1837,0.918296
1838,1.584963
1839,1.584963
1840,1.584963
1841,1.584963
1842,1.584963
1843,1.584963
1844,1.584963
1845,1.584963
1846,0.918296
1847,0.918296
1848,1.584963
1849,1.584963
1850,1.584963
1851,0.918296
1852,0.918296
1853,0.918296
1854,0.918296
1855,1.584963
1856,1.584963
1857,1.584963
1858,1.584963
1859,1.584963
1860,1.584963
1861,1.584963
1862,1.584963
1863,1.584963
1864,1.584963
1865,1.584963
1866,1.584963
1867,1.584963
1868,1.584963
1869,1.584963
1870,1.584963
1871,0.918296
1872,0.918296
1873,1.584963
1874,0.918296
1875,1.584963
1876,1.584963
1877,1.584963
1878,1.584963
1879,1.584963
1880,1.584963
1881,1.584963
1882,1.584963
1883,1.584963
1884,1.584963
1885,1.584963
1886,0.918296
1887,0.918296
1888,1.584963
1889,1.584963
1890,1.584963
1891,0.918296
1892,0.918296
1893,0.918296
1894,0.918296
1895,1.584963
1896,0.918296
1897,1.584963
1898,0.918296
1899,0.918296
1900,1.584963
1901,0.918296
1902,0.918296
1903,1.584963
1904,0.918296
1905,1.584963
1906,1.584963
1907,1.584963
1908,1.584963
1909,1.584963
1910,1.584963
1911,0.918296
1912,1.584963
1913,1.584963
1914,1.584963
1915,1.584963
1916,1.584963
1917,1.584963
1918,0.918296
1919,0.918296
1920,0.918296
1921,0.000000
1922,0.918296
1923,1.584963
1924,1.584963
1925,1.584963
1926,1.584963
1927,1.584963
1928,1.584963
1929,1.584963
1930,1.584963
1931,1.584963
1932,1.584963
1933,0.918296
1934,0.918296
1935,0.918296
1936,1.584963
1937,1.584963
1938,0.918296
1939,0.918296
1940,0.918296
1941,0.918296
1942,1.584963
1943,1.584963
1944,1.584963
1945,1.584963
1946,1.584963
1947,1.584963
1948,1.584963
1949,1.584963
1950,1.584963
1951,1.584963
1952,1.584963
1953,1.584963
1954,1.584963
1955,1.584963
1956,0.918296
1957,1.584963
1958,1.584963
1959,1.584963
1960,1.584963
1961,1.584963
1962,1.584963
1963,1.584963
1964,1.584963
1965,1.584963
1966,0.918296
1967,1.584963
1968,1.584963
1969,1.584963
1970,1.584963
1971,0.918296
1972,1.584963
1973,1.584963
1974,1.584963
1975,1.584963
1976,1.584963
1977,1.584963
1978,0.918296
1979,1.584963
1980,1.584963
1981,0.918296
1982,0.918296
1983,1.584963
1984,1.584963
1985,0.918296
1986,0.918296
1987,1.584963
1988,1.584963
1989,1.584963
1990,1.584963
1991,1.584963
1992,1.584963
1993,1.584963
1994,0.918296
1995,0.918296
1996,1.584963
1997,1.584963
1998,0.918296
1999,0.000000
2000,0.918296
2001,1.584963
2002,1.584963
2003,1.584963
2004,0.918296
2005,0.918296
2006,1.584963
2007,1.584963
2008,0.918296
2009,1.584963
2010,0.918296
2011,0.918296
2012,1.584963
2013,0.918296
2014,0.918296
2015,0.000000
2016,0.918296
2017,1.584963
2018,1.584963
2019,1.584963
2020,1.584963
2021,0.918296
2022,1.584963
2023,1.584963
2024,1.584963
2025,1.584963
2026,1.584963
2027,0.918296
2028,1.584963
2029,1.584963
2030,1.584963
2031,1.584963
2032,0.918296
2033,1.584963
2034,1.584963
2035,0.918296
2036,0.918296
2037,1.584963
2038,1.584963
2039,1.584963
2040,1.584963
2041,1.584963
2042,1.584963
2043,1.584963
2044,1.584963
2045,1.584963
2046,1.584963
2047,1.584963
2048,1.584963
2049,1.584963
2050,1.584963
2051,1.584963
2052,0.918296
2053,0.918296
2054,1.584963
2055,1.584963
2056,1.584963
2057,1.584963
2058,1.584963
2059,1.584963
2060,1.584963
2061,1.584963
2062,1.584963
2063,1.584963
2064,1.584963
2065,0.918296
2066,0.000000
2067,0.918296
2068,1.584963
2069,1.584963
2070,0.918296
2071,0.918296
2072,0.000000
2073,0.918296
2074,1.584963
2075,1.584963
2076,1.584963
2077,1.584963
2078,1.584963
2079,1.584963
2080,1.584963
2081,1.584963
2082,0.918296
2083,1.584963
2084,1.584963
2085,0.918296
2086,0.918296
2087,1.584963
2088,1.584963
2089,1.584963
2090,1.584963
2091,0.918296
2092,1.584963
2093,1.584963
2094,0.918296
2095,1.584963
2096,1.584963
2097,1.584963
2098,1.584963
2099,0.918296
2100,0.918296
2101,1.584963
2102,1.584963
2103,0.918296
2104,0.918296
2105,1.584963
2106,0.918296
2107,1.584963
2108,0.918296
2109,0.918296
2110,1.584963
2111,1.584963
2112,1.584963
2113,0.918296
2114,0.918296
2115,0.918296
2116,0.918296
2117,0.918296
2118,1.584963
2119,0.918296
2120,1.584963
2121,1.584963
2122,1.584963
2123,0.918296
2124,1.584963
2125,1.584963
2126,1.584963
2127,0.918296
2128,1.584963
2129,1.584963
2130,1.584963
2131,1.584963
2132,0.918296
2133,0.918296
2134,1.584963
2135,0.918296
2136,0.918296
2137,1.584963
2138,0.918296
2139,0.918296
2140,1.584963
2141,1.584963
2142,1.584963
2143,1.584963
2144,1.584963
2145,1.584963
2146,1.584963
2147,1.584963
2148,1.584963
2149,1.584963
2150,1.584963
2151,1.584963
2152,1.584963
2153,1.584963
2154,1.584963
2155,1.584963
2156,1.584963
2157,1.584963
2158,1.584963
2159,1.584963
2160,1.584963
2161,1.584963
2162,1.584963
2163,1.584963
2164,1.584963
2165,1.584963
2166,1.584963
2167,0.918296
2168,1.584963
2169,1.584963
2170,1.584963
2171,1.584963
2172,1.584963
2173,0.918296
2174,1.584963
2175,1.584963
2176,1.584963
2177,1.584963
2178,1.584963
2179,1.584963
2180,0.918296
2181,1.584963
2182,1.584963
2183,1.584963
2184,0.918296
2185,0.918296
2186,1.584963
2187,1.584963
2188,1.584963
2189,1.584963
2190,0.918296
2191,0.000000
2192,0.918296
2193,0.918296
2194,0.918296
2195,0.918296
2196,0.918296
2197,0.918296
2198,1.584963
2199,0.918296
2200,0.918296
2201,0.918296
2202,1.584963
2203,1.584963
2204,0.918296
2205,0.918296
2206,0.918296
2207,0.918296
2208,0.918296
2209,1.584963
2210,1.584963
2211,1.584963
2212,1.584963
2213,1.584963
2214,0.918296
2215,0.918296
2216,0.918296
2217,0.918296
2218,1.584963
2219,1.584963
2220,1.584963
2221,1.584963
2222,1.584963
2223,0.918296
2224,0.918296
2225,0.918296
2226,1.584963
2227,0.918296
2228,1.584963
2229,1.584963
2230,1.584963
2231,1.584963
2232,1.584963
2233,1.584963
2234,1.584963
2235,1.584963
2236,1.584963
2237,1.584963
2238,1.584963
2239,1.584963
2240,1.584963
2241,1.584963
2242,1.584963
2243,1.584963
2244,1.584963
2245,1.584963
2246,1.584963
2247,1.584963
2248,1.584963
2249,1.584963
2250,0.918296
2251,0.918296
2252,0.918296
2253,1.584963
2254,0.918296
2255,0.918296
2256,1.584963
2257,1.584963
2258,1.584963
2259,1.584963
2260,0.918296
2261,0.000000
2262,0.918296
2263,1.584963
2264,1.584963
2265,1.584963
2266,1.584963
2267,0.918296
2268,0.918296
2269,1.584963
2270,1.584963
2271,1.584963
2272,1.584963
2273,0.918296
2274,0.918296
2275,1.584963
2276,1.584963
2277,0.918296
2278,1.584963
2279,1.584963
2280,0.918296
2281,1.584963
2282,1.584963
2283,1.584963
2284,1.584963
2285,1.584963
2286,1.584963
2287,1.584963
2288,0.918296
2289,0.918296
2290,0.918296
2291,0.918296
2292,1.584963
2293,1.584963
2294,1.584963
2295,0.918296
2296,1.584963
2297,0.918296
2298,0.918296
2299,0.918296
2300,0.918296
2301,1.584963
2302,1.584963
2303,1.584963
2304,1.584963
2305,0.918296
2306,0.918296
2307,1.584963
2308,1.584963
2309,1.584963
2310,1.584963
2311,1.584963
2312,1.584963
2313,1.584963
2314,1.584963
2315,1.584963
2316,1.584963
2317,1.584963
2318,0.918296
2319,1.584963
2320,1.584963
2321,1.584963
2322,1.584963
2323,1.584963
2324,1.584963
2325,0.918296
2326,1.584963
2327,1.584963
2328,1.584963
2329,1.584963
2330,1.584963
2331,0.918296
2332,1.584963
2333,1.584963
2334,1.584963
2335,1.584963
2336,0.918296
2337,1.584963
2338,1.584963
2339,1.584963
2340,1.584963
2341,0.918296
2342,1.584963
2343,0.918296
2344,0.918296
2345,0.918296
2346,0.000000
2347,0.918296
2348,1.584963
2349,1.584963
2350,1.584963
2351,1.584963
2352,0.918296
2353,0.918296
2354,0.918296
2355,0.918296
2356,0.918296
2357,1.584963
2358,0.918296
2359,1.584963
2360,1.584963
2361,1.584963
2362,1.584963
2363,1.584963
2364,1.584963
2365,0.918296
2366,0.918296
2367,0.918296
2368,1.584963
2369,0.918296
2370,0.000000
2371,0.918296
2372,1.584963
2373,1.584963
2374,1.584963
2375,1.584963
2376,0.918296
2377,1.584963
2378,1.584963
2379,1.584963
2380,0.918296
2381,0.918296
2382,1.584963
2383,1.584963
2384,0.918296
2385,1.584963
2386,1.584963
2387,0.918296
2388,0.918296
2389,1.584963
2390,1.584963
2391,0.918296
2392,1.584963
2393,0.918296
2394,1.584963
2395,1.584963
2396,0.918296
2397,1.584963
2398,0.918296
2399,0.918296
2400,0.918296
2401,0.918296
2402,0.918296
2403,0.918296
2404,1.584963
2405,0.918296
2406,1.584963
2407,1.584963
2408,1.584963
2409,0.918296
2410,1.584963
2411,1.584963
2412,1.584963
2413,1.584963
2414,1.584963
2415,1.584963
2416,0.918296
2417,0.918296
2418,1.584963
2419,1.584963
2420,1.584963
2421,1.584963
2422,1.584963
2423,1.584963
2424,1.584963
2425,1.584963
2426,1.584963
2427,1.584963
2428,1.584963
2429,0.918296
2430,1.584963
2431,0.918296
2432,1.584963
2433,1.584963
2434,1.584963
2435,1.584963
2436,1.584963
2437,1.584963
2438,1.584963
2439,0.918296
2440,1.584963
2441,1.584963
2442,0.918296
2443,0.918296
2444,1.584963
2445,1.584963
2446,1.584963
2447,0.918296
2448,0.918296
2449,1.584963
2450,1.584963
2451,1.584963
2452,1.584963
2453,1.584963
2454,1.584963
2455,1.584963
2456,1.584963
2457,1.584963
2458,1.584963
2459,1.584963
2460,1.584963
2461,1.584963
2462,1.584963
2463,1.584963
2464,0.918296
2465,1.584963
2466,1.584963
2467,1.584963
2468,1.584963
2469,1.584963
2470,1.584963
2471,1.584963
2472,1.584963
2473,1.584963
2474,0.918296
2475,0.918296
2476,0.918296
2477,0.918296
2478,1.584963
2479,1.584963
2480,1.584963
2481,1.584963
2482,1.584963
2483,1.584963
2484,1.584963
2485,1.584963
2486,1.584963
2487,1.584963
2488,1.584963
2489,0.918296
2490,0.918296
2491,0.918296
2492,1.584963
2493,1.584963
2494,1.584963
2495,1.584963
2496,1.584963
2497,0.918296
2498,1.584963
2499,1.584963
2500,0.918296
2501,0.918296
2502,1.584963
2503,1.584963
2504,0.918296
2505,0.918296
2506,1.584963
2507,1.584963
2508,0.918296
2509,0.918296
2510,1.584963
2511,1.584963
2512,1.584963
2513,1.584963
2514,0.918296
2515,1.584963
2516,1.584963
2517,1.584963
2518,1.584963
2519,1.584963
2520,1.584963
2521,1.584963
2522,1.584963
2523,1.584963
2524,1.584963
2525,1.584963
2526,0.918296
2527,1.584963
2528,0.918296
2529,0.918296
2530,0.918296
2531,0.918296
2532,0.918296
2533,1.584963
2534,1.584963
2535,1.584963
2536,1.584963
2537,1.584963
2538,1.584963
2539,1.584963
2540,1.584963
2541,1.584963
2542,1.584963
2543,1.584963
2544,1.584963
2545,0.918296
2546,0.918296
2547,0.918296
2548,1.584963
2549,1.584963
2550,1.584963
2551,1.584963
2552,1.584963
2553,0.918296
2554,0.918296
2555,0.918296
2556,1.584963
2557,1.584963
2558,0.918296
2559,1.584963
2560,1.584963
2561,1.584963
2562,1.584963
2563,1.584963
2564,1.584963
2565,1.584963
2566,1.584963
2567,1.584963
2568,1.584963
2569,0.918296
2570,0.918296
2571,0.918296
2572,1.584963
2573,1.584963
2574,1.584963
2575,1.584963
2576,1.584963
2577,1.584963
2578,1.584963
2579,1.584963
2580,1.584963
2581,1.584963
2582,1.584963
2583,1.584963
2584,1.584963
2585,1.584963
2586,0.918296
2587,0.918296
2588,1.584963
2589,1.584963
2590,1.584963
2591,1.584963
2592,1.584963
2593,0.918296
2594,0.918296
2595,0.918296
2596,1.584963
2597,1.584963
2598,1.584963
2599,1.584963
2600,1.584963
2601,1.584963
2602,1.584963
2603,1.584963
2604,1.584963
2605,0.918296
2606,1.584963
2607,1.584963
2608,1.584963
2609,1.584963
2610,1.584963
2611,1.584963
2612,1.584963
2613,0.918296
2614,1.584963
2615,1.584963
2616,1.584963
2617,1.584963
2618,0.918296
2619,1.584963
2620,1.584963
2621,1.584963
2622,1.584963
2623,1.584963
2624,1.584963
2625,1.584963
2626,1.584963
2627,1.584963
2628,1.584963
2629,1.584963
2630,1.584963
2631,0.918296
2632,0.918296
2633,0.918296
2634,0.918296
2635,0.918296
2636,0.918296
2637,1.584963
2638,0.918296
2639,1.584963
2640,1.584963
2641,1.584963
2642,1.584963
2643,1.584963
2644,1.584963
2645,1.584963
2646,1.584963
2647,1.584963
2648,1.584963
2649,1.584963
2650,1.584963
2651,1.584963
2652,0.918296
2653,0.918296
2654,1.584963
2655,1.584963
2656,0.918296
2657,1.584963
2658,0.918296
2659,1.584963
2660,0.918296
2661,1.584963
2662,1.584963
2663,1.584963
2664,1.584963
2665,1.584963
2666,1.584963
2667,0.918296
2668,0.918296
2669,0.918296
2670,1.584963
2671,1.584963
2672,1.584963
2673,1.584963
2674,1.584963
2675,1.584963
2676,0.918296
2677,1.584963
2678,1.584963
2679,1.584963
2680,0.918296
2681,0.918296
2682,1.584963
2683,1.584963
2684,1.584963
2685,0.918296
2686,0.918296
2687,1.584963
2688,1.584963
2689,1.584963
2690,0.918296
2691,1.584963
2692,1.584963
2693,1.584963
2694,1.584963
2695,0.918296
2696,1.584963
2697,1.584963
2698,0.918296
2699,1.584963
2700,1.584963
2701,0.918296
2702,0.918296
2703,0.918296
2704,0.918296
2705,1.584963
2706,1.584963
2707,1.584963
2708,0.918296
2709,0.918296
2710,0.918296
2711,1.584963
2712,1.584963
2713,1.584963
2714,1.584963
2715,1.584963
2716,1.584963
2717,0.918296
2718,0.918296
2719,1.584963
2720,1.584963
2721,0.918296
2722,0.918296
2723,0.918296
2724,1.584963
2725,1.584963
2726,1.584963
2727,1.584963
2728,0.918296
2729,1.584963
2730,1.584963
2731,1.584963
2732,1.584963
2733,1.584963
2734,1.584963
2735,1.584963
2736,1.584963
2737,1.584963
2738,1.584963
2739,1.584963
2740,1.584963
2741,1.584963
2742,1.584963
2743,1.584963
2744,1.584963
2745,1.584963
2746,1.584963
2747,1.584963
2748,1.584963
2749,1.584963
2750,1.584963
2751,1.584963
2752,1.584963
2753,1.584963
2754,0.918296
2755,1.584963
2756,1.584963
2757,0.918296
2758,0.918296
2759,1.584963
2760,1.584963
2761,0.918296
2762,1.584963
2763,1.584963
2764,1.584963
2765,1.584963
2766,1.584963
2767,0.918296
2768,0.000000
2769,0.918296
2770,0.918296
2771,0.918296
2772,1.584963
2773,0.918296
2774,0.918296
2775,0.918296
2776,1.584963
2777,0.918296
2778,0.000000
2779,0.000000
2780,0.918296
2781,0.918296
2782,0.918296
2783,1.584963
2784,0.918296
2785,1.584963
2786,1.584963
2787,1.584963
2788,0.918296
2789,1.584963
2790,1.584963
2791,1.584963
2792,1.584963
2793,1.584963
2794,0.918296
2795,0.918296
2796,0.918296
2797,1.584963
2798,1.584963
2799,1.584963
2800,1.584963
2801,0.918296
2802,0.918296
2803,1.584963
2804,1.584963
2805,1.584963
2806,0.918296
2807,0.918296
2808,1.584963
2809,1.584963
2810,0.918296
2811,0.918296
2812,1.584963
2813,1.584963
2814,1.584963
2815,1.584963
2816,1.584963
2817,0.918296
2818,0.918296
2819,0.918296
2820,0.918296
2821,1.584963
2822,1.584963
2823,1.584963
2824,1.584963
2825,0.918296
2826,0.918296
2827,1.584963
2828,1.584963
2829,1.584963
2830,1.584963
2831,1.584963
2832,1.584963
2833,0.918296
2834,0.918296
2835,0.918296
2836,0.918296
2837,1.584963
2838,1.584963
2839,1.584963
2840,1.584963
2841,1.584963
2842,1.584963
2843,1.584963
2844,0.918296
2845,1.584963
2846,1.584963
2847,0.918296
2848,1.584963
2849,1.584963
2850,1.584963
2851,1.584963
2852,1.584963
2853,1.584963
2854,0.918296
2855,1.584963
2856,1.584963
2857,1.584963
2858,1.584963
2859,0.918296
2860,0.918296
2861,1.584963
2862,1.584963
2863,1.584963
2864,1.584963
2865,1.584963
2866,1.584963
2867,1.584963
2868,1.584963
2869,1.584963
2870,1.584963
2871,1.584963
2872,1.584963
2873,1.584963
2874,1.584963
2875,1.584963
2876,1.584963
2877,1.584963
2878,1.584963
2879,1.584963
2880,1.584963
2881,1.584963
2882,1.584963
2883,0.918296
2884,1.584963
2885,1.584963
2886,0.918296
2887,1.584963
2888,1.584963
2889,1.584963
2890,1.584963
2891,1.584963
2892,1.584963
2893,1.584963
2894,1.584963
2895,0.918296
2896,0.000000
2897,0.918296
2898,1.584963
2899,0.918296
2900,0.918296
2901,1.584963
2902,0.918296
2903,1.584963
2904,0.918296
2905,0.918296
2906,0.918296
2907,1.584963
2908,1.584963
2909,0.918296
2910,0.918296
2911,0.918296
2912,0.918296
2913,0.918296
2914,1.584963
2915,1.584963
2916,1.584963
2917,1.584963
2918,1.584963
2919,1.584963
2920,1.584963
2921,1.584963
2922,1.584963
2923,1.584963
2924,1.584963
2925,1.584963
2926,1.584963
2927,1.584963
2928,0.918296
2929,1.584963
2930,1.584963
2931,1.584963
2932,1.584963
2933,1.584963
2934,1.584963
2935,1.584963
2936,0.918296
2937,0.918296
2938,1.584963
2939,1.584963
2940,1.584963
2941,1.584963
2942,1.584963
2943,1.584963
2944,1.584963
2945,1.584963
2946,1.584963
2947,1.584963
2948,0.918296
2949,1.584963
2950,1.584963
2951,1.584963
2952,0.918296
2953,1.584963
2954,1.584963
2955,1.584963
2956,0.918296
2957,0.918296
2958,1.584963
2959,1.584963
2960,1.584963
2961,1.584963
2962,1.584963
2963,1.584963
2964,1.584963
2965,1.584963
2966,0.918296
2967,1.584963
2968,1.584963
2969,1.584963
2970,1.584963
2971,1.584963
2972,0.918296
2973,0.918296
2974,1.584963
2975,1.584963
2976,1.584963
2977,1.584963
2978,1.584963
2979,0.918296
2980,1.584963
2981,1.584963
2982,0.918296
2983,1.584963
2984,1.584963
2985,1.584963
2986,1.584963
2987,0.918296
2988,1.584963
2989,1.584963
2990,1.584963
2991,1.584963
2992,0.918296
2993,1.584963
2994,0.918296
2995,0.918296
2996,1.584963
2997,1.584963
2998,1.584963
2999,1.584963
3000,1.584963
3001,1.584963
3002,1.584963
3003,0.918296
3004,1.584963
3005,1.584963
3006,1.584963
3007,1.584963
3008,0.918296
3009,1.584963
3010,1.584963
3011,1.584963
3012,0.918296
3013,1.584963
3014,1.584963
3015,1.584963
3016,1.584963
3017,0.918296
3018,0.918296
3019,1.584963
3020,1.584963
3021,1.584963
3022,1.584963
3023,1.584963
3024,1.584963
3025,1.584963
3026,1.584963
3027,1.584963
3028,1.584963
3029,1.584963
3030,1.584963
3031,0.918296
3032,0.918296
3033,1.584963
3034,1.584963
3035,0.918296
3036,0.918296
3037,0.918296
3038,1.584963
3039,1.584963
3040,1.584963
3041,1.584963
3042,1.584963
3043,1.584963
3044,1.584963
3045,0.918296
3046,0.918296
3047,1.584963
3048,1.584963
3049,1.584963
3050,1.584963
3051,1.584963
3052,1.584963
3053,1.584963
3054,1.584963
3055,0.918296
3056,0.918296
3057,1.584963
3058,1.584963
3059,0.918296
3060,0.918296
3061,0.918296
3062,1.584963
3063,1.584963
3064,1.584963
3065,1.584963
3066,1.584963
3067,1.584963
3068,0.918296
3069,1.584963
3070,1.584963
3071,0.918296
3072,0.918296
3073,1.584963
3074,1.584963
3075,1.584963
3076,1.584963
3077,1.584963
3078,1.584963
3079,1.584963
3080,1.584963
3081,1.584963
3082,0.918296
3083,0.918296
3084,1.584963
3085,1.584963
3086,1.584963
3087,1.584963
3088,1.584963
3089,0.918296
3090,1.584963
3091,0.918296
3092,0.918296
3093,0.918296
3094,0.918296
3095,1.584963
3096,0.918296
3097,0.918296
3098,1.584963
3099,0.918296
3100,1.584963
3101,0.918296
3102,0.918296
3103,1.584963
3104,1.584963
3105,1.584963
3106,1.584963
3107,1.584963
3108,1.584963
3109,0.918296
3110,0.918296
3111,1.584963
3112,0.918296
3113,0.918296
3114,1.584963
3115,1.584963
3116,1.584963
3117,1.584963
3118,1.584963
3119,1.584963
3120,1.584963
3121,1.584963
3122,1.584963
3123,1.584963
3124,1.584963
3125,1.584963
3126,1.584963
3127,1.584963
3128,1.584963
3129,0.918296
3130,0.918296
3131,1.584963
3132,1.584963
3133,1.584963
3134,1.584963
3135,1.584963
3136,1.584963
3137,1.584963
3138,1.584963
3139,1.584963
3140,1.584963
3141,1.584963
3142,1.584963
3143,1.584963
3144,1.584963
3145,1.584963
3146,0.918296
3147,1.584963
3148,0.918296
3149,0.918296
3150,1.584963
3151,1.584963
3152,1.584963
3153,1.584963
3154,1.584963
3155,1.584963
3156,1.584963
3157,1.584963
3158,1.584963
3159,1.584963
3160,1.584963
3161,1.584963
3162,1.584963
3163,0.918296
3164,0.918296
3165,1.584963
3166,1.584963
3167,1.584963
3168,1.584963
3169,0.918296
3170,1.584963
3171,0.918296
3172,1.584963
3173,1.584963
3174,1.584963
3175,1.584963
3176,1.584963
3177,0.918296
3178,1.584963
3179,1.584963
3180,1.584963
3181,1.584963
3182,1.584963
3183,1.584963
3184,1.584963
3185,0.918296
3186,0.918296
3187,0.918296
3188,1.584963
3189,1.584963
3190,0.918296
3191,0.918296
3192,0.918296
3193,0.918296
3194,1.584963
3195,1.584963
3196,1.584963
3197,1.584963
3198,1.584963
3199,1.584963
3200,1.584963
3201,1.584963
3202,1.584963
3203,1.584963
3204,1.584963
3205,0.918296
3206,0.918296
3207,1.584963
3208,1.584963
3209,0.918296
3210,1.584963
3211,1.584963
3212,1.584963
3213,1.584963
3214,1.584963
3215,1.584963
3216,1.584963
3217,0.918296
3218,0.918296
3219,0.918296
3220,0.918296
3221,1.584963
3222,1.584963
3223,0.918296
3224,0.918296
3225,1.584963
3226,1.584963
3227,1.584963
3228,0.918296
3229,0.918296
3230,1.584963
3231,1.584963
3232,1.584963
3233,1.584963
3234,1.584963
3235,1.584963
3236,1.584963
3237,0.918296
3238,0.918296
3239,1.584963
3240,1.584963
3241,1.584963
3242,0.918296
3243,1.584963
3244,0.918296
3245,1.584963
3246,1.584963
3247,0.918296
3248,1.584963
3249,1.584963
3250,1.584963
3251,1.584963
3252,1.584963
3253,1.584963
3254,1.584963
3255,1.584963
3256,1.584963
3257,1.584963
3258,1.584963
3259,0.918296
3260,1.584963
3261,0.918296
3262,0.918296
3263,0.918296
3264,1.584963
3265,1.584963
3266,1.584963
3267,1.584963
3268,1.584963
3269,1.584963
3270,1.584963
3271,1.584963
3272,0.918296
3273,1.584963
3274,1.584963
3275,0.918296
3276,1.584963
3277,1.584963
3278,1.584963
3279,1.584963
3280,1.584963
3281,1.584963
3282,0.918296
3283,0.918296
3284,1.584963
3285,0.918296
3286,0.918296
3287,0.918296
3288,1.584963
3289,1.584963
3290,1.584963
3291,0.918296
3292,1.584963
3293,1.584963
3294,0.918296
3295,0.918296
3296,1.584963
3297,1.584963
3298,1.584963
3299,1.584963
3300,1.584963
3301,1.584963
3302,1.584963
3303,1.584963
3304,1.584963
3305,1.584963
3306,1.584963
3307,1.584963
3308,0.918296
3309,0.918296
3310,1.584963
3311,1.584963
3312,1.584963
3313,0.918296
3314,1.584963
3315,1.584963
3316,1.584963
3317,1.584963
3318,1.584963
3319,1.584963
3320,1.584963
3321,1.584963
3322,1.584963
3323,1.584963
3324,1.584963
3325,0.918296
3326,1.584963
3327,1.584963
3328,1.584963
3329,0.918296
3330,0.918296
3331,1.584963
3332,1.584963
3333,0.918296
3334,0.918296
3335,1.584963
3336,1.584963
3337,1.584963
3338,1.584963
3339,1.584963
3340,1.584963
3341,1.584963
3342,1.584963
3343,1.584963
3344,1.584963
3345,1.584963
3346,1.584963
3347,1.584963
3348,1.584963
3349,1.584963
3350,0.918296
3351,1.584963
3352,1.584963
3353,0.918296
3354,1.584963
3355,1.584963
3356,1.584963
3357,0.918296
3358,1.584963
3359,1.584963
3360,0.918296
3361,0.918296
3362,1.584963
3363,1.584963
3364,0.918296
3365,1.584963
3366,1.584963
3367,1.584963
3368,1.584963
3369,1.584963
3370,1.584963
3371,1.584963
3372,1.584963
3373,1.584963
3374,1.584963
3375,1.584963
3376,1.584963
3377,0.918296
3378,0.918296
3379,1.584963
3380,1.584963
3381,1.584963
3382,1.584963
3383,1.584963
3384,1.584963
3385,1.584963
3386,1.584963
3387,0.918296
3388,0.918296
3389,1.584963
3390,1.584963
3391,1.584963
3392,1.584963
3393,1.584963
3394,1.584963
3395,1.584963
3396,0.918296
3397,0.918296
3398,0.918296
3399,1.584963
3400,1.584963
3401,1.584963
3402,1.584963
3403,1.584963
3404,1.584963
3405,1.584963
3406,1.584963
3407,1.584963
3408,0.918296
3409,0.918296
3410,1.584963
3411,1.584963
3412,1.584963
3413,0.918296
3414,1.584963
3415,1.584963
3416,1.584963
3417,1.584963
3418,1.584963
3419,1.584963
3420,0.918296
3421,0.918296
3422,0.918296
3423,1.584963
3424,1.584963
3425,1.584963
3426,1.584963
3427,1.584963
3428,1.584963
3429,1.584963
3430,0.918296
3431,0.918296
3432,1.584963
3433,1.584963
3434,1.584963
3435,1.584963
3436,1.584963
3437,1.584963
3438,1.584963
3439,0.918296
3440,0.918296
3441,1.584963
3442,1.584963
3443,1.584963
3444,1.584963
3445,1.584963
3446,1.584963
3447,1.584963
3448,1.584963
3449,1.584963
3450,0.918296
3451,0.918296
3452,0.918296
3453,1.584963
3454,1.584963
3455,0.918296
3456,1.584963
3457,0.918296
3458,0.918296
3459,0.918296
3460,0.918296
3461,0.918296
3462,1.584963
3463,1.584963
3464,1.584963
3465,1.584963
3466,0.918296
3467,0.918296
3468,1.584963
3469,1.584963
3470,1.584963
3471,0.918296
3472,1.584963
3473,1.584963
3474,1.584963
3475,1.584963
3476,1.584963
3477,1.584963
3478,0.918296
3479,0.918296
3480,1.584963
3481,0.918296
3482,0.918296
3483,1.584963
3484,0.918296
3485,0.918296
3486,1.584963
3487,1.584963
3488,0.918296
3489,1.584963
3490,1.584963
3491,1.584963
3492,0.918296
3493,0.918296
3494,1.584963
3495,0.918296
3496,0.918296
3497,0.918296
3498,0.918296
3499,0.918296
3500,0.918296
3501,1.584963
3502,0.918296
3503,0.918296
3504,1.584963
3505,1.584963
3506,0.918296
3507,0.918296
3508,1.584963
3509,1.584963
3510,1.584963
3511,1.584963
3512,0.918296
3513,1.584963
3514,0.918296
3515,0.918296
3516,0.918296
3517,1.584963
3518,1.584963
3519,1.584963
3520,1.584963
3521,0.918296
3522,0.918296
3523,1.584963
3524,1.584963
3525,1.584963
3526,1.584963
3527,1.584963
3528,0.918296
3529,0.918296
3530,1.584963
3531,0.918296
3532,1.584963
3533,1.584963
3534,1.584963
3535,1.584963
3536,1.584963
3537,1.584963
3538,1.584963
3539,1.584963
3540,1.584963
3541,1.584963
3542,1.584963
3543,1.584963
3544,1.584963
3545,1.584963
3546,1.584963
3547,1.584963
3548,1.584963
3549,1.584963
3550,1.584963
3551,1.584963
3552,1.584963
3553,1.584963
3554,1.584963
3555,1.584963
3556,1.584963
3557,1.584963
3558,1.584963
3559,1.584963
3560,0.918296
3561,0.918296
3562,1.584963
3563,1.584963
3564,1.584963
3565,1.584963
3566,1.584963
3567,1.584963
3568,1.584963
3569,0.918296
3570,0.918296
3571,0.918296
3572,0.918296
3573,1.584963
3574,1.584963
3575,0.918296
3576,0.918296
3577,1.584963
3578,1.584963
3579,1.584963
3580,0.918296
3581,1.584963
3582,0.918296
3583,0.918296
3584,1.584963
3585,1.584963
3586,0.918296
3587,1.584963
3588,1.584963
3589,0.918296
3590,1.584963
3591,0.918296
3592,0.918296
3593,0.918296
3594,1.584963
3595,1.584963
3596,1.584963
3597,1.584963
3598,1.584963
3599,1.584963
3600,1.584963
3601,1.584963
3602,1.584963
3603,0.918296
3604,0.918296
3605,1.584963
3606,1.584963
3607,1.584963
3608,1.584963
3609,0.918296
3610,0.918296
3611,1.584963
3612,1.584963
3613,1.584963
3614,1.584963
3615,1.584963
3616,1.584963
3617,1.584963
3618,0.918296
3619,0.000000
3620,0.000000
3621,0.918296
3622,1.584963
3623,1.584963
3624,1.584963
3625,1.584963
3626,1.584963
3627,1.584963
3628,1.584963
3629,1.584963
3630,1.584963
3631,1.584963
3632,0.918296
3633,1.584963
3634,1.584963
3635,1.584963
3636,0.918296
3637,0.918296
3638,1.584963
3639,1.584963
3640,1.584963
3641,1.584963
3642,1.584963
3643,1.584963
3644,1.584963
3645,1.584963
3646,1.584963
3647,1.584963
3648,1.584963
3649,1.584963
3650,1.584963
3651,0.918296
3652,0.918296
3653,1.584963
3654,1.584963
3655,0.918296
3656,0.918296
3657,1.584963
3658,1.584963
3659,0.918296
3660,0.918296
3661,0.918296
3662,1.584963
3663,1.584963
3664,1.584963
3665,0.918296
3666,0.918296
3667,0.918296
3668,1.584963
3669,1.584963
3670,1.584963
3671,1.584963
3672,1.584963
3673,0.918296
3674,0.918296
3675,1.584963
3676,1.584963
3677,1.584963
3678,0.918296
3679,0.918296
3680,1.584963
3681,1.584963
3682,1.584963
3683,1.584963
3684,0.918296
3685,0.918296
3686,1.584963
3687,1.584963
3688,1.584963
3689,1.584963
3690,1.584963
3691,1.584963
3692,1.584963
3693,1.584963
3694,1.584963
3695,1.584963
3696,1.584963
3697,1.584963
3698,1.584963
3699,1.584963
3700,1.584963
3701,1.584963
3702,1.584963
3703,0.918296
3704,1.584963
3705,1.584963
3706,0.918296
3707,1.584963
3708,1.584963
3709,0.918296
3710,1.584963
3711,1.584963
3712,1.584963
3713,1.584963
3714,1.584963
3715,1.584963
3716,1.584963
3717,1.584963
3718,1.584963
3719,1.584963
3720,1.584963
3721,0.918296
3722,0.918296
3723,1.584963
3724,1.584963
3725,1.584963
3726,1.584963
3727,1.584963
3728,1.584963
3729,1.584963
3730,1.584963
3731,1.584963
3732,0.918296
3733,0.918296
3734,0.918296
3735,1.584963
3736,0.918296
3737,0.918296
3738,0.918296
3739,0.918296
3740,0.918296
3741,0.918296
3742,0.918296
3743,1.584963
3744,1.584963
3745,1.584963
3746,1.584963
3747,1.584963
3748,1.584963
3749,1.584963
3750,1.584963
3751,1.584963
3752,1.584963
3753,1.584963
3754,1.584963
3755,1.584963
3756,1.584963
3757,1.584963
3758,1.584963
3759,0.918296
3760,0.918296
3761,1.584963
3762,1.584963
3763,1.584963
3764,1.584963
3765,1.584963
3766,0.918296
3767,1.584963
3768,0.918296
3769,1.584963
3770,0.918296
3771,0.918296
3772,1.584963
3773,1.584963
3774,1.584963
3775,0.918296
3776,1.584963
3777,1.584963
3778,1.584963
3779,1.584963
3780,1.584963
3781,1.584963
3782,1.584963
3783,0.918296
3784,0.918296
3785,1.584963
3786,1.584963
3787,0.918296
3788,1.584963
3789,1.584963
3790,1.584963
3791,1.584963
3792,1.584963
3793,1.584963
3794,0.918296
3795,0.918296
3796,1.584963
3797,1.584963
3798,0.918296
3799,0.000000
3800,0.000000
3801,0.918296
3802,1.584963
3803,1.584963
3804,1.584963
3805,1.584963
3806,0.918296
3807,0.918296
3808,0.918296
3809,0.000000
3810,0.000000
3811,0.000000
3812,0.918296
3813,1.584963
3814,1.584963
3815,1.584963
3816,0.918296
3817,0.918296
3818,1.584963
3819,0.918296
3820,0.918296
3821,1.584963
3822,1.584963
3823,1.584963
3824,1.584963
3825,0.918296
3826,1.584963
3827,1.584963
3828,1.584963
3829,1.584963
3830,1.584963
3831,1.584963
3832,1.584963
3833,1.584963
3834,0.918296
3835,0.918296
3836,1.584963
3837,1.584963
3838,1.584963
3839,1.584963
3840,1.584963
3841,1.584963
3842,1.584963
3843,0.918296
3844,1.584963
3845,1.584963
3846,1.584963
3847,1.584963
3848,1.584963
3849,1.584963
3850,1.584963
3851,1.584963
3852,1.584963
3853,1.584963
3854,0.918296
3855,1.584963
3856,0.918296
3857,0.918296
3858,0.918296
3859,1.584963
3860,1.584963
3861,1.584963
3862,1.584963
3863,1.584963
3864,1.584963
3865,1.584963
3866,1.584963
3867,1.584963
3868,0.918296
3869,0.918296
3870,1.584963
3871,1.584963
3872,0.918296
3873,1.584963
3874,1.584963
3875,0.918296
3876,1.584963
3877,1.584963
3878,1.584963
3879,1.584963
3880,1.584963
3881,1.584963
3882,1.584963
3883,1.584963
3884,1.584963
3885,1.584963
3886,0.918296
3887,1.584963
3888,1.584963
3889,1.584963
3890,0.918296
3891,0.918296
3892,1.584963
3893,1.584963
3894,1.584963
3895,1.584963
3896,1.584963
3897,1.584963
3898,1.584963
3899,1.584963
3900,1.584963
3901,0.918296
3902,1.584963
3903,1.584963
3904,1.584963
3905,1.584963
3906,1.584963
3907,0.918296
3908,0.918296
3909,1.584963
3910,1.584963
3911,1.584963
3912,1.584963
3913,0.918296
3914,0.000000
3915,0.918296
3916,1.584963
3917,0.918296
3918,0.918296
3919,0.918296
3920,1.584963
3921,1.584963
3922,1.584963
3923,1.584963
3924,1.584963
3925,1.584963
3926,0.918296
3927,1.584963
3928,1.584963
3929,0.918296
3930,0.918296
3931,0.918296
3932,1.584963
3933,1.584963
3934,1.584963
3935,1.584963
3936,1.584963
3937,0.918296
3938,0.918296
3939,1.584963
3940,1.584963
3941,1.584963
3942,0.918296
3943,1.584963
3944,1.584963
3945,1.584963
3946,1.584963
3947,1.584963
3948,1.584963
3949,0.918296
3950,0.918296
3951,1.584963
3952,1.584963
3953,1.584963
3954,1.584963
3955,1.584963
3956,1.584963
3957,0.918296
3958,0.918296
3959,1.584963
3960,1.584963
3961,1.584963
3962,1.584963
3963,1.584963
3964,1.584963
3965,1.584963
3966,1.584963
3967,1.584963
3968,1.584963
3969,0.918296
3970,0.918296
3971,1.584963
3972,1.584963
3973,1.584963
3974,1.584963
3975,1.584963
3976,0.918296
3977,0.918296
3978,1.584963
3979,0.918296
3980,0.918296
3981,1.584963
3982,0.918296
3983,0.918296
3984,1.584963
3985,1.584963
3986,0.918296
3987,1.584963
3988,1.584963
3989,1.584963
3990,1.584963
3991,1.584963
3992,1.584963
3993,1.584963
3994,1.584963
3995,0.918296
3996,1.584963
3997,0.918296
3998,1.584963
3999,0.918296
4000,1.584963
4001,0.918296
4002,0.918296
4003,0.918296
4004,0.918296
4005,1.584963
4006,1.584963
4007,0.918296
4008,0.918296
4009,0.918296
4010,0.918296
4011,0.918296
4012,1.584963
4013,0.918296
4014,0.000000
4015,0.918296
4016,0.918296
4017,1.584963
4018,0.918296
4019,1.584963
4020,0.918296
4021,0.918296
4022,1.584963
4023,1.584963
4024,1.584963
4025,1.584963
4026,1.584963
4027,1.584963
4028,1.584963
4029,1.584963
4030,1.584963
4031,1.584963
4032,1.584963
4033,1.584963
4034,1.584963
4035,1.584963
4036,1.584963
4037,1.584963
4038,1.584963
4039,1.584963
4040,1.584963
4041,0.918296
4042,1.584963
4043,1.584963
4044,1.584963
4045,1.584963
4046,1.584963
4047,1.584963
4048,1.584963
4049,1.584963
4050,0.918296
4051,1.584963
4052,1.584963
4053,1.584963
4054,1.584963
4055,1.584963
4056,1.584963
4057,1.584963
4058,1.584963
4059,0.918296
4060,1.584963
4061,0.918296
4062,0.918296
4063,0.918296
4064,1.584963
4065,0.918296
4066,0.918296
4067,1.584963
4068,0.918296
4069,1.584963
4070,0.918296
4071,0.918296
4072,1.584963
4073,1.584963
4074,1.584963
4075,1.584963
4076,1.584963
4077,1.584963
4078,1.584963
4079,1.584963
4080,1.584963
4081,0.918296
4082,0.918296
4083,1.584963
4084,1.584963
4085,1.584963
4086,0.918296
4087,0.918296
4088,1.584963
4089,1.584963
4090,0.918296
4091,0.918296
4092,1.584963
4093,1.584963
4094,1.584963
4095,1.584963
4096,1.584963
4097,1.584963
4098,1.584963
4099,0.918296
4100,0.918296
4101,1.584963
4102,1.584963
4103,1.584963
4104,1.584963
4105,1.584963
4106,1.584963
4107,1.584963
4108,1.584963
4109,1.584963
4110,0.918296
4111,0.918296
4112,0.918296
4113,0.918296
4114,1.584963
4115,1.584963
4116,1.584963
4117,1.584963
4118,0.918296
4119,0.918296
4120,1.584963
4121,0.918296
4122,0.918296
4123,1.584963
4124,0.918296
4125,1.584963
4126,1.584963
4127,1.584963
4128,1.584963
4129,1.584963
4130,1.584963
4131,0.918296
4132,0.918296
4133,0.918296
4134,1.584963
4135,1.584963
4136,0.918296
4137,1.584963
4138,1.584963
4139,0.918296
4140,0.918296
4141,1.584963
4142,1.584963
4143,1.584963
4144,1.584963
4145,0.918296
4146,0.918296
4147,1.584963
4148,0.918296
4149,0.918296
4150,0.918296
4151,0.918296
4152,0.918296
4153,0.918296
4154,1.584963
4155,1.584963
4156,1.584963
4157,0.918296
4158,1.584963
4159,1.584963
4160,1.584963
4161,0.918296
4162,0.918296
4163,1.584963
4164,1.584963
4165,1.584963
4166,0.918296
4167,1.584963
4168,1.584963
4169,1.584963
4170,1.584963
4171,1.584963
4172,1.584963
4173,1.584963
4174,1.584963
4175,1.584963
4176,1.584963
4177,1.584963
4178,0.918296
4179,1.584963
4180,1.584963
4181,1.584963
4182,0.918296
4183,0.918296
4184,0.918296
4185,1.584963
4186,1.584963
4187,1.584963
4188,1.584963
4189,1.584963
4190,1.584963
4191,1.584963
4192,1.584963
4193,1.584963
4194,1.584963
4195,1.584963
4196,1.584963
4197,1.584963
4198,1.584963
4199,1.584963
4200,1.584963
4201,1.584963
4202,0.918296
4203,1.584963
4204,1.584963
4205,1.584963
4206,1.584963
4207,0.918296
4208,1.584963
4209,1.584963
4210,1.584963
4211,1.584963
4212,1.584963
4213,1.584963
4214,1.584963
4215,0.918296
4216,0.918296
4217,0.918296
4218,1.584963
4219,1.584963
4220,1.584963
4221,0.918296
4222,1.584963
4223,1.584963
4224,1.584963
4225,1.584963
4226,1.584963
4227,1.584963
4228,1.584963
4229,1.584963
4230,0.918296
4231,0.918296
4232,1.584963
4233,1.584963
4234,1.584963
4235,0.918296
4236,1.584963
4237,1.584963
4238,1.584963
4239,1.584963
4240,0.918296
4241,1.584963
4242,1.584963
4243,0.918296
4244,0.918296
4245,0.918296
4246,1.584963
4247,1.584963
4248,1.584963
4249,1.584963
4250,1.584963
4251,1.584963
4252,0.918296
4253,0.918296
4254,1.584963
4255,1.584963
4256,1.584963
4257,1.584963
4258,1.584963
4259,1.584963
4260,1.584963
4261,0.918296
4262,0.918296
4263,1.584963
4264,1.584963
4265,1.584963
4266,1.584963
4267,1.584963
4268,1.584963
4269,0.918296
4270,0.918296
4271,1.584963
4272,1.584963
4273,1.584963
4274,1.584963
4275,1.584963
4276,0.918296
4277,1.584963
4278,1.584963
4279,0.918296
4280,1.584963
4281,1.584963
4282,1.584963
4283,1.584963
4284,1.584963
4285,1.584963
4286,1.584963
4287,1.584963
4288,1.584963
4289,0.918296
4290,1.584963
4291,1.584963
4292,1.584963
4293,0.918296
4294,0.918296
4295,1.584963
4296,1.584963
4297,0.918296
4298,1.584963
4299,1.584963
4300,1.584963
4301,1.584963
4302,1.584963
4303,1.584963
4304,1.584963
4305,1.584963
4306,1.584963
4307,1.584963
4308,0.918296
4309,0.918296
4310,0.918296
4311,0.918296
4312,1.584963
4313,1.584963
4314,1.584963
4315,1.584963
4316,1.584963
4317,1.584963
4318,1.584963
4319,1.584963
4320,1.584963
4321,1.584963
4322,1.584963
4323,1.584963
4324,0.918296
4325,0.918296
4326,0.918296
4327,1.584963
4328,0.918296
4329,0.000000
4330,0.918296
4331,0.918296
4332,1.584963
4333,1.584963
4334,0.918296
4335,1.584963
4336,0.918296
4337,0.918296
4338,1.584963
4339,1.584963
4340,0.918296
4341,1.584963
4342,1.584963
4343,1.584963
4344,1.584963
4345,1.584963
4346,1.584963
4347,1.584963
4348,1.584963
4349,1.584963
4350,1.584963
4351,1.584963
4352,0.918296
4353,0.918296
4354,0.918296
4355,1.584963
4356,1.584963
4357,1.584963
4358,0.918296
4359,0.000000
4360,0.918296
4361,1.584963
4362,1.584963
4363,0.918296
4364,0.918296
4365,1.584963
4366,1.584963
4367,1.584963
4368,0.918296
4369,0.918296
4370,1.584963
4371,1.584963
4372,1.584963
4373,1.584963
4374,1.584963
4375,0.918296
4376,0.918296
4377,0.918296
4378,0.918296
4379,1.584963
4380,1.584963
4381,0.918296
4382,0.918296
4383,1.584963
4384,1.584963
4385,1.584963
4386,1.584963
4387,0.918296
4388,0.918296
4389,1.584963
4390,1.584963
4391,1.584963
4392,0.918296
4393,0.918296
4394,1.584963
4395,1.584963
4396,0.918296
4397,1.584963
4398,1.584963
4399,1.584963
4400,1.584963
4401,1.584963
4402,1.584963
4403,1.584963
4404,1.584963
4405,0.918296
4406,0.918296
4407,1.584963
4408,1.584963
4409,1.584963
4410,1.584963
4411,1.584963
4412,1.584963
4413,1.584963
4414,1.584963
4415,1.584963
4416,0.918296
4417,0.918296
4418,1.584963
4419,1.584963
4420,1.584963
4421,1.584963
4422,0.918296
4423,0.918296
4424,1.584963
4425,1.584963
4426,1.584963
4427,0.918296
4428,1.584963
4429,1.584963
4430,0.918296
4431,0.918296
4432,1.584963
4433,1.584963
4434,1.584963
4435,1.584963
4436,1.584963
4437,1.584963
4438,1.584963
4439,1.584963
4440,0.918296
4441,0.918296
4442,0.918296
4443,1.584963
4444,1.584963
4445,1.584963
4446,1.584963
4447,1.584963
4448,1.584963
4449,1.584963
4450,1.584963
4451,1.584963
4452,1.584963
4453,1.584963
4454,1.584963
4455,1.584963
4456,1.584963
4457,1.584963
4458,0.918296
4459,1.584963
4460,0.918296
4461,0.918296
4462,0.918296
4463,0.918296
4464,1.584963
4465,0.918296
4466,1.584963
4467,1.584963
4468,1.584963
4469,1.584963
4470,1.584963
4471,0.918296
4472,0.918296
4473,1.584963
4474,1.584963
4475,1.584963
4476,1.584963
4477,1.584963
4478,1.584963
4479,1.584963
4480,1.584963
4481,1.584963
4482,1.584963
4483,1.584963
4484,1.584963
4485,1.584963
4486,1.584963
4487,1.584963
4488,1.584963
4489,0.918296
4490,1.584963
4491,1.584963
4492,1.584963
4493,1.584963
4494,1.584963
4495,1.584963
4496,1.584963
4497,1.584963
4498,0.918296
4499,0.918296
4500,1.584963
4501,0.918296
4502,1.584963
4503,1.584963
4504,1.584963
4505,1.584963
4506,0.918296
4507,0.000000
4508,0.918296
4509,1.584963
4510,1.584963
4511,1.584963
4512,1.584963
4513,0.918296
4514,0.918296
4515,0.918296
4516,1.584963
4517,0.918296
4518,0.918296
4519,1.584963
4520,0.918296
4521,0.918296
4522,1.584963
4523,0.918296
4524,1.584963
4525,0.918296
4526,0.918296
4527,1.584963
4528,0.918296
4529,0.918296
4530,0.918296
4531,1.584963
4532,0.918296
4533,1.584963
4534,1.584963
4535,0.918296
4536,0.918296
4537,0.918296
4538,1.584963
4539,0.918296
4540,1.584963
4541,1.584963
4542,1.584963
4543,1.584963
4544,1.584963
4545,0.918296
4546,1.584963
4547,0.918296
4548,0.918296
4549,1.584963
4550,1.584963
4551,1.584963
4552,1.584963
4553,1.584963
4554,1.584963
4555,1.584963
4556,0.918296
4557,1.584963
4558,1.584963
4559,1.584963
4560,1.584963
4561,1.584963
4562,1.584963
4563,0.918296
4564,1.584963
4565,1.584963
4566,0.918296
4567,1.584963
4568,1.584963
4569,1.584963
4570,0.918296
4571,1.584963
4572,1.584963
4573,1.584963
4574,1.584963
4575,1.584963
4576,1.584963
4577,1.584963
4578,1.584963
4579,1.584963
4580,1.584963
4581,1.584963
4582,1.584963
4583,1.584963
4584,0.918296
4585,1.584963
4586,1.584963
4587,0.918296
4588,0.918296
4589,1.584963
4590,1.584963
4591,1.584963
4592,1.584963
4593,1.584963
4594,1.584963
4595,1.584963
4596,1.584963
4597,1.584963
4598,1.584963
4599,1.584963
4600,1.584963
4601,1.584963
4602,0.918296
4603,1.584963
4604,1.584963
4605,1.584963
4606,0.918296
4607,0.918296
4608,1.584963
4609,1.584963
4610,1.584963
4611,1.584963
4612,0.918296
4613,1.584963
4614,1.584963
4615,1.584963
4616,1.584963
4617,0.918296
4618,0.918296
4619,1.584963
4620,1.584963
4621,0.918296
4622,1.584963
4623,1.584963
4624,1.584963
4625,0.918296
4626,1.584963
4627,1.584963
4628,1.584963
4629,1.584963
4630,1.584963
4631,1.584963
4632,1.584963
4633,1.584963
4634,1.584963
4635,1.584963
4636,1.584963
4637,1.584963
4638,1.584963
4639,0.918296
4640,1.584963
4641,1.584963
4642,0.918296
4643,0.918296
4644,1.584963
4645,1.584963
4646,1.584963
4647,1.584963
4648,1.584963
4649,1.584963
4650,1.584963
4651,1.584963
4652,0.918296
4653,1.584963
4654,1.584963
4655,1.584963
4656,1.584963
4657,1.584963
4658,1.584963
4659,1.584963
4660,0.918296
4661,1.584963
4662,0.918296
4663,0.918296
4664,0.918296
4665,1.584963
4666,1.584963
4667,1.584963
4668,0.918296
4669,1.584963
4670,1.584963
4671,0.918296
4672,0.918296
4673,0.918296
4674,1.584963
4675,1.584963
4676,0.918296
4677,0.918296
4678,1.584963
4679,1.584963
4680,1.584963
4681,1.584963
4682,1.584963
4683,1.584963
4684,0.918296
4685,0.918296
4686,0.918296
4687,1.584963
4688,1.584963
4689,1.584963
4690,1.584963
4691,1.584963
4692,1.584963
4693,0.918296
4694,1.584963
4695,1.584963
4696,1.584963
4697,1.584963
4698,1.584963
4699,0.918296
4700,0.918296
4701,1.584963
4702,1.584963
4703,0.918296
4704,0.000000
4705,0.000000
4706,0.918296
4707,1.584963
4708,1.584963
4709,1.584963
4710,1.584963
4711,1.584963
4712,1.584963
4713,1.584963
4714,1.584963
4715,0.918296
4716,1.584963
4717,1.584963
4718,1.584963
4719,1.584963
4720,1.584963
4721,1.584963
4722,1.584963
4723,1.584963
4724,1.584963
4725,1.584963
4726,0.918296
4727,1.584963
4728,1.584963
4729,0.918296
4730,0.918296
4731,0.918296
4732,1.584963
4733,1.584963
4734,0.918296
4735,0.918296
4736,1.584963
4737,1.584963
4738,1.584963
4739,0.918296
4740,0.918296
4741,0.918296
4742,1.584963
4743,1.584963
4744,1.584963
4745,1.584963
4746,1.584963
4747,1.584963
4748,1.584963
4749,1.584963
4750,1.584963
4751,1.584963
4752,1.584963
4753,1.584963
4754,0.918296
4755,0.918296
4756,1.584963
4757,0.918296
4758,1.584963
4759,0.918296
4760,0.918296
4761,0.918296
4762,0.918296
4763,1.584963
4764,1.584963
4765,0.918296
4766,1.584963
4767,1.584963
4768,1.584963
4769,1.584963
4770,1.584963
4771,0.918296
4772,0.918296
4773,1.584963
4774,1.584963
4775,1.584963
4776,1.584963
4777,1.584963
4778,1.584963
4779,0.918296
4780,0.918296
4781,1.584963
4782,1.584963
4783,0.918296
4784,0.000000
4785,0.918296
4786,1.584963
4787,1.584963
4788,1.584963
4789,1.584963
4790,1.584963
4791,0.918296
4792,0.918296
4793,1.584963
4794,1.584963
4795,1.584963
4796,1.584963
4797,1.584963
4798,1.584963
4799,1.584963
4800,1.584963
4801,1.584963
4802,0.918296
4803,1.584963
4804,1.584963
4805,1.584963
4806,1.584963
4807,1.584963
4808,1.584963
4809,1.584963
4810,1.584963
4811,1.584963
4812,1.584963
4813,1.584963
4814,1.584963
4815,1.584963
4816,1.584963
4817,1.584963
4818,0.918296
4819,1.584963
4820,1.584963
4821,0.918296
4822,1.584963
4823,0.918296
4824,0.918296
4825,1.584963
4826,1.584963
4827,1.584963
4828,1.584963
4829,1.584963
4830,1.584963
4831,1.584963
4832,1.584963
4833,1.584963
4834,1.584963
4835,1.584963
4836,1.584963
4837,0.918296
4838,0.918296
4839,1.584963
4840,1.584963
4841,1.584963
4842,1.584963
4843,1.584963
4844,1.584963
4845,1.584963
4846,1.584963
4847,1.584963
4848,1.584963
4849,1.584963
4850,1.584963
4851,1.584963
4852,1.584963
4853,1.584963
4854,1.584963
4855,1.584963
4856,1.584963
4857,1.584963
4858,1.584963
4859,1.584963
4860,0.918296
4861,0.918296
4862,1.584963
4863,1.584963
4864,1.584963
4865,1.584963
4866,1.584963
4867,0.918296
4868,0.918296
4869,1.584963
4870,1.584963
4871,1.584963
4872,0.918296
4873,0.918296
4874,1.584963
4875,1.584963
4876,1.584963
4877,1.584963
4878,0.918296
4879,0.918296
4880,1.584963
4881,1.584963
4882,0.918296
4883,0.918296
4884,1.584963
4885,1.584963
4886,1.584963
4887,1.584963
4888,1.584963
4889,1.584963
4890,0.918296
4891,1.584963
4892,1.584963
4893,1.584963
4894,1.584963
4895,1.584963
4896,1.584963
4897,1.584963
4898,1.584963
4899,1.584963
4900,1.584963
4901,1.584963
4902,0.918296
4903,0.918296
4904,1.584963
4905,1.584963
4906,0.918296
4907,1.584963
4908,1.584963
4909,1.584963
4910,0.918296
4911,1.584963
4912,1.584963
4913,1.584963
4914,1.584963
4915,1.584963
4916,0.918296
4917,0.918296
4918,1.584963
4919,1.584963
4920,1.584963
4921,1.584963
4922,1.584963
4923,0.918296
4924,0.918296
4925,1.584963
4926,1.584963
4927,1.584963
4928,1.584963
4929,1.584963
4930,1.584963
4931,1.584963
4932,1.584963
4933,1.584963
4934,1.584963
4935,1.584963
4936,1.584963
4937,1.584963
4938,1.584963
4939,0.918296
4940,0.918296
4941,1.584963
4942,0.918296
4943,0.918296
4944,1.584963
4945,0.918296
4946,1.584963
4947,0.918296
4948,0.918296
4949,0.918296
4950,0.918296
4951,0.918296
4952,0.918296
4953,1.584963
4954,1.584963
4955,1.584963
4956,1.584963
4957,0.918296
4958,0.918296
4959,1.584963
4960,1.584963
4961,0.918296
4962,1.584963
4963,0.918296
4964,1.584963
4965,1.584963
4966,1.584963
4967,1.584963
4968,1.584963
4969,1.584963
4970,1.584963
4971,1.584963
4972,0.918296
4973,1.584963
4974,0.918296
4975,1.584963
4976,1.584963
4977,1.584963
4978,1.584963
4979,1.584963
4980,1.584963
4981,0.918296
4982,1.584963
4983,1.584963
4984,0.918296
4985,0.000000
4986,0.918296
4987,1.584963
4988,1.584963
4989,1.584963
4990,1.584963
4991,1.584963
4992,0.918296
4993,1.584963
4994,1.584963
4995,1.584963
4996,0.918296
4997,0.918296
4998,1.584963
4999,1.584963
5000,1.584963
5001,1.584963
5002,0.918296
5003,0.000000
5004,0.918296
5005,1.584963
5006,0.918296
5007,0.918296
5008,0.918296
5009,0.918296
5010,1.584963
5011,1.584963
5012,1.584963
5013,1.584963
5014,1.584963
5015,1.584963
5016,1.584963
5017,1.584963
5018,1.584963
5019,1.584963
5020,1.584963
5021,1.584963
5022,0.918296
5023,1.584963
5024,0.918296
5025,0.918296
5026,1.584963
5027,1.584963
5028,1.584963
5029,1.584963
5030,1.584963
5031,1.584963
5032,1.584963
5033,0.918296
5034,1.584963
5035,1.584963
5036,1.584963
5037,1.584963
5038,1.584963
5039,1.584963
5040,1.584963
5041,1.584963
5042,1.584963
5043,1.584963
5044,1.584963
5045,1.584963
5046,1.584963
5047,0.918296
5048,1.584963
5049,1.584963
5050,1.584963
5051,1.584963
5052,0.918296
5053,1.584963
5054,0.918296
5055,1.584963
5056,1.584963
5057,1.584963
5058,1.584963
5059,1.584963
5060,1.584963
5061,1.584963
5062,1.584963
5063,0.918296
5064,0.918296
5065,0.918296
5066,0.918296
5067,0.918296
5068,1.584963
5069,1.584963
5070,1.584963
5071,1.584963
5072,1.584963
5073,1.584963
5074,1.584963
5075,1.584963
5076,1.584963
5077,1.584963
5078,1.584963
5079,1.584963
5080,0.918296
5081,1.584963
5082,1.584963
5083,0.918296
5084,1.584963
5085,0.918296
5086,1.584963
5087,1.584963
5088,1.584963
5089,1.584963
5090,1.584963
5091,1.584963
5092,1.584963
5093,1.584963
5094,1.584963
5095,0.918296
5096,1.584963
5097,1.584963
5098,1.584963
5099,1.584963
5100,1.584963
5101,1.584963
5102,0.918296
5103,0.918296
5104,1.584963
5105,1.584963
5106,1.584963
5107,1.584963
5108,1.584963
5109,1.584963
5110,1.584963
5111,1.584963
5112,1.584963
5113,1.584963
5114,1.584963
5115,1.584963
5116,1.584963
5117,1.584963
5118,1.584963
5119,1.584963
5120,0.918296
5121,1.584963
5122,1.584963
5123,1.584963
5124,1.584963
5125,1.584963
5126,1.584963
5127,1.584963
5128,1.584963
5129,1.584963
5130,1.584963
5131,1.584963
5132,1.584963
5133,1.584963
5134,1.584963
5135,1.584963
5136,1.584963
5137,1.584963
5138,1.584963
5139,0.918296
5140,0.918296
5141,0.918296
5142,1.584963
5143,1.584963
5144,1.584963
5145,1.584963
5146,1.584963
5147,1.584963
5148,1.584963
5149,1.584963
5150,1.584963
5151,1.584963
5152,1.584963
5153,1.584963
5154,1.584963
5155,1.584963
5156,1.584963
5157,0.918296
5158,0.918296
5159,1.584963
5160,1.584963
5161,1.584963
5162,0.918296
5163,0.918296
5164,1.584963
5165,0.918296
5166,0.918296
5167,1.584963
5168,1.584963
5169,1.584963
5170,1.584963
5171,1.584963
5172,1.584963
5173,1.584963
5174,1.584963
5175,1.584963
5176,1.584963
5177,1.584963
5178,1.584963
5179,1.584963
5180,1.584963
5181,1.584963
5182,1.584963
5183,1.584963
5184,1.584963
5185,1.584963
5186,1.584963
5187,0.918296
5188,0.918296
5189,0.918296
5190,0.918296
5191,0.918296
5192,0.918296
5193,1.584963
5194,1.584963
5195,1.584963
5196,1.584963
5197,0.918296
5198,0.918296
5199,1.584963
5200,1.584963
5201,1.584963
5202,1.584963
5203,1.584963
5204,0.918296
5205,0.918296
5206,0.918296
5207,1.584963
5208,1.584963
5209,0.918296
5210,1.584963
5211,0.918296
5212,1.584963
5213,1.584963
5214,0.918296
5215,1.584963
5216,0.918296
5217,0.918296
5218,1.584963
5219,1.584963
5220,1.584963
5221,1.584963
5222,1.584963
5223,1.584963
5224,1.584963
5225,1.584963
5226,1.584963
5227,0.918296
5228,1.584963
5229,1.584963
5230,1.584963
5231,1.584963
5232,1.584963
5233,1.584963
5234,0.918296
5235,0.918296
5236,1.584963
5237,1.584963
5238,0.918296
5239,0.918296
5240,1.584963
5241,1.584963
5242,1.584963
5243,1.584963
5244,1.584963
5245,1.584963
5246,1.584963
5247,1.584963
5248,1.584963
5249,1.584963
5250,1.584963
5251,1.584963
5252,1.584963
5253,0.918296
5254,1.584963
5255,1.584963
5256,1.584963
5257,1.584963
5258,1.584963
5259,1.584963
5260,1.584963
5261,0.918296
5262,1.584963
5263,1.584963
5264,1.584963
5265,1.584963
5266,1.584963
5267,1.584963
5268,1.584963
5269,1.584963
5270,1.584963
5271,1.584963
5272,1.584963
5273,1.584963
5274,1.584963
5275,1.584963
5276,1.584963
5277,1.584963
5278,1.584963
5279,1.584963
5280,1.584963
5281,1.584963
5282,1.584963
5283,0.918296
5284,1.584963
5285,1.584963
5286,1.584963
5287,0.918296
5288,1.584963
5289,1.584963
5290,1.584963
5291,0.918296
5292,0.918296
5293,1.584963
5294,1.584963
5295,1.584963
5296,1.584963
5297,1.584963
5298,1.584963
5299,1.584963
5300,1.584963
5301,1.584963
5302,1.584963
5303,1.584963
5304,1.584963
5305,1.584963
5306,1.584963
5307,0.918296
5308,1.584963
5309,1.584963
5310,1.584963
5311,1.584963
5312,1.584963
5313,0.918296
5314,0.918296
5315,1.584963
5316,1.584963
5317,1.584963
5318,1.584963
5319,1.584963
5320,0.918296
5321,0.918296
5322,0.918296
5323,0.918296
5324,1.584963
5325,0.918296
5326,0.918296
5327,1.584963
5328,1.584963
5329,1.584963
5330,1.584963
5331,1.584963
5332,1.584963
5333,0.918296
5334,0.918296
5335,1.584963
5336,1.584963
5337,1.584963
5338,1.584963
5339,1.584963
5340,1.584963
5341,1.584963
5342,1.584963
5343,1.584963
5344,1.584963
5345,0.918296
5346,1.584963
5347,1.584963
5348,1.584963
5349,1.584963
5350,1.584963
5351,1.584963
5352,1.584963
5353,1.584963
5354,1.584963
5355,0.918296
5356,1.584963
5357,0.918296
5358,0.000000
5359,0.918296
5360,1.584963
5361,1.584963
5362,0.918296
5363,0.918296
5364,1.584963
5365,1.584963
5366,0.918296
5367,0.918296
5368,0.000000
5369,0.918296
5370,1.584963
5371,1.584963
5372,1.584963
5373,1.584963
5374,0.918296
5375,0.918296
5376,1.584963
5377,1.584963
5378,1.584963
5379,1.584963
5380,0.918296
5381,1.584963
5382,1.584963
5383,1.584963
5384,1.584963
5385,1.584963
5386,1.584963
5387,1.584963
5388,0.918296
5389,0.918296
5390,1.584963
5391,1.584963
5392,0.918296
5393,1.584963
5394,0.918296
5395,1.584963
5396,1.584963
5397,0.918296
5398,0.918296
5399,1.584963
5400,1.584963
5401,1.584963
5402,1.584963
5403,1.584963
5404,1.584963
5405,1.584963
5406,1.584963
5407,1.584963
5408,1.584963
5409,0.918296
5410,1.584963
5411,0.918296
5412,1.584963
5413,1.584963
5414,1.584963
5415,1.584963
5416,1.584963
5417,1.584963
5418,1.584963
5419,1.584963
5420,1.584963
5421,1.584963
5422,1.584963
5423,1.584963
5424,0.918296
5425,1.584963
5426,1.584963
5427,1.584963
5428,1.584963
5429,1.584963
5430,0.918296
5431,0.918296
5432,1.584963
5433,0.918296
5434,1.584963
5435,1.584963
5436,0.918296
5437,1.584963
5438,1.584963
5439,1.584963
5440,1.584963
5441,1.584963
5442,1.584963
5443,1.584963
5444,1.584963
5445,1.584963
5446,1.584963
5447,1.584963
5448,1.584963
5449,1.584963
5450,0.918296
5451,0.918296
5452,1.584963
5453,1.584963
5454,1.584963
5455,1.584963
5456,0.918296
5457,0.918296
5458,1.584963
5459,1.584963
5460,0.918296
5461,0.918296
5462,0.918296
5463,1.584963
5464,1.584963
5465,1.584963
5466,0.918296
5467,0.918296
5468,1.584963
5469,1.584963
5470,0.918296
5471,0.918296
5472,1.584963
5473,0.918296
5474,1.584963
5475,1.584963
5476,0.918296
5477,0.918296
5478,1.584963
5479,1.584963
5480,1.584963
5481,1.584963
5482,1.584963
5483,0.918296
5484,0.918296
5485,1.584963
5486,1.584963
5487,1.584963
5488,1.584963
5489,0.918296
5490,0.000000
5491,0.918296
5492,1.584963
5493,1.584963
5494,1.584963
5495,0.918296
5496,1.584963
5497,1.584963
5498,1.584963
5499,1.584963
5500,1.584963
5501,0.918296
5502,1.584963
5503,1.584963
5504,1.584963
5505,0.918296
5506,0.918296
5507,0.918296
5508,0.918296
5509,1.584963
5510,1.584963
5511,1.584963
5512,1.584963
5513,1.584963
5514,1.584963
5515,1.584963
5516,1.584963
5517,0.918296
5518,0.918296
5519,1.584963
5520,1.584963
5521,0.918296
5522,0.918296
5523,1.584963
5524,0.918296
5525,0.918296
5526,1.584963
5527,0.918296
5528,1.584963
5529,1.584963
5530,0.918296
5531,0.918296
5532,1.584963
5533,0.918296
5534,0.918296
5535,1.584963
5536,1.584963
5537,1.584963
5538,1.584963
5539,1.584963
5540,1.584963
5541,1.584963
5542,1.584963
5543,1.584963
5544,1.584963
5545,0.918296
5546,0.918296
5547,1.584963
5548,1.584963
5549,0.918296
5550,1.584963
5551,1.584963
5552,1.584963
5553,1.584963
5554,0.918296
5555,0.918296
5556,1.584963
5557,1.584963
5558,1.584963
5559,0.918296
5560,0.000000
5561,0.918296
5562,1.584963
5563,1.584963
5564,0.918296
5565,0.918296
5566,1.584963
5567,1.584963
5568,1.584963
5569,1.584963
5570,1.584963
5571,1.584963
5572,1.584963
5573,1.584963
5574,1.584963
5575,1.584963
5576,1.584963
5577,0.918296
5578,0.918296
5579,1.584963
5580,0.918296
5581,0.918296
5582,1.584963
5583,0.918296
5584,1.584963
5585,1.584963
5586,1.584963
5587,1.584963
5588,1.584963
5589,1.584963
5590,1.584963
5591,1.584963
5592,1.584963
5593,1.584963
5594,1.584963
5595,1.584963
5596,1.584963
5597,1.584963
5598,1.584963
5599,1.584963
5600,1.584963
5601,1.584963
5602,1.584963
5603,1.584963
5604,1.584963
5605,1.584963
5606,1.584963
5607,0.918296
5608,1.584963
5609,1.584963
5610,0.918296
5611,0.918296
5612,1.584963
5613,1.584963
5614,1.584963
5615,1.584963
5616,1.584963
5617,1.584963
5618,1.584963
5619,0.918296
5620,0.000000
5621,0.918296
5622,0.918296
5623,1.584963
5624,1.584963
5625,1.584963
5626,0.918296
5627,0.918296
5628,1.584963
5629,1.584963
5630,1.584963
5631,1.584963
5632,1.584963
5633,1.584963
5634,0.918296
5635,0.918296
5636,1.584963
5637,1.584963
5638,1.584963
5639,1.584963
5640,1.584963
5641,1.584963
5642,1.584963
5643,1.584963
5644,1.584963
5645,1.584963
5646,1.584963
5647,1.584963
5648,1.584963
5649,1.584963
5650,1.584963
5651,1.584963
5652,1.584963
5653,0.918296
5654,0.918296
5655,0.918296
5656,0.918296
5657,0.918296
5658,1.584963
5659,1.584963
5660,1.584963
5661,1.584963
5662,1.584963
5663,1.584963
5664,0.918296
5665,0.918296
5666,1.584963
5667,0.918296
5668,0.918296
5669,0.918296
5670,1.584963
5671,1.584963
5672,1.584963
5673,1.584963
5674,0.918296
5675,1.584963
5676,1.584963
5677,1.584963
5678,1.584963
5679,1.584963
5680,1.584963
5681,1.584963
5682,1.584963
5683,1.584963
5684,0.918296
5685,0.918296
5686,0.918296
5687,0.918296
5688,0.918296
5689,1.584963
5690,0.918296
5691,0.918296
5692,1.584963
5693,1.584963
5694,1.584963
5695,1.584963
5696,1.584963
5697,1.584963
5698,1.584963
5699,0.918296
5700,0.918296
5701,1.584963
5702,1.584963
5703,1.584963
5704,1.584963
5705,1.584963
5706,0.918296
5707,0.918296
5708,0.918296
5709,0.918296
5710,1.584963
5711,1.584963
5712,1.584963
5713,1.584963
5714,1.584963
5715,1.584963
5716,1.584963
5717,1.584963
5718,0.918296
5719,0.918296
5720,1.584963
5721,1.584963
5722,0.918296
5723,0.918296
5724,0.918296
5725,1.584963
5726,1.584963
5727,0.918296
5728,0.918296
5729,1.584963
5730,1.584963
5731,1.584963
5732,0.918296
5733,0.918296
5734,1.584963
5735,1.584963
5736,1.584963
5737,1.584963
5738,1.584963
5739,1.584963
5740,1.584963
5741,1.584963
5742,1.584963
5743,1.584963
5744,1.584963
5745,1.584963
5746,1.584963
5747,1.584963
5748,1.584963
5749,1.584963
5750,0.918296
5751,0.000000
5752,0.918296
5753,1.584963
5754,0.918296
5755,1.584963
5756,1.584963
5757,1.584963
5758,1.584963
5759,1.584963
5760,1.584963
5761,1.584963
5762,0.918296
5763,0.918296
5764,1.584963
5765,1.584963
5766,1.584963
5767,0.918296
5768,0.918296
5769,1.584963
5770,1.584963
5771,1.584963
5772,0.918296
5773,1.584963
5774,1.584963
5775,1.584963
5776,1.584963
5777,1.584963
5778,1.584963
5779,1.584963
5780,1.584963
5781,1.584963
5782,1.584963
5783,1.584963
5784,1.584963
5785,1.584963
5786,1.584963
5787,1.584963
5788,0.918296
5789,0.918296
5790,0.918296
5791,0.918296
5792,0.918296
5793,1.584963
5794,1.584963
5795,0.918296
5796,0.918296
5797,0.918296
5798,0.918296
5799,1.584963
5800,1.584963
5801,0.918296
5802,0.918296
5803,1.584963
5804,0.918296
5805,1.584963
5806,0.918296
5807,0.918296
5808,1.584963
5809,1.584963
5810,1.584963
5811,1.584963
5812,1.584963
5813,1.584963
5814,1.584963
5815,1.584963
5816,1.584963
5817,1.584963
5818,1.584963
5819,1.584963
5820,1.584963
5821,1.584963
5822,1.584963
5823,1.584963
5824,1.584963
5825,1.584963
5826,1.584963
5827,1.584963
5828,1.584963
5829,1.584963
5830,1.584963
5831,1.584963
5832,0.918296
5833,0.918296
5834,1.584963
5835,1.584963
5836,0.918296
5837,0.918296
5838,1.584963
5839,1.584963
5840,1.584963
5841,0.918296
5842,0.918296
5843,0.918296
5844,0.918296
5845,0.918296
5846,1.584963
5847,1.584963
5848,1.584963
5849,0.918296
5850,0.918296
5851,1.584963
5852,1.584963
5853,1.584963
5854,1.584963
5855,1.584963
5856,0.918296
5857,1.584963
5858,1.584963
5859,1.584963
5860,1.584963
5861,0.918296
5862,1.584963
5863,1.584963
5864,1.584963
5865,1.584963
5866,0.918296
5867,0.918296
5868,1.584963
5869,1.584963
5870,1.584963
5871,1.584963
5872,1.584963
5873,1.584963
5874,1.584963
5875,1.584963
5876,0.918296
5877,0.918296
5878,1.584963
5879,1.584963
5880,1.584963
5881,1.584963
5882,0.918296
5883,1.584963
5884,1.584963
5885,1.584963
5886,1.584963
5887,1.584963
5888,1.584963
5889,1.584963
5890,0.918296
5891,1.584963
5892,1.584963
5893,1.584963
5894,1.584963
5895,1.584963
5896,1.584963
5897,1.584963
5898,1.584963
5899,0.918296
5900,1.584963
5901,1.584963
5902,1.584963
5903,1.584963
5904,1.584963
5905,1.584963
5906,1.584963
5907,1.584963
5908,0.918296
5909,1.584963
5910,1.584963
5911,0.918296
5912,0.918296
5913,1.584963
5914,1.584963
5915,1.584963
5916,0.918296
5917,0.918296
5918,0.918296
5919,0.918296
5920,0.918296
5921,0.918296
5922,1.584963
5923,1.584963
5924,1.584963
5925,1.584963
5926,1.584963
5927,0.918296
5928,0.918296
5929,1.584963
5930,1.584963
5931,1.584963
5932,1.584963
5933,1.584963
5934,1.584963
5935,0.918296
5936,1.584963
5937,1.584963
5938,1.584963
5939,1.584963
5940,1.584963
5941,1.584963
5942,1.584963
5943,0.918296
5944,0.918296
5945,1.584963
5946,0.918296
5947,1.584963
5948,1.584963
5949,1.584963
5950,1.584963
5951,1.584963
5952,1.584963
5953,1.584963
5954,1.584963
5955,1.584963
5956,1.584963
5957,1.584963
5958,0.918296
5959,1.584963
5960,1.584963
5961,0.918296
5962,1.584963
5963,0.918296
5964,0.918296
5965,0.918296
5966,1.584963
5967,1.584963
5968,1.584963
5969,1.584963
5970,1.584963
5971,1.584963
5972,1.584963
5973,1.584963
5974,1.584963
5975,1.584963
5976,1.584963
5977,1.584963
5978,1.584963
5979,1.584963
5980,1.584963
5981,1.584963
5982,1.584963
5983,1.584963
5984,0.918296
5985,0.918296
5986,1.584963
5987,1.584963
5988,1.584963
5989,1.584963
5990,1.584963
5991,1.584963
5992,1.584963
5993,1.584963
5994,0.918296
5995,1.584963
5996,1.584963
5997,0.918296
5998,1.584963
5999,1.584963
6000,1.584963
6001,0.918296
6002,0.918296
6003,1.584963
6004,1.584963
6005,1.584963
6006,1.584963
6007,1.584963
6008,1.584963
6009,1.584963
6010,0.918296
6011,0.918296
6012,1.584963
6013,0.918296
6014,1.584963
6015,1.584963
6016,1.584963
6017,1.584963
6018,0.918296
6019,1.584963
6020,0.918296
6021,1.584963
6022,1.584963
6023,1.584963
6024,1.584963
6025,1.584963
6026,1.584963
6027,1.584963
6028,1.584963
6029,1.584963
6030,0.918296
6031,0.918296
6032,0.918296
6033,0.000000
6034,0.918296
6035,0.918296
6036,1.584963
6037,0.918296
6038,0.918296
6039,1.584963
6040,1.584963
6041,0.918296
6042,0.918296
6043,1.584963
6044,1.584963
6045,1.584963
6046,1.584963
6047,1.584963
6048,1.584963
6049,1.584963
6050,1.584963
6051,1.584963
6052,1.584963
6053,0.918296
6054,0.918296
6055,1.584963
6056,1.584963
6057,1.584963
6058,1.584963
6059,1.584963
6060,1.584963
6061,1.584963
6062,0.918296
6063,0.918296
6064,0.918296
6065,0.918296
6066,1.584963
6067,1.584963
6068,1.584963
6069,0.918296
6070,0.918296
6071,1.584963
6072,0.918296
6073,1.584963
6074,0.918296
6075,1.584963
6076,1.584963
6077,0.918296
6078,0.918296
6079,1.584963
6080,1.584963
6081,1.584963
6082,1.584963
6083,1.584963
6084,1.584963
6085,1.584963
6086,1.584963
6087,1.584963
6088,0.918296
6089,0.918296
6090,1.584963
6091,1.584963
6092,1.584963
6093,1.584963
6094,0.918296
6095,0.918296
6096,1.584963
6097,0.918296
6098,0.918296
6099,1.584963
6100,1.584963
6101,1.584963
6102,0.918296
6103,0.918296
6104,1.584963
6105,1.584963
6106,1.584963
6107,1.584963
6108,1.584963
6109,1.584963
6110,0.918296
6111,1.584963
6112,1.584963
6113,1.584963
6114,1.584963
6115,1.584963
6116,1.584963
6117,1.584963
6118,1.584963
6119,1.584963
6120,1.584963
6121,1.584963
6122,1.584963
6123,1.584963
6124,1.584963
6125,0.918296
6126,1.584963
6127,1.584963
6128,0.918296
6129,0.918296
6130,1.584963
6131,1.584963
6132,1.584963
6133,1.584963
6134,1.584963
6135,1.584963
6136,1.584963
6137,1.584963
6138,1.584963
6139,1.584963
6140,1.584963
6141,0.918296
6142,0.918296
6143,0.918296
6144,1.584963
6145,1.584963
6146,1.584963
6147,1.584963
6148,1.584963
6149,1.584963
6150,1.584963
6151,0.918296
6152,0.918296
6153,1.584963
6154,1.584963
6155,1.584963
6156,0.918296
6157,0.918296
6158,1.584963
6159,1.584963
6160,0.918296
6161,0.000000
6162,0.918296
6163,1.584963
6164,1.584963
6165,1.584963
6166,1.584963
6167,1.584963
6168,0.918296
6169,0.918296
6170,1.584963
6171,1.584963
6172,1.584963
6173,1.584963
6174,1.584963
6175,1.584963
6176,1.584963
6177,1.584963
6178,1.584963
6179,1.584963
6180,1.584963
6181,1.584963
6182,1.584963
6183,1.584963
6184,0.918296
6185,0.918296
6186,1.584963
6187,0.918296
6188,0.918296
6189,0.918296
6190,1.584963
6191,0.918296
6192,0.918296
6193,1.584963
6194,1.584963
6195,1.584963
6196,1.584963
6197,1.584963
6198,1.584963
6199,1.584963
6200,1.584963
6201,0.918296
6202,0.918296
6203,0.918296
6204,0.918296
6205,0.918296
6206,0.000000
6207,0.918296
6208,0.918296
6209,0.918296
6210,1.584963
6211,1.584963
6212,1.584963
6213,1.584963
6214,0.918296
6215,0.000000
6216,0.918296
6217,1.584963
6218,0.918296
6219,1.584963
6220,1.584963
6221,1.584963
6222,1.584963
6223,1.584963
6224,1.584963
6225,1.584963
6226,1.584963
6227,1.584963
6228,1.584963
6229,1.584963
6230,0.918296
6231,0.918296
6232,1.584963
6233,0.918296
6234,0.918296
6235,0.918296
6236,1.584963
6237,0.918296
6238,0.918296
6239,1.584963
6240,0.918296
6241,1.584963
6242,1.584963
6243,1.584963
6244,1.584963
6245,1.584963
6246,1.584963
6247,0.918296
6248,0.918296
6249,0.918296
6250,1.584963
6251,1.584963
6252,0.918296
6253,1.584963
6254,0.918296
6255,0.000000
6256,0.918296
6257,1.584963
6258,1.584963
6259,1.584963
6260,0.918296
6261,1.584963
6262,1.584963
6263,1.584963
6264,1.584963
6265,1.584963
6266,1.584963
6267,1.584963
6268,1.584963
6269,1.584963
6270,0.918296
6271,0.918296
6272,0.918296
6273,1.584963
6274,1.584963
6275,1.584963
6276,1.584963
6277,1.584963
6278,1.584963
6279,1.584963
6280,1.584963
6281,1.584963
6282,1.584963
6283,1.584963
6284,1.584963
6285,1.584963
6286,1.584963
6287,0.918296
6288,1.584963
6289,0.918296
6290,1.584963
6291,1.584963
6292,1.584963
6293,1.584963
6294,1.584963
6295,1.584963
6296,1.584963
6297,1.584963
6298,1.584963
6299,1.584963
6300,1.584963
6301,1.584963
6302,1.584963
6303,1.584963
6304,1.584963
6305,1.584963
6306,1.584963
6307,1.584963
6308,1.584963
6309,1.584963
6310,1.584963
6311,1.584963
6312,0.918296
6313,0.918296
6314,1.584963
6315,0.918296
6316,1.584963
6317,1.584963
6318,0.918296
6319,0.918296
6320,1.584963
6321,1.584963
6322,1.584963
6323,0.918296
6324,1.584963
6325,1.584963
6326,0.918296
6327,1.584963
6328,1.584963
6329,1.584963
6330,1.584963
6331,1.584963
6332,1.584963
6333,1.584963
6334,0.918296
6335,0.918296
6336,1.584963
6337,1.584963
6338,1.584963
6339,0.918296
6340,0.918296
6341,1.584963
6342,1.584963
6343,1.584963
6344,1.584963
6345,1.584963
6346,1.584963
6347,0.918296
6348,1.584963
6349,1.584963
6350,1.584963
6351,1.584963
6352,1.584963
6353,1.584963
6354,1.584963
6355,1.584963
6356,1.584963
6357,0.918296
6358,0.918296
6359,1.584963
6360,1.584963
6361,1.584963
6362,0.918296
6363,1.584963
6364,1.584963
6365,1.584963
6366,1.584963
6367,1.584963
6368,1.584963
6369,0.918296
6370,1.584963
6371,0.918296
6372,0.918296
6373,0.918296
6374,0.918296
6375,1.584963
6376,0.918296
6377,0.918296
6378,1.584963
6379,1.584963
6380,1.584963
6381,1.584963
6382,1.584963
6383,1.584963
6384,1.584963
6385,0.918296
6386,0.918296
6387,1.584963
6388,1.584963
6389,1.584963
6390,0.918296
6391,0.918296
6392,1.584963
6393,1.584963
6394,1.584963
6395,1.584963
6396,1.584963
6397,0.918296
6398,1.584963
6399,1.584963
6400,1.584963
6401,1.584963
6402,1.584963
6403,1.584963
6404,1.584963
6405,1.584963
6406,1.584963
6407,1.584963
6408,0.918296
6409,1.584963
6410,1.584963
6411,1.584963
6412,1.584963
6413,1.584963
6414,1.584963
6415,0.918296
6416,1.584963
6417,1.584963
6418,1.584963
6419,1.584963
6420,1.584963
6421,0.918296
6422,1.584963
6423,1.584963
6424,1.584963
6425,0.918296
6426,0.918296
6427,1.584963
6428,1.584963
6429,1.584963
6430,1.584963
6431,1.584963
6432,1.584963
6433,1.584963
6434,1.584963
6435,0.918296
6436,0.000000
6437,0.918296
6438,1.584963
6439,1.584963
6440,1.584963
6441,1.584963
6442,1.584963
6443,1.584963
6444,1.584963
6445,1.584963
6446,1.584963
6447,1.584963
6448,0.918296
6449,0.918296
6450,1.584963
6451,1.584963
6452,1.584963
6453,1.584963
6454,1.584963
6455,0.918296
6456,0.918296
6457,1.584963
6458,1.584963
6459,1.584963
6460,1.584963
6461,1.584963
6462,0.918296
6463,1.584963
6464,0.918296
6465,0.918296
6466,1.584963
6467,1.584963
6468,1.584963
6469,1.584963
6470,1.584963
6471,1.584963
6472,1.584963
6473,1.584963
6474,1.584963
6475,1.584963
6476,1.584963
6477,1.584963
6478,1.584963
6479,1.584963
6480,1.584963
6481,1.584963
6482,0.918296
6483,0.918296
6484,1.584963
6485,1.584963
6486,1.584963
6487,1.584963
6488,1.584963
6489,1.584963
6490,0.918296
6491,1.584963
6492,1.584963
6493,1.584963
6494,0.918296
6495,1.584963
6496,1.584963
6497,1.584963
6498,1.584963
6499,1.584963
6500,1.584963
6501,1.584963
6502,1.584963
6503,1.584963
6504,1.584963
6505,1.584963
6506,1.584963
6507,1.584963
6508,1.584963
6509,1.584963
6510,1.584963
6511,1.584963
6512,1.584963
6513,1.584963
6514,1.584963
6515,1.584963
6516,1.584963
6517,1.584963
6518,1.584963
6519,1.584963
6520,1.584963
6521,1.584963
6522,1.584963
6523,1.584963
6524,1.584963
6525,0.918296
6526,0.918296
6527,1.584963
6528,1.584963
6529,1.584963
6530,1.584963
6531,1.584963
6532,1.584963
6533,1.584963
6534,1.584963
6535,1.584963
6536,1.584963
6537,1.584963
6538,1.584963
6539,1.584963
6540,1.584963
6541,1.584963
6542,0.918296
6543,0.918296
6544,0.918296
6545,1.584963
6546,1.584963
6547,1.584963
6548,1.584963
6549,0.918296
6550,1.584963
6551,1.584963
6552,1.584963
6553,1.584963
6554,1.584963
6555,1.584963
6556,1.584963
6557,0.918296
6558,1.584963
6559,1.584963
6560,0.918296
6561,0.918296
6562,0.918296
6563,0.918296
6564,1.584963
6565,1.584963
6566,1.584963
6567,0.918296
6568,0.918296
6569,1.584963
6570,1.584963
6571,0.918296
6572,1.584963
6573,1.584963
6574,1.584963
6575,1.584963
6576,1.584963
6577,1.584963
6578,0.918296
6579,0.918296
6580,1.584963
6581,1.584963
6582,1.584963
6583,1.584963
6584,1.584963
6585,1.584963
6586,1.584963
6587,1.584963
6588,1.584963
6589,1.584963
6590,1.584963
6591,1.584963
6592,1.584963
6593,1.584963
6594,1.584963
6595,1.584963
6596,0.918296
6597,0.000000
6598,0.918296
6599,1.584963
6600,1.584963
6601,0.918296
6602,0.000000
6603,0.918296
6604,1.584963
6605,1.584963
6606,0.918296
6607,0.000000
6608,0.918296
6609,1.584963
6610,1.584963
6611,1.584963
6612,1.584963
6613,1.584963
6614,1.584963
6615,1.584963
6616,1.584963
6617,0.918296
6618,0.918296
6619,1.584963
6620,1.584963
6621,1.584963
6622,1.584963
6623,1.584963
6624,1.584963
6625,1.584963
6626,1.584963
6627,1.584963
6628,1.584963
6629,1.584963
6630,1.584963
6631,1.584963
6632,1.584963
6633,1.584963
6634,1.584963
6635,1.584963
6636,1.584963
6637,1.584963
6638,1.584963
6639,1.584963
6640,1.584963
6641,1.584963
6642,1.584963
6643,0.918296
6644,0.918296
6645,1.584963
6646,1.584963
6647,1.584963
6648,0.918296
6649,0.918296
6650,1.584963
6651,0.918296
6652,0.918296
6653,0.918296
6654,1.584963
6655,0.918296
6656,1.584963
6657,1.584963
6658,1.584963
6659,1.584963
6660,1.584963
6661,1.584963
6662,1.584963
6663,1.584963
6664,0.918296
6665,0.918296
6666,0.918296
6667,1.584963
6668,1.584963
6669,1.584963
6670,1.584963
6671,0.918296
6672,0.000000
6673,0.918296
6674,1.584963
6675,1.584963
6676,1.584963
6677,1.584963
6678,1.584963
6679,1.584963
6680,1.584963
6681,1.584963
6682,1.584963
6683,1.584963
6684,1.584963
6685,1.584963
6686,1.584963
6687,1.584963
6688,1.584963
6689,1.584963
6690,1.584963
6691,1.584963
6692,0.918296
6693,1.584963
6694,1.584963
6695,1.584963
6696,1.584963
6697,0.918296
6698,0.918296
6699,0.918296
6700,0.918296
6701,0.918296
6702,0.918296
6703,1.584963
6704,0.918296
6705,0.918296
6706,1.584963
6707,1.584963
6708,1.584963
6709,0.918296
6710,0.918296
6711,1.584963
6712,1.584963
6713,1.584963
6714,0.918296
6715,0.918296
6716,1.584963
6717,1.584963
6718,1.584963
6719,1.584963
6720,1.584963
6721,1.584963
6722,1.584963
6723,0.918296
6724,1.584963
6725,1.584963
6726,0.918296
6727,1.584963
6728,1.584963
6729,1.584963
6730,1.584963
6731,1.584963
6732,1.584963
6733,0.918296
6734,1.584963
6735,1.584963
6736,1.584963
6737,1.584963
6738,1.584963
6739,1.584963
6740,1.584963
6741,1.584963
6742,1.584963
6743,1.584963
6744,1.584963
6745,1.584963
6746,1.584963
6747,1.584963
6748,0.918296
6749,1.584963
6750,0.918296
6751,0.918296
6752,1.584963
6753,1.584963
6754,1.584963
6755,1.584963
6756,1.584963
6757,0.918296
6758,0.918296
6759,0.918296
6760,0.918296
6761,1.584963
6762,0.918296
6763,0.918296
6764,0.918296
6765,0.918296
6766,1.584963
6767,1.584963
6768,0.918296
6769,1.584963
6770,0.918296
6771,1.584963
6772,0.918296
6773,1.584963
6774,1.584963
6775,1.584963
6776,1.584963
6777,1.584963
6778,1.584963
6779,1.584963
6780,1.584963
6781,1.584963
6782,1.584963
6783,1.584963
6784,1.584963
6785,1.584963
6786,1.584963
6787,1.584963
6788,1.584963
6789,1.584963
6790,1.584963
6791,1.584963
6792,1.584963
6793,1.584963
6794,0.918296
6795,1.584963
6796,1.584963
6797,1.584963
6798,1.584963
6799,1.584963
6800,1.584963
6801,1.584963
6802,1.584963
6803,1.584963
6804,0.918296
6805,0.918296
6806,0.918296
6807,0.918296
6808,1.584963
6809,1.584963
6810,0.918296
6811,0.918296
6812,1.584963
6813,0.918296
6814,1.584963
6815,1.584963
6816,1.584963
6817,1.584963
6818,1.584963
6819,1.584963
6820,1.584963
6821,1.584963
6822,1.584963
6823,1.584963
6824,1.584963
6825,0.918296
6826,1.584963
6827,1.584963
6828,1.584963
6829,1.584963
6830,1.584963
6831,1.584963
6832,1.584963
6833,1.584963
6834,0.918296
6835,0.918296
6836,1.584963
6837,1.584963
6838,1.584963
6839,1.584963
6840,0.918296
6841,0.918296
6842,1.584963
6843,0.918296
6844,0.918296
6845,1.584963
6846,1.584963
6847,1.584963
6848,1.584963
6849,1.584963
6850,0.918296
6851,0.918296
6852,0.918296
6853,0.918296
6854,1.584963
6855,1.584963
6856,1.584963
6857,1.584963
6858,1.584963
6859,0.918296
6860,0.918296
6861,1.584963
6862,1.584963
6863,1.584963
6864,1.584963
6865,1.584963
6866,1.584963
6867,1.584963
6868,1.584963
6869,0.918296
6870,0.918296
6871,1.584963
6872,1.584963
6873,1.584963
6874,1.584963
6875,0.918296
6876,0.918296
6877,1.584963
6878,1.584963
6879,1.584963
6880,1.584963
6881,1.584963
6882,1.584963
6883,1.584963
6884,1.584963
6885,1.584963
6886,1.584963
6887,0.918296
6888,0.918296
6889,1.584963
6890,1.584963
6891,1.584963
6892,1.584963
6893,1.584963
6894,1.584963
6895,0.918296
6896,0.918296
6897,1.584963
6898,0.918296
6899,0.918296
6900,1.584963
6901,0.918296
6902,1.584963
6903,1.584963
6904,1.584963
6905,0.918296
6906,0.000000
6907,0.918296
6908,1.584963
6909,1.584963
6910,1.584963
6911,1.584963
6912,1.584963
6913,1.584963
6914,1.584963
6915,0.918296
6916,0.918296
6917,1.584963
6918,1.584963
6919,0.918296
6920,1.584963
6921,1.584963
6922,0.918296
6923,0.918296
6924,1.584963
6925,0.918296
6926,1.584963
6927,1.584963
6928,1.584963
6929,0.918296
6930,0.918296
6931,1.584963
6932,1.584963
6933,1.584963
6934,0.918296
6935,0.918296
6936,1.584963
6937,1.584963
6938,1.584963
6939,1.584963
6940,1.584963
6941,1.584963
6942,1.584963
6943,0.918296
6944,0.918296
6945,0.918296
6946,0.918296
6947,0.918296
6948,0.918296
6949,1.584963
6950,1.584963
6951,1.584963
6952,1.584963
6953,1.584963
6954,1.584963
6955,1.584963
6956,0.918296
6957,1.584963
6958,1.584963
6959,1.584963
6960,1.584963
6961,1.584963
6962,1.584963
6963,1.584963
6964,1.584963
6965,1.584963
6966,1.584963
6967,0.918296
6968,1.584963
6969,1.584963
6970,1.584963
6971,1.584963
6972,1.584963
6973,1.584963
6974,0.918296
6975,0.918296
6976,1.584963
6977,1.584963
6978,1.584963
6979,1.584963
6980,1.584963
6981,1.584963
6982,0.918296
6983,0.918296
6984,0.918296
6985,0.918296
6986,1.584963
6987,1.584963
6988,1.584963
6989,1.584963
6990,1.584963
6991,1.584963
6992,0.918296
6993,1.584963
6994,1.584963
6995,0.918296
6996,1.584963
6997,1.584963
6998,1.584963
6999,0.918296
7000,1.584963
7001,1.584963
7002,1.584963
7003,1.584963
7004,1.584963
7005,1.584963
7006,1.584963
7007,1.584963
7008,1.584963
7009,1.584963
7010,1.584963
7011,1.584963
7012,1.584963
7013,1.584963
7014,1.584963
7015,1.584963
7016,0.918296
7017,0.918296
7018,0.918296
7019,0.918296
7020,1.584963
7021,1.584963
7022,1.584963
7023,0.918296
7024,0.918296
7025,1.584963
7026,1.584963
7027,1.584963
7028,1.584963
7029,0.918296
7030,0.918296
7031,0.918296
7032,1.584963
7033,1.584963
7034,0.918296
7035,0.918296
7036,1.584963
7037,1.584963
7038,1.584963
7039,1.584963
7040,1.584963
7041,1.584963
7042,1.584963
7043,1.584963
7044,1.584963
7045,1.584963
7046,0.918296
7047,1.584963
7048,1.584963
7049,1.584963
7050,1.584963
7051,1.584963
7052,1.584963
7053,0.918296
7054,0.918296
7055,0.918296
7056,0.918296
7057,0.918296
7058,0.918296
7059,1.584963
7060,0.918296
7061,1.584963
7062,0.918296
7063,0.918296
7064,0.918296
7065,0.918296
7066,1.584963
7067,1.584963
7068,1.584963
7069,1.584963
7070,0.918296
7071,1.584963
7072,0.918296
7073,1.584963
7074,1.584963
7075,1.584963
7076,1.584963
7077,1.584963
7078,1.584963
7079,1.584963
7080,1.584963
7081,0.918296
7082,0.918296
7083,0.918296
7084,0.918296
7085,1.584963
7086,1.584963
7087,1.584963
7088,1.584963
7089,0.918296
7090,0.918296
7091,1.584963
7092,1.584963
7093,1.584963
7094,1.584963
7095,0.918296
7096,0.918296
7097,1.584963
7098,1.584963
7099,1.584963
7100,0.918296
7101,0.918296
7102,1.584963
7103,0.918296
7104,0.918296
7105,0.918296
7106,0.918296
7107,1.584963
7108,1.584963
7109,1.584963
7110,1.584963
7111,0.918296
7112,1.584963
7113,1.584963
7114,1.584963
7115,1.584963
7116,0.918296
7117,0.918296
7118,1.584963
7119,1.584963
7120,1.584963
7121,0.918296
7122,0.918296
7123,1.584963
7124,1.584963
7125,1.584963
7126,1.584963
7127,1.584963
7128,1.584963
7129,0.918296
7130,1.584963
7131,1.584963
7132,1.584963
7133,0.918296
7134,1.584963
7135,1.584963
7136,1.584963
7137,1.584963
7138,1.584963
7139,1.584963
7140,1.584963
7141,1.584963
7142,1.584963
7143,0.918296
7144,0.918296
7145,1.584963
7146,1.584963
7147,1.584963
7148,1.584963
7149,1.584963
7150,1.584963
7151,1.584963
7152,1.584963
7153,1.584963
7154,1.584963
7155,1.584963
7156,1.584963
7157,1.584963
7158,1.584963
7159,1.584963
7160,0.918296
7161,0.000000
7162,0.918296
7163,0.918296
7164,1.584963
7165,1.584963
7166,1.584963
7167,1.584963
7168,1.584963
7169,1.584963
7170,1.584963
7171,1.584963
7172,1.584963
7173,1.584963
7174,1.584963
7175,1.584963
7176,1.584963
7177,1.584963
7178,1.584963
7179,1.584963
7180,1.584963
7181,1.584963
7182,1.584963
7183,1.584963
7184,1.584963
7185,1.584963
7186,0.918296
7187,1.584963
7188,1.584963
7189,1.584963
7190,1.584963
7191,1.584963
7192,0.918296
7193,0.000000
7194,0.918296
7195,1.584963
7196,0.918296
7197,0.918296
7198,1.584963
7199,0.918296
7200,0.918296
7201,0.918296
7202,0.000000
7203,0.918296
7204,1.584963
7205,1.584963
7206,1.584963
7207,1.584963
7208,1.584963
7209,1.584963
7210,1.584963
7211,1.584963
7212,1.584963
7213,1.584963
7214,1.584963
7215,0.918296
7216,1.584963
7217,1.584963
7218,1.584963
7219,0.918296
7220,0.000000
7221,0.918296
7222,1.584963
7223,1.584963
7224,0.918296
7225,0.918296
7226,1.584963
7227,1.584963
7228,1.584963
7229,1.584963
7230,0.918296
7231,0.918296
7232,0.918296
7233,0.918296
7234,0.000000
7235,0.918296
7236,1.584963
7237,1.584963
7238,1.584963
7239,1.584963
7240,1.584963
7241,0.918296
7242,0.918296
7243,1.584963
7244,1.584963
7245,1.584963
7246,1.584963
7247,1.584963
7248,0.918296
7249,0.918296
7250,1.584963
7251,1.584963
7252,0.918296
7253,1.584963
7254,0.918296
7255,0.918296
7256,0.918296
7257,1.584963
7258,1.584963
7259,1.584963
7260,1.584963
7261,0.918296
7262,1.584963
7263,1.584963
7264,1.584963
7265,1.584963
7266,1.584963
7267,1.584963
7268,1.584963
7269,1.584963
7270,1.584963
7271,1.584963
7272,1.584963
7273,1.584963
7274,1.584963
7275,1.584963
7276,1.584963
7277,1.584963
7278,0.918296
7279,1.584963
7280,0.918296
7281,1.584963
7282,0.918296
7283,0.918296
7284,1.584963
7285,0.918296
7286,0.918296
7287,0.918296
7288,1.584963
7289,1.584963
7290,0.918296
7291,1.584963
7292,1.584963
7293,1.584963
7294,1.584963
7295,1.584963
7296,0.918296
7297,0.918296
7298,1.584963
7299,1.584963
7300,1.584963
7301,1.584963
7302,1.584963
7303,1.584963
7304,1.584963
7305,1.584963
7306,1.584963
7307,1.584963
7308,1.584963
7309,1.584963
7310,1.584963
7311,1.584963
7312,0.918296
7313,0.918296
7314,1.584963
7315,1.584963
7316,1.584963
7317,1.584963
7318,1.584963
7319,1.584963
7320,0.918296
7321,1.584963
7322,1.584963
7323,0.918296
7324,1.584963
7325,1.584963
7326,1.584963
7327,0.918296
7328,0.918296
7329,1.584963
7330,1.584963
7331,1.584963
7332,1.584963
7333,1.584963
7334,1.584963
7335,0.918296
7336,0.918296
7337,1.584963
7338,1.584963
7339,1.584963
7340,1.584963
7341,0.918296
7342,1.584963
7343,0.918296
7344,0.918296
7345,1.584963
7346,1.584963
7347,1.584963
7348,1.584963
7349,1.584963
7350,1.584963
7351,1.584963
7352,1.584963
7353,1.584963
7354,0.918296
7355,0.918296
7356,0.918296
7357,1.584963
7358,0.918296
7359,0.918296
7360,0.918296
7361,1.584963
7362,1.584963
7363,1.584963
7364,1.584963
7365,1.584963
7366,1.584963
7367,1.584963
7368,1.584963
7369,1.584963
7370,1.584963
7371,1.584963
7372,1.584963
7373,1.584963
7374,1.584963
7375,1.584963
7376,1.584963
7377,1.584963
7378,1.584963
7379,1.584963
7380,0.918296
7381,0.918296
7382,1.584963
7383,1.584963
7384,1.584963
7385,0.918296
7386,0.918296
7387,1.584963
7388,1.584963
7389,0.918296
7390,1.584963
7391,1.584963
7392,0.918296
7393,1.584963
7394,1.584963
7395,1.584963
7396,1.584963
7397,1.584963
7398,1.584963
7399,1.584963
7400,1.584963
7401,1.584963
7402,1.584963
7403,1.584963
7404,1.584963
7405,1.584963
7406,1.584963
7407,1.584963
7408,1.584963
7409,0.918296
7410,0.918296
7411,0.918296
7412,0.918296
7413,1.584963
7414,1.584963
7415,0.918296
7416,0.918296
7417,1.584963
7418,1.584963
7419,0.918296
7420,1.584963
7421,1.584963
7422,1.584963
7423,0.918296
7424,0.918296
7425,1.584963
7426,1.584963
7427,1.584963
7428,0.918296
7429,1.584963
7430,1.584963
7431,1.584963
7432,0.918296
7433,0.000000
7434,0.918296
7435,1.584963
7436,0.918296
7437,0.918296
7438,1.584963
7439,1.584963
7440,1.584963
7441,1.584963
7442,1.584963
7443,1.584963
7444,1.584963
7445,1.584963
7446,1.584963
7447,1.584963
7448,1.584963
7449,0.918296
7450,0.918296
7451,0.918296
7452,1.584963
7453,1.584963
7454,1.584963
7455,0.918296
7456,0.918296
7457,1.584963
7458,1.584963
7459,0.918296
7460,0.918296
7461,1.584963
7462,1.584963
7463,0.918296
7464,0.918296
7465,1.584963
7466,1.584963
7467,1.584963
7468,1.584963
7469,1.584963
7470,1.584963
7471,1.584963
7472,1.584963
7473,1.584963
7474,1.584963
7475,1.584963
7476,1.584963
7477,1.584963
7478,0.918296
7479,0.918296
7480,1.584963
7481,1.584963
7482,1.584963
7483,1.584963
7484,1.584963
7485,1.584963
7486,1.584963
7487,1.584963
7488,1.584963
7489,1.584963
7490,1.584963
7491,1.584963
7492,1.584963
7493,0.918296
7494,0.918296
7495,0.918296
7496,1.584963
7497,1.584963
7498,1.584963
7499,1.584963
7500,1.584963
7501,1.584963
7502,0.918296
7503,1.584963
7504,1.584963
7505,0.918296
7506,0.918296
7507,0.918296
7508,1.584963
7509,1.584963
7510,1.584963
7511,1.584963
7512,1.584963
7513,0.918296
7514,0.918296
7515,1.584963
7516,0.918296
7517,1.584963
7518,1.584963
7519,1.584963
7520,1.584963
7521,0.918296
7522,1.584963
7523,0.918296
7524,0.918296
7525,1.584963
7526,1.584963
7527,1.584963
7528,1.584963
7529,1.584963
7530,1.584963
7531,1.584963
7532,1.584963
7533,1.584963
7534,1.584963
7535,1.584963
7536,1.584963
7537,0.918296
7538,0.918296
7539,0.918296
7540,1.584963
7541,1.584963
7542,1.584963
7543,0.918296
7544,0.918296
7545,1.584963
7546,0.918296
7547,0.918296
7548,1.584963
7549,1.584963
7550,1.584963
7551,1.584963
7552,1.584963
7553,1.584963
7554,1.584963
7555,0.918296
7556,1.584963
7557,1.584963
7558,1.584963
7559,1.584963
7560,0.918296
7561,1.584963
7562,1.584963
7563,1.584963
7564,0.918296
7565,0.918296
7566,1.584963
7567,1.584963
7568,0.918296
7569,0.918296
7570,1.584963
7571,1.584963
7572,0.918296
7573,0.918296
7574,1.584963
7575,1.584963
7576,1.584963
7577,1.584963
7578,1.584963
7579,1.584963
7580,1.584963
7581,0.918296
7582,1.584963
7583,1.584963
7584,1.584963
7585,0.918296
7586,0.918296
7587,1.584963
7588,1.584963
7589,1.584963
7590,0.918296
7591,0.918296
7592,1.584963
7593,1.584963
7594,0.918296
7595,1.584963
7596,0.918296
7597,0.918296
7598,0.918296
7599,1.584963
7600,1.584963
7601,0.918296
7602,1.584963
7603,1.584963
7604,1.584963
7605,1.584963
7606,1.584963
7607,1.584963
7608,0.918296
7609,0.918296
7610,0.918296
7611,0.918296
7612,0.918296
7613,0.918296
7614,1.584963
7615,1.584963
7616,1.584963
7617,1.584963
7618,1.584963
7619,1.584963
7620,1.584963
7621,1.584963
7622,1.584963
7623,1.584963
7624,1.584963
7625,1.584963
7626,1.584963
7627,1.584963
7628,1.584963
7629,1.584963
7630,0.918296
7631,0.918296
7632,1.584963
7633,1.584963
7634,1.584963
7635,1.584963
7636,1.584963
7637,1.584963
7638,1.584963
7639,1.584963
7640,0.918296
7641,0.918296
7642,1.584963
7643,0.918296
7644,1.584963
7645,1.584963
7646,1.584963
7647,1.584963
7648,0.918296
7649,0.918296
7650,1.584963
7651,1.584963
7652,1.584963
7653,1.584963
7654,1.584963
7655,1.584963
7656,1.584963
7657,1.584963
7658,0.918296
7659,1.584963
7660,1.584963
7661,1.584963
7662,1.584963
7663,1.584963
7664,1.584963
7665,1.584963
7666,0.918296
7667,1.584963
7668,1.584963
7669,1.584963
7670,0.918296
7671,0.918296
7672,0.918296
7673,0.918296
7674,1.584963
7675,0.918296
7676,0.000000
7677,0.918296
7678,0.918296
7679,1.584963
7680,0.918296
7681,1.584963
7682,1.584963
7683,1.584963
7684,1.584963
7685,1.584963
7686,1.584963
7687,1.584963
7688,1.584963
7689,1.584963
7690,0.918296
7691,0.918296
7692,1.584963
7693,1.584963
7694,1.584963
7695,1.584963
7696,1.584963
7697,1.584963
7698,1.584963
7699,1.584963
7700,0.918296
7701,0.000000
7702,0.918296
7703,1.584963
7704,1.584963
7705,1.584963
7706,0.918296
7707,0.918296
7708,1.584963
7709,1.584963
7710,1.584963
7711,1.584963
7712,1.584963
7713,1.584963
7714,1.584963
7715,1.584963
7716,1.584963
7717,0.918296
7718,1.584963
7719,0.918296
7720,0.918296
7721,0.918296
7722,1.584963
7723,1.584963
7724,1.584963
7725,1.584963
7726,1.584963
7727,1.584963
7728,1.584963
7729,1.584963
7730,1.584963
7731,0.918296
7732,0.918296
7733,1.584963
7734,0.918296
7735,0.918296
7736,1.584963
7737,1.584963
7738,1.584963
7739,1.584963
7740,1.584963
7741,1.584963
7742,0.918296
7743,1.584963
7744,1.584963
7745,1.584963
7746,0.918296
7747,0.918296
7748,0.918296
7749,0.918296
7750,0.918296
7751,1.584963
7752,1.584963
7753,1.584963
7754,1.584963
7755,1.584963
7756,1.584963
7757,1.584963
7758,0.918296
7759,1.584963
7760,1.584963
7761,1.584963
7762,1.584963
7763,1.584963
7764,0.918296
7765,1.584963
7766,1.584963
7767,1.584963
7768,1.584963
7769,1.584963
7770,1.584963
7771,0.918296
7772,1.584963
7773,1.584963
7774,1.584963
7775,1.584963
7776,1.584963
7777,1.584963
7778,1.584963
7779,1.584963
7780,1.584963
7781,1.584963
7782,0.918296
7783,0.000000
7784,0.918296
7785,1.584963
7786,1.584963
7787,1.584963
7788,1.584963
7789,1.584963
7790,0.918296
7791,0.918296
7792,0.918296
7793,1.584963
7794,1.584963
7795,1.584963
7796,1.584963
7797,0.918296
7798,0.918296
7799,1.584963
7800,1.584963
7801,1.584963
7802,1.584963
7803,0.918296
7804,1.584963
7805,1.584963
7806,1.584963
7807,1.584963
7808,0.918296
7809,1.584963
7810,1.584963
7811,1.584963
7812,1.584963
7813,1.584963
7814,1.584963
7815,1.584963
7816,1.584963
7817,1.584963
7818,0.918296
7819,0.918296
7820,0.918296
7821,1.584963
7822,1.584963
7823,1.584963
7824,1.584963
7825,1.584963
7826,1.584963
7827,1.584963
7828,0.918296
7829,0.918296
7830,1.584963
7831,1.584963
7832,1.584963
7833,1.584963
7834,1.584963
7835,1.584963
7836,1.584963
7837,1.584963
7838,0.918296
7839,0.000000
7840,0.918296
7841,1.584963
7842,1.584963
7843,1.584963
7844,0.918296
7845,0.918296
7846,1.584963
7847,1.584963
7848,1.584963
7849,1.584963
7850,1.584963
7851,0.918296
7852,0.918296
7853,1.584963
7854,1.584963
7855,1.584963
7856,1.584963
7857,1.584963
7858,1.584963
7859,0.918296
7860,1.584963
7861,0.918296
7862,0.918296
7863,1.584963
7864,1.584963
7865,1.584963
7866,1.584963
7867,1.584963
7868,1.584963
7869,1.584963
7870,1.584963
7871,1.584963
7872,1.584963
7873,1.584963
7874,0.918296
7875,1.584963
7876,0.918296
7877,1.584963
7878,0.918296
7879,1.584963
7880,1.584963
7881,1.584963
7882,1.584963
7883,1.584963
7884,1.584963
7885,1.584963
7886,1.584963
7887,1.584963
7888,0.918296
7889,1.584963
7890,1.584963
7891,1.584963
7892,0.918296
7893,0.918296
7894,0.918296
7895,1.584963
7896,1.584963
7897,1.584963
7898,1.584963
7899,1.584963
7900,1.584963
7901,1.584963
7902,1.584963
7903,1.584963
7904,1.584963
7905,0.918296
7906,1.584963
7907,1.584963
7908,1.584963
7909,1.584963
7910,0.918296
7911,1.584963
7912,0.918296
7913,1.584963
7914,1.584963
7915,1.584963
7916,0.918296
7917,0.000000
7918,0.000000
7919,0.918296
7920,1.584963
7921,1.584963
7922,0.918296
7923,1.584963
7924,1.584963
7925,1.584963
7926,1.584963
7927,0.918296
7928,0.918296
7929,1.584963
7930,1.584963
7931,1.584963
7932,1.584963
7933,0.918296
7934,0.918296
7935,1.584963
7936,1.584963
7937,1.584963
7938,0.918296
7939,0.918296
7940,1.584963
7941,1.584963
7942,1.584963
7943,1.584963
7944,0.918296
7945,0.918296
7946,0.918296
7947,0.918296
7948,1.584963
7949,1.584963
7950,0.918296
7951,1.584963
7952,1.584963
7953,0.918296
7954,0.918296
7955,1.584963
7956,0.918296
7957,1.584963
7958,1.584963
7959,1.584963
7960,1.584963
7961,1.584963
7962,0.918296
7963,0.918296
7964,0.918296
7965,0.918296
7966,1.584963
7967,1.584963
7968,1.584963
7969,1.584963
7970,1.584963
7971,1.584963
7972,1.584963
7973,1.584963
7974,1.584963
7975,1.584963
7976,1.584963
7977,1.584963
7978,1.584963
7979,1.584963
7980,1.584963
7981,1.584963
7982,1.584963
7983,0.918296
7984,0.918296
7985,1.584963
7986,1.584963
7987,1.584963
7988,1.584963
7989,1.584963
7990,1.584963
7991,0.918296
7992,1.584963
7993,1.584963
7994,0.918296
7995,1.584963
7996,0.918296
7997,0.918296
7998,0.918296
7999,0.918296
8000,1.584963
8001,1.584963
8002,1.584963
8003,1.584963
8004,1.584963
8005,1.584963
8006,1.584963
8007,1.584963
8008,1.584963
8009,1.584963
8010,1.584963
8011,1.584963
8012,0.918296
8013,1.584963
8014,1.584963
8015,1.584963
8016,0.918296
8017,1.584963
8018,0.918296
8019,1.584963
8020,1.584963
8021,0.918296
8022,1.584963
8023,0.918296
8024,1.584963
8025,1.584963
8026,0.918296
8027,0.918296
8028,0.918296
8029,1.584963
8030,0.918296
8031,1.584963
8032,1.584963
8033,1.584963
8034,1.584963
8035,1.584963
8036,0.918296
8037,0.918296
8038,0.918296
8039,0.918296
8040,1.584963
8041,0.918296
8042,0.918296
8043,1.584963
8044,1.584963
8045,1.584963
8046,1.584963
8047,0.918296
8048,0.918296
8049,1.584963
8050,1.584963
8051,0.918296
8052,0.918296
8053,1.584963
8054,0.918296
8055,0.918296
8056,0.918296
8057,1.584963
8058,1.584963
8059,1.584963
8060,0.918296
8061,0.918296
8062,1.584963
8063,0.918296
8064,0.918296
8065,1.584963
8066,0.918296
8067,1.584963
8068,1.584963
8069,0.918296
8070,0.918296
8071,0.918296
8072,0.918296
8073,1.584963
8074,1.584963
8075,1.584963
8076,1.584963
8077,1.584963
8078,1.584963
8079,1.584963
8080,1.584963
8081,1.584963
8082,1.584963
8083,0.918296
8084,0.918296
8085,1.584963
8086,1.584963
8087,1.584963
8088,1.584963
8089,1.584963
8090,1.584963
8091,1.584963
8092,0.918296
8093,1.584963
8094,1.584963
8095,1.584963
8096,1.584963
8097,1.584963
8098,1.584963
8099,1.584963
8100,0.918296
8101,0.918296
8102,1.584963
8103,1.584963
8104,1.584963
8105,0.918296
8106,0.918296
8107,1.584963
8108,1.584963
8109,1.584963
8110,1.584963
8111,1.584963
8112,1.584963
8113,1.584963
8114,0.918296
8115,1.584963
8116,1.584963
8117,1.584963
8118,0.918296
8119,1.584963
8120,1.584963
8121,0.918296
8122,0.000000
8123,0.918296
8124,1.584963
8125,0.918296
8126,0.918296
8127,1.584963
8128,1.584963
8129,1.584963
8130,1.584963
8131,0.918296
8132,1.584963
8133,1.584963
8134,0.918296
8135,1.584963
8136,0.918296
8137,1.584963
8138,0.918296
8139,0.000000
8140,0.000000
8141,0.918296
8142,1.584963
8143,1.584963
8144,1.584963
8145,1.584963
8146,1.584963
8147,0.918296
8148,0.918296
8149,1.584963
8150,1.584963
8151,0.918296
8152,0.000000
8153,0.918296
8154,1.584963
8155,1.584963
8156,1.584963
8157,0.918296
8158,1.584963
8159,1.584963
8160,1.584963
8161,1.584963
8162,1.584963
8163,1.584963
8164,1.584963
8165,1.584963
8166,1.584963
8167,1.584963
8168,1.584963
8169,1.584963
8170,0.918296
8171,0.918296
8172,0.918296
8173,0.918296
8174,1.584963
8175,1.584963
8176,1.584963
8177,1.584963
8178,0.918296
8179,0.000000
8180,0.918296
8181,1.584963
8182,1.584963
8183,1.584963
8184,1.584963
8185,1.584963
8186,0.918296
8187,0.918296
8188,1.584963
8189,1.584963
8190,0.918296
8191,1.584963
8192,1.584963
8193,1.584963
8194,1.584963
8195,1.584963
8196,1.584963
8197,0.918296
8198,0.918296
8199,1.584963
8200,1.584963
8201,1.584963
8202,1.584963
8203,0.918296
8204,0.918296
8205,0.918296
8206,0.918296
8207,1.584963
8208,0.918296
8209,1.584963
8210,1.584963
8211,1.584963
8212,1.584963
8213,1.584963
8214,0.918296
8215,1.584963
8216,0.918296
8217,1.584963
8218,0.918296
8219,0.000000
8220,0.918296
8221,1.584963
8222,1.584963
8223,1.584963
8224,1.584963
8225,1.584963
8226,1.584963
8227,1.584963
8228,1.584963
8229,1.584963
8230,0.918296
8231,0.918296
8232,1.584963
8233,0.918296
8234,0.918296
8235,1.584963
8236,1.584963
8237,1.584963
8238,1.584963
8239,1.584963
8240,1.584963
8241,0.918296
8242,0.918296
8243,1.584963
8244,1.584963
8245,1.584963
8246,1.584963
8247,1.584963
8248,1.584963
8249,1.584963
8250,1.584963
8251,1.584963
8252,1.584963
8253,1.584963
8254,1.584963
8255,1.584963
8256,1.584963
8257,1.584963
8258,1.584963
8259,1.584963
8260,0.918296
8261,0.918296
8262,1.584963
8263,0.918296
8264,1.584963
8265,1.584963
8266,0.918296
8267,0.918296
8268,1.584963
8269,1.584963
8270,1.584963
8271,1.584963
8272,1.584963
8273,1.584963
8274,0.918296
8275,0.918296
8276,0.918296
8277,1.584963
8278,1.584963
8279,1.584963
8280,0.918296
8281,0.918296
8282,0.918296
8283,0.918296
8284,1.584963
8285,1.584963
8286,1.584963
8287,1.584963
8288,0.918296
8289,0.000000
8290,0.918296
8291,1.584963
8292,1.584963
8293,1.584963
8294,1.584963
8295,1.584963
8296,1.584963
8297,1.584963
8298,0.918296
8299,0.918296
8300,1.584963
8301,1.584963
8302,1.584963
8303,1.584963
8304,1.584963
8305,1.584963
8306,1.584963
8307,1.584963
8308,0.918296
8309,0.918296
8310,0.918296
8311,1.584963
8312,1.584963
8313,1.584963
8314,1.584963
8315,0.918296
8316,0.918296
8317,1.584963
8318,0.918296
8319,1.584963
8320,1.584963
8321,0.918296
8322,1.584963
8323,1.584963
8324,1.584963
8325,0.918296
8326,1.584963
8327,1.584963
8328,0.918296
8329,0.918296
8330,1.584963
8331,0.918296
8332,0.918296
8333,1.584963
8334,1.584963
8335,1.584963
8336,1.584963
8337,1.584963
8338,1.584963
8339,1.584963
8340,1.584963
8341,1.584963
8342,0.918296
8343,0.918296
8344,1.584963
8345,1.584963
8346,1.584963
8347,0.918296
8348,0.918296
8349,1.584963
8350,1.584963
8351,0.918296
8352,0.918296
8353,1.584963
8354,0.918296
8355,0.918296
8356,1.584963
8357,1.584963
8358,1.584963
8359,0.918296
8360,0.918296
8361,1.584963
8362,1.584963
8363,0.918296
8364,0.000000
8365,0.918296
8366,1.584963
8367,0.918296
8368,1.584963
8369,1.584963
8370,1.584963
8371,1.584963
8372,1.584963
8373,0.918296
8374,0.000000
8375,0.918296
8376,0.918296
8377,0.918296
8378,1.584963
8379,0.918296
8380,1.584963
8381,1.584963
8382,1.584963
8383,0.918296
8384,1.584963
8385,1.584963
8386,1.584963
8387,1.584963
8388,1.584963
8389,0.918296
8390,0.918296
8391,0.918296
8392,1.584963
8393,1.584963
8394,1.584963
8395,0.918296
8396,0.918296
8397,1.584963
8398,1.584963
8399,1.584963
8400,1.584963
8401,1.584963
8402,1.584963
8403,1.584963
8404,0.918296
8405,0.918296
8406,1.584963
8407,1.584963
8408,1.584963
8409,1.584963
8410,1.584963
8411,1.584963
8412,1.584963
8413,0.918296
8414,0.918296
8415,1.584963
8416,1.584963
8417,0.918296
8418,1.584963
8419,1.584963
8420,0.918296
8421,0.918296
8422,1.584963
8423,1.584963
8424,0.918296
8425,1.584963
8426,1.584963
8427,1.584963
8428,1.584963
8429,1.584963
8430,0.918296
8431,1.584963
8432,1.584963
8433,0.918296
8434,1.584963
8435,1.584963
8436,1.584963
8437,1.584963
8438,1.584963
8439,1.584963
8440,0.918296
8441,1.584963
8442,1.584963
8443,0.918296
8444,1.584963
8445,1.584963
8446,1.584963
8447,1.584963
8448,1.584963
8449,1.584963
8450,1.584963
8451,1.584963
8452,1.584963
8453,0.918296
8454,0.000000
8455,0.918296
8456,1.584963
8457,0.918296
8458,1.584963
8459,1.584963
8460,1.584963
8461,0.918296
8462,1.584963
8463,0.918296
8464,1.584963
8465,0.918296
8466,0.918296
8467,0.918296
8468,1.584963
8469,1.584963
8470,1.584963
8471,1.584963
8472,1.584963
8473,0.918296
8474,0.918296
8475,1.584963
8476,1.584963
8477,1.584963
8478,0.918296
8479,1.584963
8480,1.584963
8481,1.584963
8482,1.584963
8483,1.584963
8484,1.584963
8485,1.584963
8486,1.584963
8487,1.584963
8488,1.584963
8489,1.584963
8490,1.584963
8491,1.584963
8492,1.584963
8493,1.584963
8494,1.584963
8495,0.918296
8496,1.584963
8497,1.584963
8498,0.918296
8499,0.918296
8500,1.584963
8501,1.584963
8502,1.584963
8503,1.584963
8504,1.584963
8505,1.584963
8506,1.584963
8507,1.584963
8508,1.584963
8509,1.584963
8510,0.918296
8511,1.584963
8512,1.584963
8513,1.584963
8514,1.584963
8515,1.584963
8516,1.584963
8517,1.584963
8518,1.584963
8519,1.584963
8520,1.584963
8521,1.584963
8522,1.584963
8523,0.918296
8524,0.918296
8525,1.584963
8526,1.584963
8527,1.584963
8528,1.584963
8529,1.584963
8530,0.918296
8531,1.584963
8532,1.584963
8533,1.584963
8534,0.918296
8535,1.584963
8536,1.584963
8537,1.584963
8538,1.584963
8539,1.584963
8540,1.584963
8541,1.584963
8542,1.584963
8543,1.584963
8544,1.584963
8545,1.584963
8546,1.584963
8547,0.918296
8548,0.918296
8549,1.584963
8550,1.584963
8551,1.584963
8552,1.584963
8553,1.584963
8554,1.584963
8555,1.584963
8556,1.584963
8557,1.584963
8558,1.584963
8559,1.584963
8560,1.584963
8561,1.584963
8562,1.584963
8563,1.584963
8564,1.584963
8565,0.918296
8566,1.584963
8567,0.918296
8568,0.918296
8569,0.918296
8570,1.584963
8571,0.918296
8572,0.918296
8573,1.584963
8574,0.918296
8575,0.918296
8576,1.584963
8577,1.584963
8578,1.584963
8579,1.584963
8580,1.584963
8581,1.584963
8582,1.584963
8583,1.584963
8584,1.584963
8585,1.584963
8586,1.584963
8587,0.918296
8588,1.584963
8589,1.584963
8590,1.584963
8591,1.584963
8592,0.918296
8593,0.918296
8594,0.918296
8595,0.918296
8596,1.584963
8597,1.584963
8598,0.918296
8599,0.918296
8600,1.584963
8601,0.918296
8602,0.918296
8603,0.918296
8604,1.584963
8605,0.918296
8606,1.584963
8607,0.918296
8608,0.918296
8609,1.584963
8610,0.918296
8611,0.918296
8612,0.918296
8613,1.584963
8614,0.918296
8615,1.584963
8616,1.584963
8617,1.584963
8618,0.918296
8619,0.918296
8620,1.584963
8621,1.584963
8622,1.584963
8623,1.584963
8624,1.584963
8625,1.584963
8626,1.584963
8627,1.584963
8628,1.584963
8629,1.584963
8630,1.584963
8631,1.584963
8632,1.584963
8633,1.584963
8634,0.918296
8635,0.918296
8636,0.918296
8637,1.584963
8638,1.584963
8639,1.584963
8640,1.584963
8641,1.584963
8642,0.918296
8643,0.918296
8644,1.584963
8645,1.584963
8646,1.584963
8647,1.584963
8648,1.584963
8649,1.584963
8650,1.584963
8651,1.584963
8652,1.584963
8653,1.584963
8654,1.584963
8655,0.918296
8656,1.584963
8657,1.584963
8658,1.584963
8659,1.584963
8660,1.584963
8661,1.584963
8662,0.918296
8663,1.584963
8664,1.584963
8665,1.584963
8666,1.584963
8667,1.584963
8668,1.584963
8669,1.584963
8670,1.584963
8671,1.584963
8672,1.584963
8673,1.584963
8674,1.584963
8675,1.584963
8676,0.918296
8677,0.918296
8678,1.584963
8679,1.584963
8680,1.584963
8681,0.918296
8682,1.584963
8683,1.584963
8684,1.584963
8685,1.584963
8686,1.584963
8687,1.584963
8688,1.584963
8689,1.584963
8690,1.584963
8691,1.584963
8692,1.584963
8693,1.584963
8694,1.584963
8695,1.584963
8696,0.918296
8697,1.584963
8698,1.584963
8699,1.584963
8700,1.584963
8701,1.584963
8702,1.584963
8703,1.584963
8704,1.584963
8705,1.584963
8706,1.584963
8707,1.584963
8708,0.918296
8709,1.584963
8710,1.584963
8711,0.918296
8712,0.918296
8713,1.584963
8714,1.584963
8715,1.584963
8716,1.584963
8717,1.584963
8718,0.918296
8719,0.000000
8720,0.918296
8721,1.584963
8722,1.584963
8723,1.584963
8724,1.584963
8725,1.584963
8726,0.918296
8727,0.918296
8728,1.584963
8729,1.584963
8730,1.584963
8731,1.584963
8732,1.584963
8733,1.584963
8734,1.584963
8735,0.918296
8736,1.584963
8737,1.584963
8738,1.584963
8739,1.584963
8740,1.584963
8741,0.918296
8742,0.918296
8743,1.584963
8744,0.918296
8745,0.918296
8746,1.584963
8747,1.584963
8748,1.584963
8749,1.584963
8750,0.918296
8751,0.918296
8752,1.584963
8753,1.584963
8754,1.584963
8755,1.584963
8756,0.918296
8757,1.584963
8758,1.584963
8759,1.584963
8760,0.918296
8761,1.584963
8762,1.584963
8763,1.584963
8764,1.584963
8765,1.584963
8766,0.918296
8767,0.918296
8768,1.584963
8769,1.584963
8770,0.918296
8771,0.918296
8772,1.584963
8773,1.584963
8774,1.584963
8775,0.918296
8776,0.918296
8777,0.918296
8778,0.918296
8779,1.584963
8780,0.918296
8781,1.584963
8782,1.584963
8783,1.584963
8784,0.918296
8785,0.000000
8786,0.918296
8787,1.584963
8788,1.584963
8789,1.584963
8790,1.584963
8791,1.584963
8792,1.584963
8793,0.918296
8794,0.918296
8795,1.584963
8796,1.584963
8797,1.584963
8798,1.584963
8799,1.584963
8800,0.918296
8801,0.918296
8802,1.584963
8803,1.584963
8804,1.584963
8805,1.584963
8806,1.584963
8807,0.918296
8808,0.918296
8809,1.584963
8810,1.584963
8811,1.584963
8812,1.584963
8813,0.918296
8814,0.918296
8815,0.918296
8816,0.918296
8817,0.918296
8818,0.000000
8819,0.918296
8820,1.584963
8821,1.584963
8822,1.584963
8823,1.584963
8824,1.584963
8825,1.584963
8826,1.584963
8827,1.584963
8828,1.584963
8829,1.584963
8830,1.584963
8831,1.584963
8832,1.584963
8833,1.584963
8834,0.918296
8835,0.918296
8836,1.584963
8837,1.584963
8838,0.918296
8839,1.584963
8840,1.584963
8841,1.584963
8842,1.584963
8843,1.584963
8844,1.584963
8845,1.584963
8846,1.584963
8847,1.584963
8848,1.584963
8849,0.918296
8850,1.584963
8851,1.584963
8852,1.584963
8853,0.918296
8854,1.584963
8855,1.584963
8856,1.584963
8857,1.584963
8858,1.584963
8859,0.918296
8860,1.584963
8861,1.584963
8862,1.584963
8863,1.584963
8864,1.584963
8865,0.918296
8866,1.584963
8867,1.584963
8868,1.584963
8869,1.584963
8870,1.584963
8871,1.584963
8872,1.584963
8873,1.584963
8874,1.584963
8875,0.918296
8876,0.918296
8877,1.584963
8878,1.584963
8879,1.584963
8880,1.584963
8881,1.584963
8882,1.584963
8883,1.584963
8884,1.584963
8885,1.584963
8886,0.918296
8887,1.584963
8888,1.584963
8889,1.584963
8890,0.918296
8891,0.918296
8892,0.918296
8893,1.584963
8894,1.584963
8895,1.584963
8896,1.584963
8897,1.584963
8898,1.584963
8899,1.584963
8900,1.584963
8901,0.918296
8902,0.918296
8903,1.584963
8904,1.584963
8905,0.918296
8906,1.584963
8907,0.918296
8908,0.918296
8909,1.584963
8910,1.584963
8911,1.584963
8912,0.918296
8913,1.584963
8914,1.584963
8915,0.918296
8916,1.584963
8917,0.918296
8918,0.918296
8919,1.584963
8920,1.584963
8921,1.584963
8922,1.584963
8923,1.584963
8924,1.584963
8925,1.584963
8926,1.584963
8927,1.584963
8928,0.918296
8929,0.918296
8930,1.584963
8931,0.918296
8932,1.584963
8933,1.584963
8934,1.584963
8935,0.918296
8936,1.584963
8937,1.584963
8938,1.584963
8939,0.918296
8940,0.918296
8941,1.584963
8942,1.584963
8943,1.584963
8944,1.584963
8945,1.584963
8946,1.584963
8947,1.584963
8948,0.918296
8949,0.918296
8950,1.584963
8951,0.918296
8952,1.584963
8953,1.584963
8954,0.918296
8955,0.918296
8956,1.584963
8957,1.584963
8958,0.918296
8959,0.918296
8960,1.584963
8961,1.584963
8962,1.584963
8963,1.584963
8964,0.918296
8965,0.000000
8966,0.918296
8967,1.584963
8968,0.918296
8969,0.000000
8970,0.918296
8971,1.584963
8972,0.918296
8973,0.918296
8974,0.918296
8975,0.918296
8976,0.918296
8977,1.584963
8978,0.918296
8979,0.918296
8980,1.584963
8981,1.584963
8982,1.584963
8983,1.584963
8984,0.918296
8985,0.918296
8986,1.584963
8987,1.584963
8988,1.584963
8989,1.584963
8990,0.918296
8991,1.584963
8992,1.584963
8993,1.584963
8994,1.584963
8995,1.584963
8996,1.584963
8997,0.918296
8998,0.918296
8999,0.918296
9000,1.584963
9001,1.584963
9002,1.584963
9003,1.584963
9004,0.918296
9005,0.000000
9006,0.918296
9007,1.584963
9008,1.584963
9009,1.584963
9010,1.584963
9011,1.584963
9012,1.584963
9013,1.584963
9014,1.584963
9015,0.918296
9016,0.918296
9017,1.584963
9018,1.584963
9019,1.584963
9020,0.918296
9021,0.918296
9022,1.584963
9023,1.584963
9024,1.584963
9025,1.584963
9026,1.584963
9027,1.584963
9028,1.584963
9029,1.584963
9030,1.584963
9031,1.584963
9032,1.584963
9033,1.584963
9034,1.584963
9035,1.584963
9036,1.584963
9037,0.918296
9038,0.918296
9039,1.584963
9040,1.584963
9041,1.584963
9042,1.584963
9043,1.584963
9044,1.584963
9045,1.584963
9046,1.584963
9047,1.584963
9048,1.584963
9049,1.584963
9050,1.584963
9051,1.584963
9052,1.584963
9053,1.584963
9054,1.584963
9055,0.918296
9056,1.584963
9057,1.584963
9058,1.584963
9059,1.584963
9060,0.918296
9061,0.918296
9062,1.584963
9063,0.918296
9064,0.918296
9065,1.584963
9066,1.584963
9067,1.584963
9068,1.584963
9069,1.584963
9070,1.584963
9071,1.584963
9072,0.918296
9073,0.918296
9074,1.584963
9075,1.584963
9076,0.918296
9077,1.584963
9078,1.584963
9079,1.584963
9080,0.918296
9081,1.584963
9082,1.584963
9083,1.584963
9084,0.918296
9085,0.918296
9086,1.584963
9087,0.918296
9088,0.918296
9089,1.584963
9090,0.918296
9091,0.000000
9092,0.000000
9093,0.918296
9094,1.584963
9095,1.584963
9096,1.584963
9097,1.584963
9098,0.918296
9099,1.584963
9100,0.918296
9101,0.918296
9102,0.918296
9103,1.584963
9104,1.584963
9105,0.918296
9106,0.000000
9107,0.918296
9108,0.918296
9109,0.918296
9110,0.918296
9111,0.918296
9112,1.584963
9113,1.584963
9114,1.584963
9115,1.584963
9116,0.918296
9117,1.584963
9118,1.584963
9119,1.584963
9120,1.584963
9121,0.918296
9122,0.918296
9123,0.918296
9124,1.584963
9125,1.584963
9126,1.584963
9127,0.918296
9128,1.584963
9129,1.584963
9130,1.584963
9131,1.584963
9132,1.584963
9133,1.584963
9134,1.584963
9135,1.584963
9136,1.584963
9137,1.584963
9138,0.918296
9139,0.918296
9140,1.584963
9141,0.918296
9142,0.918296
9143,1.584963
9144,1.584963
9145,1.584963
9146,1.584963
9147,0.918296
9148,0.000000
9149,0.918296
9150,1.584963
9151,1.584963
9152,1.584963
9153,1.584963
9154,1.584963
9155,1.584963
9156,1.584963
9157,0.918296
9158,0.918296
9159,1.584963
9160,1.584963
9161,1.584963
9162,0.918296
9163,0.918296
9164,0.918296
9165,0.918296
9166,1.584963
9167,1.584963
9168,1.584963
9169,1.584963
9170,1.584963
9171,1.584963
9172,1.584963
9173,1.584963
9174,1.584963
9175,0.918296
9176,0.918296
9177,1.584963
9178,1.584963
9179,1.584963
9180,1.584963
9181,1.584963
9182,1.584963
9183,1.584963
9184,0.918296
9185,1.584963
9186,0.918296
9187,0.918296
9188,1.584963
9189,1.584963
9190,1.584963
9191,1.584963
9192,1.584963
9193,1.584963
9194,1.584963
9195,1.584963
9196,1.584963
9197,1.584963
9198,1.584963
9199,0.918296
9200,1.584963
9201,1.584963
9202,1.584963
9203,1.584963
9204,0.918296
9205,0.918296
9206,1.584963
9207,1.584963
9208,1.584963
9209,1.584963
9210,1.584963
9211,1.584963
9212,1.584963
9213,1.584963
9214,1.584963
9215,1.584963
9216,1.584963
9217,0.918296
9218,0.918296
9219,1.584963
9220,1.584963
9221,0.918296
9222,0.918296
9223,1.584963
9224,1.584963
9225,0.918296
9226,0.918296
9227,1.584963
9228,1.584963
9229,1.584963
9230,0.918296
9231,0.918296
9232,0.918296
9233,1.584963
9234,1.584963
9235,0.918296
9236,0.918296
9237,1.584963
9238,1.584963
9239,1.584963
9240,1.584963
9241,1.584963
9242,1.584963
9243,1.584963
9244,1.584963
9245,0.918296
9246,0.918296
9247,1.584963
9248,1.584963
9249,1.584963
9250,1.584963
9251,1.584963
9252,1.584963
9253,1.584963
9254,1.584963
9255,1.584963
9256,1.584963
9257,1.584963
9258,1.584963
9259,1.584963
9260,1.584963
9261,1.584963
9262,0.918296
9263,1.584963
9264,0.918296
9265,1.584963
9266,1.584963
9267,1.584963
9268,1.584963
9269,0.918296
9270,1.584963
9271,0.918296
9272,0.918296
9273,1.584963
9274,0.918296
9275,0.918296
9276,1.584963
9277,1.584963
9278,1.584963
9279,1.584963
9280,1.584963
9281,0.918296
9282,0.918296
9283,1.584963
9284,1.584963
9285,1.584963
9286,1.584963
9287,0.918296
9288,0.918296
9289,0.918296
9290,1.584963
9291,1.584963
9292,1.584963
9293,0.918296
9294,1.584963
9295,0.918296
9296,0.918296
9297,1.584963
9298,1.584963
9299,1.584963
9300,1.584963
9301,1.584963
9302,1.584963
9303,0.918296
9304,0.918296
9305,1.584963
9306,0.918296
9307,0.918296
9308,0.918296
9309,0.918296
9310,1.584963
9311,0.918296
9312,0.918296
9313,1.584963
9314,0.918296
9315,1.584963
9316,1.584963
9317,1.584963
9318,1.584963
9319,1.584963
9320,0.918296
9321,1.584963
9322,1.584963
9323,1.584963
9324,0.918296
9325,1.584963
9326,0.918296
9327,0.918296
9328,1.584963
9329,1.584963
9330,1.584963
9331,0.918296
9332,0.918296
9333,0.918296
9334,1.584963
9335,1.584963
9336,1.584963
9337,0.918296
9338,1.584963
9339,1.584963
9340,1.584963
9341,1.584963
9342,0.918296
9343,0.918296
9344,1.584963
9345,0.918296
9346,0.918296
9347,1.584963
9348,0.918296
9349,0.918296
9350,1.584963
9351,1.584963
9352,1.584963
9353,1.584963
9354,0.918296
9355,0.918296
9356,1.584963
9357,1.584963
9358,1.584963
9359,1.584963
9360,1.584963
9361,1.584963
9362,1.584963
9363,1.584963
9364,1.584963
9365,0.918296
9366,1.584963
9367,0.918296
9368,1.584963
9369,1.584963
9370,1.584963
9371,1.584963
9372,1.584963
9373,1.584963
9374,1.584963
9375,1.584963
9376,1.584963
9377,1.584963
9378,1.584963
9379,1.584963
9380,1.584963
9381,1.584963
9382,1.584963
9383,0.918296
9384,1.584963
9385,1.584963
9386,1.584963
9387,1.584963
9388,1.584963
9389,1.584963
9390,1.584963
9391,1.584963
9392,1.584963
9393,0.918296
9394,0.918296
9395,0.918296
9396,1.584963
9397,1.584963
9398,1.584963
9399,1.584963
9400,1.584963
9401,1.584963
9402,0.918296
9403,0.918296
9404,1.584963
9405,1.584963
9406,0.918296
9407,1.584963
9408,1.584963
9409,1.584963
9410,1.584963
9411,1.584963
9412,1.584963
9413,1.584963
9414,0.918296
9415,0.918296
9416,0.918296
9417,1.584963
9418,1.584963
9419,1.584963
9420,1.584963
9421,1.584963
9422,1.584963
9423,1.584963
9424,1.584963
9425,1.584963
9426,1.584963
9427,0.918296
9428,1.584963
9429,1.584963
9430,0.918296
9431,0.000000
9432,0.000000
9433,0.918296
9434,1.584963
9435,1.584963
9436,1.584963
9437,0.918296
9438,0.918296
9439,0.918296
9440,0.918296
9441,0.918296
9442,0.918296
9443,1.584963
9444,1.584963
9445,1.584963
9446,1.584963
9447,0.918296
9448,0.918296
9449,1.584963
9450,1.584963
9451,1.584963
9452,1.584963
9453,1.584963
9454,1.584963
9455,1.584963
9456,1.584963
9457,1.584963
9458,1.584963
9459,1.584963
9460,1.584963
9461,1.584963
9462,0.918296
9463,0.918296
9464,0.918296
9465,1.584963
9466,1.584963
9467,1.584963
9468,0.918296
9469,1.584963
9470,1.584963
9471,1.584963
9472,0.918296
9473,1.584963
9474,1.584963
9475,1.584963
9476,0.918296
9477,0.918296
9478,0.918296
9479,0.918296
9480,0.918296
9481,1.584963
9482,1.584963
9483,1.584963
9484,0.918296
9485,0.918296
9486,1.584963
9487,1.584963
9488,1.584963
9489,1.584963
9490,1.584963
9491,1.584963
9492,1.584963
9493,1.584963
9494,1.584963
9495,1.584963
9496,1.584963
9497,1.584963
9498,0.918296
9499,0.918296
9500,1.584963
9501,1.584963
9502,1.584963
9503,1.584963
9504,1.584963
9505,1.584963
9506,1.584963
9507,1.584963
9508,1.584963
9509,1.584963
9510,1.584963
9511,1.584963
9512,1.584963
9513,1.584963
9514,1.584963
9515,1.584963
9516,1.584963
9517,1.584963
9518,1.584963
9519,1.584963
9520,1.584963
9521,0.918296
9522,0.918296
9523,1.584963
9524,1.584963
9525,1.584963
9526,1.584963
9527,1.584963
9528,1.584963
9529,1.584963
9530,1.584963
9531,1.584963
9532,1.584963
9533,0.918296
9534,1.584963
9535,1.584963
9536,1.584963
9537,1.584963
9538,1.584963
9539,0.918296
9540,0.918296
9541,1.584963
9542,1.584963
9543,1.584963
9544,1.584963
9545,0.918296
9546,0.918296
9547,0.918296
9548,0.918296
9549,1.584963
9550,1.584963
9551,1.584963
9552,0.918296
9553,0.918296
9554,0.918296
9555,1.584963
9556,1.584963
9557,0.918296
9558,0.918296
9559,0.918296
9560,0.000000
9561,0.000000
9562,0.918296
9563,0.918296
9564,1.584963
9565,1.584963
9566,1.584963
9567,0.918296
9568,0.918296
9569,1.584963
9570,0.918296
9571,1.584963
9572,1.584963
9573,0.918296
9574,0.918296
9575,1.584963
9576,1.584963
9577,1.584963
9578,1.584963
9579,1.584963
9580,1.584963
9581,1.584963
9582,0.918296
9583,1.584963
9584,1.584963
9585,1.584963
9586,1.584963
9587,0.918296
9588,0.918296
9589,1.584963
9590,1.584963
9591,0.918296
9592,1.584963
9593,1.584963
9594,1.584963
9595,1.584963
9596,1.584963
9597,1.584963
9598,1.584963
9599,1.584963
9600,1.584963
9601,1.584963
9602,1.584963
9603,1.584963
9604,1.584963
9605,0.918296
9606,0.918296
9607,0.918296
9608,1.584963
9609,1.584963
9610,1.584963
9611,1.584963
9612,1.584963
9613,0.918296
9614,1.584963
9615,0.918296
9616,0.918296
9617,1.584963
9618,1.584963
9619,1.584963
9620,1.584963
9621,1.584963
9622,1.584963
9623,0.918296
9624,1.584963
9625,1.584963
9626,0.918296
9627,1.584963
9628,1.584963
9629,0.918296
9630,0.918296
9631,0.918296
9632,1.584963
9633,1.584963
9634,1.584963
9635,1.584963
9636,0.918296
9637,1.584963
9638,0.918296
9639,1.584963
9640,1.584963
9641,0.918296
9642,1.584963
9643,1.584963
9644,1.584963
9645,0.918296
9646,0.000000
9647,0.918296
9648,1.584963
9649,1.584963
9650,1.584963
9651,1.584963
9652,1.584963
9653,1.584963
9654,1.584963
9655,1.584963
9656,1.584963
9657,1.584963
9658,1.584963
9659,1.584963
9660,1.584963
9661,1.584963
9662,1.584963
9663,1.584963
9664,1.584963
9665,1.584963
9666,1.584963
9667,1.584963
9668,1.584963
9669,1.584963
9670,1.584963
9671,1.584963
9672,1.584963
9673,1.584963
9674,1.584963
9675,1.584963
9676,1.584963
9677,1.584963
9678,1.584963
9679,1.584963
9680,1.584963
9681,1.584963
9682,1.584963
9683,1.584963
9684,1.584963
9685,1.584963
9686,1.584963
9687,1.584963
9688,0.918296
9689,1.584963
9690,1.584963
9691,1.584963
9692,0.918296
9693,0.918296
9694,0.918296
9695,0.918296
9696,0.918296
9697,0.918296
9698,1.584963
9699,0.918296
9700,0.918296
9701,0.918296
9702,0.918296
9703,1.584963
9704,0.918296
9705,1.584963
9706,1.584963
9707,1.584963
9708,1.584963
9709,1.584963
9710,1.584963
9711,1.584963
9712,1.584963
9713,1.584963
9714,1.584963
9715,1.584963
9716,1.584963
9717,0.918296
9718,1.584963
9719,1.584963
9720,1.584963
9721,1.584963
9722,1.584963
9723,1.584963
9724,1.584963
9725,1.584963
9726,0.918296
9727,1.584963
9728,1.584963
9729,1.584963
9730,1.584963
9731,1.584963
9732,0.918296
9733,0.918296
9734,1.584963
9735,1.584963
9736,1.584963
9737,1.584963
9738,1.584963
9739,1.584963
9740,0.918296
9741,0.918296
9742,1.584963
9743,1.584963
9744,1.584963
9745,1.584963
9746,1.584963
9747,1.584963
9748,1.584963
9749,1.584963
9750,0.918296
9751,0.918296
9752,1.584963
9753,1.584963
9754,1.584963
9755,1.584963
9756,1.584963
9757,1.584963
9758,1.584963
9759,1.584963
9760,0.918296
9761,0.918296
9762,1.584963
9763,1.584963
9764,1.584963
9765,1.584963
9766,1.584963
9767,1.584963
9768,1.584963
9769,1.584963
9770,1.584963
9771,0.918296
9772,0.918296
9773,0.918296
9774,0.918296
9775,1.584963
9776,1.584963
9777,1.584963
9778,1.584963
9779,1.584963
9780,1.584963
9781,1.584963
9782,1.584963
9783,1.584963
9784,1.584963
9785,1.584963
9786,1.584963
9787,1.584963
9788,1.584963
9789,0.918296
9790,0.918296
9791,1.584963
9792,1.584963
9793,1.584963
9794,1.584963
9795,1.584963
9796,1.584963
9797,1.584963
9798,1.584963
9799,1.584963
9800,1.584963
9801,0.918296
9802,0.918296
9803,0.918296
9804,0.918296
9805,0.918296
9806,0.918296
9807,0.918296
9808,1.584963
9809,1.584963
9810,1.584963
9811,1.584963
9812,1.584963
9813,1.584963
9814,1.584963
9815,1.584963
9816,1.584963
9817,1.584963
9818,1.584963
9819,1.584963
9820,1.584963
9821,1.584963
9822,1.584963
9823,1.584963
9824,1.584963
9825,1.584963
9826,1.584963
9827,0.918296
9828,1.584963
9829,1.584963
9830,1.584963
9831,0.918296
9832,0.918296
9833,1.584963
9834,0.918296
9835,0.918296
9836,1.584963
9837,1.584963
9838,1.584963
9839,1.584963
9840,1.584963
9841,1.584963
9842,1.584963
9843,0.918296
9844,1.584963
9845,1.584963
9846,0.918296
9847,1.584963
9848,1.584963
9849,0.918296
9850,0.918296
9851,1.584963
9852,1.584963
9853,1.584963
9854,1.584963
9855,1.584963
9856,1.584963
9857,0.918296
9858,0.918296
9859,0.918296
9860,1.584963
9861,1.584963
9862,1.584963
9863,1.584963
9864,1.584963
9865,1.584963
9866,1.584963
9867,1.584963
9868,0.918296
9869,1.584963
9870,1.584963
9871,1.584963
9872,1.584963
9873,1.584963
9874,1.584963
9875,1.584963
9876,1.584963
9877,1.584963
9878,1.584963
9879,1.584963
9880,0.918296
9881,0.000000
9882,0.918296
9883,1.584963
9884,1.584963
9885,1.584963
9886,1.584963
9887,0.918296
9888,0.918296
9889,1.584963
9890,0.918296
9891,0.918296
9892,1.584963
9893,1.584963
9894,0.918296
9895,0.918296
9896,0.918296
9897,1.584963
9898,1.584963
9899,1.584963
9900,1.584963
9901,0.918296
9902,0.918296
9903,0.918296
9904,0.918296
9905,0.918296
9906,1.584963
9907,1.584963
9908,0.918296
9909,0.000000
9910,0.918296
9911,1.584963
9912,1.584963
9913,0.918296
9914,1.584963
9915,1.584963
9916,1.584963
9917,0.918296
9918,0.918296
9919,1.584963
9920,0.918296
9921,0.918296
9922,1.584963
9923,0.918296
9924,0.918296
9925,0.918296
9926,1.584963
9927,1.584963
9928,1.584963
9929,0.918296
9930,0.000000
9931,0.918296
9932,0.918296
9933,0.918296
9934,1.584963
9935,1.584963
9936,1.584963
9937,1.584963
9938,1.584963
9939,0.918296
9940,0.000000
9941,0.918296
9942,1.584963
9943,1.584963
9944,1.584963
9945,1.584963
9946,1.584963
9947,1.584963
9948,1.584963
9949,0.918296
9950,1.584963
9951,1.584963
9952,0.918296
9953,0.000000
9954,0.918296
9955,1.584963
9956,1.584963
9957,1.584963
9958,1.584963
9959,0.918296
9960,1.584963
9961,1.584963
9962,0.918296
9963,1.584963
9964,1.584963
9965,1.584963
9966,1.584963
9967,1.584963
9968,0.918296
9969,0.918296
9970,1.584963
9971,1.584963
9972,1.584963
9973,1.584963
9974,1.584963
9975,1.584963
9976,1.584963
9977,1.584963
9978,0.918296
9979,0.918296
9980,1.584963
9981,1.584963
9982,1.584963
9983,1.584963
9984,0.918296
9985,0.918296
9986,0.918296
9987,1.584963
9988,1.584963
9989,1.584963
9990,1.584963
9991,1.584963
9992,1.584963
9993,1.584963
9994,1.584963
9995,1.584963
9996,1.584963
9997,1.584963
9998,1.584963
