window_start_place,entropy_bits
1,1.921928
2,1.921928
3,2.321928
4,1.921928
5,1.921928
6,1.370951
7,0.721928
8,1.370951
9,1.921928
10,1.521928
11,1.921928
12,1.921928
13,1.921928
14,2.321928
15,2.321928
16,1.921928
17,1.370951
18,1.370951
19,0.970951
20,1.370951
21,1.921928
22,2.321928
23,2.321928
24,1.921928
25,2.321928
26,1.921928
27,1.921928
28,1.921928
29,1.921928
30,1.921928
31,1.921928
32,2.321928
33,2.321928
34,2.321928
35,2.321928
36,1.921928
37,2.321928
38,2.321928
39,2.321928
40,1.921928
41,1.921928
42,1.370951
43,1.921928
44,1.921928
45,1.921928
46,2.321928
47,1.921928
48,1.921928
49,1.921928
50,1.921928
51,1.521928
52,0.970951
53,1.370951
54,1.370951
55,1.521928
56,1.370951
57,1.370951
58,1.921928
59,1.921928
60,2.321928
61,2.321928
62,2.321928
63,2.321928
64,2.321928
65,1.921928
66,2.321928
67,2.321928
68,2.321928
69,1.921928
70,1.921928
71,1.921928
72,1.921928
73,1.921928
74,1.921928
75,2.321928
76,1.921928
77,1.921928
78,1.521928
79,1.921928
80,2.321928
81,1.921928
82,1.921928
83,1.921928
84,1.921928
85,1.921928
86,1.921928
87,2.321928
88,1.921928
89,2.321928
90,2.321928
91,1.921928
92,1.370951
93,1.370951
94,1.521928
95,1.521928
96,1.921928
97,1.921928
98,2.321928
99,1.921928
100,1.921928
101,1.921928
102,1.921928
103,1.921928
104,1.921928
105,1.921928
106,1.921928
107,2.321928
108,1.921928
109,1.521928
110,1.921928
111,1.921928
112,2.321928
113,1.921928
114,1.921928
115,1.921928
116,1.521928
117,1.921928
118,1.921928
119,1.370951
120,1.921928
121,1.921928
122,1.921928
123,2.321928
124,2.321928
125,2.321928
126,1.921928
127,1.921928
128,1.370951
129,1.921928
130,1.921928
131,2.321928
132,2.321928
133,2.321928
134,1.921928
135,1.921928
136,2.321928
137,1.921928
138,1.921928
139,1.921928
140,1.521928
141,1.921928
142,1.521928
143,1.521928
144,0.970951
145,1.370951
146,1.921928
147,2.321928
148,1.921928
149,1.921928
150,1.921928
151,1.921928
152,2.321928
153,2.321928
154,2.321928
155,2.321928
156,1.921928
157,1.921928
158,1.921928
159,1.921928
160,1.921928
161,1.921928
162,1.921928
163,1.921928
164,1.921928
165,1.921928
166,1.921928
167,2.321928
168,2.321928
169,2.321928
170,2.321928
171,2.321928
172,2.321928
173,1.921928
174,1.921928
175,1.370951
176,1.921928
177,1.921928
178,1.921928
179,1.521928
180,1.921928
181,1.370951
182,1.921928
183,1.921928
184,2.321928
185,2.321928
186,2.321928
187,1.921928
188,2.321928
189,2.321928
190,2.321928
191,2.321928
192,2.321928
193,2.321928
194,1.921928
195,1.921928
196,1.921928
197,2.321928
198,2.321928
199,2.321928
200,2.321928
201,1.921928
202,1.921928
203,1.521928
204,1.921928
205,1.921928
206,2.321928
207,1.921928
208,2.321928
209,2.321928
210,2.321928
211,2.321928
212,1.921928
213,1.521928
214,1.921928
215,1.921928
216,1.921928
217,1.921928
218,1.521928
219,1.521928
220,1.521928
221,1.521928
222,1.921928
223,1.921928
224,2.321928
225,1.921928
226,1.521928
227,1.521928
228,1.921928
229,1.921928
230,1.521928
231,1.921928
232,2.321928
233,2.321928
234,2.321928
235,2.321928
236,1.921928
237,1.921928
238,1.921928
239,1.521928
240,1.521928
241,1.521928
242,1.921928
243,1.921928
244,1.921928
245,1.921928
246,1.921928
247,1.921928
248,2.321928
249,2.321928
250,2.321928
251,2.321928
252,1.921928
253,1.921928
254,1.921928
255,2.321928
256,2.321928
257,2.321928
258,1.921928
259,1.921928
260,1.921928
261,1.921928
262,1.921928
263,2.321928
264,1.921928
265,1.921928
266,1.521928
267,1.921928
268,1.921928
269,1.370951
270,1.370951
271,1.370951
272,1.521928
273,1.921928
274,1.521928
275,1.921928
276,1.921928
277,1.921928
278,1.921928
279,1.521928
280,1.921928
281,2.321928
282,1.921928
283,1.521928
284,1.921928
285,1.921928
286,1.921928
287,1.921928
288,1.921928
289,1.921928
290,1.921928
291,1.521928
292,0.970951
293,1.521928
294,1.921928
295,2.321928
296,2.321928
297,1.921928
298,1.921928
299,1.521928
300,1.521928
301,1.521928
302,0.970951
303,1.521928
304,1.521928
305,1.921928
306,1.521928
307,1.921928
308,2.321928
309,2.321928
310,2.321928
311,2.321928
312,2.321928
313,2.321928
314,2.321928
315,2.321928
316,2.321928
317,2.321928
318,1.921928
319,1.921928
320,2.321928
321,1.921928
322,1.921928
323,2.321928
324,1.921928
325,1.921928
326,2.321928
327,2.321928
328,1.921928
329,2.321928
330,1.921928
331,1.521928
332,1.921928
333,1.521928
334,1.921928
335,1.921928
336,1.921928
337,1.921928
338,1.921928
339,2.321928
340,1.921928
341,1.921928
342,1.921928
343,2.321928
344,1.921928
345,1.370951
346,0.970951
347,1.370951
348,1.921928
349,2.321928
350,2.321928
351,2.321928
352,1.921928
353,1.921928
354,2.321928
355,1.921928
356,2.321928
357,2.321928
358,2.321928
359,1.921928
360,1.921928
361,1.521928
362,1.921928
363,1.521928
364,1.370951
365,1.521928
366,1.921928
367,1.521928
368,1.921928
369,2.321928
370,1.921928
371,1.921928
372,1.921928
373,2.321928
374,1.921928
375,1.921928
376,1.921928
377,1.521928
378,1.921928
379,1.370951
380,1.370951
381,1.921928
382,1.921928
383,1.921928
384,1.921928
385,1.370951
386,1.521928
387,1.921928
388,1.921928
389,1.521928
390,1.921928
391,1.921928
392,1.921928
393,1.921928
394,1.921928
395,1.921928
396,2.321928
397,2.321928
398,1.921928
399,1.921928
400,1.521928
401,1.521928
402,1.921928
403,2.321928
404,1.921928
405,1.921928
406,1.921928
407,2.321928
408,2.321928
409,1.921928
410,1.921928
411,1.370951
412,1.370951
413,1.921928
414,1.921928
415,1.921928
416,1.921928
417,1.921928
418,1.921928
419,2.321928
420,2.321928
421,2.321928
422,2.321928
423,1.921928
424,1.921928
425,1.921928
426,1.921928
427,1.921928
428,2.321928
429,2.321928
430,2.321928
431,1.921928
432,2.321928
433,1.921928
434,2.321928
435,1.921928
436,1.921928
437,1.921928
438,1.921928
439,2.321928
440,2.321928
441,1.921928
442,1.921928
443,1.921928
444,1.521928
445,1.921928
446,2.321928
447,1.921928
448,1.521928
449,1.521928
450,1.921928
451,2.321928
452,2.321928
453,1.921928
454,1.921928
455,1.521928
456,1.521928
457,0.970951
458,1.370951
459,1.921928
460,1.921928
461,1.921928
462,1.921928
463,1.521928
464,1.921928
465,1.921928
466,1.921928
467,2.321928
468,2.321928
469,1.921928
470,2.321928
471,2.321928
472,2.321928
473,2.321928
474,2.321928
475,2.321928
476,2.321928
477,2.321928
478,1.921928
479,1.921928
480,1.521928
481,1.521928
482,1.521928
483,1.921928
484,2.321928
485,2.321928
486,2.321928
487,1.921928
488,1.921928
489,1.521928
490,1.521928
491,1.921928
492,1.921928
493,1.921928
494,1.921928
495,1.921928
496,1.921928
497,2.321928
498,2.321928
499,2.321928
500,1.921928
501,1.370951
502,1.370951
503,1.370951
504,1.921928
505,1.921928
506,1.921928
507,1.921928
508,1.921928
509,1.521928
510,1.521928
511,1.921928
512,2.321928
513,2.321928
514,2.321928
515,2.321928
516,2.321928
517,2.321928
518,2.321928
519,1.921928
520,2.321928
521,2.321928
522,2.321928
523,1.921928
524,1.921928
525,1.921928
526,1.921928
527,1.370951
528,1.370951
529,1.521928
530,0.970951
531,1.521928
532,1.921928
533,1.921928
534,1.921928
535,1.921928
536,1.921928
537,1.921928
538,1.370951
539,1.370951
540,1.521928
541,1.521928
542,1.370951
543,1.370951
544,1.921928
545,1.521928
546,1.921928
547,1.921928
548,2.321928
549,2.321928
550,1.921928
551,1.921928
552,1.521928
553,1.521928
554,1.921928
555,1.521928
556,1.921928
557,1.921928
558,1.921928
559,1.921928
560,1.921928
561,1.921928
562,1.921928
563,1.370951
564,1.370951
565,1.921928
566,1.921928
567,2.321928
568,2.321928
569,2.321928
570,1.921928
571,2.321928
572,2.321928
573,1.921928
574,1.521928
575,1.921928
576,1.921928
577,1.921928
578,1.921928
579,2.321928
580,2.321928
581,1.921928
582,1.921928
583,1.921928
584,1.921928
585,1.921928
586,2.321928
587,2.321928
588,2.321928
589,1.921928
590,1.521928
591,1.921928
592,1.921928
593,1.921928
594,2.321928
595,1.921928
596,1.921928
597,2.321928
598,1.921928
599,1.921928
600,1.921928
601,1.921928
602,2.321928
603,2.321928
604,2.321928
605,2.321928
606,1.921928
607,1.921928
608,1.521928
609,1.921928
610,1.921928
611,2.321928
612,1.921928
613,1.921928
614,1.921928
615,2.321928
616,2.321928
617,1.921928
618,1.921928
619,1.921928
620,2.321928
621,2.321928
622,2.321928
623,2.321928
624,1.921928
625,2.321928
626,2.321928
627,2.321928
628,1.921928
629,1.370951
630,1.370951
631,1.921928
632,1.921928
633,1.921928
634,1.921928
635,1.921928
636,1.521928
637,1.921928
638,2.321928
639,2.321928
640,1.921928
641,1.921928
642,1.921928
643,1.921928
644,1.521928
645,1.921928
646,1.370951
647,1.921928
648,1.921928
649,1.921928
650,1.521928
651,1.521928
652,1.370951
653,0.721928
654,1.370951
655,1.921928
656,1.921928
657,2.321928
658,2.321928
659,2.321928
660,2.321928
661,1.921928
662,1.921928
663,1.921928
664,1.921928
665,2.321928
666,1.921928
667,1.921928
668,1.521928
669,1.521928
670,1.521928
671,1.921928
672,1.521928
673,1.921928
674,1.921928
675,2.321928
676,2.321928
677,2.321928
678,2.321928
679,1.921928
680,1.921928
681,1.521928
682,1.521928
683,1.921928
684,1.370951
685,1.921928
686,2.321928
687,2.321928
688,2.321928
689,1.921928
690,1.370951
691,1.921928
692,1.921928
693,1.370951
694,1.370951
695,1.921928
696,1.921928
697,1.521928
698,1.521928
699,1.921928
700,1.921928
701,1.921928
702,1.921928
703,2.321928
704,2.321928
705,1.921928
706,1.521928
707,1.370951
708,1.370951
709,1.921928
710,2.321928
711,1.921928
712,1.921928
713,1.370951
714,1.921928
715,1.370951
716,1.521928
717,1.921928
718,2.321928
719,1.921928
720,1.921928
721,1.921928
722,1.921928
723,1.921928
724,1.921928
725,1.921928
726,1.921928
727,1.921928
728,2.321928
729,2.321928
730,2.321928
731,2.321928
732,2.321928
733,1.921928
734,1.921928
735,1.921928
736,1.921928
737,1.921928
738,1.921928
739,2.321928
740,2.321928
741,1.921928
742,1.921928
743,1.921928
744,1.921928
745,1.921928
746,1.370951
747,1.921928
748,1.370951
749,1.921928
750,1.921928
751,2.321928
752,1.921928
753,1.921928
754,1.921928
755,1.921928
756,1.521928
757,1.521928
758,1.921928
759,1.921928
760,1.921928
761,1.370951
762,1.921928
763,1.921928
764,2.321928
765,2.321928
766,2.321928
767,2.321928
768,1.921928
769,1.921928
770,1.521928
771,0.970951
772,1.370951
773,1.370951
774,1.921928
775,2.321928
776,1.921928
777,1.921928
778,1.921928
779,1.521928
780,1.921928
781,1.521928
782,0.970951
783,1.521928
784,1.921928
785,1.921928
786,1.921928
787,2.321928
788,2.321928
789,1.921928
790,1.921928
791,1.921928
792,1.921928
793,2.321928
794,2.321928
795,1.921928
796,1.921928
797,1.921928
798,1.521928
799,1.921928
800,2.321928
801,1.921928
802,2.321928
803,2.321928
804,2.321928
805,2.321928
806,2.321928
807,2.321928
808,2.321928
809,1.921928
810,2.321928
811,2.321928
812,2.321928
813,1.921928
814,1.921928
815,1.921928
816,1.921928
817,1.921928
818,2.321928
819,1.921928
820,1.921928
821,2.321928
822,1.921928
823,1.921928
824,1.921928
825,2.321928
826,1.921928
827,2.321928
828,2.321928
829,2.321928
830,2.321928
831,1.921928
832,1.921928
833,1.521928
834,1.521928
835,1.521928
836,1.370951
837,1.921928
838,1.921928
839,2.321928
840,2.321928
841,1.921928
842,1.521928
843,1.921928
844,1.921928
845,2.321928
846,2.321928
847,1.921928
848,1.921928
849,2.321928
850,1.921928
851,1.921928
852,1.921928
853,1.521928
854,0.970951
855,0.970951
856,0.970951
857,1.370951
858,1.921928
859,1.921928
860,1.370951
861,0.970951
862,1.521928
863,1.921928
864,2.321928
865,2.321928
866,2.321928
867,1.921928
868,1.921928
869,1.521928
870,1.921928
871,2.321928
872,2.321928
873,1.921928
874,1.921928
875,1.921928
876,2.321928
877,2.321928
878,2.321928
879,2.321928
880,2.321928
881,2.321928
882,2.321928
883,2.321928
884,2.321928
885,2.321928
886,1.921928
887,1.921928
888,1.521928
889,1.921928
890,2.321928
891,2.321928
892,1.921928
893,2.321928
894,2.321928
895,1.921928
896,2.321928
897,1.921928
898,1.921928
899,1.921928
900,1.921928
901,1.921928
902,1.921928
903,1.921928
904,1.921928
905,1.370951
906,1.521928
907,1.521928
908,1.921928
909,2.321928
910,1.921928
911,1.921928
912,1.521928
913,1.921928
914,2.321928
915,1.921928
916,1.921928
917,1.921928
918,1.921928
919,1.921928
920,2.321928
921,2.321928
922,2.321928
923,2.321928
924,2.321928
925,1.921928
926,1.921928
927,1.521928
928,1.370951
929,1.370951
930,1.370951
931,1.921928
932,1.921928
933,1.921928
934,1.921928
935,1.921928
936,1.921928
937,2.321928
938,1.921928
939,1.921928
940,1.921928
941,1.921928
942,1.921928
943,1.921928
944,2.321928
945,2.321928
946,1.921928
947,2.321928
948,2.321928
949,2.321928
950,2.321928
951,2.321928
952,2.321928
953,1.921928
954,1.921928
955,1.921928
956,2.321928
957,1.921928
958,1.521928
959,0.970951
960,1.370951
961,1.921928
962,2.321928
963,1.921928
964,1.921928
965,1.921928
966,1.921928
967,2.321928
968,2.321928
969,2.321928
970,2.321928
971,2.321928
972,2.321928
973,2.321928
974,1.921928
975,1.921928
976,1.921928
977,2.321928
978,2.321928
979,2.321928
980,2.321928
981,2.321928
982,2.321928
983,1.921928
984,1.921928
985,1.921928
986,2.321928
987,1.921928
988,1.921928
989,1.921928
990,2.321928
991,2.321928
992,1.921928
993,2.321928
994,2.321928
995,2.321928
996,1.921928
997,1.921928
998,1.921928
999,1.921928
1000,2.321928
1001,1.921928
1002,1.921928
1003,1.921928
1004,1.521928
1005,1.921928
1006,2.321928
1007,1.921928
1008,1.921928
1009,1.921928
1010,1.370951
1011,1.370951
1012,1.370951
1013,1.370951
1014,1.921928
1015,2.321928
1016,2.321928
1017,2.321928
1018,1.921928
1019,1.921928
1020,1.921928
1021,1.921928
1022,2.321928
1023,2.321928
1024,1.921928
1025,1.921928
1026,1.921928
1027,1.521928
1028,1.921928
1029,1.521928
1030,1.521928
1031,1.521928
1032,1.521928
1033,1.921928
1034,1.921928
1035,1.921928
1036,1.921928
1037,1.921928
1038,1.921928
1039,1.921928
1040,1.521928
1041,1.521928
1042,1.921928
1043,2.321928
1044,2.321928
1045,2.321928
1046,2.321928
1047,1.921928
1048,1.921928
1049,2.321928
1050,2.321928
1051,2.321928
1052,1.921928
1053,1.921928
1054,1.921928
1055,1.921928
1056,1.921928
1057,2.321928
1058,1.921928
1059,1.921928
1060,1.921928
1061,1.921928
1062,1.521928
1063,1.921928
1064,1.521928
1065,1.921928
1066,1.921928
1067,1.370951
1068,1.921928
1069,1.921928
1070,1.921928
1071,1.921928
1072,2.321928
1073,2.321928
1074,2.321928
1075,2.321928
1076,2.321928
1077,2.321928
1078,1.921928
1079,1.370951
1080,1.521928
1081,1.921928
1082,1.921928
1083,2.321928
1084,2.321928
1085,1.921928
1086,1.921928
1087,1.921928
1088,1.921928
1089,1.921928
1090,1.921928
1091,1.921928
1092,2.321928
1093,1.921928
1094,1.921928
1095,1.921928
1096,1.921928
1097,1.921928
1098,1.921928
1099,2.321928
1100,1.921928
1101,1.370951
1102,1.370951
1103,1.921928
1104,1.921928
1105,2.321928
1106,2.321928
1107,1.921928
1108,1.921928
1109,1.921928
1110,1.921928
1111,1.921928
1112,1.921928
1113,1.921928
1114,1.921928
1115,1.921928
1116,1.921928
1117,1.921928
1118,1.921928
1119,1.921928
1120,1.921928
1121,2.321928
1122,1.921928
1123,1.921928
1124,1.921928
1125,1.921928
1126,1.921928
1127,1.921928
1128,1.921928
1129,1.921928
1130,2.321928
1131,2.321928
1132,1.921928
1133,1.921928
1134,2.321928
1135,2.321928
1136,1.921928
1137,1.921928
1138,2.321928
1139,2.321928
1140,1.921928
1141,1.521928
1142,1.921928
1143,1.921928
1144,1.921928
1145,1.521928
1146,1.921928
1147,2.321928
1148,2.321928
1149,2.321928
1150,2.321928
1151,1.921928
1152,1.921928
1153,1.521928
1154,1.921928
1155,2.321928
1156,2.321928
1157,1.921928
1158,1.921928
1159,2.321928
1160,2.321928
1161,2.321928
1162,1.921928
1163,1.921928
1164,2.321928
1165,2.321928
1166,2.321928
1167,2.321928
1168,1.921928
1169,1.921928
1170,1.521928
1171,1.921928
1172,1.921928
1173,1.921928
1174,1.921928
1175,2.321928
1176,2.321928
1177,2.321928
1178,1.921928
1179,1.921928
1180,1.921928
1181,1.921928
1182,1.921928
1183,2.321928
1184,1.921928
1185,1.921928
1186,1.521928
1187,1.921928
1188,1.921928
1189,1.921928
1190,2.321928
1191,2.321928
1192,2.321928
1193,2.321928
1194,2.321928
1195,2.321928
1196,2.321928
1197,2.321928
1198,2.321928
1199,1.921928
1200,1.521928
1201,1.921928
1202,1.921928
1203,1.921928
1204,1.921928
1205,2.321928
1206,1.921928
1207,1.370951
1208,1.370951
1209,1.370951
1210,1.921928
1211,1.921928
1212,1.921928
1213,1.521928
1214,0.970951
1215,1.521928
1216,1.921928
1217,1.921928
1218,1.521928
1219,1.521928
1220,1.521928
1221,1.921928
1222,1.521928
1223,1.521928
1224,1.921928
1225,1.921928
1226,1.921928
1227,1.521928
1228,1.921928
1229,1.921928
1230,1.921928
1231,1.921928
1232,1.921928
1233,1.921928
1234,1.521928
1235,1.521928
1236,1.521928
1237,1.921928
1238,1.921928
1239,1.921928
1240,1.521928
1241,1.521928
1242,1.370951
1243,1.521928
1244,1.521928
1245,1.521928
1246,1.521928
1247,1.921928
1248,2.321928
1249,2.321928
1250,1.921928
1251,1.921928
1252,1.921928
1253,1.921928
1254,2.321928
1255,2.321928
1256,2.321928
1257,2.321928
1258,1.921928
1259,1.521928
1260,1.921928
1261,1.521928
1262,1.921928
1263,1.521928
1264,1.521928
1265,1.921928
1266,1.921928
1267,2.321928
1268,2.321928
1269,2.321928
1270,2.321928
1271,2.321928
1272,2.321928
1273,2.321928
1274,1.921928
1275,1.521928
1276,1.521928
1277,1.370951
1278,1.921928
1279,2.321928
1280,1.921928
1281,1.370951
1282,1.370951
1283,1.521928
1284,1.921928
1285,1.921928
1286,1.921928
1287,1.921928
1288,2.321928
1289,2.321928
1290,2.321928
1291,1.921928
1292,1.921928
1293,1.370951
1294,1.921928
1295,1.921928
1296,1.921928
1297,2.321928
1298,1.921928
1299,1.921928
1300,1.921928
1301,1.921928
1302,2.321928
1303,1.921928
1304,1.921928
1305,1.921928
1306,1.921928
1307,1.921928
1308,2.321928
1309,2.321928
1310,2.321928
1311,2.321928
1312,2.321928
1313,2.321928
1314,2.321928
1315,1.921928
1316,1.521928
1317,1.921928
1318,1.921928
1319,1.921928
1320,1.921928
1321,1.921928
1322,1.921928
1323,2.321928
1324,2.321928
1325,1.921928
1326,1.521928
1327,1.521928
1328,1.921928
1329,2.321928
1330,2.321928
1331,2.321928
1332,2.321928
1333,1.921928
1334,1.521928
1335,1.921928
1336,1.921928
1337,1.921928
1338,1.370951
1339,1.370951
1340,1.921928
1341,1.921928
1342,1.921928
1343,1.921928
1344,2.321928
1345,1.921928
1346,1.921928
1347,1.921928
1348,1.921928
1349,1.921928
1350,1.921928
1351,1.921928
1352,1.921928
1353,1.521928
1354,1.921928
1355,1.521928
1356,1.921928
1357,1.370951
1358,1.370951
1359,1.521928
1360,1.921928
1361,1.521928
1362,1.521928
1363,1.921928
1364,1.921928
1365,1.921928
1366,1.521928
1367,1.521928
1368,1.921928
1369,1.921928
1370,2.321928
1371,1.921928
1372,1.921928
1373,1.921928
1374,1.921928
1375,1.921928
1376,1.921928
1377,1.921928
1378,2.321928
1379,2.321928
1380,2.321928
1381,2.321928
1382,1.921928
1383,1.921928
1384,1.921928
1385,2.321928
1386,1.921928
1387,1.921928
1388,1.921928
1389,1.921928
1390,2.321928
1391,1.921928
1392,1.921928
1393,2.321928
1394,1.921928
1395,1.921928
1396,1.921928
1397,1.921928
1398,2.321928
1399,2.321928
1400,1.921928
1401,1.521928
1402,1.521928
1403,1.370951
1404,1.370951
1405,1.370951
1406,1.370951
1407,1.370951
1408,1.921928
1409,1.921928
1410,1.921928
1411,2.321928
1412,2.321928
1413,2.321928
1414,1.921928
1415,1.921928
1416,1.921928
1417,1.370951
1418,1.370951
1419,1.370951
1420,1.521928
1421,1.921928
1422,1.921928
1423,1.921928
1424,2.321928
1425,2.321928
1426,1.921928
1427,1.521928
1428,1.521928
1429,1.521928
1430,1.921928
1431,1.370951
1432,1.921928
1433,1.921928
1434,1.521928
1435,1.921928
1436,1.370951
1437,1.521928
1438,1.521928
1439,1.521928
1440,1.921928
1441,1.921928
1442,1.921928
1443,1.921928
1444,1.921928
1445,2.321928
1446,2.321928
1447,2.321928
1448,2.321928
1449,2.321928
1450,2.321928
1451,2.321928
1452,2.321928
1453,1.921928
1454,2.321928
1455,1.921928
1456,1.521928
1457,1.521928
1458,1.521928
1459,1.921928
1460,1.921928
1461,2.321928
1462,2.321928
1463,2.321928
1464,1.921928
1465,1.921928
1466,1.521928
1467,1.921928
1468,2.321928
1469,1.921928
1470,1.370951
1471,1.370951
1472,1.370951
1473,1.921928
1474,1.921928
1475,1.921928
1476,1.370951
1477,0.721928
1478,1.370951
1479,1.921928
1480,1.521928
1481,1.921928
1482,1.921928
1483,1.521928
1484,1.921928
1485,1.921928
1486,2.321928
1487,2.321928
1488,2.321928
1489,2.321928
1490,2.321928
1491,1.921928
1492,2.321928
1493,1.921928
1494,1.521928
1495,1.921928
1496,1.921928
1497,1.921928
1498,1.370951
1499,1.370951
1500,1.921928
1501,1.921928
1502,1.521928
1503,1.921928
1504,2.321928
1505,2.321928
1506,1.921928
1507,1.921928
1508,1.370951
1509,1.921928
1510,1.921928
1511,1.921928
1512,1.521928
1513,1.521928
1514,1.370951
1515,1.921928
1516,2.321928
1517,2.321928
1518,1.921928
1519,2.321928
1520,2.321928
1521,1.921928
1522,2.321928
1523,2.321928
1524,2.321928
1525,1.921928
1526,1.921928
1527,1.521928
1528,1.921928
1529,2.321928
1530,2.321928
1531,2.321928
1532,2.321928
1533,1.921928
1534,1.921928
1535,1.921928
1536,2.321928
1537,2.321928
1538,2.321928
1539,1.921928
1540,1.370951
1541,1.370951
1542,0.970951
1543,1.521928
1544,1.521928
1545,1.521928
1546,1.521928
1547,1.521928
1548,1.921928
1549,1.521928
1550,1.521928
1551,1.921928
1552,1.921928
1553,2.321928
1554,2.321928
1555,2.321928
1556,2.321928
1557,2.321928
1558,1.921928
1559,1.921928
1560,2.321928
1561,2.321928
1562,2.321928
1563,2.321928
1564,1.921928
1565,1.921928
1566,1.921928
1567,1.921928
1568,2.321928
1569,1.921928
1570,2.321928
1571,2.321928
1572,2.321928
1573,2.321928
1574,2.321928
1575,1.921928
1576,1.921928
1577,1.921928
1578,2.321928
1579,2.321928
1580,1.921928
1581,1.521928
1582,1.521928
1583,1.921928
1584,2.321928
1585,1.921928
1586,1.921928
1587,1.370951
1588,0.970951
1589,1.370951
1590,1.921928
1591,2.321928
1592,2.321928
1593,2.321928
1594,1.921928
1595,2.321928
1596,2.321928
1597,2.321928
1598,2.321928
1599,2.321928
1600,2.321928
1601,1.921928
1602,1.921928
1603,1.921928
1604,1.921928
1605,2.321928
1606,1.921928
1607,1.921928
1608,1.921928
1609,1.921928
1610,2.321928
1611,1.921928
1612,1.921928
1613,1.921928
1614,2.321928
1615,2.321928
1616,2.321928
1617,2.321928
1618,2.321928
1619,2.321928
1620,1.921928
1621,1.521928
1622,0.970951
1623,0.721928
1624,1.370951
1625,1.370951
1626,1.521928
1627,1.370951
1628,1.370951
1629,1.921928
1630,1.521928
1631,1.921928
1632,1.921928
1633,2.321928
1634,2.321928
1635,2.321928
1636,2.321928
1637,1.921928
1638,1.521928
1639,1.921928
1640,1.521928
1641,1.370951
1642,1.370951
1643,1.521928
1644,1.521928
1645,1.921928
1646,1.921928
1647,1.921928
1648,2.321928
1649,2.321928
1650,1.921928
1651,1.921928
1652,1.370951
1653,1.521928
1654,1.921928
1655,1.921928
1656,1.921928
1657,1.921928
1658,1.521928
1659,1.921928
1660,1.921928
1661,2.321928
1662,2.321928
1663,2.321928
1664,1.921928
1665,1.521928
1666,1.370951
1667,1.370951
1668,1.921928
1669,1.521928
1670,1.370951
1671,1.370951
1672,1.370951
1673,1.921928
1674,1.921928
1675,1.370951
1676,1.521928
1677,1.521928
1678,1.370951
1679,1.921928
1680,2.321928
1681,1.921928
1682,2.321928
1683,2.321928
1684,2.321928
1685,2.321928
1686,1.921928
1687,1.921928
1688,2.321928
1689,1.921928
1690,1.921928
1691,1.921928
1692,1.921928
1693,1.921928
1694,1.921928
1695,1.921928
1696,1.921928
1697,1.521928
1698,1.521928
1699,1.521928
1700,1.921928
1701,1.921928
1702,1.370951
1703,1.921928
1704,1.921928
1705,1.921928
1706,2.321928
1707,1.921928
1708,1.521928
1709,1.521928
1710,1.921928
1711,1.921928
1712,1.921928
1713,1.921928
1714,1.921928
1715,2.321928
1716,2.321928
1717,1.921928
1718,1.921928
1719,1.370951
1720,1.370951
1721,1.921928
1722,1.921928
1723,2.321928
1724,1.921928
1725,1.921928
1726,1.921928
1727,1.921928
1728,1.921928
1729,1.921928
1730,1.521928
1731,1.370951
1732,1.370951
1733,1.921928
1734,1.370951
1735,1.921928
1736,2.321928
1737,1.921928
1738,1.921928
1739,1.921928
1740,1.921928
1741,1.921928
1742,1.921928
1743,2.321928
1744,2.321928
1745,1.921928
1746,2.321928
1747,1.921928
1748,1.370951
1749,1.370951
1750,1.370951
1751,1.370951
1752,1.921928
1753,1.921928
1754,1.921928
1755,2.321928
1756,2.321928
1757,2.321928
1758,1.921928
1759,2.321928
1760,1.921928
1761,1.521928
1762,1.521928
1763,1.370951
1764,1.921928
1765,1.921928
1766,1.521928
1767,1.921928
1768,1.921928
1769,1.521928
1770,1.921928
1771,1.921928
1772,1.921928
1773,2.321928
1774,2.321928
1775,1.921928
1776,2.321928
1777,2.321928
1778,2.321928
1779,2.321928
1780,1.921928
1781,1.921928
1782,2.321928
1783,2.321928
1784,2.321928
1785,2.321928
1786,1.921928
1787,1.921928
1788,2.321928
1789,2.321928
1790,2.321928
1791,2.321928
1792,1.921928
1793,1.521928
1794,1.921928
1795,1.921928
1796,1.921928
1797,1.921928
1798,1.921928
1799,2.321928
1800,2.321928
1801,2.321928
1802,2.321928
1803,2.321928
1804,2.321928
1805,2.321928
1806,1.921928
1807,1.921928
1808,1.521928
1809,1.521928
1810,1.921928
1811,1.370951
1812,1.921928
1813,1.921928
1814,2.321928
1815,1.921928
1816,1.921928
1817,1.921928
1818,1.521928
1819,1.521928
1820,1.521928
1821,1.921928
1822,1.921928
1823,2.321928
1824,2.321928
1825,2.321928
1826,2.321928
1827,1.921928
1828,1.921928
1829,1.921928
1830,1.921928
1831,2.321928
1832,2.321928
1833,2.321928
1834,2.321928
1835,1.921928
1836,1.921928
1837,1.921928
1838,2.321928
1839,2.321928
1840,2.321928
1841,2.321928
1842,2.321928
1843,2.321928
1844,1.921928
1845,1.921928
1846,1.921928
1847,1.921928
1848,2.321928
1849,1.921928
1850,1.921928
1851,1.521928
1852,1.521928
1853,1.921928
1854,1.921928
1855,2.321928
1856,2.321928
1857,2.321928
1858,2.321928
1859,2.321928
1860,2.321928
1861,1.921928
1862,1.921928
1863,2.321928
1864,2.321928
1865,2.321928
1866,2.321928
1867,2.321928
1868,2.321928
1869,1.921928
1870,1.921928
1871,1.921928
1872,1.521928
1873,1.521928
1874,1.921928
1875,2.321928
1876,2.321928
1877,2.321928
1878,2.321928
1879,2.321928
1880,2.321928
1881,2.321928
1882,2.321928
1883,1.921928
1884,1.370951
1885,1.521928
1886,1.921928
1887,1.370951
1888,1.921928
1889,1.921928
1890,1.921928
1891,1.521928
1892,1.521928
1893,1.921928
1894,1.521928
1895,1.921928
1896,1.521928
1897,1.521928
1898,1.921928
1899,1.521928
1900,1.521928
1901,1.921928
1902,1.521928
1903,1.921928
1904,1.921928
1905,2.321928
1906,1.921928
1907,2.321928
1908,2.321928
1909,1.921928
1910,1.921928
1911,1.921928
1912,2.321928
1913,2.321928
1914,1.921928
1915,1.921928
1916,1.921928
1917,1.521928
1918,0.970951
1919,0.721928
1920,1.370951
1921,1.370951
1922,1.921928
1923,2.321928
1924,2.321928
1925,1.921928
1926,1.921928
1927,2.321928
1928,2.321928
1929,2.321928
1930,2.321928
1931,1.921928
1932,1.921928
1933,1.370951
1934,1.370951
1935,1.921928
1936,1.921928
1937,1.921928
1938,1.521928
1939,1.521928
1940,1.921928
1941,1.370951
1942,1.921928
1943,2.321928
1944,1.921928
1945,2.321928
1946,2.321928
1947,2.321928
1948,1.921928
1949,1.921928
1950,1.921928
1951,1.921928
1952,2.321928
1953,2.321928
1954,1.921928
1955,1.921928
1956,1.921928
1957,2.321928
1958,2.321928
1959,2.321928
1960,2.321928
1961,1.921928
1962,1.921928
1963,2.321928
1964,1.921928
1965,1.521928
1966,1.921928
1967,1.921928
1968,1.921928
1969,1.921928
1970,1.921928
1971,1.921928
1972,2.321928
1973,2.321928
1974,2.321928
1975,2.321928
1976,1.921928
1977,1.921928
1978,1.921928
1979,1.921928
1980,1.521928
1981,1.521928
1982,1.921928
1983,1.921928
1984,1.921928
1985,1.921928
1986,1.921928
1987,2.321928
1988,2.321928
1989,2.321928
1990,2.321928
1991,2.321928
1992,1.921928
1993,1.521928
1994,1.521928
1995,1.521928
1996,1.370951
1997,1.370951
1998,1.370951
1999,1.370951
2000,1.921928
2001,1.921928
2002,1.921928
2003,1.921928
2004,1.921928
2005,1.921928
2006,1.921928
2007,1.921928
2008,1.521928
2009,1.921928
2010,1.521928
2011,1.521928
2012,1.370951
2013,0.721928
2014,0.970951
2015,1.370951
2016,1.921928
2017,1.921928
2018,1.921928
2019,1.921928
2020,1.921928
2021,1.521928
2022,1.921928
2023,2.321928
2024,1.921928
2025,1.521928
2026,1.521928
2027,1.921928
2028,1.921928
2029,1.921928
2030,1.921928
2031,1.921928
2032,1.921928
2033,1.921928
2034,1.921928
2035,1.921928
2036,1.921928
2037,2.321928
2038,2.321928
2039,1.921928
2040,1.921928
2041,1.921928
2042,1.921928
2043,2.321928
2044,2.321928
2045,1.921928
2046,2.321928
2047,2.321928
2048,2.321928
2049,2.321928
2050,1.921928
2051,1.521928
2052,1.521928
2053,1.370951
2054,1.921928
2055,2.321928
2056,2.321928
2057,2.321928
2058,2.321928
2059,2.321928
2060,2.321928
2061,2.321928
2062,2.321928
2063,1.921928
2064,1.370951
2065,1.370951
2066,1.370951
2067,1.921928
2068,1.921928
2069,1.370951
2070,0.721928
2071,1.370951
2072,1.370951
2073,1.921928
2074,1.921928
2075,1.921928
2076,2.321928
2077,1.921928
2078,1.921928
2079,2.321928
2080,1.921928
2081,1.921928
2082,1.921928
2083,1.921928
2084,1.921928
2085,1.921928
2086,1.921928
2087,1.921928
2088,1.921928
2089,1.921928
2090,1.921928
2091,1.921928
2092,1.921928
2093,1.921928
2094,1.921928
2095,1.921928
2096,1.921928
2097,1.370951
2098,1.521928
2099,1.521928
2100,1.370951
2101,1.370951
2102,1.921928
2103,1.921928
2104,1.521928
2105,1.921928
2106,1.521928
2107,1.521928
2108,1.521928
2109,1.921928
2110,2.321928
2111,1.921928
2112,1.921928
2113,1.521928
2114,0.970951
2115,0.970951
2116,1.370951
2117,1.370951
2118,1.521928
2119,1.921928
2120,2.321928
2121,1.921928
2122,1.921928
2123,1.921928
2124,2.321928
2125,1.921928
2126,1.921928
2127,1.921928
2128,2.321928
2129,2.321928
2130,1.921928
2131,1.921928
2132,1.921928
2133,1.521928
2134,1.521928
2135,1.921928
2136,1.521928
2137,1.921928
2138,1.521928
2139,1.921928
2140,2.321928
2141,2.321928
2142,1.921928
2143,2.321928
2144,2.321928
2145,2.321928
2146,1.921928
2147,1.921928
2148,1.921928
2149,1.921928
2150,2.321928
2151,1.921928
2152,2.321928
2153,2.321928
2154,2.321928
2155,2.321928
2156,2.321928
2157,2.321928
2158,1.921928
2159,1.921928
2160,2.321928
2161,2.321928
2162,2.321928
2163,2.321928
2164,2.321928
2165,1.921928
2166,1.921928
2167,1.921928
2168,2.321928
2169,2.321928
2170,2.321928
2171,1.921928
2172,1.921928
2173,1.921928
2174,1.921928
2175,2.321928
2176,2.321928
2177,1.921928
2178,1.521928
2179,1.921928
2180,1.921928
2181,1.921928
2182,1.921928
2183,1.921928
2184,1.921928
2185,1.921928
2186,2.321928
2187,2.321928
2188,1.921928
2189,1.370951
2190,1.370951
2191,0.970951
2192,1.521928
2193,1.521928
2194,0.970951
2195,0.970951
2196,1.370951
2197,1.370951
2198,1.370951
2199,1.370951
2200,1.921928
2201,1.921928
2202,1.921928
2203,1.521928
2204,1.521928
2205,1.521928
2206,1.370951
2207,1.370951
2208,1.921928
2209,2.321928
2210,2.321928
2211,2.321928
2212,1.921928
2213,1.921928
2214,1.521928
2215,1.521928
2216,1.521928
2217,1.921928
2218,1.921928
2219,2.321928
2220,2.321928
2221,1.921928
2222,1.370951
2223,1.370951
2224,1.521928
2225,1.521928
2226,1.921928
2227,1.921928
2228,2.321928
2229,2.321928
2230,1.921928
2231,1.521928
2232,1.921928
2233,2.321928
2234,1.921928
2235,2.321928
2236,1.921928
2237,2.321928
2238,2.321928
2239,1.921928
2240,2.321928
2241,2.321928
2242,2.321928
2243,2.321928
2244,2.321928
2245,2.321928
2246,2.321928
2247,1.921928
2248,1.521928
2249,1.370951
2250,1.370951
2251,1.921928
2252,1.521928
2253,1.921928
2254,1.921928
2255,1.370951
2256,1.521928
2257,1.921928
2258,1.921928
2259,1.370951
2260,1.370951
2261,1.370951
2262,1.921928
2263,2.321928
2264,2.321928
2265,1.921928
2266,1.921928
2267,1.921928
2268,1.921928
2269,2.321928
2270,2.321928
2271,1.921928
2272,1.921928
2273,1.921928
2274,1.921928
2275,1.921928
2276,1.921928
2277,1.921928
2278,1.921928
2279,1.921928
2280,1.921928
2281,1.921928
2282,1.921928
2283,2.321928
2284,1.921928
2285,1.921928
2286,1.921928
2287,1.370951
2288,1.370951
2289,1.370951
2290,1.370951
2291,1.521928
2292,1.521928
2293,1.521928
2294,1.521928
2295,1.521928
2296,1.921928
2297,1.521928
2298,1.521928
2299,1.921928
2300,1.921928
2301,2.321928
2302,2.321928
2303,1.921928
2304,1.921928
2305,1.521928
2306,1.921928
2307,2.321928
2308,1.921928
2309,1.921928
2310,1.921928
2311,1.921928
2312,2.321928
2313,1.921928
2314,1.921928
2315,1.921928
2316,1.521928
2317,1.921928
2318,1.521928
2319,1.921928
2320,1.921928
2321,1.921928
2322,1.921928
2323,1.521928
2324,1.921928
2325,1.921928
2326,1.921928
2327,2.321928
2328,2.321928
2329,1.921928
2330,1.921928
2331,1.921928
2332,2.321928
2333,1.921928
2334,1.521928
2335,1.921928
2336,1.921928
2337,1.921928
2338,1.921928
2339,1.921928
2340,1.921928
2341,1.521928
2342,1.521928
2343,1.521928
2344,0.970951
2345,0.970951
2346,1.370951
2347,1.921928
2348,2.321928
2349,2.321928
2350,1.921928
2351,1.921928
2352,1.521928
2353,1.521928
2354,1.370951
2355,1.370951
2356,1.370951
2357,1.921928
2358,1.921928
2359,1.921928
2360,1.921928
2361,2.321928
2362,2.321928
2363,1.921928
2364,1.921928
2365,1.370951
2366,1.370951
2367,1.521928
2368,1.370951
2369,1.370951
2370,1.370951
2371,1.921928
2372,2.321928
2373,1.921928
2374,1.521928
2375,1.921928
2376,1.921928
2377,2.321928
2378,1.921928
2379,1.521928
2380,1.921928
2381,1.921928
2382,1.921928
2383,1.921928
2384,1.921928
2385,1.921928
2386,1.921928
2387,1.921928
2388,1.921928
2389,1.921928
2390,1.921928
2391,1.370951
2392,1.921928
2393,1.921928
2394,1.921928
2395,1.921928
2396,1.370951
2397,1.370951
2398,1.370951
2399,1.521928
2400,1.521928
2401,1.370951
2402,1.370951
2403,1.370951
2404,1.921928
2405,1.921928
2406,1.921928
2407,1.521928
2408,1.921928
2409,1.521928
2410,1.921928
2411,2.321928
2412,2.321928
2413,2.321928
2414,1.921928
2415,1.921928
2416,1.921928
2417,1.921928
2418,2.321928
2419,2.321928
2420,2.321928
2421,1.921928
2422,2.321928
2423,2.321928
2424,2.321928
2425,2.321928
2426,2.321928
2427,1.921928
2428,1.921928
2429,1.370951
2430,1.921928
2431,1.921928
2432,1.921928
2433,2.321928
2434,2.321928
2435,2.321928
2436,2.321928
2437,1.921928
2438,1.921928
2439,1.921928
2440,1.921928
2441,1.521928
2442,1.521928
2443,1.921928
2444,1.921928
2445,1.921928
2446,1.521928
2447,1.521928
2448,1.921928
2449,2.321928
2450,2.321928
2451,2.321928
2452,2.321928
2453,2.321928
2454,1.921928
2455,2.321928
2456,2.321928
2457,2.321928
2458,1.921928
2459,2.321928
2460,2.321928
2461,2.321928
2462,1.921928
2463,1.921928
2464,1.921928
2465,2.321928
2466,2.321928
2467,2.321928
2468,2.321928
2469,2.321928
2470,2.321928
2471,2.321928
2472,1.921928
2473,1.921928
2474,1.521928
2475,1.521928
2476,1.921928
2477,1.921928
2478,1.921928
2479,2.321928
2480,1.921928
2481,2.321928
2482,1.921928
2483,2.321928
2484,2.321928
2485,2.321928
2486,2.321928
2487,1.921928
2488,1.521928
2489,0.970951
2490,1.521928
2491,1.521928
2492,1.921928
2493,2.321928
2494,2.321928
2495,1.921928
2496,1.921928
2497,1.921928
2498,1.921928
2499,1.921928
2500,1.921928
2501,1.921928
2502,1.921928
2503,1.921928
2504,1.921928
2505,1.921928
2506,1.921928
2507,1.921928
2508,1.921928
2509,1.921928
2510,2.321928
2511,2.321928
2512,1.921928
2513,1.921928
2514,1.921928
2515,2.321928
2516,1.921928
2517,2.321928
2518,2.321928
2519,2.321928
2520,2.321928
2521,1.921928
2522,2.321928
2523,2.321928
2524,1.921928
2525,1.921928
2526,1.521928
2527,1.521928
2528,0.970951
2529,0.721928
2530,0.970951
2531,1.521928
2532,1.921928
2533,2.321928
2534,2.321928
2535,2.321928
2536,2.321928
2537,2.321928
2538,2.321928
2539,2.321928
2540,2.321928
2541,2.321928
2542,2.321928
2543,1.921928
2544,1.370951
2545,1.370951
2546,1.921928
2547,1.921928
2548,2.321928
2549,2.321928
2550,2.321928
2551,1.921928
2552,1.921928
2553,1.370951
2554,1.370951
2555,1.921928
2556,1.921928
2557,1.921928
2558,1.921928
2559,1.921928
2560,1.921928
2561,2.321928
2562,1.921928
2563,1.921928
2564,2.321928
2565,1.921928
2566,1.921928
2567,1.921928
2568,1.921928
2569,1.370951
2570,1.370951
2571,1.921928
2572,1.921928
2573,1.921928
2574,1.921928
2575,2.321928
2576,1.921928
2577,1.521928
2578,1.921928
2579,1.921928
2580,2.321928
2581,1.921928
2582,2.321928
2583,2.321928
2584,1.921928
2585,1.521928
2586,1.521928
2587,1.921928
2588,2.321928
2589,2.321928
2590,2.321928
2591,1.921928
2592,1.921928
2593,1.370951
2594,1.370951
2595,1.921928
2596,2.321928
2597,2.321928
2598,1.921928
2599,1.521928
2600,1.921928
2601,1.921928
2602,1.521928
2603,1.521928
2604,1.921928
2605,1.921928
2606,2.321928
2607,1.921928
2608,1.921928
2609,1.921928
2610,1.921928
2611,1.521928
2612,1.921928
2613,1.921928
2614,2.321928
2615,1.921928
2616,1.921928
2617,1.921928
2618,1.521928
2619,1.921928
2620,2.321928
2621,2.321928
2622,2.321928
2623,2.321928
2624,2.321928
2625,2.321928
2626,2.321928
2627,2.321928
2628,1.921928
2629,1.370951
2630,1.521928
2631,0.970951
2632,1.521928
2633,1.521928
2634,1.521928
2635,1.921928
2636,1.521928
2637,1.921928
2638,1.921928
2639,2.321928
2640,2.321928
2641,1.921928
2642,2.321928
2643,2.321928
2644,2.321928
2645,2.321928
2646,2.321928
2647,2.321928
2648,2.321928
2649,1.921928
2650,1.921928
2651,1.521928
2652,1.921928
2653,1.921928
2654,1.921928
2655,1.921928
2656,1.370951
2657,1.921928
2658,1.370951
2659,1.921928
2660,1.921928
2661,2.321928
2662,2.321928
2663,2.321928
2664,2.321928
2665,1.921928
2666,1.370951
2667,1.370951
2668,1.921928
2669,1.370951
2670,1.921928
2671,1.921928
2672,1.921928
2673,2.321928
2674,1.921928
2675,1.921928
2676,1.921928
2677,1.921928
2678,1.521928
2679,1.521928
2680,1.521928
2681,1.921928
2682,2.321928
2683,1.921928
2684,1.521928
2685,1.521928
2686,1.921928
2687,2.321928
2688,1.921928
2689,1.921928
2690,1.921928
2691,2.321928
2692,2.321928
2693,1.921928
2694,1.921928
2695,1.921928
2696,1.921928
2697,1.921928
2698,1.921928
2699,1.921928
2700,1.921928
2701,1.521928
2702,1.521928
2703,1.921928
2704,1.921928
2705,2.321928
2706,1.921928
2707,1.370951
2708,1.370951
2709,1.921928
2710,1.921928
2711,2.321928
2712,2.321928
2713,2.321928
2714,2.321928
2715,1.921928
2716,1.921928
2717,1.921928
2718,1.370951
2719,1.521928
2720,1.370951
2721,1.370951
2722,1.921928
2723,1.921928
2724,2.321928
2725,2.321928
2726,1.921928
2727,1.921928
2728,1.921928
2729,2.321928
2730,2.321928
2731,2.321928
2732,2.321928
2733,1.921928
2734,2.321928
2735,1.921928
2736,1.921928
2737,1.921928
2738,2.321928
2739,2.321928
2740,2.321928
2741,2.321928
2742,2.321928
2743,2.321928
2744,2.321928
2745,2.321928
2746,2.321928
2747,1.921928
2748,1.921928
2749,1.921928
2750,1.921928
2751,1.921928
2752,1.921928
2753,1.921928
2754,1.921928
2755,1.921928
2756,1.921928
2757,1.521928
2758,1.921928
2759,1.921928
2760,1.921928
2761,1.921928
2762,2.321928
2763,2.321928
2764,2.321928
2765,1.921928
2766,1.370951
2767,0.970951
2768,0.721928
2769,0.970951
2770,1.521928
2771,1.521928
2772,1.921928
2773,1.370951
2774,1.370951
2775,1.521928
2776,1.370951
2777,0.721928
2778,0.721928
2779,0.970951
2780,1.521928
2781,1.921928
2782,1.521928
2783,1.921928
2784,1.921928
2785,2.321928
2786,1.921928
2787,1.921928
2788,1.921928
2789,1.921928
2790,1.921928
2791,1.921928
2792,1.921928
2793,1.521928
2794,1.370951
2795,1.370951
2796,1.921928
2797,2.321928
2798,2.321928
2799,1.921928
2800,1.921928
2801,1.921928
2802,1.921928
2803,1.921928
2804,1.921928
2805,1.921928
2806,1.921928
2807,1.921928
2808,1.921928
2809,1.521928
2810,1.921928
2811,1.921928
2812,2.321928
2813,1.921928
2814,1.921928
2815,1.921928
2816,1.370951
2817,1.370951
2818,1.370951
2819,1.370951
2820,1.921928
2821,2.321928
2822,1.921928
2823,1.921928
2824,1.921928
2825,1.921928
2826,1.921928
2827,2.321928
2828,2.321928
2829,2.321928
2830,2.321928
2831,1.921928
2832,1.521928
2833,0.970951
2834,1.521928
2835,1.921928
2836,1.921928
2837,2.321928
2838,1.921928
2839,2.321928
2840,2.321928
2841,2.321928
2842,1.921928
2843,1.921928
2844,1.921928
2845,1.921928
2846,1.921928
2847,1.921928
2848,2.321928
2849,2.321928
2850,2.321928
2851,2.321928
2852,1.921928
2853,1.921928
2854,1.921928
2855,2.321928
2856,2.321928
2857,1.921928
2858,1.521928
2859,1.521928
2860,1.921928
2861,2.321928
2862,2.321928
2863,2.321928
2864,1.921928
2865,2.321928
2866,2.321928
2867,2.321928
2868,2.321928
2869,2.321928
2870,2.321928
2871,2.321928
2872,2.321928
2873,2.321928
2874,1.921928
2875,1.521928
2876,1.921928
2877,2.321928
2878,2.321928
2879,2.321928
2880,1.921928
2881,1.921928
2882,1.921928
2883,1.521928
2884,1.521928
2885,1.921928
2886,1.521928
2887,1.921928
2888,2.321928
2889,2.321928
2890,2.321928
2891,2.321928
2892,2.321928
2893,1.921928
2894,1.370951
2895,1.370951
2896,1.370951
2897,1.521928
2898,1.521928
2899,1.521928
2900,1.521928
2901,1.921928
2902,1.370951
2903,1.370951
2904,1.370951
2905,1.921928
2906,1.921928
2907,1.921928
2908,1.921928
2909,1.370951
2910,0.721928
2911,1.370951
2912,1.521928
2913,1.370951
2914,1.921928
2915,2.321928
2916,2.321928
2917,2.321928
2918,2.321928
2919,2.321928
2920,2.321928
2921,2.321928
2922,2.321928
2923,2.321928
2924,1.921928
2925,1.921928
2926,1.921928
2927,1.921928
2928,1.921928
2929,2.321928
2930,2.321928
2931,2.321928
2932,2.321928
2933,2.321928
2934,1.921928
2935,1.921928
2936,1.521928
2937,1.921928
2938,2.321928
2939,1.921928
2940,1.921928
2941,1.921928
2942,2.321928
2943,2.321928
2944,1.921928
2945,1.921928
2946,1.921928
2947,1.921928
2948,1.921928
2949,2.321928
2950,1.921928
2951,1.921928
2952,1.921928
2953,1.921928
2954,1.921928
2955,1.921928
2956,1.521928
2957,1.921928
2958,1.921928
2959,1.921928
2960,2.321928
2961,2.321928
2962,2.321928
2963,2.321928
2964,1.921928
2965,1.921928
2966,1.921928
2967,1.921928
2968,1.521928
2969,1.921928
2970,1.921928
2971,1.921928
2972,1.921928
2973,1.921928
2974,2.321928
2975,2.321928
2976,2.321928
2977,1.921928
2978,1.521928
2979,1.921928
2980,1.921928
2981,1.921928
2982,1.921928
2983,2.321928
2984,2.321928
2985,1.921928
2986,1.921928
2987,1.921928
2988,2.321928
2989,2.321928
2990,1.921928
2991,1.521928
2992,1.521928
2993,1.521928
2994,1.921928
2995,1.370951
2996,1.521928
2997,1.921928
2998,2.321928
2999,2.321928
3000,2.321928
3001,1.921928
3002,1.921928
3003,1.521928
3004,1.921928
3005,2.321928
3006,1.921928
3007,1.921928
3008,1.921928
3009,1.921928
3010,1.921928
3011,1.921928
3012,1.921928
3013,2.321928
3014,2.321928
3015,1.921928
3016,1.921928
3017,1.921928
3018,1.921928
3019,2.321928
3020,2.321928
3021,1.921928
3022,2.321928
3023,2.321928
3024,2.321928
3025,2.321928
3026,2.321928
3027,2.321928
3028,2.321928
3029,1.921928
3030,1.921928
3031,1.921928
3032,1.921928
3033,1.921928
3034,1.370951
3035,1.370951
3036,1.521928
3037,1.921928
3038,2.321928
3039,2.321928
3040,2.321928
3041,1.921928
3042,2.321928
3043,1.921928
3044,1.921928
3045,1.521928
3046,1.921928
3047,2.321928
3048,2.321928
3049,1.921928
3050,1.921928
3051,2.321928
3052,2.321928
3053,1.921928
3054,1.921928
3055,1.921928
3056,1.921928
3057,1.921928
3058,1.370951
3059,1.370951
3060,1.921928
3061,1.921928
3062,2.321928
3063,1.921928
3064,1.921928
3065,1.921928
3066,1.921928
3067,1.521928
3068,1.521928
3069,1.521928
3070,1.521928
3071,1.521928
3072,1.921928
3073,2.321928
3074,2.321928
3075,2.321928
3076,2.321928
3077,2.321928
3078,2.321928
3079,2.321928
3080,1.921928
3081,1.921928
3082,1.921928
3083,1.370951
3084,1.921928
3085,1.921928
3086,2.321928
3087,1.921928
3088,1.921928
3089,1.521928
3090,1.921928
3091,1.521928
3092,1.521928
3093,1.921928
3094,1.521928
3095,1.521928
3096,1.521928
3097,1.370951
3098,1.921928
3099,1.521928
3100,1.921928
3101,1.921928
3102,1.921928
3103,2.321928
3104,2.321928
3105,2.321928
3106,2.321928
3107,1.921928
3108,1.521928
3109,1.521928
3110,1.521928
3111,1.921928
3112,1.521928
3113,1.921928
3114,1.921928
3115,1.921928
3116,2.321928
3117,2.321928
3118,2.321928
3119,1.921928
3120,2.321928
3121,1.921928
3122,2.321928
3123,2.321928
3124,2.321928
3125,2.321928
3126,1.921928
3127,1.921928
3128,1.921928
3129,1.921928
3130,1.921928
3131,2.321928
3132,1.921928
3133,2.321928
3134,2.321928
3135,2.321928
3136,2.321928
3137,2.321928
3138,2.321928
3139,2.321928
3140,1.921928
3141,2.321928
3142,2.321928
3143,2.321928
3144,1.921928
3145,1.521928
3146,1.521928
3147,1.921928
3148,1.921928
3149,1.921928
3150,2.321928
3151,1.921928
3152,1.921928
3153,2.321928
3154,2.321928
3155,1.921928
3156,1.921928
3157,1.921928
3158,2.321928
3159,2.321928
3160,1.921928
3161,1.370951
3162,1.521928
3163,1.521928
3164,1.921928
3165,2.321928
3166,2.321928
3167,1.921928
3168,1.921928
3169,1.370951
3170,1.521928
3171,1.921928
3172,2.321928
3173,2.321928
3174,2.321928
3175,1.921928
3176,1.921928
3177,1.921928
3178,2.321928
3179,2.321928
3180,2.321928
3181,2.321928
3182,2.321928
3183,1.921928
3184,1.370951
3185,0.970951
3186,1.521928
3187,1.921928
3188,1.921928
3189,1.921928
3190,1.521928
3191,1.521928
3192,1.921928
3193,1.921928
3194,2.321928
3195,2.321928
3196,2.321928
3197,2.321928
3198,1.921928
3199,1.921928
3200,2.321928
3201,2.321928
3202,2.321928
3203,1.921928
3204,1.921928
3205,1.521928
3206,1.370951
3207,1.521928
3208,1.921928
3209,1.921928
3210,2.321928
3211,1.921928
3212,1.921928
3213,2.321928
3214,2.321928
3215,1.921928
3216,1.921928
3217,1.521928
3218,1.521928
3219,1.921928
3220,1.921928
3221,1.921928
3222,1.521928
3223,1.521928
3224,1.921928
3225,2.321928
3226,1.921928
3227,1.521928
3228,1.521928
3229,1.521928
3230,1.921928
3231,2.321928
3232,2.321928
3233,1.921928
3234,2.321928
3235,1.921928
3236,1.521928
3237,1.521928
3238,1.921928
3239,2.321928
3240,1.921928
3241,1.921928
3242,1.370951
3243,1.921928
3244,1.921928
3245,1.921928
3246,1.921928
3247,1.921928
3248,2.321928
3249,2.321928
3250,2.321928
3251,1.921928
3252,1.921928
3253,2.321928
3254,2.321928
3255,2.321928
3256,1.921928
3257,1.521928
3258,1.921928
3259,1.370951
3260,1.370951
3261,1.370951
3262,1.921928
3263,1.921928
3264,2.321928
3265,2.321928
3266,2.321928
3267,1.921928
3268,2.321928
3269,2.321928
3270,1.921928
3271,1.921928
3272,1.521928
3273,1.521928
3274,1.521928
3275,1.921928
3276,2.321928
3277,2.321928
3278,1.921928
3279,2.321928
3280,1.921928
3281,1.921928
3282,1.921928
3283,1.521928
3284,1.370951
3285,1.370951
3286,1.921928
3287,1.921928
3288,1.921928
3289,1.921928
3290,1.921928
3291,1.921928
3292,1.921928
3293,1.921928
3294,1.921928
3295,1.370951
3296,1.921928
3297,2.321928
3298,2.321928
3299,2.321928
3300,2.321928
3301,1.921928
3302,1.921928
3303,2.321928
3304,2.321928
3305,2.321928
3306,1.921928
3307,1.521928
3308,1.521928
3309,1.921928
3310,1.921928
3311,1.521928
3312,1.921928
3313,1.921928
3314,2.321928
3315,2.321928
3316,2.321928
3317,2.321928
3318,1.921928
3319,1.921928
3320,1.921928
3321,2.321928
3322,2.321928
3323,1.921928
3324,1.921928
3325,1.921928
3326,2.321928
3327,1.921928
3328,1.921928
3329,1.921928
3330,1.921928
3331,1.921928
3332,1.921928
3333,1.921928
3334,1.370951
3335,1.921928
3336,1.921928
3337,1.921928
3338,1.921928
3339,1.521928
3340,1.521928
3341,1.921928
3342,2.321928
3343,2.321928
3344,2.321928
3345,2.321928
3346,2.321928
3347,2.321928
3348,1.921928
3349,1.921928
3350,1.521928
3351,1.521928
3352,1.921928
3353,1.921928
3354,2.321928
3355,1.921928
3356,1.521928
3357,1.921928
3358,1.921928
3359,1.921928
3360,1.921928
3361,1.921928
3362,1.921928
3363,1.921928
3364,1.921928
3365,2.321928
3366,2.321928
3367,1.921928
3368,1.921928
3369,2.321928
3370,2.321928
3371,1.921928
3372,1.921928
3373,1.921928
3374,1.521928
3375,1.370951
3376,1.921928
3377,1.921928
3378,1.921928
3379,2.321928
3380,1.921928
3381,2.321928
3382,2.321928
3383,1.921928
3384,2.321928
3385,1.921928
3386,1.921928
3387,1.921928
3388,1.370951
3389,1.921928
3390,2.321928
3391,1.921928
3392,1.921928
3393,1.921928
3394,1.521928
3395,1.370951
3396,1.370951
3397,1.921928
3398,1.921928
3399,2.321928
3400,2.321928
3401,2.321928
3402,2.321928
3403,2.321928
3404,2.321928
3405,2.321928
3406,1.921928
3407,1.921928
3408,1.521928
3409,1.921928
3410,2.321928
3411,1.921928
3412,1.921928
3413,1.921928
3414,2.321928
3415,2.321928
3416,2.321928
3417,1.921928
3418,1.921928
3419,1.370951
3420,1.370951
3421,1.921928
3422,1.921928
3423,2.321928
3424,1.921928
3425,1.521928
3426,1.521928
3427,1.921928
3428,1.921928
3429,1.521928
3430,1.921928
3431,1.921928
3432,2.321928
3433,2.321928
3434,2.321928
3435,2.321928
3436,2.321928
3437,1.921928
3438,1.521928
3439,1.521928
3440,1.921928
3441,2.321928
3442,2.321928
3443,2.321928
3444,2.321928
3445,2.321928
3446,1.921928
3447,2.321928
3448,1.921928
3449,1.370951
3450,1.370951
3451,1.921928
3452,1.921928
3453,1.921928
3454,1.921928
3455,1.521928
3456,1.921928
3457,1.521928
3458,1.521928
3459,1.370951
3460,1.370951
3461,1.921928
3462,2.321928
3463,2.321928
3464,1.921928
3465,1.921928
3466,1.921928
3467,1.921928
3468,2.321928
3469,1.921928
3470,1.921928
3471,1.921928
3472,2.321928
3473,1.921928
3474,1.921928
3475,2.321928
3476,1.921928
3477,1.921928
3478,1.921928
3479,1.521928
3480,1.921928
3481,1.921928
3482,1.521928
3483,1.921928
3484,1.921928
3485,1.921928
3486,1.921928
3487,1.921928
3488,1.921928
3489,2.321928
3490,1.921928
3491,1.921928
3492,1.921928
3493,1.521928
3494,1.921928
3495,1.521928
3496,1.521928
3497,1.521928
3498,1.521928
3499,1.921928
3500,1.521928
3501,1.921928
3502,1.921928
3503,1.921928
3504,1.921928
3505,1.921928
3506,1.921928
3507,1.921928
3508,1.921928
3509,2.321928
3510,1.921928
3511,1.521928
3512,1.521928
3513,1.921928
3514,1.370951
3515,1.370951
3516,1.921928
3517,2.321928
3518,1.921928
3519,1.370951
3520,1.921928
3521,1.921928
3522,1.921928
3523,1.921928
3524,1.921928
3525,2.321928
3526,1.921928
3527,1.521928
3528,1.921928
3529,1.521928
3530,1.921928
3531,1.921928
3532,2.321928
3533,2.321928
3534,2.321928
3535,2.321928
3536,2.321928
3537,2.321928
3538,2.321928
3539,2.321928
3540,2.321928
3541,2.321928
3542,2.321928
3543,2.321928
3544,2.321928
3545,1.921928
3546,2.321928
3547,2.321928
3548,1.921928
3549,1.921928
3550,2.321928
3551,2.321928
3552,1.921928
3553,2.321928
3554,1.921928
3555,2.321928
3556,2.321928
3557,2.321928
3558,1.921928
3559,1.921928
3560,1.521928
3561,1.921928
3562,2.321928
3563,2.321928
3564,1.921928
3565,1.921928
3566,1.921928
3567,1.921928
3568,1.521928
3569,0.970951
3570,1.370951
3571,1.921928
3572,1.921928
3573,1.921928
3574,1.521928
3575,1.521928
3576,1.921928
3577,2.321928
3578,1.921928
3579,1.921928
3580,1.521928
3581,1.521928
3582,1.521928
3583,1.921928
3584,1.921928
3585,1.521928
3586,1.921928
3587,1.921928
3588,1.921928
3589,1.521928
3590,1.921928
3591,1.370951
3592,1.370951
3593,1.921928
3594,1.921928
3595,1.921928
3596,2.321928
3597,2.321928
3598,2.321928
3599,2.321928
3600,2.321928
3601,1.921928
3602,1.921928
3603,1.921928
3604,1.921928
3605,1.921928
3606,1.521928
3607,1.370951
3608,1.921928
3609,1.921928
3610,1.921928
3611,2.321928
3612,2.321928
3613,2.321928
3614,2.321928
3615,2.321928
3616,1.921928
3617,1.370951
3618,0.721928
3619,0.721928
3620,1.370951
3621,1.370951
3622,1.921928
3623,2.321928
3624,2.321928
3625,2.321928
3626,2.321928
3627,2.321928
3628,2.321928
3629,2.321928
3630,1.921928
3631,1.921928
3632,1.921928
3633,2.321928
3634,1.921928
3635,1.921928
3636,1.521928
3637,1.921928
3638,2.321928
3639,2.321928
3640,2.321928
3641,2.321928
3642,1.921928
3643,1.921928
3644,2.321928
3645,2.321928
3646,2.321928
3647,2.321928
3648,2.321928
3649,1.921928
3650,1.921928
3651,1.921928
3652,1.921928
3653,1.921928
3654,1.521928
3655,1.521928
3656,1.921928
3657,1.921928
3658,1.521928
3659,0.970951
3660,1.370951
3661,1.921928
3662,2.321928
3663,1.921928
3664,1.921928
3665,1.370951
3666,1.370951
3667,1.921928
3668,2.321928
3669,2.321928
3670,2.321928
3671,1.921928
3672,1.921928
3673,1.921928
3674,1.921928
3675,1.921928
3676,1.370951
3677,1.921928
3678,1.921928
3679,1.921928
3680,2.321928
3681,2.321928
3682,1.921928
3683,1.921928
3684,1.921928
3685,1.370951
3686,1.521928
3687,1.921928
3688,2.321928
3689,2.321928
3690,2.321928
3691,2.321928
3692,2.321928
3693,2.321928
3694,1.921928
3695,1.921928
3696,1.921928
3697,2.321928
3698,1.921928
3699,2.321928
3700,2.321928
3701,1.921928
3702,1.921928
3703,1.921928
3704,1.921928
3705,1.921928
3706,1.921928
3707,1.921928
3708,1.921928
3709,1.921928
3710,2.321928
3711,2.321928
3712,1.921928
3713,2.321928
3714,2.321928
3715,2.321928
3716,2.321928
3717,2.321928
3718,2.321928
3719,1.921928
3720,1.521928
3721,1.921928
3722,1.921928
3723,2.321928
3724,2.321928
3725,2.321928
3726,1.921928
3727,1.921928
3728,1.921928
3729,2.321928
3730,1.921928
3731,1.921928
3732,1.370951
3733,1.370951
3734,1.370951
3735,1.521928
3736,0.970951
3737,1.370951
3738,1.521928
3739,1.521928
3740,1.370951
3741,1.370951
3742,1.921928
3743,2.321928
3744,2.321928
3745,2.321928
3746,1.921928
3747,1.921928
3748,2.321928
3749,2.321928
3750,1.921928
3751,2.321928
3752,2.321928
3753,1.921928
3754,1.921928
3755,1.921928
3756,1.921928
3757,1.370951
3758,1.921928
3759,1.921928
3760,1.921928
3761,2.321928
3762,2.321928
3763,2.321928
3764,1.921928
3765,1.921928
3766,1.370951
3767,1.921928
3768,1.521928
3769,1.921928
3770,1.921928
3771,1.921928
3772,1.921928
3773,1.521928
3774,1.921928
3775,1.921928
3776,2.321928
3777,2.321928
3778,2.321928
3779,2.321928
3780,2.321928
3781,1.921928
3782,1.921928
3783,1.921928
3784,1.370951
3785,1.521928
3786,1.921928
3787,1.921928
3788,2.321928
3789,2.321928
3790,2.321928
3791,1.921928
3792,1.921928
3793,1.521928
3794,1.521928
3795,1.921928
3796,1.921928
3797,1.370951
3798,0.721928
3799,0.721928
3800,1.370951
3801,1.921928
3802,1.921928
3803,1.521928
3804,1.370951
3805,1.921928
3806,1.521928
3807,0.970951
3808,0.721928
3809,0.000000
3810,0.721928
3811,1.370951
3812,1.921928
3813,1.921928
3814,1.921928
3815,1.921928
3816,1.921928
3817,1.521928
3818,1.921928
3819,1.921928
3820,1.921928
3821,2.321928
3822,2.321928
3823,1.921928
3824,1.921928
3825,1.921928
3826,2.321928
3827,2.321928
3828,1.921928
3829,1.921928
3830,2.321928
3831,2.321928
3832,1.921928
3833,1.921928
3834,1.921928
3835,1.921928
3836,2.321928
3837,2.321928
3838,2.321928
3839,2.321928
3840,2.321928
3841,1.921928
3842,1.921928
3843,1.921928
3844,1.921928
3845,1.921928
3846,2.321928
3847,2.321928
3848,2.321928
3849,2.321928
3850,2.321928
3851,2.321928
3852,1.921928
3853,1.921928
3854,1.521928
3855,1.921928
3856,1.370951
3857,1.370951
3858,1.921928
3859,2.321928
3860,1.921928
3861,2.321928
3862,2.321928
3863,1.921928
3864,1.921928
3865,2.321928
3866,1.921928
3867,1.921928
3868,1.921928
3869,1.921928
3870,1.921928
3871,1.921928
3872,1.921928
3873,1.921928
3874,1.921928
3875,1.521928
3876,1.921928
3877,2.321928
3878,1.921928
3879,2.321928
3880,2.321928
3881,1.921928
3882,1.921928
3883,2.321928
3884,1.921928
3885,1.921928
3886,1.921928
3887,2.321928
3888,1.921928
3889,1.921928
3890,1.921928
3891,1.921928
3892,2.321928
3893,2.321928
3894,1.921928
3895,1.921928
3896,2.321928
3897,1.921928
3898,2.321928
3899,1.921928
3900,1.921928
3901,1.521928
3902,1.921928
3903,2.321928
3904,2.321928
3905,1.921928
3906,1.521928
3907,1.521928
3908,1.370951
3909,1.921928
3910,2.321928
3911,1.921928
3912,1.370951
3913,1.370951
3914,1.370951
3915,1.521928
3916,1.921928
3917,1.370951
3918,1.370951
3919,1.921928
3920,2.321928
3921,2.321928
3922,2.321928
3923,2.321928
3924,1.921928
3925,1.921928
3926,1.921928
3927,1.921928
3928,1.921928
3929,1.370951
3930,1.370951
3931,1.921928
3932,2.321928
3933,2.321928
3934,1.921928
3935,1.370951
3936,1.921928
3937,1.521928
3938,1.921928
3939,2.321928
3940,1.921928
3941,1.921928
3942,1.921928
3943,1.921928
3944,1.921928
3945,2.321928
3946,2.321928
3947,1.921928
3948,1.921928
3949,1.921928
3950,1.921928
3951,2.321928
3952,2.321928
3953,2.321928
3954,1.921928
3955,1.921928
3956,1.921928
3957,1.521928
3958,1.921928
3959,2.321928
3960,2.321928
3961,2.321928
3962,2.321928
3963,2.321928
3964,1.921928
3965,2.321928
3966,2.321928
3967,1.921928
3968,1.521928
3969,1.921928
3970,1.921928
3971,2.321928
3972,2.321928
3973,2.321928
3974,1.921928
3975,1.521928
3976,1.521928
3977,1.521928
3978,1.921928
3979,1.921928
3980,1.521928
3981,1.921928
3982,1.521928
3983,1.921928
3984,1.921928
3985,1.921928
3986,1.921928
3987,2.321928
3988,1.921928
3989,1.921928
3990,1.921928
3991,2.321928
3992,2.321928
3993,1.921928
3994,1.921928
3995,1.370951
3996,1.921928
3997,1.370951
3998,1.921928
3999,1.521928
4000,1.921928
4001,1.521928
4002,1.521928
4003,1.921928
4004,1.921928
4005,1.921928
4006,1.921928
4007,1.521928
4008,1.521928
4009,1.370951
4010,1.370951
4011,1.521928
4012,1.370951
4013,1.370951
4014,0.721928
4015,1.370951
4016,1.370951
4017,1.921928
4018,1.521928
4019,1.521928
4020,1.521928
4021,1.921928
4022,2.321928
4023,2.321928
4024,2.321928
4025,2.321928
4026,2.321928
4027,2.321928
4028,2.321928
4029,2.321928
4030,2.321928
4031,2.321928
4032,2.321928
4033,1.921928
4034,2.321928
4035,2.321928
4036,1.921928
4037,2.321928
4038,2.321928
4039,1.921928
4040,1.921928
4041,1.921928
4042,1.921928
4043,1.921928
4044,2.321928
4045,2.321928
4046,1.921928
4047,1.921928
4048,1.921928
4049,1.521928
4050,1.921928
4051,2.321928
4052,1.921928
4053,2.321928
4054,2.321928
4055,2.321928
4056,2.321928
4057,1.921928
4058,1.921928
4059,1.521928
4060,1.521928
4061,1.370951
4062,1.370951
4063,1.521928
4064,1.921928
4065,1.921928
4066,1.521928
4067,1.521928
4068,1.521928
4069,1.921928
4070,1.921928
4071,1.921928
4072,2.321928
4073,2.321928
4074,2.321928
4075,1.921928
4076,1.921928
4077,2.321928
4078,2.321928
4079,1.921928
4080,1.921928
4081,1.921928
4082,1.921928
4083,2.321928
4084,1.921928
4085,1.921928
4086,1.921928
4087,1.921928
4088,1.921928
4089,1.521928
4090,1.521928
4091,1.921928
4092,2.321928
4093,2.321928
4094,2.321928
4095,1.921928
4096,1.521928
4097,1.370951
4098,1.921928
4099,1.921928
4100,1.921928
4101,2.321928
4102,2.321928
4103,1.921928
4104,1.921928
4105,1.921928
4106,1.921928
4107,2.321928
4108,1.921928
4109,1.370951
4110,1.370951
4111,1.370951
4112,1.370951
4113,1.921928
4114,1.921928
4115,1.921928
4116,1.921928
4117,1.921928
4118,1.921928
4119,1.521928
4120,1.921928
4121,1.921928
4122,1.521928
4123,1.921928
4124,1.921928
4125,2.321928
4126,2.321928
4127,2.321928
4128,1.921928
4129,1.921928
4130,1.370951
4131,1.370951
4132,1.921928
4133,1.370951
4134,1.521928
4135,1.921928
4136,1.521928
4137,1.370951
4138,1.921928
4139,1.921928
4140,1.921928
4141,1.921928
4142,1.921928
4143,1.921928
4144,1.521928
4145,1.521928
4146,1.521928
4147,1.521928
4148,0.970951
4149,1.370951
4150,1.521928
4151,1.521928
4152,1.921928
4153,1.921928
4154,2.321928
4155,1.921928
4156,1.921928
4157,1.921928
4158,2.321928
4159,1.921928
4160,1.921928
4161,1.921928
4162,1.921928
4163,2.321928
4164,1.921928
4165,1.921928
4166,1.521928
4167,1.921928
4168,2.321928
4169,2.321928
4170,1.921928
4171,1.921928
4172,1.921928
4173,1.921928
4174,2.321928
4175,1.921928
4176,1.521928
4177,1.921928
4178,1.921928
4179,2.321928
4180,1.921928
4181,1.521928
4182,0.970951
4183,1.370951
4184,1.921928
4185,2.321928
4186,2.321928
4187,2.321928
4188,1.921928
4189,1.921928
4190,2.321928
4191,2.321928
4192,1.921928
4193,1.921928
4194,1.921928
4195,2.321928
4196,2.321928
4197,2.321928
4198,2.321928
4199,2.321928
4200,1.921928
4201,1.921928
4202,1.921928
4203,2.321928
4204,2.321928
4205,1.921928
4206,1.921928
4207,1.921928
4208,2.321928
4209,2.321928
4210,2.321928
4211,2.321928
4212,2.321928
4213,1.921928
4214,1.370951
4215,1.370951
4216,1.921928
4217,1.921928
4218,1.921928
4219,1.521928
4220,1.921928
4221,1.921928
4222,2.321928
4223,2.321928
4224,2.321928
4225,2.321928
4226,2.321928
4227,2.321928
4228,1.921928
4229,1.521928
4230,1.521928
4231,1.921928
4232,2.321928
4233,1.921928
4234,1.921928
4235,1.921928
4236,2.321928
4237,1.921928
4238,1.521928
4239,1.921928
4240,1.921928
4241,1.921928
4242,1.370951
4243,1.370951
4244,1.921928
4245,1.921928
4246,2.321928
4247,2.321928
4248,2.321928
4249,2.321928
4250,1.921928
4251,1.921928
4252,1.921928
4253,1.370951
4254,1.921928
4255,2.321928
4256,2.321928
4257,2.321928
4258,2.321928
4259,1.921928
4260,1.921928
4261,1.921928
4262,1.921928
4263,1.921928
4264,1.921928
4265,2.321928
4266,1.921928
4267,1.370951
4268,1.921928
4269,1.921928
4270,1.921928
4271,2.321928
4272,1.921928
4273,2.321928
4274,1.921928
4275,1.921928
4276,1.921928
4277,1.921928
4278,1.921928
4279,1.521928
4280,1.921928
4281,2.321928
4282,2.321928
4283,2.321928
4284,2.321928
4285,2.321928
4286,2.321928
4287,1.921928
4288,1.921928
4289,1.921928
4290,2.321928
4291,1.921928
4292,1.921928
4293,1.921928
4294,1.921928
4295,1.921928
4296,1.521928
4297,1.921928
4298,2.321928
4299,2.321928
4300,2.321928
4301,1.921928
4302,1.521928
4303,1.521928
4304,1.521928
4305,1.921928
4306,1.921928
4307,1.921928
4308,1.521928
4309,1.521928
4310,1.521928
4311,1.921928
4312,1.921928
4313,1.921928
4314,2.321928
4315,2.321928
4316,2.321928
4317,2.321928
4318,1.921928
4319,1.921928
4320,1.921928
4321,2.321928
4322,1.921928
4323,1.921928
4324,1.370951
4325,1.370951
4326,1.521928
4327,1.370951
4328,1.370951
4329,0.721928
4330,1.370951
4331,1.921928
4332,1.921928
4333,1.921928
4334,1.521928
4335,1.921928
4336,1.921928
4337,1.921928
4338,1.921928
4339,1.921928
4340,1.521928
4341,1.921928
4342,2.321928
4343,2.321928
4344,1.921928
4345,1.921928
4346,2.321928
4347,2.321928
4348,2.321928
4349,1.921928
4350,1.521928
4351,1.370951
4352,1.370951
4353,1.921928
4354,1.921928
4355,2.321928
4356,1.921928
4357,1.370951
4358,1.370951
4359,1.370951
4360,1.921928
4361,1.921928
4362,1.921928
4363,1.521928
4364,1.921928
4365,1.921928
4366,1.370951
4367,1.921928
4368,1.921928
4369,1.921928
4370,2.321928
4371,2.321928
4372,2.321928
4373,1.921928
4374,1.921928
4375,1.370951
4376,0.970951
4377,1.521928
4378,1.921928
4379,1.921928
4380,1.521928
4381,1.921928
4382,1.921928
4383,2.321928
4384,2.321928
4385,1.921928
4386,1.521928
4387,1.521928
4388,1.921928
4389,2.321928
4390,1.921928
4391,1.521928
4392,1.521928
4393,1.921928
4394,1.921928
4395,1.921928
4396,1.921928
4397,2.321928
4398,2.321928
4399,2.321928
4400,2.321928
4401,2.321928
4402,2.321928
4403,1.921928
4404,1.521928
4405,1.521928
4406,1.921928
4407,2.321928
4408,2.321928
4409,1.921928
4410,2.321928
4411,1.921928
4412,1.921928
4413,2.321928
4414,1.921928
4415,1.521928
4416,1.921928
4417,1.921928
4418,2.321928
4419,2.321928
4420,1.921928
4421,1.921928
4422,1.921928
4423,1.921928
4424,2.321928
4425,1.921928
4426,1.921928
4427,1.921928
4428,1.921928
4429,1.521928
4430,1.521928
4431,1.921928
4432,2.321928
4433,2.321928
4434,1.921928
4435,1.921928
4436,1.921928
4437,1.921928
4438,1.921928
4439,1.370951
4440,1.370951
4441,1.921928
4442,1.921928
4443,2.321928
4444,2.321928
4445,2.321928
4446,2.321928
4447,2.321928
4448,2.321928
4449,2.321928
4450,2.321928
4451,2.321928
4452,2.321928
4453,2.321928
4454,2.321928
4455,2.321928
4456,1.921928
4457,1.521928
4458,1.521928
4459,1.521928
4460,1.521928
4461,1.521928
4462,1.921928
4463,1.521928
4464,1.921928
4465,1.921928
4466,2.321928
4467,1.921928
4468,1.921928
4469,1.921928
4470,1.921928
4471,1.921928
4472,1.921928
4473,2.321928
4474,1.921928
4475,1.921928
4476,2.321928
4477,2.321928
4478,1.921928
4479,1.921928
4480,2.321928
4481,2.321928
4482,1.921928
4483,1.521928
4484,1.921928
4485,1.921928
4486,1.921928
4487,1.921928
4488,1.921928
4489,1.921928
4490,2.321928
4491,2.321928
4492,2.321928
4493,2.321928
4494,2.321928
4495,2.321928
4496,1.921928
4497,1.921928
4498,1.921928
4499,1.521928
4500,1.921928
4501,1.921928
4502,1.921928
4503,1.921928
4504,1.921928
4505,1.370951
4506,1.370951
4507,1.370951
4508,1.921928
4509,2.321928
4510,2.321928
4511,1.921928
4512,1.921928
4513,1.370951
4514,1.370951
4515,1.521928
4516,1.921928
4517,1.921928
4518,1.521928
4519,1.921928
4520,1.921928
4521,1.521928
4522,1.921928
4523,1.521928
4524,1.921928
4525,1.921928
4526,1.521928
4527,1.921928
4528,1.370951
4529,1.370951
4530,1.370951
4531,1.921928
4532,1.921928
4533,1.921928
4534,1.921928
4535,1.370951
4536,1.370951
4537,1.370951
4538,1.521928
4539,1.921928
4540,2.321928
4541,2.321928
4542,2.321928
4543,1.921928
4544,1.921928
4545,1.521928
4546,1.921928
4547,1.921928
4548,1.921928
4549,2.321928
4550,2.321928
4551,2.321928
4552,2.321928
4553,2.321928
4554,1.921928
4555,1.521928
4556,1.921928
4557,2.321928
4558,1.921928
4559,1.521928
4560,1.521928
4561,1.521928
4562,1.921928
4563,1.921928
4564,1.921928
4565,1.921928
4566,1.921928
4567,2.321928
4568,1.921928
4569,1.921928
4570,1.921928
4571,1.921928
4572,1.921928
4573,2.321928
4574,2.321928
4575,2.321928
4576,2.321928
4577,2.321928
4578,2.321928
4579,2.321928
4580,2.321928
4581,2.321928
4582,1.921928
4583,1.521928
4584,1.921928
4585,1.921928
4586,1.921928
4587,1.521928
4588,1.921928
4589,1.921928
4590,1.921928
4591,2.321928
4592,2.321928
4593,2.321928
4594,1.921928
4595,2.321928
4596,2.321928
4597,1.921928
4598,1.921928
4599,2.321928
4600,1.921928
4601,1.521928
4602,1.921928
4603,2.321928
4604,1.921928
4605,1.921928
4606,1.921928
4607,1.921928
4608,2.321928
4609,2.321928
4610,1.921928
4611,1.921928
4612,1.921928
4613,2.321928
4614,2.321928
4615,1.921928
4616,1.921928
4617,1.921928
4618,1.370951
4619,1.521928
4620,1.921928
4621,1.921928
4622,1.921928
4623,1.921928
4624,1.521928
4625,1.921928
4626,1.921928
4627,1.921928
4628,2.321928
4629,1.921928
4630,1.921928
4631,2.321928
4632,1.921928
4633,1.921928
4634,1.921928
4635,1.921928
4636,2.321928
4637,1.921928
4638,1.921928
4639,1.921928
4640,1.921928
4641,1.921928
4642,1.521928
4643,1.921928
4644,2.321928
4645,1.921928
4646,1.921928
4647,2.321928
4648,2.321928
4649,2.321928
4650,1.921928
4651,1.921928
4652,1.921928
4653,2.321928
4654,2.321928
4655,2.321928
4656,1.921928
4657,1.921928
4658,1.921928
4659,1.921928
4660,1.521928
4661,1.921928
4662,1.370951
4663,1.370951
4664,1.921928
4665,2.321928
4666,1.921928
4667,1.921928
4668,1.921928
4669,1.921928
4670,1.921928
4671,1.370951
4672,1.370951
4673,1.921928
4674,1.921928
4675,1.921928
4676,1.921928
4677,1.921928
4678,2.321928
4679,2.321928
4680,2.321928
4681,2.321928
4682,1.921928
4683,1.921928
4684,1.370951
4685,1.370951
4686,1.921928
4687,2.321928
4688,2.321928
4689,2.321928
4690,2.321928
4691,1.921928
4692,1.521928
4693,1.921928
4694,2.321928
4695,2.321928
4696,1.921928
4697,1.921928
4698,1.921928
4699,1.921928
4700,1.921928
4701,1.921928
4702,1.370951
4703,0.721928
4704,0.721928
4705,1.370951
4706,1.921928
4707,2.321928
4708,2.321928
4709,2.321928
4710,2.321928
4711,2.321928
4712,2.321928
4713,1.921928
4714,1.921928
4715,1.921928
4716,2.321928
4717,1.921928
4718,2.321928
4719,2.321928
4720,2.321928
4721,2.321928
4722,2.321928
4723,2.321928
4724,1.921928
4725,1.921928
4726,1.921928
4727,1.921928
4728,1.370951
4729,1.370951
4730,1.921928
4731,1.921928
4732,1.921928
4733,1.521928
4734,1.521928
4735,1.921928
4736,2.321928
4737,1.921928
4738,1.370951
4739,1.370951
4740,1.921928
4741,1.921928
4742,2.321928
4743,2.321928
4744,1.921928
4745,2.321928
4746,1.921928
4747,2.321928
4748,2.321928
4749,2.321928
4750,2.321928
4751,2.321928
4752,1.921928
4753,1.921928
4754,1.921928
4755,1.521928
4756,1.921928
4757,1.521928
4758,1.921928
4759,1.521928
4760,1.521928
4761,1.921928
4762,1.921928
4763,1.921928
4764,1.921928
4765,1.921928
4766,1.921928
4767,1.921928
4768,2.321928
4769,1.921928
4770,1.921928
4771,1.921928
4772,1.921928
4773,2.321928
4774,1.921928
4775,1.921928
4776,1.921928
4777,1.921928
4778,1.921928
4779,1.921928
4780,1.921928
4781,1.921928
4782,1.370951
4783,1.370951
4784,1.370951
4785,1.921928
4786,2.321928
4787,2.321928
4788,1.921928
4789,1.521928
4790,1.521928
4791,1.521928
4792,1.921928
4793,2.321928
4794,2.321928
4795,1.921928
4796,2.321928
4797,1.921928
4798,2.321928
4799,2.321928
4800,1.921928
4801,1.921928
4802,1.921928
4803,2.321928
4804,1.921928
4805,1.921928
4806,1.921928
4807,2.321928
4808,1.921928
4809,1.921928
4810,2.321928
4811,2.321928
4812,1.921928
4813,1.921928
4814,2.321928
4815,1.921928
4816,1.921928
4817,1.921928
4818,1.521928
4819,1.521928
4820,1.921928
4821,1.521928
4822,1.921928
4823,1.921928
4824,1.370951
4825,1.521928
4826,1.921928
4827,1.921928
4828,2.321928
4829,2.321928
4830,1.921928
4831,1.921928
4832,2.321928
4833,2.321928
4834,2.321928
4835,1.921928
4836,1.921928
4837,1.921928
4838,1.921928
4839,2.321928
4840,1.921928
4841,2.321928
4842,1.921928
4843,1.921928
4844,1.921928
4845,2.321928
4846,2.321928
4847,2.321928
4848,1.921928
4849,1.921928
4850,1.921928
4851,1.921928
4852,1.921928
4853,2.321928
4854,2.321928
4855,1.921928
4856,2.321928
4857,1.921928
4858,1.370951
4859,1.921928
4860,1.921928
4861,1.921928
4862,2.321928
4863,2.321928
4864,2.321928
4865,1.921928
4866,1.521928
4867,1.521928
4868,1.921928
4869,1.921928
4870,1.370951
4871,1.921928
4872,1.921928
4873,1.370951
4874,1.921928
4875,2.321928
4876,1.921928
4877,1.921928
4878,1.921928
4879,1.370951
4880,1.370951
4881,1.921928
4882,1.921928
4883,1.921928
4884,2.321928
4885,2.321928
4886,2.321928
4887,2.321928
4888,1.921928
4889,1.921928
4890,1.921928
4891,1.921928
4892,1.921928
4893,2.321928
4894,2.321928
4895,2.321928
4896,2.321928
4897,2.321928
4898,2.321928
4899,2.321928
4900,1.921928
4901,1.921928
4902,1.921928
4903,1.921928
4904,1.921928
4905,1.921928
4906,1.921928
4907,2.321928
4908,1.921928
4909,1.921928
4910,1.921928
4911,2.321928
4912,2.321928
4913,2.321928
4914,1.921928
4915,1.921928
4916,1.921928
4917,1.921928
4918,2.321928
4919,2.321928
4920,1.921928
4921,1.370951
4922,1.521928
4923,1.521928
4924,1.370951
4925,1.921928
4926,1.921928
4927,1.921928
4928,2.321928
4929,1.921928
4930,1.921928
4931,2.321928
4932,2.321928
4933,2.321928
4934,1.921928
4935,1.921928
4936,2.321928
4937,1.921928
4938,1.921928
4939,1.921928
4940,1.521928
4941,1.921928
4942,1.521928
4943,1.521928
4944,1.921928
4945,1.370951
4946,1.521928
4947,0.970951
4948,1.370951
4949,1.521928
4950,1.521928
4951,1.921928
4952,1.370951
4953,1.921928
4954,2.321928
4955,1.921928
4956,1.921928
4957,1.921928
4958,1.921928
4959,1.921928
4960,1.921928
4961,1.370951
4962,1.921928
4963,1.921928
4964,2.321928
4965,2.321928
4966,2.321928
4967,2.321928
4968,2.321928
4969,1.921928
4970,1.521928
4971,1.921928
4972,1.370951
4973,1.921928
4974,1.921928
4975,2.321928
4976,2.321928
4977,2.321928
4978,2.321928
4979,1.921928
4980,1.921928
4981,1.921928
4982,1.921928
4983,1.370951
4984,1.370951
4985,1.370951
4986,1.921928
4987,1.921928
4988,1.921928
4989,2.321928
4990,1.921928
4991,1.921928
4992,1.921928
4993,1.921928
4994,1.370951
4995,1.521928
4996,1.921928
4997,1.921928
4998,2.321928
4999,2.321928
5000,1.921928
5001,1.370951
5002,1.370951
5003,1.370951
5004,1.521928
5005,1.521928
5006,0.970951
5007,1.370951
5008,1.921928
5009,1.921928
5010,2.321928
5011,2.321928
5012,1.921928
5013,2.321928
5014,1.921928
5015,2.321928
5016,1.921928
5017,2.321928
5018,1.921928
5019,1.921928
5020,1.921928
5021,1.921928
5022,1.370951
5023,1.521928
5024,1.521928
5025,1.921928
5026,1.921928
5027,1.921928
5028,2.321928
5029,2.321928
5030,2.321928
5031,1.921928
5032,1.921928
5033,1.921928
5034,2.321928
5035,2.321928
5036,2.321928
5037,2.321928
5038,2.321928
5039,1.921928
5040,1.921928
5041,2.321928
5042,1.921928
5043,1.921928
5044,1.921928
5045,1.921928
5046,1.921928
5047,1.921928
5048,2.321928
5049,2.321928
5050,1.921928
5051,1.921928
5052,1.370951
5053,1.921928
5054,1.921928
5055,2.321928
5056,2.321928
5057,2.321928
5058,2.321928
5059,2.321928
5060,2.321928
5061,1.921928
5062,1.921928
5063,1.521928
5064,1.521928
5065,1.370951
5066,1.370951
5067,1.921928
5068,2.321928
5069,2.321928
5070,2.321928
5071,2.321928
5072,1.921928
5073,1.921928
5074,2.321928
5075,2.321928
5076,2.321928
5077,2.321928
5078,1.921928
5079,1.921928
5080,1.521928
5081,1.521928
5082,1.921928
5083,1.370951
5084,1.921928
5085,1.921928
5086,1.921928
5087,1.921928
5088,2.321928
5089,2.321928
5090,2.321928
5091,2.321928
5092,2.321928
5093,1.921928
5094,1.921928
5095,1.921928
5096,2.321928
5097,2.321928
5098,2.321928
5099,1.921928
5100,1.370951
5101,1.921928
5102,1.921928
5103,1.921928
5104,2.321928
5105,2.321928
5106,2.321928
5107,1.921928
5108,2.321928
5109,1.921928
5110,1.921928
5111,1.921928
5112,1.921928
5113,2.321928
5114,2.321928
5115,1.921928
5116,2.321928
5117,2.321928
5118,1.921928
5119,1.921928
5120,1.521928
5121,1.921928
5122,2.321928
5123,2.321928
5124,2.321928
5125,2.321928
5126,2.321928
5127,1.921928
5128,1.921928
5129,2.321928
5130,2.321928
5131,1.921928
5132,2.321928
5133,1.921928
5134,1.921928
5135,2.321928
5136,2.321928
5137,1.921928
5138,1.370951
5139,1.370951
5140,1.921928
5141,1.921928
5142,1.921928
5143,1.921928
5144,2.321928
5145,2.321928
5146,1.921928
5147,1.921928
5148,2.321928
5149,2.321928
5150,2.321928
5151,1.921928
5152,2.321928
5153,2.321928
5154,1.921928
5155,1.370951
5156,1.521928
5157,1.521928
5158,1.921928
5159,1.921928
5160,1.921928
5161,1.921928
5162,1.921928
5163,1.521928
5164,1.921928
5165,1.921928
5166,1.921928
5167,1.921928
5168,2.321928
5169,2.321928
5170,2.321928
5171,1.921928
5172,1.921928
5173,2.321928
5174,2.321928
5175,2.321928
5176,2.321928
5177,2.321928
5178,2.321928
5179,2.321928
5180,2.321928
5181,1.921928
5182,1.521928
5183,1.921928
5184,2.321928
5185,1.921928
5186,1.921928
5187,1.521928
5188,1.521928
5189,1.521928
5190,1.521928
5191,1.921928
5192,1.921928
5193,2.321928
5194,2.321928
5195,1.921928
5196,1.921928
5197,1.921928
5198,1.921928
5199,1.921928
5200,2.321928
5201,2.321928
5202,1.921928
5203,1.370951
5204,1.370951
5205,1.921928
5206,1.921928
5207,1.921928
5208,1.921928
5209,1.370951
5210,1.921928
5211,1.921928
5212,1.921928
5213,1.921928
5214,1.521928
5215,1.921928
5216,1.521928
5217,1.921928
5218,2.321928
5219,2.321928
5220,2.321928
5221,1.921928
5222,2.321928
5223,2.321928
5224,2.321928
5225,1.921928
5226,1.921928
5227,1.921928
5228,2.321928
5229,2.321928
5230,2.321928
5231,2.321928
5232,1.921928
5233,1.921928
5234,1.921928
5235,1.921928
5236,1.921928
5237,1.921928
5238,1.921928
5239,1.921928
5240,2.321928
5241,2.321928
5242,1.921928
5243,2.321928
5244,2.321928
5245,2.321928
5246,1.921928
5247,1.921928
5248,1.921928
5249,1.921928
5250,1.921928
5251,1.521928
5252,1.921928
5253,1.521928
5254,1.921928
5255,2.321928
5256,2.321928
5257,1.921928
5258,1.921928
5259,1.921928
5260,1.921928
5261,1.921928
5262,2.321928
5263,2.321928
5264,1.921928
5265,1.921928
5266,2.321928
5267,2.321928
5268,2.321928
5269,2.321928
5270,1.921928
5271,1.921928
5272,2.321928
5273,1.921928
5274,2.321928
5275,2.321928
5276,2.321928
5277,2.321928
5278,1.921928
5279,2.321928
5280,2.321928
5281,1.921928
5282,1.921928
5283,1.521928
5284,1.521928
5285,1.521928
5286,1.921928
5287,1.921928
5288,1.921928
5289,1.921928
5290,1.921928
5291,1.921928
5292,1.921928
5293,1.921928
5294,1.921928
5295,2.321928
5296,2.321928
5297,2.321928
5298,2.321928
5299,1.921928
5300,2.321928
5301,2.321928
5302,2.321928
5303,2.321928
5304,2.321928
5305,1.921928
5306,1.921928
5307,1.921928
5308,2.321928
5309,2.321928
5310,2.321928
5311,1.921928
5312,1.921928
5313,1.921928
5314,1.921928
5315,2.321928
5316,2.321928
5317,1.921928
5318,1.521928
5319,1.370951
5320,1.370951
5321,1.370951
5322,1.370951
5323,1.521928
5324,1.921928
5325,1.921928
5326,1.921928
5327,2.321928
5328,2.321928
5329,2.321928
5330,1.921928
5331,1.370951
5332,1.921928
5333,1.521928
5334,1.921928
5335,1.921928
5336,1.921928
5337,2.321928
5338,2.321928
5339,2.321928
5340,1.921928
5341,1.521928
5342,1.921928
5343,1.921928
5344,1.921928
5345,1.921928
5346,1.921928
5347,2.321928
5348,2.321928
5349,2.321928
5350,1.921928
5351,1.921928
5352,2.321928
5353,1.921928
5354,1.921928
5355,1.521928
5356,1.370951
5357,1.370951
5358,1.370951
5359,1.921928
5360,1.921928
5361,1.921928
5362,1.921928
5363,1.921928
5364,1.921928
5365,1.370951
5366,0.721928
5367,0.970951
5368,1.370951
5369,1.921928
5370,2.321928
5371,2.321928
5372,1.921928
5373,1.921928
5374,1.921928
5375,1.921928
5376,2.321928
5377,1.921928
5378,1.521928
5379,1.921928
5380,1.921928
5381,2.321928
5382,1.921928
5383,1.921928
5384,2.321928
5385,2.321928
5386,1.921928
5387,1.921928
5388,1.921928
5389,1.921928
5390,1.921928
5391,1.521928
5392,1.370951
5393,1.521928
5394,1.521928
5395,1.370951
5396,1.521928
5397,1.521928
5398,1.921928
5399,2.321928
5400,1.921928
5401,1.921928
5402,2.321928
5403,1.921928
5404,1.921928
5405,1.921928
5406,2.321928
5407,1.921928
5408,1.921928
5409,1.370951
5410,1.921928
5411,1.921928
5412,2.321928
5413,2.321928
5414,2.321928
5415,2.321928
5416,1.921928
5417,1.921928
5418,2.321928
5419,2.321928
5420,2.321928
5421,2.321928
5422,1.921928
5423,1.921928
5424,1.921928
5425,2.321928
5426,2.321928
5427,2.321928
5428,1.921928
5429,1.921928
5430,1.921928
5431,1.521928
5432,1.921928
5433,1.921928
5434,1.921928
5435,1.921928
5436,1.921928
5437,2.321928
5438,2.321928
5439,2.321928
5440,2.321928
5441,1.921928
5442,1.921928
5443,2.321928
5444,2.321928
5445,1.921928
5446,1.921928
5447,2.321928
5448,1.921928
5449,1.921928
5450,1.921928
5451,1.921928
5452,2.321928
5453,2.321928
5454,1.921928
5455,1.921928
5456,1.521928
5457,1.921928
5458,1.921928
5459,1.921928
5460,1.370951
5461,1.370951
5462,1.921928
5463,1.921928
5464,1.921928
5465,1.921928
5466,1.921928
5467,1.921928
5468,1.921928
5469,1.921928
5470,1.921928
5471,1.521928
5472,1.921928
5473,1.921928
5474,1.921928
5475,1.921928
5476,1.921928
5477,1.921928
5478,2.321928
5479,2.321928
5480,1.921928
5481,1.370951
5482,1.921928
5483,1.921928
5484,1.921928
5485,1.921928
5486,2.321928
5487,1.921928
5488,1.370951
5489,1.370951
5490,1.370951
5491,1.921928
5492,1.921928
5493,1.921928
5494,1.921928
5495,1.921928
5496,2.321928
5497,2.321928
5498,1.921928
5499,1.921928
5500,1.921928
5501,1.921928
5502,2.321928
5503,1.921928
5504,1.521928
5505,0.970951
5506,0.970951
5507,1.521928
5508,1.921928
5509,2.321928
5510,2.321928
5511,2.321928
5512,2.321928
5513,2.321928
5514,2.321928
5515,1.921928
5516,1.521928
5517,1.921928
5518,1.921928
5519,1.921928
5520,1.521928
5521,1.521928
5522,1.521928
5523,1.921928
5524,1.921928
5525,1.521928
5526,1.921928
5527,1.921928
5528,1.921928
5529,1.921928
5530,1.921928
5531,1.521928
5532,1.921928
5533,1.921928
5534,1.921928
5535,1.921928
5536,1.921928
5537,1.921928
5538,2.321928
5539,1.921928
5540,1.521928
5541,1.921928
5542,1.921928
5543,1.370951
5544,1.921928
5545,1.921928
5546,1.370951
5547,1.521928
5548,1.921928
5549,1.921928
5550,2.321928
5551,2.321928
5552,1.921928
5553,1.521928
5554,1.521928
5555,1.921928
5556,1.921928
5557,1.370951
5558,1.370951
5559,1.370951
5560,1.370951
5561,1.921928
5562,1.921928
5563,1.921928
5564,1.921928
5565,1.921928
5566,2.321928
5567,1.921928
5568,1.921928
5569,2.321928
5570,2.321928
5571,2.321928
5572,1.921928
5573,1.921928
5574,1.921928
5575,1.370951
5576,1.921928
5577,1.921928
5578,1.521928
5579,1.521928
5580,1.521928
5581,1.521928
5582,1.921928
5583,1.921928
5584,2.321928
5585,2.321928
5586,2.321928
5587,1.921928
5588,1.521928
5589,1.921928
5590,2.321928
5591,2.321928
5592,2.321928
5593,2.321928
5594,2.321928
5595,2.321928
5596,2.321928
5597,1.921928
5598,2.321928
5599,2.321928
5600,2.321928
5601,1.921928
5602,1.921928
5603,2.321928
5604,2.321928
5605,1.921928
5606,1.921928
5607,1.921928
5608,1.921928
5609,1.921928
5610,1.921928
5611,1.921928
5612,2.321928
5613,2.321928
5614,2.321928
5615,2.321928
5616,1.921928
5617,1.370951
5618,1.370951
5619,1.370951
5620,0.721928
5621,1.370951
5622,1.921928
5623,1.921928
5624,1.921928
5625,1.921928
5626,1.521928
5627,1.921928
5628,2.321928
5629,1.921928
5630,1.921928
5631,2.321928
5632,1.921928
5633,1.921928
5634,1.921928
5635,1.921928
5636,2.321928
5637,2.321928
5638,2.321928
5639,2.321928
5640,2.321928
5641,2.321928
5642,2.321928
5643,2.321928
5644,2.321928
5645,2.321928
5646,2.321928
5647,2.321928
5648,2.321928
5649,1.921928
5650,2.321928
5651,1.921928
5652,1.521928
5653,0.970951
5654,0.721928
5655,1.370951
5656,1.921928
5657,1.921928
5658,1.921928
5659,2.321928
5660,1.921928
5661,1.921928
5662,1.921928
5663,1.921928
5664,1.921928
5665,1.521928
5666,1.921928
5667,1.370951
5668,1.370951
5669,1.921928
5670,1.921928
5671,2.321928
5672,1.921928
5673,1.921928
5674,1.921928
5675,1.921928
5676,1.921928
5677,1.921928
5678,2.321928
5679,2.321928
5680,2.321928
5681,1.921928
5682,1.921928
5683,1.921928
5684,1.521928
5685,1.521928
5686,1.370951
5687,1.370951
5688,1.521928
5689,1.921928
5690,1.921928
5691,1.921928
5692,2.321928
5693,1.921928
5694,2.321928
5695,2.321928
5696,1.921928
5697,1.370951
5698,1.921928
5699,1.921928
5700,1.921928
5701,2.321928
5702,2.321928
5703,2.321928
5704,1.921928
5705,1.921928
5706,1.521928
5707,1.521928
5708,1.921928
5709,1.921928
5710,1.921928
5711,1.921928
5712,2.321928
5713,2.321928
5714,2.321928
5715,2.321928
5716,1.921928
5717,1.921928
5718,1.921928
5719,1.921928
5720,1.921928
5721,1.921928
5722,1.370951
5723,1.370951
5724,1.921928
5725,1.921928
5726,1.921928
5727,1.521928
5728,1.921928
5729,2.321928
5730,1.921928
5731,1.921928
5732,1.921928
5733,1.921928
5734,2.321928
5735,2.321928
5736,2.321928
5737,2.321928
5738,2.321928
5739,2.321928
5740,2.321928
5741,2.321928
5742,2.321928
5743,2.321928
5744,2.321928
5745,2.321928
5746,2.321928
5747,2.321928
5748,1.921928
5749,1.370951
5750,1.370951
5751,1.370951
5752,1.521928
5753,1.921928
5754,1.921928
5755,1.921928
5756,1.521928
5757,1.921928
5758,1.921928
5759,2.321928
5760,1.921928
5761,1.521928
5762,1.521928
5763,1.921928
5764,2.321928
5765,1.921928
5766,1.921928
5767,1.921928
5768,1.921928
5769,2.321928
5770,1.921928
5771,1.521928
5772,1.921928
5773,1.921928
5774,2.321928
5775,2.321928
5776,2.321928
5777,2.321928
5778,2.321928
5779,2.321928
5780,1.921928
5781,1.921928
5782,1.921928
5783,2.321928
5784,2.321928
5785,2.321928
5786,1.921928
5787,1.370951
5788,1.370951
5789,1.521928
5790,1.521928
5791,1.921928
5792,1.921928
5793,1.921928
5794,1.521928
5795,1.521928
5796,0.970951
5797,1.521928
5798,1.921928
5799,1.921928
5800,1.521928
5801,1.521928
5802,1.370951
5803,1.921928
5804,1.521928
5805,1.921928
5806,1.921928
5807,1.921928
5808,2.321928
5809,2.321928
5810,2.321928
5811,2.321928
5812,2.321928
5813,1.921928
5814,1.921928
5815,2.321928
5816,1.921928
5817,1.921928
5818,2.321928
5819,2.321928
5820,2.321928
5821,2.321928
5822,2.321928
5823,2.321928
5824,1.921928
5825,1.921928
5826,2.321928
5827,1.921928
5828,1.921928
5829,1.921928
5830,1.921928
5831,1.921928
5832,1.921928
5833,1.921928
5834,1.921928
5835,1.921928
5836,1.921928
5837,1.921928
5838,2.321928
5839,1.921928
5840,1.921928
5841,1.521928
5842,0.970951
5843,0.970951
5844,1.370951
5845,1.921928
5846,1.921928
5847,1.921928
5848,1.921928
5849,1.921928
5850,1.921928
5851,2.321928
5852,2.321928
5853,2.321928
5854,1.921928
5855,1.921928
5856,1.921928
5857,2.321928
5858,2.321928
5859,1.921928
5860,1.921928
5861,1.921928
5862,2.321928
5863,2.321928
5864,1.921928
5865,1.921928
5866,1.921928
5867,1.921928
5868,2.321928
5869,2.321928
5870,2.321928
5871,2.321928
5872,1.921928
5873,2.321928
5874,1.921928
5875,1.921928
5876,1.521928
5877,1.921928
5878,2.321928
5879,2.321928
5880,1.921928
5881,1.921928
5882,1.921928
5883,2.321928
5884,2.321928
5885,1.921928
5886,1.921928
5887,2.321928
5888,1.921928
5889,1.921928
5890,1.921928
5891,2.321928
5892,2.321928
5893,2.321928
5894,2.321928
5895,2.321928
5896,2.321928
5897,1.921928
5898,1.921928
5899,1.921928
5900,1.921928
5901,1.921928
5902,2.321928
5903,2.321928
5904,2.321928
5905,1.921928
5906,1.521928
5907,1.921928
5908,1.921928
5909,1.921928
5910,1.921928
5911,1.921928
5912,1.921928
5913,1.921928
5914,1.921928
5915,1.921928
5916,1.521928
5917,1.521928
5918,1.521928
5919,1.521928
5920,1.921928
5921,1.921928
5922,2.321928
5923,2.321928
5924,2.321928
5925,1.921928
5926,1.921928
5927,1.921928
5928,1.921928
5929,2.321928
5930,1.921928
5931,2.321928
5932,1.921928
5933,1.921928
5934,1.921928
5935,1.921928
5936,2.321928
5937,1.921928
5938,1.921928
5939,2.321928
5940,2.321928
5941,1.921928
5942,1.521928
5943,1.521928
5944,1.370951
5945,1.921928
5946,1.921928
5947,2.321928
5948,2.321928
5949,1.921928
5950,1.921928
5951,1.921928
5952,1.921928
5953,1.921928
5954,2.321928
5955,1.921928
5956,1.521928
5957,1.921928
5958,1.921928
5959,1.921928
5960,1.521928
5961,1.521928
5962,1.921928
5963,1.370951
5964,1.370951
5965,1.921928
5966,2.321928
5967,2.321928
5968,2.321928
5969,2.321928
5970,2.321928
5971,1.921928
5972,1.921928
5973,2.321928
5974,2.321928
5975,2.321928
5976,1.921928
5977,1.921928
5978,2.321928
5979,2.321928
5980,1.921928
5981,2.321928
5982,1.921928
5983,1.921928
5984,1.921928
5985,1.921928
5986,2.321928
5987,2.321928
5988,2.321928
5989,2.321928
5990,2.321928
5991,2.321928
5992,1.921928
5993,1.921928
5994,1.921928
5995,1.921928
5996,1.921928
5997,1.921928
5998,2.321928
5999,1.921928
6000,1.921928
6001,1.921928
6002,1.921928
6003,2.321928
6004,2.321928
6005,1.921928
6006,1.921928
6007,2.321928
6008,1.921928
6009,1.921928
6010,1.921928
6011,1.521928
6012,1.921928
6013,1.921928
6014,2.321928
6015,2.321928
6016,1.921928
6017,1.921928
6018,1.370951
6019,1.921928
6020,1.921928
6021,2.321928
6022,1.921928
6023,1.921928
6024,2.321928
6025,2.321928
6026,2.321928
6027,2.321928
6028,1.921928
6029,1.521928
6030,0.970951
6031,0.970951
6032,1.370951
6033,0.721928
6034,1.370951
6035,1.521928
6036,1.921928
6037,1.921928
6038,1.921928
6039,1.921928
6040,1.521928
6041,1.521928
6042,1.921928
6043,2.321928
6044,2.321928
6045,2.321928
6046,2.321928
6047,2.321928
6048,2.321928
6049,1.921928
6050,2.321928
6051,1.921928
6052,1.521928
6053,1.921928
6054,1.921928
6055,1.921928
6056,1.921928
6057,1.921928
6058,1.921928
6059,2.321928
6060,1.921928
6061,1.921928
6062,1.521928
6063,1.521928
6064,1.921928
6065,1.921928
6066,2.321928
6067,1.921928
6068,1.921928
6069,1.921928
6070,1.521928
6071,1.921928
6072,1.370951
6073,1.521928
6074,1.921928
6075,1.921928
6076,1.921928
6077,1.521928
6078,1.921928
6079,2.321928
6080,2.321928
6081,2.321928
6082,1.921928
6083,1.921928
6084,2.321928
6085,1.921928
6086,1.370951
6087,1.921928
6088,1.921928
6089,1.921928
6090,2.321928
6091,2.321928
6092,1.921928
6093,1.921928
6094,1.921928
6095,1.521928
6096,1.921928
6097,1.921928
6098,1.921928
6099,2.321928
6100,1.921928
6101,1.521928
6102,1.521928
6103,1.921928
6104,2.321928
6105,2.321928
6106,2.321928
6107,2.321928
6108,1.921928
6109,1.921928
6110,1.921928
6111,2.321928
6112,2.321928
6113,2.321928
6114,1.921928
6115,1.521928
6116,1.921928
6117,2.321928
6118,2.321928
6119,2.321928
6120,2.321928
6121,1.921928
6122,1.921928
6123,1.921928
6124,1.921928
6125,1.921928
6126,1.921928
6127,1.921928
6128,1.521928
6129,1.921928
6130,1.921928
6131,2.321928
6132,2.321928
6133,2.321928
6134,1.921928
6135,2.321928
6136,2.321928
6137,1.921928
6138,1.921928
6139,1.921928
6140,1.370951
6141,1.370951
6142,1.921928
6143,1.921928
6144,2.321928
6145,2.321928
6146,2.321928
6147,2.321928
6148,2.321928
6149,1.921928
6150,1.521928
6151,1.521928
6152,1.921928
6153,2.321928
6154,1.921928
6155,1.521928
6156,1.921928
6157,1.921928
6158,1.921928
6159,1.370951
6160,1.370951
6161,1.370951
6162,1.370951
6163,1.921928
6164,2.321928
6165,2.321928
6166,1.921928
6167,1.521928
6168,1.521928
6169,1.921928
6170,1.921928
6171,1.521928
6172,1.921928
6173,2.321928
6174,2.321928
6175,2.321928
6176,2.321928
6177,2.321928
6178,2.321928
6179,1.921928
6180,2.321928
6181,2.321928
6182,1.921928
6183,1.921928
6184,1.921928
6185,1.521928
6186,1.921928
6187,1.370951
6188,1.370951
6189,1.521928
6190,1.521928
6191,1.521928
6192,1.921928
6193,2.321928
6194,2.321928
6195,1.921928
6196,1.921928
6197,2.321928
6198,1.921928
6199,1.921928
6200,1.370951
6201,1.370951
6202,1.370951
6203,0.721928
6204,0.721928
6205,1.370951
6206,0.970951
6207,0.970951
6208,1.521928
6209,1.370951
6210,1.921928
6211,1.921928
6212,1.921928
6213,1.370951
6214,1.370951
6215,1.370951
6216,1.521928
6217,1.921928
6218,1.921928
6219,2.321928
6220,2.321928
6221,1.921928
6222,1.921928
6223,2.321928
6224,1.921928
6225,2.321928
6226,2.321928
6227,2.321928
6228,1.921928
6229,1.521928
6230,1.921928
6231,1.521928
6232,1.921928
6233,1.370951
6234,1.370951
6235,1.521928
6236,1.921928
6237,1.521928
6238,1.521928
6239,1.921928
6240,1.921928
6241,1.921928
6242,1.921928
6243,1.921928
6244,1.921928
6245,1.921928
6246,1.370951
6247,1.370951
6248,1.921928
6249,1.921928
6250,1.921928
6251,1.521928
6252,1.521928
6253,1.370951
6254,0.970951
6255,1.370951
6256,1.921928
6257,2.321928
6258,1.921928
6259,1.521928
6260,1.921928
6261,2.321928
6262,1.921928
6263,2.321928
6264,2.321928
6265,2.321928
6266,2.321928
6267,2.321928
6268,1.921928
6269,1.521928
6270,1.370951
6271,1.370951
6272,1.921928
6273,2.321928
6274,2.321928
6275,1.921928
6276,1.921928
6277,2.321928
6278,1.921928
6279,1.921928
6280,1.921928
6281,1.521928
6282,1.921928
6283,2.321928
6284,1.921928
6285,1.921928
6286,1.921928
6287,1.370951
6288,1.921928
6289,1.921928
6290,1.921928
6291,1.921928
6292,2.321928
6293,1.921928
6294,1.521928
6295,1.921928
6296,2.321928
6297,2.321928
6298,1.921928
6299,2.321928
6300,2.321928
6301,1.921928
6302,2.321928
6303,2.321928
6304,2.321928
6305,2.321928
6306,2.321928
6307,1.921928
6308,1.921928
6309,1.921928
6310,1.921928
6311,1.521928
6312,1.521928
6313,1.521928
6314,1.521928
6315,1.921928
6316,1.921928
6317,1.521928
6318,1.921928
6319,1.921928
6320,2.321928
6321,1.921928
6322,1.921928
6323,1.921928
6324,1.921928
6325,1.921928
6326,1.921928
6327,1.921928
6328,1.521928
6329,1.921928
6330,2.321928
6331,2.321928
6332,1.921928
6333,1.921928
6334,1.921928
6335,1.921928
6336,2.321928
6337,1.921928
6338,1.521928
6339,1.521928
6340,1.370951
6341,1.921928
6342,1.921928
6343,1.921928
6344,1.521928
6345,1.521928
6346,1.921928
6347,1.921928
6348,2.321928
6349,1.921928
6350,2.321928
6351,2.321928
6352,2.321928
6353,2.321928
6354,2.321928
6355,1.921928
6356,1.921928
6357,1.921928
6358,1.921928
6359,2.321928
6360,1.921928
6361,1.921928
6362,1.921928
6363,1.921928
6364,1.921928
6365,1.921928
6366,1.921928
6367,1.921928
6368,1.921928
6369,1.521928
6370,1.921928
6371,1.521928
6372,1.521928
6373,1.921928
6374,1.521928
6375,1.921928
6376,1.921928
6377,1.921928
6378,2.321928
6379,1.921928
6380,1.521928
6381,1.521928
6382,1.921928
6383,1.921928
6384,1.921928
6385,1.921928
6386,1.370951
6387,1.521928
6388,1.370951
6389,1.521928
6390,1.521928
6391,1.921928
6392,2.321928
6393,2.321928
6394,2.321928
6395,1.921928
6396,1.921928
6397,1.921928
6398,2.321928
6399,2.321928
6400,2.321928
6401,1.921928
6402,1.921928
6403,1.921928
6404,1.521928
6405,1.921928
6406,1.921928
6407,1.921928
6408,1.521928
6409,1.921928
6410,1.921928
6411,1.921928
6412,2.321928
6413,1.921928
6414,1.921928
6415,1.521928
6416,1.921928
6417,2.321928
6418,2.321928
6419,1.921928
6420,1.921928
6421,1.921928
6422,2.321928
6423,1.921928
6424,1.921928
6425,1.921928
6426,1.921928
6427,2.321928
6428,1.921928
6429,2.321928
6430,2.321928
6431,2.321928
6432,2.321928
6433,1.921928
6434,1.370951
6435,1.370951
6436,1.370951
6437,1.370951
6438,1.921928
6439,1.921928
6440,1.921928
6441,2.321928
6442,1.921928
6443,1.921928
6444,1.921928
6445,2.321928
6446,1.921928
6447,1.521928
6448,1.521928
6449,1.370951
6450,1.921928
6451,2.321928
6452,2.321928
6453,1.921928
6454,1.521928
6455,1.921928
6456,1.921928
6457,2.321928
6458,2.321928
6459,2.321928
6460,1.921928
6461,1.921928
6462,1.521928
6463,1.921928
6464,1.921928
6465,1.921928
6466,2.321928
6467,2.321928
6468,2.321928
6469,2.321928
6470,2.321928
6471,1.921928
6472,1.921928
6473,1.921928
6474,1.921928
6475,1.921928
6476,2.321928
6477,2.321928
6478,1.921928
6479,2.321928
6480,1.921928
6481,1.921928
6482,1.921928
6483,1.921928
6484,2.321928
6485,2.321928
6486,2.321928
6487,2.321928
6488,1.921928
6489,1.921928
6490,1.921928
6491,2.321928
6492,1.921928
6493,1.921928
6494,1.921928
6495,2.321928
6496,2.321928
6497,2.321928
6498,1.921928
6499,1.921928
6500,2.321928
6501,2.321928
6502,2.321928
6503,2.321928
6504,2.321928
6505,2.321928
6506,1.921928
6507,2.321928
6508,2.321928
6509,2.321928
6510,2.321928
6511,2.321928
6512,2.321928
6513,1.921928
6514,1.921928
6515,1.521928
6516,1.521928
6517,1.921928
6518,2.321928
6519,2.321928
6520,2.321928
6521,2.321928
6522,2.321928
6523,1.921928
6524,1.921928
6525,1.521928
6526,1.921928
6527,2.321928
6528,1.921928
6529,1.921928
6530,2.321928
6531,2.321928
6532,2.321928
6533,2.321928
6534,1.921928
6535,1.921928
6536,1.921928
6537,2.321928
6538,1.921928
6539,1.921928
6540,1.921928
6541,1.370951
6542,1.370951
6543,1.521928
6544,1.921928
6545,1.921928
6546,2.321928
6547,1.921928
6548,1.921928
6549,1.921928
6550,2.321928
6551,2.321928
6552,2.321928
6553,2.321928
6554,1.921928
6555,1.521928
6556,1.921928
6557,1.921928
6558,1.921928
6559,1.921928
6560,1.521928
6561,1.521928
6562,1.921928
6563,1.921928
6564,2.321928
6565,1.921928
6566,1.921928
6567,1.921928
6568,1.921928
6569,1.921928
6570,1.921928
6571,1.921928
6572,2.321928
6573,2.321928
6574,1.921928
6575,2.321928
6576,1.921928
6577,1.921928
6578,1.521928
6579,1.921928
6580,2.321928
6581,1.921928
6582,1.921928
6583,1.921928
6584,1.921928
6585,2.321928
6586,2.321928
6587,2.321928
6588,2.321928
6589,2.321928
6590,2.321928
6591,2.321928
6592,2.321928
6593,2.321928
6594,1.921928
6595,1.370951
6596,1.370951
6597,1.370951
6598,1.921928
6599,1.921928
6600,1.370951
6601,1.370951
6602,1.370951
6603,1.921928
6604,1.921928
6605,1.370951
6606,1.370951
6607,1.370951
6608,1.921928
6609,2.321928
6610,1.921928
6611,1.921928
6612,2.321928
6613,1.921928
6614,1.921928
6615,1.921928
6616,1.921928
6617,1.921928
6618,1.921928
6619,2.321928
6620,2.321928
6621,1.921928
6622,2.321928
6623,2.321928
6624,2.321928
6625,2.321928
6626,2.321928
6627,1.921928
6628,2.321928
6629,2.321928
6630,2.321928
6631,1.921928
6632,1.521928
6633,1.921928
6634,2.321928
6635,2.321928
6636,2.321928
6637,2.321928
6638,2.321928
6639,2.321928
6640,2.321928
6641,1.921928
6642,1.521928
6643,1.521928
6644,1.921928
6645,2.321928
6646,1.921928
6647,1.921928
6648,1.921928
6649,1.521928
6650,1.370951
6651,1.370951
6652,1.921928
6653,1.521928
6654,1.921928
6655,1.921928
6656,2.321928
6657,2.321928
6658,1.921928
6659,1.921928
6660,1.921928
6661,2.321928
6662,1.921928
6663,1.921928
6664,1.370951
6665,1.370951
6666,1.521928
6667,1.921928
6668,2.321928
6669,1.921928
6670,1.370951
6671,1.370951
6672,1.370951
6673,1.921928
6674,2.321928
6675,2.321928
6676,1.921928
6677,2.321928
6678,1.921928
6679,1.921928
6680,2.321928
6681,2.321928
6682,2.321928
6683,2.321928
6684,1.921928
6685,2.321928
6686,1.921928
6687,2.321928
6688,2.321928
6689,2.321928
6690,1.921928
6691,1.921928
6692,1.921928
6693,1.921928
6694,2.321928
6695,1.921928
6696,1.921928
6697,1.521928
6698,1.521928
6699,1.521928
6700,1.521928
6701,1.921928
6702,1.521928
6703,1.521928
6704,1.521928
6705,1.921928
6706,2.321928
6707,1.921928
6708,1.921928
6709,1.921928
6710,1.921928
6711,1.921928
6712,1.921928
6713,1.921928
6714,1.921928
6715,1.921928
6716,2.321928
6717,1.921928
6718,1.921928
6719,2.321928
6720,1.921928
6721,1.521928
6722,1.921928
6723,1.921928
6724,1.921928
6725,1.921928
6726,1.921928
6727,2.321928
6728,2.321928
6729,2.321928
6730,2.321928
6731,1.921928
6732,1.921928
6733,1.921928
6734,2.321928
6735,2.321928
6736,2.321928
6737,2.321928
6738,1.921928
6739,1.921928
6740,2.321928
6741,1.921928
6742,1.921928
6743,2.321928
6744,1.921928
6745,2.321928
6746,1.921928
6747,1.921928
6748,1.521928
6749,1.921928
6750,1.921928
6751,1.921928
6752,1.921928
6753,2.321928
6754,2.321928
6755,1.921928
6756,1.921928
6757,1.521928
6758,1.521928
6759,1.921928
6760,1.521928
6761,1.921928
6762,1.521928
6763,1.521928
6764,1.521928
6765,1.921928
6766,1.921928
6767,1.921928
6768,1.370951
6769,1.921928
6770,1.370951
6771,1.921928
6772,1.921928
6773,1.921928
6774,1.921928
6775,2.321928
6776,2.321928
6777,2.321928
6778,1.921928
6779,2.321928
6780,1.921928
6781,1.921928
6782,2.321928
6783,2.321928
6784,1.921928
6785,2.321928
6786,2.321928
6787,2.321928
6788,2.321928
6789,2.321928
6790,2.321928
6791,2.321928
6792,1.921928
6793,1.921928
6794,1.921928
6795,2.321928
6796,2.321928
6797,2.321928
6798,2.321928
6799,2.321928
6800,2.321928
6801,2.321928
6802,1.921928
6803,1.921928
6804,1.521928
6805,1.521928
6806,1.921928
6807,1.921928
6808,1.921928
6809,1.921928
6810,1.921928
6811,1.521928
6812,1.521928
6813,1.921928
6814,2.321928
6815,2.321928
6816,2.321928
6817,1.921928
6818,1.921928
6819,2.321928
6820,2.321928
6821,2.321928
6822,2.321928
6823,1.921928
6824,1.921928
6825,1.921928
6826,2.321928
6827,2.321928
6828,1.921928
6829,1.921928
6830,2.321928
6831,2.321928
6832,1.921928
6833,1.921928
6834,1.921928
6835,1.921928
6836,2.321928
6837,1.921928
6838,1.370951
6839,1.921928
6840,1.921928
6841,1.521928
6842,1.921928
6843,1.921928
6844,1.921928
6845,2.321928
6846,1.921928
6847,1.921928
6848,1.921928
6849,1.921928
6850,1.521928
6851,1.521928
6852,1.921928
6853,1.370951
6854,1.921928
6855,2.321928
6856,1.921928
6857,1.370951
6858,1.521928
6859,1.521928
6860,1.921928
6861,2.321928
6862,1.921928
6863,1.921928
6864,1.921928
6865,1.921928
6866,1.921928
6867,1.370951
6868,1.521928
6869,1.521928
6870,1.370951
6871,1.921928
6872,2.321928
6873,1.921928
6874,1.921928
6875,1.921928
6876,1.921928
6877,1.921928
6878,1.921928
6879,2.321928
6880,2.321928
6881,2.321928
6882,1.921928
6883,2.321928
6884,1.921928
6885,1.370951
6886,1.921928
6887,1.921928
6888,1.921928
6889,2.321928
6890,1.921928
6891,1.921928
6892,2.321928
6893,1.921928
6894,1.921928
6895,1.921928
6896,1.521928
6897,1.921928
6898,1.921928
6899,1.521928
6900,1.921928
6901,1.921928
6902,2.321928
6903,1.921928
6904,1.370951
6905,1.370951
6906,1.370951
6907,1.921928
6908,1.921928
6909,1.921928
6910,2.321928
6911,2.321928
6912,2.321928
6913,1.921928
6914,1.521928
6915,1.521928
6916,1.921928
6917,1.921928
6918,1.921928
6919,1.921928
6920,1.921928
6921,1.921928
6922,1.521928
6923,1.521928
6924,1.921928
6925,1.921928
6926,2.321928
6927,1.921928
6928,1.921928
6929,1.921928
6930,1.921928
6931,2.321928
6932,1.921928
6933,1.921928
6934,1.521928
6935,1.921928
6936,2.321928
6937,2.321928
6938,1.921928
6939,2.321928
6940,2.321928
6941,1.921928
6942,1.921928
6943,1.521928
6944,1.521928
6945,1.521928
6946,1.521928
6947,1.921928
6948,1.921928
6949,2.321928
6950,1.921928
6951,2.321928
6952,2.321928
6953,2.321928
6954,1.921928
6955,1.921928
6956,1.921928
6957,2.321928
6958,2.321928
6959,1.921928
6960,2.321928
6961,2.321928
6962,1.921928
6963,2.321928
6964,2.321928
6965,1.921928
6966,1.921928
6967,1.921928
6968,2.321928
6969,1.921928
6970,2.321928
6971,1.921928
6972,1.370951
6973,1.521928
6974,1.521928
6975,1.921928
6976,2.321928
6977,2.321928
6978,2.321928
6979,2.321928
6980,1.921928
6981,1.921928
6982,1.521928
6983,1.521928
6984,1.921928
6985,1.921928
6986,1.921928
6987,2.321928
6988,2.321928
6989,1.921928
6990,1.521928
6991,1.921928
6992,1.921928
6993,1.921928
6994,1.921928
6995,1.921928
6996,2.321928
6997,1.921928
6998,1.921928
6999,1.921928
7000,2.321928
7001,2.321928
7002,2.321928
7003,1.921928
7004,1.921928
7005,2.321928
7006,2.321928
7007,1.921928
7008,1.921928
7009,1.921928
7010,1.921928
7011,2.321928
7012,2.321928
7013,2.321928
7014,1.921928
7015,1.521928
7016,0.970951
7017,1.521928
7018,1.921928
7019,1.921928
7020,2.321928
7021,1.921928
7022,1.921928
7023,1.521928
7024,1.921928
7025,2.321928
7026,2.321928
7027,1.921928
7028,1.521928
7029,0.970951
7030,1.521928
7031,1.921928
7032,1.921928
7033,1.921928
7034,1.921928
7035,1.921928
7036,2.321928
7037,2.321928
7038,2.321928
7039,2.321928
7040,2.321928
7041,2.321928
7042,1.921928
7043,1.921928
7044,1.521928
7045,1.921928
7046,1.921928
7047,2.321928
7048,2.321928
7049,2.321928
7050,2.321928
7051,1.921928
7052,1.921928
7053,1.521928
7054,1.521928
7055,1.521928
7056,1.521928
7057,1.521928
7058,1.521928
7059,1.921928
7060,1.521928
7061,1.921928
7062,1.521928
7063,1.521928
7064,1.921928
7065,1.921928
7066,2.321928
7067,2.321928
7068,1.921928
7069,1.521928
7070,1.370951
7071,1.921928
7072,1.521928
7073,1.921928
7074,2.321928
7075,1.921928
7076,1.921928
7077,1.921928
7078,2.321928
7079,1.921928
7080,1.521928
7081,0.970951
7082,0.970951
7083,1.521928
7084,1.370951
7085,1.921928
7086,1.921928
7087,1.370951
7088,1.521928
7089,1.521928
7090,1.370951
7091,1.921928
7092,1.921928
7093,1.921928
7094,1.521928
7095,1.521928
7096,1.921928
7097,1.921928
7098,1.921928
7099,1.521928
7100,1.921928
7101,1.521928
7102,1.521928
7103,0.970951
7104,0.970951
7105,1.521928
7106,1.921928
7107,1.921928
7108,1.921928
7109,1.921928
7110,1.921928
7111,1.921928
7112,2.321928
7113,2.321928
7114,1.921928
7115,1.521928
7116,1.921928
7117,1.921928
7118,1.921928
7119,1.370951
7120,1.921928
7121,1.921928
7122,1.921928
7123,2.321928
7124,1.921928
7125,2.321928
7126,2.321928
7127,1.921928
7128,1.921928
7129,1.921928
7130,2.321928
7131,1.921928
7132,1.921928
7133,1.921928
7134,2.321928
7135,1.921928
7136,1.921928
7137,1.921928
7138,1.921928
7139,2.321928
7140,1.921928
7141,1.921928
7142,1.921928
7143,1.921928
7144,1.921928
7145,2.321928
7146,1.921928
7147,1.521928
7148,1.921928
7149,1.921928
7150,2.321928
7151,2.321928
7152,1.921928
7153,1.921928
7154,2.321928
7155,2.321928
7156,2.321928
7157,2.321928
7158,1.921928
7159,1.370951
7160,0.970951
7161,0.721928
7162,1.370951
7163,1.921928
7164,2.321928
7165,1.921928
7166,1.921928
7167,2.321928
7168,2.321928
7169,2.321928
7170,1.921928
7171,1.921928
7172,2.321928
7173,2.321928
7174,2.321928
7175,2.321928
7176,2.321928
7177,2.321928
7178,1.921928
7179,2.321928
7180,2.321928
7181,2.321928
7182,2.321928
7183,1.921928
7184,1.521928
7185,1.521928
7186,1.921928
7187,2.321928
7188,2.321928
7189,1.921928
7190,1.921928
7191,1.370951
7192,1.370951
7193,1.370951
7194,1.521928
7195,1.921928
7196,1.521928
7197,1.521928
7198,1.921928
7199,1.521928
7200,0.970951
7201,1.370951
7202,1.370951
7203,1.370951
7204,1.921928
7205,2.321928
7206,2.321928
7207,1.921928
7208,2.321928
7209,2.321928
7210,1.921928
7211,1.921928
7212,2.321928
7213,1.921928
7214,1.921928
7215,1.921928
7216,1.921928
7217,1.921928
7218,1.370951
7219,1.370951
7220,1.370951
7221,1.370951
7222,1.370951
7223,1.521928
7224,1.521928
7225,1.921928
7226,2.321928
7227,2.321928
7228,1.921928
7229,1.370951
7230,1.370951
7231,1.521928
7232,0.970951
7233,1.370951
7234,1.370951
7235,1.921928
7236,2.321928
7237,2.321928
7238,2.321928
7239,1.921928
7240,1.921928
7241,1.921928
7242,1.921928
7243,2.321928
7244,2.321928
7245,2.321928
7246,1.921928
7247,1.521928
7248,1.521928
7249,1.921928
7250,1.921928
7251,1.921928
7252,1.370951
7253,1.370951
7254,1.370951
7255,1.921928
7256,1.921928
7257,2.321928
7258,2.321928
7259,1.921928
7260,1.521928
7261,1.921928
7262,2.321928
7263,2.321928
7264,1.921928
7265,2.321928
7266,2.321928
7267,2.321928
7268,2.321928
7269,2.321928
7270,2.321928
7271,2.321928
7272,2.321928
7273,1.921928
7274,1.921928
7275,2.321928
7276,1.921928
7277,1.521928
7278,1.370951
7279,1.921928
7280,1.521928
7281,1.921928
7282,1.921928
7283,1.521928
7284,1.921928
7285,1.370951
7286,1.370951
7287,1.521928
7288,1.521928
7289,1.521928
7290,1.921928
7291,2.321928
7292,2.321928
7293,2.321928
7294,1.921928
7295,1.921928
7296,1.921928
7297,1.921928
7298,2.321928
7299,2.321928
7300,2.321928
7301,1.921928
7302,2.321928
7303,2.321928
7304,2.321928
7305,1.921928
7306,2.321928
7307,2.321928
7308,2.321928
7309,2.321928
7310,1.921928
7311,1.921928
7312,1.921928
7313,1.921928
7314,1.921928
7315,1.921928
7316,2.321928
7317,1.921928
7318,1.521928
7319,1.921928
7320,1.521928
7321,1.521928
7322,1.921928
7323,1.921928
7324,1.921928
7325,1.921928
7326,1.521928
7327,1.521928
7328,1.921928
7329,2.321928
7330,2.321928
7331,2.321928
7332,2.321928
7333,1.921928
7334,1.521928
7335,1.521928
7336,1.921928
7337,1.921928
7338,1.921928
7339,1.921928
7340,1.921928
7341,1.521928
7342,1.921928
7343,1.521928
7344,1.921928
7345,1.921928
7346,1.921928
7347,1.921928
7348,2.321928
7349,1.921928
7350,1.921928
7351,1.921928
7352,1.921928
7353,1.921928
7354,1.370951
7355,1.370951
7356,1.370951
7357,1.370951
7358,1.370951
7359,1.521928
7360,1.921928
7361,1.921928
7362,1.921928
7363,2.321928
7364,2.321928
7365,2.321928
7366,2.321928
7367,2.321928
7368,1.921928
7369,1.921928
7370,1.921928
7371,1.921928
7372,1.921928
7373,2.321928
7374,2.321928
7375,2.321928
7376,2.321928
7377,2.321928
7378,1.921928
7379,1.921928
7380,1.921928
7381,1.921928
7382,2.321928
7383,1.921928
7384,1.921928
7385,1.921928
7386,1.921928
7387,1.921928
7388,1.921928
7389,1.921928
7390,1.921928
7391,1.921928
7392,1.921928
7393,1.921928
7394,1.921928
7395,1.921928
7396,2.321928
7397,2.321928
7398,2.321928
7399,2.321928
7400,2.321928
7401,1.921928
7402,2.321928
7403,2.321928
7404,1.921928
7405,2.321928
7406,2.321928
7407,1.921928
7408,1.521928
7409,1.521928
7410,0.970951
7411,1.521928
7412,1.921928
7413,1.921928
7414,1.921928
7415,1.921928
7416,1.370951
7417,1.521928
7418,1.921928
7419,1.921928
7420,1.921928
7421,1.370951
7422,1.921928
7423,1.921928
7424,1.921928
7425,2.321928
7426,1.921928
7427,1.921928
7428,1.521928
7429,1.921928
7430,1.921928
7431,1.370951
7432,1.370951
7433,1.370951
7434,1.521928
7435,1.921928
7436,1.921928
7437,1.921928
7438,2.321928
7439,2.321928
7440,1.921928
7441,2.321928
7442,2.321928
7443,2.321928
7444,1.921928
7445,2.321928
7446,1.921928
7447,1.521928
7448,1.370951
7449,1.370951
7450,1.921928
7451,1.921928
7452,2.321928
7453,1.921928
7454,1.921928
7455,1.921928
7456,1.921928
7457,1.921928
7458,1.921928
7459,1.921928
7460,1.921928
7461,1.921928
7462,1.921928
7463,1.921928
7464,1.921928
7465,2.321928
7466,2.321928
7467,1.921928
7468,1.921928
7469,2.321928
7470,1.921928
7471,2.321928
7472,2.321928
7473,2.321928
7474,1.921928
7475,2.321928
7476,1.921928
7477,1.921928
7478,1.921928
7479,1.921928
7480,2.321928
7481,2.321928
7482,2.321928
7483,1.921928
7484,1.921928
7485,2.321928
7486,2.321928
7487,2.321928
7488,2.321928
7489,1.921928
7490,2.321928
7491,1.921928
7492,1.921928
7493,1.370951
7494,1.370951
7495,1.921928
7496,2.321928
7497,1.921928
7498,1.521928
7499,1.921928
7500,1.921928
7501,1.921928
7502,1.921928
7503,1.921928
7504,1.370951
7505,1.370951
7506,1.921928
7507,1.921928
7508,2.321928
7509,2.321928
7510,1.921928
7511,1.921928
7512,1.521928
7513,1.521928
7514,1.521928
7515,1.521928
7516,1.921928
7517,2.321928
7518,1.921928
7519,1.921928
7520,1.921928
7521,1.521928
7522,1.921928
7523,1.521928
7524,1.921928
7525,1.921928
7526,1.921928
7527,2.321928
7528,2.321928
7529,2.321928
7530,1.921928
7531,1.921928
7532,2.321928
7533,2.321928
7534,1.921928
7535,1.921928
7536,1.370951
7537,1.370951
7538,1.921928
7539,1.370951
7540,1.921928
7541,1.921928
7542,1.921928
7543,1.921928
7544,1.521928
7545,1.921928
7546,1.921928
7547,1.921928
7548,2.321928
7549,2.321928
7550,2.321928
7551,1.921928
7552,2.321928
7553,1.921928
7554,1.921928
7555,1.921928
7556,2.321928
7557,2.321928
7558,1.921928
7559,1.921928
7560,1.921928
7561,1.921928
7562,1.521928
7563,1.521928
7564,1.521928
7565,1.921928
7566,1.921928
7567,1.921928
7568,1.921928
7569,1.921928
7570,1.921928
7571,1.921928
7572,1.921928
7573,1.921928
7574,2.321928
7575,2.321928
7576,2.321928
7577,2.321928
7578,2.321928
7579,1.921928
7580,1.921928
7581,1.921928
7582,2.321928
7583,1.921928
7584,1.921928
7585,1.921928
7586,1.370951
7587,1.921928
7588,1.921928
7589,1.921928
7590,1.921928
7591,1.921928
7592,1.921928
7593,1.921928
7594,1.370951
7595,1.370951
7596,1.370951
7597,1.921928
7598,1.921928
7599,1.921928
7600,1.921928
7601,1.521928
7602,1.921928
7603,1.921928
7604,2.321928
7605,2.321928
7606,1.921928
7607,1.921928
7608,1.370951
7609,0.721928
7610,1.370951
7611,1.370951
7612,1.370951
7613,1.921928
7614,2.321928
7615,2.321928
7616,2.321928
7617,2.321928
7618,2.321928
7619,2.321928
7620,2.321928
7621,2.321928
7622,2.321928
7623,2.321928
7624,1.921928
7625,2.321928
7626,2.321928
7627,2.321928
7628,1.921928
7629,1.921928
7630,1.921928
7631,1.921928
7632,2.321928
7633,1.921928
7634,1.921928
7635,2.321928
7636,2.321928
7637,2.321928
7638,1.921928
7639,1.921928
7640,1.921928
7641,1.521928
7642,1.921928
7643,1.521928
7644,1.921928
7645,2.321928
7646,1.921928
7647,1.921928
7648,1.921928
7649,1.921928
7650,2.321928
7651,2.321928
7652,2.321928
7653,1.921928
7654,2.321928
7655,2.321928
7656,1.921928
7657,1.921928
7658,1.921928
7659,2.321928
7660,2.321928
7661,2.321928
7662,1.921928
7663,1.921928
7664,1.921928
7665,1.921928
7666,1.521928
7667,1.521928
7668,1.370951
7669,1.921928
7670,1.521928
7671,1.521928
7672,1.921928
7673,1.521928
7674,1.370951
7675,1.370951
7676,0.721928
7677,1.370951
7678,1.370951
7679,1.921928
7680,1.921928
7681,2.321928
7682,2.321928
7683,2.321928
7684,1.921928
7685,2.321928
7686,1.921928
7687,1.921928
7688,1.921928
7689,1.521928
7690,1.521928
7691,1.521928
7692,1.921928
7693,2.321928
7694,1.921928
7695,2.321928
7696,2.321928
7697,2.321928
7698,1.921928
7699,1.370951
7700,1.370951
7701,1.370951
7702,1.921928
7703,2.321928
7704,1.921928
7705,1.921928
7706,1.921928
7707,1.921928
7708,2.321928
7709,2.321928
7710,1.921928
7711,1.921928
7712,2.321928
7713,1.921928
7714,1.921928
7715,1.921928
7716,1.921928
7717,1.370951
7718,1.370951
7719,0.970951
7720,1.521928
7721,1.921928
7722,2.321928
7723,2.321928
7724,2.321928
7725,2.321928
7726,2.321928
7727,2.321928
7728,2.321928
7729,1.921928
7730,1.921928
7731,1.921928
7732,1.521928
7733,1.921928
7734,1.921928
7735,1.921928
7736,2.321928
7737,2.321928
7738,2.321928
7739,1.921928
7740,1.521928
7741,1.921928
7742,1.921928
7743,2.321928
7744,1.921928
7745,1.370951
7746,1.370951
7747,1.521928
7748,1.521928
7749,1.921928
7750,1.921928
7751,1.921928
7752,2.321928
7753,1.921928
7754,1.921928
7755,2.321928
7756,1.921928
7757,1.921928
7758,1.921928
7759,2.321928
7760,1.921928
7761,1.921928
7762,1.921928
7763,1.921928
7764,1.921928
7765,2.321928
7766,2.321928
7767,2.321928
7768,2.321928
7769,1.921928
7770,1.921928
7771,1.921928
7772,1.921928
7773,1.921928
7774,1.921928
7775,2.321928
7776,2.321928
7777,2.321928
7778,2.321928
7779,2.321928
7780,1.921928
7781,1.370951
7782,1.370951
7783,1.370951
7784,1.921928
7785,2.321928
7786,2.321928
7787,2.321928
7788,1.921928
7789,1.370951
7790,1.370951
7791,1.921928
7792,1.921928
7793,2.321928
7794,2.321928
7795,1.921928
7796,1.921928
7797,1.921928
7798,1.921928
7799,2.321928
7800,2.321928
7801,1.921928
7802,1.921928
7803,1.521928
7804,1.921928
7805,2.321928
7806,1.921928
7807,1.921928
7808,1.921928
7809,2.321928
7810,2.321928
7811,1.921928
7812,1.921928
7813,2.321928
7814,2.321928
7815,1.921928
7816,1.370951
7817,1.921928
7818,1.370951
7819,1.370951
7820,1.921928
7821,2.321928
7822,2.321928
7823,1.921928
7824,2.321928
7825,2.321928
7826,1.921928
7827,1.921928
7828,1.521928
7829,1.921928
7830,2.321928
7831,2.321928
7832,1.921928
7833,2.321928
7834,2.321928
7835,2.321928
7836,1.921928
7837,1.370951
7838,1.370951
7839,1.370951
7840,1.921928
7841,2.321928
7842,1.921928
7843,1.921928
7844,1.921928
7845,1.921928
7846,1.921928
7847,1.921928
7848,1.921928
7849,1.921928
7850,1.921928
7851,1.921928
7852,1.921928
7853,2.321928
7854,1.921928
7855,1.921928
7856,2.321928
7857,1.921928
7858,1.921928
7859,1.521928
7860,1.521928
7861,1.521928
7862,1.921928
7863,2.321928
7864,2.321928
7865,1.921928
7866,2.321928
7867,1.921928
7868,1.921928
7869,1.921928
7870,1.921928
7871,1.921928
7872,1.921928
7873,1.921928
7874,1.370951
7875,1.521928
7876,1.370951
7877,1.921928
7878,1.921928
7879,1.921928
7880,1.921928
7881,1.921928
7882,2.321928
7883,1.921928
7884,2.321928
7885,2.321928
7886,1.921928
7887,1.921928
7888,1.921928
7889,2.321928
7890,1.921928
7891,1.521928
7892,0.970951
7893,1.370951
7894,1.921928
7895,2.321928
7896,2.321928
7897,2.321928
7898,2.321928
7899,2.321928
7900,2.321928
7901,2.321928
7902,2.321928
7903,1.921928
7904,1.521928
7905,1.921928
7906,2.321928
7907,2.321928
7908,1.921928
7909,1.921928
7910,1.370951
7911,1.521928
7912,1.921928
7913,2.321928
7914,1.921928
7915,1.370951
7916,0.721928
7917,0.721928
7918,1.370951
7919,1.921928
7920,1.921928
7921,1.921928
7922,1.921928
7923,1.921928
7924,1.921928
7925,1.921928
7926,1.521928
7927,1.521928
7928,1.921928
7929,2.321928
7930,2.321928
7931,1.921928
7932,1.921928
7933,1.921928
7934,1.921928
7935,1.921928
7936,1.370951
7937,1.921928
7938,1.921928
7939,1.921928
7940,2.321928
7941,2.321928
7942,1.921928
7943,1.921928
7944,1.370951
7945,0.970951
7946,1.521928
7947,1.921928
7948,1.921928
7949,1.921928
7950,1.921928
7951,1.921928
7952,1.921928
7953,1.921928
7954,1.521928
7955,1.921928
7956,1.921928
7957,2.321928
7958,2.321928
7959,2.321928
7960,1.921928
7961,1.921928
7962,1.521928
7963,1.521928
7964,1.921928
7965,1.921928
7966,2.321928
7967,1.921928
7968,1.921928
7969,2.321928
7970,2.321928
7971,2.321928
7972,2.321928
7973,2.321928
7974,2.321928
7975,2.321928
7976,2.321928
7977,1.921928
7978,2.321928
7979,2.321928
7980,2.321928
7981,1.921928
7982,1.521928
7983,1.921928
7984,1.921928
7985,1.921928
7986,1.521928
7987,1.921928
7988,2.321928
7989,1.921928
7990,1.921928
7991,1.921928
7992,1.921928
7993,1.921928
7994,1.521928
7995,1.521928
7996,0.970951
7997,1.521928
7998,1.921928
7999,1.921928
8000,2.321928
8001,2.321928
8002,2.321928
8003,2.321928
8004,2.321928
8005,2.321928
8006,2.321928
8007,2.321928
8008,2.321928
8009,2.321928
8010,1.921928
8011,1.921928
8012,1.921928
8013,2.321928
8014,1.921928
8015,1.921928
8016,1.370951
8017,1.921928
8018,1.921928
8019,1.921928
8020,1.921928
8021,1.370951
8022,1.921928
8023,1.921928
8024,1.921928
8025,1.921928
8026,1.370951
8027,1.370951
8028,1.370951
8029,1.521928
8030,1.921928
8031,2.321928
8032,2.321928
8033,1.921928
8034,1.921928
8035,1.921928
8036,1.521928
8037,0.970951
8038,1.521928
8039,1.521928
8040,1.521928
8041,1.921928
8042,1.921928
8043,1.921928
8044,2.321928
8045,1.921928
8046,1.921928
8047,1.921928
8048,1.921928
8049,1.921928
8050,1.921928
8051,1.921928
8052,1.521928
8053,1.521928
8054,1.370951
8055,1.370951
8056,1.921928
8057,2.321928
8058,1.921928
8059,1.921928
8060,1.921928
8061,1.521928
8062,1.921928
8063,1.921928
8064,1.521928
8065,1.521928
8066,1.921928
8067,1.921928
8068,1.521928
8069,0.970951
8070,0.970951
8071,1.521928
8072,1.921928
8073,1.921928
8074,1.521928
8075,1.521928
8076,1.921928
8077,1.921928
8078,2.321928
8079,1.921928
8080,2.321928
8081,1.921928
8082,1.521928
8083,1.521928
8084,1.921928
8085,2.321928
8086,1.921928
8087,1.921928
8088,2.321928
8089,2.321928
8090,1.921928
8091,1.521928
8092,1.921928
8093,2.321928
8094,2.321928
8095,1.921928
8096,1.921928
8097,1.921928
8098,1.921928
8099,1.921928
8100,1.921928
8101,1.921928
8102,2.321928
8103,1.921928
8104,1.921928
8105,1.921928
8106,1.921928
8107,1.921928
8108,2.321928
8109,1.921928
8110,1.921928
8111,2.321928
8112,1.921928
8113,1.521928
8114,1.921928
8115,2.321928
8116,1.921928
8117,1.921928
8118,1.521928
8119,1.370951
8120,1.370951
8121,1.370951
8122,1.370951
8123,1.521928
8124,1.521928
8125,1.921928
8126,1.921928
8127,2.321928
8128,1.921928
8129,1.521928
8130,1.921928
8131,1.921928
8132,1.921928
8133,1.921928
8134,1.370951
8135,1.921928
8136,1.521928
8137,1.370951
8138,0.721928
8139,0.721928
8140,1.370951
8141,1.921928
8142,2.321928
8143,1.921928
8144,1.921928
8145,1.921928
8146,1.921928
8147,1.921928
8148,1.921928
8149,1.921928
8150,1.370951
8151,1.370951
8152,1.370951
8153,1.921928
8154,2.321928
8155,1.921928
8156,1.921928
8157,1.921928
8158,1.921928
8159,2.321928
8160,2.321928
8161,2.321928
8162,2.321928
8163,2.321928
8164,2.321928
8165,1.921928
8166,1.921928
8167,2.321928
8168,1.921928
8169,1.521928
8170,1.521928
8171,1.521928
8172,1.921928
8173,1.921928
8174,2.321928
8175,1.921928
8176,1.921928
8177,1.370951
8178,1.370951
8179,1.370951
8180,1.921928
8181,2.321928
8182,2.321928
8183,2.321928
8184,1.921928
8185,1.521928
8186,1.521928
8187,1.921928
8188,1.921928
8189,1.921928
8190,1.921928
8191,2.321928
8192,2.321928
8193,2.321928
8194,1.921928
8195,1.921928
8196,1.521928
8197,1.521928
8198,1.921928
8199,1.921928
8200,1.921928
8201,1.921928
8202,1.921928
8203,1.370951
8204,0.970951
8205,1.521928
8206,1.370951
8207,1.521928
8208,1.921928
8209,2.321928
8210,2.321928
8211,2.321928
8212,1.921928
8213,1.921928
8214,1.370951
8215,1.921928
8216,1.521928
8217,1.370951
8218,1.370951
8219,1.370951
8220,1.921928
8221,1.921928
8222,1.921928
8223,1.921928
8224,1.921928
8225,2.321928
8226,2.321928
8227,1.921928
8228,1.921928
8229,1.921928
8230,1.521928
8231,1.521928
8232,1.921928
8233,1.921928
8234,1.921928
8235,2.321928
8236,2.321928
8237,1.921928
8238,1.921928
8239,1.921928
8240,1.921928
8241,1.921928
8242,1.921928
8243,2.321928
8244,1.921928
8245,2.321928
8246,2.321928
8247,2.321928
8248,2.321928
8249,2.321928
8250,1.921928
8251,1.921928
8252,2.321928
8253,2.321928
8254,2.321928
8255,1.921928
8256,2.321928
8257,1.921928
8258,1.921928
8259,1.521928
8260,1.521928
8261,1.521928
8262,1.921928
8263,1.921928
8264,1.921928
8265,1.921928
8266,1.921928
8267,1.921928
8268,1.921928
8269,1.921928
8270,2.321928
8271,2.321928
8272,1.921928
8273,1.921928
8274,1.370951
8275,1.370951
8276,1.921928
8277,2.321928
8278,1.921928
8279,1.921928
8280,1.521928
8281,1.521928
8282,1.921928
8283,1.370951
8284,1.921928
8285,2.321928
8286,1.921928
8287,1.370951
8288,1.370951
8289,1.370951
8290,1.921928
8291,1.921928
8292,1.921928
8293,2.321928
8294,2.321928
8295,2.321928
8296,1.921928
8297,1.921928
8298,1.921928
8299,1.921928
8300,2.321928
8301,2.321928
8302,2.321928
8303,2.321928
8304,2.321928
8305,2.321928
8306,1.921928
8307,1.370951
8308,1.370951
8309,1.921928
8310,1.370951
8311,1.921928
8312,1.921928
8313,1.921928
8314,1.921928
8315,1.521928
8316,1.521928
8317,1.921928
8318,1.921928
8319,1.921928
8320,1.921928
8321,1.521928
8322,1.921928
8323,1.921928
8324,1.521928
8325,1.921928
8326,1.921928
8327,1.521928
8328,1.921928
8329,1.521928
8330,1.521928
8331,1.521928
8332,1.921928
8333,2.321928
8334,2.321928
8335,2.321928
8336,1.921928
8337,1.921928
8338,2.321928
8339,2.321928
8340,1.921928
8341,1.921928
8342,1.921928
8343,1.921928
8344,2.321928
8345,1.921928
8346,1.921928
8347,1.921928
8348,1.921928
8349,1.921928
8350,1.921928
8351,1.921928
8352,1.521928
8353,1.921928
8354,1.921928
8355,1.921928
8356,2.321928
8357,1.921928
8358,1.921928
8359,1.921928
8360,1.921928
8361,1.921928
8362,1.370951
8363,1.370951
8364,1.370951
8365,1.521928
8366,1.921928
8367,1.921928
8368,2.321928
8369,2.321928
8370,2.321928
8371,1.921928
8372,1.370951
8373,1.370951
8374,0.970951
8375,1.521928
8376,1.921928
8377,1.521928
8378,1.521928
8379,1.921928
8380,2.321928
8381,1.921928
8382,1.921928
8383,1.921928
8384,2.321928
8385,1.921928
8386,1.921928
8387,1.921928
8388,1.370951
8389,1.370951
8390,1.921928
8391,1.921928
8392,2.321928
8393,1.921928
8394,1.521928
8395,1.921928
8396,1.921928
8397,2.321928
8398,2.321928
8399,2.321928
8400,2.321928
8401,2.321928
8402,1.921928
8403,1.521928
8404,1.921928
8405,1.921928
8406,2.321928
8407,2.321928
8408,2.321928
8409,2.321928
8410,2.321928
8411,1.921928
8412,1.921928
8413,1.921928
8414,1.921928
8415,1.921928
8416,1.921928
8417,1.921928
8418,1.921928
8419,1.521928
8420,1.921928
8421,1.921928
8422,1.921928
8423,1.921928
8424,1.921928
8425,1.921928
8426,2.321928
8427,2.321928
8428,1.921928
8429,1.921928
8430,1.921928
8431,1.921928
8432,1.521928
8433,1.921928
8434,2.321928
8435,2.321928
8436,1.921928
8437,1.921928
8438,1.921928
8439,1.921928
8440,1.921928
8441,1.921928
8442,1.921928
8443,1.921928
8444,2.321928
8445,2.321928
8446,2.321928
8447,1.921928
8448,1.921928
8449,2.321928
8450,2.321928
8451,1.921928
8452,1.370951
8453,1.370951
8454,1.370951
8455,1.521928
8456,1.521928
8457,1.921928
8458,2.321928
8459,1.921928
8460,1.921928
8461,1.370951
8462,1.921928
8463,1.370951
8464,1.370951
8465,1.370951
8466,1.921928
8467,1.921928
8468,2.321928
8469,2.321928
8470,2.321928
8471,1.921928
8472,1.521928
8473,1.521928
8474,1.921928
8475,1.921928
8476,1.521928
8477,1.921928
8478,1.921928
8479,1.921928
8480,2.321928
8481,2.321928
8482,2.321928
8483,2.321928
8484,2.321928
8485,2.321928
8486,2.321928
8487,2.321928
8488,2.321928
8489,1.921928
8490,2.321928
8491,1.921928
8492,1.921928
8493,1.921928
8494,1.921928
8495,1.921928
8496,1.921928
8497,1.921928
8498,1.921928
8499,1.921928
8500,2.321928
8501,1.921928
8502,1.921928
8503,1.921928
8504,2.321928
8505,2.321928
8506,2.321928
8507,1.921928
8508,1.921928
8509,1.921928
8510,1.521928
8511,1.921928
8512,2.321928
8513,2.321928
8514,1.921928
8515,1.921928
8516,1.921928
8517,2.321928
8518,2.321928
8519,2.321928
8520,1.921928
8521,1.921928
8522,1.921928
8523,1.921928
8524,1.921928
8525,1.921928
8526,2.321928
8527,2.321928
8528,1.921928
8529,1.921928
8530,1.921928
8531,2.321928
8532,1.921928
8533,1.921928
8534,1.921928
8535,2.321928
8536,2.321928
8537,2.321928
8538,2.321928
8539,2.321928
8540,2.321928
8541,2.321928
8542,2.321928
8543,2.321928
8544,2.321928
8545,1.921928
8546,1.921928
8547,1.921928
8548,1.921928
8549,1.921928
8550,2.321928
8551,2.321928
8552,2.321928
8553,1.921928
8554,2.321928
8555,2.321928
8556,2.321928
8557,1.921928
8558,2.321928
8559,1.921928
8560,1.921928
8561,2.321928
8562,2.321928
8563,1.921928
8564,1.921928
8565,1.370951
8566,1.370951
8567,1.370951
8568,1.921928
8569,1.521928
8570,1.921928
8571,1.921928
8572,1.521928
8573,1.921928
8574,1.521928
8575,1.921928
8576,1.921928
8577,2.321928
8578,2.321928
8579,2.321928
8580,1.921928
8581,1.921928
8582,2.321928
8583,2.321928
8584,2.321928
8585,1.921928
8586,1.921928
8587,1.921928
8588,2.321928
8589,2.321928
8590,1.921928
8591,1.921928
8592,1.521928
8593,1.521928
8594,1.521928
8595,1.921928
8596,1.921928
8597,1.921928
8598,1.921928
8599,1.521928
8600,1.921928
8601,1.370951
8602,1.370951
8603,1.370951
8604,1.921928
8605,1.521928
8606,1.921928
8607,1.921928
8608,1.521928
8609,1.921928
8610,1.370951
8611,1.370951
8612,1.370951
8613,1.521928
8614,1.921928
8615,2.321928
8616,1.921928
8617,1.921928
8618,1.521928
8619,1.921928
8620,2.321928
8621,2.321928
8622,2.321928
8623,1.921928
8624,1.921928
8625,2.321928
8626,2.321928
8627,2.321928
8628,2.321928
8629,1.921928
8630,1.521928
8631,1.921928
8632,1.921928
8633,1.370951
8634,1.370951
8635,1.921928
8636,1.921928
8637,1.921928
8638,1.921928
8639,2.321928
8640,1.921928
8641,1.921928
8642,1.921928
8643,1.921928
8644,2.321928
8645,2.321928
8646,2.321928
8647,2.321928
8648,2.321928
8649,1.921928
8650,1.921928
8651,2.321928
8652,2.321928
8653,1.921928
8654,1.921928
8655,1.921928
8656,2.321928
8657,2.321928
8658,1.921928
8659,1.921928
8660,1.921928
8661,1.921928
8662,1.921928
8663,2.321928
8664,2.321928
8665,1.921928
8666,2.321928
8667,2.321928
8668,1.921928
8669,1.921928
8670,1.921928
8671,1.921928
8672,1.921928
8673,2.321928
8674,1.921928
8675,1.521928
8676,1.521928
8677,1.921928
8678,1.921928
8679,1.521928
8680,1.921928
8681,1.921928
8682,2.321928
8683,2.321928
8684,2.321928
8685,2.321928
8686,2.321928
8687,2.321928
8688,2.321928
8689,1.921928
8690,2.321928
8691,2.321928
8692,2.321928
8693,2.321928
8694,1.921928
8695,1.921928
8696,1.921928
8697,2.321928
8698,1.921928
8699,1.921928
8700,1.921928
8701,2.321928
8702,1.921928
8703,1.921928
8704,2.321928
8705,2.321928
8706,1.921928
8707,1.921928
8708,1.921928
8709,1.921928
8710,1.921928
8711,1.921928
8712,1.921928
8713,2.321928
8714,1.921928
8715,1.521928
8716,1.370951
8717,1.370951
8718,1.370951
8719,1.370951
8720,1.921928
8721,1.921928
8722,2.321928
8723,2.321928
8724,1.921928
8725,1.521928
8726,1.921928
8727,1.921928
8728,2.321928
8729,2.321928
8730,1.921928
8731,1.921928
8732,1.921928
8733,1.921928
8734,1.921928
8735,1.921928
8736,2.321928
8737,2.321928
8738,1.921928
8739,1.370951
8740,1.521928
8741,1.521928
8742,1.521928
8743,1.921928
8744,1.921928
8745,1.921928
8746,1.921928
8747,2.321928
8748,1.921928
8749,1.921928
8750,1.921928
8751,1.370951
8752,1.921928
8753,2.321928
8754,1.921928
8755,1.921928
8756,1.921928
8757,2.321928
8758,1.921928
8759,1.521928
8760,1.521928
8761,1.921928
8762,2.321928
8763,2.321928
8764,1.921928
8765,1.921928
8766,1.921928
8767,1.921928
8768,1.921928
8769,1.921928
8770,1.921928
8771,1.370951
8772,1.521928
8773,1.370951
8774,1.521928
8775,0.970951
8776,1.521928
8777,1.921928
8778,1.521928
8779,1.521928
8780,1.921928
8781,2.321928
8782,1.921928
8783,1.370951
8784,1.370951
8785,1.370951
8786,1.921928
8787,2.321928
8788,2.321928
8789,1.921928
8790,1.921928
8791,1.921928
8792,1.521928
8793,1.921928
8794,1.921928
8795,2.321928
8796,2.321928
8797,2.321928
8798,1.921928
8799,1.921928
8800,1.521928
8801,1.921928
8802,2.321928
8803,1.921928
8804,1.921928
8805,1.921928
8806,1.921928
8807,1.921928
8808,1.921928
8809,2.321928
8810,2.321928
8811,1.921928
8812,1.521928
8813,0.970951
8814,1.521928
8815,1.521928
8816,0.970951
8817,1.370951
8818,1.370951
8819,1.921928
8820,2.321928
8821,1.921928
8822,2.321928
8823,1.921928
8824,1.921928
8825,2.321928
8826,2.321928
8827,2.321928
8828,1.921928
8829,1.921928
8830,2.321928
8831,2.321928
8832,1.921928
8833,1.921928
8834,1.921928
8835,1.921928
8836,1.921928
8837,1.921928
8838,1.921928
8839,2.321928
8840,1.921928
8841,1.921928
8842,2.321928
8843,2.321928
8844,2.321928
8845,2.321928
8846,2.321928
8847,1.921928
8848,1.921928
8849,1.921928
8850,2.321928
8851,1.921928
8852,1.521928
8853,1.921928
8854,2.321928
8855,1.921928
8856,1.921928
8857,1.921928
8858,1.921928
8859,1.921928
8860,2.321928
8861,2.321928
8862,2.321928
8863,1.921928
8864,1.921928
8865,1.521928
8866,1.921928
8867,2.321928
8868,2.321928
8869,1.921928
8870,2.321928
8871,2.321928
8872,1.921928
8873,1.921928
8874,1.921928
8875,1.921928
8876,1.921928
8877,1.921928
8878,1.921928
8879,1.921928
8880,1.921928
8881,2.321928
8882,2.321928
8883,2.321928
8884,1.921928
8885,1.921928
8886,1.921928
8887,2.321928
8888,1.921928
8889,1.921928
8890,1.370951
8891,1.370951
8892,1.921928
8893,2.321928
8894,2.321928
8895,1.921928
8896,1.521928
8897,1.521928
8898,1.921928
8899,1.921928
8900,1.521928
8901,1.521928
8902,1.370951
8903,1.521928
8904,1.921928
8905,1.521928
8906,1.921928
8907,1.921928
8908,1.921928
8909,2.321928
8910,1.921928
8911,1.921928
8912,1.921928
8913,1.921928
8914,1.921928
8915,1.521928
8916,1.921928
8917,1.921928
8918,1.921928
8919,2.321928
8920,2.321928
8921,1.921928
8922,1.921928
8923,1.921928
8924,2.321928
8925,2.321928
8926,1.921928
8927,1.921928
8928,1.921928
8929,1.521928
8930,1.921928
8931,1.921928
8932,1.921928
8933,1.521928
8934,1.921928
8935,1.921928
8936,2.321928
8937,1.921928
8938,1.921928
8939,1.921928
8940,1.921928
8941,2.321928
8942,1.921928
8943,2.321928
8944,1.921928
8945,1.921928
8946,1.921928
8947,1.921928
8948,1.921928
8949,1.521928
8950,1.921928
8951,1.921928
8952,1.921928
8953,1.921928
8954,1.921928
8955,1.921928
8956,1.921928
8957,1.921928
8958,1.921928
8959,1.921928
8960,2.321928
8961,1.921928
8962,1.921928
8963,1.370951
8964,1.370951
8965,1.370951
8966,1.521928
8967,1.370951
8968,1.370951
8969,1.370951
8970,1.521928
8971,1.921928
8972,1.370951
8973,0.721928
8974,1.370951
8975,1.921928
8976,1.521928
8977,1.921928
8978,1.921928
8979,1.370951
8980,1.921928
8981,2.321928
8982,1.921928
8983,1.921928
8984,1.921928
8985,1.921928
8986,2.321928
8987,2.321928
8988,1.921928
8989,1.921928
8990,1.921928
8991,2.321928
8992,2.321928
8993,2.321928
8994,2.321928
8995,1.921928
8996,1.921928
8997,1.370951
8998,1.370951
8999,1.921928
9000,1.921928
9001,2.321928
9002,1.921928
9003,1.370951
9004,1.370951
9005,1.370951
9006,1.921928
9007,2.321928
9008,1.921928
9009,1.921928
9010,2.321928
9011,2.321928
9012,2.321928
9013,1.921928
9014,1.521928
9015,1.521928
9016,1.921928
9017,1.921928
9018,1.921928
9019,1.521928
9020,1.521928
9021,1.921928
9022,2.321928
9023,2.321928
9024,2.321928
9025,2.321928
9026,2.321928
9027,2.321928
9028,2.321928
9029,2.321928
9030,2.321928
9031,1.921928
9032,2.321928
9033,2.321928
9034,1.921928
9035,1.921928
9036,1.921928
9037,1.921928
9038,1.921928
9039,1.921928
9040,1.921928
9041,2.321928
9042,2.321928
9043,1.921928
9044,1.921928
9045,1.921928
9046,2.321928
9047,1.921928
9048,2.321928
9049,1.921928
9050,2.321928
9051,2.321928
9052,1.921928
9053,1.521928
9054,1.921928
9055,1.521928
9056,1.921928
9057,2.321928
9058,1.921928
9059,1.921928
9060,1.921928
9061,1.521928
9062,1.921928
9063,1.921928
9064,1.921928
9065,2.321928
9066,2.321928
9067,2.321928
9068,1.921928
9069,1.921928
9070,1.921928
9071,1.921928
9072,1.921928
9073,1.921928
9074,1.921928
9075,1.921928
9076,1.921928
9077,1.921928
9078,1.921928
9079,1.921928
9080,1.921928
9081,2.321928
9082,1.921928
9083,1.921928
9084,1.921928
9085,1.521928
9086,1.921928
9087,1.921928
9088,1.521928
9089,1.370951
9090,0.721928
9091,0.721928
9092,1.370951
9093,1.921928
9094,1.921928
9095,1.921928
9096,1.921928
9097,1.521928
9098,1.521928
9099,1.921928
9100,1.370951
9101,1.370951
9102,1.921928
9103,1.921928
9104,1.370951
9105,1.370951
9106,0.970951
9107,1.521928
9108,1.521928
9109,1.521928
9110,1.921928
9111,1.370951
9112,1.921928
9113,2.321928
9114,1.921928
9115,1.921928
9116,1.921928
9117,2.321928
9118,1.921928
9119,1.370951
9120,1.921928
9121,1.370951
9122,1.370951
9123,1.521928
9124,1.921928
9125,1.921928
9126,1.921928
9127,1.921928
9128,1.921928
9129,1.921928
9130,1.921928
9131,2.321928
9132,1.921928
9133,1.921928
9134,2.321928
9135,2.321928
9136,1.921928
9137,1.921928
9138,1.921928
9139,1.521928
9140,1.921928
9141,1.921928
9142,1.921928
9143,1.921928
9144,1.921928
9145,1.921928
9146,1.370951
9147,1.370951
9148,1.370951
9149,1.921928
9150,2.321928
9151,1.921928
9152,1.921928
9153,2.321928
9154,2.321928
9155,1.921928
9156,1.921928
9157,1.921928
9158,1.921928
9159,2.321928
9160,1.921928
9161,1.521928
9162,1.370951
9163,0.970951
9164,1.521928
9165,1.921928
9166,2.321928
9167,2.321928
9168,2.321928
9169,2.321928
9170,2.321928
9171,2.321928
9172,2.321928
9173,1.921928
9174,1.921928
9175,1.521928
9176,1.921928
9177,2.321928
9178,2.321928
9179,2.321928
9180,1.921928
9181,2.321928
9182,1.921928
9183,1.921928
9184,1.521928
9185,1.921928
9186,1.921928
9187,1.921928
9188,2.321928
9189,2.321928
9190,2.321928
9191,2.321928
9192,1.921928
9193,1.521928
9194,1.921928
9195,2.321928
9196,2.321928
9197,1.921928
9198,1.921928
9199,1.921928
9200,2.321928
9201,2.321928
9202,1.921928
9203,1.521928
9204,1.921928
9205,1.921928
9206,2.321928
9207,2.321928
9208,2.321928
9209,2.321928
9210,1.921928
9211,1.921928
9212,2.321928
9213,2.321928
9214,1.921928
9215,1.921928
9216,1.921928
9217,1.921928
9218,1.370951
9219,1.370951
9220,1.921928
9221,1.921928
9222,1.921928
9223,1.921928
9224,1.921928
9225,1.921928
9226,1.921928
9227,2.321928
9228,1.921928
9229,1.521928
9230,1.370951
9231,1.370951
9232,1.921928
9233,1.921928
9234,1.921928
9235,1.921928
9236,1.921928
9237,1.921928
9238,2.321928
9239,2.321928
9240,2.321928
9241,1.921928
9242,1.921928
9243,1.921928
9244,1.921928
9245,1.521928
9246,1.921928
9247,2.321928
9248,2.321928
9249,2.321928
9250,2.321928
9251,2.321928
9252,2.321928
9253,2.321928
9254,2.321928
9255,2.321928
9256,2.321928
9257,2.321928
9258,2.321928
9259,1.921928
9260,1.521928
9261,1.921928
9262,1.370951
9263,1.921928
9264,1.521928
9265,1.921928
9266,2.321928
9267,1.921928
9268,1.921928
9269,1.521928
9270,1.521928
9271,1.921928
9272,1.521928
9273,1.521928
9274,1.521928
9275,1.370951
9276,1.921928
9277,2.321928
9278,2.321928
9279,1.921928
9280,1.521928
9281,1.921928
9282,1.921928
9283,2.321928
9284,2.321928
9285,1.921928
9286,1.921928
9287,1.370951
9288,1.370951
9289,1.921928
9290,2.321928
9291,1.921928
9292,1.921928
9293,1.521928
9294,1.521928
9295,1.521928
9296,1.370951
9297,1.921928
9298,1.921928
9299,2.321928
9300,2.321928
9301,1.921928
9302,1.921928
9303,1.921928
9304,1.521928
9305,1.521928
9306,0.970951
9307,0.970951
9308,1.521928
9309,1.521928
9310,1.921928
9311,1.921928
9312,1.521928
9313,1.521928
9314,1.921928
9315,1.921928
9316,1.921928
9317,2.321928
9318,1.921928
9319,1.921928
9320,1.921928
9321,2.321928
9322,1.921928
9323,1.921928
9324,1.521928
9325,1.921928
9326,1.921928
9327,1.921928
9328,2.321928
9329,1.921928
9330,1.370951
9331,1.370951
9332,1.921928
9333,1.921928
9334,1.921928
9335,1.521928
9336,1.921928
9337,1.921928
9338,2.321928
9339,2.321928
9340,1.921928
9341,1.921928
9342,1.921928
9343,1.521928
9344,1.921928
9345,1.921928
9346,1.521928
9347,1.921928
9348,1.921928
9349,1.921928
9350,2.321928
9351,2.321928
9352,1.921928
9353,1.921928
9354,1.921928
9355,1.921928
9356,2.321928
9357,1.921928
9358,2.321928
9359,2.321928
9360,2.321928
9361,2.321928
9362,2.321928
9363,1.921928
9364,1.921928
9365,1.370951
9366,1.921928
9367,1.921928
9368,2.321928
9369,2.321928
9370,2.321928
9371,2.321928
9372,1.921928
9373,1.521928
9374,1.921928
9375,2.321928
9376,2.321928
9377,2.321928
9378,2.321928
9379,1.921928
9380,1.921928
9381,1.921928
9382,1.521928
9383,1.921928
9384,1.921928
9385,1.921928
9386,2.321928
9387,1.921928
9388,1.921928
9389,2.321928
9390,2.321928
9391,1.921928
9392,1.370951
9393,1.370951
9394,1.921928
9395,1.921928
9396,2.321928
9397,1.921928
9398,1.921928
9399,2.321928
9400,1.921928
9401,1.921928
9402,1.921928
9403,1.921928
9404,1.921928
9405,1.921928
9406,1.921928
9407,2.321928
9408,2.321928
9409,2.321928
9410,1.921928
9411,2.321928
9412,1.921928
9413,1.521928
9414,0.970951
9415,1.370951
9416,1.521928
9417,1.921928
9418,1.921928
9419,2.321928
9420,2.321928
9421,2.321928
9422,1.921928
9423,1.921928
9424,2.321928
9425,1.921928
9426,1.921928
9427,1.921928
9428,1.921928
9429,1.370951
9430,0.721928
9431,0.721928
9432,1.370951
9433,1.370951
9434,1.921928
9435,1.921928
9436,1.921928
9437,1.521928
9438,1.521928
9439,1.521928
9440,1.521928
9441,1.921928
9442,1.921928
9443,2.321928
9444,2.321928
9445,1.921928
9446,1.921928
9447,1.921928
9448,1.921928
9449,1.921928
9450,1.921928
9451,2.321928
9452,1.921928
9453,1.921928
9454,2.321928
9455,2.321928
9456,1.921928
9457,2.321928
9458,2.321928
9459,1.921928
9460,1.521928
9461,1.370951
9462,1.370951
9463,1.921928
9464,1.921928
9465,2.321928
9466,1.921928
9467,1.521928
9468,1.921928
9469,2.321928
9470,1.921928
9471,1.521928
9472,1.921928
9473,2.321928
9474,1.921928
9475,1.921928
9476,1.370951
9477,0.721928
9478,1.370951
9479,1.521928
9480,1.370951
9481,1.921928
9482,1.921928
9483,1.521928
9484,1.921928
9485,1.370951
9486,1.921928
9487,2.321928
9488,2.321928
9489,2.321928
9490,2.321928
9491,2.321928
9492,1.921928
9493,2.321928
9494,2.321928
9495,1.921928
9496,1.370951
9497,1.921928
9498,1.921928
9499,1.921928
9500,2.321928
9501,2.321928
9502,2.321928
9503,2.321928
9504,2.321928
9505,2.321928
9506,1.921928
9507,2.321928
9508,1.921928
9509,2.321928
9510,2.321928
9511,2.321928
9512,1.921928
9513,2.321928
9514,1.921928
9515,1.921928
9516,1.921928
9517,2.321928
9518,2.321928
9519,1.921928
9520,1.921928
9521,1.921928
9522,1.921928
9523,1.921928
9524,1.921928
9525,2.321928
9526,2.321928
9527,2.321928
9528,1.921928
9529,1.921928
9530,2.321928
9531,1.921928
9532,1.921928
9533,1.921928
9534,2.321928
9535,1.921928
9536,1.921928
9537,1.921928
9538,1.921928
9539,1.921928
9540,1.921928
9541,1.921928
9542,1.921928
9543,1.921928
9544,1.921928
9545,1.521928
9546,0.970951
9547,1.521928
9548,1.921928
9549,2.321928
9550,1.921928
9551,1.921928
9552,1.370951
9553,1.370951
9554,1.921928
9555,1.921928
9556,1.521928
9557,0.970951
9558,0.721928
9559,0.721928
9560,0.721928
9561,0.721928
9562,1.370951
9563,1.921928
9564,2.321928
9565,1.921928
9566,1.921928
9567,1.921928
9568,1.521928
9569,1.921928
9570,1.921928
9571,1.921928
9572,1.921928
9573,1.921928
9574,1.921928
9575,2.321928
9576,2.321928
9577,2.321928
9578,2.321928
9579,2.321928
9580,1.921928
9581,1.921928
9582,1.921928
9583,2.321928
9584,2.321928
9585,1.921928
9586,1.921928
9587,1.921928
9588,1.921928
9589,1.921928
9590,1.921928
9591,1.921928
9592,2.321928
9593,2.321928
9594,1.921928
9595,1.921928
9596,2.321928
9597,1.921928
9598,1.921928
9599,2.321928
9600,2.321928
9601,2.321928
9602,2.321928
9603,1.921928
9604,1.521928
9605,1.370951
9606,1.370951
9607,1.921928
9608,2.321928
9609,2.321928
9610,2.321928
9611,1.921928
9612,1.521928
9613,1.521928
9614,1.921928
9615,1.921928
9616,1.921928
9617,2.321928
9618,2.321928
9619,1.921928
9620,1.521928
9621,1.521928
9622,1.921928
9623,1.921928
9624,1.921928
9625,1.921928
9626,1.921928
9627,1.921928
9628,1.370951
9629,1.370951
9630,1.521928
9631,1.921928
9632,2.321928
9633,2.321928
9634,1.921928
9635,1.521928
9636,1.370951
9637,1.921928
9638,1.921928
9639,1.921928
9640,1.921928
9641,1.921928
9642,2.321928
9643,1.921928
9644,1.370951
9645,0.970951
9646,1.370951
9647,1.921928
9648,2.321928
9649,2.321928
9650,2.321928
9651,2.321928
9652,1.921928
9653,1.521928
9654,1.921928
9655,1.921928
9656,2.321928
9657,2.321928
9658,2.321928
9659,2.321928
9660,2.321928
9661,2.321928
9662,2.321928
9663,2.321928
9664,2.321928
9665,2.321928
9666,2.321928
9667,2.321928
9668,2.321928
9669,1.921928
9670,1.521928
9671,1.921928
9672,2.321928
9673,2.321928
9674,2.321928
9675,2.321928
9676,2.321928
9677,1.921928
9678,2.321928
9679,1.921928
9680,1.921928
9681,1.921928
9682,1.921928
9683,2.321928
9684,2.321928
9685,2.321928
9686,1.921928
9687,1.921928
9688,1.921928
9689,1.921928
9690,1.921928
9691,1.521928
9692,0.970951
9693,0.970951
9694,0.970951
9695,1.521928
9696,1.921928
9697,1.521928
9698,1.921928
9699,1.521928
9700,1.521928
9701,1.921928
9702,1.521928
9703,1.921928
9704,1.921928
9705,2.321928
9706,1.921928
9707,2.321928
9708,2.321928
9709,2.321928
9710,1.921928
9711,1.921928
9712,1.921928
9713,2.321928
9714,2.321928
9715,1.921928
9716,1.921928
9717,1.921928
9718,1.921928
9719,1.521928
9720,1.921928
9721,2.321928
9722,1.921928
9723,1.921928
9724,1.521928
9725,1.921928
9726,1.921928
9727,2.321928
9728,2.321928
9729,2.321928
9730,1.921928
9731,1.921928
9732,1.921928
9733,1.921928
9734,2.321928
9735,2.321928
9736,1.921928
9737,1.921928
9738,1.921928
9739,1.921928
9740,1.921928
9741,1.921928
9742,2.321928
9743,2.321928
9744,2.321928
9745,2.321928
9746,2.321928
9747,2.321928
9748,1.921928
9749,1.921928
9750,1.921928
9751,1.921928
9752,2.321928
9753,2.321928
9754,2.321928
9755,2.321928
9756,1.921928
9757,2.321928
9758,1.921928
9759,1.521928
9760,1.521928
9761,1.921928
9762,2.321928
9763,2.321928
9764,2.321928
9765,2.321928
9766,2.321928
9767,2.321928
9768,2.321928
9769,1.921928
9770,1.370951
9771,1.370951
9772,1.370951
9773,1.370951
9774,1.921928
9775,2.321928
9776,2.321928
9777,1.921928
9778,1.921928
9779,1.921928
9780,2.321928
9781,1.921928
9782,2.321928
9783,2.321928
9784,2.321928
9785,2.321928
9786,1.921928
9787,1.921928
9788,1.521928
9789,1.521928
9790,1.921928
9791,1.921928
9792,1.921928
9793,2.321928
9794,2.321928
9795,2.321928
9796,2.321928
9797,2.321928
9798,1.921928
9799,1.921928
9800,1.921928
9801,1.370951
9802,0.721928
9803,1.370951
9804,1.521928
9805,1.521928
9806,1.921928
9807,1.921928
9808,1.921928
9809,1.521928
9810,1.921928
9811,2.321928
9812,2.321928
9813,2.321928
9814,2.321928
9815,1.921928
9816,1.521928
9817,1.921928
9818,2.321928
9819,2.321928
9820,2.321928
9821,2.321928
9822,2.321928
9823,2.321928
9824,2.321928
9825,1.921928
9826,1.921928
9827,1.921928
9828,2.321928
9829,1.921928
9830,1.921928
9831,1.921928
9832,1.521928
9833,1.921928
9834,1.921928
9835,1.921928
9836,1.921928
9837,2.321928
9838,2.321928
9839,2.321928
9840,2.321928
9841,1.921928
9842,1.921928
9843,1.921928
9844,1.921928
9845,1.921928
9846,1.921928
9847,1.921928
9848,1.921928
9849,1.921928
9850,1.921928
9851,2.321928
9852,2.321928
9853,1.921928
9854,2.321928
9855,1.921928
9856,1.521928
9857,0.970951
9858,1.521928
9859,1.921928
9860,1.921928
9861,1.921928
9862,1.921928
9863,1.921928
9864,2.321928
9865,2.321928
9866,1.921928
9867,1.921928
9868,1.921928
9869,2.321928
9870,1.921928
9871,1.921928
9872,1.521928
9873,1.521928
9874,1.921928
9875,2.321928
9876,2.321928
9877,2.321928
9878,1.921928
9879,1.370951
9880,1.370951
9881,1.370951
9882,1.921928
9883,2.321928
9884,1.921928
9885,1.921928
9886,1.921928
9887,1.921928
9888,1.521928
9889,1.921928
9890,1.921928
9891,1.921928
9892,1.921928
9893,1.521928
9894,0.970951
9895,1.370951
9896,1.521928
9897,1.921928
9898,2.321928
9899,1.921928
9900,1.521928
9901,0.970951
9902,1.370951
9903,1.370951
9904,1.370951
9905,1.921928
9906,1.921928
9907,1.370951
9908,1.370951
9909,1.370951
9910,1.921928
9911,1.921928
9912,1.921928
9913,1.921928
9914,2.321928
9915,1.921928
9916,1.921928
9917,1.921928
9918,1.521928
9919,1.521928
9920,1.921928
9921,1.521928
9922,1.921928
9923,1.370951
9924,1.370951
9925,1.521928
9926,1.921928
9927,1.921928
9928,1.370951
9929,1.370951
9930,0.970951
9931,1.521928
9932,1.921928
9933,1.921928
9934,2.321928
9935,2.321928
9936,1.921928
9937,1.370951
9938,1.370951
9939,1.370951
9940,1.370951
9941,1.921928
9942,2.321928
9943,2.321928
9944,2.321928
9945,2.321928
9946,2.321928
9947,1.921928
9948,1.921928
9949,1.921928
9950,1.921928
9951,1.370951
9952,1.370951
9953,1.370951
9954,1.370951
9955,1.521928
9956,1.921928
9957,1.921928
9958,1.921928
9959,1.921928
9960,1.921928
9961,1.921928
9962,1.921928
9963,2.321928
9964,2.321928
9965,2.321928
9966,1.921928
9967,1.921928
9968,1.921928
9969,1.921928
9970,2.321928
9971,2.321928
9972,2.321928
9973,2.321928
9974,2.321928
9975,2.321928
9976,1.921928
9977,1.921928
9978,1.921928
9979,1.370951
9980,1.921928
9981,1.921928
9982,1.921928
9983,1.921928
9984,1.370951
9985,1.370951
9986,1.921928
9987,2.321928
9988,2.321928
9989,1.921928
9990,1.921928
9991,1.921928
9992,1.921928
9993,2.321928
9994,2.321928
9995,1.921928
9996,2.321928
