window_start_place,entropy_bits
1,2.503258
2,2.503258
3,2.503258
4,2.197160
5,2.197160
6,2.197160
7,2.503258
8,2.419382
9,2.197160
10,2.503258
11,2.503258
12,2.419382
13,2.419382
14,2.641604
15,2.641604
16,2.419382
17,2.419382
18,2.419382
19,2.419382
20,2.419382
21,2.641604
22,2.419382
23,2.503258
24,2.503258
25,2.725481
26,2.725481
27,2.503258
28,2.419382
29,2.281036
30,2.281036
31,2.281036
32,2.281036
33,2.281036
34,2.641604
35,2.641604
36,2.419382
37,2.419382
38,2.419382
39,2.058814
40,1.836592
41,2.058814
42,2.058814
43,2.197160
44,2.197160
45,2.503258
46,2.419382
47,2.419382
48,2.641604
49,2.725481
50,2.947703
51,2.725481
52,2.947703
53,2.725481
54,2.725481
55,2.725481
56,2.641604
57,2.641604
58,2.641604
59,2.419382
60,2.503258
61,2.503258
62,2.197160
63,1.974938
64,2.197160
65,2.419382
66,2.503258
67,2.503258
68,2.503258
69,2.503258
70,2.503258
71,2.503258
72,2.503258
73,2.197160
74,2.419382
75,2.419382
76,2.641604
77,2.947703
78,2.725481
79,2.725481
80,2.725481
81,2.947703
82,2.725481
83,2.725481
84,2.947703
85,2.725481
86,2.725481
87,2.419382
88,2.419382
89,2.503258
90,2.503258
91,2.725481
92,2.503258
93,2.503258
94,2.419382
95,2.058814
96,1.657743
97,1.657743
98,1.879965
99,1.879965
100,2.058814
101,2.058814
102,1.752715
103,2.113283
104,2.058814
105,2.058814
106,2.197160
107,1.891061
108,1.891061
109,1.891061
110,2.197160
111,2.197160
112,2.197160
113,2.503258
114,2.725481
115,2.725481
116,2.725481
117,2.503258
118,2.503258
119,2.503258
120,2.503258
121,2.503258
122,2.197160
123,2.503258
124,2.419382
125,2.419382
126,2.058814
127,2.058814
128,2.058814
129,2.419382
130,2.503258
131,2.725481
132,2.725481
133,2.725481
134,2.725481
135,2.419382
136,2.419382
137,2.058814
138,2.058814
139,2.419382
140,2.113283
141,2.058814
142,2.419382
143,2.419382
144,2.419382
145,2.197160
146,2.281036
147,2.197160
148,2.197160
149,2.197160
150,2.419382
151,2.503258
152,2.503258
153,2.281036
154,2.197160
155,2.419382
156,2.419382
157,2.419382
158,2.419382
159,2.503258
160,2.503258
161,2.197160
162,2.419382
163,2.113283
164,2.113283
165,2.419382
166,2.419382
167,2.503258
168,2.197160
169,2.503258
170,2.419382
171,2.419382
172,2.641604
173,2.641604
174,2.725481
175,2.419382
176,2.725481
177,2.947703
178,2.725481
179,2.725481
180,2.419382
181,2.058814
182,1.752715
183,1.752715
184,1.752715
185,2.058814
186,2.197160
187,2.197160
188,2.419382
189,2.641604
190,2.419382
191,2.197160
192,1.974938
193,1.891061
194,2.197160
195,2.058814
196,2.058814
197,2.419382
198,2.281036
199,2.281036
200,2.641604
201,2.419382
202,2.503258
203,2.503258
204,2.725481
205,2.725481
206,2.947703
207,2.725481
208,2.725481
209,2.503258
210,2.281036
211,2.503258
212,2.503258
213,2.503258
214,2.281036
215,2.197160
216,2.503258
217,2.281036
218,2.503258
219,2.503258
220,2.503258
221,2.197160
222,2.419382
223,2.419382
224,2.419382
225,2.503258
226,2.503258
227,2.503258
228,2.725481
229,2.725481
230,2.725481
231,2.725481
232,2.725481
233,2.725481
234,2.947703
235,2.947703
236,2.947703
237,2.725481
238,2.725481
239,2.725481
240,2.419382
241,2.113283
242,2.197160
243,2.197160
244,2.419382
245,2.725481
246,2.725481
247,2.725481
248,2.725481
249,2.725481
250,2.725481
251,2.503258
252,2.725481
253,2.947703
254,2.641604
255,2.725481
256,2.947703
257,2.947703
258,2.725481
259,2.419382
260,2.197160
261,2.197160
262,2.197160
263,2.281036
264,2.503258
265,2.419382
266,2.641604
267,2.419382
268,2.419382
269,2.419382
270,2.503258
271,2.503258
272,2.725481
273,2.419382
274,2.197160
275,2.419382
276,2.058814
277,2.197160
278,2.197160
279,2.197160
280,2.503258
281,2.725481
282,2.725481
283,2.503258
284,2.197160
285,2.503258
286,2.503258
287,2.503258
288,2.281036
289,2.281036
290,2.197160
291,2.197160
292,2.419382
293,2.503258
294,2.725481
295,2.419382
296,2.113283
297,1.752715
298,2.113283
299,2.113283
300,2.113283
301,1.891061
302,1.974938
303,2.197160
304,2.197160
305,2.197160
306,2.197160
307,2.197160
308,2.503258
309,2.725481
310,2.947703
311,2.947703
312,2.725481
313,2.725481
314,2.503258
315,2.725481
316,2.503258
317,2.503258
318,2.503258
319,2.503258
320,2.503258
321,2.725481
322,2.503258
323,2.725481
324,2.725481
325,2.725481
326,2.419382
327,2.503258
328,2.503258
329,2.281036
330,2.197160
331,2.419382
332,2.641604
333,2.419382
334,2.419382
335,2.419382
336,2.419382
337,2.419382
338,2.419382
339,2.419382
340,2.641604
341,2.419382
342,2.725481
343,2.725481
344,2.641604
345,2.419382
346,2.419382
347,2.419382
348,2.419382
349,2.725481
350,2.947703
351,2.725481
352,2.725481
353,2.503258
354,2.419382
355,2.725481
356,2.947703
357,2.947703
358,2.947703
359,2.725481
360,2.503258
361,2.419382
362,2.503258
363,2.503258
364,2.503258
365,2.281036
366,2.197160
367,2.281036
368,2.503258
369,2.725481
370,2.725481
371,2.947703
372,2.947703
373,2.947703
374,2.725481
375,2.503258
376,2.503258
377,2.725481
378,2.419382
379,2.419382
380,2.419382
381,2.503258
382,2.503258
383,2.197160
384,2.197160
385,2.503258
386,2.725481
387,2.725481
388,2.725481
389,2.503258
390,2.419382
391,2.419382
392,2.058814
393,2.058814
394,1.836592
395,2.058814
396,2.419382
397,2.725481
398,2.725481
399,2.947703
400,2.725481
401,2.419382
402,2.419382
403,2.419382
404,2.419382
405,2.419382
406,2.419382
407,2.419382
408,2.419382
409,2.419382
410,2.641604
411,2.641604
412,2.419382
413,2.058814
414,2.419382
415,2.197160
416,2.281036
417,2.503258
418,2.725481
419,2.725481
420,2.641604
421,2.419382
422,2.419382
423,2.725481
424,2.503258
425,2.419382
426,2.725481
427,2.725481
428,2.725481
429,2.725481
430,2.947703
431,2.947703
432,2.641604
433,2.641604
434,2.419382
435,2.197160
436,2.197160
437,2.197160
438,2.197160
439,2.419382
440,2.725481
441,2.725481
442,2.725481
443,2.725481
444,2.725481
445,2.725481
446,2.725481
447,2.503258
448,2.281036
449,2.503258
450,2.419382
451,2.419382
452,2.725481
453,2.947703
454,2.725481
455,2.725481
456,2.725481
457,2.947703
458,2.947703
459,2.947703
460,2.947703
461,2.725481
462,2.503258
463,2.503258
464,2.503258
465,2.503258
466,2.503258
467,2.281036
468,2.197160
469,2.197160
470,1.974938
471,2.197160
472,2.197160
473,2.058814
474,2.281036
475,2.281036
476,2.058814
477,2.058814
478,2.113283
479,2.197160
480,1.974938
481,1.891061
482,1.891061
483,2.113283
484,2.419382
485,2.641604
486,2.725481
487,2.503258
488,2.503258
489,2.419382
490,2.419382
491,2.641604
492,2.641604
493,2.641604
494,2.641604
495,2.725481
496,2.725481
497,2.503258
498,2.419382
499,2.197160
500,2.197160
501,1.974938
502,1.974938
503,1.974938
504,2.281036
505,2.503258
506,2.419382
507,2.197160
508,2.113283
509,2.113283
510,2.419382
511,2.113283
512,2.113283
513,1.891061
514,1.974938
515,1.974938
516,2.197160
517,1.836592
518,2.058814
519,2.419382
520,2.419382
521,2.419382
522,2.197160
523,2.503258
524,2.725481
525,2.641604
526,2.281036
527,2.281036
528,2.281036
529,2.419382
530,2.197160
531,2.503258
532,2.197160
533,2.197160
534,2.503258
535,2.503258
536,2.197160
537,2.419382
538,2.419382
539,2.725481
540,2.725481
541,2.947703
542,2.947703
543,2.725481
544,2.725481
545,2.419382
546,2.419382
547,2.725481
548,2.725481
549,2.503258
550,2.503258
551,2.503258
552,2.725481
553,2.503258
554,2.503258
555,2.503258
556,2.419382
557,2.419382
558,2.641604
559,2.641604
560,2.419382
561,2.725481
562,2.947703
563,2.725481
564,2.725481
565,2.725481
566,2.947703
567,2.725481
568,2.947703
569,2.947703
570,2.725481
571,2.725481
572,2.725481
573,2.725481
574,2.419382
575,2.058814
576,2.058814
577,2.419382
578,2.419382
579,2.419382
580,2.503258
581,2.419382
582,2.113283
583,2.058814
584,2.058814
585,1.879965
586,2.281036
587,2.641604
588,2.419382
589,2.281036
590,2.058814
591,2.419382
592,2.419382
593,2.113283
594,2.419382
595,2.725481
596,2.503258
597,2.503258
598,2.725481
599,2.725481
600,2.725481
601,2.503258
602,2.281036
603,2.281036
604,2.281036
605,2.503258
606,2.419382
607,2.725481
608,2.725481
609,2.725481
610,2.725481
611,2.503258
612,2.503258
613,2.197160
614,1.974938
615,1.891061
616,2.113283
617,2.419382
618,2.197160
619,2.197160
620,2.197160
621,2.197160
622,2.197160
623,2.503258
624,2.503258
625,2.503258
626,2.725481
627,2.947703
628,2.725481
629,2.725481
630,2.725481
631,2.641604
632,2.419382
633,2.503258
634,2.281036
635,2.281036
636,2.197160
637,2.419382
638,2.641604
639,2.725481
640,2.503258
641,2.503258
642,2.503258
643,2.725481
644,2.503258
645,2.197160
646,2.197160
647,2.197160
648,2.281036
649,2.503258
650,2.503258
651,2.725481
652,2.947703
653,2.725481
654,2.725481
655,2.725481
656,2.947703
657,2.641604
658,2.419382
659,2.197160
660,2.503258
661,2.503258
662,2.725481
663,2.641604
664,2.419382
665,2.419382
666,2.419382
667,2.281036
668,2.058814
669,2.058814
670,2.058814
671,2.419382
672,2.641604
673,2.725481
674,2.725481
675,2.947703
676,2.947703
677,2.725481
678,2.503258
679,2.281036
680,2.503258
681,2.197160
682,2.503258
683,2.503258
684,2.503258
685,2.197160
686,2.197160
687,2.197160
688,2.113283
689,2.113283
690,1.891061
691,2.197160
692,2.503258
693,2.503258
694,2.419382
695,2.725481
696,2.725481
697,2.725481
698,2.725481
699,2.725481
700,2.947703
701,2.725481
702,2.725481
703,2.419382
704,2.503258
705,2.281036
706,2.503258
707,2.725481
708,2.947703
709,2.725481
710,2.947703
711,2.725481
712,2.947703
713,2.947703
714,2.947703
715,2.947703
716,2.947703
717,2.725481
718,2.503258
719,2.281036
720,2.197160
721,2.197160
722,2.197160
723,1.891061
724,2.113283
725,2.058814
726,2.281036
727,2.641604
728,2.419382
729,2.197160
730,1.974938
731,2.281036
732,2.503258
733,2.503258
734,2.725481
735,2.725481
736,2.725481
737,2.725481
738,2.725481
739,2.503258
740,2.197160
741,2.113283
742,1.752715
743,2.113283
744,2.113283
745,2.113283
746,2.197160
747,2.281036
748,2.281036
749,2.503258
750,2.419382
751,2.197160
752,2.419382
753,2.419382
754,2.725481
755,2.947703
756,2.947703
757,2.947703
758,2.947703
759,2.947703
760,2.725481
761,2.725481
762,2.725481
763,2.503258
764,2.725481
765,2.725481
766,2.503258
767,2.419382
768,2.419382
769,2.197160
770,2.197160
771,2.197160
772,2.197160
773,2.281036
774,2.197160
775,2.197160
776,2.419382
777,2.725481
778,2.725481
779,2.725481
780,2.725481
781,2.503258
782,2.725481
783,2.725481
784,2.725481
785,2.947703
786,2.947703
787,2.725481
788,2.503258
789,2.503258
790,2.503258
791,2.503258
792,2.503258
793,2.419382
794,2.725481
795,2.725481
796,2.725481
797,2.725481
798,2.725481
799,2.725481
800,2.503258
801,2.725481
802,2.503258
803,2.725481
804,2.503258
805,2.197160
806,2.197160
807,1.974938
808,2.281036
809,2.503258
810,2.503258
811,2.503258
812,2.725481
813,2.947703
814,2.947703
815,2.947703
816,2.641604
817,2.725481
818,2.503258
819,2.503258
820,2.503258
821,2.281036
822,2.503258
823,2.503258
824,2.725481
825,2.725481
826,2.725481
827,2.725481
828,2.725481
829,2.503258
830,2.281036
831,2.281036
832,2.503258
833,2.503258
834,2.503258
835,2.725481
836,2.419382
837,2.419382
838,2.197160
839,2.197160
840,2.197160
841,2.197160
842,2.419382
843,2.725481
844,2.725481
845,2.725481
846,2.641604
847,2.641604
848,2.725481
849,2.725481
850,2.503258
851,2.725481
852,2.503258
853,2.503258
854,2.725481
855,2.419382
856,2.503258
857,2.503258
858,2.503258
859,2.725481
860,2.725481
861,2.725481
862,2.725481
863,2.725481
864,2.503258
865,2.725481
866,2.725481
867,2.725481
868,2.725481
869,2.725481
870,2.725481
871,2.725481
872,2.725481
873,2.725481
874,2.725481
875,2.947703
876,2.947703
877,2.725481
878,2.503258
879,2.725481
880,2.419382
881,2.725481
882,2.419382
883,2.419382
884,2.419382
885,2.725481
886,2.725481
887,2.419382
888,2.641604
889,2.725481
890,2.503258
891,2.419382
892,2.419382
893,2.419382
894,2.197160
895,2.281036
896,1.974938
897,1.974938
898,1.891061
899,1.836592
900,1.836592
901,2.058814
902,1.836592
903,2.058814
904,2.419382
905,2.419382
906,2.725481
907,2.947703
908,2.725481
909,2.503258
910,2.725481
911,2.419382
912,2.725481
913,2.419382
914,2.419382
915,2.419382
916,2.725481
917,2.947703
918,2.947703
919,2.947703
920,2.947703
921,3.169925
922,2.947703
923,2.947703
924,2.725481
925,2.725481
926,2.503258
927,2.503258
928,2.197160
929,1.891061
930,1.891061
931,1.891061
932,1.974938
933,2.197160
934,2.197160
935,2.419382
936,2.725481
937,2.503258
938,2.503258
939,2.503258
940,2.197160
941,2.197160
942,2.197160
943,2.197160
944,2.503258
945,2.503258
946,2.419382
947,2.725481
948,2.503258
949,2.725481
950,2.725481
951,2.503258
952,2.503258
953,2.503258
954,2.503258
955,2.725481
956,2.947703
957,2.725481
958,2.725481
959,2.725481
960,2.503258
961,2.419382
962,2.419382
963,2.419382
964,2.419382
965,2.419382
966,2.113283
967,2.113283
968,2.113283
969,2.419382
970,2.281036
971,2.419382
972,2.641604
973,2.725481
974,2.947703
975,2.725481
976,2.725481
977,2.725481
978,2.725481
979,2.503258
980,2.725481
981,2.503258
982,2.725481
983,2.419382
984,2.419382
985,2.419382
986,2.419382
987,2.725481
988,2.947703
989,2.641604
990,2.947703
991,2.947703
992,2.725481
993,2.641604
994,2.641604
995,2.947703
996,2.725481
997,2.503258
998,2.419382
999,2.419382
1000,2.419382
1001,2.419382
1002,2.419382
1003,2.419382
1004,2.419382
1005,2.725481
1006,2.947703
1007,2.947703
1008,2.947703
1009,2.725481
1010,2.947703
1011,2.725481
1012,2.503258
1013,2.419382
1014,2.503258
1015,2.197160
1016,2.503258
1017,2.725481
1018,2.725481
1019,2.725481
1020,2.419382
1021,2.503258
1022,2.503258
1023,2.503258
1024,2.503258
1025,2.419382
1026,2.641604
1027,2.419382
1028,2.419382
1029,2.641604
1030,2.725481
1031,2.725481
1032,2.725481
1033,2.725481
1034,2.725481
1035,2.725481
1036,2.725481
1037,2.725481
1038,2.503258
1039,2.281036
1040,2.197160
1041,1.974938
1042,2.281036
1043,2.503258
1044,2.503258
1045,2.419382
1046,2.641604
1047,2.725481
1048,2.503258
1049,2.725481
1050,2.503258
1051,2.419382
1052,2.197160
1053,2.197160
1054,2.419382
1055,2.725481
1056,2.419382
1057,2.419382
1058,2.725481
1059,2.725481
1060,2.725481
1061,2.725481
1062,2.419382
1063,2.197160
1064,2.419382
1065,2.725481
1066,2.725481
1067,2.725481
1068,2.725481
1069,2.725481
1070,2.725481
1071,2.725481
1072,2.725481
1073,2.641604
1074,2.641604
1075,2.641604
1076,2.641604
1077,2.947703
1078,2.725481
1079,2.947703
1080,2.641604
1081,2.641604
1082,2.641604
1083,2.947703
1084,2.725481
1085,2.503258
1086,2.503258
1087,2.419382
1088,2.641604
1089,2.419382
1090,2.725481
1091,2.503258
1092,2.725481
1093,2.725481
1094,2.725481
1095,2.725481
1096,2.725481
1097,2.503258
1098,2.503258
1099,2.197160
1100,2.419382
1101,2.725481
1102,2.725481
1103,2.503258
1104,2.725481
1105,2.947703
1106,2.947703
1107,2.725481
1108,2.725481
1109,2.641604
1110,2.419382
1111,2.419382
1112,2.725481
1113,2.725481
1114,2.725481
1115,2.947703
1116,2.641604
1117,2.419382
1118,2.419382
1119,2.197160
1120,2.197160
1121,2.197160
1122,2.503258
1123,2.725481
1124,2.947703
1125,2.725481
1126,2.641604
1127,2.725481
1128,2.725481
1129,2.725481
1130,2.503258
1131,2.725481
1132,2.419382
1133,2.419382
1134,2.725481
1135,2.725481
1136,2.725481
1137,2.419382
1138,2.641604
1139,2.725481
1140,2.419382
1141,2.419382
1142,2.419382
1143,2.113283
1144,2.419382
1145,2.503258
1146,2.725481
1147,2.503258
1148,2.503258
1149,2.419382
1150,2.419382
1151,2.419382
1152,2.113283
1153,2.419382
1154,2.641604
1155,2.725481
1156,2.725481
1157,2.725481
1158,2.503258
1159,2.503258
1160,2.419382
1161,2.419382
1162,2.419382
1163,2.641604
1164,2.641604
1165,2.725481
1166,2.947703
1167,2.725481
1168,2.725481
1169,2.725481
1170,2.947703
1171,2.947703
1172,2.725481
1173,2.725481
1174,2.503258
1175,2.725481
1176,2.725481
1177,2.725481
1178,2.503258
1179,2.197160
1180,2.197160
1181,2.197160
1182,2.503258
1183,2.419382
1184,2.641604
1185,2.641604
1186,2.641604
1187,2.725481
1188,2.419382
1189,2.419382
1190,2.197160
1191,2.058814
1192,2.197160
1193,1.891061
1194,1.891061
1195,1.891061
1196,2.197160
1197,2.113283
1198,2.419382
1199,2.419382
1200,2.197160
1201,2.197160
1202,2.419382
1203,2.419382
1204,2.113283
1205,2.419382
1206,2.419382
1207,2.725481
1208,2.641604
1209,2.947703
1210,2.725481
1211,2.503258
1212,2.419382
1213,2.503258
1214,2.281036
1215,2.281036
1216,2.503258
1217,2.725481
1218,2.641604
1219,2.947703
1220,2.725481
1221,2.503258
1222,2.419382
1223,2.058814
1224,2.058814
1225,2.058814
1226,2.058814
1227,2.058814
1228,2.058814
1229,2.058814
1230,2.419382
1231,2.419382
1232,2.503258
1233,2.197160
1234,1.891061
1235,2.113283
1236,2.058814
1237,1.752715
1238,1.836592
1239,1.974938
1240,1.891061
1241,2.197160
1242,2.419382
1243,2.419382
1244,2.503258
1245,2.503258
1246,2.419382
1247,2.641604
1248,2.419382
1249,2.419382
1250,2.725481
1251,2.503258
1252,2.419382
1253,2.419382
1254,2.503258
1255,2.503258
1256,2.503258
1257,2.503258
1258,2.725481
1259,2.947703
1260,2.947703
1261,2.947703
1262,3.169925
1263,2.947703
1264,2.725481
1265,2.641604
1266,2.641604
1267,2.641604
1268,2.281036
1269,2.281036
1270,2.419382
1271,2.641604
1272,2.725481
1273,2.725481
1274,2.725481
1275,2.725481
1276,2.725481
1277,2.725481
1278,2.419382
1279,2.419382
1280,2.419382
1281,2.503258
1282,2.503258
1283,2.419382
1284,2.419382
1285,2.419382
1286,2.419382
1287,2.419382
1288,2.419382
1289,2.725481
1290,2.725481
1291,2.725481
1292,2.725481
1293,2.725481
1294,2.503258
1295,2.503258
1296,2.419382
1297,2.503258
1298,2.503258
1299,2.503258
1300,2.419382
1301,2.113283
1302,2.113283
1303,2.197160
1304,2.197160
1305,2.419382
1306,2.419382
1307,2.419382
1308,2.058814
1309,2.058814
1310,1.657743
1311,1.435521
1312,1.657743
1313,1.657743
1314,2.058814
1315,2.419382
1316,2.503258
1317,2.503258
1318,2.503258
1319,2.503258
1320,2.503258
1321,2.725481
1322,2.947703
1323,2.725481
1324,2.947703
1325,2.725481
1326,2.725481
1327,2.503258
1328,2.725481
1329,2.725481
1330,2.419382
1331,2.419382
1332,2.113283
1333,2.197160
1334,2.058814
1335,2.058814
1336,2.058814
1337,2.281036
1338,2.641604
1339,2.419382
1340,2.503258
1341,2.503258
1342,2.281036
1343,2.281036
1344,2.281036
1345,2.197160
1346,2.419382
1347,2.641604
1348,2.641604
1349,2.641604
1350,2.419382
1351,2.419382
1352,2.725481
1353,2.641604
1354,2.641604
1355,2.419382
1356,2.419382
1357,2.419382
1358,2.503258
1359,2.503258
1360,2.503258
1361,2.197160
1362,2.419382
1363,2.503258
1364,2.725481
1365,2.725481
1366,2.419382
1367,2.419382
1368,2.058814
1369,2.058814
1370,2.058814
1371,2.419382
1372,2.419382
1373,2.419382
1374,2.113283
1375,2.419382
1376,2.197160
1377,2.419382
1378,2.503258
1379,2.503258
1380,2.503258
1381,2.503258
1382,2.503258
1383,2.197160
1384,2.197160
1385,2.197160
1386,2.197160
1387,2.197160
1388,2.197160
1389,2.197160
1390,2.419382
1391,2.641604
1392,2.419382
1393,2.197160
1394,2.197160
1395,2.058814
1396,2.058814
1397,1.836592
1398,1.836592
1399,1.891061
1400,1.752715
1401,1.752715
1402,2.113283
1403,2.419382
1404,2.419382
1405,2.725481
1406,2.725481
1407,2.503258
1408,2.281036
1409,2.197160
1410,2.197160
1411,2.197160
1412,2.197160
1413,1.891061
1414,1.530493
1415,1.351644
1416,1.752715
1417,1.836592
1418,2.058814
1419,2.419382
1420,2.725481
1421,2.725481
1422,2.503258
1423,2.419382
1424,2.419382
1425,2.197160
1426,2.197160
1427,2.197160
1428,2.113283
1429,2.419382
1430,2.419382
1431,2.058814
1432,2.058814
1433,2.058814
1434,2.419382
1435,2.419382
1436,2.197160
1437,2.503258
1438,2.197160
1439,2.419382
1440,2.419382
1441,2.419382
1442,2.419382
1443,2.419382
1444,2.503258
1445,2.725481
1446,2.503258
1447,2.725481
1448,2.725481
1449,2.725481
1450,2.503258
1451,2.503258
1452,2.503258
1453,2.725481
1454,2.725481
1455,2.419382
1456,2.419382
1457,2.641604
1458,2.947703
1459,2.947703
1460,2.725481
1461,2.725481
1462,2.641604
1463,2.725481
1464,2.725481
1465,2.725481
1466,2.503258
1467,2.419382
1468,2.419382
1469,2.419382
1470,2.503258
1471,2.503258
1472,2.503258
1473,2.503258
1474,2.503258
1475,2.419382
1476,2.419382
1477,2.197160
1478,2.503258
1479,2.503258
1480,2.725481
1481,2.725481
1482,2.419382
1483,2.419382
1484,2.419382
1485,2.058814
1486,2.281036
1487,2.281036
1488,2.641604
1489,2.419382
1490,2.419382
1491,2.419382
1492,2.503258
1493,2.503258
1494,2.281036
1495,2.281036
1496,2.281036
1497,2.503258
1498,2.503258
1499,2.725481
1500,2.725481
1501,2.503258
1502,2.503258
1503,2.725481
1504,2.725481
1505,2.725481
1506,2.725481
1507,2.725481
1508,2.947703
1509,2.947703
1510,3.169925
1511,2.947703
1512,2.947703
1513,2.947703
1514,2.947703
1515,2.641604
1516,2.725481
1517,2.725481
1518,2.419382
1519,2.419382
1520,2.503258
1521,2.419382
1522,2.058814
1523,2.113283
1524,1.752715
1525,2.113283
1526,2.113283
1527,2.419382
1528,2.419382
1529,2.503258
1530,2.419382
1531,2.419382
1532,2.503258
1533,2.503258
1534,2.725481
1535,2.947703
1536,2.725481
1537,2.419382
1538,2.419382
1539,2.725481
1540,2.725481
1541,2.725481
1542,2.725481
1543,2.503258
1544,2.419382
1545,2.503258
1546,2.419382
1547,2.503258
1548,2.725481
1549,2.419382
1550,2.058814
1551,2.419382
1552,2.419382
1553,2.419382
1554,2.419382
1555,2.419382
1556,2.197160
1557,2.197160
1558,2.503258
1559,2.503258
1560,2.281036
1561,2.197160
1562,2.197160
1563,2.197160
1564,2.419382
1565,2.197160
1566,2.197160
1567,2.197160
1568,1.836592
1569,2.058814
1570,2.058814
1571,2.058814
1572,2.419382
1573,2.419382
1574,2.419382
1575,2.503258
1576,2.197160
1577,2.197160
1578,2.197160
1579,2.503258
1580,2.503258
1581,2.503258
1582,2.197160
1583,2.197160
1584,2.197160
1585,2.058814
1586,2.058814
1587,2.058814
1588,2.419382
1589,2.281036
1590,2.281036
1591,2.641604
1592,2.641604
1593,2.641604
1594,2.947703
1595,2.725481
1596,2.503258
1597,2.503258
1598,2.503258
1599,2.503258
1600,2.503258
1601,2.281036
1602,2.503258
1603,2.503258
1604,2.197160
1605,2.197160
1606,2.058814
1607,1.836592
1608,2.058814
1609,2.113283
1610,2.113283
1611,2.419382
1612,2.725481
1613,2.725481
1614,2.725481
1615,2.725481
1616,2.725481
1617,2.419382
1618,2.419382
1619,2.419382
1620,2.197160
1621,1.891061
1622,2.113283
1623,1.891061
1624,2.113283
1625,2.197160
1626,2.419382
1627,2.725481
1628,2.419382
1629,2.503258
1630,2.725481
1631,2.503258
1632,2.503258
1633,2.503258
1634,2.725481
1635,2.641604
1636,2.641604
1637,2.641604
1638,2.641604
1639,2.947703
1640,2.947703
1641,2.947703
1642,2.725481
1643,2.641604
1644,2.641604
1645,2.419382
1646,2.113283
1647,2.113283
1648,2.197160
1649,2.503258
1650,2.419382
1651,2.419382
1652,2.419382
1653,2.419382
1654,2.503258
1655,2.503258
1656,2.503258
1657,2.503258
1658,2.725481
1659,2.503258
1660,2.281036
1661,2.503258
1662,2.503258
1663,2.503258
1664,2.725481
1665,2.725481
1666,2.725481
1667,2.947703
1668,2.725481
1669,2.725481
1670,2.725481
1671,2.725481
1672,2.725481
1673,2.641604
1674,2.641604
1675,2.641604
1676,2.641604
1677,2.641604
1678,2.641604
1679,2.419382
1680,2.419382
1681,2.058814
1682,2.058814
1683,2.197160
1684,2.197160
1685,2.058814
1686,1.836592
1687,1.836592
1688,1.836592
1689,2.058814
1690,2.197160
1691,2.197160
1692,2.197160
1693,2.197160
1694,2.503258
1695,2.503258
1696,2.503258
1697,2.503258
1698,2.503258
1699,2.725481
1700,2.725481
1701,2.503258
1702,2.725481
1703,2.947703
1704,2.947703
1705,2.725481
1706,2.725481
1707,2.725481
1708,2.503258
1709,2.503258
1710,2.197160
1711,1.891061
1712,1.974938
1713,1.891061
1714,2.197160
1715,2.503258
1716,2.725481
1717,2.947703
1718,2.947703
1719,2.947703
1720,2.725481
1721,2.725481
1722,2.947703
1723,2.641604
1724,2.419382
1725,2.419382
1726,2.641604
1727,2.419382
1728,2.503258
1729,2.503258
1730,2.725481
1731,2.725481
1732,2.503258
1733,2.503258
1734,2.197160
1735,2.197160
1736,2.197160
1737,2.197160
1738,2.197160
1739,2.197160
1740,2.419382
1741,2.281036
1742,2.641604
1743,2.419382
1744,2.197160
1745,2.113283
1746,2.419382
1747,2.113283
1748,2.419382
1749,2.725481
1750,2.947703
1751,2.725481
1752,2.947703
1753,2.725481
1754,2.503258
1755,2.725481
1756,2.725481
1757,2.725481
1758,2.503258
1759,2.725481
1760,2.725481
1761,2.419382
1762,2.419382
1763,2.419382
1764,2.419382
1765,2.419382
1766,2.113283
1767,2.419382
1768,2.503258
1769,2.503258
1770,2.725481
1771,2.725481
1772,2.725481
1773,2.419382
1774,2.503258
1775,2.419382
1776,2.197160
1777,1.836592
1778,2.197160
1779,2.058814
1780,2.058814
1781,2.058814
1782,2.281036
1783,2.419382
1784,2.503258
1785,2.503258
1786,2.725481
1787,2.725481
1788,2.419382
1789,2.419382
1790,2.419382
1791,2.419382
1792,2.058814
1793,2.113283
1794,2.419382
1795,2.419382
1796,2.419382
1797,2.419382
1798,2.503258
1799,2.503258
1800,2.503258
1801,2.725481
1802,2.725481
1803,2.503258
1804,2.725481
1805,2.725481
1806,2.503258
1807,2.419382
1808,2.281036
1809,2.058814
1810,1.752715
1811,2.113283
1812,2.419382
1813,2.197160
1814,2.503258
1815,2.197160
1816,2.419382
1817,2.419382
1818,2.641604
1819,2.419382
1820,2.725481
1821,2.725481
1822,2.725481
1823,2.503258
1824,2.281036
1825,2.503258
1826,2.419382
1827,2.641604
1828,2.419382
1829,2.197160
1830,2.503258
1831,2.503258
1832,2.503258
1833,2.503258
1834,2.419382
1835,2.419382
1836,2.503258
1837,2.503258
1838,2.725481
1839,2.725481
1840,2.503258
1841,2.419382
1842,2.419382
1843,2.725481
1844,2.503258
1845,2.725481
1846,2.641604
1847,2.419382
1848,2.197160
1849,2.503258
1850,2.725481
1851,2.503258
1852,2.197160
1853,2.503258
1854,2.419382
1855,2.113283
1856,2.419382
1857,2.058814
1858,2.419382
1859,2.197160
1860,2.503258
1861,2.503258
1862,2.725481
1863,2.503258
1864,2.503258
1865,2.197160
1866,2.058814
1867,1.879965
1868,1.657743
1869,1.351644
1870,1.224394
1871,1.657743
1872,1.836592
1873,1.752715
1874,1.752715
1875,1.836592
1876,2.058814
1877,2.419382
1878,2.725481
1879,2.503258
1880,2.503258
1881,2.503258
1882,2.419382
1883,2.419382
1884,2.419382
1885,2.503258
1886,2.503258
1887,2.197160
1888,2.419382
1889,2.419382
1890,2.419382
1891,2.419382
1892,2.503258
1893,2.725481
1894,2.419382
1895,2.419382
1896,2.725481
1897,2.419382
1898,2.419382
1899,2.058814
1900,2.058814
1901,2.113283
1902,1.752715
1903,1.752715
1904,2.058814
1905,2.058814
1906,2.419382
1907,2.419382
1908,2.725481
1909,2.725481
1910,2.725481
1911,2.947703
1912,2.725481
1913,2.503258
1914,2.503258
1915,2.725481
1916,2.503258
1917,2.503258
1918,2.503258
1919,2.503258
1920,2.503258
1921,2.281036
1922,1.974938
1923,1.836592
1924,2.058814
1925,2.058814
1926,2.113283
1927,1.891061
1928,2.197160
1929,2.197160
1930,2.419382
1931,2.419382
1932,2.419382
1933,2.503258
1934,2.503258
1935,2.503258
1936,2.503258
1937,2.281036
1938,2.503258
1939,2.725481
1940,2.725481
1941,2.503258
1942,2.503258
1943,2.725481
1944,2.725481
1945,2.725481
1946,2.947703
1947,2.641604
1948,2.281036
1949,2.419382
1950,2.419382
1951,2.197160
1952,2.058814
1953,2.419382
1954,2.641604
1955,2.641604
1956,2.725481
1957,2.641604
1958,2.947703
1959,2.641604
1960,2.419382
1961,2.113283
1962,1.891061
1963,1.584963
1964,1.584963
1965,1.891061
1966,2.113283
1967,2.113283
1968,2.113283
1969,2.113283
1970,2.419382
1971,2.419382
1972,2.503258
1973,2.725481
1974,2.947703
1975,2.947703
1976,2.947703
1977,2.725481
1978,2.947703
1979,2.725481
1980,2.725481
1981,2.503258
1982,2.197160
1983,2.197160
1984,2.197160
1985,2.197160
1986,2.419382
1987,2.725481
1988,2.725481
1989,2.503258
1990,2.503258
1991,2.419382
1992,2.503258
1993,2.725481
1994,2.503258
1995,2.503258
1996,2.419382
1997,2.197160
1998,2.419382
1999,2.641604
2000,2.419382
2001,2.419382
2002,2.725481
2003,2.725481
2004,2.725481
2005,2.725481
2006,2.725481
2007,2.947703
2008,2.947703
2009,2.725481
2010,2.725481
2011,2.947703
2012,2.947703
2013,2.725481
2014,2.503258
2015,2.725481
2016,2.503258
2017,2.725481
2018,2.725481
2019,2.947703
2020,2.947703
2021,2.947703
2022,2.725481
2023,2.725481
2024,2.725481
2025,2.725481
2026,2.725481
2027,2.419382
2028,2.419382
2029,2.419382
2030,2.113283
2031,2.113283
2032,1.752715
2033,1.657743
2034,1.752715
2035,2.113283
2036,2.419382
2037,2.503258
2038,2.503258
2039,2.419382
2040,2.503258
2041,2.725481
2042,2.503258
2043,2.281036
2044,2.281036
2045,2.197160
2046,2.419382
2047,2.725481
2048,2.503258
2049,2.503258
2050,2.419382
2051,2.113283
2052,1.891061
2053,2.113283
2054,2.419382
2055,2.503258
2056,2.197160
2057,2.503258
2058,2.419382
2059,2.503258
2060,2.197160
2061,2.503258
2062,2.503258
2063,2.419382
2064,2.281036
2065,2.419382
2066,2.058814
2067,2.419382
2068,2.419382
2069,2.197160
2070,2.419382
2071,2.419382
2072,2.725481
2073,2.725481
2074,2.503258
2075,2.197160
2076,1.836592
2077,1.657743
2078,1.879965
2079,2.281036
2080,2.281036
2081,2.058814
2082,1.657743
2083,1.657743
2084,2.058814
2085,2.197160
2086,2.503258
2087,2.503258
2088,2.725481
2089,2.947703
2090,2.725481
2091,2.419382
2092,2.419382
2093,2.725481
2094,2.725481
2095,2.503258
2096,2.503258
2097,2.281036
2098,2.197160
2099,1.891061
2100,2.197160
2101,2.197160
2102,2.503258
2103,2.725481
2104,2.725481
2105,2.947703
2106,2.947703
2107,2.641604
2108,2.947703
2109,2.947703
2110,2.725481
2111,2.725481
2112,2.947703
2113,2.725481
2114,2.503258
2115,2.725481
2116,2.725481
2117,2.725481
2118,2.419382
2119,2.419382
2120,2.058814
2121,2.058814
2122,2.113283
2123,2.113283
2124,2.113283
2125,2.113283
2126,2.197160
2127,2.419382
2128,2.503258
2129,2.503258
2130,2.503258
2131,2.419382
2132,2.641604
2133,2.419382
2134,2.197160
2135,2.197160
2136,2.197160
2137,2.281036
2138,2.281036
2139,2.281036
2140,2.503258
2141,2.419382
2142,2.503258
2143,2.503258
2144,2.503258
2145,2.503258
2146,2.419382
2147,2.503258
2148,2.281036
2149,2.197160
2150,2.058814
2151,1.836592
2152,2.197160
2153,2.419382
2154,2.725481
2155,2.947703
2156,2.725481
2157,2.503258
2158,2.503258
2159,2.725481
2160,2.725481
2161,2.503258
2162,2.503258
2163,2.503258
2164,2.503258
2165,2.725481
2166,2.725481
2167,2.947703
2168,2.947703
2169,2.725481
2170,2.503258
2171,2.197160
2172,2.419382
2173,2.725481
2174,2.725481
2175,2.725481
2176,2.725481
2177,2.725481
2178,2.725481
2179,2.725481
2180,2.419382
2181,2.725481
2182,2.503258
2183,2.725481
2184,2.947703
2185,2.725481
2186,2.503258
2187,2.197160
2188,2.197160
2189,2.197160
2190,2.197160
2191,2.197160
2192,2.197160
2193,2.503258
2194,2.503258
2195,2.503258
2196,2.503258
2197,2.503258
2198,2.503258
2199,2.503258
2200,2.725481
2201,2.503258
2202,2.419382
2203,2.113283
2204,1.752715
2205,1.891061
2206,1.891061
2207,1.891061
2208,2.113283
2209,2.419382
2210,2.725481
2211,2.641604
2212,2.641604
2213,2.419382
2214,2.503258
2215,2.197160
2216,2.419382
2217,2.419382
2218,2.419382
2219,2.419382
2220,2.641604
2221,2.725481
2222,2.725481
2223,2.503258
2224,2.503258
2225,2.197160
2226,2.058814
2227,2.058814
2228,2.419382
2229,2.419382
2230,2.419382
2231,2.058814
2232,2.058814
2233,1.752715
2234,2.113283
2235,2.419382
2236,2.725481
2237,2.725481
2238,2.641604
2239,2.419382
2240,2.503258
2241,2.419382
2242,2.058814
2243,1.836592
2244,1.974938
2245,2.197160
2246,2.197160
2247,2.197160
2248,2.197160
2249,2.197160
2250,2.197160
2251,2.503258
2252,2.419382
2253,2.419382
2254,2.503258
2255,2.503258
2256,2.503258
2257,2.503258
2258,2.503258
2259,2.503258
2260,2.503258
2261,2.503258
2262,2.725481
2263,2.725481
2264,2.725481
2265,2.641604
2266,2.419382
2267,2.113283
2268,1.891061
2269,1.891061
2270,1.891061
2271,1.891061
2272,2.197160
2273,2.058814
2274,1.836592
2275,2.197160
2276,2.197160
2277,2.503258
2278,2.197160
2279,2.113283
2280,2.419382
2281,2.725481
2282,2.947703
2283,3.169925
2284,2.947703
2285,2.725481
2286,2.725481
2287,2.725481
2288,2.419382
2289,2.503258
2290,2.725481
2291,2.725481
2292,2.725481
2293,2.947703
2294,2.725481
2295,2.725481
2296,2.947703
2297,2.725481
2298,2.725481
2299,2.725481
2300,2.725481
2301,2.503258
2302,2.197160
2303,2.197160
2304,2.503258
2305,2.725481
2306,2.725481
2307,2.725481
2308,2.947703
2309,3.169925
2310,2.947703
2311,2.947703
2312,2.725481
2313,2.725481
2314,2.725481
2315,2.725481
2316,2.725481
2317,2.725481
2318,2.725481
2319,2.725481
2320,2.503258
2321,2.503258
2322,2.281036
2323,2.503258
2324,2.419382
2325,2.419382
2326,2.419382
2327,2.419382
2328,2.419382
2329,2.419382
2330,2.419382
2331,2.725481
2332,2.947703
2333,3.169925
2334,2.947703
2335,2.725481
2336,2.641604
2337,2.419382
2338,2.197160
2339,2.197160
2340,2.197160
2341,2.197160
2342,2.281036
2343,2.503258
2344,2.281036
2345,2.503258
2346,2.725481
2347,2.947703
2348,2.947703
2349,2.725481
2350,2.503258
2351,2.503258
2352,2.503258
2353,2.281036
2354,2.503258
2355,2.419382
2356,2.725481
2357,2.947703
2358,2.725481
2359,2.641604
2360,2.641604
2361,2.641604
2362,2.641604
2363,2.419382
2364,2.725481
2365,2.725481
2366,2.503258
2367,2.503258
2368,2.503258
2369,2.503258
2370,2.503258
2371,2.197160
2372,2.197160
2373,2.281036
2374,2.503258
2375,2.725481
2376,2.641604
2377,2.947703
2378,2.725481
2379,2.947703
2380,2.947703
2381,2.641604
2382,2.419382
2383,2.503258
2384,2.503258
2385,2.725481
2386,2.947703
2387,2.947703
2388,2.725481
2389,2.503258
2390,2.503258
2391,2.725481
2392,2.947703
2393,2.947703
2394,2.947703
2395,2.725481
2396,2.641604
2397,2.725481
2398,2.503258
2399,2.503258
2400,2.503258
2401,2.725481
2402,2.725481
2403,2.419382
2404,2.641604
2405,2.641604
2406,2.641604
2407,2.419382
2408,2.197160
2409,2.281036
2410,2.503258
2411,2.419382
2412,2.419382
2413,2.419382
2414,2.419382
2415,2.503258
2416,2.419382
2417,2.419382
2418,2.419382
2419,2.503258
2420,2.503258
2421,2.725481
2422,2.725481
2423,2.503258
2424,2.503258
2425,2.503258
2426,2.725481
2427,2.503258
2428,2.503258
2429,2.419382
2430,2.503258
2431,2.419382
2432,2.419382
2433,2.419382
2434,2.419382
2435,2.725481
2436,2.947703
2437,2.725481
2438,2.947703
2439,2.725481
2440,2.725481
2441,2.725481
2442,2.503258
2443,2.419382
2444,2.197160
2445,2.197160
2446,2.197160
2447,2.503258
2448,2.419382
2449,2.419382
2450,2.197160
2451,2.197160
2452,2.503258
2453,2.281036
2454,2.281036
2455,2.281036
2456,2.503258
2457,2.503258
2458,2.503258
2459,2.725481
2460,2.641604
2461,2.947703
2462,2.947703
2463,2.947703
2464,2.947703
2465,2.725481
2466,2.725481
2467,2.503258
2468,2.419382
2469,2.419382
2470,2.197160
2471,2.419382
2472,2.725481
2473,2.725481
2474,2.725481
2475,2.503258
2476,2.281036
2477,2.281036
2478,2.503258
2479,2.503258
2480,2.503258
2481,2.503258
2482,2.197160
2483,2.281036
2484,2.503258
2485,2.725481
2486,2.641604
2487,2.641604
2488,2.641604
2489,2.641604
2490,2.947703
2491,3.169925
2492,2.947703
2493,2.725481
2494,2.947703
2495,2.725481
2496,2.641604
2497,2.419382
2498,2.419382
2499,2.641604
2500,2.419382
2501,2.419382
2502,2.419382
2503,2.503258
2504,2.419382
2505,2.113283
2506,2.113283
2507,2.113283
2508,2.058814
2509,2.419382
2510,2.725481
2511,2.725481
2512,2.725481
2513,2.725481
2514,2.641604
2515,2.281036
2516,1.879965
2517,1.879965
2518,1.879965
2519,2.281036
2520,2.058814
2521,2.058814
2522,2.197160
2523,2.503258
2524,2.503258
2525,2.503258
2526,2.419382
2527,2.419382
2528,2.641604
2529,2.641604
2530,2.947703
2531,2.947703
2532,2.641604
2533,2.641604
2534,2.419382
2535,2.058814
2536,2.058814
2537,2.058814
2538,2.197160
2539,2.197160
2540,2.503258
2541,2.725481
2542,2.947703
2543,2.947703
2544,2.725481
2545,2.503258
2546,2.503258
2547,2.503258
2548,2.503258
2549,2.503258
2550,2.503258
2551,2.725481
2552,2.503258
2553,2.725481
2554,2.419382
2555,2.725481
2556,2.725481
2557,2.725481
2558,2.419382
2559,2.197160
2560,1.891061
2561,2.197160
2562,2.197160
2563,2.058814
2564,2.058814
2565,2.419382
2566,2.725481
2567,2.503258
2568,2.503258
2569,2.419382
2570,2.419382
2571,2.419382
2572,2.197160
2573,2.197160
2574,2.197160
2575,2.503258
2576,2.281036
2577,2.197160
2578,2.197160
2579,2.197160
2580,2.197160
2581,2.503258
2582,2.281036
2583,2.503258
2584,2.503258
2585,2.503258
2586,2.281036
2587,2.281036
2588,2.503258
2589,2.503258
2590,2.419382
2591,2.058814
2592,2.419382
2593,2.419382
2594,2.419382
2595,2.419382
2596,2.197160
2597,2.419382
2598,2.503258
2599,2.725481
2600,2.725481
2601,2.947703
2602,2.725481
2603,2.725481
2604,2.725481
2605,2.725481
2606,2.419382
2607,2.419382
2608,2.058814
2609,2.058814
2610,1.657743
2611,1.657743
2612,1.657743
2613,1.879965
2614,2.281036
2615,2.641604
2616,2.641604
2617,2.725481
2618,2.725481
2619,2.725481
2620,2.947703
2621,2.725481
2622,2.725481
2623,2.725481
2624,2.725481
2625,2.725481
2626,2.503258
2627,2.281036
2628,2.503258
2629,2.503258
2630,2.503258
2631,2.503258
2632,2.419382
2633,2.641604
2634,2.725481
2635,2.641604
2636,2.641604
2637,2.419382
2638,2.419382
2639,2.419382
2640,2.419382
2641,2.419382
2642,2.725481
2643,2.725481
2644,2.725481
2645,2.947703
2646,2.725481
2647,2.419382
2648,2.419382
2649,2.419382
2650,2.197160
2651,2.419382
2652,2.419382
2653,2.419382
2654,2.419382
2655,2.641604
2656,2.419382
2657,2.419382
2658,2.419382
2659,2.503258
2660,2.503258
2661,2.197160
2662,2.503258
2663,2.503258
2664,2.725481
2665,2.947703
2666,2.725481
2667,2.725481
2668,2.947703
2669,2.947703
2670,2.947703
2671,2.947703
2672,2.641604
2673,2.419382
2674,2.419382
2675,2.419382
2676,2.503258
2677,2.503258
2678,2.725481
2679,2.725481
2680,2.725481
2681,2.503258
2682,2.503258
2683,2.197160
2684,2.197160
2685,2.197160
2686,2.281036
2687,2.503258
2688,2.419382
2689,2.197160
2690,2.419382
2691,2.641604
2692,2.641604
2693,2.641604
2694,2.947703
2695,2.947703
2696,2.947703
2697,2.725481
2698,2.725481
2699,2.725481
2700,2.725481
2701,2.503258
2702,2.725481
2703,2.947703
2704,2.725481
2705,2.725481
2706,2.725481
2707,2.503258
2708,2.419382
2709,2.197160
2710,2.197160
2711,2.281036
2712,2.281036
2713,1.974938
2714,2.197160
2715,2.197160
2716,2.419382
2717,2.641604
2718,2.641604
2719,2.947703
2720,2.947703
2721,2.725481
2722,2.419382
2723,2.197160
2724,1.891061
2725,1.891061
2726,2.197160
2727,2.197160
2728,2.419382
2729,2.725481
2730,2.947703
2731,2.725481
2732,2.725481
2733,2.947703
2734,2.947703
2735,2.947703
2736,2.725481
2737,2.725481
2738,2.503258
2739,2.503258
2740,2.503258
2741,2.281036
2742,2.281036
2743,2.281036
2744,2.503258
2745,2.725481
2746,2.419382
2747,2.641604
2748,2.725481
2749,2.725481
2750,2.641604
2751,2.419382
2752,2.419382
2753,2.503258
2754,2.503258
2755,2.197160
2756,2.419382
2757,2.503258
2758,2.503258
2759,2.281036
2760,2.503258
2761,2.419382
2762,2.419382
2763,2.503258
2764,2.197160
2765,2.419382
2766,2.419382
2767,2.197160
2768,2.197160
2769,2.503258
2770,2.419382
2771,2.641604
2772,2.725481
2773,2.503258
2774,2.503258
2775,2.503258
2776,2.725481
2777,2.725481
2778,2.947703
2779,2.725481
2780,2.725481
2781,2.725481
2782,2.725481
2783,2.725481
2784,2.725481
2785,2.419382
2786,2.725481
2787,2.419382
2788,2.419382
2789,2.419382
2790,2.503258
2791,2.281036
2792,2.281036
2793,2.197160
2794,2.419382
2795,2.725481
2796,2.419382
2797,2.197160
2798,2.419382
2799,2.419382
2800,2.419382
2801,2.197160
2802,2.197160
2803,2.419382
2804,2.725481
2805,2.641604
2806,2.947703
2807,2.725481
2808,2.503258
2809,2.503258
2810,2.281036
2811,2.503258
2812,2.197160
2813,2.281036
2814,2.503258
2815,2.503258
2816,2.725481
2817,2.725481
2818,2.503258
2819,2.725481
2820,2.725481
2821,2.503258
2822,2.503258
2823,2.281036
2824,2.281036
2825,2.197160
2826,2.197160
2827,2.197160
2828,2.197160
2829,2.503258
2830,2.503258
2831,2.725481
2832,2.725481
2833,2.725481
2834,2.947703
2835,2.947703
2836,2.725481
2837,2.947703
2838,2.947703
2839,2.725481
2840,2.947703
2841,2.947703
2842,2.725481
2843,2.725481
2844,2.725481
2845,2.503258
2846,2.503258
2847,2.197160
2848,2.113283
2849,2.058814
2850,2.197160
2851,2.113283
2852,2.113283
2853,2.419382
2854,2.725481
2855,2.503258
2856,2.503258
2857,2.503258
2858,2.503258
2859,2.503258
2860,2.419382
2861,2.503258
2862,2.503258
2863,2.725481
2864,2.641604
2865,2.641604
2866,2.641604
2867,2.725481
2868,2.419382
2869,2.419382
2870,2.197160
2871,2.419382
2872,2.197160
2873,1.836592
2874,2.197160
2875,2.419382
2876,2.725481
2877,2.725481
2878,2.947703
2879,2.641604
2880,2.641604
2881,2.281036
2882,2.419382
2883,2.113283
2884,1.891061
2885,1.891061
2886,1.836592
2887,2.197160
2888,2.419382
2889,2.113283
2890,2.113283
2891,2.197160
2892,2.197160
2893,2.197160
2894,2.419382
2895,2.419382
2896,2.725481
2897,2.503258
2898,2.725481
2899,2.947703
2900,2.725481
2901,2.725481
2902,2.503258
2903,2.503258
2904,2.197160
2905,2.503258
2906,2.281036
2907,2.197160
2908,2.197160
2909,2.419382
2910,2.725481
2911,2.947703
2912,2.725481
2913,2.725481
2914,2.947703
2915,2.947703
2916,2.947703
2917,2.725481
2918,2.419382
2919,2.725481
2920,2.725481
2921,2.725481
2922,2.947703
2923,2.947703
2924,2.641604
2925,2.947703
2926,2.725481
2927,2.947703
2928,2.725481
2929,2.503258
2930,2.503258
2931,2.419382
2932,2.419382
2933,2.503258
2934,2.419382
2935,2.419382
2936,2.419382
2937,2.503258
2938,2.503258
2939,2.503258
2940,2.503258
2941,2.503258
2942,2.725481
2943,2.419382
2944,2.725481
2945,2.503258
2946,2.503258
2947,2.503258
2948,2.281036
2949,2.281036
2950,2.503258
2951,2.419382
2952,2.419382
2953,2.419382
2954,2.419382
2955,2.419382
2956,2.725481
2957,2.419382
2958,2.419382
2959,2.419382
2960,2.281036
2961,2.419382
2962,2.725481
2963,2.725481
2964,2.725481
2965,2.503258
2966,2.725481
2967,2.503258
2968,2.503258
2969,2.281036
2970,2.281036
2971,2.281036
2972,2.281036
2973,2.197160
2974,1.891061
2975,2.113283
2976,1.752715
2977,2.113283
2978,2.197160
2979,2.503258
2980,2.725481
2981,2.725481
2982,2.725481
2983,2.725481
2984,2.725481
2985,2.503258
2986,2.197160
2987,2.419382
2988,2.503258
2989,2.419382
2990,2.419382
2991,2.419382
2992,2.058814
2993,2.113283
2994,1.891061
2995,1.891061
2996,2.197160
2997,2.419382
2998,2.503258
2999,2.503258
3000,2.503258
3001,2.503258
3002,2.419382
3003,2.725481
3004,2.419382
3005,2.419382
3006,2.281036
3007,2.058814
3008,1.836592
3009,2.197160
3010,2.197160
3011,2.503258
3012,2.725481
3013,2.947703
3014,3.169925
3015,2.947703
3016,2.725481
3017,2.725481
3018,2.725481
3019,2.503258
3020,2.197160
3021,2.197160
3022,1.891061
3023,1.836592
3024,2.058814
3025,2.281036
3026,2.641604
3027,2.419382
3028,2.725481
3029,2.725481
3030,2.947703
3031,2.725481
3032,2.725481
3033,2.725481
3034,2.503258
3035,2.197160
3036,1.836592
3037,1.530493
3038,1.530493
3039,1.836592
3040,1.891061
3041,2.197160
3042,2.113283
3043,2.197160
3044,2.503258
3045,2.725481
3046,2.947703
3047,2.725481
3048,2.419382
3049,2.419382
3050,2.503258
3051,2.725481
3052,2.725481
3053,2.725481
3054,2.503258
3055,2.725481
3056,2.503258
3057,2.725481
3058,2.503258
3059,2.503258
3060,2.725481
3061,2.503258
3062,2.503258
3063,2.419382
3064,2.419382
3065,2.503258
3066,2.419382
3067,2.197160
3068,2.281036
3069,2.281036
3070,2.503258
3071,2.503258
3072,2.197160
3073,2.197160
3074,2.419382
3075,2.419382
3076,2.419382
3077,2.419382
3078,2.058814
3079,2.419382
3080,2.503258
3081,2.503258
3082,2.503258
3083,2.503258
3084,2.503258
3085,2.725481
3086,2.503258
3087,2.281036
3088,2.503258
3089,2.725481
3090,2.725481
3091,2.947703
3092,2.947703
3093,2.947703
3094,2.947703
3095,2.947703
3096,2.725481
3097,2.503258
3098,2.503258
3099,2.197160
3100,2.419382
3101,2.197160
3102,2.419382
3103,2.503258
3104,2.197160
3105,2.197160
3106,2.058814
3107,1.879965
3108,1.879965
3109,2.058814
3110,2.419382
3111,2.113283
3112,2.113283
3113,2.419382
3114,2.503258
3115,2.725481
3116,2.725481
3117,2.947703
3118,2.947703
3119,2.947703
3120,3.169925
3121,2.947703
3122,2.725481
3123,2.419382
3124,2.419382
3125,2.419382
3126,2.419382
3127,2.113283
3128,1.752715
3129,1.752715
3130,2.058814
3131,2.058814
3132,2.058814
3133,2.197160
3134,2.281036
3135,2.503258
3136,2.503258
3137,2.197160
3138,2.419382
3139,2.725481
3140,2.947703
3141,2.725481
3142,2.725481
3143,2.725481
3144,2.725481
3145,2.419382
3146,2.419382
3147,2.419382
3148,2.725481
3149,2.725481
3150,2.503258
3151,2.725481
3152,2.725481
3153,2.725481
3154,2.947703
3155,2.947703
3156,2.947703
3157,2.725481
3158,2.503258
3159,2.725481
3160,2.725481
3161,2.947703
3162,2.947703
3163,2.641604
3164,2.419382
3165,2.725481
3166,2.725481
3167,2.725481
3168,2.641604
3169,2.641604
3170,2.641604
3171,2.419382
3172,2.197160
3173,2.503258
3174,2.725481
3175,2.947703
3176,2.641604
3177,2.641604
3178,2.419382
3179,2.725481
3180,2.641604
3181,2.419382
3182,2.197160
3183,2.113283
3184,2.419382
3185,2.419382
3186,2.419382
3187,2.641604
3188,2.641604
3189,2.419382
3190,2.725481
3191,2.503258
3192,2.503258
3193,2.503258
3194,2.503258
3195,2.503258
3196,2.281036
3197,2.197160
3198,1.974938
3199,2.281036
3200,2.197160
3201,2.197160
3202,2.197160
3203,2.197160
3204,2.058814
3205,2.197160
3206,2.197160
3207,2.197160
3208,2.419382
3209,2.725481
3210,2.725481
3211,2.947703
3212,2.947703
3213,2.947703
3214,2.947703
3215,2.725481
3216,2.503258
3217,2.503258
3218,2.725481
3219,2.725481
3220,2.503258
3221,2.419382
3222,2.197160
3223,2.058814
3224,2.419382
3225,2.197160
3226,1.974938
3227,2.197160
3228,2.197160
3229,2.197160
3230,2.419382
3231,2.419382
3232,2.197160
3233,2.197160
3234,1.891061
3235,2.113283
3236,2.419382
3237,2.281036
3238,2.281036
3239,2.281036
3240,2.641604
3241,2.419382
3242,2.419382
3243,2.725481
3244,2.725481
3245,2.725481
3246,2.725481
3247,2.725481
3248,2.419382
3249,2.113283
3250,1.891061
3251,2.197160
3252,2.419382
3253,2.503258
3254,2.725481
3255,2.725481
3256,2.725481
3257,2.725481
3258,2.725481
3259,2.725481
3260,2.725481
3261,2.725481
3262,2.725481
3263,2.641604
3264,2.641604
3265,2.419382
3266,2.197160
3267,2.197160
3268,2.419382
3269,2.725481
3270,2.725481
3271,2.725481
3272,2.503258
3273,2.197160
3274,1.891061
3275,1.584963
3276,1.891061
3277,1.891061
3278,2.197160
3279,2.197160
3280,2.419382
3281,2.725481
3282,2.419382
3283,2.725481
3284,2.725481
3285,2.503258
3286,2.419382
3287,2.419382
3288,2.113283
3289,2.113283
3290,2.197160
3291,2.419382
3292,2.725481
3293,2.725481
3294,2.725481
3295,2.947703
3296,2.725481
3297,2.503258
3298,2.503258
3299,2.503258
3300,2.503258
3301,2.725481
3302,2.947703
3303,2.947703
3304,2.725481
3305,2.725481
3306,2.503258
3307,2.725481
3308,2.725481
3309,2.725481
3310,2.503258
3311,2.503258
3312,2.503258
3313,2.419382
3314,2.197160
3315,2.503258
3316,2.503258
3317,2.725481
3318,2.725481
3319,2.725481
3320,2.947703
3321,2.725481
3322,2.503258
3323,2.725481
3324,2.725481
3325,2.503258
3326,2.503258
3327,2.503258
3328,2.725481
3329,2.725481
3330,2.725481
3331,2.725481
3332,2.725481
3333,2.503258
3334,2.197160
3335,2.058814
3336,2.419382
3337,2.197160
3338,2.281036
3339,2.503258
3340,2.503258
3341,2.503258
3342,2.197160
3343,2.503258
3344,2.725481
3345,2.641604
3346,2.419382
3347,2.641604
3348,2.725481
3349,2.947703
3350,2.641604
3351,2.725481
3352,2.419382
3353,2.419382
3354,2.419382
3355,2.197160
3356,1.891061
3357,2.197160
3358,2.197160
3359,2.419382
3360,2.725481
3361,2.725481
3362,2.641604
3363,2.641604
3364,2.419382
3365,2.725481
3366,2.725481
3367,2.725481
3368,2.419382
3369,2.419382
3370,2.503258
3371,2.725481
3372,2.725481
3373,2.641604
3374,2.725481
3375,2.725481
3376,2.725481
3377,2.725481
3378,2.503258
3379,2.197160
3380,2.419382
3381,2.725481
3382,2.725481
3383,2.725481
3384,2.725481
3385,2.725481
3386,2.419382
3387,2.725481
3388,2.725481
3389,2.641604
3390,2.419382
3391,2.419382
3392,2.725481
3393,2.725481
3394,2.419382
3395,2.419382
3396,2.197160
3397,2.197160
3398,2.419382
3399,2.419382
3400,2.419382
3401,2.641604
3402,2.419382
3403,2.419382
3404,2.419382
3405,2.113283
3406,2.197160
3407,2.197160
3408,2.113283
3409,2.113283
3410,2.419382
3411,2.503258
3412,2.503258
3413,2.503258
3414,2.281036
3415,2.503258
3416,2.503258
3417,2.503258
3418,2.419382
3419,2.419382
3420,2.058814
3421,2.058814
3422,1.836592
3423,1.836592
3424,2.058814
3425,2.419382
3426,2.641604
3427,2.725481
3428,2.947703
3429,3.169925
3430,2.947703
3431,2.725481
3432,2.503258
3433,2.725481
3434,2.641604
3435,2.641604
3436,2.641604
3437,2.725481
3438,2.503258
3439,2.725481
3440,2.503258
3441,2.197160
3442,2.281036
3443,2.281036
3444,2.197160
3445,2.113283
3446,2.113283
3447,2.113283
3448,2.419382
3449,2.419382
3450,2.641604
3451,2.947703
3452,2.641604
3453,2.725481
3454,2.503258
3455,2.725481
3456,2.947703
3457,2.947703
3458,2.947703
3459,2.725481
3460,2.947703
3461,2.725481
3462,2.947703
3463,2.947703
3464,2.725481
3465,2.725481
3466,2.503258
3467,2.419382
3468,2.503258
3469,2.281036
3470,2.197160
3471,2.197160
3472,2.419382
3473,2.725481
3474,2.419382
3475,2.197160
3476,2.197160
3477,2.197160
3478,2.197160
3479,2.503258
3480,2.725481
3481,2.725481
3482,2.947703
3483,2.947703
3484,2.947703
3485,2.725481
3486,2.419382
3487,2.197160
3488,2.058814
3489,2.281036
3490,2.281036
3491,2.281036
3492,2.058814
3493,2.058814
3494,2.113283
3495,2.419382
3496,2.503258
3497,2.419382
3498,2.419382
3499,2.419382
3500,2.419382
3501,2.503258
3502,2.197160
3503,2.113283
3504,2.419382
3505,2.419382
3506,2.419382
3507,2.725481
3508,2.725481
3509,2.725481
3510,2.725481
3511,2.725481
3512,2.725481
3513,2.947703
3514,2.641604
3515,2.725481
3516,2.503258
3517,2.281036
3518,2.503258
3519,2.725481
3520,2.503258
3521,2.503258
3522,2.503258
3523,2.725481
3524,2.725481
3525,2.503258
3526,2.725481
3527,2.725481
3528,2.947703
3529,2.725481
3530,2.503258
3531,2.503258
3532,2.503258
3533,2.725481
3534,2.503258
3535,2.503258
3536,2.503258
3537,2.503258
3538,2.503258
3539,2.503258
3540,2.503258
3541,2.503258
3542,2.419382
3543,2.503258
3544,2.725481
3545,2.503258
3546,2.503258
3547,2.419382
3548,2.113283
3549,2.113283
3550,2.113283
3551,2.113283
3552,2.113283
3553,2.197160
3554,2.197160
3555,2.281036
3556,2.281036
3557,2.281036
3558,2.503258
3559,2.419382
3560,2.725481
3561,2.725481
3562,2.725481
3563,2.725481
3564,2.503258
3565,2.725481
3566,2.725481
3567,2.419382
3568,2.419382
3569,2.725481
3570,2.503258
3571,2.419382
3572,2.725481
3573,2.725481
3574,2.725481
3575,2.503258
3576,2.419382
3577,2.058814
3578,2.419382
3579,2.419382
3580,2.197160
3581,2.197160
3582,1.891061
3583,1.891061
3584,2.197160
3585,2.113283
3586,1.752715
3587,1.752715
3588,2.113283
3589,2.419382
3590,2.419382
3591,2.641604
3592,2.947703
3593,2.947703
3594,2.947703
3595,2.947703
3596,2.725481
3597,2.725481
3598,2.419382
3599,2.503258
3600,2.503258
3601,2.503258
3602,2.419382
3603,2.419382
3604,2.419382
3605,2.058814
3606,2.419382
3607,2.113283
3608,2.113283
3609,2.197160
3610,2.281036
3611,2.281036
3612,2.281036
3613,2.503258
3614,2.503258
3615,2.503258
3616,2.503258
3617,2.281036
3618,2.281036
3619,2.503258
3620,2.419382
3621,2.197160
3622,2.419382
3623,2.419382
3624,2.419382
3625,2.419382
3626,2.641604
3627,2.641604
3628,2.725481
3629,2.725481
3630,2.725481
3631,2.725481
3632,2.725481
3633,2.419382
3634,2.725481
3635,2.725481
3636,2.725481
3637,2.725481
3638,2.419382
3639,2.503258
3640,2.281036
3641,2.503258
3642,2.725481
3643,2.947703
3644,2.947703
3645,2.641604
3646,2.641604
3647,2.419382
3648,2.419382
3649,2.419382
3650,2.503258
3651,2.419382
3652,2.503258
3653,2.725481
3654,2.503258
3655,2.281036
3656,2.281036
3657,2.503258
3658,2.419382
3659,2.641604
3660,2.281036
3661,2.281036
3662,2.419382
3663,2.113283
3664,2.197160
3665,2.503258
3666,2.281036
3667,2.503258
3668,2.725481
3669,2.419382
3670,2.419382
3671,2.419382
3672,2.197160
3673,2.197160
3674,2.197160
3675,2.113283
3676,2.419382
3677,2.113283
3678,1.891061
3679,1.836592
3680,2.058814
3681,2.197160
3682,1.974938
3683,1.836592
3684,2.197160
3685,2.197160
3686,2.197160
3687,2.197160
3688,2.419382
3689,2.419382
3690,2.197160
3691,2.197160
3692,1.891061
3693,2.197160
3694,2.419382
3695,2.419382
3696,2.641604
3697,2.641604
3698,2.725481
3699,2.725481
3700,2.725481
3701,2.725481
3702,2.503258
3703,2.725481
3704,2.503258
3705,2.503258
3706,2.725481
3707,2.503258
3708,2.503258
3709,2.503258
3710,2.197160
3711,2.419382
3712,2.725481
3713,2.725481
3714,2.503258
3715,2.725481
3716,2.725481
3717,2.641604
3718,2.641604
3719,2.641604
3720,2.641604
3721,2.725481
3722,2.503258
3723,2.197160
3724,2.058814
3725,2.419382
3726,2.503258
3727,2.725481
3728,2.947703
3729,2.725481
3730,2.419382
3731,2.419382
3732,2.641604
3733,2.419382
3734,2.725481
3735,2.725481
3736,2.725481
3737,2.725481
3738,2.947703
3739,2.725481
3740,2.947703
3741,2.725481
3742,2.725481
3743,2.503258
3744,2.503258
3745,2.503258
3746,2.503258
3747,2.725481
3748,2.725481
3749,2.725481
3750,2.725481
3751,2.419382
3752,2.419382
3753,2.197160
3754,2.197160
3755,2.419382
3756,2.197160
3757,2.503258
3758,2.725481
3759,2.725481
3760,2.947703
3761,2.725481
3762,2.725481
3763,2.725481
3764,2.725481
3765,2.725481
3766,2.725481
3767,2.641604
3768,2.419382
3769,2.113283
3770,2.113283
3771,1.891061
3772,1.891061
3773,2.197160
3774,2.197160
3775,2.419382
3776,2.197160
3777,2.419382
3778,2.113283
3779,2.113283
3780,1.752715
3781,1.836592
3782,2.058814
3783,2.281036
3784,2.281036
3785,2.281036
3786,2.281036
3787,2.641604
3788,2.419382
3789,2.419382
3790,2.419382
3791,2.419382
3792,2.641604
3793,2.947703
3794,2.947703
3795,2.947703
3796,3.169925
3797,2.947703
3798,2.947703
3799,2.947703
3800,2.725481
3801,2.947703
3802,2.725481
3803,2.419382
3804,2.419382
3805,2.419382
3806,2.641604
3807,2.641604
3808,2.281036
3809,2.281036
3810,2.281036
3811,2.281036
3812,2.281036
3813,2.058814
3814,2.058814
3815,2.058814
3816,2.058814
3817,2.113283
3818,2.058814
3819,2.197160
3820,2.197160
3821,2.503258
3822,2.725481
3823,2.725481
3824,2.725481
3825,2.947703
3826,2.725481
3827,2.947703
3828,2.725481
3829,2.725481
3830,2.725481
3831,2.725481
3832,2.725481
3833,2.725481
3834,2.641604
3835,2.419382
3836,2.419382
3837,2.419382
3838,2.419382
3839,2.419382
3840,2.503258
3841,2.725481
3842,2.725481
3843,2.503258
3844,2.503258
3845,2.725481
3846,2.947703
3847,2.725481
3848,2.641604
3849,2.419382
3850,2.281036
3851,2.058814
3852,1.657743
3853,1.879965
3854,1.879965
3855,1.879965
3856,2.281036
3857,2.419382
3858,2.419382
3859,2.503258
3860,2.503258
3861,2.725481
3862,2.947703
3863,2.725481
3864,2.725481
3865,2.725481
3866,2.419382
3867,2.419382
3868,2.113283
3869,2.419382
3870,2.503258
3871,2.725481
3872,2.725481
3873,2.503258
3874,2.725481
3875,2.503258
3876,2.503258
3877,2.503258
3878,2.725481
3879,2.725481
3880,2.725481
3881,2.503258
3882,2.725481
3883,2.725481
3884,2.725481
3885,2.419382
3886,2.419382
3887,2.113283
3888,2.419382
3889,2.419382
3890,2.113283
3891,2.419382
3892,2.503258
3893,2.503258
3894,2.503258
3895,2.281036
3896,2.197160
3897,2.113283
3898,2.419382
3899,2.419382
3900,2.419382
3901,2.197160
3902,2.281036
3903,2.281036
3904,2.503258
3905,2.503258
3906,2.503258
3907,2.725481
3908,2.725481
3909,2.725481
3910,2.947703
3911,2.725481
3912,2.725481
3913,2.419382
3914,2.058814
3915,2.058814
3916,2.419382
3917,2.419382
3918,2.197160
3919,2.197160
3920,2.197160
3921,2.197160
3922,2.281036
3923,2.197160
3924,2.419382
3925,2.419382
3926,2.641604
3927,2.641604
3928,2.947703
3929,2.947703
3930,2.725481
3931,2.725481
3932,2.947703
3933,2.947703
3934,2.725481
3935,2.725481
3936,2.725481
3937,2.947703
3938,2.641604
3939,2.947703
3940,2.947703
3941,2.725481
3942,2.725481
3943,2.503258
3944,2.725481
3945,2.641604
3946,2.947703
3947,2.725481
3948,2.503258
3949,2.503258
3950,2.503258
3951,2.503258
3952,2.503258
3953,2.503258
3954,2.419382
3955,2.419382
3956,2.419382
3957,2.197160
3958,2.419382
3959,2.419382
3960,2.725481
3961,2.503258
3962,2.419382
3963,2.419382
3964,2.419382
3965,2.419382
3966,2.725481
3967,2.503258
3968,2.197160
3969,2.197160
3970,2.419382
3971,2.641604
3972,2.947703
3973,3.169925
3974,2.947703
3975,2.947703
3976,2.725481
3977,2.419382
3978,2.419382
3979,2.058814
3980,2.058814
3981,1.836592
3982,2.197160
3983,2.197160
3984,2.281036
3985,2.503258
3986,2.503258
3987,2.725481
3988,2.725481
3989,2.947703
3990,2.725481
3991,2.725481
3992,2.725481
3993,2.503258
3994,2.419382
3995,2.641604
3996,2.641604
3997,2.641604
3998,2.725481
3999,2.725481
4000,2.947703
4001,2.725481
4002,2.503258
4003,2.419382
4004,2.503258
4005,2.503258
4006,2.725481
4007,2.725481
4008,2.503258
4009,2.197160
4010,2.197160
4011,2.197160
4012,1.891061
4013,1.891061
4014,2.197160
4015,2.503258
4016,2.503258
4017,2.725481
4018,2.725481
4019,2.725481
4020,2.725481
4021,2.503258
4022,2.419382
4023,2.419382
4024,2.725481
4025,2.725481
4026,2.725481
4027,2.947703
4028,2.947703
4029,2.725481
4030,2.503258
4031,2.503258
4032,2.197160
4033,2.419382
4034,2.113283
4035,2.113283
4036,2.419382
4037,2.419382
4038,2.725481
4039,2.947703
4040,2.725481
4041,2.503258
4042,2.503258
4043,2.503258
4044,2.503258
4045,2.503258
4046,2.725481
4047,2.503258
4048,2.503258
4049,2.725481
4050,2.725481
4051,2.503258
4052,2.503258
4053,2.725481
4054,2.419382
4055,2.503258
4056,2.197160
4057,2.197160
4058,2.113283
4059,1.752715
4060,1.891061
4061,1.891061
4062,1.974938
4063,2.281036
4064,2.197160
4065,1.974938
4066,2.197160
4067,2.281036
4068,2.503258
4069,2.725481
4070,2.725481
4071,2.419382
4072,2.503258
4073,2.281036
4074,2.503258
4075,2.503258
4076,2.725481
4077,2.725481
4078,2.725481
4079,2.947703
4080,2.947703
4081,2.947703
4082,2.947703
4083,2.947703
4084,2.947703
4085,2.947703
4086,2.725481
4087,2.725481
4088,2.725481
4089,2.725481
4090,2.725481
4091,2.641604
4092,2.947703
4093,2.725481
4094,2.947703
4095,2.947703
4096,2.725481
4097,2.725481
4098,2.947703
4099,2.725481
4100,2.503258
4101,2.725481
4102,2.947703
4103,2.947703
4104,2.725481
4105,2.947703
4106,2.725481
4107,2.503258
4108,2.503258
4109,2.503258
4110,2.725481
4111,2.725481
4112,2.725481
4113,2.503258
4114,2.503258
4115,2.197160
4116,2.197160
4117,2.197160
4118,2.197160
4119,2.197160
4120,2.197160
4121,2.058814
4122,1.752715
4123,1.752715
4124,2.058814
4125,2.058814
4126,2.419382
4127,2.419382
4128,2.197160
4129,2.197160
4130,2.197160
4131,2.419382
4132,2.419382
4133,2.419382
4134,2.725481
4135,2.725481
4136,2.725481
4137,2.503258
4138,2.503258
4139,2.503258
4140,2.503258
4141,2.197160
4142,2.197160
4143,2.281036
4144,2.503258
4145,2.503258
4146,2.419382
4147,2.419382
4148,2.503258
4149,2.503258
4150,2.503258
4151,2.419382
4152,2.419382
4153,2.419382
4154,2.503258
4155,2.725481
4156,2.725481
4157,2.419382
4158,2.641604
4159,2.419382
4160,2.113283
4161,1.891061
4162,1.891061
4163,1.974938
4164,1.974938
4165,1.891061
4166,2.113283
4167,2.419382
4168,2.419382
4169,2.419382
4170,2.419382
4171,2.419382
4172,2.725481
4173,2.725481
4174,2.725481
4175,2.725481
4176,2.419382
4177,2.503258
4178,2.503258
4179,2.503258
4180,2.419382
4181,2.725481
4182,2.503258
4183,2.503258
4184,2.503258
4185,2.503258
4186,2.503258
4187,2.725481
4188,2.503258
4189,2.197160
4190,2.197160
4191,2.197160
4192,2.058814
4193,2.058814
4194,1.879965
4195,1.879965
4196,2.058814
4197,2.113283
4198,2.197160
4199,2.058814
4200,2.058814
4201,2.281036
4202,2.641604
4203,2.419382
4204,2.641604
4205,2.725481
4206,2.725481
4207,2.725481
4208,2.503258
4209,2.725481
4210,2.419382
4211,2.197160
4212,2.419382
4213,2.419382
4214,2.419382
4215,2.419382
4216,2.419382
4217,2.281036
4218,2.058814
4219,2.058814
4220,2.419382
4221,2.197160
4222,2.503258
4223,2.503258
4224,2.419382
4225,2.419382
4226,2.058814
4227,2.058814
4228,2.058814
4229,2.419382
4230,2.419382
4231,2.641604
4232,2.947703
4233,2.947703
4234,2.947703
4235,2.725481
4236,2.725481
4237,2.725481
4238,2.725481
4239,2.725481
4240,2.725481
4241,2.725481
4242,2.947703
4243,2.947703
4244,2.641604
4245,2.725481
4246,2.503258
4247,2.725481
4248,2.725481
4249,2.725481
4250,2.725481
4251,2.419382
4252,2.641604
4253,2.641604
4254,2.419382
4255,2.197160
4256,2.197160
4257,2.419382
4258,2.419382
4259,2.725481
4260,2.725481
4261,2.725481
4262,2.503258
4263,2.281036
4264,2.503258
4265,2.419382
4266,2.197160
4267,2.503258
4268,2.725481
4269,2.419382
4270,2.419382
4271,2.419382
4272,2.641604
4273,2.947703
4274,2.725481
4275,2.947703
4276,2.947703
4277,2.947703
4278,2.947703
4279,2.725481
4280,2.725481
4281,2.641604
4282,2.725481
4283,2.725481
4284,2.725481
4285,2.419382
4286,2.641604
4287,2.281036
4288,2.281036
4289,2.281036
4290,2.281036
4291,2.419382
4292,2.419382
4293,2.503258
4294,2.725481
4295,2.641604
4296,2.419382
4297,2.419382
4298,2.419382
4299,2.503258
4300,2.503258
4301,2.503258
4302,2.419382
4303,2.419382
4304,2.058814
4305,2.058814
4306,2.058814
4307,2.058814
4308,1.836592
4309,1.530493
4310,1.584963
4311,1.891061
4312,2.197160
4313,2.197160
4314,2.197160
4315,2.197160
4316,2.419382
4317,2.419382
4318,2.281036
4319,2.058814
4320,2.419382
4321,2.197160
4322,2.503258
4323,2.419382
4324,2.419382
4325,2.197160
4326,2.197160
4327,2.197160
4328,2.197160
4329,2.197160
4330,2.419382
4331,2.281036
4332,2.281036
4333,2.058814
4334,2.281036
4335,1.879965
4336,2.058814
4337,2.419382
4338,2.503258
4339,2.725481
4340,2.725481
4341,2.725481
4342,2.725481
4343,2.725481
4344,2.503258
4345,2.197160
4346,2.503258
4347,2.503258
4348,2.503258
4349,2.197160
4350,2.197160
4351,2.503258
4352,2.197160
4353,2.197160
4354,2.197160
4355,2.503258
4356,2.503258
4357,2.503258
4358,2.503258
4359,2.725481
4360,2.725481
4361,2.947703
4362,2.947703
4363,2.725481
4364,2.725481
4365,2.725481
4366,2.503258
4367,2.503258
4368,2.197160
4369,2.197160
4370,2.503258
4371,2.503258
4372,2.197160
4373,2.419382
4374,2.641604
4375,2.419382
4376,2.503258
4377,2.725481
4378,2.725481
4379,2.419382
4380,2.641604
4381,2.419382
4382,2.281036
4383,2.641604
4384,2.641604
4385,2.725481
4386,2.725481
4387,2.725481
4388,2.725481
4389,2.725481
4390,2.419382
4391,2.725481
4392,2.503258
4393,2.725481
4394,2.725481
4395,2.725481
4396,2.503258
4397,2.503258
4398,2.419382
4399,2.419382
4400,2.725481
4401,2.503258
4402,2.503258
4403,2.197160
4404,1.891061
4405,1.891061
4406,1.974938
4407,2.281036
4408,2.503258
4409,2.503258
4410,2.725481
4411,2.419382
4412,2.419382
4413,2.197160
4414,2.197160
4415,2.197160
4416,2.197160
4417,2.419382
4418,2.503258
4419,2.503258
4420,2.419382
4421,2.641604
4422,2.419382
4423,2.419382
4424,2.419382
4425,2.419382
4426,2.725481
4427,2.725481
4428,2.947703
4429,2.725481
4430,2.503258
4431,2.503258
4432,2.725481
4433,2.641604
4434,2.419382
4435,2.419382
4436,2.197160
4437,2.197160
4438,2.058814
4439,2.281036
4440,2.419382
4441,2.641604
4442,2.641604
4443,2.641604
4444,2.641604
4445,2.725481
4446,2.641604
4447,2.419382
4448,2.725481
4449,2.503258
4450,2.503258
4451,2.197160
4452,2.197160
4453,2.197160
4454,2.197160
4455,2.197160
4456,2.281036
4457,2.197160
4458,2.197160
4459,2.419382
4460,2.197160
4461,2.197160
4462,2.419382
4463,2.725481
4464,2.641604
4465,2.641604
4466,2.281036
4467,2.419382
4468,2.419382
4469,2.197160
4470,2.503258
4471,2.419382
4472,2.058814
4473,2.419382
4474,2.058814
4475,2.419382
4476,2.641604
4477,2.641604
4478,2.419382
4479,2.641604
4480,2.947703
4481,3.169925
4482,3.169925
4483,3.169925
4484,2.947703
4485,2.725481
4486,2.947703
4487,2.725481
4488,2.725481
4489,2.503258
4490,2.503258
4491,2.503258
4492,2.503258
4493,2.503258
4494,2.725481
4495,2.419382
4496,2.419382
4497,2.641604
4498,2.419382
4499,2.419382
4500,2.197160
4501,2.503258
4502,2.725481
4503,2.419382
4504,2.419382
4505,2.725481
4506,2.725481
4507,2.725481
4508,2.725481
4509,2.503258
4510,2.197160
4511,2.113283
4512,2.113283
4513,2.419382
4514,2.197160
4515,1.836592
4516,1.752715
4517,2.113283
4518,2.197160
4519,2.419382
4520,2.419382
4521,2.197160
4522,2.503258
4523,2.725481
4524,2.419382
4525,2.419382
4526,2.641604
4527,2.419382
4528,2.503258
4529,2.503258
4530,2.725481
4531,2.725481
4532,2.947703
4533,2.947703
4534,3.169925
4535,2.947703
4536,2.725481
4537,2.419382
4538,2.419382
4539,2.419382
4540,2.419382
4541,2.197160
4542,2.419382
4543,2.281036
4544,2.641604
4545,2.641604
4546,2.725481
4547,2.503258
4548,2.503258
4549,2.725481
4550,2.503258
4551,2.197160
4552,2.197160
4553,2.197160
4554,2.419382
4555,2.419382
4556,2.419382
4557,2.197160
4558,2.503258
4559,2.503258
4560,2.197160
4561,2.197160
4562,2.197160
4563,2.197160
4564,2.503258
4565,2.503258
4566,2.725481
4567,2.947703
4568,2.947703
4569,2.947703
4570,2.725481
4571,2.725481
4572,2.725481
4573,2.947703
4574,2.947703
4575,2.947703
4576,2.725481
4577,2.725481
4578,2.419382
4579,2.419382
4580,2.197160
4581,2.503258
4582,2.197160
4583,2.197160
4584,1.836592
4585,1.836592
4586,2.197160
4587,2.197160
4588,2.503258
4589,2.725481
4590,2.725481
4591,2.725481
4592,2.503258
4593,2.503258
4594,2.419382
4595,2.419382
4596,2.725481
4597,2.725481
4598,2.503258
4599,2.503258
4600,2.725481
4601,2.725481
4602,2.725481
4603,2.725481
4604,2.725481
4605,2.641604
4606,2.419382
4607,2.419382
4608,2.503258
4609,2.197160
4610,2.503258
4611,2.197160
4612,1.974938
4613,2.197160
4614,2.503258
4615,2.725481
4616,2.725481
4617,2.419382
4618,2.641604
4619,2.947703
4620,2.947703
4621,3.169925
4622,3.169925
4623,3.169925
4624,2.947703
4625,2.947703
4626,2.947703
4627,2.725481
4628,2.503258
4629,2.503258
4630,2.503258
4631,2.503258
4632,2.725481
4633,2.725481
4634,2.725481
4635,2.725481
4636,2.947703
4637,2.947703
4638,2.947703
4639,2.725481
4640,2.419382
4641,2.197160
4642,2.197160
4643,2.197160
4644,2.419382
4645,2.503258
4646,2.503258
4647,2.281036
4648,2.503258
4649,2.197160
4650,2.419382
4651,2.419382
4652,2.419382
4653,2.419382
4654,2.197160
4655,2.503258
4656,2.419382
4657,2.503258
4658,2.503258
4659,2.503258
4660,2.503258
4661,2.725481
4662,2.503258
4663,2.503258
4664,2.503258
4665,2.503258
4666,2.503258
4667,2.197160
4668,2.197160
4669,2.419382
4670,2.281036
4671,2.058814
4672,2.058814
4673,2.281036
4674,2.641604
4675,2.725481
4676,2.641604
4677,2.419382
4678,2.058814
4679,2.058814
4680,2.058814
4681,2.058814
4682,2.197160
4683,2.197160
4684,2.503258
4685,2.419382
4686,2.197160
4687,2.058814
4688,2.058814
4689,2.197160
4690,2.419382
4691,2.197160
4692,2.503258
4693,2.503258
4694,2.419382
4695,2.503258
4696,2.503258
4697,2.725481
4698,2.503258
4699,2.197160
4700,2.113283
4701,2.197160
4702,2.197160
4703,1.891061
4704,1.836592
4705,1.836592
4706,1.836592
4707,2.197160
4708,2.281036
4709,2.503258
4710,2.725481
4711,2.503258
4712,2.503258
4713,2.197160
4714,1.974938
4715,1.891061
4716,2.197160
4717,2.197160
4718,2.503258
4719,2.725481
4720,2.947703
4721,2.947703
4722,2.725481
4723,2.419382
4724,2.419382
4725,2.197160
4726,1.836592
4727,1.836592
4728,2.197160
4729,2.419382
4730,2.725481
4731,2.725481
4732,2.725481
4733,2.725481
4734,2.725481
4735,2.503258
4736,2.503258
4737,2.281036
4738,2.197160
4739,2.419382
4740,2.197160
4741,2.281036
4742,2.197160
4743,2.503258
4744,2.281036
4745,2.503258
4746,2.419382
4747,2.419382
4748,2.419382
4749,2.419382
4750,2.503258
4751,2.197160
4752,1.891061
4753,2.113283
4754,2.419382
4755,2.113283
4756,2.419382
4757,2.197160
4758,2.197160
4759,2.281036
4760,2.503258
4761,2.725481
4762,2.725481
4763,2.641604
4764,2.641604
4765,2.641604
4766,2.419382
4767,2.113283
4768,2.113283
4769,1.891061
4770,2.197160
4771,2.058814
4772,2.058814
4773,2.058814
4774,2.419382
4775,2.503258
4776,2.725481
4777,2.947703
4778,2.725481
4779,2.725481
4780,2.503258
4781,2.419382
4782,2.281036
4783,2.419382
4784,2.419382
4785,2.419382
4786,2.058814
4787,2.058814
4788,1.836592
4789,1.974938
4790,2.281036
4791,2.197160
4792,2.419382
4793,2.641604
4794,2.641604
4795,2.419382
4796,2.197160
4797,2.503258
4798,2.503258
4799,2.503258
4800,2.725481
4801,2.725481
4802,2.947703
4803,2.947703
4804,2.725481
4805,2.503258
4806,2.503258
4807,2.281036
4808,2.281036
4809,2.503258
4810,2.503258
4811,2.725481
4812,2.725481
4813,2.725481
4814,2.503258
4815,2.725481
4816,2.725481
4817,2.503258
4818,2.197160
4819,2.503258
4820,2.503258
4821,2.725481
4822,2.419382
4823,2.419382
4824,2.503258
4825,2.419382
4826,2.419382
4827,2.419382
4828,2.503258
4829,2.725481
4830,2.503258
4831,2.725481
4832,2.503258
4833,2.503258
4834,2.197160
4835,2.419382
4836,2.281036
4837,2.058814
4838,2.113283
4839,2.419382
4840,2.419382
4841,2.725481
4842,2.503258
4843,2.419382
4844,2.113283
4845,1.752715
4846,1.836592
4847,1.752715
4848,2.113283
4849,2.113283
4850,2.419382
4851,2.725481
4852,2.503258
4853,2.725481
4854,2.419382
4855,2.641604
4856,2.419382
4857,2.725481
4858,2.947703
4859,2.725481
4860,2.947703
4861,2.947703
4862,2.725481
4863,2.725481
4864,2.725481
4865,2.503258
4866,2.503258
4867,2.503258
4868,2.503258
4869,2.419382
4870,2.197160
4871,2.197160
4872,2.197160
4873,1.891061
4874,1.836592
4875,2.197160
4876,2.197160
4877,2.419382
4878,2.419382
4879,2.419382
4880,2.503258
4881,2.503258
4882,2.503258
4883,2.503258
4884,2.197160
4885,2.419382
4886,2.113283
4887,2.113283
4888,2.419382
4889,2.641604
4890,2.725481
4891,2.947703
4892,3.169925
4893,2.947703
4894,2.725481
4895,2.725481
4896,2.503258
4897,2.503258
4898,2.503258
4899,2.503258
4900,2.725481
4901,2.725481
4902,2.503258
4903,2.503258
4904,2.503258
4905,2.419382
4906,2.113283
4907,2.197160
4908,2.419382
4909,2.058814
4910,2.419382
4911,2.419382
4912,2.725481
4913,2.725481
4914,2.725481
4915,2.641604
4916,2.641604
4917,2.419382
4918,2.419382
4919,2.419382
4920,2.419382
4921,2.197160
4922,2.281036
4923,2.503258
4924,2.725481
4925,2.725481
4926,2.725481
4927,2.725481
4928,2.419382
4929,2.419382
4930,2.197160
4931,2.503258
4932,2.503258
4933,2.725481
4934,2.503258
4935,2.503258
4936,2.419382
4937,2.197160
4938,2.197160
4939,2.058814
4940,2.197160
4941,2.503258
4942,2.725481
4943,2.725481
4944,2.725481
4945,2.725481
4946,2.725481
4947,2.947703
4948,2.947703
4949,2.947703
4950,2.947703
4951,2.725481
4952,2.725481
4953,2.503258
4954,2.503258
4955,2.725481
4956,2.725481
4957,2.725481
4958,2.725481
4959,2.725481
4960,2.725481
4961,2.947703
4962,2.725481
4963,2.725481
4964,2.725481
4965,2.725481
4966,2.725481
4967,2.725481
4968,2.725481
4969,2.947703
4970,2.725481
4971,2.725481
4972,2.725481
4973,2.503258
4974,2.197160
4975,2.419382
4976,2.641604
4977,2.641604
4978,2.725481
4979,2.419382
4980,2.419382
4981,2.197160
4982,2.419382
4983,2.419382
4984,2.419382
4985,2.419382
4986,2.503258
4987,2.503258
4988,2.197160
4989,2.281036
4990,2.281036
4991,2.503258
4992,2.503258
4993,2.725481
4994,2.947703
4995,2.641604
4996,2.725481
4997,2.725481
4998,2.947703
4999,2.725481
5000,2.725481
5001,2.725481
5002,2.503258
5003,2.725481
5004,2.725481
5005,2.725481
5006,2.725481
5007,2.947703
5008,2.641604
5009,2.641604
5010,2.641604
5011,2.419382
5012,2.419382
5013,2.503258
5014,2.725481
5015,2.725481
5016,2.725481
5017,2.419382
5018,2.419382
5019,2.725481
5020,2.725481
5021,2.725481
5022,2.419382
5023,2.197160
5024,2.197160
5025,2.419382
5026,2.113283
5027,2.419382
5028,2.725481
5029,2.947703
5030,2.947703
5031,2.725481
5032,2.947703
5033,2.725481
5034,2.725481
5035,2.503258
5036,2.197160
5037,2.197160
5038,2.058814
5039,2.058814
5040,1.752715
5041,2.058814
5042,2.058814
5043,2.419382
5044,2.419382
5045,2.725481
5046,2.419382
5047,2.503258
5048,2.503258
5049,2.419382
5050,2.419382
5051,2.197160
5052,2.113283
5053,2.419382
5054,2.058814
5055,2.058814
5056,2.058814
5057,2.113283
5058,1.752715
5059,1.752715
5060,2.113283
5061,2.419382
5062,2.419382
5063,2.641604
5064,2.725481
5065,2.725481
5066,2.725481
5067,2.725481
5068,2.725481
5069,2.503258
5070,2.281036
5071,2.503258
5072,2.419382
5073,2.503258
5074,2.503258
5075,2.281036
5076,1.974938
5077,1.891061
5078,2.113283
5079,2.197160
5080,2.503258
5081,2.503258
5082,2.503258
5083,2.281036
5084,2.503258
5085,2.725481
5086,2.503258
5087,2.503258
5088,2.725481
5089,2.725481
5090,2.725481
5091,2.947703
5092,2.725481
5093,2.947703
5094,2.725481
5095,2.947703
5096,2.947703
5097,2.947703
5098,2.725481
5099,2.725481
5100,2.503258
5101,2.419382
5102,2.419382
5103,2.419382
5104,2.419382
5105,2.419382
5106,2.113283
5107,1.752715
5108,2.113283
5109,2.197160
5110,2.419382
5111,2.419382
5112,2.419382
5113,2.058814
5114,2.419382
5115,2.503258
5116,2.503258
5117,2.725481
5118,2.725481
5119,2.725481
5120,2.725481
5121,2.419382
5122,2.503258
5123,2.725481
5124,2.725481
5125,2.503258
5126,2.725481
5127,2.503258
5128,2.725481
5129,2.641604
5130,2.419382
5131,2.419382
5132,2.419382
5133,2.419382
5134,2.641604
5135,2.725481
5136,2.641604
5137,2.641604
5138,2.419382
5139,2.419382
5140,2.725481
5141,2.725481
5142,2.725481
5143,2.503258
5144,2.725481
5145,2.503258
5146,2.725481
5147,2.725481
5148,2.725481
5149,2.947703
5150,2.947703
5151,2.725481
5152,2.725481
5153,2.947703
5154,2.947703
5155,2.947703
5156,2.947703
5157,2.641604
5158,2.947703
5159,2.725481
5160,2.725481
5161,2.725481
5162,2.503258
5163,2.281036
5164,2.281036
5165,2.503258
5166,2.503258
5167,2.725481
5168,2.725481
5169,2.725481
5170,2.725481
5171,2.503258
5172,2.725481
5173,2.947703
5174,2.947703
5175,2.947703
5176,2.947703
5177,2.947703
5178,2.725481
5179,2.725481
5180,2.947703
5181,2.725481
5182,2.725481
5183,2.725481
5184,2.503258
5185,2.725481
5186,2.725481
5187,2.725481
5188,2.725481
5189,2.503258
5190,2.419382
5191,2.725481
5192,2.503258
5193,2.197160
5194,2.419382
5195,2.419382
5196,2.419382
5197,2.725481
5198,2.503258
5199,2.503258
5200,2.503258
5201,2.281036
5202,2.197160
5203,2.113283
5204,2.113283
5205,2.058814
5206,2.419382
5207,2.725481
5208,2.503258
5209,2.725481
5210,2.419382
5211,2.641604
5212,2.641604
5213,2.419382
5214,2.419382
5215,2.419382
5216,2.725481
5217,2.725481
5218,2.503258
5219,2.503258
5220,2.503258
5221,2.725481
5222,2.725481
5223,2.947703
5224,2.947703
5225,2.947703
5226,2.725481
5227,2.725481
5228,2.641604
5229,2.641604
5230,2.419382
5231,2.419382
5232,2.113283
5233,2.113283
5234,2.197160
5235,2.197160
5236,2.197160
5237,2.281036
5238,2.281036
5239,2.503258
5240,2.197160
5241,2.281036
5242,2.197160
5243,1.891061
5244,1.752715
5245,1.351644
5246,1.351644
5247,1.752715
5248,2.058814
5249,1.836592
5250,1.836592
5251,2.197160
5252,1.836592
5253,1.836592
5254,2.197160
5255,2.197160
5256,2.503258
5257,2.503258
5258,2.503258
5259,2.503258
5260,2.419382
5261,2.503258
5262,2.503258
5263,2.503258
5264,2.281036
5265,2.281036
5266,2.281036
5267,2.281036
5268,2.281036
5269,2.197160
5270,2.281036
5271,1.974938
5272,1.974938
5273,2.197160
5274,2.503258
5275,2.503258
5276,2.503258
5277,2.725481
5278,2.503258
5279,2.503258
5280,2.725481
5281,2.947703
5282,2.725481
5283,2.503258
5284,2.725481
5285,2.725481
5286,2.725481
5287,2.503258
5288,2.503258
5289,2.419382
5290,2.281036
5291,2.058814
5292,2.197160
5293,2.197160
5294,2.503258
5295,2.503258
5296,2.725481
5297,2.725481
5298,2.641604
5299,2.419382
5300,2.113283
5301,2.197160
5302,2.058814
5303,1.836592
5304,2.058814
5305,2.419382
5306,2.419382
5307,2.197160
5308,2.503258
5309,2.503258
5310,2.503258
5311,2.281036
5312,2.503258
5313,2.725481
5314,2.947703
5315,2.725481
5316,2.725481
5317,2.419382
5318,2.419382
5319,2.419382
5320,2.113283
5321,1.752715
5322,1.752715
5323,2.058814
5324,2.058814
5325,2.419382
5326,2.058814
5327,2.197160
5328,2.197160
5329,2.503258
5330,2.503258
5331,2.503258
5332,2.725481
5333,2.503258
5334,2.503258
5335,2.503258
5336,2.725481
5337,2.419382
5338,2.419382
5339,2.641604
5340,2.419382
5341,2.419382
5342,2.725481
5343,2.725481
5344,2.725481
5345,2.503258
5346,2.419382
5347,2.419382
5348,2.725481
5349,2.725481
5350,2.419382
5351,2.503258
5352,2.725481
5353,2.725481
5354,2.947703
5355,2.947703
5356,3.169925
5357,2.947703
5358,2.725481
5359,2.503258
5360,2.503258
5361,2.725481
5362,2.725481
5363,2.725481
5364,2.947703
5365,2.947703
5366,2.947703
5367,2.725481
5368,2.725481
5369,2.725481
5370,2.725481
5371,2.725481
5372,2.503258
5373,2.503258
5374,2.725481
5375,2.725481
5376,2.725481
5377,2.503258
5378,2.419382
5379,2.197160
5380,2.419382
5381,2.419382
5382,2.419382
5383,2.197160
5384,2.197160
5385,2.281036
5386,2.503258
5387,2.281036
5388,2.503258
5389,2.503258
5390,2.281036
5391,2.503258
5392,2.503258
5393,2.503258
5394,2.281036
5395,2.281036
5396,2.281036
5397,2.503258
5398,2.503258
5399,2.419382
5400,2.419382
5401,2.058814
5402,1.836592
5403,1.836592
5404,2.058814
5405,2.419382
5406,2.641604
5407,2.947703
5408,2.947703
5409,2.725481
5410,2.641604
5411,2.641604
5412,2.419382
5413,2.197160
5414,2.197160
5415,1.974938
5416,1.891061
5417,1.891061
5418,2.197160
5419,2.113283
5420,2.419382
5421,2.641604
5422,2.725481
5423,2.503258
5424,2.503258
5425,2.503258
5426,2.419382
5427,2.503258
5428,2.503258
5429,2.725481
5430,2.725481
5431,2.503258
5432,2.725481
5433,2.725481
5434,2.725481
5435,2.503258
5436,2.197160
5437,2.058814
5438,2.419382
5439,2.197160
5440,1.891061
5441,1.752715
5442,1.752715
5443,1.891061
5444,1.974938
5445,1.891061
5446,1.584963
5447,1.891061
5448,1.836592
5449,2.058814
5450,1.836592
5451,1.974938
5452,2.197160
5453,2.503258
5454,2.503258
5455,2.725481
5456,2.725481
5457,2.419382
5458,2.503258
5459,2.503258
5460,2.725481
5461,2.725481
5462,2.503258
5463,2.419382
5464,2.419382
5465,2.419382
5466,2.503258
5467,2.419382
5468,2.419382
5469,2.419382
5470,2.419382
5471,2.197160
5472,2.419382
5473,2.419382
5474,2.419382
5475,2.419382
5476,2.419382
5477,2.197160
5478,2.503258
5479,2.197160
5480,2.281036
5481,2.281036
5482,2.503258
5483,2.503258
5484,2.503258
5485,2.419382
5486,2.419382
5487,2.503258
5488,2.503258
5489,2.725481
5490,2.947703
5491,2.725481
5492,2.725481
5493,2.725481
5494,2.725481
5495,2.725481
5496,2.641604
5497,2.641604
5498,2.419382
5499,2.419382
5500,2.503258
5501,2.197160
5502,2.058814
5503,2.058814
5504,2.419382
5505,2.641604
5506,2.641604
5507,2.641604
5508,2.281036
5509,2.058814
5510,2.419382
5511,2.725481
5512,2.725481
5513,2.419382
5514,2.641604
5515,2.419382
5516,2.503258
5517,2.725481
5518,2.503258
5519,2.725481
5520,2.725481
5521,2.725481
5522,2.947703
5523,2.725481
5524,2.503258
5525,2.197160
5526,1.974938
5527,2.197160
5528,2.197160
5529,2.503258
5530,2.503258
5531,2.503258
5532,2.503258
5533,2.281036
5534,2.503258
5535,2.503258
5536,2.419382
5537,2.197160
5538,2.197160
5539,2.419382
5540,2.281036
5541,2.058814
5542,2.281036
5543,2.419382
5544,2.419382
5545,2.197160
5546,2.197160
5547,2.503258
5548,2.503258
5549,2.725481
5550,2.947703
5551,2.725481
5552,2.503258
5553,2.503258
5554,2.503258
5555,2.725481
5556,2.725481
5557,2.725481
5558,2.503258
5559,2.503258
5560,2.503258
5561,2.281036
5562,2.503258
5563,2.725481
5564,2.725481
5565,2.725481
5566,2.503258
5567,2.197160
5568,2.197160
5569,2.197160
5570,1.974938
5571,1.891061
5572,2.197160
5573,2.503258
5574,2.419382
5575,2.725481
5576,2.725481
5577,2.725481
5578,2.641604
5579,2.641604
5580,2.419382
5581,2.725481
5582,2.947703
5583,2.725481
5584,2.641604
5585,2.947703
5586,2.947703
5587,2.947703
5588,2.947703
5589,2.725481
5590,2.503258
5591,2.281036
5592,2.281036
5593,2.197160
5594,2.281036
5595,2.503258
5596,2.503258
5597,2.503258
5598,2.725481
5599,2.947703
5600,2.725481
5601,2.725481
5602,2.419382
5603,2.419382
5604,2.641604
5605,2.725481
5606,2.503258
5607,2.419382
5608,2.197160
5609,2.419382
5610,2.503258
5611,2.419382
5612,2.197160
5613,2.419382
5614,2.419382
5615,2.725481
5616,2.503258
5617,2.197160
5618,2.419382
5619,2.419382
5620,2.503258
5621,2.197160
5622,2.197160
5623,2.197160
5624,2.197160
5625,2.503258
5626,2.503258
5627,2.725481
5628,2.725481
5629,2.725481
5630,2.725481
5631,2.503258
5632,2.503258
5633,2.503258
5634,2.503258
5635,2.197160
5636,2.058814
5637,1.752715
5638,1.657743
5639,1.657743
5640,1.657743
5641,2.058814
5642,2.281036
5643,2.419382
5644,2.503258
5645,2.725481
5646,2.725481
5647,2.947703
5648,2.947703
5649,2.725481
5650,2.419382
5651,2.419382
5652,2.058814
5653,2.058814
5654,2.058814
5655,2.419382
5656,2.641604
5657,2.725481
5658,2.503258
5659,2.419382
5660,2.503258
5661,2.725481
5662,2.503258
5663,2.503258
5664,2.503258
5665,2.281036
5666,2.281036
5667,2.197160
5668,2.197160
5669,2.419382
5670,2.725481
5671,2.725481
5672,2.725481
5673,2.725481
5674,2.503258
5675,2.725481
5676,2.725481
5677,2.419382
5678,2.419382
5679,2.419382
5680,2.641604
5681,2.725481
5682,2.725481
5683,2.419382
5684,2.419382
5685,2.419382
5686,2.419382
5687,2.197160
5688,2.503258
5689,2.281036
5690,2.281036
5691,2.281036
5692,1.974938
5693,1.974938
5694,2.197160
5695,2.419382
5696,2.503258
5697,2.725481
5698,2.503258
5699,2.281036
5700,2.281036
5701,2.503258
5702,2.725481
5703,2.725481
5704,2.503258
5705,2.725481
5706,2.725481
5707,2.503258
5708,2.503258
5709,2.503258
5710,2.725481
5711,2.503258
5712,2.197160
5713,2.113283
5714,2.419382
5715,2.197160
5716,2.197160
5717,1.891061
5718,1.891061
5719,1.584963
5720,1.891061
5721,2.113283
5722,2.197160
5723,2.197160
5724,2.197160
5725,2.058814
5726,2.058814
5727,2.281036
5728,2.281036
5729,2.281036
5730,2.641604
5731,2.947703
5732,2.947703
5733,2.725481
5734,2.725481
5735,2.503258
5736,2.503258
5737,2.503258
5738,2.725481
5739,2.725481
5740,2.947703
5741,2.725481
5742,2.503258
5743,2.725481
5744,2.419382
5745,2.058814
5746,2.058814
5747,2.058814
5748,1.752715
5749,2.113283
5750,2.058814
5751,2.419382
5752,2.419382
5753,2.419382
5754,2.725481
5755,2.503258
5756,2.725481
5757,2.725481
5758,2.419382
5759,2.281036
5760,2.281036
5761,2.281036
5762,2.058814
5763,2.197160
5764,2.503258
5765,2.725481
5766,2.947703
5767,2.947703
5768,2.947703
5769,2.947703
5770,2.641604
5771,2.419382
5772,2.197160
5773,2.197160
5774,2.419382
5775,2.058814
5776,2.113283
5777,2.113283
5778,2.419382
5779,2.641604
5780,2.641604
5781,2.725481
5782,2.725481
5783,2.725481
5784,2.419382
5785,2.641604
5786,2.641604
5787,2.641604
5788,2.419382
5789,2.197160
5790,2.503258
5791,2.197160
5792,2.197160
5793,2.419382
5794,2.725481
5795,2.503258
5796,2.725481
5797,2.725481
5798,2.503258
5799,2.197160
5800,2.197160
5801,2.058814
5802,1.879965
5803,2.281036
5804,2.281036
5805,2.058814
5806,2.419382
5807,2.419382
5808,2.725481
5809,2.503258
5810,2.725481
5811,2.419382
5812,2.113283
5813,2.419382
5814,2.419382
5815,2.641604
5816,2.725481
5817,2.725481
5818,2.947703
5819,2.725481
5820,2.725481
5821,2.419382
5822,2.197160
5823,2.058814
5824,2.058814
5825,2.058814
5826,2.419382
5827,2.197160
5828,2.281036
5829,1.974938
5830,1.891061
5831,2.197160
5832,1.974938
5833,2.197160
5834,2.419382
5835,2.725481
5836,2.947703
5837,2.725481
5838,2.503258
5839,2.281036
5840,2.503258
5841,2.197160
5842,2.503258
5843,2.197160
5844,2.419382
5845,2.725481
5846,2.725481
5847,2.725481
5848,2.725481
5849,2.419382
5850,2.503258
5851,2.503258
5852,2.503258
5853,2.725481
5854,2.725481
5855,2.725481
5856,2.947703
5857,2.947703
5858,3.169925
5859,2.947703
5860,2.641604
5861,2.419382
5862,2.419382
5863,2.725481
5864,2.503258
5865,2.503258
5866,2.419382
5867,2.419382
5868,2.419382
5869,2.419382
5870,2.197160
5871,1.891061
5872,2.197160
5873,2.197160
5874,2.197160
5875,2.197160
5876,1.836592
5877,1.836592
5878,1.657743
5879,1.836592
5880,2.197160
5881,2.197160
5882,2.197160
5883,2.419382
5884,2.419382
5885,2.419382
5886,2.419382
5887,2.197160
5888,2.503258
5889,2.503258
5890,2.503258
5891,2.503258
5892,2.197160
5893,1.891061
5894,1.891061
5895,2.197160
5896,2.197160
5897,2.281036
5898,2.197160
5899,2.197160
5900,2.113283
5901,2.113283
5902,2.113283
5903,2.419382
5904,2.503258
5905,2.503258
5906,2.503258
5907,2.503258
5908,2.503258
5909,2.197160
5910,2.197160
5911,2.197160
5912,2.197160
5913,2.419382
5914,2.419382
5915,2.641604
5916,2.947703
5917,2.947703
5918,2.641604
5919,2.641604
5920,2.641604
5921,2.281036
5922,2.281036
5923,2.058814
5924,2.419382
5925,2.419382
5926,2.503258
5927,2.503258
5928,2.503258
5929,2.503258
5930,2.725481
5931,2.725481
5932,2.725481
5933,2.725481
5934,2.725481
5935,2.503258
5936,2.503258
5937,2.503258
5938,2.503258
5939,2.725481
5940,2.947703
5941,2.947703
5942,2.725481
5943,2.503258
5944,2.503258
5945,2.725481
5946,2.725481
5947,2.503258
5948,2.197160
5949,2.503258
5950,2.725481
5951,2.419382
5952,2.503258
5953,2.419382
5954,2.725481
5955,2.503258
5956,2.725481
5957,2.503258
5958,2.503258
5959,2.281036
5960,2.503258
5961,2.725481
5962,2.503258
5963,2.725481
5964,2.725481
5965,2.725481
5966,2.503258
5967,2.503258
5968,2.503258
5969,2.419382
5970,2.641604
5971,2.641604
5972,2.419382
5973,2.725481
5974,2.947703
5975,2.947703
5976,2.725481
5977,2.947703
5978,2.947703
5979,2.725481
5980,2.503258
5981,2.503258
5982,2.419382
5983,2.641604
5984,2.641604
5985,2.419382
5986,2.419382
5987,2.725481
5988,2.725481
5989,2.725481
5990,2.503258
5991,2.503258
5992,2.419382
5993,2.419382
5994,2.197160
5995,2.197160
5996,2.503258
5997,2.503258
5998,2.419382
5999,2.113283
6000,2.197160
6001,2.419382
6002,2.503258
6003,2.503258
6004,2.503258
6005,2.503258
6006,2.281036
6007,2.281036
6008,2.503258
6009,2.503258
6010,2.503258
6011,2.503258
6012,2.503258
6013,2.503258
6014,2.281036
6015,2.503258
6016,2.725481
6017,2.419382
6018,2.058814
6019,2.058814
6020,2.281036
6021,2.281036
6022,2.419382
6023,2.058814
6024,2.281036
6025,2.281036
6026,2.419382
6027,2.725481
6028,2.725481
6029,2.503258
6030,2.503258
6031,2.725481
6032,2.503258
6033,2.725481
6034,2.725481
6035,2.503258
6036,2.503258
6037,2.197160
6038,2.197160
6039,2.419382
6040,2.419382
6041,2.197160
6042,2.281036
6043,2.503258
6044,2.725481
6045,2.725481
6046,2.503258
6047,2.725481
6048,2.947703
6049,2.947703
6050,2.725481
6051,2.419382
6052,2.281036
6053,2.419382
6054,2.419382
6055,2.503258
6056,2.725481
6057,2.503258
6058,2.503258
6059,2.503258
6060,2.725481
6061,2.725481
6062,2.725481
6063,2.725481
6064,2.503258
6065,2.725481
6066,2.503258
6067,2.281036
6068,2.281036
6069,2.281036
6070,2.503258
6071,2.503258
6072,2.503258
6073,2.419382
6074,2.725481
6075,2.503258
6076,2.503258
6077,2.503258
6078,2.725481
6079,2.419382
6080,2.419382
6081,2.419382
6082,2.419382
6083,2.503258
6084,2.725481
6085,2.947703
6086,3.169925
6087,2.947703
6088,2.725481
6089,2.725481
6090,2.725481
6091,2.419382
6092,2.503258
6093,2.503258
6094,2.725481
6095,2.725481
6096,2.947703
6097,2.725481
6098,2.725481
6099,2.503258
6100,2.197160
6101,2.419382
6102,2.641604
6103,2.419382
6104,2.419382
6105,2.503258
6106,2.503258
6107,2.725481
6108,2.725481
6109,2.419382
6110,2.725481
6111,2.725481
6112,2.503258
6113,2.725481
6114,2.725481
6115,2.725481
6116,2.725481
6117,2.725481
6118,2.503258
6119,2.725481
6120,2.725481
6121,2.947703
6122,2.947703
6123,2.947703
6124,2.725481
6125,2.725481
6126,2.725481
6127,2.641604
6128,2.419382
6129,2.058814
6130,2.058814
6131,2.281036
6132,2.281036
6133,1.879965
6134,2.281036
6135,2.641604
6136,2.725481
6137,2.503258
6138,2.725481
6139,2.725481
6140,2.725481
6141,2.503258
6142,2.725481
6143,2.725481
6144,2.725481
6145,2.725481
6146,2.419382
6147,2.113283
6148,2.113283
6149,2.113283
6150,2.419382
6151,2.725481
6152,2.947703
6153,2.947703
6154,2.725481
6155,2.725481
6156,2.725481
6157,2.725481
6158,2.947703
6159,2.725481
6160,2.725481
6161,2.503258
6162,2.281036
6163,2.197160
6164,2.197160
6165,2.503258
6166,2.419382
6167,2.503258
6168,2.281036
6169,2.281036
6170,2.281036
6171,2.503258
6172,2.503258
6173,2.503258
6174,2.725481
6175,2.725481
6176,2.503258
6177,2.281036
6178,2.197160
6179,2.197160
6180,2.197160
6181,2.503258
6182,2.725481
6183,2.503258
6184,2.503258
6185,2.503258
6186,2.725481
6187,2.725481
6188,2.419382
6189,2.419382
6190,2.503258
6191,2.503258
6192,2.503258
6193,2.503258
6194,2.197160
6195,2.419382
6196,2.725481
6197,2.725481
6198,2.641604
6199,2.725481
6200,2.725481
6201,2.419382
6202,2.197160
6203,2.197160
6204,2.197160
6205,2.503258
6206,2.503258
6207,2.419382
6208,2.503258
6209,2.419382
6210,2.419382
6211,2.641604
6212,2.641604
6213,2.419382
6214,2.641604
6215,2.641604
6216,2.641604
6217,2.641604
6218,2.725481
6219,2.641604
6220,2.725481
6221,2.725481
6222,2.725481
6223,2.503258
6224,2.503258
6225,2.419382
6226,2.419382
6227,2.725481
6228,2.725481
6229,2.503258
6230,2.503258
6231,2.503258
6232,2.725481
6233,2.503258
6234,2.725481
6235,2.503258
6236,2.503258
6237,2.725481
6238,2.503258
6239,2.725481
6240,2.419382
6241,2.419382
6242,2.725481
6243,2.419382
6244,2.113283
6245,1.752715
6246,2.058814
6247,2.281036
6248,2.058814
6249,2.419382
6250,2.503258
6251,2.197160
6252,2.197160
6253,1.891061
6254,1.891061
6255,1.891061
6256,1.891061
6257,1.752715
6258,2.113283
6259,2.419382
6260,2.503258
6261,2.503258
6262,2.419382
6263,2.113283
6264,1.752715
6265,2.113283
6266,1.891061
6267,1.891061
6268,1.891061
6269,2.197160
6270,2.197160
6271,2.503258
6272,2.725481
6273,2.503258
6274,2.503258
6275,2.725481
6276,2.419382
6277,2.419382
6278,2.725481
6279,2.503258
6280,2.503258
6281,2.503258
6282,2.503258
6283,2.725481
6284,2.419382
6285,2.419382
6286,2.725481
6287,2.947703
6288,2.725481
6289,2.725481
6290,2.947703
6291,2.725481
6292,2.725481
6293,2.419382
6294,2.419382
6295,2.725481
6296,2.947703
6297,2.641604
6298,2.419382
6299,2.197160
6300,2.503258
6301,2.725481
6302,2.947703
6303,2.725481
6304,2.725481
6305,2.725481
6306,2.725481
6307,2.503258
6308,2.725481
6309,2.947703
6310,2.725481
6311,2.725481
6312,2.947703
6313,2.947703
6314,2.641604
6315,2.419382
6316,2.419382
6317,2.197160
6318,2.419382
6319,2.725481
6320,2.725481
6321,2.419382
6322,2.503258
6323,2.197160
6324,2.197160
6325,2.419382
6326,2.725481
6327,2.503258
6328,2.503258
6329,2.503258
6330,2.725481
6331,2.725481
6332,2.725481
6333,2.725481
6334,2.725481
6335,2.725481
6336,2.503258
6337,2.281036
6338,2.503258
6339,2.725481
6340,2.419382
6341,2.641604
6342,2.641604
6343,2.641604
6344,2.725481
6345,2.641604
6346,2.641604
6347,2.641604
6348,2.419382
6349,2.197160
6350,2.281036
6351,2.281036
6352,2.281036
6353,2.503258
6354,2.197160
6355,2.058814
6356,2.197160
6357,2.197160
6358,2.503258
6359,2.503258
6360,2.503258
6361,2.503258
6362,2.725481
6363,2.947703
6364,2.947703
6365,2.725481
6366,2.503258
6367,2.503258
6368,2.419382
6369,2.419382
6370,2.058814
6371,2.281036
6372,1.879965
6373,2.058814
6374,2.058814
6375,2.113283
6376,1.891061
6377,2.197160
6378,2.197160
6379,2.419382
6380,2.725481
6381,2.725481
6382,2.725481
6383,2.725481
6384,2.503258
6385,2.725481
6386,2.725481
6387,2.503258
6388,2.503258
6389,2.197160
6390,2.197160
6391,2.197160
6392,2.197160
6393,2.419382
6394,2.725481
6395,2.641604
6396,2.725481
6397,2.419382
6398,2.419382
6399,2.419382
6400,2.419382
6401,2.197160
6402,2.197160
6403,2.113283
6404,2.197160
6405,2.419382
6406,2.641604
6407,2.419382
6408,2.281036
6409,2.281036
6410,2.419382
6411,2.503258
6412,2.419382
6413,2.503258
6414,2.197160
6415,2.197160
6416,2.197160
6417,1.891061
6418,1.974938
6419,2.197160
6420,2.419382
6421,2.419382
6422,2.503258
6423,2.503258
6424,2.503258
6425,2.503258
6426,2.503258
6427,2.281036
6428,1.974938
6429,1.891061
6430,1.974938
6431,2.197160
6432,2.113283
6433,1.891061
6434,1.891061
6435,2.197160
6436,2.419382
6437,2.419382
6438,2.725481
6439,2.947703
6440,2.947703
6441,2.947703
6442,2.641604
6443,2.419382
6444,2.419382
6445,2.419382
6446,2.419382
6447,2.503258
6448,2.725481
6449,2.641604
6450,2.725481
6451,2.725481
6452,2.503258
6453,2.503258
6454,2.281036
6455,2.503258
6456,2.503258
6457,2.725481
6458,2.725481
6459,2.725481
6460,2.725481
6461,2.725481
6462,2.641604
6463,2.419382
6464,2.197160
6465,2.197160
6466,2.197160
6467,2.503258
6468,2.725481
6469,2.641604
6470,2.641604
6471,2.419382
6472,2.419382
6473,2.419382
6474,2.419382
6475,2.419382
6476,2.419382
6477,2.419382
6478,2.281036
6479,2.281036
6480,2.281036
6481,2.419382
6482,2.419382
6483,2.725481
6484,2.725481
6485,2.947703
6486,2.947703
6487,2.725481
6488,2.641604
6489,2.725481
6490,2.725481
6491,2.725481
6492,2.419382
6493,2.197160
6494,2.419382
6495,2.503258
6496,2.503258
6497,2.503258
6498,2.503258
6499,2.419382
6500,2.113283
6501,1.891061
6502,1.836592
6503,1.974938
6504,2.281036
6505,2.503258
6506,2.725481
6507,2.725481
6508,2.725481
6509,2.725481
6510,2.419382
6511,2.503258
6512,2.503258
6513,2.419382
6514,2.641604
6515,2.419382
6516,2.419382
6517,2.641604
6518,2.947703
6519,2.947703
6520,2.947703
6521,2.947703
6522,2.725481
6523,2.725481
6524,2.725481
6525,2.503258
6526,2.503258
6527,2.725481
6528,2.725481
6529,2.503258
6530,2.725481
6531,2.503258
6532,2.419382
6533,2.419382
6534,2.197160
6535,2.197160
6536,2.197160
6537,2.197160
6538,2.058814
6539,2.058814
6540,2.197160
6541,2.197160
6542,2.503258
6543,2.725481
6544,2.725481
6545,2.947703
6546,2.725481
6547,2.503258
6548,2.503258
6549,2.725481
6550,2.503258
6551,2.419382
6552,2.419382
6553,2.058814
6554,2.419382
6555,2.503258
6556,2.725481
6557,2.725481
6558,2.503258
6559,2.503258
6560,2.503258
6561,2.725481
6562,2.725481
6563,2.947703
6564,2.947703
6565,2.725481
6566,2.503258
6567,2.503258
6568,2.725481
6569,2.725481
6570,2.725481
6571,2.725481
6572,2.725481
6573,2.725481
6574,2.419382
6575,2.503258
6576,2.503258
6577,2.503258
6578,2.419382
6579,2.419382
6580,2.503258
6581,2.725481
6582,2.419382
6583,2.725481
6584,2.419382
6585,2.197160
6586,2.419382
6587,2.419382
6588,2.503258
6589,2.503258
6590,2.503258
6591,2.725481
6592,2.725481
6593,2.419382
6594,2.113283
6595,1.891061
6596,2.197160
6597,2.197160
6598,2.281036
6599,2.197160
6600,2.503258
6601,2.725481
6602,2.503258
6603,2.725481
6604,2.419382
6605,2.503258
6606,2.503258
6607,2.503258
6608,2.197160
6609,2.419382
6610,2.419382
6611,2.419382
6612,2.419382
6613,2.503258
6614,2.281036
6615,2.503258
6616,2.725481
6617,2.725481
6618,2.725481
6619,2.725481
6620,2.725481
6621,2.725481
6622,2.419382
6623,2.197160
6624,2.197160
6625,2.197160
6626,2.197160
6627,2.419382
6628,2.725481
6629,2.725481
6630,2.725481
6631,2.725481
6632,2.503258
6633,2.419382
6634,2.419382
6635,2.641604
6636,2.641604
6637,2.725481
6638,2.725481
6639,2.725481
6640,2.419382
6641,2.419382
6642,2.419382
6643,2.419382
6644,2.419382
6645,2.113283
6646,2.197160
6647,2.197160
6648,2.197160
6649,2.113283
6650,2.419382
6651,2.419382
6652,2.058814
6653,2.281036
6654,2.058814
6655,2.419382
6656,2.058814
6657,2.419382
6658,2.725481
6659,2.503258
6660,2.503258
6661,2.725481
6662,2.725481
6663,2.725481
6664,2.725481
6665,2.503258
6666,2.725481
6667,2.947703
6668,2.947703
6669,2.641604
6670,2.725481
6671,2.503258
6672,2.503258
6673,2.725481
6674,2.725481
6675,2.947703
6676,2.725481
6677,2.725481
6678,2.419382
6679,2.197160
6680,2.281036
6681,2.197160
6682,2.197160
6683,2.419382
6684,2.419382
6685,2.419382
6686,2.419382
6687,2.197160
6688,2.503258
6689,2.503258
6690,2.503258
6691,2.197160
6692,2.419382
6693,2.419382
6694,2.419382
6695,2.725481
6696,2.419382
6697,2.725481
6698,2.725481
6699,2.725481
6700,2.503258
6701,2.197160
6702,2.197160
6703,2.281036
6704,2.503258
6705,2.419382
6706,2.503258
6707,2.419382
6708,2.419382
6709,2.197160
6710,1.836592
6711,2.058814
6712,2.058814
6713,2.419382
6714,2.641604
6715,2.725481
6716,2.947703
6717,2.725481
6718,2.503258
6719,2.503258
6720,2.503258
6721,2.197160
6722,2.197160
6723,2.197160
6724,2.197160
6725,2.197160
6726,2.503258
6727,2.197160
6728,2.058814
6729,1.836592
6730,1.657743
6731,2.058814
6732,2.197160
6733,2.419382
6734,2.113283
6735,2.113283
6736,2.419382
6737,2.641604
6738,2.725481
6739,2.725481
6740,2.503258
6741,2.419382
6742,2.058814
6743,2.058814
6744,2.281036
6745,2.641604
6746,2.641604
6747,2.641604
6748,2.419382
6749,2.419382
6750,2.641604
6751,2.281036
6752,2.641604
6753,2.419382
6754,2.641604
6755,2.641604
6756,2.419382
6757,2.503258
6758,2.725481
6759,2.725481
6760,2.503258
6761,2.725481
6762,2.725481
6763,2.725481
6764,2.641604
6765,2.641604
6766,2.725481
6767,2.503258
6768,2.281036
6769,2.503258
6770,2.503258
6771,2.503258
6772,2.725481
6773,2.503258
6774,2.725481
6775,2.725481
6776,2.947703
6777,2.947703
6778,2.725481
6779,2.725481
6780,2.725481
6781,2.725481
6782,2.503258
6783,2.725481
6784,2.725481
6785,2.641604
6786,2.419382
6787,2.419382
6788,2.419382
6789,2.641604
6790,2.725481
6791,2.947703
6792,2.725481
6793,2.503258
6794,2.197160
6795,1.891061
6796,2.197160
6797,2.197160
6798,2.503258
6799,2.503258
6800,2.725481
6801,2.725481
6802,2.725481
6803,2.947703
6804,2.725481
6805,2.503258
6806,2.725481
6807,2.641604
6808,2.725481
6809,2.725481
6810,2.725481
6811,2.503258
6812,2.503258
6813,2.725481
6814,2.947703
6815,2.725481
6816,2.725481
6817,2.725481
6818,2.947703
6819,2.947703
6820,2.947703
6821,2.947703
6822,2.641604
6823,2.725481
6824,2.725481
6825,2.725481
6826,2.725481
6827,2.419382
6828,2.641604
6829,2.419382
6830,2.419382
6831,2.113283
6832,2.419382
6833,2.419382
6834,2.197160
6835,2.503258
6836,2.503258
6837,2.197160
6838,2.197160
6839,2.197160
6840,2.419382
6841,2.419382
6842,2.725481
6843,2.947703
6844,2.725481
6845,2.725481
6846,2.725481
6847,2.725481
6848,2.503258
6849,2.197160
6850,2.197160
6851,2.503258
6852,2.503258
6853,2.725481
6854,2.725481
6855,2.947703
6856,2.725481
6857,2.725481
6858,2.725481
6859,2.947703
6860,3.169925
6861,2.947703
6862,2.725481
6863,2.725481
6864,2.725481
6865,2.503258
6866,2.503258
6867,2.725481
6868,2.419382
6869,2.641604
6870,2.419382
6871,2.113283
6872,2.113283
6873,2.113283
6874,2.197160
6875,2.197160
6876,1.974938
6877,2.197160
6878,2.197160
6879,2.419382
6880,2.197160
6881,2.419382
6882,2.419382
6883,2.503258
6884,2.503258
6885,2.503258
6886,2.197160
6887,1.974938
6888,2.197160
6889,2.197160
6890,2.419382
6891,2.725481
6892,2.725481
6893,2.725481
6894,2.419382
6895,2.725481
6896,2.725481
6897,2.419382
6898,2.419382
6899,2.419382
6900,2.641604
6901,2.641604
6902,2.725481
6903,2.947703
6904,2.947703
6905,2.725481
6906,2.419382
6907,2.725481
6908,2.503258
6909,2.503258
6910,2.725481
6911,2.725481
6912,2.725481
6913,2.419382
6914,2.725481
6915,2.725481
6916,2.725481
6917,2.725481
6918,2.419382
6919,2.058814
6920,2.419382
6921,2.419382
6922,2.197160
6923,2.419382
6924,2.641604
6925,2.947703
6926,2.725481
6927,2.725481
6928,2.725481
6929,2.725481
6930,2.725481
6931,2.503258
6932,2.419382
6933,2.419382
6934,2.503258
6935,2.197160
6936,2.419382
6937,2.419382
6938,2.419382
6939,2.725481
6940,2.725481
6941,2.419382
6942,2.281036
6943,2.058814
6944,2.281036
6945,2.281036
6946,2.419382
6947,2.419382
6948,2.419382
6949,2.503258
6950,2.503258
6951,2.197160
6952,2.197160
6953,2.419382
6954,2.503258
6955,2.725481
6956,2.503258
6957,2.197160
6958,2.419382
6959,2.725481
6960,2.503258
6961,2.725481
6962,2.503258
6963,2.725481
6964,2.419382
6965,2.419382
6966,2.058814
6967,2.058814
6968,2.058814
6969,1.752715
6970,1.891061
6971,2.197160
6972,2.281036
6973,2.503258
6974,2.503258
6975,2.197160
6976,2.197160
6977,2.419382
6978,2.641604
6979,2.641604
6980,2.641604
6981,2.419382
6982,2.503258
6983,2.503258
6984,2.419382
6985,2.419382
6986,2.419382
6987,2.419382
6988,2.419382
6989,2.725481
6990,2.725481
6991,2.947703
6992,2.947703
6993,2.947703
6994,2.725481
6995,2.503258
6996,2.503258
6997,2.725481
6998,2.725481
6999,2.503258
7000,2.281036
7001,2.281036
7002,2.503258
7003,2.725481
7004,2.725481
7005,2.725481
7006,2.947703
7007,2.725481
7008,2.725481
7009,2.725481
7010,2.725481
7011,2.419382
7012,2.419382
7013,2.641604
7014,2.725481
7015,2.725481
7016,2.503258
7017,2.725481
7018,2.503258
7019,2.503258
7020,2.197160
7021,2.419382
7022,2.281036
7023,2.058814
7024,2.419382
7025,2.113283
7026,2.113283
7027,2.197160
7028,2.503258
7029,2.725481
7030,2.725481
7031,2.725481
7032,2.947703
7033,2.947703
7034,2.947703
7035,2.947703
7036,2.725481
7037,2.503258
7038,2.725481
7039,2.725481
7040,2.725481
7041,2.947703
7042,2.947703
7043,2.947703
7044,3.169925
7045,3.169925
7046,2.947703
7047,2.947703
7048,3.169925
7049,3.169925
7050,2.947703
7051,2.947703
7052,2.947703
7053,2.725481
7054,2.947703
7055,2.947703
7056,2.725481
7057,2.725481
7058,2.947703
7059,2.725481
7060,2.725481
7061,2.419382
7062,2.503258
7063,2.503258
7064,2.503258
7065,2.725481
7066,2.641604
7067,2.419382
7068,2.419382
7069,2.503258
7070,2.503258
7071,2.725481
7072,2.725481
7073,2.947703
7074,2.641604
7075,2.641604
7076,2.281036
7077,2.281036
7078,2.281036
7079,2.641604
7080,2.419382
7081,2.725481
7082,2.725481
7083,2.947703
7084,2.725481
7085,2.947703
7086,2.725481
7087,2.419382
7088,2.641604
7089,2.725481
7090,2.725481
7091,2.419382
7092,2.419382
7093,2.419382
7094,2.419382
7095,2.281036
7096,1.879965
7097,2.058814
7098,2.058814
7099,2.058814
7100,2.058814
7101,2.058814
7102,2.281036
7103,2.058814
7104,2.197160
7105,2.503258
7106,2.503258
7107,2.503258
7108,2.725481
7109,2.725481
7110,2.947703
7111,2.725481
7112,2.725481
7113,2.947703
7114,2.947703
7115,2.725481
7116,2.947703
7117,2.947703
7118,2.725481
7119,2.503258
7120,2.725481
7121,2.725481
7122,2.503258
7123,2.197160
7124,1.891061
7125,1.752715
7126,1.392147
7127,1.392147
7128,1.392147
7129,1.752715
7130,2.058814
7131,2.197160
7132,2.503258
7133,2.503258
7134,2.503258
7135,2.725481
7136,2.947703
7137,2.725481
7138,2.725481
7139,2.947703
7140,2.725481
7141,2.419382
7142,2.197160
7143,2.419382
7144,2.197160
7145,2.503258
7146,2.725481
7147,2.725481
7148,2.419382
7149,2.725481
7150,2.725481
7151,2.641604
7152,2.641604
7153,2.641604
7154,2.641604
7155,2.641604
7156,2.725481
7157,2.725481
7158,2.503258
7159,2.503258
7160,2.197160
7161,2.419382
7162,2.419382
7163,2.503258
7164,2.419382
7165,2.419382
7166,2.197160
7167,1.836592
7168,1.974938
7169,1.974938
7170,2.197160
7171,2.197160
7172,2.197160
7173,2.419382
7174,2.725481
7175,2.725481
7176,2.503258
7177,2.725481
7178,2.419382
7179,2.197160
7180,2.197160
7181,2.197160
7182,2.281036
7183,2.503258
7184,2.503258
7185,2.503258
7186,2.725481
7187,2.419382
7188,2.419382
7189,2.503258
7190,2.503258
7191,2.197160
7192,2.419382
7193,2.725481
7194,2.725481
7195,2.503258
7196,2.725481
7197,2.725481
7198,2.725481
7199,2.725481
7200,2.947703
7201,2.725481
7202,2.725481
7203,2.725481
7204,2.503258
7205,2.281036
7206,2.197160
7207,2.419382
7208,2.197160
7209,2.113283
7210,2.113283
7211,2.197160
7212,2.197160
7213,2.113283
7214,2.113283
7215,1.891061
7216,2.197160
7217,2.197160
7218,2.419382
7219,2.058814
7220,2.419382
7221,2.725481
7222,2.503258
7223,2.725481
7224,2.419382
7225,2.419382
7226,2.419382
7227,2.419382
7228,2.725481
7229,2.725481
7230,2.419382
7231,2.419382
7232,2.419382
7233,2.725481
7234,2.725481
7235,2.947703
7236,2.947703
7237,2.641604
7238,2.947703
7239,2.725481
7240,2.419382
7241,2.197160
7242,2.197160
7243,1.974938
7244,2.281036
7245,2.503258
7246,2.197160
7247,2.197160
7248,2.197160
7249,2.503258
7250,2.725481
7251,2.725481
7252,2.503258
7253,2.281036
7254,2.281036
7255,2.281036
7256,2.197160
7257,2.197160
7258,2.197160
7259,2.197160
7260,2.503258
7261,2.197160
7262,2.419382
7263,2.419382
7264,2.725481
7265,2.947703
7266,2.947703
7267,2.725481
7268,2.725481
7269,2.725481
7270,2.503258
7271,2.281036
7272,2.281036
7273,2.503258
7274,2.503258
7275,2.503258
7276,2.281036
7277,2.197160
7278,2.197160
7279,1.974938
7280,2.197160
7281,2.197160
7282,2.419382
7283,2.503258
7284,2.725481
7285,2.725481
7286,2.725481
7287,2.947703
7288,2.947703
7289,2.725481
7290,2.725481
7291,2.725481
7292,2.725481
7293,2.725481
7294,2.641604
7295,2.419382
7296,2.113283
7297,2.113283
7298,1.891061
7299,1.974938
7300,2.281036
7301,2.281036
7302,2.281036
7303,2.503258
7304,2.725481
7305,2.725481
7306,2.725481
7307,2.419382
7308,2.197160
7309,2.503258
7310,2.503258
7311,2.725481
7312,2.947703
7313,2.947703
7314,2.947703
7315,2.725481
7316,2.419382
7317,2.725481
7318,2.725481
7319,2.725481
7320,2.503258
7321,2.197160
7322,2.419382
7323,2.419382
7324,2.419382
7325,2.197160
7326,2.419382
7327,2.725481
7328,2.725481
7329,2.641604
7330,2.641604
7331,2.641604
7332,2.419382
7333,2.419382
7334,2.503258
7335,2.197160
7336,2.197160
7337,2.419382
7338,2.419382
7339,2.503258
7340,2.197160
7341,2.281036
7342,2.197160
7343,2.503258
7344,2.419382
7345,2.725481
7346,2.947703
7347,2.947703
7348,2.947703
7349,2.947703
7350,2.947703
7351,2.641604
7352,2.419382
7353,2.197160
7354,2.197160
7355,2.113283
7356,2.419382
7357,2.503258
7358,2.197160
7359,2.197160
7360,2.281036
7361,2.281036
7362,2.281036
7363,2.503258
7364,2.725481
7365,2.947703
7366,2.725481
7367,2.947703
7368,2.725481
7369,2.725481
7370,2.725481
7371,2.419382
7372,2.197160
7373,2.503258
7374,2.725481
7375,2.725481
7376,2.725481
7377,2.725481
7378,2.503258
7379,2.419382
7380,2.419382
7381,2.058814
7382,2.281036
7383,2.058814
7384,1.657743
7385,1.657743
7386,2.058814
7387,2.197160
7388,2.281036
7389,2.503258
7390,2.503258
7391,2.503258
7392,2.503258
7393,2.281036
7394,2.503258
7395,2.503258
7396,2.503258
7397,2.725481
7398,2.725481
7399,2.503258
7400,2.503258
7401,2.725481
7402,2.725481
7403,2.503258
7404,2.197160
7405,2.197160
7406,2.197160
7407,2.197160
7408,2.503258
7409,2.503258
7410,2.503258
7411,2.503258
7412,2.725481
7413,2.725481
7414,2.419382
7415,2.419382
7416,2.197160
7417,2.419382
7418,2.503258
7419,2.419382
7420,2.503258
7421,2.197160
7422,2.197160
7423,2.419382
7424,2.503258
7425,2.725481
7426,2.725481
7427,2.725481
7428,2.419382
7429,2.419382
7430,2.419382
7431,2.197160
7432,2.197160
7433,2.113283
7434,1.752715
7435,1.752715
7436,2.058814
7437,2.058814
7438,2.058814
7439,2.197160
7440,2.503258
7441,2.503258
7442,2.419382
7443,2.197160
7444,2.197160
7445,2.197160
7446,2.197160
7447,2.197160
7448,2.419382
7449,2.419382
7450,2.419382
7451,2.197160
7452,2.503258
7453,2.503258
7454,2.281036
7455,2.503258
7456,2.503258
7457,2.419382
7458,2.419382
7459,2.419382
7460,2.725481
7461,2.725481
7462,2.725481
7463,2.503258
7464,2.725481
7465,2.503258
7466,2.419382
7467,2.641604
7468,2.419382
7469,2.113283
7470,2.197160
7471,2.197160
7472,2.197160
7473,2.419382
7474,2.641604
7475,2.419382
7476,2.419382
7477,2.725481
7478,2.725481
7479,2.725481
7480,2.503258
7481,2.725481
7482,2.641604
7483,2.947703
7484,2.947703
7485,2.641604
7486,2.641604
7487,2.641604
7488,2.419382
7489,2.503258
7490,2.197160
7491,2.419382
7492,2.197160
7493,2.281036
7494,2.503258
7495,2.725481
7496,2.725481
7497,2.725481
7498,2.503258
7499,2.419382
7500,2.419382
7501,2.641604
7502,2.419382
7503,2.419382
7504,2.725481
7505,2.725481
7506,2.503258
7507,2.197160
7508,2.197160
7509,2.503258
7510,2.503258
7511,2.503258
7512,2.197160
7513,2.419382
7514,2.503258
7515,2.281036
7516,2.503258
7517,2.725481
7518,2.725481
7519,2.419382
7520,2.058814
7521,1.836592
7522,2.058814
7523,2.197160
7524,1.836592
7525,1.530493
7526,1.752715
7527,2.113283
7528,2.419382
7529,2.641604
7530,2.419382
7531,2.725481
7532,2.725481
7533,2.725481
7534,2.419382
7535,2.281036
7536,2.419382
7537,2.419382
7538,2.419382
7539,2.725481
7540,2.725481
7541,2.503258
7542,2.281036
7543,2.503258
7544,2.503258
7545,2.725481
7546,2.947703
7547,2.725481
7548,2.419382
7549,2.419382
7550,2.197160
7551,2.281036
7552,1.974938
7553,1.836592
7554,1.836592
7555,1.836592
7556,1.836592
7557,1.530493
7558,1.752715
7559,2.058814
7560,2.197160
7561,2.197160
7562,2.419382
7563,2.058814
7564,1.752715
7565,1.657743
7566,1.879965
7567,2.281036
7568,2.281036
7569,2.419382
7570,2.503258
7571,2.503258
7572,2.503258
7573,2.725481
7574,2.503258
7575,2.197160
7576,2.419382
7577,2.725481
7578,2.947703
7579,2.947703
7580,2.725481
7581,2.725481
7582,2.419382
7583,2.197160
7584,2.113283
7585,2.113283
7586,2.113283
7587,2.113283
7588,2.419382
7589,2.419382
7590,2.419382
7591,2.725481
7592,2.725481
7593,2.725481
7594,2.947703
7595,3.169925
7596,2.947703
7597,2.947703
7598,2.947703
7599,2.725481
7600,2.725481
7601,2.725481
7602,2.725481
7603,2.725481
7604,2.641604
7605,2.419382
7606,2.197160
7607,2.197160
7608,2.419382
7609,2.058814
7610,2.419382
7611,2.725481
7612,2.725481
7613,2.725481
7614,2.725481
7615,2.725481
7616,2.725481
7617,2.725481
7618,2.725481
7619,2.419382
7620,2.419382
7621,2.419382
7622,2.058814
7623,2.419382
7624,2.419382
7625,2.419382
7626,2.197160
7627,2.197160
7628,2.503258
7629,2.725481
7630,2.725481
7631,2.725481
7632,2.503258
7633,2.503258
7634,2.725481
7635,2.725481
7636,2.725481
7637,2.641604
7638,2.419382
7639,2.641604
7640,2.419382
7641,2.197160
7642,2.197160
7643,2.503258
7644,2.725481
7645,2.725481
7646,2.419382
7647,2.503258
7648,2.503258
7649,2.503258
7650,2.419382
7651,2.419382
7652,2.503258
7653,2.503258
7654,2.725481
7655,2.419382
7656,2.419382
7657,2.058814
7658,2.281036
7659,2.281036
7660,2.419382
7661,2.725481
7662,2.503258
7663,2.281036
7664,2.281036
7665,2.281036
7666,2.281036
7667,2.503258
7668,2.725481
7669,2.419382
7670,2.725481
7671,2.947703
7672,2.947703
7673,2.725481
7674,2.725481
7675,2.725481
7676,2.503258
7677,2.503258
7678,2.419382
7679,2.419382
7680,2.725481
7681,2.419382
7682,2.503258
7683,2.197160
7684,2.197160
7685,2.197160
7686,1.891061
7687,2.197160
7688,2.419382
7689,2.197160
7690,1.974938
7691,2.281036
7692,2.503258
7693,2.503258
7694,2.503258
7695,2.503258
7696,2.503258
7697,2.725481
7698,2.725481
7699,2.503258
7700,2.503258
7701,2.419382
7702,2.197160
7703,2.197160
7704,2.197160
7705,2.058814
7706,2.281036
7707,2.281036
7708,2.281036
7709,2.641604
7710,2.641604
7711,2.641604
7712,2.641604
7713,2.641604
7714,2.725481
7715,2.725481
7716,2.725481
7717,2.725481
7718,2.725481
7719,2.503258
7720,2.725481
7721,2.725481
7722,2.725481
7723,2.725481
7724,2.725481
7725,2.725481
7726,2.947703
7727,2.641604
7728,2.641604
7729,2.641604
7730,2.641604
7731,2.419382
7732,2.419382
7733,2.503258
7734,2.503258
7735,2.197160
7736,2.197160
7737,2.197160
7738,1.836592
7739,2.197160
7740,2.197160
7741,2.419382
7742,2.419382
7743,2.503258
7744,2.725481
7745,2.725481
7746,2.725481
7747,2.419382
7748,2.725481
7749,2.503258
7750,2.725481
7751,2.503258
7752,2.419382
7753,2.197160
7754,2.113283
7755,2.113283
7756,2.113283
7757,2.419382
7758,2.419382
7759,2.503258
7760,2.503258
7761,2.503258
7762,2.725481
7763,2.503258
7764,2.419382
7765,2.725481
7766,2.725481
7767,2.947703
7768,2.725481
7769,2.419382
7770,2.419382
7771,2.503258
7772,2.503258
7773,2.197160
7774,2.419382
7775,2.113283
7776,2.113283
7777,2.419382
7778,2.503258
7779,2.197160
7780,2.419382
7781,2.419382
7782,2.419382
7783,2.419382
7784,2.113283
7785,2.419382
7786,2.725481
7787,2.947703
7788,2.725481
7789,2.725481
7790,2.503258
7791,2.503258
7792,2.503258
7793,2.725481
7794,2.947703
7795,2.947703
7796,2.641604
7797,2.419382
7798,2.197160
7799,2.197160
7800,2.197160
7801,2.113283
7802,2.113283
7803,2.197160
7804,2.503258
7805,2.725481
7806,2.725481
7807,2.641604
7808,2.419382
7809,2.503258
7810,2.503258
7811,2.197160
7812,2.503258
7813,2.503258
7814,2.197160
7815,2.419382
7816,2.113283
7817,1.891061
7818,1.974938
7819,1.891061
7820,2.197160
7821,2.197160
7822,2.197160
7823,2.197160
7824,2.503258
7825,2.725481
7826,2.947703
7827,2.947703
7828,2.725481
7829,2.641604
7830,2.641604
7831,2.419382
7832,2.419382
7833,2.503258
7834,2.503258
7835,2.503258
7836,2.503258
7837,2.419382
7838,2.419382
7839,2.641604
7840,2.641604
7841,2.725481
7842,2.947703
7843,2.725481
7844,2.725481
7845,2.419382
7846,2.419382
7847,2.725481
7848,2.503258
7849,2.503258
7850,2.503258
7851,2.197160
7852,2.419382
7853,2.197160
7854,2.197160
7855,2.058814
7856,1.836592
7857,2.197160
7858,2.197160
7859,2.419382
7860,2.641604
7861,2.947703
7862,2.725481
7863,2.725481
7864,2.419382
7865,2.113283
7866,1.891061
7867,1.584963
7868,1.891061
7869,2.197160
7870,2.281036
7871,2.281036
7872,2.503258
7873,2.419382
7874,2.197160
7875,2.419382
7876,2.419382
7877,2.197160
7878,2.503258
7879,2.725481
7880,2.503258
7881,2.503258
7882,2.503258
7883,2.503258
7884,2.503258
7885,2.725481
7886,2.725481
7887,2.725481
7888,2.503258
7889,2.725481
7890,2.947703
7891,2.947703
7892,2.947703
7893,2.725481
7894,2.725481
7895,2.725481
7896,2.419382
7897,2.419382
7898,2.058814
7899,2.058814
7900,1.836592
7901,1.836592
7902,2.058814
7903,2.419382
7904,2.641604
7905,2.947703
7906,2.725481
7907,2.725481
7908,2.725481
7909,2.503258
7910,2.503258
7911,2.503258
7912,2.503258
7913,2.725481
7914,2.725481
7915,2.503258
7916,2.503258
7917,2.503258
7918,2.725481
7919,2.725481
7920,2.725481
7921,2.725481
7922,2.503258
7923,2.725481
7924,2.725481
7925,2.503258
7926,2.281036
7927,2.503258
7928,2.503258
7929,2.419382
7930,2.419382
7931,2.503258
7932,2.725481
7933,2.725481
7934,2.503258
7935,2.503258
7936,2.503258
7937,2.725481
7938,2.419382
7939,2.419382
7940,2.197160
7941,2.197160
7942,2.503258
7943,2.725481
7944,2.641604
7945,2.725481
7946,2.503258
7947,2.725481
7948,2.725481
7949,2.725481
7950,2.725481
7951,2.503258
7952,2.281036
7953,2.197160
7954,2.419382
7955,2.641604
7956,2.725481
7957,2.725481
7958,2.503258
7959,2.281036
7960,2.197160
7961,2.419382
7962,2.419382
7963,2.281036
7964,2.281036
7965,1.879965
7966,2.058814
7967,1.657743
7968,2.058814
7969,2.419382
7970,2.419382
7971,2.058814
7972,2.197160
7973,2.197160
7974,2.281036
7975,2.281036
7976,2.503258
7977,2.503258
7978,2.503258
7979,2.419382
7980,2.419382
7981,2.197160
7982,2.197160
7983,2.419382
7984,2.419382
7985,2.641604
7986,2.641604
7987,2.641604
7988,2.419382
7989,2.058814
7990,2.419382
7991,2.503258
7992,2.503258
7993,2.503258
7994,2.503258
7995,2.419382
7996,2.725481
7997,2.947703
7998,2.725481
7999,2.947703
8000,2.641604
8001,2.281036
8002,2.641604
8003,2.947703
8004,2.725481
8005,2.725481
8006,2.503258
8007,2.419382
8008,2.419382
8009,2.503258
8010,2.503258
8011,2.197160
8012,1.974938
8013,2.281036
8014,2.197160
8015,2.197160
8016,2.197160
8017,2.197160
8018,2.197160
8019,2.503258
8020,2.419382
8021,2.725481
8022,2.503258
8023,2.197160
8024,2.197160
8025,2.197160
8026,2.197160
8027,2.197160
8028,2.419382
8029,2.058814
8030,2.419382
8031,2.503258
8032,2.503258
8033,2.419382
8034,2.197160
8035,2.503258
8036,2.197160
8037,2.281036
8038,2.197160
8039,2.419382
8040,2.503258
8041,2.503258
8042,2.725481
8043,2.725481
8044,2.725481
8045,2.725481
8046,2.419382
8047,2.419382
8048,2.503258
8049,2.725481
8050,2.947703
8051,3.169925
8052,2.947703
8053,2.725481
8054,2.419382
8055,2.058814
8056,2.197160
8057,2.197160
8058,2.197160
8059,2.113283
8060,1.752715
8061,1.891061
8062,1.891061
8063,2.197160
8064,2.419382
8065,2.503258
8066,2.725481
8067,2.725481
8068,2.725481
8069,2.725481
8070,2.503258
8071,2.725481
8072,2.725481
8073,2.419382
8074,2.197160
8075,2.419382
8076,2.197160
8077,2.197160
8078,1.836592
8079,2.058814
8080,2.113283
8081,2.197160
8082,2.113283
8083,1.752715
8084,2.058814
8085,2.281036
8086,2.641604
8087,2.419382
8088,2.113283
8089,1.891061
8090,2.197160
8091,2.419382
8092,2.419382
8093,2.725481
8094,2.503258
8095,2.725481
8096,2.725481
8097,2.725481
8098,2.503258
8099,2.503258
8100,2.725481
8101,2.725481
8102,2.947703
8103,3.169925
8104,3.169925
8105,2.947703
8106,2.725481
8107,2.725481
8108,2.725481
8109,2.725481
8110,2.725481
8111,2.503258
8112,2.197160
8113,2.197160
8114,1.891061
8115,1.752715
8116,1.752715
8117,2.058814
8118,2.058814
8119,2.197160
8120,2.419382
8121,2.197160
8122,2.503258
8123,2.503258
8124,2.197160
8125,2.197160
8126,2.503258
8127,2.281036
8128,2.503258
8129,2.725481
8130,2.419382
8131,2.419382
8132,2.197160
8133,2.419382
8134,2.503258
8135,2.503258
8136,2.503258
8137,2.503258
8138,2.503258
8139,2.503258
8140,2.197160
8141,2.197160
8142,2.419382
8143,2.725481
8144,2.641604
8145,2.419382
8146,2.197160
8147,2.419382
8148,2.419382
8149,2.419382
8150,2.641604
8151,2.725481
8152,2.503258
8153,2.197160
8154,2.419382
8155,2.281036
8156,2.058814
8157,2.197160
8158,2.197160
8159,2.419382
8160,2.197160
8161,2.281036
8162,2.503258
8163,2.281036
8164,2.197160
8165,2.197160
8166,2.197160
8167,2.419382
8168,2.419382
8169,2.419382
8170,2.641604
8171,2.419382
8172,2.503258
8173,2.197160
8174,2.419382
8175,2.197160
8176,2.503258
8177,2.725481
8178,2.503258
8179,2.419382
8180,2.641604
8181,2.419382
8182,2.419382
8183,2.725481
8184,2.503258
8185,2.419382
8186,2.281036
8187,2.419382
8188,2.503258
8189,2.503258
8190,2.503258
8191,2.197160
8192,1.891061
8193,2.113283
8194,2.419382
8195,2.419382
8196,2.725481
8197,2.419382
8198,2.419382
8199,2.419382
8200,2.419382
8201,2.419382
8202,2.197160
8203,2.503258
8204,2.419382
8205,2.419382
8206,2.725481
8207,2.947703
8208,2.947703
8209,2.947703
8210,2.947703
8211,2.947703
8212,2.947703
8213,2.947703
8214,2.725481
8215,2.725481
8216,2.419382
8217,2.641604
8218,2.641604
8219,2.419382
8220,2.725481
8221,2.503258
8222,2.503258
8223,2.725481
8224,2.947703
8225,2.725481
8226,2.419382
8227,2.725481
8228,2.947703
8229,2.947703
8230,2.725481
8231,2.419382
8232,2.197160
8233,2.197160
8234,2.197160
8235,2.419382
8236,2.419382
8237,2.641604
8238,2.641604
8239,2.419382
8240,2.419382
8241,2.058814
8242,2.058814
8243,2.058814
8244,2.058814
8245,2.281036
8246,2.281036
8247,1.879965
8248,1.879965
8249,2.281036
8250,2.419382
8251,2.058814
8252,2.058814
8253,2.058814
8254,2.058814
8255,1.752715
8256,2.113283
8257,2.419382
8258,2.503258
8259,2.725481
8260,2.725481
8261,2.725481
8262,2.725481
8263,2.947703
8264,2.947703
8265,2.725481
8266,2.503258
8267,2.503258
8268,2.503258
8269,2.503258
8270,2.503258
8271,2.725481
8272,2.503258
8273,2.503258
8274,2.725481
8275,2.419382
8276,2.419382
8277,2.058814
8278,1.752715
8279,2.113283
8280,1.752715
8281,2.058814
8282,2.058814
8283,2.419382
8284,2.641604
8285,2.725481
8286,2.641604
8287,2.725481
8288,2.641604
8289,2.947703
8290,2.725481
8291,2.419382
8292,2.058814
8293,2.419382
8294,2.197160
8295,2.419382
8296,2.419382
8297,2.197160
8298,2.197160
8299,2.281036
8300,2.503258
8301,2.281036
8302,2.281036
8303,2.197160
8304,2.419382
8305,2.281036
8306,2.058814
8307,2.058814
8308,2.058814
8309,2.419382
8310,2.058814
8311,2.113283
8312,2.197160
8313,2.197160
8314,2.197160
8315,2.503258
8316,2.419382
8317,2.419382
8318,2.419382
8319,2.419382
8320,2.503258
8321,2.503258
8322,2.503258
8323,2.503258
8324,2.725481
8325,2.503258
8326,2.281036
8327,2.281036
8328,1.974938
8329,1.974938
8330,2.197160
8331,2.419382
8332,2.197160
8333,2.197160
8334,2.197160
8335,2.419382
8336,2.419382
8337,2.725481
8338,2.503258
8339,2.725481
8340,2.725481
8341,2.725481
8342,2.641604
8343,2.641604
8344,2.947703
8345,2.947703
8346,2.947703
8347,2.947703
8348,2.725481
8349,2.503258
8350,2.503258
8351,2.503258
8352,2.281036
8353,2.503258
8354,2.197160
8355,2.503258
8356,2.419382
8357,2.725481
8358,2.725481
8359,2.725481
8360,2.419382
8361,2.419382
8362,2.419382
8363,2.419382
8364,2.725481
8365,2.947703
8366,2.725481
8367,2.725481
8368,2.419382
8369,2.419382
8370,2.197160
8371,2.503258
8372,2.725481
8373,2.725481
8374,2.419382
8375,2.725481
8376,2.503258
8377,2.725481
8378,2.503258
8379,2.281036
8380,2.503258
8381,2.503258
8382,2.503258
8383,2.725481
8384,2.725481
8385,2.503258
8386,2.419382
8387,2.197160
8388,1.836592
8389,2.197160
8390,2.419382
8391,2.419382
8392,2.419382
8393,2.197160
8394,2.503258
8395,2.725481
8396,2.725481
8397,2.503258
8398,2.725481
8399,2.503258
8400,2.419382
8401,2.197160
8402,2.419382
8403,2.641604
8404,2.641604
8405,2.419382
8406,2.419382
8407,2.503258
8408,2.419382
8409,2.058814
8410,2.058814
8411,2.058814
8412,2.058814
8413,2.058814
8414,2.281036
8415,2.419382
8416,2.419382
8417,2.419382
8418,2.197160
8419,2.197160
8420,2.197160
8421,2.113283
8422,2.113283
8423,2.419382
8424,2.419382
8425,2.641604
8426,2.725481
8427,2.503258
8428,2.503258
8429,2.503258
8430,2.419382
8431,2.197160
8432,1.891061
8433,1.752715
8434,1.752715
8435,1.891061
8436,2.113283
8437,2.113283
8438,2.419382
8439,2.641604
8440,2.725481
8441,2.725481
8442,2.725481
8443,2.503258
8444,2.503258
8445,2.197160
8446,2.197160
8447,2.197160
8448,2.058814
8449,2.281036
8450,2.281036
8451,2.641604
8452,2.419382
8453,2.503258
8454,2.419382
8455,2.419382
8456,2.725481
8457,2.419382
8458,2.725481
8459,2.725481
8460,2.503258
8461,2.419382
8462,2.503258
8463,2.419382
8464,2.503258
8465,2.197160
8466,2.281036
8467,2.503258
8468,2.503258
8469,2.197160
8470,2.197160
8471,2.113283
8472,2.113283
8473,2.197160
8474,2.197160
8475,2.197160
8476,2.197160
8477,2.281036
8478,2.197160
8479,2.197160
8480,2.058814
8481,2.113283
8482,2.113283
8483,2.419382
8484,2.197160
8485,2.503258
8486,2.419382
8487,2.641604
8488,2.641604
8489,2.641604
8490,2.419382
8491,2.725481
8492,2.503258
8493,2.725481
8494,2.725481
8495,2.419382
8496,2.113283
8497,2.419382
8498,2.419382
8499,2.641604
8500,2.641604
8501,2.725481
8502,2.725481
8503,2.725481
8504,2.641604
8505,2.641604
8506,2.641604
8507,2.419382
8508,2.419382
8509,2.503258
8510,2.725481
8511,2.947703
8512,2.947703
8513,2.725481
8514,2.725481
8515,2.725481
8516,2.503258
8517,2.419382
8518,2.419382
8519,2.419382
8520,2.419382
8521,2.419382
8522,2.641604
8523,2.725481
8524,2.725481
8525,2.725481
8526,2.725481
8527,2.503258
8528,2.503258
8529,2.503258
8530,2.503258
8531,2.197160
8532,2.058814
8533,2.058814
8534,2.058814
8535,1.836592
8536,2.197160
8537,2.058814
8538,2.419382
8539,2.419382
8540,2.503258
8541,2.725481
8542,2.503258
8543,2.503258
8544,2.197160
8545,2.197160
8546,2.197160
8547,2.197160
8548,1.891061
8549,2.197160
8550,2.197160
8551,2.197160
8552,2.503258
8553,2.503258
8554,2.503258
8555,2.503258
8556,2.503258
8557,2.197160
8558,2.503258
8559,2.503258
8560,2.503258
8561,2.503258
8562,2.197160
8563,2.503258
8564,2.725481
8565,2.725481
8566,2.947703
8567,2.947703
8568,2.947703
8569,2.947703
8570,2.725481
8571,2.947703
8572,2.725481
8573,2.947703
8574,2.641604
8575,2.419382
8576,2.419382
8577,2.503258
8578,2.725481
8579,2.725481
8580,2.725481
8581,2.725481
8582,2.725481
8583,2.419382
8584,2.503258
8585,2.197160
8586,2.419382
8587,2.503258
8588,2.197160
8589,2.197160
8590,2.419382
8591,2.503258
8592,2.503258
8593,2.503258
8594,2.503258
8595,2.725481
8596,2.725481
8597,2.725481
8598,2.503258
8599,2.503258
8600,2.725481
8601,2.947703
8602,2.947703
8603,2.725481
8604,2.725481
8605,2.725481
8606,2.725481
8607,2.503258
8608,2.503258
8609,2.197160
8610,2.503258
8611,2.503258
8612,2.419382
8613,2.641604
8614,2.947703
8615,2.725481
8616,2.725481
8617,2.503258
8618,2.503258
8619,2.197160
8620,1.836592
8621,1.836592
8622,1.891061
8623,1.891061
8624,1.530493
8625,1.836592
8626,2.197160
8627,2.197160
8628,2.197160
8629,2.113283
8630,2.419382
8631,2.725481
8632,2.725481
8633,2.725481
8634,2.419382
8635,2.419382
8636,2.641604
8637,2.641604
8638,2.419382
8639,2.725481
8640,2.725481
8641,2.725481
8642,2.503258
8643,2.503258
8644,2.419382
8645,2.197160
8646,2.058814
8647,1.879965
8648,1.657743
8649,2.058814
8650,2.058814
8651,2.419382
8652,2.419382
8653,2.725481
8654,2.725481
8655,2.725481
8656,2.503258
8657,2.419382
8658,2.419382
8659,2.197160
8660,2.113283
8661,1.752715
8662,1.752715
8663,1.752715
8664,1.752715
8665,2.113283
8666,2.197160
8667,2.419382
8668,2.419382
8669,2.641604
8670,2.419382
8671,2.641604
8672,2.641604
8673,2.641604
8674,2.641604
8675,2.947703
8676,2.947703
8677,2.947703
8678,2.725481
8679,2.419382
8680,2.058814
8681,2.058814
8682,2.058814
8683,2.419382
8684,2.419382
8685,2.419382
8686,2.197160
8687,2.281036
8688,2.503258
8689,2.197160
8690,2.503258
8691,2.503258
8692,2.725481
8693,2.725481
8694,2.725481
8695,2.503258
8696,2.725481
8697,2.725481
8698,2.503258
8699,2.725481
8700,2.725481
8701,2.641604
8702,2.725481
8703,2.503258
8704,2.503258
8705,2.725481
8706,2.725481
8707,2.947703
8708,2.725481
8709,2.947703
8710,2.725481
8711,2.725481
8712,2.419382
8713,2.419382
8714,2.725481
8715,2.419382
8716,2.419382
8717,2.197160
8718,2.503258
8719,2.725481
8720,2.725481
8721,2.725481
8722,2.725481
8723,2.947703
8724,2.947703
8725,2.947703
8726,2.947703
8727,2.947703
8728,2.725481
8729,2.419382
8730,2.113283
8731,2.197160
8732,2.197160
8733,2.197160
8734,2.503258
8735,2.503258
8736,2.503258
8737,2.725481
8738,2.947703
8739,2.725481
8740,2.503258
8741,2.503258
8742,2.503258
8743,2.419382
8744,2.725481
8745,2.725481
8746,2.725481
8747,2.947703
8748,2.725481
8749,2.725481
8750,2.503258
8751,2.725481
8752,2.725481
8753,2.419382
8754,2.419382
8755,2.641604
8756,2.641604
8757,2.419382
8758,2.419382
8759,2.503258
8760,2.503258
8761,2.725481
8762,2.503258
8763,2.503258
8764,2.419382
8765,2.419382
8766,2.419382
8767,2.197160
8768,2.197160
8769,2.281036
8770,2.197160
8771,2.419382
8772,2.641604
8773,2.725481
8774,2.947703
8775,2.725481
8776,2.503258
8777,2.725481
8778,2.725481
8779,2.503258
8780,2.281036
8781,2.197160
8782,1.891061
8783,1.891061
8784,2.197160
8785,2.281036
8786,1.974938
8787,2.197160
8788,2.419382
8789,2.419382
8790,2.419382
8791,2.058814
8792,2.113283
8793,2.419382
8794,2.641604
8795,2.725481
8796,2.725481
8797,2.725481
8798,2.725481
8799,2.725481
8800,2.725481
8801,2.725481
8802,2.503258
8803,2.503258
8804,2.725481
8805,2.503258
8806,2.197160
8807,2.197160
8808,2.197160
8809,2.419382
8810,2.197160
8811,2.503258
8812,2.725481
8813,2.725481
8814,2.503258
8815,2.419382
8816,2.503258
8817,2.503258
8818,2.503258
8819,2.503258
8820,2.419382
8821,2.641604
8822,2.419382
8823,2.725481
8824,2.725481
8825,2.503258
8826,2.503258
8827,2.419382
8828,2.197160
8829,2.197160
8830,2.503258
8831,2.281036
8832,2.281036
8833,2.503258
8834,2.503258
8835,2.725481
8836,2.503258
8837,2.197160
8838,2.197160
8839,2.503258
8840,2.419382
8841,2.419382
8842,2.419382
8843,2.113283
8844,2.197160
8845,2.419382
8846,2.503258
8847,2.725481
8848,2.503258
8849,2.725481
8850,2.947703
8851,2.947703
8852,2.725481
8853,2.947703
8854,2.947703
8855,2.725481
8856,2.725481
8857,2.947703
8858,2.725481
8859,2.725481
8860,2.725481
8861,2.725481
8862,2.725481
8863,2.641604
8864,2.725481
8865,2.503258
8866,2.197160
8867,2.113283
8868,1.752715
8869,1.351644
8870,1.657743
8871,1.657743
8872,1.657743
8873,1.657743
8874,2.058814
8875,2.419382
8876,2.641604
8877,2.725481
8878,2.725481
8879,2.725481
8880,2.503258
8881,2.503258
8882,2.419382
8883,2.419382
8884,2.058814
8885,2.419382
8886,2.641604
8887,2.947703
8888,2.725481
8889,2.725481
8890,2.725481
8891,2.947703
8892,2.725481
8893,2.419382
8894,2.419382
8895,2.725481
8896,2.419382
8897,2.503258
8898,2.725481
8899,2.947703
8900,2.725481
8901,2.641604
8902,2.641604
8903,2.419382
8904,2.725481
8905,2.725481
8906,2.503258
8907,2.281036
8908,2.197160
8909,2.503258
8910,2.419382
8911,2.419382
8912,2.641604
8913,2.419382
8914,2.419382
8915,2.197160
8916,2.113283
8917,1.891061
8918,2.197160
8919,1.891061
8920,1.891061
8921,2.197160
8922,2.419382
8923,2.197160
8924,2.281036
8925,2.503258
8926,2.503258
8927,2.419382
8928,2.725481
8929,2.725481
8930,2.503258
8931,2.725481
8932,2.419382
8933,2.419382
8934,2.197160
8935,2.503258
8936,2.503258
8937,2.503258
8938,2.503258
8939,2.503258
8940,2.503258
8941,2.281036
8942,2.503258
8943,2.503258
8944,2.503258
8945,2.503258
8946,2.503258
8947,2.725481
8948,2.725481
8949,2.725481
8950,2.503258
8951,2.725481
8952,2.725481
8953,2.503258
8954,2.725481
8955,2.503258
8956,2.503258
8957,2.503258
8958,2.503258
8959,2.503258
8960,2.281036
8961,2.503258
8962,2.503258
8963,2.503258
8964,2.503258
8965,2.503258
8966,2.503258
8967,2.503258
8968,2.197160
8969,2.503258
8970,2.725481
8971,2.725481
8972,2.725481
8973,2.725481
8974,2.503258
8975,2.503258
8976,2.419382
8977,2.419382
8978,2.281036
8979,1.879965
8980,1.879965
8981,1.657743
8982,2.058814
8983,2.419382
8984,2.197160
8985,2.503258
8986,2.197160
8987,2.113283
8988,1.891061
8989,1.891061
8990,2.197160
8991,2.197160
8992,1.891061
8993,1.752715
8994,1.836592
8995,2.197160
8996,2.197160
8997,2.419382
8998,2.725481
8999,2.641604
9000,2.641604
9001,2.947703
9002,2.947703
9003,2.725481
9004,2.419382
9005,2.197160
9006,2.197160
9007,2.197160
9008,2.197160
9009,2.197160
9010,2.197160
9011,2.113283
9012,2.197160
9013,2.197160
9014,2.197160
9015,2.197160
9016,2.197160
9017,1.836592
9018,1.836592
9019,2.058814
9020,1.836592
9021,2.058814
9022,2.113283
9023,2.419382
9024,2.197160
9025,1.836592
9026,2.058814
9027,1.836592
9028,2.197160
9029,2.197160
9030,2.419382
9031,2.419382
9032,2.419382
9033,2.419382
9034,2.197160
9035,2.503258
9036,2.725481
9037,2.725481
9038,2.419382
9039,2.113283
9040,2.113283
9041,2.419382
9042,2.641604
9043,2.947703
9044,2.725481
9045,2.725481
9046,2.725481
9047,2.725481
9048,2.419382
9049,2.725481
9050,2.725481
9051,2.641604
9052,2.419382
9053,2.419382
9054,2.419382
9055,2.197160
9056,2.503258
9057,2.503258
9058,2.419382
9059,2.197160
9060,1.891061
9061,1.836592
9062,1.836592
9063,1.836592
9064,1.435521
9065,1.224394
9066,1.446617
9067,1.879965
9068,1.879965
9069,1.657743
9070,1.752715
9071,2.113283
9072,2.197160
9073,2.058814
9074,2.058814
9075,2.197160
9076,2.419382
9077,2.641604
9078,2.947703
9079,2.947703
9080,2.947703
9081,2.725481
9082,2.419382
9083,2.503258
9084,2.503258
9085,2.503258
9086,2.197160
9087,2.197160
9088,2.281036
9089,2.503258
9090,2.725481
9091,2.725481
9092,2.503258
9093,2.725481
9094,2.419382
9095,2.058814
9096,2.419382
9097,2.419382
9098,2.281036
9099,1.879965
9100,1.657743
9101,2.058814
9102,2.058814
9103,2.419382
9104,2.503258
9105,2.419382
9106,2.419382
9107,2.419382
9108,2.503258
9109,2.419382
9110,2.058814
9111,2.281036
9112,2.058814
9113,1.836592
9114,1.974938
9115,1.891061
9116,2.197160
9117,2.419382
9118,2.419382
9119,2.641604
9120,2.725481
9121,2.725481
9122,2.419382
9123,2.419382
9124,2.641604
9125,2.725481
9126,2.503258
9127,2.503258
9128,2.503258
9129,2.419382
9130,2.419382
9131,2.641604
9132,2.641604
9133,2.725481
9134,2.725481
9135,2.725481
9136,2.503258
9137,2.725481
9138,2.947703
9139,2.947703
9140,2.725481
9141,2.725481
9142,2.419382
9143,2.419382
9144,2.197160
9145,2.419382
9146,2.419382
9147,2.419382
9148,2.419382
9149,2.113283
9150,2.197160
9151,2.113283
9152,2.419382
9153,2.197160
9154,2.419382
9155,2.419382
9156,2.503258
9157,2.503258
9158,2.725481
9159,2.725481
9160,2.503258
9161,2.503258
9162,2.503258
9163,2.503258
9164,2.503258
9165,2.725481
9166,2.419382
9167,2.725481
9168,2.725481
9169,2.503258
9170,2.197160
9171,2.419382
9172,2.641604
9173,2.281036
9174,1.879965
9175,1.879965
9176,2.281036
9177,2.419382
9178,2.113283
9179,2.419382
9180,2.197160
9181,1.974938
9182,2.197160
9183,2.197160
9184,2.281036
9185,2.197160
9186,2.197160
9187,2.197160
9188,2.197160
9189,2.419382
9190,2.419382
9191,2.197160
9192,2.281036
9193,2.197160
9194,2.197160
9195,2.197160
9196,2.197160
9197,2.197160
9198,2.197160
9199,2.281036
9200,2.503258
9201,2.725481
9202,2.503258
9203,2.725481
9204,2.725481
9205,2.947703
9206,2.947703
9207,2.947703
9208,2.725481
9209,2.503258
9210,2.197160
9211,2.419382
9212,2.419382
9213,2.641604
9214,2.419382
9215,2.419382
9216,2.725481
9217,2.503258
9218,2.419382
9219,2.058814
9220,2.419382
9221,2.113283
9222,2.419382
9223,2.419382
9224,2.113283
9225,1.752715
9226,1.752715
9227,2.058814
9228,2.281036
9229,2.281036
9230,2.419382
9231,2.197160
9232,2.197160
9233,2.503258
9234,2.503258
9235,2.197160
9236,2.197160
9237,2.197160
9238,2.419382
9239,2.419382
9240,2.197160
9241,2.419382
9242,2.725481
9243,2.725481
9244,2.725481
9245,2.725481
9246,2.503258
9247,2.503258
9248,2.503258
9249,2.503258
9250,2.725481
9251,2.725481
9252,2.725481
9253,2.641604
9254,2.419382
9255,2.419382
9256,2.725481
9257,2.503258
9258,2.725481
9259,2.725481
9260,2.725481
9261,2.725481
9262,2.419382
9263,2.197160
9264,2.419382
9265,2.419382
9266,2.725481
9267,2.725481
9268,2.419382
9269,2.419382
9270,2.197160
9271,2.503258
9272,2.503258
9273,2.503258
9274,2.503258
9275,2.725481
9276,2.503258
9277,2.419382
9278,2.058814
9279,2.281036
9280,2.281036
9281,2.641604
9282,2.641604
9283,2.419382
9284,2.641604
9285,2.281036
9286,2.641604
9287,2.641604
9288,2.641604
9289,2.641604
9290,2.641604
9291,2.947703
9292,2.725481
9293,2.419382
9294,2.641604
9295,2.947703
9296,2.641604
9297,2.641604
9298,2.419382
9299,2.281036
9300,2.058814
9301,2.419382
9302,2.725481
9303,2.419382
9304,2.725481
9305,2.947703
9306,2.641604
9307,2.419382
9308,2.197160
9309,2.281036
9310,2.503258
9311,2.419382
9312,2.641604
9313,2.725481
9314,2.419382
9315,2.419382
9316,2.281036
9317,2.419382
9318,2.419382
9319,2.419382
9320,2.641604
9321,2.419382
9322,2.503258
9323,2.419382
9324,2.197160
9325,2.197160
9326,2.281036
9327,2.503258
9328,2.725481
9329,2.725481
9330,2.725481
9331,2.947703
9332,2.725481
9333,2.725481
9334,2.503258
9335,2.503258
9336,2.725481
9337,2.947703
9338,2.947703
9339,2.725481
9340,2.419382
9341,2.419382
9342,2.419382
9343,2.419382
9344,2.725481
9345,2.725481
9346,2.725481
9347,2.503258
9348,2.725481
9349,2.503258
9350,2.503258
9351,2.503258
9352,2.725481
9353,2.725481
9354,2.725481
9355,2.725481
9356,2.947703
9357,2.725481
9358,2.725481
9359,2.641604
9360,2.281036
9361,2.281036
9362,2.058814
9363,2.281036
9364,2.281036
9365,2.419382
9366,2.419382
9367,2.503258
9368,2.725481
9369,2.419382
9370,2.058814
9371,2.197160
9372,1.836592
9373,2.058814
9374,2.058814
9375,1.879965
9376,2.058814
9377,2.058814
9378,2.058814
9379,2.419382
9380,2.419382
9381,2.725481
9382,2.725481
9383,2.419382
9384,2.725481
9385,2.725481
9386,2.725481
9387,2.725481
9388,2.419382
9389,2.197160
9390,2.419382
9391,2.419382
9392,2.503258
9393,2.503258
9394,2.725481
9395,2.503258
9396,2.503258
9397,2.197160
9398,2.419382
9399,2.503258
9400,2.281036
9401,2.503258
9402,2.725481
9403,2.419382
9404,2.419382
9405,2.419382
9406,2.197160
9407,2.503258
9408,2.197160
9409,2.113283
9410,2.113283
9411,2.197160
9412,2.197160
9413,2.197160
9414,2.419382
9415,2.503258
9416,2.197160
9417,2.419382
9418,2.197160
9419,2.197160
9420,2.419382
9421,2.058814
9422,2.281036
9423,2.419382
9424,2.725481
9425,2.947703
9426,2.947703
9427,2.947703
9428,2.725481
9429,2.503258
9430,2.725481
9431,2.725481
9432,2.503258
9433,2.503258
9434,2.725481
9435,2.725481
9436,2.725481
9437,2.725481
9438,2.725481
9439,2.725481
9440,2.503258
9441,2.725481
9442,2.947703
9443,2.725481
9444,2.725481
9445,2.419382
9446,2.197160
9447,2.197160
9448,2.197160
9449,1.974938
9450,2.197160
9451,2.197160
9452,2.419382
9453,2.419382
9454,2.419382
9455,2.419382
9456,2.503258
9457,2.725481
9458,2.947703
9459,2.725481
9460,2.419382
9461,2.641604
9462,2.419382
9463,2.725481
9464,2.725481
9465,2.725481
9466,2.725481
9467,2.419382
9468,2.113283
9469,2.419382
9470,2.725481
9471,2.419382
9472,2.197160
9473,2.419382
9474,2.419382
9475,2.725481
9476,2.725481
9477,2.725481
9478,2.503258
9479,2.503258
9480,2.419382
9481,2.641604
9482,2.641604
9483,2.641604
9484,2.725481
9485,2.725481
9486,2.419382
9487,2.725481
9488,2.725481
9489,2.725481
9490,2.503258
9491,2.725481
9492,2.725481
9493,2.725481
9494,2.725481
9495,2.503258
9496,2.725481
9497,2.419382
9498,2.419382
9499,2.503258
9500,2.503258
9501,2.197160
9502,2.419382
9503,2.419382
9504,2.503258
9505,2.503258
9506,2.503258
9507,2.503258
9508,2.503258
9509,2.725481
9510,2.725481
9511,2.725481
9512,2.503258
9513,2.281036
9514,2.281036
9515,2.197160
9516,2.419382
9517,2.641604
9518,2.725481
9519,2.503258
9520,2.197160
9521,2.197160
9522,1.891061
9523,1.836592
9524,2.058814
9525,2.197160
9526,2.197160
9527,2.503258
9528,2.725481
9529,2.503258
9530,2.419382
9531,2.419382
9532,2.419382
9533,2.641604
9534,2.419382
9535,2.197160
9536,2.197160
9537,2.197160
9538,2.197160
9539,2.058814
9540,2.058814
9541,2.419382
9542,2.197160
9543,2.197160
9544,2.113283
9545,2.197160
9546,2.197160
9547,2.197160
9548,2.503258
9549,2.503258
9550,2.725481
9551,2.725481
9552,2.419382
9553,2.419382
9554,2.419382
9555,2.419382
9556,2.419382
9557,2.503258
9558,2.725481
9559,2.419382
9560,2.419382
9561,2.641604
9562,2.419382
9563,2.058814
9564,2.058814
9565,2.419382
9566,2.419382
9567,2.419382
9568,2.725481
9569,2.947703
9570,2.725481
9571,2.503258
9572,2.419382
9573,2.641604
9574,2.725481
9575,2.725481
9576,2.419382
9577,2.197160
9578,1.836592
9579,2.197160
9580,2.419382
9581,2.419382
9582,2.419382
9583,2.641604
9584,2.641604
9585,2.947703
9586,2.725481
9587,2.725481
9588,2.503258
9589,2.197160
9590,2.197160
9591,2.058814
9592,2.197160
9593,1.974938
9594,2.197160
9595,2.419382
9596,2.419382
9597,2.503258
9598,2.503258
9599,2.281036
9600,2.503258
9601,2.725481
9602,2.725481
9603,2.725481
9604,2.725481
9605,2.725481
9606,2.725481
9607,2.725481
9608,2.725481
9609,2.419382
9610,2.641604
9611,2.725481
9612,2.503258
9613,2.503258
9614,2.725481
9615,2.419382
9616,2.419382
9617,2.419382
9618,2.503258
9619,2.503258
9620,2.503258
9621,2.419382
9622,2.419382
9623,2.419382
9624,2.503258
9625,2.503258
9626,2.503258
9627,2.725481
9628,2.503258
9629,2.281036
9630,2.197160
9631,2.419382
9632,2.419382
9633,2.419382
9634,2.113283
9635,2.113283
9636,2.113283
9637,2.419382
9638,2.419382
9639,2.419382
9640,2.419382
9641,2.725481
9642,2.725481
9643,2.725481
9644,2.503258
9645,2.503258
9646,2.725481
9647,2.725481
9648,2.725481
9649,2.725481
9650,2.641604
9651,2.419382
9652,2.197160
9653,2.113283
9654,2.113283
9655,2.113283
9656,2.113283
9657,2.419382
9658,2.725481
9659,2.725481
9660,2.725481
9661,2.503258
9662,2.503258
9663,2.503258
9664,2.503258
9665,2.419382
9666,2.419382
9667,2.503258
9668,2.281036
9669,2.503258
9670,2.725481
9671,2.725481
9672,2.419382
9673,2.503258
9674,2.197160
9675,2.058814
9676,2.419382
9677,2.641604
9678,2.419382
9679,2.419382
9680,2.197160
9681,2.503258
9682,2.503258
9683,2.503258
9684,2.725481
9685,2.725481
9686,2.725481
9687,2.503258
9688,2.503258
9689,2.503258
9690,2.503258
9691,2.419382
9692,2.725481
9693,2.725481
9694,2.725481
9695,2.725481
9696,2.725481
9697,2.503258
9698,2.419382
9699,2.725481
9700,2.725481
9701,2.503258
9702,2.725481
9703,2.725481
9704,2.725481
9705,2.503258
9706,2.503258
9707,2.503258
9708,2.503258
9709,2.725481
9710,2.503258
9711,2.725481
9712,2.947703
9713,3.169925
9714,2.947703
9715,2.947703
9716,2.725481
9717,2.947703
9718,2.947703
9719,2.947703
9720,2.947703
9721,2.641604
9722,2.725481
9723,2.725481
9724,2.419382
9725,2.281036
9726,2.281036
9727,2.281036
9728,2.281036
9729,2.641604
9730,2.947703
9731,2.725481
9732,2.725481
9733,2.947703
9734,2.725481
9735,2.725481
9736,2.725481
9737,2.419382
9738,2.503258
9739,2.503258
9740,2.725481
9741,2.503258
9742,2.503258
9743,2.503258
9744,2.503258
9745,2.197160
9746,2.197160
9747,2.197160
9748,2.503258
9749,2.725481
9750,2.503258
9751,2.419382
9752,2.503258
9753,2.419382
9754,2.419382
9755,2.419382
9756,2.641604
9757,2.419382
9758,2.419382
9759,2.419382
9760,2.419382
9761,2.503258
9762,2.503258
9763,2.725481
9764,2.725481
9765,2.725481
9766,2.725481
9767,2.725481
9768,2.947703
9769,2.725481
9770,2.725481
9771,2.503258
9772,2.281036
9773,2.281036
9774,2.197160
9775,2.197160
9776,1.891061
9777,1.891061
9778,2.197160
9779,2.197160
9780,1.836592
9781,1.891061
9782,1.974938
9783,2.281036
9784,2.503258
9785,2.725481
9786,2.947703
9787,3.169925
9788,3.169925
9789,2.947703
9790,2.725481
9791,2.419382
9792,2.058814
9793,2.058814
9794,1.752715
9795,2.058814
9796,2.197160
9797,2.419382
9798,2.503258
9799,2.725481
9800,2.947703
9801,2.725481
9802,2.725481
9803,2.503258
9804,2.281036
9805,2.503258
9806,2.281036
9807,2.503258
9808,2.725481
9809,2.947703
9810,2.947703
9811,2.947703
9812,2.725481
9813,2.725481
9814,2.725481
9815,2.725481
9816,2.725481
9817,2.419382
9818,2.419382
9819,2.419382
9820,2.197160
9821,2.197160
9822,1.836592
9823,1.657743
9824,1.879965
9825,2.281036
9826,2.281036
9827,2.281036
9828,2.281036
9829,2.058814
9830,2.058814
9831,2.419382
9832,2.503258
9833,2.725481
9834,2.725481
9835,2.725481
9836,2.947703
9837,2.725481
9838,2.503258
9839,2.503258
9840,2.725481
9841,2.503258
9842,2.503258
9843,2.725481
9844,2.725481
9845,2.725481
9846,2.503258
9847,2.503258
9848,2.281036
9849,2.281036
9850,2.503258
9851,2.725481
9852,2.725481
9853,2.725481
9854,2.503258
9855,2.197160
9856,2.197160
9857,1.891061
9858,2.197160
9859,2.197160
9860,2.503258
9861,2.725481
9862,2.947703
9863,2.725481
9864,2.725481
9865,2.725481
9866,2.725481
9867,2.725481
9868,2.725481
9869,2.503258
9870,2.725481
9871,2.725481
9872,2.503258
9873,2.419382
9874,2.113283
9875,1.891061
9876,2.197160
9877,1.891061
9878,2.197160
9879,2.503258
9880,2.725481
9881,2.947703
9882,2.725481
9883,2.503258
9884,2.419382
9885,2.419382
9886,2.197160
9887,2.419382
9888,2.503258
9889,2.503258
9890,2.503258
9891,2.503258
9892,2.725481
9893,2.947703
9894,3.169925
9895,2.947703
9896,2.947703
9897,2.641604
9898,2.419382
9899,2.641604
9900,2.419382
9901,2.197160
9902,2.197160
9903,1.891061
9904,1.974938
9905,2.197160
9906,1.891061
9907,2.197160
9908,2.503258
9909,2.503258
9910,2.503258
9911,2.725481
9912,2.725481
9913,2.503258
9914,2.503258
9915,2.281036
9916,2.197160
9917,2.197160
9918,2.197160
9919,2.197160
9920,2.281036
9921,2.503258
9922,2.725481
9923,2.725481
9924,2.419382
9925,2.419382
9926,2.725481
9927,2.725481
9928,2.725481
9929,2.947703
9930,2.725481
9931,2.725481
9932,2.725481
9933,2.503258
9934,2.419382
9935,2.058814
9936,1.836592
9937,2.058814
9938,2.058814
9939,2.197160
9940,2.113283
9941,2.197160
9942,1.974938
9943,1.836592
9944,1.836592
9945,1.836592
9946,2.197160
9947,2.197160
9948,2.503258
9949,2.419382
9950,2.419382
9951,2.197160
9952,1.974938
9953,2.281036
9954,2.503258
9955,2.503258
9956,2.503258
9957,2.503258
9958,2.503258
9959,2.725481
9960,2.503258
9961,2.725481
9962,2.419382
9963,2.503258
9964,2.503258
9965,2.503258
9966,2.503258
9967,2.419382
9968,2.419382
9969,2.419382
9970,2.503258
9971,2.503258
9972,2.725481
9973,2.725481
9974,2.503258
9975,2.503258
9976,2.503258
9977,2.197160
9978,2.197160
9979,2.197160
9980,2.419382
9981,2.725481
9982,2.725481
9983,2.503258
9984,2.503258
9985,2.725481
9986,2.725481
9987,2.725481
9988,2.419382
9989,2.725481
9990,2.419382
9991,2.725481
9992,2.947703
