window_start_place,entropy_bits
1,2.251629
2,2.584963
3,2.251629
4,2.251629
5,2.251629
6,2.251629
7,2.251629
8,2.251629
9,2.251629
10,2.251629
11,2.251629
12,1.918296
13,2.251629
14,2.251629
15,2.251629
16,2.251629
17,2.251629
18,1.918296
19,1.918296
20,1.918296
21,2.251629
22,1.792481
23,1.792481
24,1.792481
25,2.251629
26,2.584963
27,2.584963
28,2.251629
29,2.584963
30,2.251629
31,2.251629
32,2.251629
33,2.251629
34,2.251629
35,2.251629
36,2.251629
37,1.918296
38,2.251629
39,2.251629
40,1.792481
41,1.459148
42,1.459148
43,1.918296
44,2.251629
45,2.584963
46,2.251629
47,2.251629
48,2.251629
49,2.251629
50,2.251629
51,2.584963
52,2.584963
53,2.251629
54,1.918296
55,1.459148
56,1.792481
57,1.459148
58,1.918296
59,2.251629
60,2.584963
61,2.584963
62,2.584963
63,2.584963
64,2.584963
65,2.584963
66,2.584963
67,2.251629
68,2.251629
69,2.251629
70,2.251629
71,1.918296
72,1.918296
73,1.918296
74,2.251629
75,2.251629
76,1.918296
77,1.918296
78,1.918296
79,1.918296
80,2.251629
81,2.251629
82,2.584963
83,2.251629
84,2.251629
85,2.584963
86,2.251629
87,2.251629
88,2.251629
89,2.251629
90,2.251629
91,2.251629
92,2.251629
93,2.251629
94,1.918296
95,2.251629
96,2.251629
97,2.584963
98,2.584963
99,2.584963
100,2.251629
101,2.251629
102,2.251629
103,2.251629
104,2.251629
105,2.251629
106,2.584963
107,2.584963
108,2.584963
109,2.251629
110,1.918296
111,1.918296
112,2.251629
113,2.251629
114,2.251629
115,2.251629
116,1.918296
117,2.251629
118,2.584963
119,2.584963
120,2.584963
121,2.251629
122,2.251629
123,2.251629
124,2.251629
125,2.251629
126,2.251629
127,1.918296
128,1.459148
129,1.792481
130,1.792481
131,1.918296
132,2.251629
133,2.251629
134,2.251629
135,1.792481
136,2.251629
137,2.251629
138,2.251629
139,2.251629
140,2.251629
141,2.251629
142,2.584963
143,2.584963
144,2.584963
145,2.251629
146,2.251629
147,1.792481
148,1.918296
149,1.918296
150,1.459148
151,1.792481
152,1.792481
153,1.792481
154,2.251629
155,2.584963
156,2.584963
157,2.251629
158,2.584963
159,2.251629
160,2.251629
161,2.584963
162,2.251629
163,1.918296
164,2.251629
165,2.584963
166,2.584963
167,2.584963
168,2.584963
169,2.584963
170,2.251629
171,2.251629
172,1.918296
173,1.918296
174,1.459148
175,1.792481
176,1.792481
177,1.792481
178,1.918296
179,1.918296
180,1.918296
181,1.584963
182,1.918296
183,1.918296
184,2.251629
185,1.918296
186,2.251629
187,1.918296
188,1.918296
189,2.251629
190,2.251629
191,2.251629
192,2.251629
193,2.251629
194,2.251629
195,2.584963
196,2.584963
197,2.251629
198,2.251629
199,2.251629
200,1.918296
201,1.918296
202,2.251629
203,2.251629
204,2.251629
205,2.584963
206,2.584963
207,2.251629
208,1.918296
209,1.918296
210,1.918296
211,1.918296
212,2.251629
213,1.918296
214,1.918296
215,1.918296
216,2.251629
217,2.251629
218,2.251629
219,2.584963
220,2.584963
221,2.584963
222,2.251629
223,2.251629
224,2.584963
225,2.584963
226,2.251629
227,2.251629
228,1.918296
229,2.251629
230,1.918296
231,1.918296
232,1.918296
233,2.251629
234,2.251629
235,2.584963
236,2.584963
237,2.584963
238,2.251629
239,2.251629
240,2.251629
241,1.918296
242,2.251629
243,1.918296
244,1.918296
245,1.584963
246,1.918296
247,2.251629
248,2.584963
249,2.251629
250,2.251629
251,1.918296
252,1.918296
253,1.792481
254,2.251629
255,2.251629
256,2.251629
257,2.251629
258,2.251629
259,2.584963
260,2.251629
261,1.918296
262,2.251629
263,2.251629
264,2.584963
265,2.584963
266,2.251629
267,2.584963
268,2.251629
269,2.251629
270,2.251629
271,2.251629
272,2.251629
273,1.918296
274,2.251629
275,1.918296
276,2.251629
277,2.584963
278,2.251629
279,2.251629
280,1.792481
281,1.792481
282,1.792481
283,2.251629
284,2.584963
285,2.251629
286,1.918296
287,1.918296
288,2.251629
289,2.251629
290,2.584963
291,2.251629
292,1.918296
293,1.918296
294,2.251629
295,2.251629
296,2.251629
297,1.918296
298,1.918296
299,2.251629
300,2.584963
301,2.251629
302,2.584963
303,2.251629
304,2.251629
305,1.918296
306,1.459148
307,1.000000
308,1.459148
309,1.792481
310,2.251629
311,2.251629
312,2.251629
313,1.918296
314,1.584963
315,1.918296
316,2.251629
317,1.792481
318,1.792481
319,1.918296
320,2.251629
321,2.251629
322,2.251629
323,2.584963
324,2.251629
325,1.918296
326,1.584963
327,1.918296
328,1.918296
329,2.251629
330,2.251629
331,1.918296
332,1.792481
333,1.792481
334,2.251629
335,2.251629
336,2.251629
337,2.584963
338,2.584963
339,2.251629
340,2.251629
341,2.251629
342,2.251629
343,2.584963
344,2.251629
345,1.918296
346,1.918296
347,2.251629
348,2.584963
349,2.584963
350,2.584963
351,2.251629
352,2.251629
353,2.251629
354,2.584963
355,2.251629
356,1.792481
357,1.792481
358,1.918296
359,1.918296
360,1.584963
361,1.584963
362,1.918296
363,1.792481
364,1.459148
365,1.584963
366,1.918296
367,2.251629
368,2.251629
369,2.251629
370,2.251629
371,1.918296
372,2.251629
373,2.251629
374,2.251629
375,2.251629
376,2.251629
377,2.251629
378,2.584963
379,2.584963
380,2.251629
381,1.918296
382,2.251629
383,2.251629
384,2.251629
385,2.251629
386,2.251629
387,2.251629
388,1.918296
389,1.918296
390,1.792481
391,1.792481
392,1.792481
393,1.792481
394,2.251629
395,2.251629
396,2.584963
397,2.251629
398,1.918296
399,2.251629
400,2.251629
401,2.251629
402,2.251629
403,1.918296
404,2.251629
405,2.251629
406,2.584963
407,2.251629
408,2.251629
409,2.251629
410,1.792481
411,1.459148
412,1.918296
413,1.459148
414,1.459148
415,1.918296
416,2.251629
417,2.251629
418,2.251629
419,2.584963
420,2.584963
421,2.584963
422,2.251629
423,1.792481
424,1.792481
425,2.251629
426,2.251629
427,1.792481
428,2.251629
429,2.251629
430,2.251629
431,2.584963
432,2.251629
433,2.251629
434,2.251629
435,2.251629
436,2.251629
437,1.792481
438,2.251629
439,2.584963
440,2.251629
441,1.792481
442,1.792481
443,1.918296
444,1.918296
445,1.918296
446,2.251629
447,2.251629
448,2.251629
449,1.792481
450,2.251629
451,2.251629
452,2.251629
453,2.251629
454,2.584963
455,2.251629
456,2.251629
457,2.251629
458,1.918296
459,2.251629
460,2.251629
461,2.584963
462,2.584963
463,2.251629
464,2.584963
465,2.251629
466,2.251629
467,2.584963
468,2.251629
469,1.918296
470,1.918296
471,1.918296
472,1.918296
473,1.918296
474,1.584963
475,1.918296
476,2.251629
477,2.251629
478,2.584963
479,2.251629
480,2.251629
481,2.251629
482,1.918296
483,2.251629
484,2.251629
485,2.584963
486,2.251629
487,1.918296
488,1.918296
489,1.918296
490,1.792481
491,2.251629
492,2.251629
493,1.918296
494,1.459148
495,1.918296
496,1.792481
497,2.251629
498,2.251629
499,2.251629
500,2.251629
501,2.251629
502,1.792481
503,1.251629
504,1.459148
505,1.918296
506,2.251629
507,1.918296
508,2.251629
509,1.918296
510,2.251629
511,1.918296
512,1.792481
513,1.792481
514,1.792481
515,2.251629
516,2.251629
517,2.251629
518,2.251629
519,2.251629
520,2.251629
521,2.584963
522,2.584963
523,2.584963
524,2.251629
525,1.918296
526,1.918296
527,1.918296
528,1.918296
529,2.251629
530,2.584963
531,2.251629
532,2.251629
533,2.251629
534,2.251629
535,1.918296
536,2.251629
537,2.251629
538,2.251629
539,2.251629
540,1.918296
541,2.251629
542,2.251629
543,1.918296
544,2.251629
545,2.584963
546,2.584963
547,2.584963
548,2.251629
549,2.251629
550,2.584963
551,2.584963
552,2.251629
553,2.584963
554,2.251629
555,1.792481
556,1.459148
557,1.918296
558,2.251629
559,2.251629
560,2.584963
561,2.584963
562,2.584963
563,2.251629
564,1.918296
565,1.918296
566,1.918296
567,2.251629
568,2.584963
569,2.584963
570,2.584963
571,2.584963
572,2.251629
573,2.251629
574,2.251629
575,2.251629
576,2.584963
577,2.584963
578,2.584963
579,2.584963
580,2.251629
581,1.918296
582,2.251629
583,2.251629
584,1.918296
585,1.918296
586,2.251629
587,2.251629
588,1.792481
589,1.792481
590,1.792481
591,2.251629
592,2.251629
593,2.584963
594,2.584963
595,2.584963
596,2.251629
597,2.251629
598,1.792481
599,1.792481
600,1.792481
601,1.792481
602,2.251629
603,2.584963
604,2.584963
605,2.251629
606,2.251629
607,2.251629
608,2.251629
609,2.584963
610,2.584963
611,2.251629
612,1.918296
613,2.251629
614,2.251629
615,2.584963
616,2.584963
617,2.251629
618,1.918296
619,1.918296
620,1.792481
621,1.251629
622,1.792481
623,2.251629
624,2.251629
625,2.251629
626,2.251629
627,2.584963
628,2.251629
629,1.792481
630,1.792481
631,1.792481
632,2.251629
633,2.251629
634,2.251629
635,2.251629
636,2.251629
637,2.584963
638,2.584963
639,2.251629
640,1.918296
641,1.918296
642,1.918296
643,2.251629
644,1.792481
645,1.792481
646,1.918296
647,2.251629
648,2.584963
649,2.584963
650,2.251629
651,1.792481
652,1.792481
653,2.251629
654,1.918296
655,1.918296
656,2.251629
657,1.918296
658,2.251629
659,2.251629
660,2.251629
661,2.251629
662,2.251629
663,1.918296
664,2.251629
665,2.251629
666,1.918296
667,2.251629
668,2.584963
669,2.251629
670,2.251629
671,1.918296
672,2.251629
673,1.792481
674,2.251629
675,2.251629
676,2.251629
677,2.584963
678,2.251629
679,2.251629
680,1.918296
681,2.251629
682,2.251629
683,2.251629
684,1.918296
685,1.584963
686,1.918296
687,2.251629
688,2.251629
689,2.251629
690,2.251629
691,2.251629
692,1.918296
693,1.918296
694,2.251629
695,2.251629
696,2.584963
697,2.251629
698,2.251629
699,2.584963
700,2.584963
701,2.251629
702,2.251629
703,2.251629
704,1.918296
705,1.918296
706,2.251629
707,1.792481
708,1.459148
709,1.459148
710,1.918296
711,1.792481
712,1.918296
713,1.918296
714,2.251629
715,2.251629
716,2.584963
717,2.251629
718,2.251629
719,1.918296
720,2.251629
721,2.251629
722,1.792481
723,1.792481
724,2.251629
725,1.918296
726,1.918296
727,2.251629
728,1.918296
729,1.918296
730,2.251629
731,2.584963
732,2.584963
733,2.584963
734,2.584963
735,2.251629
736,2.251629
737,1.792481
738,1.251629
739,1.251629
740,1.792481
741,2.251629
742,2.251629
743,2.251629
744,2.251629
745,1.918296
746,1.918296
747,2.251629
748,2.584963
749,2.584963
750,2.251629
751,2.251629
752,2.251629
753,2.251629
754,1.918296
755,2.251629
756,2.251629
757,2.251629
758,1.918296
759,1.792481
760,1.251629
761,0.650022
762,0.000000
763,0.650022
764,1.251629
765,1.792481
766,2.251629
767,2.251629
768,2.251629
769,2.251629
770,2.251629
771,2.584963
772,2.251629
773,2.251629
774,2.251629
775,2.251629
776,2.251629
777,1.918296
778,1.918296
779,2.251629
780,2.584963
781,2.584963
782,2.251629
783,1.918296
784,1.918296
785,2.251629
786,2.251629
787,2.584963
788,2.584963
789,2.584963
790,2.251629
791,2.251629
792,2.251629
793,2.584963
794,2.584963
795,2.584963
796,2.251629
797,2.251629
798,2.251629
799,2.251629
800,2.251629
801,1.918296
802,2.251629
803,1.792481
804,1.459148
805,1.459148
806,1.792481
807,1.918296
808,1.918296
809,2.251629
810,2.584963
811,2.584963
812,2.584963
813,2.251629
814,2.251629
815,2.251629
816,2.584963
817,2.251629
818,2.251629
819,1.792481
820,1.792481
821,1.792481
822,1.792481
823,2.251629
824,1.792481
825,2.251629
826,2.251629
827,2.251629
828,2.251629
829,1.918296
830,1.918296
831,1.918296
832,2.251629
833,2.251629
834,2.584963
835,2.251629
836,2.251629
837,2.251629
838,2.584963
839,2.584963
840,2.584963
841,2.251629
842,1.792481
843,1.792481
844,1.918296
845,1.459148
846,1.459148
847,1.459148
848,1.918296
849,1.792481
850,1.459148
851,1.459148
852,0.918296
853,1.251629
854,1.459148
855,1.459148
856,1.918296
857,2.251629
858,1.792481
859,1.918296
860,1.584963
861,1.918296
862,2.251629
863,2.251629
864,1.792481
865,2.251629
866,1.918296
867,1.792481
868,1.792481
869,1.918296
870,2.251629
871,1.918296
872,2.251629
873,2.251629
874,2.251629
875,1.792481
876,1.918296
877,2.251629
878,2.251629
879,2.251629
880,2.584963
881,2.584963
882,2.251629
883,2.584963
884,2.251629
885,1.918296
886,1.459148
887,1.459148
888,1.459148
889,1.918296
890,1.918296
891,2.251629
892,2.251629
893,2.584963
894,2.584963
895,2.251629
896,2.251629
897,2.251629
898,2.251629
899,2.584963
900,2.251629
901,2.251629
902,2.584963
903,2.584963
904,2.584963
905,2.251629
906,2.251629
907,2.251629
908,2.584963
909,2.584963
910,2.251629
911,2.251629
912,2.251629
913,2.251629
914,2.251629
915,2.584963
916,2.584963
917,2.251629
918,2.251629
919,2.251629
920,1.918296
921,1.918296
922,2.251629
923,2.251629
924,2.251629
925,2.251629
926,1.918296
927,1.792481
928,1.792481
929,1.918296
930,1.918296
931,1.918296
932,2.251629
933,2.251629
934,1.918296
935,1.918296
936,2.251629
937,2.251629
938,2.251629
939,1.918296
940,2.251629
941,2.251629
942,2.251629
943,1.918296
944,1.918296
945,2.251629
946,2.251629
947,1.918296
948,1.918296
949,1.918296
950,1.918296
951,1.918296
952,1.918296
953,1.918296
954,2.251629
955,2.584963
956,2.584963
957,2.584963
958,2.251629
959,1.918296
960,1.459148
961,1.918296
962,2.251629
963,2.251629
964,1.918296
965,1.792481
966,1.792481
967,2.251629
968,1.918296
969,1.918296
970,1.918296
971,1.918296
972,2.251629
973,2.251629
974,2.584963
975,2.251629
976,2.251629
977,1.918296
978,1.918296
979,1.918296
980,1.459148
981,1.459148
982,1.792481
983,1.459148
984,1.918296
985,1.792481
986,1.792481
987,2.251629
988,2.251629
989,2.584963
990,2.251629
991,2.251629
992,2.251629
993,2.584963
994,2.584963
995,2.251629
996,2.251629
997,1.918296
998,1.918296
999,1.918296
1000,2.251629
1001,2.584963
1002,2.251629
1003,2.251629
1004,1.918296
1005,1.918296
1006,2.251629
1007,2.251629
1008,2.251629
1009,2.251629
1010,2.251629
1011,2.584963
1012,2.251629
1013,1.918296
1014,1.918296
1015,2.251629
1016,2.251629
1017,2.584963
1018,2.251629
1019,2.251629
1020,2.251629
1021,2.251629
1022,2.251629
1023,2.251629
1024,2.251629
1025,2.251629
1026,2.251629
1027,2.251629
1028,1.792481
1029,2.251629
1030,1.918296
1031,1.918296
1032,1.918296
1033,2.251629
1034,2.251629
1035,2.584963
1036,2.251629
1037,2.251629
1038,2.584963
1039,2.584963
1040,2.251629
1041,1.918296
1042,1.918296
1043,1.918296
1044,2.251629
1045,2.584963
1046,2.251629
1047,2.584963
1048,2.251629
1049,1.918296
1050,1.918296
1051,1.918296
1052,2.251629
1053,2.251629
1054,2.584963
1055,2.584963
1056,2.584963
1057,2.251629
1058,2.251629
1059,1.792481
1060,1.792481
1061,2.251629
1062,1.918296
1063,1.918296
1064,2.251629
1065,2.251629
1066,1.918296
1067,2.251629
1068,2.251629
1069,1.918296
1070,1.918296
1071,2.251629
1072,2.251629
1073,2.251629
1074,2.251629
1075,2.251629
1076,2.251629
1077,2.584963
1078,2.251629
1079,2.251629
1080,2.251629
1081,2.251629
1082,2.251629
1083,1.792481
1084,1.792481
1085,1.918296
1086,2.251629
1087,2.251629
1088,2.584963
1089,2.584963
1090,2.584963
1091,2.584963
1092,2.251629
1093,2.251629
1094,2.251629
1095,1.792481
1096,1.459148
1097,1.459148
1098,1.459148
1099,1.792481
1100,2.251629
1101,1.792481
1102,1.918296
1103,2.251629
1104,2.251629
1105,2.251629
1106,1.918296
1107,1.918296
1108,1.459148
1109,1.792481
1110,1.918296
1111,1.918296
1112,2.251629
1113,2.584963
1114,2.251629
1115,1.918296
1116,1.918296
1117,1.918296
1118,1.918296
1119,2.251629
1120,2.251629
1121,2.251629
1122,2.584963
1123,2.251629
1124,2.251629
1125,1.918296
1126,1.918296
1127,1.918296
1128,1.918296
1129,1.459148
1130,1.918296
1131,2.251629
1132,2.251629
1133,2.251629
1134,2.251629
1135,1.918296
1136,1.918296
1137,1.459148
1138,1.459148
1139,1.918296
1140,2.251629
1141,2.251629
1142,2.251629
1143,1.918296
1144,2.251629
1145,2.584963
1146,2.251629
1147,2.251629
1148,2.251629
1149,2.251629
1150,2.584963
1151,2.584963
1152,2.584963
1153,2.251629
1154,2.251629
1155,1.918296
1156,1.918296
1157,2.251629
1158,2.251629
1159,1.918296
1160,1.918296
1161,1.918296
1162,1.459148
1163,1.918296
1164,2.251629
1165,2.251629
1166,2.251629
1167,2.251629
1168,1.918296
1169,1.918296
1170,1.792481
1171,1.251629
1172,1.792481
1173,1.792481
1174,2.251629
1175,1.918296
1176,1.918296
1177,2.251629
1178,2.251629
1179,1.792481
1180,1.918296
1181,1.792481
1182,1.792481
1183,2.251629
1184,2.251629
1185,1.918296
1186,1.918296
1187,1.918296
1188,1.918296
1189,1.918296
1190,1.792481
1191,1.792481
1192,1.459148
1193,1.918296
1194,2.251629
1195,2.251629
1196,2.251629
1197,2.584963
1198,2.251629
1199,2.251629
1200,2.251629
1201,2.251629
1202,2.251629
1203,2.251629
1204,1.918296
1205,2.251629
1206,2.251629
1207,1.918296
1208,2.251629
1209,2.251629
1210,2.251629
1211,1.918296
1212,1.918296
1213,1.584963
1214,1.918296
1215,1.918296
1216,1.918296
1217,2.251629
1218,1.918296
1219,1.918296
1220,1.918296
1221,2.251629
1222,1.792481
1223,1.792481
1224,2.251629
1225,2.251629
1226,2.251629
1227,2.251629
1228,1.918296
1229,1.792481
1230,1.459148
1231,1.459148
1232,1.792481
1233,1.918296
1234,2.251629
1235,1.792481
1236,2.251629
1237,2.251629
1238,2.251629
1239,2.251629
1240,1.918296
1241,1.918296
1242,1.918296
1243,1.792481
1244,2.251629
1245,1.918296
1246,2.251629
1247,1.792481
1248,1.251629
1249,1.251629
1250,1.792481
1251,2.251629
1252,1.918296
1253,2.251629
1254,2.251629
1255,2.251629
1256,1.918296
1257,1.792481
1258,1.792481
1259,1.251629
1260,1.792481
1261,1.792481
1262,2.251629
1263,2.251629
1264,2.251629
1265,2.584963
1266,2.584963
1267,2.251629
1268,1.918296
1269,1.918296
1270,1.918296
1271,1.918296
1272,2.251629
1273,2.251629
1274,2.251629
1275,2.251629
1276,1.918296
1277,1.918296
1278,1.918296
1279,2.251629
1280,2.251629
1281,2.251629
1282,2.251629
1283,1.918296
1284,1.918296
1285,1.918296
1286,1.918296
1287,2.251629
1288,2.584963
1289,2.584963
1290,2.584963
1291,2.251629
1292,2.251629
1293,1.792481
1294,2.251629
1295,2.251629
1296,1.792481
1297,2.251629
1298,1.918296
1299,1.918296
1300,1.792481
1301,1.792481
1302,1.792481
1303,1.918296
1304,2.251629
1305,2.251629
1306,2.251629
1307,2.251629
1308,2.251629
1309,1.918296
1310,1.918296
1311,1.918296
1312,2.251629
1313,2.251629
1314,2.251629
1315,2.251629
1316,2.584963
1317,2.584963
1318,2.584963
1319,2.584963
1320,2.584963
1321,2.251629
1322,2.251629
1323,2.251629
1324,2.251629
1325,2.251629
1326,2.251629
1327,1.792481
1328,1.792481
1329,1.792481
1330,2.251629
1331,1.918296
1332,2.251629
1333,2.251629
1334,2.251629
1335,2.251629
1336,1.918296
1337,2.251629
1338,2.251629
1339,2.251629
1340,2.251629
1341,2.251629
1342,2.251629
1343,2.251629
1344,2.251629
1345,1.792481
1346,2.251629
1347,1.918296
1348,1.918296
1349,1.918296
1350,2.251629
1351,1.918296
1352,2.251629
1353,1.792481
1354,2.251629
1355,2.251629
1356,1.918296
1357,1.918296
1358,1.584963
1359,1.918296
1360,2.251629
1361,2.251629
1362,2.251629
1363,2.584963
1364,2.584963
1365,2.251629
1366,2.251629
1367,1.792481
1368,2.251629
1369,2.251629
1370,1.792481
1371,1.918296
1372,2.251629
1373,2.584963
1374,2.251629
1375,2.251629
1376,2.251629
1377,2.251629
1378,2.584963
1379,2.251629
1380,1.918296
1381,1.459148
1382,1.918296
1383,2.251629
1384,1.918296
1385,1.918296
1386,2.251629
1387,2.251629
1388,2.251629
1389,1.918296
1390,2.251629
1391,2.251629
1392,1.918296
1393,1.459148
1394,1.918296
1395,1.459148
1396,1.918296
1397,1.918296
1398,2.251629
1399,2.251629
1400,2.584963
1401,2.584963
1402,2.584963
1403,2.584963
1404,2.584963
1405,2.584963
1406,2.584963
1407,2.584963
1408,2.251629
1409,2.251629
1410,1.918296
1411,1.918296
1412,1.918296
1413,2.251629
1414,2.251629
1415,2.584963
1416,2.584963
1417,2.251629
1418,2.251629
1419,2.251629
1420,2.251629
1421,1.918296
1422,1.792481
1423,2.251629
1424,1.918296
1425,1.584963
1426,1.918296
1427,2.251629
1428,2.251629
1429,2.584963
1430,2.584963
1431,2.584963
1432,2.251629
1433,2.584963
1434,2.251629
1435,1.918296
1436,2.251629
1437,2.251629
1438,2.251629
1439,2.584963
1440,2.251629
1441,1.918296
1442,2.251629
1443,2.584963
1444,2.584963
1445,2.584963
1446,2.251629
1447,1.792481
1448,1.459148
1449,1.792481
1450,1.792481
1451,1.918296
1452,2.251629
1453,2.251629
1454,2.584963
1455,2.584963
1456,2.251629
1457,2.251629
1458,2.251629
1459,1.918296
1460,2.251629
1461,2.251629
1462,1.918296
1463,1.918296
1464,1.918296
1465,1.918296
1466,1.918296
1467,1.459148
1468,1.459148
1469,1.792481
1470,2.251629
1471,2.251629
1472,1.918296
1473,1.459148
1474,1.792481
1475,1.918296
1476,1.459148
1477,1.792481
1478,1.792481
1479,2.251629
1480,2.251629
1481,1.918296
1482,2.251629
1483,2.251629
1484,1.918296
1485,2.251629
1486,2.251629
1487,2.251629
1488,1.918296
1489,1.918296
1490,2.251629
1491,2.251629
1492,2.251629
1493,1.918296
1494,2.251629
1495,2.251629
1496,2.251629
1497,1.918296
1498,2.251629
1499,1.918296
1500,2.251629
1501,2.251629
1502,2.251629
1503,2.251629
1504,2.251629
1505,2.251629
1506,2.251629
1507,2.251629
1508,2.251629
1509,2.584963
1510,2.251629
1511,1.918296
1512,1.918296
1513,1.918296
1514,2.251629
1515,2.251629
1516,2.251629
1517,2.251629
1518,2.584963
1519,2.251629
1520,2.251629
1521,2.584963
1522,2.584963
1523,2.251629
1524,1.792481
1525,2.251629
1526,2.251629
1527,2.251629
1528,1.918296
1529,2.251629
1530,1.918296
1531,1.459148
1532,1.459148
1533,1.584963
1534,1.459148
1535,1.459148
1536,1.792481
1537,1.792481
1538,2.251629
1539,2.584963
1540,2.251629
1541,1.792481
1542,1.792481
1543,1.792481
1544,1.918296
1545,1.918296
1546,1.918296
1547,1.584963
1548,1.459148
1549,1.792481
1550,1.792481
1551,2.251629
1552,2.584963
1553,2.584963
1554,2.584963
1555,2.584963
1556,2.584963
1557,2.251629
1558,1.918296
1559,1.918296
1560,1.918296
1561,1.918296
1562,2.251629
1563,2.251629
1564,2.251629
1565,2.251629
1566,2.251629
1567,2.251629
1568,2.251629
1569,1.918296
1570,1.584963
1571,1.918296
1572,1.459148
1573,1.918296
1574,2.251629
1575,2.251629
1576,1.918296
1577,2.251629
1578,1.792481
1579,2.251629
1580,2.251629
1581,2.584963
1582,2.584963
1583,2.251629
1584,2.251629
1585,1.918296
1586,1.459148
1587,1.251629
1588,1.251629
1589,0.650022
1590,1.251629
1591,1.792481
1592,2.251629
1593,2.584963
1594,2.251629
1595,1.792481
1596,1.459148
1597,1.459148
1598,1.792481
1599,2.251629
1600,2.584963
1601,2.584963
1602,2.251629
1603,1.918296
1604,1.792481
1605,1.792481
1606,1.459148
1607,1.584963
1608,1.918296
1609,2.251629
1610,2.251629
1611,2.251629
1612,2.251629
1613,2.251629
1614,2.251629
1615,1.918296
1616,1.918296
1617,1.918296
1618,2.251629
1619,2.251629
1620,1.918296
1621,1.918296
1622,1.918296
1623,1.918296
1624,1.918296
1625,1.918296
1626,1.792481
1627,1.918296
1628,2.251629
1629,2.251629
1630,2.251629
1631,2.584963
1632,2.584963
1633,2.251629
1634,1.918296
1635,1.459148
1636,1.000000
1637,1.459148
1638,1.918296
1639,2.251629
1640,2.584963
1641,2.584963
1642,2.584963
1643,2.251629
1644,2.251629
1645,1.918296
1646,2.251629
1647,2.251629
1648,2.251629
1649,2.251629
1650,1.918296
1651,1.459148
1652,1.459148
1653,1.792481
1654,2.251629
1655,2.251629
1656,1.918296
1657,2.251629
1658,1.792481
1659,1.792481
1660,1.459148
1661,1.459148
1662,1.918296
1663,1.918296
1664,2.251629
1665,2.251629
1666,2.251629
1667,1.918296
1668,1.918296
1669,1.918296
1670,2.251629
1671,2.251629
1672,2.251629
1673,1.792481
1674,2.251629
1675,1.918296
1676,1.792481
1677,2.251629
1678,1.918296
1679,2.251629
1680,2.251629
1681,2.251629
1682,1.792481
1683,1.918296
1684,1.459148
1685,1.459148
1686,1.792481
1687,2.251629
1688,2.251629
1689,1.918296
1690,2.251629
1691,2.584963
1692,2.251629
1693,1.918296
1694,1.918296
1695,1.459148
1696,1.459148
1697,1.459148
1698,1.459148
1699,1.918296
1700,1.918296
1701,1.918296
1702,2.251629
1703,1.918296
1704,2.251629
1705,2.251629
1706,2.251629
1707,2.251629
1708,2.251629
1709,2.251629
1710,2.251629
1711,2.251629
1712,2.584963
1713,2.251629
1714,2.251629
1715,2.251629
1716,2.251629
1717,2.251629
1718,2.584963
1719,2.584963
1720,2.251629
1721,2.251629
1722,2.251629
1723,2.251629
1724,2.251629
1725,2.251629
1726,2.251629
1727,1.918296
1728,1.918296
1729,1.792481
1730,1.459148
1731,1.459148
1732,1.251629
1733,1.459148
1734,1.792481
1735,1.792481
1736,1.792481
1737,2.251629
1738,2.251629
1739,2.251629
1740,1.918296
1741,1.918296
1742,1.918296
1743,1.459148
1744,1.792481
1745,1.918296
1746,1.918296
1747,1.918296
1748,2.251629
1749,2.251629
1750,2.251629
1751,1.918296
1752,1.584963
1753,1.918296
1754,1.792481
1755,1.792481
1756,2.251629
1757,2.251629
1758,2.251629
1759,1.918296
1760,1.918296
1761,1.918296
1762,2.251629
1763,2.251629
1764,2.251629
1765,2.251629
1766,2.584963
1767,2.251629
1768,1.792481
1769,2.251629
1770,2.251629
1771,1.918296
1772,2.251629
1773,2.251629
1774,1.792481
1775,2.251629
1776,2.251629
1777,2.251629
1778,1.918296
1779,2.251629
1780,1.792481
1781,1.459148
1782,1.918296
1783,2.251629
1784,2.251629
1785,2.251629
1786,2.251629
1787,2.584963
1788,2.251629
1789,2.251629
1790,2.251629
1791,2.251629
1792,2.251629
1793,2.251629
1794,2.251629
1795,1.918296
1796,1.459148
1797,1.918296
1798,1.918296
1799,2.251629
1800,2.584963
1801,2.251629
1802,1.918296
1803,1.459148
1804,1.584963
1805,1.459148
1806,1.918296
1807,2.251629
1808,2.251629
1809,2.251629
1810,2.251629
1811,1.918296
1812,1.918296
1813,1.918296
1814,2.251629
1815,2.251629
1816,2.251629
1817,2.251629
1818,2.251629
1819,1.918296
1820,1.918296
1821,1.459148
1822,1.792481
1823,1.918296
1824,1.918296
1825,2.251629
1826,2.251629
1827,2.251629
1828,2.251629
1829,1.918296
1830,2.251629
1831,2.251629
1832,1.792481
1833,1.459148
1834,1.918296
1835,2.251629
1836,1.918296
1837,2.251629
1838,2.251629
1839,1.792481
1840,1.459148
1841,1.459148
1842,1.918296
1843,1.918296
1844,1.918296
1845,1.918296
1846,2.251629
1847,2.251629
1848,2.251629
1849,2.251629
1850,2.251629
1851,2.251629
1852,2.251629
1853,1.918296
1854,1.918296
1855,1.918296
1856,2.251629
1857,2.251629
1858,2.251629
1859,2.584963
1860,2.584963
1861,2.251629
1862,1.918296
1863,1.918296
1864,1.792481
1865,1.792481
1866,1.792481
1867,1.918296
1868,1.918296
1869,2.251629
1870,2.251629
1871,2.251629
1872,2.251629
1873,2.251629
1874,2.251629
1875,2.251629
1876,2.251629
1877,2.251629
1878,2.251629
1879,2.584963
1880,2.584963
1881,2.584963
1882,2.251629
1883,2.251629
1884,1.918296
1885,1.792481
1886,1.792481
1887,1.792481
1888,1.459148
1889,1.792481
1890,1.918296
1891,1.918296
1892,1.459148
1893,1.918296
1894,1.459148
1895,1.918296
1896,2.251629
1897,2.251629
1898,2.251629
1899,2.251629
1900,2.251629
1901,2.251629
1902,1.918296
1903,1.918296
1904,2.251629
1905,2.251629
1906,1.792481
1907,2.251629
1908,2.251629
1909,2.251629
1910,2.251629
1911,2.251629
1912,2.251629
1913,1.792481
1914,1.459148
1915,1.918296
1916,1.918296
1917,1.792481
1918,2.251629
1919,2.251629
1920,2.584963
1921,2.584963
1922,2.251629
1923,1.918296
1924,1.918296
1925,1.918296
1926,1.918296
1927,2.251629
1928,2.584963
1929,2.251629
1930,2.251629
1931,1.918296
1932,1.918296
1933,1.918296
1934,2.251629
1935,2.251629
1936,2.251629
1937,1.918296
1938,1.918296
1939,2.251629
1940,2.584963
1941,2.251629
1942,1.918296
1943,1.918296
1944,2.251629
1945,2.251629
1946,2.251629
1947,2.251629
1948,2.251629
1949,1.792481
1950,1.459148
1951,1.584963
1952,1.459148
1953,1.918296
1954,1.918296
1955,1.918296
1956,1.918296
1957,1.918296
1958,1.918296
1959,2.251629
1960,2.584963
1961,2.584963
1962,2.584963
1963,2.584963
1964,2.584963
1965,2.584963
1966,2.584963
1967,2.251629
1968,2.251629
1969,2.251629
1970,2.251629
1971,2.251629
1972,2.251629
1973,2.251629
1974,2.584963
1975,2.584963
1976,2.584963
1977,2.251629
1978,1.918296
1979,1.918296
1980,1.918296
1981,2.251629
1982,2.251629
1983,2.251629
1984,2.251629
1985,2.251629
1986,2.251629
1987,2.584963
1988,2.251629
1989,2.251629
1990,2.251629
1991,2.251629
1992,2.584963
1993,2.251629
1994,2.251629
1995,1.918296
1996,1.459148
1997,1.459148
1998,1.918296
1999,2.251629
2000,2.251629
2001,2.251629
2002,1.918296
2003,2.251629
2004,2.251629
2005,2.251629
2006,2.584963
2007,2.584963
2008,2.584963
2009,2.584963
2010,2.584963
2011,2.251629
2012,2.584963
2013,2.251629
2014,2.251629
2015,2.251629
2016,2.251629
2017,2.251629
2018,1.918296
2019,1.918296
2020,2.251629
2021,2.251629
2022,2.251629
2023,1.792481
2024,1.792481
2025,2.251629
2026,1.918296
2027,2.251629
2028,2.584963
2029,2.584963
2030,2.251629
2031,1.918296
2032,1.459148
2033,1.792481
2034,1.792481
2035,1.792481
2036,1.792481
2037,1.792481
2038,1.792481
2039,1.792481
2040,2.251629
2041,2.251629
2042,1.918296
2043,2.251629
2044,2.251629
2045,2.251629
2046,2.251629
2047,2.251629
2048,1.792481
2049,1.792481
2050,2.251629
2051,2.584963
2052,2.251629
2053,2.251629
2054,2.584963
2055,2.584963
2056,2.251629
2057,2.251629
2058,1.792481
2059,1.918296
2060,1.918296
2061,2.251629
2062,2.584963
2063,2.584963
2064,2.584963
2065,2.251629
2066,2.584963
2067,2.251629
2068,2.251629
2069,1.792481
2070,1.459148
2071,1.459148
2072,1.918296
2073,2.251629
2074,2.251629
2075,2.251629
2076,2.584963
2077,2.251629
2078,2.251629
2079,2.251629
2080,2.251629
2081,1.918296
2082,1.918296
2083,1.918296
2084,1.792481
2085,1.792481
2086,1.918296
2087,1.918296
2088,2.251629
2089,1.792481
2090,1.459148
2091,1.918296
2092,2.251629
2093,2.251629
2094,2.251629
2095,2.251629
2096,2.584963
2097,2.584963
2098,2.584963
2099,2.584963
2100,2.584963
2101,2.251629
2102,2.251629
2103,1.918296
2104,1.918296
2105,2.251629
2106,2.251629
2107,2.251629
2108,2.584963
2109,2.251629
2110,1.792481
2111,1.792481
2112,1.792481
2113,2.251629
2114,2.251629
2115,2.584963
2116,2.251629
2117,1.918296
2118,1.918296
2119,2.251629
2120,2.584963
2121,2.584963
2122,2.251629
2123,2.251629
2124,1.792481
2125,1.918296
2126,1.918296
2127,2.251629
2128,2.251629
2129,2.251629
2130,2.251629
2131,2.251629
2132,1.918296
2133,2.251629
2134,2.584963
2135,2.584963
2136,2.251629
2137,2.251629
2138,2.251629
2139,2.251629
2140,1.918296
2141,2.251629
2142,1.792481
2143,1.792481
2144,2.251629
2145,1.918296
2146,1.918296
2147,1.918296
2148,1.918296
2149,2.251629
2150,2.584963
2151,2.251629
2152,2.251629
2153,2.251629
2154,1.792481
2155,1.792481
2156,2.251629
2157,2.251629
2158,2.584963
2159,2.584963
2160,2.584963
2161,2.584963
2162,2.584963
2163,2.251629
2164,1.918296
2165,1.918296
2166,1.918296
2167,1.584963
2168,1.918296
2169,1.584963
2170,1.918296
2171,1.918296
2172,1.459148
2173,1.792481
2174,2.251629
2175,2.251629
2176,2.251629
2177,2.251629
2178,2.251629
2179,2.251629
2180,2.251629
2181,2.584963
2182,2.251629
2183,2.251629
2184,2.251629
2185,2.251629
2186,2.584963
2187,2.584963
2188,2.584963
2189,2.584963
2190,2.584963
2191,2.251629
2192,2.251629
2193,2.251629
2194,2.251629
2195,2.251629
2196,2.251629
2197,2.251629
2198,1.918296
2199,1.459148
2200,1.918296
2201,1.459148
2202,1.459148
2203,1.459148
2204,1.792481
2205,2.251629
2206,2.251629
2207,2.584963
2208,2.251629
2209,1.918296
2210,1.918296
2211,2.251629
2212,1.918296
2213,2.251629
2214,1.918296
2215,1.584963
2216,1.918296
2217,1.918296
2218,1.918296
2219,1.918296
2220,2.251629
2221,1.792481
2222,1.459148
2223,1.918296
2224,1.918296
2225,1.918296
2226,1.792481
2227,2.251629
2228,1.918296
2229,1.459148
2230,1.459148
2231,1.918296
2232,1.918296
2233,2.251629
2234,2.584963
2235,2.251629
2236,2.251629
2237,2.251629
2238,2.251629
2239,2.251629
2240,2.251629
2241,1.918296
2242,2.251629
2243,2.251629
2244,2.251629
2245,2.584963
2246,2.251629
2247,1.918296
2248,2.251629
2249,2.251629
2250,2.251629
2251,2.251629
2252,2.584963
2253,2.251629
2254,2.251629
2255,2.251629
2256,2.251629
2257,2.251629
2258,1.918296
2259,1.918296
2260,1.918296
2261,2.251629
2262,2.251629
2263,2.251629
2264,2.251629
2265,1.918296
2266,2.251629
2267,2.251629
2268,1.918296
2269,1.918296
2270,2.251629
2271,1.792481
2272,1.918296
2273,1.918296
2274,1.918296
2275,1.792481
2276,1.459148
2277,0.918296
2278,0.918296
2279,1.459148
2280,1.918296
2281,1.918296
2282,2.251629
2283,2.251629
2284,2.251629
2285,2.251629
2286,2.584963
2287,2.584963
2288,2.251629
2289,2.251629
2290,2.251629
2291,2.251629
2292,2.584963
2293,2.584963
2294,2.584963
2295,2.251629
2296,1.918296
2297,1.584963
2298,1.918296
2299,2.251629
2300,2.251629
2301,2.251629
2302,2.584963
2303,2.584963
2304,2.251629
2305,1.792481
2306,1.918296
2307,1.918296
2308,2.251629
2309,2.251629
2310,2.251629
2311,2.584963
2312,2.584963
2313,2.251629
2314,2.584963
2315,2.251629
2316,2.251629
2317,2.251629
2318,2.251629
2319,2.251629
2320,1.792481
2321,1.792481
2322,1.792481
2323,1.792481
2324,2.251629
2325,2.251629
2326,2.251629
2327,2.251629
2328,2.584963
2329,2.584963
2330,2.251629
2331,2.251629
2332,2.251629
2333,1.918296
2334,1.918296
2335,1.584963
2336,1.918296
2337,1.918296
2338,2.251629
2339,2.251629
2340,2.251629
2341,1.918296
2342,2.251629
2343,2.251629
2344,2.251629
2345,2.584963
2346,2.251629
2347,2.251629
2348,2.251629
2349,1.918296
2350,1.792481
2351,2.251629
2352,2.251629
2353,1.918296
2354,2.251629
2355,1.918296
2356,1.459148
2357,1.459148
2358,1.459148
2359,1.459148
2360,1.584963
2361,1.918296
2362,1.918296
2363,2.251629
2364,2.584963
2365,2.251629
2366,2.251629
2367,2.251629
2368,1.918296
2369,2.251629
2370,2.251629
2371,1.792481
2372,1.251629
2373,1.251629
2374,1.792481
2375,1.792481
2376,1.251629
2377,1.459148
2378,1.918296
2379,1.792481
2380,1.251629
2381,1.792481
2382,1.459148
2383,1.459148
2384,1.792481
2385,2.251629
2386,2.251629
2387,1.918296
2388,1.918296
2389,2.251629
2390,2.251629
2391,2.584963
2392,2.584963
2393,2.251629
2394,2.251629
2395,2.251629
2396,2.251629
2397,2.251629
2398,1.918296
2399,1.918296
2400,2.251629
2401,2.584963
2402,2.584963
2403,2.584963
2404,2.584963
2405,2.251629
2406,2.584963
2407,2.584963
2408,2.251629
2409,2.251629
2410,2.251629
2411,2.251629
2412,1.918296
2413,1.918296
2414,1.459148
2415,1.459148
2416,1.918296
2417,1.584963
2418,1.918296
2419,2.251629
2420,2.251629
2421,1.918296
2422,1.918296
2423,1.918296
2424,1.918296
2425,2.251629
2426,2.251629
2427,2.251629
2428,2.251629
2429,1.918296
2430,1.918296
2431,1.918296
2432,1.918296
2433,1.918296
2434,1.584963
2435,1.918296
2436,1.918296
2437,1.792481
2438,1.792481
2439,1.792481
2440,1.459148
2441,1.918296
2442,1.918296
2443,1.918296
2444,2.251629
2445,2.251629
2446,2.251629
2447,2.584963
2448,2.584963
2449,2.251629
2450,1.918296
2451,1.918296
2452,1.918296
2453,1.918296
2454,1.918296
2455,1.918296
2456,1.918296
2457,1.918296
2458,2.251629
2459,2.584963
2460,2.251629
2461,2.251629
2462,2.251629
2463,2.251629
2464,2.251629
2465,2.584963
2466,2.584963
2467,2.251629
2468,2.251629
2469,1.918296
2470,1.918296
2471,1.918296
2472,2.251629
2473,2.251629
2474,2.584963
2475,2.584963
2476,2.584963
2477,2.251629
2478,2.251629
2479,1.918296
2480,1.918296
2481,1.918296
2482,2.251629
2483,2.251629
2484,1.918296
2485,2.251629
2486,2.584963
2487,2.584963
2488,2.584963
2489,2.584963
2490,2.584963
2491,2.251629
2492,2.251629
2493,1.918296
2494,1.918296
2495,1.918296
2496,1.792481
2497,1.459148
2498,1.918296
2499,2.251629
2500,2.251629
2501,2.251629
2502,1.918296
2503,1.918296
2504,2.251629
2505,2.251629
2506,2.251629
2507,1.918296
2508,1.918296
2509,2.251629
2510,2.584963
2511,2.251629
2512,2.584963
2513,2.251629
2514,2.251629
2515,1.918296
2516,1.918296
2517,1.918296
2518,2.251629
2519,1.918296
2520,2.251629
2521,2.251629
2522,2.251629
2523,1.792481
2524,1.792481
2525,1.459148
2526,1.918296
2527,1.918296
2528,1.918296
2529,1.918296
2530,2.251629
2531,2.251629
2532,2.251629
2533,2.584963
2534,2.251629
2535,2.584963
2536,2.584963
2537,2.584963
2538,2.251629
2539,2.251629
2540,2.251629
2541,2.251629
2542,1.792481
2543,2.251629
2544,2.251629
2545,2.251629
2546,2.251629
2547,1.918296
2548,1.918296
2549,1.918296
2550,1.918296
2551,1.918296
2552,2.251629
2553,1.918296
2554,2.251629
2555,2.251629
2556,2.584963
2557,2.251629
2558,2.251629
2559,1.792481
2560,1.918296
2561,1.918296
2562,1.459148
2563,1.918296
2564,1.918296
2565,1.918296
2566,1.918296
2567,1.918296
2568,2.251629
2569,2.584963
2570,2.584963
2571,2.584963
2572,2.584963
2573,2.584963
2574,2.251629
2575,2.251629
2576,2.251629
2577,2.251629
2578,2.251629
2579,1.918296
2580,2.251629
2581,2.584963
2582,2.251629
2583,2.251629
2584,2.251629
2585,2.251629
2586,2.584963
2587,2.251629
2588,2.584963
2589,2.584963
2590,2.584963
2591,2.584963
2592,2.584963
2593,2.251629
2594,2.584963
2595,2.251629
2596,1.918296
2597,2.251629
2598,1.918296
2599,1.918296
2600,1.918296
2601,1.918296
2602,2.251629
2603,2.251629
2604,2.251629
2605,2.251629
2606,2.251629
2607,2.251629
2608,2.251629
2609,2.251629
2610,2.251629
2611,2.251629
2612,2.251629
2613,2.251629
2614,2.584963
2615,2.584963
2616,2.251629
2617,2.251629
2618,1.918296
2619,2.251629
2620,2.251629
2621,2.251629
2622,2.251629
2623,2.584963
2624,2.251629
2625,1.918296
2626,2.251629
2627,1.918296
2628,2.251629
2629,2.251629
2630,2.251629
2631,2.584963
2632,2.584963
2633,2.251629
2634,2.251629
2635,2.251629
2636,2.251629
2637,2.251629
2638,1.918296
2639,2.251629
2640,2.251629
2641,1.918296
2642,1.459148
2643,1.792481
2644,1.459148
2645,1.918296
2646,2.251629
2647,2.251629
2648,2.251629
2649,2.251629
2650,2.251629
2651,1.918296
2652,2.251629
2653,2.251629
2654,1.792481
2655,1.792481
2656,2.251629
2657,2.251629
2658,2.251629
2659,2.251629
2660,2.251629
2661,2.584963
2662,2.251629
2663,2.251629
2664,2.251629
2665,2.251629
2666,2.251629
2667,1.918296
2668,1.792481
2669,1.792481
2670,1.918296
2671,1.459148
2672,1.459148
2673,1.792481
2674,1.792481
2675,1.918296
2676,2.251629
2677,2.251629
2678,2.251629
2679,2.584963
2680,2.584963
2681,2.251629
2682,2.251629
2683,1.918296
2684,1.584963
2685,1.918296
2686,2.251629
2687,2.251629
2688,2.584963
2689,2.584963
2690,2.251629
2691,2.251629
2692,2.251629
2693,1.918296
2694,1.918296
2695,1.918296
2696,1.918296
2697,1.792481
2698,2.251629
2699,2.251629
2700,1.918296
2701,1.918296
2702,1.918296
2703,1.918296
2704,1.459148
2705,1.792481
2706,1.792481
2707,1.792481
2708,2.251629
2709,2.584963
2710,2.251629
2711,2.251629
2712,1.918296
2713,2.251629
2714,1.918296
2715,2.251629
2716,2.251629
2717,2.584963
2718,2.584963
2719,2.251629
2720,1.792481
2721,1.792481
2722,1.792481
2723,1.792481
2724,1.792481
2725,1.918296
2726,2.251629
2727,2.251629
2728,1.918296
2729,1.918296
2730,1.918296
2731,1.918296
2732,1.918296
2733,2.251629
2734,2.251629
2735,2.251629
2736,2.251629
2737,1.918296
2738,1.918296
2739,1.918296
2740,2.251629
2741,2.251629
2742,2.584963
2743,2.251629
2744,1.918296
2745,1.918296
2746,1.918296
2747,1.918296
2748,2.251629
2749,2.251629
2750,2.584963
2751,2.584963
2752,2.251629
2753,1.918296
2754,1.918296
2755,1.918296
2756,2.251629
2757,2.251629
2758,2.251629
2759,2.251629
2760,2.251629
2761,1.918296
2762,2.251629
2763,2.251629
2764,1.918296
2765,1.918296
2766,2.251629
2767,2.251629
2768,2.251629
2769,2.251629
2770,2.251629
2771,2.584963
2772,2.584963
2773,2.251629
2774,1.918296
2775,1.459148
2776,1.792481
2777,1.792481
2778,1.792481
2779,1.792481
2780,2.251629
2781,2.584963
2782,2.251629
2783,1.918296
2784,2.251629
2785,2.584963
2786,2.251629
2787,2.251629
2788,2.251629
2789,2.251629
2790,2.584963
2791,2.251629
2792,1.792481
2793,2.251629
2794,2.251629
2795,1.918296
2796,1.918296
2797,1.918296
2798,1.918296
2799,1.792481
2800,2.251629
2801,2.251629
2802,2.251629
2803,1.918296
2804,2.251629
2805,2.251629
2806,1.792481
2807,2.251629
2808,2.251629
2809,2.584963
2810,2.251629
2811,2.251629
2812,2.251629
2813,2.584963
2814,2.584963
2815,2.584963
2816,2.584963
2817,2.251629
2818,2.584963
2819,2.584963
2820,2.251629
2821,2.251629
2822,2.251629
2823,1.918296
2824,1.918296
2825,1.584963
2826,1.918296
2827,1.918296
2828,1.918296
2829,1.918296
2830,1.792481
2831,1.918296
2832,1.459148
2833,1.918296
2834,2.251629
2835,1.792481
2836,2.251629
2837,1.918296
2838,2.251629
2839,2.251629
2840,2.251629
2841,1.918296
2842,2.251629
2843,2.251629
2844,1.918296
2845,2.251629
2846,2.584963
2847,2.584963
2848,2.251629
2849,2.251629
2850,2.251629
2851,2.251629
2852,2.584963
2853,2.584963
2854,2.584963
2855,2.251629
2856,2.584963
2857,2.584963
2858,2.251629
2859,2.251629
2860,2.251629
2861,2.251629
2862,2.584963
2863,2.584963
2864,2.584963
2865,2.584963
2866,2.584963
2867,2.251629
2868,2.584963
2869,2.251629
2870,2.251629
2871,2.251629
2872,2.251629
2873,2.251629
2874,1.918296
2875,1.918296
2876,1.918296
2877,1.918296
2878,2.251629
2879,2.251629
2880,2.251629
2881,1.792481
2882,2.251629
2883,2.584963
2884,2.584963
2885,2.251629
2886,2.251629
2887,2.251629
2888,2.251629
2889,2.251629
2890,2.251629
2891,2.584963
2892,2.584963
2893,2.251629
2894,2.251629
2895,2.251629
2896,2.251629
2897,2.251629
2898,2.251629
2899,2.251629
2900,1.792481
2901,1.459148
2902,1.459148
2903,1.459148
2904,1.918296
2905,1.792481
2906,1.251629
2907,1.792481
2908,1.792481
2909,2.251629
2910,2.251629
2911,2.584963
2912,2.584963
2913,2.251629
2914,2.251629
2915,1.918296
2916,1.918296
2917,2.251629
2918,2.251629
2919,2.251629
2920,2.251629
2921,2.584963
2922,2.584963
2923,2.251629
2924,2.251629
2925,1.792481
2926,1.792481
2927,1.792481
2928,1.251629
2929,1.792481
2930,2.251629
2931,2.251629
2932,2.251629
2933,2.251629
2934,2.584963
2935,2.584963
2936,2.584963
2937,2.251629
2938,2.251629
2939,2.251629
2940,2.251629
2941,2.251629
2942,1.792481
2943,2.251629
2944,1.918296
2945,1.792481
2946,1.792481
2947,1.792481
2948,1.792481
2949,1.251629
2950,1.792481
2951,2.251629
2952,2.251629
2953,2.251629
2954,1.918296
2955,1.792481
2956,1.918296
2957,1.584963
2958,1.918296
2959,1.918296
2960,2.251629
2961,2.251629
2962,2.251629
2963,1.918296
2964,2.251629
2965,2.584963
2966,2.251629
2967,2.251629
2968,2.584963
2969,2.584963
2970,2.584963
2971,2.251629
2972,2.251629
2973,2.251629
2974,2.251629
2975,2.251629
2976,2.584963
2977,2.584963
2978,2.251629
2979,1.918296
2980,2.251629
2981,1.918296
2982,1.918296
2983,1.918296
2984,2.251629
2985,2.251629
2986,2.584963
2987,2.584963
2988,2.584963
2989,2.251629
2990,2.251629
2991,2.251629
2992,2.251629
2993,2.251629
2994,2.584963
2995,2.251629
2996,2.251629
2997,1.918296
2998,2.251629
2999,2.251629
3000,2.584963
3001,2.251629
3002,2.584963
3003,2.584963
3004,2.584963
3005,2.251629
3006,2.251629
3007,2.251629
3008,2.251629
3009,2.584963
3010,2.584963
3011,2.251629
3012,1.792481
3013,2.251629
3014,2.251629
3015,1.918296
3016,1.459148
3017,1.459148
3018,1.792481
3019,1.792481
3020,2.251629
3021,2.584963
3022,2.251629
3023,2.251629
3024,2.251629
3025,2.251629
3026,2.251629
3027,1.918296
3028,2.251629
3029,2.251629
3030,2.251629
3031,2.584963
3032,2.251629
3033,2.251629
3034,2.584963
3035,2.584963
3036,2.584963
3037,2.584963
3038,2.584963
3039,2.251629
3040,2.251629
3041,2.584963
3042,2.584963
3043,2.251629
3044,2.251629
3045,1.792481
3046,1.792481
3047,1.459148
3048,1.918296
3049,2.251629
3050,2.251629
3051,1.918296
3052,2.251629
3053,1.918296
3054,1.918296
3055,1.792481
3056,1.792481
3057,1.459148
3058,1.918296
3059,1.918296
3060,1.918296
3061,1.918296
3062,1.918296
3063,1.918296
3064,1.918296
3065,2.251629
3066,1.792481
3067,2.251629
3068,2.251629
3069,1.918296
3070,1.792481
3071,2.251629
3072,2.251629
3073,2.251629
3074,1.792481
3075,2.251629
3076,2.251629
3077,2.251629
3078,2.251629
3079,1.792481
3080,1.792481
3081,2.251629
3082,2.251629
3083,1.918296
3084,1.918296
3085,1.918296
3086,1.918296
3087,1.918296
3088,1.918296
3089,1.918296
3090,2.251629
3091,1.918296
3092,2.251629
3093,2.251629
3094,2.251629
3095,2.251629
3096,2.251629
3097,2.584963
3098,2.251629
3099,2.251629
3100,2.251629
3101,1.792481
3102,1.918296
3103,1.918296
3104,2.251629
3105,1.918296
3106,2.251629
3107,1.918296
3108,1.918296
3109,1.459148
3110,1.918296
3111,1.918296
3112,2.251629
3113,2.251629
3114,2.251629
3115,2.251629
3116,2.251629
3117,1.918296
3118,1.918296
3119,2.251629
3120,2.584963
3121,2.251629
3122,2.251629
3123,1.918296
3124,1.918296
3125,2.251629
3126,2.251629
3127,1.918296
3128,1.918296
3129,1.918296
3130,2.251629
3131,2.251629
3132,2.584963
3133,2.584963
3134,2.251629
3135,1.792481
3136,1.792481
3137,2.251629
3138,2.251629
3139,2.251629
3140,2.584963
3141,2.584963
3142,2.584963
3143,2.251629
3144,2.584963
3145,2.584963
3146,2.584963
3147,2.251629
3148,1.792481
3149,1.792481
3150,1.459148
3151,1.459148
3152,1.918296
3153,2.251629
3154,1.918296
3155,2.251629
3156,1.918296
3157,1.918296
3158,1.918296
3159,2.251629
3160,1.918296
3161,2.251629
3162,2.251629
3163,1.918296
3164,2.251629
3165,2.251629
3166,1.918296
3167,2.251629
3168,2.251629
3169,2.584963
3170,2.584963
3171,2.251629
3172,2.251629
3173,2.251629
3174,1.792481
3175,1.792481
3176,2.251629
3177,2.251629
3178,2.251629
3179,1.918296
3180,1.918296
3181,2.251629
3182,2.251629
3183,2.251629
3184,2.251629
3185,2.251629
3186,2.584963
3187,2.251629
3188,2.251629
3189,2.251629
3190,2.251629
3191,2.584963
3192,2.251629
3193,2.251629
3194,2.251629
3195,1.792481
3196,2.251629
3197,2.251629
3198,2.251629
3199,1.918296
3200,1.918296
3201,1.459148
3202,1.459148
3203,1.918296
3204,1.918296
3205,2.251629
3206,1.918296
3207,2.251629
3208,2.251629
3209,2.251629
3210,2.251629
3211,2.251629
3212,2.251629
3213,1.792481
3214,1.792481
3215,1.792481
3216,1.918296
3217,2.251629
3218,2.584963
3219,2.584963
3220,2.584963
3221,2.251629
3222,1.918296
3223,2.251629
3224,1.918296
3225,2.251629
3226,2.251629
3227,2.251629
3228,2.584963
3229,2.584963
3230,2.251629
3231,2.251629
3232,2.251629
3233,2.251629
3234,2.251629
3235,2.251629
3236,2.251629
3237,2.251629
3238,2.584963
3239,2.584963
3240,2.251629
3241,2.584963
3242,2.251629
3243,2.584963
3244,2.584963
3245,2.584963
3246,2.251629
3247,1.918296
3248,1.918296
3249,1.459148
3250,1.459148
3251,1.918296
3252,1.918296
3253,1.792481
3254,2.251629
3255,2.251629
3256,2.584963
3257,2.251629
3258,2.251629
3259,1.918296
3260,2.251629
3261,2.584963
3262,2.584963
3263,2.251629
3264,1.918296
3265,1.918296
3266,1.918296
3267,2.251629
3268,2.251629
3269,1.918296
3270,1.918296
3271,1.792481
3272,1.792481
3273,2.251629
3274,1.918296
3275,1.918296
3276,1.918296
3277,1.792481
3278,1.251629
3279,1.792481
3280,1.918296
3281,1.918296
3282,1.918296
3283,1.792481
3284,1.792481
3285,1.918296
3286,2.251629
3287,2.251629
3288,2.251629
3289,2.251629
3290,2.251629
3291,2.251629
3292,1.918296
3293,1.918296
3294,1.918296
3295,2.251629
3296,2.251629
3297,2.251629
3298,1.792481
3299,2.251629
3300,2.251629
3301,2.251629
3302,2.251629
3303,2.251629
3304,2.251629
3305,2.584963
3306,2.251629
3307,1.918296
3308,1.918296
3309,2.251629
3310,2.584963
3311,2.584963
3312,2.584963
3313,2.584963
3314,2.584963
3315,2.584963
3316,2.584963
3317,2.251629
3318,2.251629
3319,2.584963
3320,2.251629
3321,2.251629
3322,2.251629
3323,2.251629
3324,2.251629
3325,2.251629
3326,2.584963
3327,2.584963
3328,2.251629
3329,2.251629
3330,2.251629
3331,2.251629
3332,2.251629
3333,1.918296
3334,1.918296
3335,1.918296
3336,1.918296
3337,2.251629
3338,2.251629
3339,1.918296
3340,1.918296
3341,1.918296
3342,1.918296
3343,2.251629
3344,2.251629
3345,2.251629
3346,2.584963
3347,2.584963
3348,2.584963
3349,2.584963
3350,2.584963
3351,2.251629
3352,2.584963
3353,2.251629
3354,1.918296
3355,2.251629
3356,2.251629
3357,1.918296
3358,1.918296
3359,1.918296
3360,1.459148
3361,1.459148
3362,1.459148
3363,1.459148
3364,1.792481
3365,2.251629
3366,2.251629
3367,2.584963
3368,2.251629
3369,2.251629
3370,2.251629
3371,1.918296
3372,1.918296
3373,2.251629
3374,2.251629
3375,2.251629
3376,2.251629
3377,2.251629
3378,1.918296
3379,1.918296
3380,2.251629
3381,2.584963
3382,2.584963
3383,2.251629
3384,2.584963
3385,2.251629
3386,2.251629
3387,2.251629
3388,2.251629
3389,2.251629
3390,2.584963
3391,2.584963
3392,2.251629
3393,1.918296
3394,1.918296
3395,1.918296
3396,1.584963
3397,1.918296
3398,1.918296
3399,2.251629
3400,2.251629
3401,2.251629
3402,1.918296
3403,2.251629
3404,1.918296
3405,2.251629
3406,2.251629
3407,2.251629
3408,2.251629
3409,1.918296
3410,2.251629
3411,2.251629
3412,2.584963
3413,2.584963
3414,2.251629
3415,2.584963
3416,2.584963
3417,2.584963
3418,2.251629
3419,2.584963
3420,2.251629
3421,2.584963
3422,2.584963
3423,2.251629
3424,2.251629
3425,2.251629
3426,2.584963
3427,2.251629
3428,2.251629
3429,2.251629
3430,1.918296
3431,1.792481
3432,1.459148
3433,1.792481
3434,1.792481
3435,1.918296
3436,2.251629
3437,2.251629
3438,2.584963
3439,2.584963
3440,2.584963
3441,2.251629
3442,2.251629
3443,2.251629
3444,1.918296
3445,1.918296
3446,1.918296
3447,2.251629
3448,2.584963
3449,2.251629
3450,2.251629
3451,1.918296
3452,1.918296
3453,1.918296
3454,2.251629
3455,2.251629
3456,2.584963
3457,2.584963
3458,2.584963
3459,2.584963
3460,2.251629
3461,1.918296
3462,2.251629
3463,2.251629
3464,2.251629
3465,2.584963
3466,2.251629
3467,2.251629
3468,2.251629
3469,1.918296
3470,2.251629
3471,2.584963
3472,2.251629
3473,1.792481
3474,1.792481
3475,1.459148
3476,1.792481
3477,1.918296
3478,2.251629
3479,2.251629
3480,2.251629
3481,2.251629
3482,2.251629
3483,2.584963
3484,2.251629
3485,2.251629
3486,2.251629
3487,2.251629
3488,2.251629
3489,2.251629
3490,2.251629
3491,2.251629
3492,1.792481
3493,1.792481
3494,1.792481
3495,2.251629
3496,2.251629
3497,2.251629
3498,2.251629
3499,1.792481
3500,1.792481
3501,1.792481
3502,1.792481
3503,1.792481
3504,1.918296
3505,2.251629
3506,2.251629
3507,1.918296
3508,2.251629
3509,2.251629
3510,1.918296
3511,1.918296
3512,1.918296
3513,2.251629
3514,2.584963
3515,2.584963
3516,2.251629
3517,2.251629
3518,2.251629
3519,2.584963
3520,2.251629
3521,2.251629
3522,2.251629
3523,2.251629
3524,1.918296
3525,2.251629
3526,2.584963
3527,2.251629
3528,1.918296
3529,1.459148
3530,1.459148
3531,1.459148
3532,1.792481
3533,1.918296
3534,1.792481
3535,2.251629
3536,2.251629
3537,2.251629
3538,2.251629
3539,1.918296
3540,2.251629
3541,2.584963
3542,2.251629
3543,1.918296
3544,1.918296
3545,2.251629
3546,2.584963
3547,2.584963
3548,2.251629
3549,1.918296
3550,1.792481
3551,1.792481
3552,1.251629
3553,1.792481
3554,1.792481
3555,1.918296
3556,2.251629
3557,2.251629
3558,1.918296
3559,1.918296
3560,1.792481
3561,1.792481
3562,1.251629
3563,1.459148
3564,1.459148
3565,1.459148
3566,1.459148
3567,1.459148
3568,1.918296
3569,2.251629
3570,1.918296
3571,2.251629
3572,1.918296
3573,2.251629
3574,2.251629
3575,2.251629
3576,2.251629
3577,2.251629
3578,2.251629
3579,1.918296
3580,2.251629
3581,2.251629
3582,1.792481
3583,1.792481
3584,1.918296
3585,2.251629
3586,2.251629
3587,2.251629
3588,2.251629
3589,2.251629
3590,2.251629
3591,2.251629
3592,2.584963
3593,2.584963
3594,2.584963
3595,2.251629
3596,1.918296
3597,1.918296
3598,1.918296
3599,2.251629
3600,2.251629
3601,2.251629
3602,2.251629
3603,2.251629
3604,2.251629
3605,2.584963
3606,2.251629
3607,2.251629
3608,2.251629
3609,2.584963
3610,2.584963
3611,2.584963
3612,2.251629
3613,1.918296
3614,1.918296
3615,1.918296
3616,1.792481
3617,1.792481
3618,2.251629
3619,1.918296
3620,1.918296
3621,2.251629
3622,2.251629
3623,2.251629
3624,2.584963
3625,2.584963
3626,2.584963
3627,2.251629
3628,1.918296
3629,1.918296
3630,2.251629
3631,2.584963
3632,2.584963
3633,2.251629
3634,2.251629
3635,2.251629
3636,2.251629
3637,2.251629
3638,1.918296
3639,1.918296
3640,2.251629
3641,2.584963
3642,2.584963
3643,2.251629
3644,1.918296
3645,1.918296
3646,1.918296
3647,2.251629
3648,1.918296
3649,2.251629
3650,2.584963
3651,2.251629
3652,1.918296
3653,1.918296
3654,2.251629
3655,2.584963
3656,2.251629
3657,2.251629
3658,2.251629
3659,1.918296
3660,2.251629
3661,2.584963
3662,2.584963
3663,2.251629
3664,2.251629
3665,2.251629
3666,2.251629
3667,2.584963
3668,2.251629
3669,1.792481
3670,1.792481
3671,2.251629
3672,2.251629
3673,1.792481
3674,1.792481
3675,2.251629
3676,2.251629
3677,1.918296
3678,1.918296
3679,1.918296
3680,1.918296
3681,1.918296
3682,2.251629
3683,1.918296
3684,1.918296
3685,1.918296
3686,1.918296
3687,2.251629
3688,2.251629
3689,1.918296
3690,1.918296
3691,1.918296
3692,2.251629
3693,2.251629
3694,2.251629
3695,2.251629
3696,2.251629
3697,1.918296
3698,1.459148
3699,1.000000
3700,1.459148
3701,1.918296
3702,2.251629
3703,2.584963
3704,2.251629
3705,2.251629
3706,1.792481
3707,1.459148
3708,1.918296
3709,1.918296
3710,2.251629
3711,2.584963
3712,2.584963
3713,2.251629
3714,2.251629
3715,1.918296
3716,1.918296
3717,1.918296
3718,1.792481
3719,1.792481
3720,2.251629
3721,2.251629
3722,2.584963
3723,2.584963
3724,2.584963
3725,2.584963
3726,2.251629
3727,2.251629
3728,1.918296
3729,1.918296
3730,2.251629
3731,2.251629
3732,1.918296
3733,1.584963
3734,1.918296
3735,2.251629
3736,2.251629
3737,2.251629
3738,2.584963
3739,2.584963
3740,2.584963
3741,2.251629
3742,1.792481
3743,1.792481
3744,1.459148
3745,1.918296
3746,2.251629
3747,2.584963
3748,2.251629
3749,2.251629
3750,2.251629
3751,2.584963
3752,2.584963
3753,2.251629
3754,2.251629
3755,2.251629
3756,1.918296
3757,2.251629
3758,2.251629
3759,1.792481
3760,1.459148
3761,1.918296
3762,1.459148
3763,1.918296
3764,1.918296
3765,1.459148
3766,1.918296
3767,1.918296
3768,2.251629
3769,2.584963
3770,2.584963
3771,2.584963
3772,2.584963
3773,2.584963
3774,2.584963
3775,2.584963
3776,2.251629
3777,1.918296
3778,1.918296
3779,2.251629
3780,2.584963
3781,2.584963
3782,2.251629
3783,1.792481
3784,1.792481
3785,1.918296
3786,1.918296
3787,2.251629
3788,2.584963
3789,2.251629
3790,2.584963
3791,2.251629
3792,2.251629
3793,2.584963
3794,2.584963
3795,2.251629
3796,2.251629
3797,2.251629
3798,2.251629
3799,2.584963
3800,2.584963
3801,2.584963
3802,2.251629
3803,1.918296
3804,1.918296
3805,1.584963
3806,1.459148
3807,1.792481
3808,1.459148
3809,1.459148
3810,1.918296
3811,1.792481
3812,1.459148
3813,1.918296
3814,1.918296
3815,2.251629
3816,2.584963
3817,2.584963
3818,2.251629
3819,1.918296
3820,1.918296
3821,1.459148
3822,1.792481
3823,1.792481
3824,2.251629
3825,1.918296
3826,2.251629
3827,2.251629
3828,1.918296
3829,1.459148
3830,1.459148
3831,1.459148
3832,1.459148
3833,1.459148
3834,1.918296
3835,2.251629
3836,2.584963
3837,2.584963
3838,2.584963
3839,2.251629
3840,2.251629
3841,2.251629
3842,1.792481
3843,1.251629
3844,0.918296
3845,1.000000
3846,1.459148
3847,1.584963
3848,1.918296
3849,1.918296
3850,1.918296
3851,1.918296
3852,1.918296
3853,1.918296
3854,2.251629
3855,2.251629
3856,2.251629
3857,2.251629
3858,2.251629
3859,2.584963
3860,2.584963
3861,2.251629
3862,1.792481
3863,1.251629
3864,1.251629
3865,1.792481
3866,1.792481
3867,2.251629
3868,2.584963
3869,2.584963
3870,2.251629
3871,1.792481
3872,1.792481
3873,2.251629
3874,2.251629
3875,1.918296
3876,1.918296
3877,1.918296
3878,2.251629
3879,2.251629
3880,1.918296
3881,2.251629
3882,1.918296
3883,1.918296
3884,2.251629
3885,1.792481
3886,2.251629
3887,2.251629
3888,2.584963
3889,2.251629
3890,2.251629
3891,1.918296
3892,1.918296
3893,1.918296
3894,1.792481
3895,1.792481
3896,1.918296
3897,2.251629
3898,2.584963
3899,2.251629
3900,2.251629
3901,1.918296
3902,1.918296
3903,2.251629
3904,2.251629
3905,2.251629
3906,2.584963
3907,2.251629
3908,1.918296
3909,2.251629
3910,2.251629
3911,2.251629
3912,2.251629
3913,2.251629
3914,1.918296
3915,1.918296
3916,1.459148
3917,1.459148
3918,1.918296
3919,2.251629
3920,2.251629
3921,2.584963
3922,2.251629
3923,1.918296
3924,1.918296
3925,2.251629
3926,2.251629
3927,2.251629
3928,2.251629
3929,1.792481
3930,1.918296
3931,1.584963
3932,1.918296
3933,1.918296
3934,2.251629
3935,2.251629
3936,2.251629
3937,2.251629
3938,2.251629
3939,2.251629
3940,1.918296
3941,1.918296
3942,2.251629
3943,2.251629
3944,2.251629
3945,2.584963
3946,2.584963
3947,2.251629
3948,1.918296
3949,1.918296
3950,2.251629
3951,2.584963
3952,2.251629
3953,2.584963
3954,2.251629
3955,2.251629
3956,2.251629
3957,2.251629
3958,1.918296
3959,1.459148
3960,1.918296
3961,1.459148
3962,1.459148
3963,1.459148
3964,1.584963
3965,1.918296
3966,2.251629
3967,2.251629
3968,2.251629
3969,2.251629
3970,2.251629
3971,1.792481
3972,1.792481
3973,2.251629
3974,2.251629
3975,2.251629
3976,2.251629
3977,2.251629
3978,1.918296
3979,2.251629
3980,1.918296
3981,2.251629
3982,2.251629
3983,1.918296
3984,1.459148
3985,1.792481
3986,1.792481
3987,1.792481
3988,1.459148
3989,1.459148
3990,1.792481
3991,1.459148
3992,1.459148
3993,1.918296
3994,2.251629
3995,1.792481
3996,1.792481
3997,1.792481
3998,1.792481
3999,1.459148
4000,1.459148
4001,1.918296
4002,2.251629
4003,2.251629
4004,2.584963
4005,2.584963
4006,2.584963
4007,2.584963
4008,2.584963
4009,2.251629
4010,2.251629
4011,2.251629
4012,1.918296
4013,1.918296
4014,2.251629
4015,1.792481
4016,1.792481
4017,1.918296
4018,2.251629
4019,2.251629
4020,2.251629
4021,1.918296
4022,1.792481
4023,1.792481
4024,2.251629
4025,2.251629
4026,1.792481
4027,2.251629
4028,2.584963
4029,2.584963
4030,2.251629
4031,2.584963
4032,2.584963
4033,2.251629
4034,2.251629
4035,2.251629
4036,2.251629
4037,2.251629
4038,1.918296
4039,2.251629
4040,2.584963
4041,2.251629
4042,2.251629
4043,2.584963
4044,2.584963
4045,2.251629
4046,2.251629
4047,2.584963
4048,2.251629
4049,2.251629
4050,2.251629
4051,2.584963
4052,2.584963
4053,2.584963
4054,2.584963
4055,2.584963
4056,2.251629
4057,2.251629
4058,2.251629
4059,2.584963
4060,2.251629
4061,1.918296
4062,1.792481
4063,1.792481
4064,2.251629
4065,2.251629
4066,2.251629
4067,2.584963
4068,2.251629
4069,1.918296
4070,1.584963
4071,1.918296
4072,1.918296
4073,2.251629
4074,2.251629
4075,2.251629
4076,2.251629
4077,2.584963
4078,2.584963
4079,2.251629
4080,2.251629
4081,2.251629
4082,2.251629
4083,2.584963
4084,2.251629
4085,2.584963
4086,2.251629
4087,1.918296
4088,2.251629
4089,1.918296
4090,2.251629
4091,2.251629
4092,1.792481
4093,1.792481
4094,2.251629
4095,2.584963
4096,2.584963
4097,2.251629
4098,1.918296
4099,1.918296
4100,1.918296
4101,1.918296
4102,2.251629
4103,2.251629
4104,2.251629
4105,2.584963
4106,2.584963
4107,2.251629
4108,1.918296
4109,1.918296
4110,1.918296
4111,2.251629
4112,2.251629
4113,2.251629
4114,1.792481
4115,1.918296
4116,1.918296
4117,2.251629
4118,2.584963
4119,2.584963
4120,2.584963
4121,2.251629
4122,1.792481
4123,1.792481
4124,1.792481
4125,1.918296
4126,1.918296
4127,2.251629
4128,2.251629
4129,2.251629
4130,2.251629
4131,2.584963
4132,2.251629
4133,2.251629
4134,2.251629
4135,2.251629
4136,2.251629
4137,2.251629
4138,1.792481
4139,1.251629
4140,1.792481
4141,1.459148
4142,1.918296
4143,1.918296
4144,2.251629
4145,2.251629
4146,1.918296
4147,2.251629
4148,2.251629
4149,2.251629
4150,2.251629
4151,2.251629
4152,2.251629
4153,1.792481
4154,2.251629
4155,2.584963
4156,2.584963
4157,2.251629
4158,2.251629
4159,2.251629
4160,2.251629
4161,2.251629
4162,2.251629
4163,2.251629
4164,2.251629
4165,2.251629
4166,2.251629
4167,2.584963
4168,2.584963
4169,2.251629
4170,2.251629
4171,1.792481
4172,1.251629
4173,0.918296
4174,1.459148
4175,1.792481
4176,2.251629
4177,2.251629
4178,2.251629
4179,2.251629
4180,1.918296
4181,2.251629
4182,1.918296
4183,1.918296
4184,2.251629
4185,2.584963
4186,2.251629
4187,2.251629
4188,1.918296
4189,1.918296
4190,1.918296
4191,2.251629
4192,1.792481
4193,2.251629
4194,2.251629
4195,1.792481
4196,1.792481
4197,1.792481
4198,1.251629
4199,1.251629
4200,1.792481
4201,1.918296
4202,2.251629
4203,2.251629
4204,1.792481
4205,1.792481
4206,1.792481
4207,2.251629
4208,2.251629
4209,2.584963
4210,2.584963
4211,2.251629
4212,2.251629
4213,1.918296
4214,2.251629
4215,1.918296
4216,2.251629
4217,1.918296
4218,1.918296
4219,2.251629
4220,2.251629
4221,1.918296
4222,1.918296
4223,1.792481
4224,2.251629
4225,1.918296
4226,2.251629
4227,2.251629
4228,2.251629
4229,1.792481
4230,2.251629
4231,2.251629
4232,2.251629
4233,1.918296
4234,2.251629
4235,2.251629
4236,2.251629
4237,2.251629
4238,2.251629
4239,2.251629
4240,2.251629
4241,2.584963
4242,2.251629
4243,2.251629
4244,2.251629
4245,2.251629
4246,2.251629
4247,1.792481
4248,2.251629
4249,1.918296
4250,1.918296
4251,1.918296
4252,1.792481
4253,1.792481
4254,1.251629
4255,1.251629
4256,1.792481
4257,2.251629
4258,2.251629
4259,2.251629
4260,2.251629
4261,2.251629
4262,2.251629
4263,2.251629
4264,2.251629
4265,1.918296
4266,1.918296
4267,1.792481
4268,1.792481
4269,1.792481
4270,2.251629
4271,2.584963
4272,2.584963
4273,2.251629
4274,2.251629
4275,1.918296
4276,1.459148
4277,1.459148
4278,1.000000
4279,1.459148
4280,1.918296
4281,1.918296
4282,2.251629
4283,2.251629
4284,2.251629
4285,1.918296
4286,2.251629
4287,1.792481
4288,1.792481
4289,2.251629
4290,1.918296
4291,2.251629
4292,2.251629
4293,1.918296
4294,1.918296
4295,2.251629
4296,1.792481
4297,1.918296
4298,2.251629
4299,1.792481
4300,2.251629
4301,2.251629
4302,2.251629
4303,2.251629
4304,2.251629
4305,1.792481
4306,1.459148
4307,1.918296
4308,2.251629
4309,2.251629
4310,2.251629
4311,2.584963
4312,2.584963
4313,2.584963
4314,2.251629
4315,1.918296
4316,2.251629
4317,2.251629
4318,2.251629
4319,2.251629
4320,2.251629
4321,1.918296
4322,1.918296
4323,2.251629
4324,2.251629
4325,2.251629
4326,2.251629
4327,1.918296
4328,1.918296
4329,1.918296
4330,2.251629
4331,2.251629
4332,2.251629
4333,2.584963
4334,2.584963
4335,2.251629
4336,1.918296
4337,2.251629
4338,2.251629
4339,2.584963
4340,2.251629
4341,1.792481
4342,2.251629
4343,2.251629
4344,1.918296
4345,1.918296
4346,1.918296
4347,1.918296
4348,1.792481
4349,2.251629
4350,1.918296
4351,1.918296
4352,2.251629
4353,2.251629
4354,1.918296
4355,2.251629
4356,2.251629
4357,2.251629
4358,1.792481
4359,2.251629
4360,2.251629
4361,2.251629
4362,2.251629
4363,2.251629
4364,2.251629
4365,2.251629
4366,1.792481
4367,1.792481
4368,1.918296
4369,2.251629
4370,2.251629
4371,1.792481
4372,1.792481
4373,1.792481
4374,2.251629
4375,2.251629
4376,2.584963
4377,2.584963
4378,2.584963
4379,2.584963
4380,2.251629
4381,2.251629
4382,2.584963
4383,2.584963
4384,2.251629
4385,2.251629
4386,2.251629
4387,2.251629
4388,2.251629
4389,2.251629
4390,1.918296
4391,2.251629
4392,2.251629
4393,1.792481
4394,1.918296
4395,1.918296
4396,2.251629
4397,2.251629
4398,1.792481
4399,1.918296
4400,1.918296
4401,1.459148
4402,1.792481
4403,2.251629
4404,2.584963
4405,2.251629
4406,2.584963
4407,2.251629
4408,2.251629
4409,2.251629
4410,2.251629
4411,2.584963
4412,2.251629
4413,1.918296
4414,1.918296
4415,2.251629
4416,1.792481
4417,1.918296
4418,1.918296
4419,1.584963
4420,1.918296
4421,2.251629
4422,2.251629
4423,1.918296
4424,1.792481
4425,1.918296
4426,1.918296
4427,1.918296
4428,2.251629
4429,2.584963
4430,2.584963
4431,2.251629
4432,1.792481
4433,1.792481
4434,1.792481
4435,1.459148
4436,1.918296
4437,1.918296
4438,1.918296
4439,2.251629
4440,1.792481
4441,1.792481
4442,2.251629
4443,2.584963
4444,2.251629
4445,2.251629
4446,2.251629
4447,2.251629
4448,1.918296
4449,1.918296
4450,1.918296
4451,2.251629
4452,2.251629
4453,2.251629
4454,2.584963
4455,2.584963
4456,2.251629
4457,2.251629
4458,2.251629
4459,1.918296
4460,2.251629
4461,2.251629
4462,1.918296
4463,2.251629
4464,2.251629
4465,2.251629
4466,2.584963
4467,2.584963
4468,2.584963
4469,2.251629
4470,2.251629
4471,2.251629
4472,2.584963
4473,2.584963
4474,2.584963
4475,2.251629
4476,1.918296
4477,1.918296
4478,1.918296
4479,2.251629
4480,2.584963
4481,2.584963
4482,2.584963
4483,2.251629
4484,2.251629
4485,2.584963
4486,2.251629
4487,1.918296
4488,2.251629
4489,2.584963
4490,2.584963
4491,2.251629
4492,2.584963
4493,2.584963
4494,2.584963
4495,2.584963
4496,2.251629
4497,2.251629
4498,2.251629
4499,2.251629
4500,2.251629
4501,2.251629
4502,2.251629
4503,2.251629
4504,1.792481
4505,1.251629
4506,1.251629
4507,1.792481
4508,1.792481
4509,2.251629
4510,2.584963
4511,2.251629
4512,2.251629
4513,2.584963
4514,2.251629
4515,1.918296
4516,2.251629
4517,2.251629
4518,2.251629
4519,2.584963
4520,2.251629
4521,2.251629
4522,2.584963
4523,2.584963
4524,2.251629
4525,1.918296
4526,1.918296
4527,2.251629
4528,2.584963
4529,2.584963
4530,2.251629
4531,1.918296
4532,2.251629
4533,2.251629
4534,2.251629
4535,2.251629
4536,2.251629
4537,2.584963
4538,2.584963
4539,2.251629
4540,1.918296
4541,1.918296
4542,1.459148
4543,1.918296
4544,1.918296
4545,1.918296
4546,1.918296
4547,2.251629
4548,2.251629
4549,1.918296
4550,2.251629
4551,1.792481
4552,2.251629
4553,2.251629
4554,1.918296
4555,2.251629
4556,2.251629
4557,1.918296
4558,1.918296
4559,1.918296
4560,1.792481
4561,1.918296
4562,2.251629
4563,1.918296
4564,1.918296
4565,2.251629
4566,2.251629
4567,2.251629
4568,2.251629
4569,1.918296
4570,1.918296
4571,1.459148
4572,1.251629
4573,1.792481
4574,1.792481
4575,1.459148
4576,1.459148
4577,1.792481
4578,1.792481
4579,1.918296
4580,1.459148
4581,1.918296
4582,1.792481
4583,2.251629
4584,1.918296
4585,1.918296
4586,1.459148
4587,1.459148
4588,1.918296
4589,1.918296
4590,1.918296
4591,2.251629
4592,2.251629
4593,2.251629
4594,2.251629
4595,2.251629
4596,2.251629
4597,1.918296
4598,2.251629
4599,2.584963
4600,2.584963
4601,2.584963
4602,2.584963
4603,2.584963
4604,2.251629
4605,2.251629
4606,1.918296
4607,1.918296
4608,1.918296
4609,2.251629
4610,2.251629
4611,2.251629
4612,2.251629
4613,2.251629
4614,2.251629
4615,2.251629
4616,2.251629
4617,2.251629
4618,1.918296
4619,1.792481
4620,1.792481
4621,2.251629
4622,2.251629
4623,2.251629
4624,2.251629
4625,2.251629
4626,2.251629
4627,2.584963
4628,2.584963
4629,2.251629
4630,1.918296
4631,2.251629
4632,1.918296
4633,2.251629
4634,1.918296
4635,1.918296
4636,1.918296
4637,2.251629
4638,1.918296
4639,1.918296
4640,1.918296
4641,1.918296
4642,2.251629
4643,2.251629
4644,2.251629
4645,2.251629
4646,2.584963
4647,2.251629
4648,1.918296
4649,1.918296
4650,1.918296
4651,1.918296
4652,2.251629
4653,2.251629
4654,2.251629
4655,2.584963
4656,2.251629
4657,2.251629
4658,1.918296
4659,1.918296
4660,1.918296
4661,2.251629
4662,1.792481
4663,2.251629
4664,1.918296
4665,1.918296
4666,2.251629
4667,2.251629
4668,1.918296
4669,1.918296
4670,1.459148
4671,1.459148
4672,1.918296
4673,2.251629
4674,2.251629
4675,1.918296
4676,2.251629
4677,2.251629
4678,1.918296
4679,2.251629
4680,1.918296
4681,2.251629
4682,2.584963
4683,2.251629
4684,2.584963
4685,2.251629
4686,2.251629
4687,1.918296
4688,1.459148
4689,1.459148
4690,1.459148
4691,1.918296
4692,1.918296
4693,1.918296
4694,1.918296
4695,1.918296
4696,1.918296
4697,1.918296
4698,2.251629
4699,2.251629
4700,2.251629
4701,1.918296
4702,2.251629
4703,1.792481
4704,2.251629
4705,1.918296
4706,2.251629
4707,2.584963
4708,2.251629
4709,2.584963
4710,2.584963
4711,2.584963
4712,2.251629
4713,2.251629
4714,2.251629
4715,2.584963
4716,2.251629
4717,1.918296
4718,1.918296
4719,2.251629
4720,2.251629
4721,2.251629
4722,2.251629
4723,2.584963
4724,2.584963
4725,2.584963
4726,2.584963
4727,2.251629
4728,2.251629
4729,2.251629
4730,2.251629
4731,2.584963
4732,2.584963
4733,2.251629
4734,2.251629
4735,2.251629
4736,2.251629
4737,2.251629
4738,2.584963
4739,2.251629
4740,2.251629
4741,1.918296
4742,1.459148
4743,1.792481
4744,2.251629
4745,2.251629
4746,2.584963
4747,2.251629
4748,1.792481
4749,1.251629
4750,1.251629
4751,0.918296
4752,1.459148
4753,1.459148
4754,1.918296
4755,2.251629
4756,2.584963
4757,2.584963
4758,2.251629
4759,2.251629
4760,2.251629
4761,2.251629
4762,2.251629
4763,1.918296
4764,1.459148
4765,1.792481
4766,2.251629
4767,2.251629
4768,1.792481
4769,2.251629
4770,2.584963
4771,2.251629
4772,2.251629
4773,2.251629
4774,1.918296
4775,2.251629
4776,2.584963
4777,2.251629
4778,1.792481
4779,1.792481
4780,2.251629
4781,2.251629
4782,1.918296
4783,2.251629
4784,1.918296
4785,2.251629
4786,2.251629
4787,2.584963
4788,2.251629
4789,1.792481
4790,1.792481
4791,1.792481
4792,1.792481
4793,1.459148
4794,1.918296
4795,2.251629
4796,1.918296
4797,1.918296
4798,2.251629
4799,1.918296
4800,1.459148
4801,1.792481
4802,1.792481
4803,2.251629
4804,2.251629
4805,2.251629
4806,1.918296
4807,2.251629
4808,2.251629
4809,2.251629
4810,2.251629
4811,2.251629
4812,2.251629
4813,1.918296
4814,1.584963
4815,1.918296
4816,1.584963
4817,1.918296
4818,2.251629
4819,1.918296
4820,1.918296
4821,1.918296
4822,1.918296
4823,1.918296
4824,1.792481
4825,2.251629
4826,1.918296
4827,1.918296
4828,2.251629
4829,2.251629
4830,1.792481
4831,2.251629
4832,2.584963
4833,2.584963
4834,2.251629
4835,2.251629
4836,2.584963
4837,2.584963
4838,2.584963
4839,2.251629
4840,2.251629
4841,2.584963
4842,2.251629
4843,2.251629
4844,2.584963
4845,2.251629
4846,2.251629
4847,2.251629
4848,2.584963
4849,2.251629
4850,2.251629
4851,2.251629
4852,2.251629
4853,2.584963
4854,2.584963
4855,2.251629
4856,1.918296
4857,2.251629
4858,2.251629
4859,1.792481
4860,2.251629
4861,2.584963
4862,2.251629
4863,2.251629
4864,2.251629
4865,2.251629
4866,2.584963
4867,2.584963
4868,2.584963
4869,2.251629
4870,2.584963
4871,2.251629
4872,1.918296
4873,1.918296
4874,2.251629
4875,2.251629
4876,2.584963
4877,2.584963
4878,2.584963
4879,2.584963
4880,2.584963
4881,2.251629
4882,2.251629
4883,2.251629
4884,2.251629
4885,2.251629
4886,2.251629
4887,2.251629
4888,2.251629
4889,2.251629
4890,2.584963
4891,2.584963
4892,2.251629
4893,2.584963
4894,2.584963
4895,2.251629
4896,2.251629
4897,2.251629
4898,2.251629
4899,1.792481
4900,1.251629
4901,1.251629
4902,1.251629
4903,1.459148
4904,1.918296
4905,2.251629
4906,2.251629
4907,2.251629
4908,2.251629
4909,1.918296
4910,2.251629
4911,2.584963
4912,2.251629
4913,2.251629
4914,2.251629
4915,2.251629
4916,2.251629
4917,2.251629
4918,2.584963
4919,2.251629
4920,1.792481
4921,1.459148
4922,1.459148
4923,1.792481
4924,1.918296
4925,1.792481
4926,1.792481
4927,1.459148
4928,1.792481
4929,1.792481
4930,2.251629
4931,2.251629
4932,2.584963
4933,2.584963
4934,2.251629
4935,1.918296
4936,1.584963
4937,1.918296
4938,2.251629
4939,2.584963
4940,2.584963
4941,2.584963
4942,2.251629
4943,1.792481
4944,1.918296
4945,1.792481
4946,1.792481
4947,1.792481
4948,2.251629
4949,2.584963
4950,2.584963
4951,2.584963
4952,2.584963
4953,2.584963
4954,2.251629
4955,1.918296
4956,1.918296
4957,1.792481
4958,1.792481
4959,1.792481
4960,1.918296
4961,1.459148
4962,1.459148
4963,1.459148
4964,1.918296
4965,1.918296
4966,1.792481
4967,1.792481
4968,2.251629
4969,2.584963
4970,2.584963
4971,2.251629
4972,2.251629
4973,2.584963
4974,2.584963
4975,2.584963
4976,2.251629
4977,1.918296
4978,1.918296
4979,1.918296
4980,1.584963
4981,1.459148
4982,1.459148
4983,1.459148
4984,1.251629
4985,1.251629
4986,1.792481
4987,2.251629
4988,2.584963
4989,2.584963
4990,2.584963
4991,2.584963
4992,2.584963
4993,2.584963
4994,2.251629
4995,2.584963
4996,2.584963
4997,2.584963
4998,2.584963
4999,2.251629
5000,1.918296
5001,1.918296
5002,2.251629
5003,2.584963
5004,2.584963
5005,2.251629
5006,2.251629
5007,2.584963
5008,2.251629
5009,2.251629
5010,1.918296
5011,2.251629
5012,2.584963
5013,2.584963
5014,2.584963
5015,2.584963
5016,2.584963
5017,2.251629
5018,2.251629
5019,2.251629
5020,2.251629
5021,2.584963
5022,2.251629
5023,1.918296
5024,2.251629
5025,1.918296
5026,1.918296
5027,1.918296
5028,1.918296
5029,2.251629
5030,2.251629
5031,2.584963
5032,2.251629
5033,2.251629
5034,2.251629
5035,2.251629
5036,2.251629
5037,2.584963
5038,2.584963
5039,2.584963
5040,2.251629
5041,2.584963
5042,2.251629
5043,1.792481
5044,2.251629
5045,2.251629
5046,2.251629
5047,1.792481
5048,2.251629
5049,2.584963
5050,2.251629
5051,2.251629
5052,2.251629
5053,2.251629
5054,1.792481
5055,1.792481
5056,1.251629
5057,1.459148
5058,1.792481
5059,2.251629
5060,2.251629
5061,2.251629
5062,1.918296
5063,1.792481
5064,2.251629
5065,2.251629
5066,1.918296
5067,1.918296
5068,1.918296
5069,1.459148
5070,1.792481
5071,2.251629
5072,2.251629
5073,2.251629
5074,2.251629
5075,2.251629
5076,2.251629
5077,2.251629
5078,1.918296
5079,1.459148
5080,1.459148
5081,1.918296
5082,2.251629
5083,1.792481
5084,2.251629
5085,1.918296
5086,1.918296
5087,1.918296
5088,2.251629
5089,1.918296
5090,1.918296
5091,1.918296
5092,1.918296
5093,1.918296
5094,2.251629
5095,2.251629
5096,2.251629
5097,2.251629
5098,1.918296
5099,2.251629
5100,2.251629
5101,2.251629
5102,2.251629
5103,2.251629
5104,2.251629
5105,2.251629
5106,1.792481
5107,1.918296
5108,2.251629
5109,2.251629
5110,2.584963
5111,2.584963
5112,2.251629
5113,2.251629
5114,2.251629
5115,2.251629
5116,2.251629
5117,1.792481
5118,2.251629
5119,1.918296
5120,2.251629
5121,2.251629
5122,1.918296
5123,1.918296
5124,2.251629
5125,2.251629
5126,2.584963
5127,2.251629
5128,2.251629
5129,2.251629
5130,1.918296
5131,1.918296
5132,1.918296
5133,1.918296
5134,1.792481
5135,1.918296
5136,1.918296
5137,1.918296
5138,1.918296
5139,2.251629
5140,2.251629
5141,1.792481
5142,1.792481
5143,2.251629
5144,2.584963
5145,2.251629
5146,1.792481
5147,2.251629
5148,2.251629
5149,1.918296
5150,1.918296
5151,2.251629
5152,2.251629
5153,2.251629
5154,2.251629
5155,2.251629
5156,2.251629
5157,1.918296
5158,1.918296
5159,1.918296
5160,2.251629
5161,2.584963
5162,2.584963
5163,2.584963
5164,2.251629
5165,2.251629
5166,2.251629
5167,2.251629
5168,2.251629
5169,2.584963
5170,2.251629
5171,2.251629
5172,2.251629
5173,1.792481
5174,1.792481
5175,1.918296
5176,2.251629
5177,2.251629
5178,2.251629
5179,1.918296
5180,2.251629
5181,2.251629
5182,2.251629
5183,2.251629
5184,2.584963
5185,2.251629
5186,2.584963
5187,2.584963
5188,2.584963
5189,2.584963
5190,2.251629
5191,2.251629
5192,1.918296
5193,1.918296
5194,1.918296
5195,1.918296
5196,2.251629
5197,1.918296
5198,1.918296
5199,1.918296
5200,1.918296
5201,2.251629
5202,2.251629
5203,2.251629
5204,2.584963
5205,2.251629
5206,2.251629
5207,1.792481
5208,1.792481
5209,1.918296
5210,1.918296
5211,1.918296
5212,1.792481
5213,1.792481
5214,2.251629
5215,2.584963
5216,2.584963
5217,2.251629
5218,1.918296
5219,2.251629
5220,1.918296
5221,2.251629
5222,1.792481
5223,1.792481
5224,2.251629
5225,1.918296
5226,1.918296
5227,2.251629
5228,1.792481
5229,1.792481
5230,1.918296
5231,1.918296
5232,2.251629
5233,2.251629
5234,2.251629
5235,2.584963
5236,2.584963
5237,2.251629
5238,1.792481
5239,1.251629
5240,1.251629
5241,1.251629
5242,1.792481
5243,2.251629
5244,2.584963
5245,2.251629
5246,2.251629
5247,2.251629
5248,1.918296
5249,2.251629
5250,1.918296
5251,1.918296
5252,1.918296
5253,1.918296
5254,1.918296
5255,2.251629
5256,2.251629
5257,2.584963
5258,2.584963
5259,2.584963
5260,2.251629
5261,1.918296
5262,2.251629
5263,1.792481
5264,1.792481
5265,1.918296
5266,1.918296
5267,1.918296
5268,1.918296
5269,1.918296
5270,2.251629
5271,2.251629
5272,2.251629
5273,1.918296
5274,2.251629
5275,1.918296
5276,2.251629
5277,1.918296
5278,1.918296
5279,1.918296
5280,2.251629
5281,2.251629
5282,1.918296
5283,1.918296
5284,1.918296
5285,1.918296
5286,1.792481
5287,1.251629
5288,1.792481
5289,1.792481
5290,1.251629
5291,1.792481
5292,2.251629
5293,2.251629
5294,2.251629
5295,2.584963
5296,2.251629
5297,2.251629
5298,2.251629
5299,2.251629
5300,2.584963
5301,2.584963
5302,2.251629
5303,2.251629
5304,1.918296
5305,1.918296
5306,1.792481
5307,1.918296
5308,1.918296
5309,1.792481
5310,1.792481
5311,1.792481
5312,1.792481
5313,1.918296
5314,1.918296
5315,2.251629
5316,2.584963
5317,2.584963
5318,2.251629
5319,1.792481
5320,1.251629
5321,1.251629
5322,1.251629
5323,1.792481
5324,2.251629
5325,2.584963
5326,2.251629
5327,1.918296
5328,1.918296
5329,1.918296
5330,1.918296
5331,1.918296
5332,1.918296
5333,1.918296
5334,1.918296
5335,1.918296
5336,2.251629
5337,2.251629
5338,1.792481
5339,1.792481
5340,2.251629
5341,2.251629
5342,2.251629
5343,1.792481
5344,1.459148
5345,1.459148
5346,1.792481
5347,2.251629
5348,1.918296
5349,2.251629
5350,2.251629
5351,1.918296
5352,1.459148
5353,1.459148
5354,1.459148
5355,1.792481
5356,2.251629
5357,2.251629
5358,1.918296
5359,1.918296
5360,1.918296
5361,1.918296
5362,2.251629
5363,1.918296
5364,2.251629
5365,2.251629
5366,1.918296
5367,2.251629
5368,1.792481
5369,1.792481
5370,2.251629
5371,2.251629
5372,2.584963
5373,2.584963
5374,2.251629
5375,1.918296
5376,1.918296
5377,2.251629
5378,2.251629
5379,2.251629
5380,2.251629
5381,2.251629
5382,2.251629
5383,2.584963
5384,2.584963
5385,2.251629
5386,2.251629
5387,1.918296
5388,2.251629
5389,1.792481
5390,1.792481
5391,1.792481
5392,1.918296
5393,2.251629
5394,1.918296
5395,1.918296
5396,1.792481
5397,1.459148
5398,1.792481
5399,1.918296
5400,1.792481
5401,1.459148
5402,1.251629
5403,1.251629
5404,1.792481
5405,2.251629
5406,2.251629
5407,2.251629
5408,2.584963
5409,2.584963
5410,2.584963
5411,2.251629
5412,2.251629
5413,2.251629
5414,1.792481
5415,1.792481
5416,1.459148
5417,1.459148
5418,1.918296
5419,1.459148
5420,1.918296
5421,2.251629
5422,2.251629
5423,2.584963
5424,2.251629
5425,2.251629
5426,1.918296
5427,1.918296
5428,2.251629
5429,1.918296
5430,2.251629
5431,2.251629
5432,1.918296
5433,2.251629
5434,1.918296
5435,1.918296
5436,1.918296
5437,2.251629
5438,2.251629
5439,2.584963
5440,2.584963
5441,2.251629
5442,2.251629
5443,1.918296
5444,1.918296
5445,1.918296
5446,1.918296
5447,1.792481
5448,1.792481
5449,1.792481
5450,1.792481
5451,1.918296
5452,2.251629
5453,2.251629
5454,2.251629
5455,2.251629
5456,2.251629
5457,2.584963
5458,2.251629
5459,2.251629
5460,1.792481
5461,1.792481
5462,1.918296
5463,2.251629
5464,2.584963
5465,2.584963
5466,2.251629
5467,2.251629
5468,1.918296
5469,2.251629
5470,2.584963
5471,2.584963
5472,2.584963
5473,2.584963
5474,2.584963
5475,2.584963
5476,2.251629
5477,2.584963
5478,2.584963
5479,2.251629
5480,2.251629
5481,1.918296
5482,2.251629
5483,1.792481
5484,2.251629
5485,2.251629
5486,2.251629
5487,2.584963
5488,2.584963
5489,2.251629
5490,1.918296
5491,1.918296
5492,1.918296
5493,1.918296
5494,1.792481
5495,2.251629
5496,2.251629
5497,2.251629
5498,2.584963
5499,2.251629
5500,2.584963
5501,2.584963
5502,2.584963
5503,2.251629
5504,2.584963
5505,2.251629
5506,2.584963
5507,2.251629
5508,1.918296
5509,1.918296
5510,2.251629
5511,2.584963
5512,2.584963
5513,2.251629
5514,2.251629
5515,1.918296
5516,1.792481
5517,1.251629
5518,1.251629
5519,1.792481
5520,2.251629
5521,2.251629
5522,2.251629
5523,2.251629
5524,1.792481
5525,2.251629
5526,2.251629
5527,1.918296
5528,2.251629
5529,2.584963
5530,2.251629
5531,1.918296
5532,1.918296
5533,1.918296
5534,2.251629
5535,2.584963
5536,2.584963
5537,2.584963
5538,2.251629
5539,2.251629
5540,2.251629
5541,2.251629
5542,2.584963
5543,2.584963
5544,2.584963
5545,2.251629
5546,1.918296
5547,1.918296
5548,1.918296
5549,1.918296
5550,2.251629
5551,1.918296
5552,1.459148
5553,1.459148
5554,1.918296
5555,1.584963
5556,1.918296
5557,1.918296
5558,2.251629
5559,1.918296
5560,2.251629
5561,2.251629
5562,2.251629
5563,2.251629
5564,1.792481
5565,1.792481
5566,2.251629
5567,2.251629
5568,1.918296
5569,1.918296
5570,1.918296
5571,1.459148
5572,1.792481
5573,1.918296
5574,1.918296
5575,2.251629
5576,1.792481
5577,1.792481
5578,2.251629
5579,2.251629
5580,2.251629
5581,1.918296
5582,2.251629
5583,1.918296
5584,1.792481
5585,1.918296
5586,1.918296
5587,1.792481
5588,1.792481
5589,2.251629
5590,2.251629
5591,1.918296
5592,1.918296
5593,1.918296
5594,2.251629
5595,2.251629
5596,2.251629
5597,2.251629
5598,2.251629
5599,1.918296
5600,2.251629
5601,2.251629
5602,2.584963
5603,2.584963
5604,2.251629
5605,2.251629
5606,2.251629
5607,2.251629
5608,1.918296
5609,2.251629
5610,1.792481
5611,1.251629
5612,1.792481
5613,1.792481
5614,1.918296
5615,1.459148
5616,1.792481
5617,1.459148
5618,1.459148
5619,1.459148
5620,1.918296
5621,2.251629
5622,2.251629
5623,2.251629
5624,2.251629
5625,2.251629
5626,2.251629
5627,2.584963
5628,2.251629
5629,1.918296
5630,1.459148
5631,1.918296
5632,2.251629
5633,1.918296
5634,1.918296
5635,1.918296
5636,1.918296
5637,1.459148
5638,1.459148
5639,1.459148
5640,1.792481
5641,1.792481
5642,2.251629
5643,2.584963
5644,2.251629
5645,2.251629
5646,2.251629
5647,1.918296
5648,2.251629
5649,1.918296
5650,2.251629
5651,2.584963
5652,2.584963
5653,2.584963
5654,2.584963
5655,2.251629
5656,2.251629
5657,1.792481
5658,2.251629
5659,2.251629
5660,1.792481
5661,1.792481
5662,1.459148
5663,1.459148
5664,1.459148
5665,1.792481
5666,1.792481
5667,2.251629
5668,1.918296
5669,2.251629
5670,2.584963
5671,2.251629
5672,1.792481
5673,1.792481
5674,1.459148
5675,1.792481
5676,2.251629
5677,2.251629
5678,2.251629
5679,2.251629
5680,1.792481
5681,1.792481
5682,1.459148
5683,1.918296
5684,1.584963
5685,1.918296
5686,2.251629
5687,2.251629
5688,1.918296
5689,1.918296
5690,2.251629
5691,2.251629
5692,2.251629
5693,2.251629
5694,1.918296
5695,1.918296
5696,1.918296
5697,1.459148
5698,1.918296
5699,2.251629
5700,2.251629
5701,2.584963
5702,2.251629
5703,2.584963
5704,2.584963
5705,2.251629
5706,1.918296
5707,1.918296
5708,2.251629
5709,2.584963
5710,2.584963
5711,2.251629
5712,1.918296
5713,2.251629
5714,2.251629
5715,2.251629
5716,1.918296
5717,1.918296
5718,1.918296
5719,1.918296
5720,2.251629
5721,2.251629
5722,2.251629
5723,2.251629
5724,2.251629
5725,2.584963
5726,2.584963
5727,2.584963
5728,2.251629
5729,2.251629
5730,2.584963
5731,2.251629
5732,2.251629
5733,2.251629
5734,2.251629
5735,2.251629
5736,2.584963
5737,2.584963
5738,2.584963
5739,2.251629
5740,2.251629
5741,2.251629
5742,2.251629
5743,2.251629
5744,2.251629
5745,2.251629
5746,2.251629
5747,2.251629
5748,2.584963
5749,2.584963
5750,2.584963
5751,2.251629
5752,2.584963
5753,2.584963
5754,2.584963
5755,2.251629
5756,2.251629
5757,2.251629
5758,1.792481
5759,1.459148
5760,1.918296
5761,2.251629
5762,2.584963
5763,2.251629
5764,1.918296
5765,1.918296
5766,2.251629
5767,2.584963
5768,2.251629
5769,1.918296
5770,2.251629
5771,2.251629
5772,2.251629
5773,2.251629
5774,2.251629
5775,2.251629
5776,2.251629
5777,2.584963
5778,2.251629
5779,2.251629
5780,2.251629
5781,1.918296
5782,2.251629
5783,2.584963
5784,2.251629
5785,2.251629
5786,2.251629
5787,2.251629
5788,2.584963
5789,2.584963
5790,2.251629
5791,1.918296
5792,1.918296
5793,1.792481
5794,1.918296
5795,1.918296
5796,2.251629
5797,2.251629
5798,2.251629
5799,2.251629
5800,1.792481
5801,2.251629
5802,1.918296
5803,1.918296
5804,1.918296
5805,1.584963
5806,1.584963
5807,1.459148
5808,1.792481
5809,2.251629
5810,1.792481
5811,1.251629
5812,1.792481
5813,2.251629
5814,2.251629
5815,2.251629
5816,2.584963
5817,2.251629
5818,1.918296
5819,2.251629
5820,2.584963
5821,2.584963
5822,2.251629
5823,2.584963
5824,2.251629
5825,2.251629
5826,1.918296
5827,2.251629
5828,1.918296
5829,1.918296
5830,1.918296
5831,1.918296
5832,2.251629
5833,2.584963
5834,2.251629
5835,2.251629
5836,1.792481
5837,1.792481
5838,1.459148
5839,1.918296
5840,1.918296
5841,2.251629
5842,2.584963
5843,2.251629
5844,2.251629
5845,1.918296
5846,2.251629
5847,2.584963
5848,2.251629
5849,2.251629
5850,2.251629
5851,1.792481
5852,2.251629
5853,2.251629
5854,2.584963
5855,2.251629
5856,2.251629
5857,2.251629
5858,2.584963
5859,2.251629
5860,1.792481
5861,1.251629
5862,0.918296
5863,1.251629
5864,1.792481
5865,1.918296
5866,2.251629
5867,1.918296
5868,1.459148
5869,1.792481
5870,1.459148
5871,1.792481
5872,1.918296
5873,1.918296
5874,1.918296
5875,1.459148
5876,1.792481
5877,1.918296
5878,1.918296
5879,1.918296
5880,1.918296
5881,2.251629
5882,2.584963
5883,2.584963
5884,2.584963
5885,2.584963
5886,2.584963
5887,2.584963
5888,2.251629
5889,2.584963
5890,2.251629
5891,1.918296
5892,1.918296
5893,2.251629
5894,1.918296
5895,1.918296
5896,2.251629
5897,2.251629
5898,2.251629
5899,2.251629
5900,1.918296
5901,1.918296
5902,1.918296
5903,1.792481
5904,2.251629
5905,2.251629
5906,2.251629
5907,1.792481
5908,1.792481
5909,2.251629
5910,2.251629
5911,2.251629
5912,2.251629
5913,2.251629
5914,2.251629
5915,2.251629
5916,2.584963
5917,2.251629
5918,2.251629
5919,2.251629
5920,2.584963
5921,2.584963
5922,2.251629
5923,1.918296
5924,1.584963
5925,1.918296
5926,2.251629
5927,2.584963
5928,2.584963
5929,2.584963
5930,2.251629
5931,2.251629
5932,2.251629
5933,2.251629
5934,1.918296
5935,2.251629
5936,1.792481
5937,2.251629
5938,1.792481
5939,1.792481
5940,2.251629
5941,1.918296
5942,2.251629
5943,2.251629
5944,2.251629
5945,2.251629
5946,2.251629
5947,2.251629
5948,2.251629
5949,2.251629
5950,2.251629
5951,1.918296
5952,1.918296
5953,1.584963
5954,1.918296
5955,2.251629
5956,2.251629
5957,1.918296
5958,1.918296
5959,2.251629
5960,2.584963
5961,2.251629
5962,2.251629
5963,1.918296
5964,1.918296
5965,1.918296
5966,1.918296
5967,2.251629
5968,2.584963
5969,2.584963
5970,2.251629
5971,1.918296
5972,1.918296
5973,1.584963
5974,1.918296
5975,2.251629
5976,2.251629
5977,1.792481
5978,1.918296
5979,2.251629
5980,1.918296
5981,1.584963
5982,1.918296
5983,1.792481
5984,1.792481
5985,2.251629
5986,1.792481
5987,2.251629
5988,2.251629
5989,2.251629
5990,2.584963
5991,2.251629
5992,2.251629
5993,2.251629
5994,2.251629
5995,2.251629
5996,2.251629
5997,2.251629
5998,2.251629
5999,2.251629
6000,2.251629
6001,2.251629
6002,2.251629
6003,2.251629
6004,1.918296
6005,1.792481
6006,1.918296
6007,1.918296
6008,1.918296
6009,2.251629
6010,2.584963
6011,2.584963
6012,2.584963
6013,2.584963
6014,2.251629
6015,2.251629
6016,2.251629
6017,2.251629
6018,2.584963
6019,2.251629
6020,1.792481
6021,1.459148
6022,1.459148
6023,1.584963
6024,1.918296
6025,2.251629
6026,1.918296
6027,2.251629
6028,2.584963
6029,2.251629
6030,2.251629
6031,2.584963
6032,2.251629
6033,1.918296
6034,1.792481
6035,1.918296
6036,1.792481
6037,1.792481
6038,1.792481
6039,2.251629
6040,2.584963
6041,2.584963
6042,2.251629
6043,2.251629
6044,2.251629
6045,1.918296
6046,1.918296
6047,1.918296
6048,1.918296
6049,1.918296
6050,2.251629
6051,2.251629
6052,2.584963
6053,2.251629
6054,1.918296
6055,1.918296
6056,1.918296
6057,1.918296
6058,1.918296
6059,2.251629
6060,2.584963
6061,2.584963
6062,2.251629
6063,2.251629
6064,2.251629
6065,2.251629
6066,1.918296
6067,1.459148
6068,1.792481
6069,1.792481
6070,1.792481
6071,1.918296
6072,1.792481
6073,1.792481
6074,2.251629
6075,2.251629
6076,1.792481
6077,2.251629
6078,2.251629
6079,2.251629
6080,1.792481
6081,2.251629
6082,2.251629
6083,2.251629
6084,2.251629
6085,2.251629
6086,2.584963
6087,2.251629
6088,2.251629
6089,1.918296
6090,1.918296
6091,2.251629
6092,2.584963
6093,2.584963
6094,2.251629
6095,1.792481
6096,1.792481
6097,1.792481
6098,1.459148
6099,1.792481
6100,2.251629
6101,2.584963
6102,2.251629
6103,1.918296
6104,1.918296
6105,2.251629
6106,2.251629
6107,2.251629
6108,2.251629
6109,1.918296
6110,2.251629
6111,1.918296
6112,1.792481
6113,1.792481
6114,1.792481
6115,1.792481
6116,1.792481
6117,2.251629
6118,2.251629
6119,2.584963
6120,2.251629
6121,1.918296
6122,1.792481
6123,1.459148
6124,1.918296
6125,1.459148
6126,1.584963
6127,1.918296
6128,1.918296
6129,2.251629
6130,2.251629
6131,2.251629
6132,2.251629
6133,2.251629
6134,2.251629
6135,2.251629
6136,2.251629
6137,1.792481
6138,2.251629
6139,1.918296
6140,1.918296
6141,1.792481
6142,1.918296
6143,1.792481
6144,1.792481
6145,2.251629
6146,2.251629
6147,2.584963
6148,2.584963
6149,2.251629
6150,2.251629
6151,2.251629
6152,2.584963
6153,2.251629
6154,1.792481
6155,2.251629
6156,1.918296
6157,1.918296
6158,1.918296
6159,1.918296
6160,2.251629
6161,2.584963
6162,2.584963
6163,2.584963
6164,2.251629
6165,2.251629
6166,1.918296
6167,2.251629
6168,2.584963
6169,2.584963
6170,2.251629
6171,2.251629
6172,1.918296
6173,2.251629
6174,1.918296
6175,2.251629
6176,2.251629
6177,2.251629
6178,2.251629
6179,1.792481
6180,1.792481
6181,1.459148
6182,1.459148
6183,1.000000
6184,1.459148
6185,1.459148
6186,1.918296
6187,1.918296
6188,1.792481
6189,1.792481
6190,1.918296
6191,2.251629
6192,1.792481
6193,1.918296
6194,2.251629
6195,1.792481
6196,1.792481
6197,1.792481
6198,1.792481
6199,2.251629
6200,1.792481
6201,2.251629
6202,1.918296
6203,1.918296
6204,1.918296
6205,2.251629
6206,2.251629
6207,2.251629
6208,2.251629
6209,2.251629
6210,1.918296
6211,1.918296
6212,2.251629
6213,2.251629
6214,1.792481
6215,2.251629
6216,1.918296
6217,1.918296
6218,1.584963
6219,1.584963
6220,1.918296
6221,2.251629
6222,1.918296
6223,1.918296
6224,1.459148
6225,1.459148
6226,1.918296
6227,2.251629
6228,2.584963
6229,2.251629
6230,2.251629
6231,2.251629
6232,2.251629
6233,1.918296
6234,1.792481
6235,1.251629
6236,0.918296
6237,1.459148
6238,1.918296
6239,2.251629
6240,2.584963
6241,2.584963
6242,2.251629
6243,1.792481
6244,1.792481
6245,1.792481
6246,1.792481
6247,1.792481
6248,2.251629
6249,2.251629
6250,2.251629
6251,2.251629
6252,2.251629
6253,2.584963
6254,2.584963
6255,2.584963
6256,2.584963
6257,2.584963
6258,2.584963
6259,2.251629
6260,2.251629
6261,1.792481
6262,1.792481
6263,1.918296
6264,1.584963
6265,1.459148
6266,1.918296
6267,1.918296
6268,2.251629
6269,2.251629
6270,2.584963
6271,2.251629
6272,2.251629
6273,1.918296
6274,2.251629
6275,2.251629
6276,2.251629
6277,2.251629
6278,1.918296
6279,2.251629
6280,2.251629
6281,2.584963
6282,2.251629
6283,2.251629
6284,1.918296
6285,2.251629
6286,2.251629
6287,2.251629
6288,2.251629
6289,2.251629
6290,1.918296
6291,2.251629
6292,1.918296
6293,1.918296
6294,1.792481
6295,2.251629
6296,2.584963
6297,2.584963
6298,2.584963
6299,2.584963
6300,2.251629
6301,2.251629
6302,2.251629
6303,1.918296
6304,1.459148
6305,1.459148
6306,1.792481
6307,2.251629
6308,1.918296
6309,2.251629
6310,2.251629
6311,2.251629
6312,2.251629
6313,2.584963
6314,2.251629
6315,2.251629
6316,1.918296
6317,2.251629
6318,1.918296
6319,1.918296
6320,1.792481
6321,1.792481
6322,1.792481
6323,1.459148
6324,1.459148
6325,1.459148
6326,1.251629
6327,1.251629
6328,1.251629
6329,1.792481
6330,2.251629
6331,1.918296
6332,2.251629
6333,2.251629
6334,1.918296
6335,1.918296
6336,2.251629
6337,2.584963
6338,2.251629
6339,1.918296
6340,2.251629
6341,1.792481
6342,1.251629
6343,1.251629
6344,1.792481
6345,1.459148
6346,1.459148
6347,1.918296
6348,2.251629
6349,2.251629
6350,2.251629
6351,1.918296
6352,2.251629
6353,2.251629
6354,2.584963
6355,2.584963
6356,2.584963
6357,2.251629
6358,2.251629
6359,2.251629
6360,2.584963
6361,2.584963
6362,2.251629
6363,2.251629
6364,1.918296
6365,2.251629
6366,2.251629
6367,2.584963
6368,2.251629
6369,1.918296
6370,2.251629
6371,2.251629
6372,2.584963
6373,2.584963
6374,2.251629
6375,2.251629
6376,2.251629
6377,2.584963
6378,2.251629
6379,2.584963
6380,2.251629
6381,1.918296
6382,2.251629
6383,2.251629
6384,1.918296
6385,1.918296
6386,1.459148
6387,1.459148
6388,1.792481
6389,1.251629
6390,1.792481
6391,1.459148
6392,1.459148
6393,1.918296
6394,1.918296
6395,2.251629
6396,2.584963
6397,2.251629
6398,2.251629
6399,2.251629
6400,1.918296
6401,1.918296
6402,2.251629
6403,2.251629
6404,2.251629
6405,2.251629
6406,1.918296
6407,1.918296
6408,1.918296
6409,2.251629
6410,2.251629
6411,1.918296
6412,2.251629
6413,2.251629
6414,2.251629
6415,2.251629
6416,2.584963
6417,2.251629
6418,1.918296
6419,1.918296
6420,2.251629
6421,2.251629
6422,1.792481
6423,1.918296
6424,1.584963
6425,1.918296
6426,2.251629
6427,2.251629
6428,2.251629
6429,1.918296
6430,1.918296
6431,1.918296
6432,1.918296
6433,2.251629
6434,2.584963
6435,2.584963
6436,2.251629
6437,2.251629
6438,2.251629
6439,2.251629
6440,1.792481
6441,1.792481
6442,1.459148
6443,1.918296
6444,1.918296
6445,1.918296
6446,1.918296
6447,2.251629
6448,1.918296
6449,1.584963
6450,1.918296
6451,1.918296
6452,1.918296
6453,2.251629
6454,2.251629
6455,1.918296
6456,2.251629
6457,2.251629
6458,2.251629
6459,2.251629
6460,2.251629
6461,2.251629
6462,1.918296
6463,1.918296
6464,1.918296
6465,2.251629
6466,2.251629
6467,2.251629
6468,1.918296
6469,1.918296
6470,2.251629
6471,2.251629
6472,1.918296
6473,1.918296
6474,2.251629
6475,2.251629
6476,2.584963
6477,2.584963
6478,2.584963
6479,2.251629
6480,1.918296
6481,1.918296
6482,2.251629
6483,2.584963
6484,2.251629
6485,2.251629
6486,1.918296
6487,2.251629
6488,1.792481
6489,1.792481
6490,1.251629
6491,1.792481
6492,1.792481
6493,1.792481
6494,2.251629
6495,2.251629
6496,2.251629
6497,2.251629
6498,2.251629
6499,1.918296
6500,2.251629
6501,1.918296
6502,1.584963
6503,1.584963
6504,1.918296
6505,1.918296
6506,2.251629
6507,1.918296
6508,1.918296
6509,1.918296
6510,1.918296
6511,1.918296
6512,1.918296
6513,2.251629
6514,2.584963
6515,2.584963
6516,2.584963
6517,2.584963
6518,2.584963
6519,2.251629
6520,2.251629
6521,1.918296
6522,1.918296
6523,1.918296
6524,2.251629
6525,2.251629
6526,2.251629
6527,1.918296
6528,2.251629
6529,2.251629
6530,2.584963
6531,2.251629
6532,2.251629
6533,1.918296
6534,1.918296
6535,2.251629
6536,1.918296
6537,2.251629
6538,2.251629
6539,2.251629
6540,1.918296
6541,2.251629
6542,2.251629
6543,2.251629
6544,2.251629
6545,2.251629
6546,1.918296
6547,1.918296
6548,1.792481
6549,1.792481
6550,1.918296
6551,1.918296
6552,1.918296
6553,2.251629
6554,2.251629
6555,2.251629
6556,2.251629
6557,2.251629
6558,2.251629
6559,2.251629
6560,2.251629
6561,2.251629
6562,1.918296
6563,2.251629
6564,2.251629
6565,1.918296
6566,2.251629
6567,2.251629
6568,2.251629
6569,2.251629
6570,2.251629
6571,2.251629
6572,2.251629
6573,2.251629
6574,2.251629
6575,2.251629
6576,1.918296
6577,1.459148
6578,1.000000
6579,1.000000
6580,1.459148
6581,1.918296
6582,1.918296
6583,2.251629
6584,2.584963
6585,2.251629
6586,2.251629
6587,2.251629
6588,2.251629
6589,2.251629
6590,2.251629
6591,2.251629
6592,2.251629
6593,2.584963
6594,2.584963
6595,2.251629
6596,1.918296
6597,1.918296
6598,1.918296
6599,2.251629
6600,2.584963
6601,2.584963
6602,2.584963
6603,2.251629
6604,2.251629
6605,1.918296
6606,1.918296
6607,2.251629
6608,2.251629
6609,2.251629
6610,2.584963
6611,2.584963
6612,2.584963
6613,2.584963
6614,2.584963
6615,2.251629
6616,2.251629
6617,1.918296
6618,1.459148
6619,1.918296
6620,1.918296
6621,1.918296
6622,2.251629
6623,2.251629
6624,1.918296
6625,1.918296
6626,2.251629
6627,2.251629
6628,1.918296
6629,2.251629
6630,1.918296
6631,1.918296
6632,1.918296
6633,2.251629
6634,1.918296
6635,2.251629
6636,2.251629
6637,2.251629
6638,2.251629
6639,2.251629
6640,2.251629
6641,2.251629
6642,2.584963
6643,2.584963
6644,2.584963
6645,2.584963
6646,2.251629
6647,2.251629
6648,2.251629
6649,2.584963
6650,2.584963
6651,2.584963
6652,2.251629
6653,2.251629
6654,1.918296
6655,1.918296
6656,2.251629
6657,2.251629
6658,2.251629
6659,1.918296
6660,1.918296
6661,2.251629
6662,1.792481
6663,2.251629
6664,1.792481
6665,1.918296
6666,1.918296
6667,1.792481
6668,1.918296
6669,1.918296
6670,1.918296
6671,1.792481
6672,1.459148
6673,1.918296
6674,1.459148
6675,1.792481
6676,1.918296
6677,2.251629
6678,2.251629
6679,1.792481
6680,1.792481
6681,2.251629
6682,2.251629
6683,1.918296
6684,1.918296
6685,1.918296
6686,1.459148
6687,1.459148
6688,1.792481
6689,1.918296
6690,1.918296
6691,1.918296
6692,1.918296
6693,1.918296
6694,1.918296
6695,2.251629
6696,2.251629
6697,1.792481
6698,2.251629
6699,2.584963
6700,2.584963
6701,2.584963
6702,2.584963
6703,2.251629
6704,2.251629
6705,1.792481
6706,1.792481
6707,1.459148
6708,1.584963
6709,1.918296
6710,1.918296
6711,1.584963
6712,1.459148
6713,1.459148
6714,1.459148
6715,1.918296
6716,2.251629
6717,2.584963
6718,2.251629
6719,2.251629
6720,2.251629
6721,2.584963
6722,2.251629
6723,2.251629
6724,1.918296
6725,1.918296
6726,1.918296
6727,2.251629
6728,2.251629
6729,2.251629
6730,2.584963
6731,2.251629
6732,2.251629
6733,1.792481
6734,1.792481
6735,1.792481
6736,1.918296
6737,1.918296
6738,1.918296
6739,1.918296
6740,1.918296
6741,2.251629
6742,1.918296
6743,1.918296
6744,1.459148
6745,1.459148
6746,1.918296
6747,2.251629
6748,2.584963
6749,2.584963
6750,2.584963
6751,2.251629
6752,2.251629
6753,2.251629
6754,1.918296
6755,1.918296
6756,1.918296
6757,1.918296
6758,1.918296
6759,1.918296
6760,2.251629
6761,1.792481
6762,1.792481
6763,1.918296
6764,1.918296
6765,2.251629
6766,2.584963
6767,2.584963
6768,2.251629
6769,2.584963
6770,2.251629
6771,2.251629
6772,2.251629
6773,1.918296
6774,1.918296
6775,1.918296
6776,1.584963
6777,1.459148
6778,1.584963
6779,1.918296
6780,1.918296
6781,1.918296
6782,2.251629
6783,1.792481
6784,1.251629
6785,1.792481
6786,2.251629
6787,2.251629
6788,2.251629
6789,2.251629
6790,2.584963
6791,2.251629
6792,2.251629
6793,2.584963
6794,2.251629
6795,2.251629
6796,1.918296
6797,1.918296
6798,1.918296
6799,1.459148
6800,1.459148
6801,1.459148
6802,1.459148
6803,1.792481
6804,2.251629
6805,2.584963
6806,2.251629
6807,1.918296
6808,1.459148
6809,1.918296
6810,1.459148
6811,1.459148
6812,1.918296
6813,1.918296
6814,2.251629
6815,2.251629
6816,2.584963
6817,2.251629
6818,2.251629
6819,1.918296
6820,1.584963
6821,1.584963
6822,1.918296
6823,1.918296
6824,1.792481
6825,2.251629
6826,1.918296
6827,2.251629
6828,2.251629
6829,2.251629
6830,2.584963
6831,2.584963
6832,2.251629
6833,2.251629
6834,2.251629
6835,2.251629
6836,1.918296
6837,1.459148
6838,1.000000
6839,1.459148
6840,1.459148
6841,1.918296
6842,1.918296
6843,1.918296
6844,1.918296
6845,2.251629
6846,1.918296
6847,1.792481
6848,1.459148
6849,1.459148
6850,1.792481
6851,1.792481
6852,1.918296
6853,2.251629
6854,2.251629
6855,2.584963
6856,2.584963
6857,2.584963
6858,2.584963
6859,2.251629
6860,1.918296
6861,2.251629
6862,2.584963
6863,2.584963
6864,2.584963
6865,2.251629
6866,2.251629
6867,2.251629
6868,2.251629
6869,2.251629
6870,1.918296
6871,1.584963
6872,1.918296
6873,1.918296
6874,1.792481
6875,1.792481
6876,1.792481
6877,1.918296
6878,1.918296
6879,1.792481
6880,1.459148
6881,0.918296
6882,0.918296
6883,1.459148
6884,1.459148
6885,1.918296
6886,2.251629
6887,2.584963
6888,2.584963
6889,2.251629
6890,1.918296
6891,2.251629
6892,2.584963
6893,2.251629
6894,2.251629
6895,1.918296
6896,1.918296
6897,1.918296
6898,2.251629
6899,2.584963
6900,2.251629
6901,1.792481
6902,1.792481
6903,2.251629
6904,2.251629
6905,2.251629
6906,2.584963
6907,2.584963
6908,2.251629
6909,1.792481
6910,1.792481
6911,1.792481
6912,2.251629
6913,1.918296
6914,1.792481
6915,1.459148
6916,1.459148
6917,1.459148
6918,1.918296
6919,2.251629
6920,1.918296
6921,1.918296
6922,1.918296
6923,1.459148
6924,1.918296
6925,1.918296
6926,1.918296
6927,2.251629
6928,2.251629
6929,2.584963
6930,2.584963
6931,2.584963
6932,2.251629
6933,2.251629
6934,2.251629
6935,1.918296
6936,1.459148
6937,1.918296
6938,2.251629
6939,1.918296
6940,1.918296
6941,1.584963
6942,1.918296
6943,2.251629
6944,2.584963
6945,2.251629
6946,1.918296
6947,1.918296
6948,1.918296
6949,1.918296
6950,2.251629
6951,2.251629
6952,1.918296
6953,1.918296
6954,2.251629
6955,1.918296
6956,2.251629
6957,2.251629
6958,2.251629
6959,2.251629
6960,1.792481
6961,1.792481
6962,1.792481
6963,1.792481
6964,2.251629
6965,2.584963
6966,2.251629
6967,1.792481
6968,1.792481
6969,1.918296
6970,1.918296
6971,1.918296
6972,2.251629
6973,1.792481
6974,2.251629
6975,2.584963
6976,2.584963
6977,2.251629
6978,2.251629
6979,2.251629
6980,2.584963
6981,2.584963
6982,2.251629
6983,1.918296
6984,2.251629
6985,1.918296
6986,2.251629
6987,2.584963
6988,2.251629
6989,2.584963
6990,2.584963
6991,2.251629
6992,2.251629
6993,2.251629
6994,2.251629
6995,2.251629
6996,2.251629
6997,2.251629
6998,1.918296
6999,1.918296
7000,1.792481
7001,1.792481
7002,1.918296
7003,1.918296
7004,1.918296
7005,1.459148
7006,1.918296
7007,2.251629
7008,2.251629
7009,2.251629
7010,1.792481
7011,1.459148
7012,1.918296
7013,1.459148
7014,1.918296
7015,1.918296
7016,2.251629
7017,2.584963
7018,2.251629
7019,1.918296
7020,2.251629
7021,2.251629
7022,2.584963
7023,2.251629
7024,1.918296
7025,1.918296
7026,2.251629
7027,2.251629
7028,2.251629
7029,2.251629
7030,1.918296
7031,1.792481
7032,2.251629
7033,2.251629
7034,2.251629
7035,2.251629
7036,2.251629
7037,2.251629
7038,1.918296
7039,2.251629
7040,1.792481
7041,2.251629
7042,2.251629
7043,2.251629
7044,2.251629
7045,1.918296
7046,2.251629
7047,2.584963
7048,2.584963
7049,2.584963
7050,2.584963
7051,2.251629
7052,2.251629
7053,2.584963
7054,2.584963
7055,2.584963
7056,2.584963
7057,2.584963
7058,2.584963
7059,2.584963
7060,2.584963
7061,2.584963
7062,2.251629
7063,2.584963
7064,2.584963
7065,2.584963
7066,2.251629
7067,2.251629
7068,1.918296
7069,2.251629
7070,2.251629
7071,2.251629
7072,1.792481
7073,2.251629
7074,2.584963
7075,2.584963
7076,2.251629
7077,2.251629
7078,1.918296
7079,2.251629
7080,2.584963
7081,2.251629
7082,2.251629
7083,1.918296
7084,2.251629
7085,1.792481
7086,1.792481
7087,1.459148
7088,1.918296
7089,2.251629
7090,2.584963
7091,2.251629
7092,2.251629
7093,1.792481
7094,1.459148
7095,1.459148
7096,1.459148
7097,1.792481
7098,1.792481
7099,1.459148
7100,1.584963
7101,1.918296
7102,1.918296
7103,1.918296
7104,2.251629
7105,2.251629
7106,2.251629
7107,2.251629
7108,2.251629
7109,2.251629
7110,1.918296
7111,2.251629
7112,2.251629
7113,2.584963
7114,2.584963
7115,2.584963
7116,2.584963
7117,2.584963
7118,2.584963
7119,2.584963
7120,2.584963
7121,2.584963
7122,2.584963
7123,2.251629
7124,2.584963
7125,2.251629
7126,2.584963
7127,2.584963
7128,2.251629
7129,2.251629
7130,2.251629
7131,2.251629
7132,1.918296
7133,1.918296
7134,1.918296
7135,1.792481
7136,2.251629
7137,2.584963
7138,2.251629
7139,2.584963
7140,2.251629
7141,2.251629
7142,2.251629
7143,1.918296
7144,1.918296
7145,2.251629
7146,1.918296
7147,2.251629
7148,1.918296
7149,1.918296
7150,1.918296
7151,2.251629
7152,2.251629
7153,2.251629
7154,2.251629
7155,2.251629
7156,2.584963
7157,2.584963
7158,2.584963
7159,2.251629
7160,2.584963
7161,2.584963
7162,2.584963
7163,2.251629
7164,2.251629
7165,2.251629
7166,2.251629
7167,1.918296
7168,2.251629
7169,2.251629
7170,2.251629
7171,2.584963
7172,2.251629
7173,1.918296
7174,2.251629
7175,2.584963
7176,2.251629
7177,2.251629
7178,2.251629
7179,1.918296
7180,1.918296
7181,1.918296
7182,2.251629
7183,1.918296
7184,1.918296
7185,2.251629
7186,2.251629
7187,2.251629
7188,2.251629
7189,1.918296
7190,1.918296
7191,2.251629
7192,2.251629
7193,2.584963
7194,2.251629
7195,2.251629
7196,1.918296
7197,1.918296
7198,1.792481
7199,1.792481
7200,2.251629
7201,2.251629
7202,2.251629
7203,2.584963
7204,2.584963
7205,2.584963
7206,2.251629
7207,2.251629
7208,1.918296
7209,2.251629
7210,1.918296
7211,1.918296
7212,1.792481
7213,2.251629
7214,2.584963
7215,2.251629
7216,1.918296
7217,1.918296
7218,2.251629
7219,2.251629
7220,2.251629
7221,1.918296
7222,1.918296
7223,2.251629
7224,1.792481
7225,1.792481
7226,1.792481
7227,2.251629
7228,2.251629
7229,2.251629
7230,2.584963
7231,2.584963
7232,2.251629
7233,2.251629
7234,2.251629
7235,1.792481
7236,1.792481
7237,2.251629
7238,2.251629
7239,2.251629
7240,1.918296
7241,1.459148
7242,1.251629
7243,1.792481
7244,1.792481
7245,1.792481
7246,2.251629
7247,2.584963
7248,2.584963
7249,2.584963
7250,2.584963
7251,2.251629
7252,2.251629
7253,2.251629
7254,2.251629
7255,1.918296
7256,1.918296
7257,1.918296
7258,1.918296
7259,1.918296
7260,2.251629
7261,2.584963
7262,2.251629
7263,2.251629
7264,1.792481
7265,1.918296
7266,1.584963
7267,1.918296
7268,1.918296
7269,1.918296
7270,2.251629
7271,2.251629
7272,2.251629
7273,2.251629
7274,1.792481
7275,1.792481
7276,2.251629
7277,2.251629
7278,2.251629
7279,2.584963
7280,2.251629
7281,1.918296
7282,1.792481
7283,1.459148
7284,0.918296
7285,1.000000
7286,1.459148
7287,1.918296
7288,2.251629
7289,2.584963
7290,2.584963
7291,2.251629
7292,1.792481
7293,1.792481
7294,1.792481
7295,2.251629
7296,2.251629
7297,2.251629
7298,2.251629
7299,1.918296
7300,1.918296
7301,1.918296
7302,2.251629
7303,2.251629
7304,2.251629
7305,1.918296
7306,1.918296
7307,1.918296
7308,2.251629
7309,2.251629
7310,2.251629
7311,2.251629
7312,2.251629
7313,1.918296
7314,1.792481
7315,1.792481
7316,1.792481
7317,1.792481
7318,2.251629
7319,2.584963
7320,2.584963
7321,2.584963
7322,2.584963
7323,2.251629
7324,2.251629
7325,1.792481
7326,1.792481
7327,2.251629
7328,1.792481
7329,2.251629
7330,2.251629
7331,2.584963
7332,2.251629
7333,2.251629
7334,2.251629
7335,2.251629
7336,1.918296
7337,1.792481
7338,1.459148
7339,1.918296
7340,1.918296
7341,2.251629
7342,2.584963
7343,2.584963
7344,2.584963
7345,2.584963
7346,2.251629
7347,1.918296
7348,1.918296
7349,2.251629
7350,1.918296
7351,2.251629
7352,2.251629
7353,2.584963
7354,2.251629
7355,2.251629
7356,2.584963
7357,2.584963
7358,2.251629
7359,2.251629
7360,2.251629
7361,2.251629
7362,2.251629
7363,2.251629
7364,2.251629
7365,2.251629
7366,2.251629
7367,1.918296
7368,1.918296
7369,2.251629
7370,2.251629
7371,2.251629
7372,2.584963
7373,2.584963
7374,2.584963
7375,2.584963
7376,2.251629
7377,1.918296
7378,1.918296
7379,1.918296
7380,2.251629
7381,2.251629
7382,2.251629
7383,2.584963
7384,2.251629
7385,2.584963
7386,2.251629
7387,2.251629
7388,2.584963
7389,2.251629
7390,2.251629
7391,1.792481
7392,1.792481
7393,1.918296
7394,1.918296
7395,2.251629
7396,2.584963
7397,2.251629
7398,2.251629
7399,2.251629
7400,2.251629
7401,2.251629
7402,2.584963
7403,2.251629
7404,2.251629
7405,2.584963
7406,2.584963
7407,2.251629
7408,2.251629
7409,2.251629
7410,1.918296
7411,2.251629
7412,1.792481
7413,1.792481
7414,1.918296
7415,1.918296
7416,2.251629
7417,2.584963
7418,2.251629
7419,2.251629
7420,2.251629
7421,2.584963
7422,2.251629
7423,2.584963
7424,2.584963
7425,2.251629
7426,2.251629
7427,2.251629
7428,2.251629
7429,1.918296
7430,1.459148
7431,1.459148
7432,1.792481
7433,1.918296
7434,2.251629
7435,2.584963
7436,2.584963
7437,2.251629
7438,2.251629
7439,2.251629
7440,2.251629
7441,1.918296
7442,2.251629
7443,2.251629
7444,2.584963
7445,2.251629
7446,1.918296
7447,1.918296
7448,1.918296
7449,1.792481
7450,2.251629
7451,2.584963
7452,2.251629
7453,1.918296
7454,1.584963
7455,1.918296
7456,2.251629
7457,2.251629
7458,1.918296
7459,1.918296
7460,2.251629
7461,1.918296
7462,2.251629
7463,2.251629
7464,1.918296
7465,2.251629
7466,2.251629
7467,2.251629
7468,2.251629
7469,2.584963
7470,2.251629
7471,1.792481
7472,1.792481
7473,1.251629
7474,1.459148
7475,1.251629
7476,1.792481
7477,2.251629
7478,2.251629
7479,2.584963
7480,2.251629
7481,1.918296
7482,1.792481
7483,1.459148
7484,1.792481
7485,1.918296
7486,1.918296
7487,2.251629
7488,2.251629
7489,2.251629
7490,2.584963
7491,2.251629
7492,2.251629
7493,1.792481
7494,1.918296
7495,1.918296
7496,2.251629
7497,2.584963
7498,2.251629
7499,1.918296
7500,1.459148
7501,1.792481
7502,1.459148
7503,1.918296
7504,1.918296
7505,2.251629
7506,2.251629
7507,2.251629
7508,2.584963
7509,2.251629
7510,2.251629
7511,2.251629
7512,2.251629
7513,2.251629
7514,2.251629
7515,2.251629
7516,1.918296
7517,2.251629
7518,1.792481
7519,2.251629
7520,1.918296
7521,1.918296
7522,2.251629
7523,2.251629
7524,2.251629
7525,2.251629
7526,2.251629
7527,2.584963
7528,2.584963
7529,2.584963
7530,2.251629
7531,2.251629
7532,2.251629
7533,2.584963
7534,2.584963
7535,2.251629
7536,2.251629
7537,2.251629
7538,2.251629
7539,1.918296
7540,1.918296
7541,1.459148
7542,1.459148
7543,1.918296
7544,1.918296
7545,1.792481
7546,2.251629
7547,2.584963
7548,2.584963
7549,2.584963
7550,2.584963
7551,2.251629
7552,2.251629
7553,2.251629
7554,1.918296
7555,1.918296
7556,1.918296
7557,2.251629
7558,2.251629
7559,2.251629
7560,2.251629
7561,2.251629
7562,2.251629
7563,2.251629
7564,2.251629
7565,2.251629
7566,2.251629
7567,1.918296
7568,1.584963
7569,1.918296
7570,2.251629
7571,2.251629
7572,2.584963
7573,2.251629
7574,2.584963
7575,2.584963
7576,2.251629
7577,2.251629
7578,1.918296
7579,1.918296
7580,1.918296
7581,2.251629
7582,2.584963
7583,2.251629
7584,2.251629
7585,1.918296
7586,2.251629
7587,2.251629
7588,2.251629
7589,2.251629
7590,2.251629
7591,2.251629
7592,2.251629
7593,2.251629
7594,2.251629
7595,2.251629
7596,2.251629
7597,2.251629
7598,2.251629
7599,2.251629
7600,2.251629
7601,2.251629
7602,2.251629
7603,2.584963
7604,2.251629
7605,1.792481
7606,1.792481
7607,1.251629
7608,1.792481
7609,1.792481
7610,2.251629
7611,2.584963
7612,2.584963
7613,2.251629
7614,1.918296
7615,1.918296
7616,1.918296
7617,1.918296
7618,1.918296
7619,1.918296
7620,1.459148
7621,1.459148
7622,1.792481
7623,1.918296
7624,1.918296
7625,1.918296
7626,2.251629
7627,2.251629
7628,2.584963
7629,2.251629
7630,2.251629
7631,2.584963
7632,2.584963
7633,2.584963
7634,2.584963
7635,2.584963
7636,2.584963
7637,2.584963
7638,2.251629
7639,1.792481
7640,1.792481
7641,1.792481
7642,2.251629
7643,2.251629
7644,2.584963
7645,2.584963
7646,2.584963
7647,2.251629
7648,1.792481
7649,1.792481
7650,1.792481
7651,1.792481
7652,2.251629
7653,2.584963
7654,2.251629
7655,2.251629
7656,1.918296
7657,1.918296
7658,2.251629
7659,2.584963
7660,2.251629
7661,2.251629
7662,2.251629
7663,2.251629
7664,2.251629
7665,2.251629
7666,2.584963
7667,2.584963
7668,2.251629
7669,2.251629
7670,2.251629
7671,2.251629
7672,2.251629
7673,2.251629
7674,2.251629
7675,1.918296
7676,1.918296
7677,1.459148
7678,1.251629
7679,1.459148
7680,1.459148
7681,1.792481
7682,1.792481
7683,2.251629
7684,2.251629
7685,1.918296
7686,2.251629
7687,2.251629
7688,2.584963
7689,2.251629
7690,2.251629
7691,1.918296
7692,2.251629
7693,2.251629
7694,2.251629
7695,2.251629
7696,2.251629
7697,2.251629
7698,2.584963
7699,2.251629
7700,2.251629
7701,2.251629
7702,2.251629
7703,2.251629
7704,2.584963
7705,2.251629
7706,1.918296
7707,1.918296
7708,1.792481
7709,1.918296
7710,1.918296
7711,1.459148
7712,1.584963
7713,1.459148
7714,1.459148
7715,1.459148
7716,1.792481
7717,1.918296
7718,1.918296
7719,2.251629
7720,2.251629
7721,2.251629
7722,2.251629
7723,1.918296
7724,1.459148
7725,1.918296
7726,1.459148
7727,1.918296
7728,1.918296
7729,2.251629
7730,2.251629
7731,2.251629
7732,2.251629
7733,2.251629
7734,2.251629
7735,2.251629
7736,2.251629
7737,2.251629
7738,2.584963
7739,2.251629
7740,2.251629
7741,2.251629
7742,1.792481
7743,1.918296
7744,2.251629
7745,2.251629
7746,2.251629
7747,2.251629
7748,2.251629
7749,2.251629
7750,2.251629
7751,2.251629
7752,2.251629
7753,1.918296
7754,1.918296
7755,1.918296
7756,1.792481
7757,1.792481
7758,1.792481
7759,1.459148
7760,1.918296
7761,1.792481
7762,1.792481
7763,1.251629
7764,1.792481
7765,1.792481
7766,1.459148
7767,1.459148
7768,1.459148
7769,1.792481
7770,1.918296
7771,1.918296
7772,1.918296
7773,2.251629
7774,2.251629
7775,2.584963
7776,2.251629
7777,2.251629
7778,2.251629
7779,2.251629
7780,2.251629
7781,2.251629
7782,1.792481
7783,1.792481
7784,2.251629
7785,2.251629
7786,2.584963
7787,2.251629
7788,2.251629
7789,2.251629
7790,1.918296
7791,2.251629
7792,1.918296
7793,1.918296
7794,1.918296
7795,2.251629
7796,2.251629
7797,2.251629
7798,2.251629
7799,2.584963
7800,2.251629
7801,1.918296
7802,1.584963
7803,1.918296
7804,2.251629
7805,2.584963
7806,2.584963
7807,2.251629
7808,2.251629
7809,1.918296
7810,1.918296
7811,2.251629
7812,2.584963
7813,2.584963
7814,2.584963
7815,2.584963
7816,2.584963
7817,2.251629
7818,2.251629
7819,2.251629
7820,2.251629
7821,2.584963
7822,2.584963
7823,2.584963
7824,2.251629
7825,2.251629
7826,1.918296
7827,1.792481
7828,1.792481
7829,1.251629
7830,1.792481
7831,1.792481
7832,1.459148
7833,1.918296
7834,2.251629
7835,1.918296
7836,1.918296
7837,1.792481
7838,1.792481
7839,2.251629
7840,1.918296
7841,1.918296
7842,1.918296
7843,1.918296
7844,2.251629
7845,2.584963
7846,2.584963
7847,2.251629
7848,1.918296
7849,2.251629
7850,2.584963
7851,2.584963
7852,2.584963
7853,2.251629
7854,1.792481
7855,1.459148
7856,1.792481
7857,2.251629
7858,1.792481
7859,1.918296
7860,1.918296
7861,1.918296
7862,1.459148
7863,1.459148
7864,1.918296
7865,2.251629
7866,2.251629
7867,2.251629
7868,2.251629
7869,2.584963
7870,2.584963
7871,2.584963
7872,2.251629
7873,2.251629
7874,2.251629
7875,2.251629
7876,2.251629
7877,2.251629
7878,2.251629
7879,2.251629
7880,2.251629
7881,1.918296
7882,2.251629
7883,2.251629
7884,1.918296
7885,2.251629
7886,2.584963
7887,2.251629
7888,1.918296
7889,1.918296
7890,2.251629
7891,2.584963
7892,2.584963
7893,2.584963
7894,2.251629
7895,1.918296
7896,2.251629
7897,1.792481
7898,1.918296
7899,1.918296
7900,2.251629
7901,2.251629
7902,2.584963
7903,2.584963
7904,2.584963
7905,2.584963
7906,2.584963
7907,2.251629
7908,1.792481
7909,1.459148
7910,0.918296
7911,1.251629
7912,1.792481
7913,2.251629
7914,2.584963
7915,2.584963
7916,2.584963
7917,2.251629
7918,2.251629
7919,2.251629
7920,2.251629
7921,2.251629
7922,2.584963
7923,2.584963
7924,2.584963
7925,2.251629
7926,2.251629
7927,1.918296
7928,2.251629
7929,2.251629
7930,2.584963
7931,2.584963
7932,2.584963
7933,2.584963
7934,2.251629
7935,2.251629
7936,2.251629
7937,2.251629
7938,2.584963
7939,2.251629
7940,1.918296
7941,1.792481
7942,1.792481
7943,1.792481
7944,2.251629
7945,2.584963
7946,2.584963
7947,2.251629
7948,1.918296
7949,1.459148
7950,1.792481
7951,1.792481
7952,1.918296
7953,1.918296
7954,2.251629
7955,2.251629
7956,2.251629
7957,2.251629
7958,2.584963
7959,2.251629
7960,1.792481
7961,1.251629
7962,1.251629
7963,1.251629
7964,1.251629
7965,1.792481
7966,1.918296
7967,2.251629
7968,2.251629
7969,1.918296
7970,2.251629
7971,2.584963
7972,2.251629
7973,2.251629
7974,2.251629
7975,1.792481
7976,1.792481
7977,1.792481
7978,2.251629
7979,2.251629
7980,1.918296
7981,2.251629
7982,2.251629
7983,2.251629
7984,2.251629
7985,2.251629
7986,2.251629
7987,2.251629
7988,2.251629
7989,2.251629
7990,2.251629
7991,2.584963
7992,2.584963
7993,2.584963
7994,2.584963
7995,2.584963
7996,2.584963
7997,2.251629
7998,1.792481
7999,1.792481
8000,1.792481
8001,2.251629
8002,2.251629
8003,2.584963
8004,2.251629
8005,1.918296
8006,2.251629
8007,2.584963
8008,2.251629
8009,2.251629
8010,2.251629
8011,2.251629
8012,1.918296
8013,2.251629
8014,1.792481
8015,1.792481
8016,1.792481
8017,2.251629
8018,2.251629
8019,2.251629
8020,1.918296
8021,1.792481
8022,2.251629
8023,2.251629
8024,2.251629
8025,2.251629
8026,2.251629
8027,2.251629
8028,2.251629
8029,2.251629
8030,2.251629
8031,2.251629
8032,2.251629
8033,2.251629
8034,1.918296
8035,1.918296
8036,2.251629
8037,1.918296
8038,1.918296
8039,2.251629
8040,2.251629
8041,2.584963
8042,2.251629
8043,2.251629
8044,2.251629
8045,2.251629
8046,1.792481
8047,2.251629
8048,1.918296
8049,2.251629
8050,1.792481
8051,2.251629
8052,2.251629
8053,2.251629
8054,2.251629
8055,2.251629
8056,2.251629
8057,2.251629
8058,1.918296
8059,1.918296
8060,1.792481
8061,1.792481
8062,1.792481
8063,2.251629
8064,2.251629
8065,2.584963
8066,2.251629
8067,2.251629
8068,2.251629
8069,2.251629
8070,2.251629
8071,1.918296
8072,1.918296
8073,1.918296
8074,2.251629
8075,2.251629
8076,1.918296
8077,1.918296
8078,2.251629
8079,2.584963
8080,2.584963
8081,2.584963
8082,2.584963
8083,2.251629
8084,2.251629
8085,2.251629
8086,2.584963
8087,2.584963
8088,2.251629
8089,2.251629
8090,2.251629
8091,1.792481
8092,1.792481
8093,1.792481
8094,2.251629
8095,2.251629
8096,2.251629
8097,2.251629
8098,2.251629
8099,1.918296
8100,2.251629
8101,2.584963
8102,2.584963
8103,2.251629
8104,2.251629
8105,1.792481
8106,1.792481
8107,1.792481
8108,1.792481
8109,2.251629
8110,1.918296
8111,1.918296
8112,2.251629
8113,1.918296
8114,1.918296
8115,2.251629
8116,2.251629
8117,2.251629
8118,2.251629
8119,2.251629
8120,2.251629
8121,2.251629
8122,1.918296
8123,1.918296
8124,1.459148
8125,1.000000
8126,1.459148
8127,1.918296
8128,2.251629
8129,2.251629
8130,2.251629
8131,2.251629
8132,2.251629
8133,2.251629
8134,1.918296
8135,2.251629
8136,1.918296
8137,1.918296
8138,1.459148
8139,1.792481
8140,1.792481
8141,2.251629
8142,2.251629
8143,2.584963
8144,2.251629
8145,1.918296
8146,2.251629
8147,2.251629
8148,2.251629
8149,2.251629
8150,1.918296
8151,2.251629
8152,2.584963
8153,2.584963
8154,2.584963
8155,2.251629
8156,2.251629
8157,2.584963
8158,2.584963
8159,2.584963
8160,2.584963
8161,2.251629
8162,1.918296
8163,1.918296
8164,2.251629
8165,2.251629
8166,2.251629
8167,2.251629
8168,2.251629
8169,2.251629
8170,2.251629
8171,2.584963
8172,2.584963
8173,2.251629
8174,2.251629
8175,2.251629
8176,1.792481
8177,2.251629
8178,2.251629
8179,2.251629
8180,2.251629
8181,2.251629
8182,2.251629
8183,1.918296
8184,1.918296
8185,1.459148
8186,1.459148
8187,1.459148
8188,1.918296
8189,2.251629
8190,2.251629
8191,1.918296
8192,1.918296
8193,1.918296
8194,2.251629
8195,2.251629
8196,2.251629
8197,2.251629
8198,1.918296
8199,1.459148
8200,1.459148
8201,1.918296
8202,2.251629
8203,2.251629
8204,1.918296
8205,2.251629
8206,1.792481
8207,1.792481
8208,1.918296
8209,2.251629
8210,2.251629
8211,2.584963
8212,2.251629
8213,1.792481
8214,1.459148
8215,1.459148
8216,1.918296
8217,2.251629
8218,2.584963
8219,2.584963
8220,2.251629
8221,2.251629
8222,1.918296
8223,1.918296
8224,1.918296
8225,1.792481
8226,1.792481
8227,1.792481
8228,2.251629
8229,2.584963
8230,2.251629
8231,2.251629
8232,2.251629
8233,2.251629
8234,2.251629
8235,2.251629
8236,2.251629
8237,2.584963
8238,2.251629
8239,1.918296
8240,1.918296
8241,1.918296
8242,2.251629
8243,2.584963
8244,2.584963
8245,2.584963
8246,2.584963
8247,2.584963
8248,2.584963
8249,2.584963
8250,2.251629
8251,2.251629
8252,2.251629
8253,1.918296
8254,1.918296
8255,2.251629
8256,2.251629
8257,2.251629
8258,2.251629
8259,2.251629
8260,2.251629
8261,2.584963
8262,2.584963
8263,2.584963
8264,2.584963
8265,2.251629
8266,1.918296
8267,1.459148
8268,1.792481
8269,1.792481
8270,1.918296
8271,2.251629
8272,1.918296
8273,1.792481
8274,1.792481
8275,1.918296
8276,2.251629
8277,1.918296
8278,2.251629
8279,1.792481
8280,1.792481
8281,1.792481
8282,2.251629
8283,2.251629
8284,2.251629
8285,2.251629
8286,2.251629
8287,2.251629
8288,2.584963
8289,2.584963
8290,2.584963
8291,2.584963
8292,2.584963
8293,2.251629
8294,2.251629
8295,1.918296
8296,1.584963
8297,1.918296
8298,1.918296
8299,2.251629
8300,2.584963
8301,2.584963
8302,2.251629
8303,2.251629
8304,2.251629
8305,2.251629
8306,2.251629
8307,2.251629
8308,2.251629
8309,1.918296
8310,1.459148
8311,1.459148
8312,1.918296
8313,1.918296
8314,1.918296
8315,1.918296
8316,2.251629
8317,1.918296
8318,1.918296
8319,1.918296
8320,1.918296
8321,1.918296
8322,2.251629
8323,2.251629
8324,2.251629
8325,2.584963
8326,2.584963
8327,2.251629
8328,1.918296
8329,1.584963
8330,1.459148
8331,1.918296
8332,1.918296
8333,1.918296
8334,1.459148
8335,1.792481
8336,1.459148
8337,1.584963
8338,1.459148
8339,1.584963
8340,1.918296
8341,2.251629
8342,2.251629
8343,2.251629
8344,2.251629
8345,2.584963
8346,2.251629
8347,1.918296
8348,1.918296
8349,1.584963
8350,1.918296
8351,2.251629
8352,1.918296
8353,1.584963
8354,1.918296
8355,1.918296
8356,1.918296
8357,2.251629
8358,1.918296
8359,1.918296
8360,2.251629
8361,2.251629
8362,1.918296
8363,1.792481
8364,1.459148
8365,1.792481
8366,1.792481
8367,2.251629
8368,2.251629
8369,2.251629
8370,2.584963
8371,2.251629
8372,2.251629
8373,2.251629
8374,1.918296
8375,2.251629
8376,2.251629
8377,2.251629
8378,1.918296
8379,1.792481
8380,1.792481
8381,1.792481
8382,2.251629
8383,2.251629
8384,2.584963
8385,2.251629
8386,2.251629
8387,1.918296
8388,1.918296
8389,2.251629
8390,2.251629
8391,1.918296
8392,2.251629
8393,1.918296
8394,1.792481
8395,1.918296
8396,1.918296
8397,1.459148
8398,1.459148
8399,1.584963
8400,1.918296
8401,1.918296
8402,1.918296
8403,2.251629
8404,2.251629
8405,2.251629
8406,2.251629
8407,2.251629
8408,2.584963
8409,2.251629
8410,1.792481
8411,1.792481
8412,1.251629
8413,1.251629
8414,1.792481
8415,1.918296
8416,2.251629
8417,2.584963
8418,2.251629
8419,2.251629
8420,2.251629
8421,2.251629
8422,1.918296
8423,2.251629
8424,2.251629
8425,2.251629
8426,2.584963
8427,2.584963
8428,2.251629
8429,1.918296
8430,1.918296
8431,2.251629
8432,2.251629
8433,2.251629
8434,2.251629
8435,2.251629
8436,1.918296
8437,1.792481
8438,2.251629
8439,2.251629
8440,2.251629
8441,2.584963
8442,2.584963
8443,2.584963
8444,2.251629
8445,1.792481
8446,1.918296
8447,1.918296
8448,1.918296
8449,2.251629
8450,2.584963
8451,2.584963
8452,2.584963
8453,2.251629
8454,1.792481
8455,1.792481
8456,1.792481
8457,1.918296
8458,1.459148
8459,1.918296
8460,2.251629
8461,2.584963
8462,2.251629
8463,2.251629
8464,1.918296
8465,1.584963
8466,1.459148
8467,1.251629
8468,0.918296
8469,1.459148
8470,1.918296
8471,1.918296
8472,1.918296
8473,2.251629
8474,2.251629
8475,1.918296
8476,2.251629
8477,2.251629
8478,2.251629
8479,2.251629
8480,2.584963
8481,2.584963
8482,2.251629
8483,2.251629
8484,1.918296
8485,1.918296
8486,2.251629
8487,2.584963
8488,2.251629
8489,1.918296
8490,2.251629
8491,2.251629
8492,2.251629
8493,2.251629
8494,2.251629
8495,2.251629
8496,2.584963
8497,2.584963
8498,2.584963
8499,2.251629
8500,1.918296
8501,1.792481
8502,1.792481
8503,1.792481
8504,1.918296
8505,1.459148
8506,1.792481
8507,1.792481
8508,2.251629
8509,1.918296
8510,2.251629
8511,2.251629
8512,2.584963
8513,2.251629
8514,2.251629
8515,1.918296
8516,2.251629
8517,2.584963
8518,2.251629
8519,1.918296
8520,1.792481
8521,1.459148
8522,1.792481
8523,1.918296
8524,1.459148
8525,1.792481
8526,1.459148
8527,1.459148
8528,1.459148
8529,1.918296
8530,1.792481
8531,2.251629
8532,2.251629
8533,2.251629
8534,1.918296
8535,2.251629
8536,1.792481
8537,1.792481
8538,1.918296
8539,1.918296
8540,1.918296
8541,1.459148
8542,1.792481
8543,2.251629
8544,2.584963
8545,2.251629
8546,2.251629
8547,2.251629
8548,2.584963
8549,2.251629
8550,2.251629
8551,1.918296
8552,1.792481
8553,1.792481
8554,1.792481
8555,1.918296
8556,1.918296
8557,2.251629
8558,2.251629
8559,2.251629
8560,2.584963
8561,2.251629
8562,2.251629
8563,2.251629
8564,2.251629
8565,1.792481
8566,2.251629
8567,2.584963
8568,2.251629
8569,2.251629
8570,1.918296
8571,1.459148
8572,1.459148
8573,1.918296
8574,2.251629
8575,2.251629
8576,2.251629
8577,2.584963
8578,2.584963
8579,2.584963
8580,2.584963
8581,2.251629
8582,2.251629
8583,2.584963
8584,2.584963
8585,2.584963
8586,2.584963
8587,2.584963
8588,2.251629
8589,2.251629
8590,1.918296
8591,2.251629
8592,2.251629
8593,2.251629
8594,2.251629
8595,1.918296
8596,2.251629
8597,2.584963
8598,2.251629
8599,2.251629
8600,2.251629
8601,2.251629
8602,2.251629
8603,2.251629
8604,1.918296
8605,2.251629
8606,2.251629
8607,2.251629
8608,1.918296
8609,1.918296
8610,1.459148
8611,1.459148
8612,1.918296
8613,1.918296
8614,1.918296
8615,2.251629
8616,2.251629
8617,1.792481
8618,1.918296
8619,1.918296
8620,1.918296
8621,2.251629
8622,2.251629
8623,2.251629
8624,2.251629
8625,2.251629
8626,1.792481
8627,1.792481
8628,1.792481
8629,1.792481
8630,1.792481
8631,2.251629
8632,2.584963
8633,2.251629
8634,1.918296
8635,2.251629
8636,2.251629
8637,2.251629
8638,2.251629
8639,1.792481
8640,1.792481
8641,2.251629
8642,1.918296
8643,2.251629
8644,2.251629
8645,2.251629
8646,2.251629
8647,2.584963
8648,2.251629
8649,2.251629
8650,2.251629
8651,1.792481
8652,1.792481
8653,1.792481
8654,2.251629
8655,2.251629
8656,2.584963
8657,2.251629
8658,1.792481
8659,1.792481
8660,1.792481
8661,2.251629
8662,2.251629
8663,2.251629
8664,2.584963
8665,2.584963
8666,2.584963
8667,2.584963
8668,2.584963
8669,2.584963
8670,2.584963
8671,2.584963
8672,2.584963
8673,2.251629
8674,2.251629
8675,1.918296
8676,1.918296
8677,1.792481
8678,1.918296
8679,1.459148
8680,1.459148
8681,1.459148
8682,1.918296
8683,2.251629
8684,2.584963
8685,2.584963
8686,2.251629
8687,2.584963
8688,2.584963
8689,2.584963
8690,2.251629
8691,2.251629
8692,1.918296
8693,2.251629
8694,2.251629
8695,1.918296
8696,1.918296
8697,1.459148
8698,1.792481
8699,1.918296
8700,1.918296
8701,2.251629
8702,2.251629
8703,2.251629
8704,2.251629
8705,2.584963
8706,2.584963
8707,2.584963
8708,2.251629
8709,2.251629
8710,2.251629
8711,2.251629
8712,2.251629
8713,2.251629
8714,2.584963
8715,2.251629
8716,1.918296
8717,2.251629
8718,2.251629
8719,2.251629
8720,2.251629
8721,2.251629
8722,1.792481
8723,1.792481
8724,2.251629
8725,2.584963
8726,2.584963
8727,2.251629
8728,1.792481
8729,1.459148
8730,1.459148
8731,1.918296
8732,1.918296
8733,1.792481
8734,1.792481
8735,1.792481
8736,1.459148
8737,1.918296
8738,2.251629
8739,1.918296
8740,1.918296
8741,1.792481
8742,1.792481
8743,2.251629
8744,2.251629
8745,2.251629
8746,2.251629
8747,2.251629
8748,2.251629
8749,2.251629
8750,2.584963
8751,2.584963
8752,2.251629
8753,2.251629
8754,2.251629
8755,2.251629
8756,2.584963
8757,2.251629
8758,2.584963
8759,2.251629
8760,2.251629
8761,2.251629
8762,1.918296
8763,1.792481
8764,1.792481
8765,1.792481
8766,2.251629
8767,2.251629
8768,1.918296
8769,2.251629
8770,2.251629
8771,1.792481
8772,1.918296
8773,1.918296
8774,2.251629
8775,2.251629
8776,2.584963
8777,2.584963
8778,2.251629
8779,2.251629
8780,2.251629
8781,1.918296
8782,2.251629
8783,2.251629
8784,2.251629
8785,1.918296
8786,1.918296
8787,2.251629
8788,2.584963
8789,2.251629
8790,2.584963
8791,2.584963
8792,2.584963
8793,2.251629
8794,1.918296
8795,1.459148
8796,1.918296
8797,2.251629
8798,1.792481
8799,1.792481
8800,1.918296
8801,2.251629
8802,2.251629
8803,2.251629
8804,1.918296
8805,2.251629
8806,2.251629
8807,2.251629
8808,2.584963
8809,2.251629
8810,2.251629
8811,2.251629
8812,2.251629
8813,2.584963
8814,2.584963
8815,2.251629
8816,2.251629
8817,2.251629
8818,2.251629
8819,2.251629
8820,2.251629
8821,1.918296
8822,2.251629
8823,2.251629
8824,1.918296
8825,1.792481
8826,1.459148
8827,1.459148
8828,1.251629
8829,1.792481
8830,2.251629
8831,2.584963
8832,2.584963
8833,2.251629
8834,1.918296
8835,1.792481
8836,2.251629
8837,1.918296
8838,1.918296
8839,1.918296
8840,2.251629
8841,1.918296
8842,1.918296
8843,1.459148
8844,1.459148
8845,1.792481
8846,2.251629
8847,2.584963
8848,2.584963
8849,2.251629
8850,2.251629
8851,2.251629
8852,2.251629
8853,2.251629
8854,2.251629
8855,2.251629
8856,2.251629
8857,1.918296
8858,1.918296
8859,1.918296
8860,2.251629
8861,2.251629
8862,2.251629
8863,2.251629
8864,2.251629
8865,2.251629
8866,2.251629
8867,2.251629
8868,2.251629
8869,1.918296
8870,1.918296
8871,1.918296
8872,2.251629
8873,2.584963
8874,2.584963
8875,2.251629
8876,1.792481
8877,1.459148
8878,1.459148
8879,1.459148
8880,1.459148
8881,1.459148
8882,1.918296
8883,2.251629
8884,2.251629
8885,1.792481
8886,2.251629
8887,2.584963
8888,2.251629
8889,2.584963
8890,2.251629
8891,2.251629
8892,2.251629
8893,2.251629
8894,2.251629
8895,2.584963
8896,2.584963
8897,2.251629
8898,2.584963
8899,2.251629
8900,2.251629
8901,2.251629
8902,2.584963
8903,2.251629
8904,1.792481
8905,1.792481
8906,1.918296
8907,1.918296
8908,2.251629
8909,2.584963
8910,2.584963
8911,2.251629
8912,1.918296
8913,1.918296
8914,2.251629
8915,2.251629
8916,2.251629
8917,1.918296
8918,2.251629
8919,2.251629
8920,2.251629
8921,2.251629
8922,2.251629
8923,2.584963
8924,2.251629
8925,2.584963
8926,2.584963
8927,2.251629
8928,1.918296
8929,1.918296
8930,2.251629
8931,2.584963
8932,2.251629
8933,2.251629
8934,2.251629
8935,2.251629
8936,2.251629
8937,2.251629
8938,1.792481
8939,1.792481
8940,2.251629
8941,1.918296
8942,1.918296
8943,2.251629
8944,2.251629
8945,1.918296
8946,1.918296
8947,1.918296
8948,1.918296
8949,2.251629
8950,2.251629
8951,2.251629
8952,2.584963
8953,2.251629
8954,2.251629
8955,2.251629
8956,2.584963
8957,2.584963
8958,2.584963
8959,2.584963
8960,2.584963
8961,2.584963
8962,2.251629
8963,2.251629
8964,2.251629
8965,1.918296
8966,1.459148
8967,1.918296
8968,2.251629
8969,2.251629
8970,1.918296
8971,2.251629
8972,2.251629
8973,2.251629
8974,2.584963
8975,2.584963
8976,2.584963
8977,2.584963
8978,2.251629
8979,1.918296
8980,1.918296
8981,2.251629
8982,2.584963
8983,2.251629
8984,1.792481
8985,1.792481
8986,1.792481
8987,1.918296
8988,1.918296
8989,1.918296
8990,2.251629
8991,2.251629
8992,2.251629
8993,2.251629
8994,2.251629
8995,2.251629
8996,2.251629
8997,1.918296
8998,2.251629
8999,1.918296
9000,1.584963
9001,1.918296
9002,2.251629
9003,2.251629
9004,2.251629
9005,2.251629
9006,2.584963
9007,2.251629
9008,1.918296
9009,1.918296
9010,1.918296
9011,2.251629
9012,2.251629
9013,2.251629
9014,2.251629
9015,1.918296
9016,2.251629
9017,1.918296
9018,1.792481
9019,2.251629
9020,2.251629
9021,2.584963
9022,2.251629
9023,2.251629
9024,2.251629
9025,1.918296
9026,1.918296
9027,2.251629
9028,1.918296
9029,1.918296
9030,2.251629
9031,2.251629
9032,2.251629
9033,1.918296
9034,2.251629
9035,2.251629
9036,2.251629
9037,2.251629
9038,2.584963
9039,2.584963
9040,2.251629
9041,1.918296
9042,1.459148
9043,1.459148
9044,1.918296
9045,1.918296
9046,1.918296
9047,1.792481
9048,1.792481
9049,1.792481
9050,1.251629
9051,1.792481
9052,1.792481
9053,2.251629
9054,1.792481
9055,1.918296
9056,1.918296
9057,1.792481
9058,2.251629
9059,2.251629
9060,1.792481
9061,1.792481
9062,2.251629
9063,2.584963
9064,2.251629
9065,1.918296
9066,1.918296
9067,1.918296
9068,1.918296
9069,2.251629
9070,2.251629
9071,2.251629
9072,1.918296
9073,2.251629
9074,2.251629
9075,2.251629
9076,1.792481
9077,2.251629
9078,2.584963
9079,2.251629
9080,2.251629
9081,2.251629
9082,2.251629
9083,2.251629
9084,2.584963
9085,2.584963
9086,2.251629
9087,2.251629
9088,1.918296
9089,2.251629
9090,1.918296
9091,1.918296
9092,1.792481
9093,2.251629
9094,2.251629
9095,1.918296
9096,2.251629
9097,2.251629
9098,2.251629
9099,2.251629
9100,2.251629
9101,2.251629
9102,1.918296
9103,2.251629
9104,2.251629
9105,1.918296
9106,1.459148
9107,1.918296
9108,1.918296
9109,2.251629
9110,2.251629
9111,2.251629
9112,2.251629
9113,2.584963
9114,2.584963
9115,2.584963
9116,2.584963
9117,2.251629
9118,2.251629
9119,2.251629
9120,2.251629
9121,2.251629
9122,2.251629
9123,2.251629
9124,2.251629
9125,2.584963
9126,2.251629
9127,2.584963
9128,2.251629
9129,2.584963
9130,2.251629
9131,2.251629
9132,2.251629
9133,2.251629
9134,2.251629
9135,2.584963
9136,2.584963
9137,2.251629
9138,1.918296
9139,2.251629
9140,2.251629
9141,2.251629
9142,2.251629
9143,2.251629
9144,1.918296
9145,2.251629
9146,1.792481
9147,2.251629
9148,1.792481
9149,1.792481
9150,1.792481
9151,1.792481
9152,1.918296
9153,1.792481
9154,1.792481
9155,1.792481
9156,1.918296
9157,1.584963
9158,1.459148
9159,1.792481
9160,1.459148
9161,1.918296
9162,2.251629
9163,2.251629
9164,2.251629
9165,1.918296
9166,2.251629
9167,2.251629
9168,1.918296
9169,2.251629
9170,1.792481
9171,2.251629
9172,2.251629
9173,2.251629
9174,1.918296
9175,1.918296
9176,1.918296
9177,2.251629
9178,2.251629
9179,2.251629
9180,1.918296
9181,1.918296
9182,1.918296
9183,2.251629
9184,1.918296
9185,1.918296
9186,1.918296
9187,1.918296
9188,1.918296
9189,2.251629
9190,2.251629
9191,2.251629
9192,2.584963
9193,2.251629
9194,2.251629
9195,1.918296
9196,1.918296
9197,1.918296
9198,1.918296
9199,1.792481
9200,1.792481
9201,1.792481
9202,1.792481
9203,1.792481
9204,1.792481
9205,2.251629
9206,2.584963
9207,2.584963
9208,2.251629
9209,2.251629
9210,2.251629
9211,2.251629
9212,1.792481
9213,2.251629
9214,2.584963
9215,2.584963
9216,2.584963
9217,2.251629
9218,1.918296
9219,2.251629
9220,2.251629
9221,2.584963
9222,2.251629
9223,2.251629
9224,2.251629
9225,2.251629
9226,2.251629
9227,2.584963
9228,2.251629
9229,1.918296
9230,1.918296
9231,1.918296
9232,1.918296
9233,1.918296
9234,1.918296
9235,1.918296
9236,1.918296
9237,1.584963
9238,1.918296
9239,1.918296
9240,1.918296
9241,2.251629
9242,2.251629
9243,2.251629
9244,2.251629
9245,2.251629
9246,2.584963
9247,2.251629
9248,2.584963
9249,2.251629
9250,2.251629
9251,2.251629
9252,2.584963
9253,2.584963
9254,2.584963
9255,2.251629
9256,2.251629
9257,2.251629
9258,2.251629
9259,2.584963
9260,2.251629
9261,1.918296
9262,1.584963
9263,1.584963
9264,1.459148
9265,1.918296
9266,2.251629
9267,2.251629
9268,2.584963
9269,2.251629
9270,2.251629
9271,2.251629
9272,1.918296
9273,2.251629
9274,2.251629
9275,2.251629
9276,1.918296
9277,2.251629
9278,2.251629
9279,2.584963
9280,2.251629
9281,2.251629
9282,2.584963
9283,2.584963
9284,2.584963
9285,2.251629
9286,2.251629
9287,1.918296
9288,1.918296
9289,1.918296
9290,1.792481
9291,1.792481
9292,1.792481
9293,1.792481
9294,2.251629
9295,2.584963
9296,2.584963
9297,2.251629
9298,2.251629
9299,2.251629
9300,1.792481
9301,1.792481
9302,2.251629
9303,2.251629
9304,2.251629
9305,1.918296
9306,1.459148
9307,1.459148
9308,1.918296
9309,1.918296
9310,2.251629
9311,2.251629
9312,2.251629
9313,2.251629
9314,2.251629
9315,2.584963
9316,2.584963
9317,2.584963
9318,2.251629
9319,2.251629
9320,2.584963
9321,2.251629
9322,2.251629
9323,2.251629
9324,2.251629
9325,2.251629
9326,2.251629
9327,1.918296
9328,1.584963
9329,1.918296
9330,1.918296
9331,1.792481
9332,1.792481
9333,1.792481
9334,1.459148
9335,1.459148
9336,1.792481
9337,1.792481
9338,1.792481
9339,2.251629
9340,2.251629
9341,1.918296
9342,2.251629
9343,1.918296
9344,1.792481
9345,2.251629
9346,2.251629
9347,1.918296
9348,1.918296
9349,2.251629
9350,2.251629
9351,1.918296
9352,2.251629
9353,2.251629
9354,2.251629
9355,2.251629
9356,2.251629
9357,2.251629
9358,2.251629
9359,1.918296
9360,1.918296
9361,1.918296
9362,2.251629
9363,2.584963
9364,2.584963
9365,2.584963
9366,2.251629
9367,1.918296
9368,2.251629
9369,1.918296
9370,1.918296
9371,2.251629
9372,2.251629
9373,1.918296
9374,2.251629
9375,2.251629
9376,1.918296
9377,1.584963
9378,1.918296
9379,2.251629
9380,2.251629
9381,1.792481
9382,1.792481
9383,1.251629
9384,1.251629
9385,1.792481
9386,2.251629
9387,2.584963
9388,2.584963
9389,2.584963
9390,2.584963
9391,2.251629
9392,2.251629
9393,1.918296
9394,1.918296
9395,2.251629
9396,2.584963
9397,2.584963
9398,2.251629
9399,2.584963
9400,2.251629
9401,2.584963
9402,2.584963
9403,2.251629
9404,2.251629
9405,1.918296
9406,1.918296
9407,1.792481
9408,2.251629
9409,1.792481
9410,1.792481
9411,2.251629
9412,2.251629
9413,2.251629
9414,2.251629
9415,2.251629
9416,1.918296
9417,2.251629
9418,2.251629
9419,2.584963
9420,2.584963
9421,2.251629
9422,1.918296
9423,2.251629
9424,2.251629
9425,2.584963
9426,2.584963
9427,2.251629
9428,2.584963
9429,2.251629
9430,2.251629
9431,2.251629
9432,2.251629
9433,2.584963
9434,2.251629
9435,1.918296
9436,1.792481
9437,1.792481
9438,1.459148
9439,1.792481
9440,2.251629
9441,1.918296
9442,1.792481
9443,1.792481
9444,1.792481
9445,1.792481
9446,2.251629
9447,2.584963
9448,2.251629
9449,2.251629
9450,2.251629
9451,2.584963
9452,2.251629
9453,2.251629
9454,2.251629
9455,2.251629
9456,2.251629
9457,2.584963
9458,2.584963
9459,2.251629
9460,2.251629
9461,1.918296
9462,2.251629
9463,1.792481
9464,1.792481
9465,1.792481
9466,2.251629
9467,2.584963
9468,2.584963
9469,2.584963
9470,2.584963
9471,2.251629
9472,2.251629
9473,2.251629
9474,2.251629
9475,2.251629
9476,2.251629
9477,1.792481
9478,1.792481
9479,1.251629
9480,1.459148
9481,1.918296
9482,1.918296
9483,2.251629
9484,2.251629
9485,1.918296
9486,2.251629
9487,1.792481
9488,1.459148
9489,1.918296
9490,2.251629
9491,2.584963
9492,2.584963
9493,2.251629
9494,2.251629
9495,2.584963
9496,2.251629
9497,1.792481
9498,2.251629
9499,2.251629
9500,1.792481
9501,1.459148
9502,1.459148
9503,1.792481
9504,1.251629
9505,1.792481
9506,1.792481
9507,1.792481
9508,1.918296
9509,2.251629
9510,2.251629
9511,1.792481
9512,1.918296
9513,1.918296
9514,1.918296
9515,1.918296
9516,1.918296
9517,1.918296
9518,1.918296
9519,2.251629
9520,2.251629
9521,2.584963
9522,2.251629
9523,2.251629
9524,2.251629
9525,2.251629
9526,1.918296
9527,1.918296
9528,1.918296
9529,1.918296
9530,1.584963
9531,1.918296
9532,2.251629
9533,2.584963
9534,2.251629
9535,2.251629
9536,2.251629
9537,1.918296
9538,2.251629
9539,2.251629
9540,1.918296
9541,2.251629
9542,2.251629
9543,2.584963
9544,2.251629
9545,2.251629
9546,1.918296
9547,1.918296
9548,1.918296
9549,1.918296
9550,1.918296
9551,2.251629
9552,2.251629
9553,2.251629
9554,2.251629
9555,2.251629
9556,1.918296
9557,1.918296
9558,1.792481
9559,1.251629
9560,1.459148
9561,1.792481
9562,2.251629
9563,1.918296
9564,2.251629
9565,1.918296
9566,1.918296
9567,2.251629
9568,2.584963
9569,2.584963
9570,2.584963
9571,2.584963
9572,2.584963
9573,2.251629
9574,2.251629
9575,2.251629
9576,2.251629
9577,2.584963
9578,2.584963
9579,2.584963
9580,2.251629
9581,2.251629
9582,1.918296
9583,2.251629
9584,1.918296
9585,2.251629
9586,2.251629
9587,2.251629
9588,2.251629
9589,2.251629
9590,2.584963
9591,2.251629
9592,1.918296
9593,1.918296
9594,1.792481
9595,1.918296
9596,2.251629
9597,2.584963
9598,2.251629
9599,2.584963
9600,2.251629
9601,2.251629
9602,2.251629
9603,2.251629
9604,2.251629
9605,2.251629
9606,2.251629
9607,2.251629
9608,2.251629
9609,1.918296
9610,1.792481
9611,2.251629
9612,1.792481
9613,2.251629
9614,1.918296
9615,1.918296
9616,1.918296
9617,1.918296
9618,1.918296
9619,2.251629
9620,2.584963
9621,2.584963
9622,2.584963
9623,2.251629
9624,2.251629
9625,2.584963
9626,2.251629
9627,2.251629
9628,2.251629
9629,2.251629
9630,2.251629
9631,2.584963
9632,2.584963
9633,2.251629
9634,2.251629
9635,1.918296
9636,1.918296
9637,2.251629
9638,2.584963
9639,2.251629
9640,2.251629
9641,2.251629
9642,2.251629
9643,1.792481
9644,1.459148
9645,0.918296
9646,1.000000
9647,1.459148
9648,1.918296
9649,1.918296
9650,2.251629
9651,2.584963
9652,2.251629
9653,2.251629
9654,2.251629
9655,2.251629
9656,1.918296
9657,2.251629
9658,2.251629
9659,1.918296
9660,2.251629
9661,2.251629
9662,2.251629
9663,1.918296
9664,2.251629
9665,2.251629
9666,1.918296
9667,1.918296
9668,1.918296
9669,1.918296
9670,1.918296
9671,2.251629
9672,1.918296
9673,1.918296
9674,2.251629
9675,1.792481
9676,1.792481
9677,1.918296
9678,1.459148
9679,1.918296
9680,2.251629
9681,2.251629
9682,2.584963
9683,2.251629
9684,1.918296
9685,1.918296
9686,1.918296
9687,2.251629
9688,2.251629
9689,1.918296
9690,2.251629
9691,2.251629
9692,2.584963
9693,2.584963
9694,2.251629
9695,1.918296
9696,1.918296
9697,1.918296
9698,1.792481
9699,1.918296
9700,1.918296
9701,2.251629
9702,2.251629
9703,2.584963
9704,2.251629
9705,2.251629
9706,2.251629
9707,2.251629
9708,1.792481
9709,1.918296
9710,1.918296
9711,1.918296
9712,2.251629
9713,2.584963
9714,2.584963
9715,2.584963
9716,2.251629
9717,2.251629
9718,2.584963
9719,2.584963
9720,2.251629
9721,2.251629
9722,2.251629
9723,2.251629
9724,1.918296
9725,2.251629
9726,2.251629
9727,2.251629
9728,2.251629
9729,2.584963
9730,2.584963
9731,2.251629
9732,2.251629
9733,1.918296
9734,1.584963
9735,1.918296
9736,2.251629
9737,2.584963
9738,2.251629
9739,2.584963
9740,2.584963
9741,2.584963
9742,2.251629
9743,2.584963
9744,2.584963
9745,2.251629
9746,2.251629
9747,1.918296
9748,2.251629
9749,1.918296
9750,2.251629
9751,2.251629
9752,2.584963
9753,2.251629
9754,1.792481
9755,1.792481
9756,1.918296
9757,1.918296
9758,1.918296
9759,2.251629
9760,2.251629
9761,2.584963
9762,2.251629
9763,2.584963
9764,2.251629
9765,2.584963
9766,2.584963
9767,2.251629
9768,2.251629
9769,2.251629
9770,2.251629
9771,1.918296
9772,1.918296
9773,1.918296
9774,1.584963
9775,1.918296
9776,2.251629
9777,2.251629
9778,2.251629
9779,2.251629
9780,2.251629
9781,1.918296
9782,1.918296
9783,1.459148
9784,1.792481
9785,2.251629
9786,2.251629
9787,2.584963
9788,2.584963
9789,2.251629
9790,2.251629
9791,1.918296
9792,2.251629
9793,2.251629
9794,2.584963
9795,2.584963
9796,2.584963
9797,2.584963
9798,2.584963
9799,2.251629
9800,2.251629
9801,2.251629
9802,1.918296
9803,1.918296
9804,1.918296
9805,1.918296
9806,2.251629
9807,2.251629
9808,1.918296
9809,2.251629
9810,2.584963
9811,2.584963
9812,2.251629
9813,2.251629
9814,2.251629
9815,1.918296
9816,1.792481
9817,1.792481
9818,1.459148
9819,1.918296
9820,2.251629
9821,2.251629
9822,1.792481
9823,1.459148
9824,1.918296
9825,1.918296
9826,1.792481
9827,1.918296
9828,1.918296
9829,2.251629
9830,2.251629
9831,2.584963
9832,2.251629
9833,2.251629
9834,2.251629
9835,2.251629
9836,2.251629
9837,2.251629
9838,2.251629
9839,2.251629
9840,2.584963
9841,2.251629
9842,2.251629
9843,2.251629
9844,2.251629
9845,2.584963
9846,2.251629
9847,2.251629
9848,2.251629
9849,2.251629
9850,1.918296
9851,2.251629
9852,2.251629
9853,2.251629
9854,2.251629
9855,2.251629
9856,2.251629
9857,2.251629
9858,2.251629
9859,2.584963
9860,2.584963
9861,2.251629
9862,2.251629
9863,1.792481
9864,1.459148
9865,1.792481
9866,1.918296
9867,1.918296
9868,1.584963
9869,1.918296
9870,1.918296
9871,1.918296
9872,2.251629
9873,1.792481
9874,1.918296
9875,1.918296
9876,1.584963
9877,1.918296
9878,1.918296
9879,1.459148
9880,1.918296
9881,2.251629
9882,2.584963
9883,2.584963
9884,2.584963
9885,2.251629
9886,1.918296
9887,2.251629
9888,2.251629
9889,1.918296
9890,2.251629
9891,2.584963
9892,2.584963
9893,2.251629
9894,2.251629
9895,2.251629
9896,2.251629
9897,2.251629
9898,2.251629
9899,2.584963
9900,2.251629
9901,2.251629
9902,1.918296
9903,2.251629
9904,1.918296
9905,1.918296
9906,2.251629
9907,2.584963
9908,2.584963
9909,2.251629
9910,2.251629
9911,2.251629
9912,2.251629
9913,1.918296
9914,1.918296
9915,1.918296
9916,2.251629
9917,1.918296
9918,2.251629
9919,2.584963
9920,2.584963
9921,2.584963
9922,2.251629
9923,2.251629
9924,2.584963
9925,2.584963
9926,2.584963
9927,2.584963
9928,2.584963
9929,2.584963
9930,2.584963
9931,2.584963
9932,2.251629
9933,1.918296
9934,1.918296
9935,1.584963
9936,1.459148
9937,1.918296
9938,1.918296
9939,2.251629
9940,2.251629
9941,2.251629
9942,2.251629
9943,1.918296
9944,1.918296
9945,1.918296
9946,2.251629
9947,2.584963
9948,2.584963
9949,2.584963
9950,2.251629
9951,2.251629
9952,1.918296
9953,2.251629
9954,2.584963
9955,2.584963
9956,2.251629
9957,2.251629
9958,2.251629
9959,1.792481
9960,1.792481
9961,1.251629
9962,1.251629
9963,1.459148
9964,1.918296
9965,2.251629
9966,1.918296
9967,1.918296
9968,1.918296
9969,1.584963
9970,1.918296
9971,1.918296
9972,2.251629
9973,2.251629
9974,2.251629
9975,2.251629
9976,2.584963
9977,2.251629
9978,2.251629
9979,2.251629
9980,1.792481
9981,1.792481
9982,1.792481
9983,1.459148
9984,1.459148
9985,1.918296
9986,1.918296
9987,2.251629
9988,1.792481
9989,1.459148
9990,1.792481
9991,2.251629
9992,2.251629
9993,1.918296
9994,1.918296
9995,2.251629
