window_start_place,entropy_bits
1,3.247743
2,3.247743
3,3.194088
4,3.165596
5,3.165596
6,3.149255
7,3.111080
8,3.081194
9,3.081194
10,3.152584
11,3.177747
12,3.177747
13,3.152584
14,3.152584
15,3.164735
16,3.111080
17,3.174418
18,3.111080
19,3.132915
20,3.174418
21,3.174418
22,3.120764
23,3.162267
24,3.120764
25,3.098930
26,3.035592
27,2.905587
28,2.943762
29,3.035592
30,3.057426
31,3.111080
32,3.047743
33,2.939572
34,2.977747
35,2.977747
36,2.977747
37,2.955913
38,2.955913
39,3.019251
40,3.019251
41,3.019251
42,3.035592
43,3.098930
44,3.165596
45,3.177747
46,3.155913
47,3.127421
48,3.081194
49,3.106357
50,3.136243
51,3.072906
52,3.001515
53,3.017856
54,3.089246
55,3.022580
56,3.114409
57,3.114409
58,3.152584
59,3.098930
60,3.098930
61,3.111080
62,3.111080
63,3.039690
64,3.011198
65,3.064853
66,3.072906
67,3.060755
68,3.060755
69,3.124092
70,3.082589
71,3.092272
72,3.082589
73,3.019251
74,3.001515
75,2.856565
76,2.909686
77,2.919369
78,3.057426
79,3.069577
80,3.039690
81,3.039690
82,3.081194
83,3.081194
84,3.081194
85,3.002910
86,2.918599
87,2.826770
88,2.804936
89,2.830099
90,2.843019
91,2.843019
92,2.981076
93,2.981076
94,2.964735
95,2.964735
96,2.964735
97,2.939572
98,2.981076
99,2.872906
100,2.897535
101,2.927421
102,3.035592
103,3.035592
104,3.047743
105,3.017856
106,3.081194
107,2.973024
108,3.019251
109,3.072906
110,3.072906
111,3.072906
112,3.089246
113,3.089246
114,3.111080
115,3.202910
116,3.149255
117,3.149255
118,3.124092
119,3.085918
120,2.955913
121,2.994088
122,3.019251
123,2.989364
124,2.973024
125,2.973024
126,2.985174
127,2.931520
128,2.931520
129,2.960012
130,2.960012
131,3.051841
132,3.098069
133,3.098069
134,3.114409
135,3.139572
136,3.109686
137,3.109686
138,3.126027
139,3.126027
140,3.142367
141,3.167530
142,3.167530
143,3.151189
144,3.197417
145,3.089246
146,3.111080
147,3.089246
148,3.089246
149,3.089246
150,3.219251
151,3.219251
152,3.177747
153,3.177747
154,3.177747
155,3.161406
156,3.136243
157,3.119903
158,3.107752
159,3.107752
160,3.069577
161,3.079260
162,3.107752
163,3.095601
164,3.003771
165,3.015922
166,3.015922
167,3.124092
168,3.095601
169,3.107752
170,3.149255
171,3.149255
172,3.177747
173,3.231402
174,3.231402
175,3.231402
176,3.202910
177,3.190759
178,3.070438
179,3.137104
180,3.073767
181,3.035592
182,3.057426
183,3.057426
184,3.057426
185,3.073767
186,3.095601
187,3.107752
188,3.095601
189,3.107752
190,3.124092
191,3.107752
192,3.107752
193,3.095601
194,3.107752
195,3.085918
196,3.039690
197,3.069577
198,3.069577
199,3.111080
200,3.111080
201,3.139572
202,3.161406
203,3.107752
204,3.107752
205,3.107752
206,3.069577
207,3.111080
208,3.132915
209,3.041085
210,3.002910
211,3.056565
212,3.066248
213,3.054097
214,3.028934
215,3.028934
216,2.990759
217,3.007100
218,3.007100
219,2.997417
220,2.926027
221,2.947861
222,3.014527
223,3.056031
224,2.989364
225,3.019251
226,3.028934
227,3.028934
228,3.028934
229,3.137104
230,3.190759
231,3.190759
232,3.152584
233,3.162267
234,3.120764
235,3.120764
236,3.111080
237,3.057426
238,3.039690
239,3.057426
240,2.965596
241,2.977747
242,2.989898
243,2.989898
244,2.977747
245,2.977747
246,2.965596
247,3.095601
248,3.149255
249,3.132915
250,3.174418
251,3.152584
252,3.181076
253,3.197417
254,3.089246
255,3.111080
256,3.111080
257,3.111080
258,3.082589
259,3.149255
260,3.149255
261,3.137104
262,3.073767
263,3.073767
264,3.057426
265,3.069577
266,3.069577
267,2.949255
268,3.002910
269,2.931520
270,2.906891
271,2.948394
272,2.964735
273,2.948394
274,2.948394
275,2.905587
276,2.889246
277,2.948394
278,2.864084
279,2.815922
280,2.864084
281,2.864084
282,2.923231
283,2.802910
284,2.743762
285,2.828073
286,2.799581
287,2.919903
288,2.936243
289,2.882589
290,2.894740
291,2.973024
292,2.931520
293,3.002910
294,2.973024
295,2.951189
296,2.859360
297,2.806239
298,2.844414
299,2.989364
300,3.127421
301,3.064084
302,3.102258
303,3.143762
304,3.126027
305,3.126027
306,3.126027
307,3.151189
308,3.181076
309,3.181076
310,3.164735
311,3.123231
312,3.069577
313,3.006239
314,3.015922
315,3.057426
316,2.990759
317,2.973024
318,3.014527
319,3.152584
320,3.177747
321,3.177747
322,3.136243
323,3.152584
324,3.134849
325,3.181076
326,3.197417
327,3.167530
328,3.151189
329,3.151189
330,3.151189
331,3.197417
332,3.197417
333,3.197417
334,3.213758
335,3.197417
336,3.126027
337,3.126027
338,3.197417
339,3.151189
340,3.151189
341,3.151189
342,3.168925
343,3.207100
344,3.207100
345,3.098930
346,3.035592
347,3.165596
348,3.149255
349,3.127421
350,3.127421
351,3.127421
352,3.085918
353,3.085918
354,3.085918
355,3.107752
356,3.149255
357,3.149255
358,3.190759
359,3.190759
360,3.190759
361,3.190759
362,3.202910
363,3.219251
364,3.231402
365,3.202910
366,3.231402
367,3.215061
368,3.215061
369,3.215061
370,3.202910
371,3.149255
372,3.120764
373,3.132915
374,3.161406
375,3.094740
376,3.111080
377,3.123231
378,3.069577
379,3.028073
380,3.028073
381,3.069577
382,3.031402
383,3.019251
384,3.149255
385,3.137104
386,3.190759
387,3.149255
388,3.149255
389,3.149255
390,3.149255
391,3.149255
392,3.149255
393,3.127421
394,3.085918
395,3.085918
396,3.139572
397,3.181076
398,3.181076
399,3.151189
400,3.151189
401,3.134849
402,3.160012
403,3.206239
404,3.181076
405,3.139572
406,3.181076
407,3.134849
408,3.151189
409,3.222580
410,3.260755
411,3.219251
412,3.272906
413,3.256565
414,3.272906
415,3.219251
416,3.190759
417,3.162267
418,3.120764
419,3.149255
420,3.177747
421,3.139572
422,3.031402
423,3.069577
424,3.069577
425,3.069577
426,3.057426
427,3.069577
428,3.069577
429,3.069577
430,3.053236
431,3.069577
432,3.111080
433,3.069577
434,3.094740
435,3.041085
436,3.041085
437,3.019251
438,3.019251
439,3.028934
440,3.057426
441,3.057426
442,3.073767
443,3.073767
444,3.085918
445,3.085918
446,3.069577
447,3.057426
448,3.085918
449,3.098069
450,3.069577
451,3.069577
452,3.057426
453,3.111080
454,3.111080
455,3.082589
456,3.111080
457,3.072906
458,3.072906
459,3.047743
460,3.047743
461,3.035592
462,3.127421
463,3.127421
464,3.085918
465,3.073767
466,3.073767
467,3.007100
468,2.968925
469,2.943762
470,2.902258
471,2.927421
472,3.057426
473,3.047743
474,3.039690
475,3.002910
476,3.002910
477,2.972254
478,3.002910
479,3.039690
480,2.919369
481,2.965596
482,2.965596
483,3.057426
484,3.085918
485,3.085918
486,3.085918
487,3.073767
488,3.085918
489,3.111080
490,3.057426
491,3.057426
492,2.994088
493,2.994088
494,3.032263
495,3.085918
496,3.107752
497,3.041085
498,3.041085
499,3.082589
500,3.057426
501,3.057426
502,3.149255
503,3.149255
504,3.177747
505,3.177747
506,3.177747
507,3.149255
508,3.111080
509,3.111080
510,3.111080
511,3.047743
512,2.994088
513,3.019251
514,3.028934
515,3.019251
516,3.082589
517,3.111080
518,3.127421
519,3.165596
520,3.190759
521,3.152584
522,3.152584
523,3.190759
524,3.219251
525,3.190759
526,3.190759
527,3.098930
528,3.098930
529,3.111080
530,3.047743
531,3.155913
532,3.181076
533,3.244414
534,3.244414
535,3.244414
536,3.260755
537,3.277095
538,3.260755
539,3.289246
540,3.277095
541,3.305587
542,3.289246
543,3.272906
544,3.256565
545,3.256565
546,3.272906
547,3.289246
548,3.289246
549,3.272906
550,3.272906
551,3.272906
552,3.272906
553,3.256565
554,3.202910
555,3.202910
556,3.219251
557,3.202910
558,3.190759
559,3.174418
560,3.136243
561,3.164735
562,3.164735
563,3.202910
564,3.190759
565,3.190759
566,3.149255
567,3.120764
568,3.057426
569,3.073767
570,3.098930
571,3.081194
572,3.081194
573,2.951189
574,2.951189
575,2.951189
576,2.951189
577,2.989364
578,2.989364
579,2.989364
580,3.017856
581,2.989364
582,2.989364
583,3.017856
584,3.059360
585,3.059360
586,3.105587
587,3.235592
588,3.219251
589,3.235592
590,3.219251
591,3.219251
592,3.207100
593,3.260755
594,3.260755
595,3.244414
596,3.244414
597,3.215922
598,3.152584
599,3.127421
600,3.111080
601,3.019251
602,3.019251
603,2.990759
604,2.990759
605,3.007100
606,3.007100
607,3.028934
608,3.041085
609,3.041085
610,2.987430
611,2.958939
612,2.987430
613,2.987430
614,2.987430
615,2.999581
616,2.936243
617,2.999581
618,2.936243
619,2.936243
620,2.936243
621,2.924092
622,2.977747
623,3.015922
624,3.015922
625,3.003771
626,3.015922
627,3.003771
628,3.095601
629,3.085918
630,3.149255
631,3.149255
632,3.057426
633,3.073767
634,3.194088
635,3.194088
636,3.206239
637,3.189898
638,3.189898
639,3.215061
640,3.161406
641,3.173557
642,3.119903
643,3.119903
644,3.107752
645,3.041085
646,3.019251
647,2.997417
648,3.105587
649,3.105587
650,3.105587
651,3.127421
652,3.165596
653,3.155913
654,3.139572
655,3.139572
656,3.139572
657,3.139572
658,3.098069
659,3.098069
660,3.085918
661,3.139572
662,3.155913
663,3.139572
664,3.031402
665,3.001515
666,2.976352
667,2.960012
668,2.947861
669,2.923231
670,2.923231
671,3.001515
672,2.947861
673,2.947861
674,3.019251
675,3.031402
676,3.041085
677,3.041085
678,3.041085
679,2.987430
680,3.028934
681,2.965596
682,3.003771
683,3.057426
684,3.028934
685,3.000442
686,3.120764
687,3.149255
688,3.111080
689,3.139572
690,3.139572
691,3.202910
692,3.219251
693,3.194088
694,3.165596
695,3.219251
696,3.247743
697,3.235592
698,3.194088
699,3.194088
700,3.177747
701,3.139572
702,3.093345
703,3.093345
704,3.093345
705,3.093345
706,3.109686
707,3.126027
708,3.084523
709,3.068182
710,3.139572
711,3.139572
712,3.139572
713,3.139572
714,3.181076
715,3.152584
716,3.168925
717,3.127421
718,3.111080
719,2.990759
720,3.000442
721,2.990759
722,3.120764
723,3.137104
724,3.120764
725,3.120764
726,3.162267
727,3.152584
728,3.152584
729,3.152584
730,3.081194
731,3.093345
732,3.081194
733,3.056031
734,3.081194
735,3.152584
736,3.168925
737,3.232263
738,3.215922
739,3.215922
740,3.215922
741,3.215922
742,3.199581
743,3.199581
744,3.136243
745,3.152584
746,3.164735
747,3.202910
748,3.202910
749,3.174418
750,3.174418
751,3.174418
752,3.132915
753,3.132915
754,3.132915
755,3.149255
756,3.057426
757,3.041085
758,3.002910
759,2.981076
760,2.981076
761,2.990759
762,3.044414
763,3.019251
764,3.028934
765,3.028934
766,3.019251
767,3.028934
768,2.990759
769,2.870438
770,2.870438
771,2.870438
772,2.860755
773,2.898930
774,2.927421
775,2.949255
776,2.937104
777,3.057426
778,3.057426
779,3.003771
780,3.003771
781,3.015922
782,3.069577
783,3.057426
784,3.057426
785,3.035592
786,3.035592
787,3.060755
788,3.077095
789,3.105587
790,3.197417
791,3.219251
792,3.219251
793,3.219251
794,3.181076
795,3.164735
796,3.164735
797,3.164735
798,3.164735
799,3.181076
800,3.139572
801,3.202910
802,3.082589
803,3.082589
804,3.082589
805,3.044414
806,3.054097
807,3.070438
808,3.060755
809,3.038921
810,3.168925
811,3.181076
812,3.127421
813,3.137104
814,3.137104
815,3.127421
816,3.035592
817,3.047743
818,3.001515
819,3.001515
820,2.985174
821,3.093345
822,3.111080
823,3.127421
824,3.109686
825,3.072906
826,3.098069
827,3.114409
828,3.167530
829,3.167530
830,3.151189
831,3.151189
832,3.197417
833,3.222580
834,3.222580
835,3.222580
836,3.222580
837,3.222580
838,3.181076
839,3.219251
840,3.197417
841,3.213758
842,3.167530
843,3.197417
844,3.197417
845,3.235592
846,3.260755
847,3.235592
848,3.235592
849,3.207100
850,3.190759
851,3.190759
852,3.165596
853,3.219251
854,3.272906
855,3.272906
856,3.272906
857,3.231402
858,3.256565
859,3.202910
860,3.202910
861,3.082589
862,3.082589
863,3.111080
864,3.094740
865,3.202910
866,3.181076
867,3.181076
868,3.181076
869,3.155913
870,3.155913
871,3.181076
872,3.181076
873,3.152584
874,3.174418
875,3.174418
876,3.120764
877,2.990759
878,2.919369
879,2.865714
880,2.865714
881,2.894206
882,2.906357
883,2.839690
884,2.977747
885,3.085918
886,3.149255
887,3.120764
888,3.149255
889,3.149255
890,3.111080
891,3.111080
892,3.127421
893,3.168925
894,3.105587
895,3.168925
896,3.127421
897,3.127421
898,3.168925
899,3.152584
900,3.152584
901,3.190759
902,3.219251
903,3.202910
904,3.202910
905,3.072906
906,3.111080
907,3.111080
908,3.111080
909,3.082589
910,3.082589
911,3.082589
912,3.098930
913,3.111080
914,3.139572
915,3.139572
916,3.123231
917,3.106891
918,3.053236
919,3.041085
920,2.987430
921,2.999581
922,2.869577
923,2.977747
924,2.994088
925,2.965596
926,2.987430
927,2.920764
928,3.028934
929,3.057426
930,3.057426
931,3.165596
932,3.190759
933,3.137104
934,3.149255
935,3.190759
936,3.190759
937,3.190759
938,3.202910
939,3.244414
940,3.244414
941,3.222580
942,3.244414
943,3.222580
944,3.192693
945,3.176352
946,3.176352
947,3.222580
948,3.222580
949,3.222580
950,3.222580
951,3.222580
952,3.222580
953,3.197417
954,3.155913
955,3.177747
956,3.149255
957,3.028934
958,3.007100
959,2.915270
960,2.927421
961,2.939572
962,2.939572
963,2.868182
964,2.868182
965,2.885918
966,2.857426
967,2.898930
968,2.860755
969,2.990759
970,3.019251
971,3.019251
972,3.019251
973,3.007100
974,2.990759
975,2.981076
976,2.968925
977,2.968925
978,2.943762
979,2.968925
980,2.968925
981,2.994088
982,2.976352
983,3.043019
984,3.060755
985,3.085918
986,3.124092
987,3.162267
988,3.152584
989,3.098930
990,3.162267
991,3.120764
992,3.111080
993,3.123231
994,3.123231
995,3.161406
996,3.177747
997,3.177747
998,3.231402
999,3.202910
1000,3.094740
1001,3.082589
1002,3.098930
1003,3.098930
1004,3.089246
1005,3.089246
1006,3.060755
1007,3.035592
1008,3.165596
1009,3.102258
1010,3.085918
1011,3.085918
1012,3.047743
1013,3.019251
1014,3.019251
1015,3.019251
1016,3.057426
1017,3.057426
1018,3.069577
1019,2.931520
1020,2.919369
1021,2.973024
1022,3.014527
1023,3.032263
1024,3.014527
1025,3.026678
1026,3.001515
1027,2.989364
1028,3.014527
1029,3.014527
1030,3.022580
1031,2.997417
1032,2.951189
1033,2.997417
1034,3.127421
1035,3.165596
1036,3.165596
1037,3.165596
1038,3.190759
1039,3.232263
1040,3.215922
1041,3.162267
1042,3.215922
1043,3.215922
1044,3.215922
1045,3.190759
1046,3.215922
1047,3.244414
1048,3.215922
1049,3.244414
1050,3.181076
1051,3.155913
1052,3.139572
1053,3.139572
1054,3.181076
1055,3.197417
1056,3.155913
1057,3.155913
1058,3.219251
1059,3.219251
1060,3.202910
1061,3.215061
1062,3.202910
1063,3.186569
1064,3.202910
1065,3.219251
1066,3.207100
1067,3.219251
1068,3.190759
1069,3.165596
1070,3.165596
1071,3.190759
1072,3.149255
1073,3.149255
1074,3.137104
1075,3.098930
1076,3.152584
1077,3.174418
1078,3.202910
1079,3.215061
1080,3.215061
1081,3.161406
1082,3.161406
1083,3.202910
1084,3.202910
1085,3.139572
1086,3.139572
1087,3.127421
1088,3.127421
1089,3.127421
1090,3.181076
1091,3.139572
1092,3.181076
1093,3.197417
1094,3.222580
1095,3.244414
1096,3.206239
1097,3.206239
1098,3.160012
1099,3.160012
1100,3.160012
1101,3.176352
1102,3.222580
1103,3.222580
1104,3.244414
1105,3.215922
1106,3.177747
1107,3.106357
1108,3.081194
1109,3.081194
1110,3.134849
1111,3.106357
1112,3.152584
1113,3.168925
1114,3.152584
1115,3.190759
1116,3.174418
1117,3.111080
1118,3.120764
1119,3.067109
1120,3.120764
1121,3.120764
1122,3.092272
1123,3.067109
1124,3.079260
1125,2.958939
1126,2.949255
1127,2.949255
1128,2.927421
1129,2.981076
1130,2.981076
1131,2.990759
1132,3.057426
1133,3.069577
1134,3.132915
1135,3.123231
1136,3.093345
1137,3.093345
1138,3.093345
1139,3.093345
1140,3.039690
1141,3.081194
1142,3.081194
1143,3.109686
1144,3.126027
1145,3.155913
1146,3.165596
1147,3.190759
1148,3.152584
1149,3.215922
1150,3.215922
1151,3.162267
1152,3.120764
1153,3.120764
1154,3.162267
1155,3.174418
1156,3.190759
1157,3.190759
1158,3.152584
1159,3.111080
1160,3.149255
1161,3.190759
1162,3.190759
1163,3.190759
1164,3.181076
1165,3.222580
1166,3.222580
1167,3.151189
1168,3.151189
1169,3.151189
1170,3.098069
1171,3.151189
1172,3.134849
1173,3.134849
1174,3.164735
1175,3.139572
1176,3.085918
1177,3.127421
1178,3.143762
1179,3.102258
1180,3.085918
1181,2.977747
1182,3.019251
1183,2.990759
1184,3.019251
1185,3.149255
1186,3.127421
1187,3.149255
1188,3.085918
1189,2.994088
1190,2.955913
1191,2.965596
1192,2.987430
1193,2.965596
1194,2.994088
1195,2.994088
1196,3.015922
1197,3.015922
1198,3.057426
1199,3.041085
1200,3.041085
1201,3.053236
1202,3.041085
1203,3.041085
1204,3.019251
1205,3.028934
1206,3.012593
1207,3.012593
1208,3.000442
1209,3.028934
1210,2.990759
1211,2.949255
1212,2.939572
1213,2.927421
1214,3.057426
1215,2.927421
1216,2.864084
1217,2.889246
1218,2.881194
1219,2.897535
1220,2.897535
1221,2.897535
1222,2.922698
1223,2.904962
1224,3.043019
1225,3.017856
1226,3.064084
1227,3.047743
1228,3.047743
1229,3.057426
1230,3.057426
1231,3.085918
1232,3.064084
1233,2.992693
1234,2.926027
1235,2.951189
1236,2.968925
1237,2.968925
1238,3.098930
1239,3.098930
1240,3.057426
1241,3.079260
1242,3.079260
1243,3.107752
1244,3.098069
1245,3.085918
1246,3.139572
1247,3.109686
1248,3.001515
1249,2.989364
1250,3.127421
1251,3.064084
1252,3.085918
1253,3.127421
1254,3.149255
1255,3.202910
1256,3.190759
1257,3.190759
1258,3.190759
1259,3.152584
1260,3.130750
1261,3.168925
1262,3.130750
1263,3.130750
1264,3.130750
1265,3.114409
1266,3.072906
1267,3.043019
1268,3.017856
1269,3.017856
1270,3.081194
1271,3.098930
1272,3.127421
1273,3.056031
1274,3.097535
1275,3.044414
1276,3.044414
1277,3.044414
1278,3.019251
1279,3.056031
1280,3.031402
1281,3.056031
1282,2.947861
1283,2.947861
1284,2.976352
1285,2.868182
1286,2.868182
1287,2.856031
1288,2.873767
1289,2.873767
1290,2.873767
1291,2.873767
1292,2.994088
1293,2.977747
1294,2.987430
1295,2.924092
1296,2.965596
1297,2.987430
1298,3.095601
1299,2.965596
1300,3.073767
1301,3.035592
1302,2.989364
1303,3.001515
1304,3.011198
1305,3.011198
1306,3.064853
1307,3.093345
1308,3.001515
1309,2.989364
1310,2.989364
1311,2.989364
1312,3.017856
1313,3.005705
1314,3.035592
1315,3.057426
1316,3.111080
1317,3.111080
1318,3.127421
1319,3.115270
1320,3.115270
1321,3.073767
1322,3.085918
1323,3.085918
1324,3.047743
1325,3.006239
1326,3.047743
1327,2.927421
1328,3.035592
1329,3.060755
1330,3.032263
1331,3.060755
1332,3.077095
1333,3.115270
1334,3.143762
1335,3.127421
1336,3.219251
1337,3.219251
1338,3.231402
1339,3.231402
1340,3.219251
1341,3.219251
1342,3.177747
1343,3.177747
1344,3.177747
1345,3.136243
1346,3.177747
1347,3.165596
1348,3.165596
1349,3.124092
1350,3.165596
1351,3.149255
1352,3.127421
1353,3.098930
1354,3.057426
1355,2.937104
1356,2.990759
1357,3.028934
1358,3.041085
1359,3.057426
1360,2.994088
1361,3.006239
1362,2.977747
1363,2.947861
1364,2.947861
1365,2.919369
1366,2.909686
1367,2.973024
1368,2.973024
1369,2.931520
1370,2.931520
1371,2.977747
1372,2.987430
1373,2.965596
1374,2.919369
1375,2.931520
1376,2.949255
1377,2.990759
1378,2.990759
1379,2.919369
1380,2.919369
1381,2.947861
1382,2.926027
1383,2.889246
1384,2.952584
1385,2.952584
1386,2.989364
1387,2.973024
1388,2.919369
1389,2.937104
1390,2.937104
1391,2.873767
1392,2.743762
1393,2.743762
1394,2.743762
1395,2.726027
1396,2.726027
1397,2.617856
1398,2.684523
1399,2.822580
1400,2.885918
1401,2.885918
1402,2.924092
1403,2.977747
1404,2.994088
1405,3.035592
1406,3.007100
1407,3.007100
1408,2.935710
1409,2.919369
1410,2.949255
1411,2.949255
1412,2.949255
1413,2.949255
1414,2.857426
1415,2.857426
1416,2.879260
1417,2.857426
1418,2.949255
1419,2.949255
1420,2.949255
1421,2.965596
1422,2.965596
1423,2.935710
1424,2.897535
1425,2.759478
1426,2.851307
1427,2.876470
1428,2.876470
1429,2.869577
1430,2.907752
1431,2.882589
1432,2.911080
1433,2.926027
1434,2.972254
1435,2.972254
1436,2.851933
1437,2.981937
1438,3.073767
1439,3.085918
1440,3.098069
1441,3.068182
1442,3.109686
1443,3.151189
1444,3.181076
1445,3.219251
1446,3.190759
1447,3.190759
1448,3.207100
1449,3.219251
1450,3.219251
1451,3.272906
1452,3.272906
1453,3.272906
1454,3.256565
1455,3.256565
1456,3.240224
1457,3.215061
1458,3.202910
1459,3.202910
1460,3.202910
1461,3.202910
1462,3.190759
1463,3.168925
1464,3.097535
1465,3.097535
1466,3.122698
1467,3.122698
1468,3.122698
1469,3.122698
1470,3.122698
1471,3.106357
1472,3.081194
1473,3.109686
1474,3.109686
1475,3.151189
1476,3.151189
1477,3.176352
1478,3.176352
1479,3.222580
1480,3.181076
1481,3.152584
1482,3.060755
1483,3.014527
1484,3.060755
1485,3.181076
1486,3.127421
1487,3.127421
1488,3.190759
1489,3.190759
1490,3.202910
1491,3.149255
1492,3.149255
1493,3.165596
1494,3.127421
1495,3.127421
1496,3.127421
1497,3.089246
1498,3.064084
1499,3.085918
1500,3.095601
1501,3.085918
1502,3.073767
1503,3.064084
1504,3.035592
1505,3.098930
1506,3.057426
1507,3.073767
1508,3.035592
1509,2.989364
1510,3.052702
1511,3.052702
1512,3.098930
1513,3.098930
1514,3.098930
1515,3.027539
1516,3.002910
1517,3.002910
1518,3.002910
1519,2.911080
1520,2.989364
1521,2.989364
1522,2.967530
1523,2.952584
1524,2.936243
1525,2.973024
1526,2.936243
1527,3.014527
1528,2.960873
1529,2.951189
1530,3.059360
1531,3.059360
1532,3.105587
1533,3.143762
1534,3.072372
1535,3.056031
1536,3.056031
1537,3.064084
1538,2.926027
1539,2.926027
1540,2.909686
1541,2.951189
1542,2.909686
1543,3.001515
1544,3.043019
1545,3.052702
1546,3.028073
1547,3.043019
1548,3.001515
1549,2.863458
1550,2.863458
1551,2.934849
1552,2.934849
1553,2.951189
1554,2.951189
1555,2.936243
1556,2.877095
1557,2.877095
1558,2.930750
1559,2.930750
1560,2.930750
1561,2.947091
1562,2.921928
1563,3.072906
1564,3.056565
1565,3.056565
1566,3.081194
1567,3.081194
1568,3.027539
1569,2.989364
1570,3.035592
1571,3.064084
1572,3.127421
1573,3.152584
1574,3.127421
1575,3.155913
1576,3.102258
1577,3.080424
1578,3.105587
1579,3.105587
1580,3.143762
1581,3.143762
1582,3.143762
1583,3.127421
1584,3.127421
1585,3.098930
1586,3.098930
1587,3.127421
1588,3.165596
1589,3.165596
1590,3.219251
1591,3.260755
1592,3.222580
1593,3.206239
1594,3.176352
1595,3.122698
1596,3.122698
1597,3.081194
1598,3.043019
1599,2.989364
1600,2.997417
1601,2.997417
1602,2.926027
1603,2.926027
1604,2.847743
1605,2.847743
1606,2.911080
1607,2.893345
1608,2.918508
1609,2.996792
1610,2.971629
1611,2.964735
1612,3.043019
1613,3.114409
1614,3.006239
1615,3.136243
1616,3.145927
1617,3.120764
1618,3.149255
1619,3.177747
1620,3.177747
1621,3.161406
1622,3.161406
1623,3.149255
1624,3.149255
1625,3.137104
1626,3.137104
1627,3.165596
1628,3.124092
1629,3.102258
1630,3.073767
1631,3.098930
1632,3.124092
1633,3.145927
1634,3.120764
1635,3.174418
1636,3.174418
1637,3.149255
1638,3.149255
1639,3.177747
1640,3.155913
1641,3.155913
1642,3.047743
1643,3.069577
1644,3.085918
1645,3.177747
1646,3.219251
1647,3.235592
1648,3.219251
1649,3.231402
1650,3.231402
1651,3.189898
1652,3.069577
1653,3.006239
1654,3.006239
1655,3.047743
1656,3.089246
1657,3.059360
1658,3.075701
1659,3.059360
1660,3.022580
1661,2.963432
1662,2.947091
1663,2.947091
1664,2.857426
1665,2.905587
1666,2.815922
1667,2.815922
1668,2.815922
1669,2.864084
1670,2.815922
1671,2.815922
1672,2.815922
1673,2.857426
1674,3.013758
1675,3.030099
1676,3.055261
1677,3.038921
1678,3.098069
1679,3.056565
1680,3.056565
1681,2.989898
1682,3.043019
1683,3.072906
1684,3.060755
1685,3.060755
1686,3.060755
1687,3.082589
1688,3.019251
1689,3.019251
1690,3.028934
1691,3.028934
1692,3.007100
1693,3.032263
1694,3.152584
1695,3.127421
1696,3.168925
1697,3.190759
1698,3.190759
1699,3.190759
1700,3.190759
1701,3.152584
1702,3.098930
1703,3.137104
1704,3.149255
1705,3.202910
1706,3.202910
1707,3.202910
1708,3.202910
1709,3.219251
1710,3.089246
1711,3.089246
1712,3.105587
1713,3.059360
1714,3.059360
1715,3.105587
1716,3.105587
1717,3.127421
1718,3.098930
1719,3.082589
1720,3.072906
1721,3.047743
1722,3.019251
1723,3.057426
1724,3.019251
1725,3.060755
1726,3.060755
1727,3.035592
1728,3.127421
1729,3.098930
1730,3.035592
1731,3.073767
1732,2.981937
1733,3.035592
1734,3.035592
1735,3.019251
1736,3.007100
1737,3.019251
1738,3.019251
1739,3.019251
1740,3.019251
1741,3.019251
1742,3.082589
1743,3.060755
1744,3.022580
1745,3.014527
1746,3.060755
1747,3.060755
1748,3.098930
1749,3.115270
1750,3.235592
1751,3.194088
1752,3.165596
1753,3.177747
1754,3.124092
1755,3.114409
1756,3.124092
1757,3.124092
1758,3.085918
1759,3.085918
1760,3.032263
1761,3.032263
1762,3.015922
1763,3.015922
1764,3.069577
1765,3.111080
1766,3.136243
1767,3.152584
1768,3.152584
1769,3.022580
1770,2.976352
1771,2.898069
1772,2.898069
1773,2.872906
1774,2.926027
1775,2.997417
1776,2.997417
1777,2.997417
1778,2.997417
1779,2.951189
1780,2.951189
1781,3.017856
1782,3.017856
1783,3.064084
1784,3.127421
1785,3.149255
1786,3.177747
1787,3.161406
1788,3.161406
1789,3.132915
1790,3.120764
1791,3.149255
1792,3.095601
1793,3.095601
1794,3.095601
1795,3.095601
1796,3.095601
1797,3.107752
1798,3.107752
1799,3.161406
1800,3.149255
1801,3.111080
1802,3.127421
1803,3.060755
1804,3.032263
1805,3.014527
1806,2.989364
1807,2.989364
1808,3.035592
1809,3.035592
1810,2.972254
1811,3.035592
1812,3.035592
1813,3.019251
1814,3.047743
1815,3.017856
1816,3.017856
1817,3.043019
1818,3.072906
1819,3.082589
1820,3.060755
1821,3.007100
1822,2.990759
1823,2.990759
1824,2.965596
1825,2.955913
1826,2.884523
1827,2.884523
1828,2.868182
1829,2.909686
1830,2.939572
1831,2.939572
1832,2.939572
1833,2.909686
1834,2.897535
1835,3.035592
1836,3.035592
1837,3.035592
1838,2.997417
1839,2.972254
1840,2.972254
1841,3.035592
1842,3.073767
1843,3.073767
1844,3.095601
1845,3.095601
1846,3.057426
1847,2.949255
1848,2.949255
1849,2.931520
1850,2.947861
1851,2.909686
1852,2.789364
1853,2.767530
1854,2.742367
1855,2.767530
1856,2.792693
1857,2.859360
1858,2.897535
1859,2.968925
1860,2.968925
1861,2.927421
1862,2.919369
1863,2.919369
1864,2.973024
1865,2.936243
1866,2.893436
1867,2.960103
1868,2.851933
1869,2.960103
1870,2.972254
1871,3.015061
1872,3.051841
1873,3.015061
1874,3.015061
1875,3.093345
1876,3.111080
1877,3.089246
1878,3.043019
1879,3.081194
1880,3.089246
1881,3.043019
1882,2.996792
1883,2.971629
1884,3.017856
1885,3.017856
1886,2.971629
1887,2.971629
1888,3.013132
1889,2.987970
1890,2.987970
1891,2.987970
1892,3.034197
1893,3.059360
1894,2.987970
1895,3.034197
1896,3.019251
1897,2.889246
1898,2.942367
1899,2.797417
1900,2.781076
1901,2.781076
1902,2.721928
1903,2.851933
1904,2.880424
1905,2.880424
1906,2.964735
1907,3.017856
1908,3.017856
1909,3.017856
1910,3.034197
1911,3.064084
1912,3.017856
1913,3.001515
1914,3.001515
1915,3.001515
1916,3.031402
1917,3.031402
1918,3.139572
1919,3.093345
1920,3.118508
1921,3.064853
1922,3.081194
1923,3.028073
1924,2.986569
1925,2.961406
1926,2.961406
1927,2.810429
1928,2.851933
1929,2.911080
1930,2.882589
1931,2.882589
1932,2.897535
1933,3.027539
1934,3.081194
1935,3.056031
1936,3.068182
1937,3.001515
1938,3.019251
1939,3.019251
1940,3.019251
1941,2.994088
1942,3.015922
1943,3.003771
1944,3.095601
1945,3.095601
1946,3.067109
1947,3.120764
1948,3.120764
1949,3.111080
1950,3.082589
1951,3.082589
1952,3.092272
1953,3.145927
1954,3.120764
1955,2.990759
1956,2.968925
1957,2.968925
1958,2.981076
1959,2.934849
1960,2.843019
1961,2.789364
1962,2.743137
1963,2.863458
1964,2.934849
1965,2.951189
1966,2.976352
1967,2.994088
1968,2.922698
1969,2.922698
1970,2.922698
1971,2.968925
1972,3.098930
1973,3.152584
1974,3.177747
1975,3.152584
1976,3.162267
1977,3.162267
1978,3.215922
1979,3.190759
1980,3.219251
1981,3.177747
1982,3.219251
1983,3.202910
1984,3.164735
1985,3.206239
1986,3.206239
1987,3.244414
1988,3.256565
1989,3.256565
1990,3.231402
1991,3.247743
1992,3.235592
1993,3.194088
1994,3.127421
1995,3.111080
1996,3.231402
1997,3.215061
1998,3.215061
1999,3.215061
2000,3.202910
2001,3.244414
2002,3.272906
2003,3.272906
2004,3.272906
2005,3.244414
2006,3.244414
2007,3.190759
2008,3.190759
2009,3.152584
2010,3.127421
2011,3.127421
2012,3.081194
2013,3.017856
2014,2.951189
2015,2.951189
2016,2.951189
2017,2.934849
2018,2.944532
2019,2.962267
2020,3.028934
2021,3.028934
2022,3.057426
2023,3.057426
2024,2.927421
2025,3.057426
2026,3.111080
2027,3.111080
2028,3.111080
2029,3.149255
2030,3.111080
2031,3.127421
2032,3.127421
2033,3.143762
2034,3.155913
2035,3.155913
2036,3.181076
2037,3.152584
2038,3.174418
2039,3.120764
2040,3.120764
2041,3.120764
2042,2.990759
2043,2.852702
2044,2.864853
2045,2.786569
2046,2.894740
2047,2.894740
2048,2.894740
2049,2.948394
2050,2.964735
2051,2.936243
2052,2.919903
2053,2.919903
2054,2.948394
2055,2.985174
2056,2.931520
2057,3.069577
2058,3.085918
2059,3.085918
2060,3.111080
2061,3.081194
2062,3.097535
2063,3.081194
2064,3.081194
2065,3.134849
2066,3.014527
2067,3.122698
2068,3.122698
2069,3.122698
2070,3.059360
2071,3.044414
2072,3.044414
2073,2.985266
2074,2.893436
2075,2.830099
2076,2.830099
2077,2.783871
2078,2.765596
2079,2.921928
2080,2.981076
2081,2.981076
2082,3.002910
2083,3.002910
2084,3.081194
2085,3.081194
2086,3.081194
2087,3.081194
2088,3.122698
2089,3.152584
2090,3.111080
2091,3.111080
2092,3.039690
2093,3.111080
2094,3.152584
2095,3.060755
2096,3.082589
2097,3.054097
2098,3.015922
2099,2.998186
2100,2.998186
2101,2.998186
2102,2.986035
2103,3.014527
2104,3.106357
2105,3.124092
2106,3.124092
2107,3.145927
2108,3.136243
2109,3.152584
2110,3.136243
2111,3.072906
2112,3.072906
2113,3.001515
2114,3.001515
2115,2.989364
2116,2.989364
2117,2.917974
2118,2.946466
2119,3.017856
2120,2.971629
2121,3.017856
2122,3.081194
2123,3.027539
2124,3.027539
2125,2.882589
2126,2.960873
2127,2.968925
2128,2.997417
2129,2.997417
2130,2.951189
2131,2.997417
2132,3.022580
2133,3.022580
2134,3.089246
2135,3.089246
2136,3.111080
2137,3.111080
2138,3.149255
2139,3.149255
2140,3.127421
2141,3.085918
2142,3.114409
2143,3.047743
2144,3.089246
2145,3.060755
2146,3.044414
2147,3.056565
2148,3.072906
2149,3.089246
2150,3.089246
2151,3.155913
2152,3.155913
2153,3.155913
2154,3.219251
2155,3.244414
2156,3.244414
2157,3.219251
2158,3.231402
2159,3.247743
2160,3.247743
2161,3.247743
2162,3.247743
2163,3.219251
2164,3.219251
2165,3.219251
2166,3.155913
2167,3.165596
2168,3.149255
2169,3.149255
2170,3.177747
2171,3.139572
2172,3.139572
2173,3.177747
2174,3.177747
2175,3.161406
2176,3.069577
2177,3.041085
2178,3.031402
2179,3.072906
2180,3.060755
2181,3.060755
2182,3.030868
2183,3.030868
2184,3.077095
2185,3.060755
2186,3.077095
2187,3.098930
2188,3.098930
2189,3.127421
2190,3.085918
2191,3.069577
2192,3.069577
2193,3.069577
2194,3.069577
2195,2.961406
2196,2.939572
2197,2.911080
2198,2.949255
2199,3.069577
2200,3.057426
2201,3.082589
2202,3.098930
2203,3.082589
2204,3.041085
2205,3.028934
2206,3.012593
2207,3.041085
2208,3.028934
2209,3.028934
2210,3.019251
2211,2.989364
2212,2.973024
2213,3.014527
2214,3.134849
2215,3.134849
2216,3.151189
2217,3.151189
2218,3.176352
2219,3.151189
2220,3.151189
2221,3.151189
2222,3.134849
2223,3.081728
2224,3.081728
2225,3.098069
2226,3.056565
2227,3.002910
2228,3.056031
2229,2.992693
2230,2.992693
2231,2.884523
2232,2.955913
2233,2.955913
2234,2.977747
2235,2.977747
2236,3.002910
2237,2.990759
2238,3.057426
2239,2.927421
2240,2.937104
2241,2.919369
2242,2.919369
2243,2.894740
2244,2.894740
2245,2.894740
2246,2.856565
2247,2.898069
2248,2.922698
2249,2.960873
2250,2.968925
2251,3.007100
2252,2.935710
2253,2.919369
2254,2.909686
2255,2.909686
2256,2.817856
2257,2.802910
2258,2.827539
2259,2.947861
2260,2.931520
2261,3.039690
2262,3.093345
2263,3.134849
2264,3.181076
2265,3.127421
2266,3.056031
2267,3.056031
2268,3.056031
2269,2.947861
2270,2.965596
2271,2.947861
2272,3.001515
2273,2.989364
2274,3.081194
2275,3.127421
2276,3.149255
2277,3.202910
2278,3.219251
2279,3.219251
2280,3.231402
2281,3.247743
2282,3.247743
2283,3.247743
2284,3.247743
2285,3.264084
2286,3.235592
2287,3.219251
2288,3.244414
2289,3.222580
2290,3.238921
2291,3.197417
2292,3.219251
2293,3.235592
2294,3.247743
2295,3.219251
2296,3.202910
2297,3.228073
2298,3.215922
2299,3.194088
2300,3.194088
2301,3.152584
2302,3.127421
2303,3.127421
2304,3.127421
2305,3.149255
2306,3.174418
2307,3.164735
2308,3.164735
2309,3.174418
2310,3.174418
2311,3.215922
2312,3.244414
2313,3.260755
2314,3.260755
2315,3.244414
2316,3.272906
2317,3.272906
2318,3.231402
2319,3.231402
2320,3.231402
2321,3.219251
2322,3.219251
2323,3.219251
2324,3.231402
2325,3.247743
2326,3.247743
2327,3.155913
2328,3.155913
2329,3.139572
2330,3.139572
2331,3.139572
2332,3.139572
2333,3.085918
2334,3.073767
2335,3.073767
2336,3.085918
2337,3.069577
2338,3.057426
2339,2.927421
2340,3.035592
2341,3.047743
2342,3.089246
2343,3.197417
2344,3.219251
2345,3.244414
2346,3.244414
2347,3.222580
2348,3.222580
2349,3.151189
2350,3.151189
2351,3.151189
2352,3.151189
2353,3.167530
2354,3.192693
2355,3.139572
2356,3.192693
2357,3.151189
2358,3.167530
2359,3.192693
2360,3.222580
2361,3.151189
2362,3.126027
2363,3.109686
2364,3.139572
2365,3.181076
2366,3.127421
2367,3.111080
2368,3.111080
2369,3.149255
2370,3.149255
2371,3.202910
2372,3.202910
2373,3.190759
2374,3.190759
2375,3.162267
2376,3.162267
2377,3.190759
2378,3.215922
2379,3.215922
2380,3.174418
2381,3.120764
2382,3.111080
2383,3.164735
2384,3.136243
2385,3.174418
2386,3.174418
2387,3.202910
2388,3.202910
2389,3.177747
2390,3.177747
2391,3.206239
2392,3.206239
2393,3.206239
2394,3.206239
2395,3.177747
2396,3.202910
2397,3.202910
2398,3.202910
2399,3.219251
2400,3.219251
2401,3.207100
2402,3.219251
2403,3.219251
2404,3.165596
2405,3.057426
2406,3.057426
2407,3.057426
2408,3.019251
2409,3.028934
2410,3.028934
2411,3.041085
2412,3.057426
2413,3.057426
2414,3.082589
2415,3.082589
2416,3.082589
2417,3.202910
2418,3.174418
2419,3.228073
2420,3.228073
2421,3.199581
2422,3.215922
2423,3.152584
2424,3.152584
2425,3.152584
2426,3.152584
2427,3.111080
2428,3.057426
2429,3.057426
2430,3.057426
2431,3.095601
2432,3.079260
2433,3.120764
2434,3.098930
2435,3.152584
2436,3.152584
2437,3.044414
2438,3.082589
2439,3.082589
2440,3.060755
2441,3.044414
2442,3.060755
2443,3.181076
2444,3.139572
2445,3.114409
2446,3.047743
2447,3.057426
2448,3.028934
2449,3.028934
2450,3.012593
2451,3.012593
2452,3.002910
2453,2.949255
2454,2.949255
2455,2.949255
2456,2.958939
2457,2.987430
2458,2.965596
2459,2.965596
2460,2.955913
2461,2.955913
2462,2.977747
2463,3.041085
2464,3.082589
2465,3.019251
2466,3.127421
2467,3.085918
2468,3.085918
2469,3.085918
2470,3.085918
2471,3.127421
2472,3.190759
2473,3.190759
2474,3.219251
2475,3.177747
2476,3.202910
2477,3.202910
2478,3.202910
2479,3.202910
2480,3.215061
2481,3.231402
2482,3.215061
2483,3.202910
2484,3.174418
2485,3.174418
2486,3.186569
2487,3.186569
2488,3.202910
2489,3.149255
2490,3.165596
2491,3.137104
2492,3.127421
2493,2.989364
2494,2.989364
2495,2.911080
2496,2.847743
2497,2.831402
2498,2.872906
2499,2.826678
2500,2.734849
2501,2.771629
2502,2.838295
2503,2.831402
2504,2.909686
2505,2.927421
2506,2.952584
2507,2.981076
2508,2.951189
2509,2.981076
2510,2.981076
2511,2.934849
2512,2.951189
2513,2.997417
2514,2.951189
2515,3.017856
2516,3.034197
2517,3.064084
2518,3.064084
2519,3.127421
2520,3.127421
2521,3.152584
2522,3.164735
2523,3.181076
2524,3.181076
2525,3.127421
2526,3.165596
2527,3.127421
2528,3.056031
2529,3.085918
2530,3.114409
2531,3.114409
2532,3.139572
2533,3.019251
2534,2.898930
2535,3.019251
2536,3.044414
2537,3.044414
2538,3.054097
2539,3.070438
2540,3.190759
2541,3.207100
2542,3.190759
2543,3.190759
2544,3.190759
2545,3.190759
2546,3.215922
2547,3.244414
2548,3.228073
2549,3.186569
2550,3.186569
2551,3.215061
2552,3.215061
2553,3.173557
2554,3.215061
2555,3.231402
2556,3.202910
2557,3.161406
2558,3.041085
2559,2.920764
2560,2.920764
2561,2.911080
2562,3.041085
2563,3.019251
2564,3.035592
2565,3.057426
2566,3.069577
2567,3.069577
2568,3.111080
2569,3.127421
2570,3.127421
2571,3.089246
2572,3.089246
2573,3.043019
2574,3.043019
2575,3.089246
2576,3.072906
2577,3.094740
2578,3.123231
2579,3.189898
2580,3.098069
2581,3.098069
2582,3.085918
2583,3.064084
2584,3.089246
2585,3.064084
2586,3.155913
2587,3.155913
2588,3.127421
2589,3.089246
2590,3.089246
2591,3.043019
2592,3.089246
2593,3.089246
2594,3.089246
2595,3.114409
2596,3.114409
2597,3.130750
2598,3.168925
2599,3.151189
2600,3.151189
2601,3.167530
2602,3.151189
2603,3.151189
2604,3.134849
2605,3.134849
2606,3.151189
2607,3.167530
2608,3.192693
2609,3.192693
2610,3.176352
2611,3.160012
2612,3.160012
2613,3.160012
2614,3.189898
2615,3.228073
2616,3.164735
2617,3.202910
2618,3.202910
2619,3.181076
2620,3.181076
2621,3.197417
2622,3.219251
2623,3.219251
2624,3.260755
2625,3.260755
2626,3.197417
2627,3.155913
2628,3.155913
2629,3.181076
2630,3.206239
2631,3.244414
2632,3.272906
2633,3.272906
2634,3.272906
2635,3.219251
2636,3.202910
2637,3.202910
2638,3.231402
2639,3.202910
2640,3.190759
2641,3.098930
2642,3.082589
2643,3.041085
2644,2.949255
2645,2.927421
2646,2.927421
2647,3.035592
2648,3.143762
2649,3.127421
2650,3.127421
2651,3.149255
2652,3.174418
2653,3.190759
2654,3.202910
2655,3.190759
2656,3.190759
2657,3.190759
2658,3.215922
2659,3.244414
2660,3.272906
2661,3.247743
2662,3.247743
2663,3.231402
2664,3.231402
2665,3.231402
2666,3.219251
2667,3.231402
2668,3.231402
2669,3.231402
2670,3.189898
2671,3.161406
2672,3.161406
2673,3.202910
2674,3.082589
2675,3.028934
2676,3.057426
2677,3.111080
2678,3.123231
2679,3.106891
2680,3.123231
2681,3.123231
2682,3.111080
2683,3.098930
2684,3.111080
2685,3.111080
2686,3.111080
2687,3.111080
2688,3.098930
2689,3.098930
2690,3.111080
2691,3.082589
2692,3.082589
2693,3.190759
2694,3.202910
2695,3.219251
2696,3.219251
2697,3.202910
2698,3.202910
2699,3.202910
2700,3.202910
2701,3.190759
2702,3.219251
2703,3.202910
2704,3.202910
2705,3.219251
2706,3.202910
2707,3.202910
2708,3.202910
2709,3.244414
2710,3.244414
2711,3.272906
2712,3.256565
2713,3.272906
2714,3.256565
2715,3.272906
2716,3.219251
2717,3.202910
2718,3.177747
2719,3.177747
2720,3.161406
2721,3.161406
2722,3.107752
2723,3.107752
2724,3.107752
2725,3.119903
2726,3.098069
2727,3.107752
2728,3.124092
2729,3.107752
2730,3.107752
2731,3.107752
2732,3.069577
2733,3.069577
2734,3.069577
2735,3.069577
2736,3.002910
2737,3.002910
2738,2.990759
2739,3.032263
2740,3.070438
2741,3.045275
2742,3.045275
2743,3.057426
2744,3.069577
2745,3.098069
2746,3.098069
2747,3.139572
2748,3.111080
2749,3.123231
2750,3.123231
2751,3.139572
2752,3.111080
2753,3.111080
2754,3.111080
2755,3.202910
2756,3.174418
2757,3.202910
2758,3.174418
2759,3.149255
2760,3.095601
2761,3.057426
2762,3.069577
2763,3.132915
2764,3.132915
2765,3.132915
2766,3.132915
2767,3.132915
2768,3.079260
2769,3.132915
2770,3.120764
2771,3.098930
2772,3.098930
2773,3.124092
2774,3.124092
2775,3.124092
2776,3.149255
2777,3.124092
2778,3.124092
2779,3.152584
2780,3.190759
2781,3.190759
2782,3.162267
2783,3.162267
2784,3.120764
2785,3.120764
2786,3.111080
2787,3.136243
2788,3.136243
2789,3.136243
2790,3.152584
2791,3.152584
2792,3.122698
2793,3.122698
2794,3.084523
2795,3.114409
2796,3.043019
2797,2.989364
2798,3.043019
2799,3.017856
2800,3.089246
2801,3.059360
2802,3.089246
2803,3.089246
2804,3.081194
2805,3.098930
2806,3.152584
2807,3.127421
2808,3.127421
2809,3.143762
2810,3.127421
2811,3.127421
2812,3.127421
2813,3.111080
2814,3.152584
2815,3.206239
2816,3.244414
2817,3.202910
2818,3.202910
2819,3.202910
2820,3.202910
2821,3.202910
2822,3.215061
2823,3.256565
2824,3.215061
2825,3.215061
2826,3.231402
2827,3.219251
2828,3.219251
2829,3.235592
2830,3.197417
2831,3.197417
2832,3.197417
2833,3.260755
2834,3.260755
2835,3.219251
2836,3.181076
2837,3.181076
2838,3.181076
2839,3.202910
2840,3.202910
2841,3.219251
2842,3.219251
2843,3.219251
2844,3.207100
2845,3.207100
2846,3.168925
2847,3.097535
2848,3.081194
2849,3.081194
2850,3.127421
2851,3.155913
2852,3.017856
2853,3.155913
2854,3.155913
2855,3.181076
2856,3.181076
2857,3.181076
2858,3.181076
2859,3.181076
2860,3.134849
2861,3.134849
2862,3.081194
2863,3.081194
2864,3.093345
2865,2.973024
2866,2.973024
2867,3.081194
2868,3.052702
2869,3.081194
2870,3.039690
2871,3.039690
2872,3.051841
2873,3.051841
2874,3.123231
2875,3.139572
2876,3.149255
2877,3.202910
2878,3.174418
2879,3.111080
2880,3.111080
2881,3.136243
2882,3.174418
2883,3.149255
2884,3.165596
2885,3.194088
2886,3.206239
2887,3.194088
2888,3.247743
2889,3.272906
2890,3.272906
2891,3.272906
2892,3.256565
2893,3.256565
2894,3.228073
2895,3.202910
2896,3.190759
2897,3.190759
2898,3.190759
2899,3.219251
2900,3.219251
2901,3.244414
2902,3.244414
2903,3.244414
2904,3.202910
2905,3.231402
2906,3.177747
2907,3.177747
2908,3.165596
2909,3.165596
2910,3.155913
2911,3.155913
2912,3.139572
2913,3.127421
2914,3.127421
2915,3.143762
2916,3.127421
2917,3.111080
2918,3.019251
2919,3.019251
2920,3.001515
2921,3.043019
2922,3.043019
2923,3.014527
2924,3.014527
2925,3.022580
2926,3.130750
2927,3.152584
2928,3.114409
2929,3.089246
2930,3.043019
2931,3.114409
2932,3.089246
2933,3.127421
2934,3.127421
2935,3.035592
2936,3.019251
2937,3.082589
2938,3.072906
2939,3.019251
2940,3.019251
2941,3.057426
2942,3.019251
2943,3.028934
2944,3.028934
2945,3.120764
2946,3.174418
2947,3.120764
2948,3.120764
2949,3.082589
2950,3.057426
2951,3.120764
2952,3.098930
2953,3.111080
2954,3.174418
2955,3.152584
2956,3.152584
2957,3.152584
2958,3.044414
2959,3.019251
2960,3.035592
2961,3.035592
2962,3.035592
2963,3.057426
2964,2.949255
2965,2.937104
2966,3.028934
2967,3.054097
2968,3.054097
2969,3.028934
2970,3.019251
2971,3.019251
2972,3.057426
2973,2.994088
2974,2.864084
2975,2.905587
2976,2.877095
2977,2.889246
2978,2.927421
2979,2.905587
2980,2.927421
2981,2.889246
2982,2.997417
2983,2.997417
2984,2.951189
2985,2.904962
2986,2.826678
2987,2.826678
2988,2.851307
2989,2.851307
2990,2.826144
2991,2.897535
2992,2.897535
2993,2.968925
2994,2.968925
2995,3.007100
2996,3.035592
2997,3.005705
2998,3.017856
2999,3.001515
3000,3.019251
3001,3.035592
3002,2.997417
3003,3.060755
3004,3.060755
3005,3.168925
3006,3.168925
3007,3.143762
3008,3.168925
3009,3.197417
3010,3.151189
3011,3.114409
3012,3.167530
3013,3.167530
3014,3.114409
3015,3.030099
3016,2.988595
3017,3.031402
3018,3.072906
3019,3.072906
3020,3.072906
3021,3.013758
3022,3.013758
3023,3.013758
3024,3.038921
3025,3.038921
3026,3.038921
3027,2.997417
3028,3.056565
3029,3.031402
3030,3.109686
3031,3.109686
3032,3.155913
3033,3.127421
3034,3.181076
3035,3.164735
3036,3.093345
3037,3.134849
3038,3.122698
3039,3.122698
3040,3.168925
3041,3.190759
3042,3.162267
3043,3.124092
3044,3.124092
3045,3.106357
3046,3.052702
3047,3.052702
3048,3.011198
3049,2.944532
3050,2.990759
3051,3.002910
3052,3.041085
3053,3.019251
3054,3.127421
3055,3.137104
3056,3.127421
3057,3.139572
3058,3.047743
3059,3.057426
3060,3.015922
3061,3.015922
3062,3.057426
3063,3.098930
3064,3.190759
3065,3.219251
3066,3.219251
3067,3.219251
3068,3.219251
3069,3.219251
3070,3.190759
3071,3.202910
3072,3.190759
3073,3.244414
3074,3.228073
3075,3.164735
3076,3.181076
3077,3.155913
3078,3.139572
3079,3.161406
3080,3.161406
3081,3.202910
3082,3.094740
3083,3.072906
3084,3.089246
3085,3.043019
3086,2.989898
3087,2.977747
3088,3.014527
3089,2.973024
3090,2.990759
3091,2.949255
3092,2.990759
3093,2.927421
3094,2.965596
3095,3.057426
3096,2.965596
3097,2.965596
3098,3.057426
3099,3.057426
3100,3.057426
3101,3.057426
3102,3.057426
3103,3.111080
3104,3.085918
3105,3.069577
3106,3.057426
3107,3.057426
3108,3.057426
3109,3.067109
3110,3.095601
3111,3.107752
3112,3.044414
3113,3.044414
3114,3.107752
3115,3.132915
3116,3.069577
3117,3.111080
3118,3.174418
3119,3.174418
3120,3.174418
3121,3.149255
3122,3.177747
3123,3.202910
3124,3.161406
3125,3.189898
3126,3.231402
3127,3.219251
3128,3.219251
3129,3.219251
3130,3.244414
3131,3.260755
3132,3.219251
3133,3.231402
3134,3.231402
3135,3.256565
3136,3.215061
3137,3.215061
3138,3.215061
3139,3.215061
3140,3.231402
3141,3.219251
3142,3.219251
3143,3.190759
3144,3.219251
3145,3.190759
3146,3.149255
3147,3.127421
3148,3.181076
3149,3.206239
3150,3.181076
3151,3.197417
3152,3.222580
3153,3.244414
3154,3.244414
3155,3.244414
3156,3.244414
3157,3.244414
3158,3.244414
3159,3.244414
3160,3.244414
3161,3.244414
3162,3.202910
3163,3.202910
3164,3.244414
3165,3.244414
3166,3.260755
3167,3.260755
3168,3.232263
3169,3.190759
3170,3.219251
3171,3.165596
3172,3.137104
3173,3.162267
3174,3.124092
3175,3.098930
3176,3.060755
3177,2.968925
3178,2.943762
3179,2.955913
3180,2.955913
3181,2.926027
3182,2.805705
3183,2.742367
3184,2.742367
3185,2.767530
3186,2.897535
3187,2.897535
3188,2.872372
3189,2.926027
3190,2.955913
3191,2.902258
3192,3.032263
3193,3.032263
3194,3.095601
3195,3.107752
3196,3.085918
3197,3.127421
3198,3.111080
3199,3.149255
3200,3.149255
3201,3.177747
3202,3.165596
3203,3.177747
3204,3.149255
3205,3.149255
3206,3.165596
3207,3.165596
3208,3.165596
3209,3.190759
3210,3.232263
3211,3.190759
3212,3.165596
3213,3.057426
3214,3.057426
3215,3.041085
3216,3.041085
3217,3.132915
3218,3.132915
3219,3.161406
3220,3.161406
3221,3.107752
3222,3.107752
3223,3.095601
3224,3.095601
3225,3.085918
3226,3.019251
3227,2.981076
3228,2.934849
3229,2.973024
3230,2.973024
3231,2.973024
3232,2.989364
3233,3.043019
3234,3.059360
3235,3.034197
3236,3.034197
3237,2.997417
3238,3.089246
3239,3.114409
3240,3.167530
3241,3.151189
3242,3.197417
3243,3.219251
3244,3.197417
3245,3.222580
3246,3.232263
3247,3.232263
3248,3.207100
3249,3.219251
3250,3.165596
3251,3.177747
3252,3.155913
3253,3.127421
3254,3.085918
3255,3.127421
3256,3.089246
3257,3.089246
3258,3.060755
3259,3.114409
3260,3.089246
3261,3.081194
3262,3.109686
3263,3.139572
3264,3.139572
3265,3.161406
3266,3.161406
3267,3.107752
3268,3.107752
3269,3.069577
3270,3.069577
3271,3.111080
3272,2.990759
3273,2.973024
3274,3.039690
3275,3.017856
3276,3.043019
3277,3.060755
3278,3.098930
3279,3.098930
3280,3.098930
3281,3.127421
3282,2.989364
3283,3.007100
3284,3.007100
3285,2.943762
3286,2.965596
3287,2.949255
3288,2.949255
3289,2.977747
3290,2.947861
3291,3.001515
3292,3.001515
3293,3.031402
3294,3.002910
3295,3.066248
3296,3.174418
3297,3.174418
3298,3.186569
3299,3.174418
3300,3.149255
3301,3.149255
3302,3.177747
3303,3.161406
3304,3.202910
3305,3.202910
3306,3.082589
3307,3.190759
3308,3.181076
3309,3.139572
3310,3.098069
3311,3.107752
3312,2.987430
3313,2.965596
3314,2.919369
3315,2.973024
3316,2.973024
3317,3.001515
3318,3.017856
3319,3.047743
3320,3.089246
3321,3.043019
3322,3.026678
3323,3.164735
3324,3.164735
3325,3.164735
3326,3.139572
3327,3.109686
3328,3.155913
3329,3.126027
3330,3.109686
3331,3.072906
3332,3.098069
3333,3.072906
3334,2.981076
3335,2.952584
3336,3.005705
3337,2.967530
3338,2.997417
3339,3.060755
3340,3.014527
3341,3.014527
3342,3.014527
3343,3.014527
3344,3.152584
3345,3.168925
3346,3.168925
3347,3.122698
3348,3.122698
3349,3.084523
3350,3.059360
3351,3.130750
3352,3.130750
3353,3.130750
3354,3.105587
3355,3.089246
3356,3.064084
3357,3.102258
3358,3.124092
3359,3.177747
3360,3.177747
3361,3.177747
3362,3.161406
3363,3.149255
3364,3.149255
3365,3.149255
3366,3.095601
3367,3.137104
3368,3.137104
3369,3.028934
3370,3.000442
3371,3.025605
3372,3.145927
3373,3.082589
3374,3.111080
3375,3.111080
3376,3.111080
3377,3.002910
3378,2.949255
3379,2.924092
3380,3.054097
3381,3.032263
3382,3.057426
3383,3.073767
3384,3.073767
3385,3.035592
3386,3.035592
3387,3.017856
3388,2.992693
3389,3.056031
3390,2.947861
3391,2.994088
3392,3.035592
3393,2.927421
3394,2.911080
3395,2.898930
3396,3.019251
3397,3.019251
3398,3.044414
3399,3.044414
3400,3.044414
3401,3.060755
3402,2.989364
3403,2.989364
3404,3.017856
3405,3.109686
3406,3.126027
3407,3.155913
3408,3.139572
3409,3.127421
3410,3.127421
3411,3.139572
3412,3.155913
3413,3.127421
3414,3.152584
3415,3.181076
3416,3.219251
3417,3.219251
3418,3.202910
3419,3.219251
3420,3.177747
3421,3.149255
3422,3.057426
3423,3.047743
3424,3.035592
3425,3.077095
3426,3.098930
3427,3.115270
3428,3.115270
3429,3.098930
3430,3.111080
3431,3.089246
3432,3.064084
3433,3.089246
3434,3.181076
3435,3.181076
3436,3.219251
3437,3.219251
3438,3.219251
3439,3.190759
3440,3.190759
3441,3.190759
3442,3.219251
3443,3.177747
3444,3.149255
3445,3.161406
3446,3.107752
3447,3.107752
3448,3.161406
3449,3.139572
3450,3.111080
3451,3.111080
3452,3.152584
3453,3.122698
3454,3.097535
3455,3.097535
3456,3.097535
3457,3.072372
3458,3.056031
3459,2.989364
3460,3.014527
3461,2.989364
3462,3.007100
3463,3.127421
3464,3.152584
3465,3.181076
3466,3.155913
3467,3.139572
3468,3.177747
3469,3.161406
3470,3.177747
3471,3.194088
3472,3.181937
3473,3.194088
3474,3.177747
3475,3.149255
3476,3.137104
3477,3.149255
3478,3.149255
3479,3.149255
3480,3.137104
3481,3.007100
3482,3.028934
3483,3.028934
3484,3.028934
3485,3.028934
3486,3.057426
3487,3.019251
3488,3.002910
3489,3.012593
3490,3.012593
3491,3.054097
3492,3.054097
3493,3.082589
3494,3.060755
3495,3.060755
3496,3.072906
3497,3.072906
3498,3.202910
3499,3.139572
3500,3.181076
3501,3.181076
3502,3.181076
3503,3.164735
3504,3.206239
3505,3.189898
3506,3.136243
3507,3.199581
3508,3.215922
3509,3.244414
3510,3.272906
3511,3.272906
3512,3.231402
3513,3.215061
3514,3.094740
3515,3.094740
3516,3.082589
3517,3.082589
3518,3.082589
3519,3.094740
3520,3.069577
3521,3.047743
3522,3.057426
3523,3.082589
3524,3.111080
3525,3.111080
3526,3.111080
3527,3.072906
3528,3.072906
3529,3.089246
3530,3.043019
3531,3.043019
3532,3.059360
3533,3.043019
3534,3.043019
3535,3.089246
3536,3.017856
3537,3.043019
3538,2.964735
3539,2.952584
3540,2.964735
3541,2.964735
3542,2.952584
3543,3.030868
3544,3.030868
3545,2.977747
3546,2.992693
3547,2.992693
3548,3.059360
3549,3.034197
3550,2.987970
3551,3.034197
3552,3.059360
3553,3.105587
3554,3.168925
3555,3.207100
3556,3.219251
3557,3.231402
3558,3.231402
3559,3.189898
3560,3.177747
3561,3.177747
3562,3.177747
3563,3.202910
3564,3.139572
3565,3.111080
3566,3.082589
3567,2.990759
3568,2.937104
3569,2.919369
3570,2.894206
3571,3.032263
3572,3.073767
3573,3.035592
3574,2.989364
3575,2.897535
3576,2.859360
3577,2.781076
3578,2.819251
3579,2.834197
3580,2.834197
3581,2.826144
3582,2.851307
3583,2.897535
3584,2.897535
3585,2.968925
3586,2.990759
3587,2.944532
3588,2.973024
3589,3.019251
3590,2.997417
3591,2.981076
3592,3.019251
3593,2.881194
3594,2.893345
3595,2.893345
3596,2.923231
3597,2.939572
3598,3.047743
3599,3.035592
3600,3.089246
3601,3.105587
3602,3.089246
3603,3.072906
3604,3.089246
3605,3.089246
3606,3.089246
3607,3.089246
3608,3.072906
3609,3.094740
3610,3.094740
3611,3.123231
3612,3.111080
3613,3.069577
3614,3.085918
3615,3.194088
3616,3.085918
3617,3.064084
3618,3.047743
3619,3.047743
3620,3.047743
3621,3.064084
3622,3.064084
3623,3.064084
3624,3.047743
3625,3.047743
3626,3.047743
3627,3.139572
3628,3.202910
3629,3.149255
3630,3.139572
3631,3.177747
3632,3.177747
3633,3.219251
3634,3.219251
3635,3.190759
3636,3.202910
3637,3.202910
3638,3.094740
3639,3.072906
3640,3.089246
3641,3.098930
3642,3.060755
3643,3.032263
3644,3.060755
3645,3.044414
3646,3.060755
3647,3.060755
3648,3.060755
3649,3.035592
3650,3.057426
3651,3.057426
3652,3.019251
3653,3.028934
3654,3.041085
3655,3.041085
3656,3.041085
3657,3.053236
3658,3.053236
3659,3.053236
3660,2.932915
3661,2.961406
3662,2.939572
3663,2.927421
3664,2.889246
3665,2.911080
3666,2.885918
3667,2.977747
3668,2.965596
3669,2.965596
3670,2.965596
3671,2.965596
3672,3.019251
3673,2.990759
3674,2.952584
3675,2.881194
3676,2.952584
3677,2.927421
3678,2.835592
3679,2.847743
3680,2.955913
3681,2.977747
3682,3.019251
3683,3.035592
3684,3.017856
3685,2.964201
3686,2.976352
3687,2.856031
3688,2.856031
3689,2.885918
3690,2.885918
3691,3.015922
3692,3.015922
3693,2.977747
3694,3.044414
3695,3.098069
3696,3.136243
3697,3.136243
3698,3.124092
3699,3.136243
3700,3.098069
3701,3.031402
3702,3.053236
3703,3.041085
3704,3.041085
3705,3.041085
3706,3.149255
3707,3.174418
3708,3.190759
3709,3.174418
3710,3.190759
3711,3.152584
3712,3.162267
3713,3.190759
3714,3.149255
3715,3.177747
3716,3.139572
3717,3.139572
3718,3.109686
3719,3.151189
3720,3.134849
3721,3.152584
3722,3.127421
3723,3.127421
3724,3.168925
3725,3.168925
3726,3.190759
3727,3.202910
3728,3.219251
3729,3.197417
3730,3.181076
3731,3.152584
3732,3.174418
3733,3.228073
3734,3.199581
3735,3.199581
3736,3.215922
3737,3.215922
3738,3.174418
3739,3.082589
3740,3.057426
3741,3.165596
3742,3.143762
3743,3.102258
3744,3.102258
3745,3.111942
3746,3.102258
3747,3.127421
3748,3.143762
3749,3.127421
3750,3.127421
3751,3.127421
3752,3.149255
3753,3.111080
3754,3.111080
3755,3.149255
3756,3.165596
3757,3.177747
3758,3.114409
3759,3.124092
3760,3.124092
3761,3.095601
3762,3.003771
3763,2.873767
3764,2.856031
3765,2.868182
3766,2.960012
3767,2.947861
3768,2.894740
3769,2.802910
3770,2.761406
3771,2.906357
3772,3.014527
3773,3.068182
3774,3.068182
3775,3.109686
3776,3.109686
3777,3.072906
3778,3.072906
3779,3.114409
3780,3.098069
3781,3.098069
3782,3.069577
3783,3.098069
3784,3.134849
3785,3.206239
3786,3.176352
3787,3.194088
3788,3.222580
3789,3.232263
3790,3.194088
3791,3.147861
3792,3.106357
3793,3.160012
3794,3.176352
3795,3.192693
3796,3.151189
3797,3.072906
3798,3.056565
3799,2.997417
3800,2.972254
3801,3.013758
3802,3.013758
3803,2.988595
3804,3.030099
3805,3.055261
3806,3.055261
3807,3.055261
3808,3.013758
3809,2.949255
3810,3.038921
3811,3.098069
3812,3.176352
3813,3.160012
3814,3.147861
3815,3.122698
3816,3.097535
3817,3.143762
3818,3.197417
3819,3.219251
3820,3.219251
3821,3.219251
3822,3.247743
3823,3.231402
3824,3.231402
3825,3.272906
3826,3.289246
3827,3.289246
3828,3.272906
3829,3.260755
3830,3.260755
3831,3.232263
3832,3.244414
3833,3.244414
3834,3.181076
3835,3.197417
3836,3.181076
3837,3.181076
3838,3.181076
3839,3.181076
3840,3.181076
3841,3.155913
3842,3.139572
3843,3.001515
3844,3.001515
3845,2.973024
3846,3.014527
3847,2.960873
3848,2.973024
3849,2.998186
3850,3.026678
3851,3.026678
3852,3.043019
3853,3.043019
3854,3.017856
3855,3.064084
3856,3.127421
3857,3.139572
3858,3.139572
3859,3.139572
3860,3.123231
3861,3.106891
3862,3.094740
3863,3.041085
3864,2.977747
3865,2.989898
3866,2.989898
3867,3.031402
3868,3.047743
3869,3.057426
3870,3.045275
3871,3.073767
3872,3.085918
3873,3.069577
3874,3.041085
3875,3.028934
3876,3.007100
3877,3.007100
3878,3.098930
3879,3.098930
3880,3.137104
3881,3.137104
3882,3.190759
3883,3.244414
3884,3.215922
3885,3.244414
3886,3.244414
3887,3.244414
3888,3.244414
3889,3.256565
3890,3.256565
3891,3.272906
3892,3.272906
3893,3.244414
3894,3.244414
3895,3.190759
3896,3.190759
3897,3.149255
3898,3.161406
3899,3.107752
3900,3.085918
3901,2.994088
3902,2.972254
3903,3.035592
3904,3.019251
3905,3.019251
3906,3.085918
3907,3.073767
3908,3.073767
3909,3.057426
3910,3.011198
3911,3.064853
3912,3.111080
3913,3.111080
3914,2.990759
3915,2.990759
3916,3.120764
3917,3.082589
3918,3.082589
3919,3.082589
3920,3.136243
3921,3.145927
3922,3.145927
3923,3.187430
3924,3.215922
3925,3.190759
3926,3.219251
3927,3.219251
3928,3.219251
3929,3.219251
3930,3.202910
3931,3.256565
3932,3.256565
3933,3.244414
3934,3.190759
3935,3.165596
3936,3.124092
3937,3.124092
3938,3.149255
3939,3.149255
3940,3.149255
3941,3.120764
3942,3.120764
3943,3.079260
3944,3.069577
3945,3.132915
3946,3.132915
3947,3.132915
3948,3.107752
3949,3.124092
3950,3.165596
3951,3.149255
3952,3.161406
3953,3.215061
3954,3.215061
3955,3.215061
3956,3.202910
3957,3.202910
3958,3.181076
3959,3.202910
3960,3.190759
3961,3.165596
3962,3.149255
3963,3.107752
3964,3.119903
3965,3.161406
3966,3.186569
3967,3.164735
3968,3.164735
3969,3.174418
3970,3.190759
3971,3.149255
3972,3.177747
3973,3.177747
3974,3.111080
3975,3.111080
3976,3.111080
3977,3.111080
3978,3.111080
3979,3.111080
3980,3.111080
3981,3.111080
3982,3.139572
3983,3.139572
3984,3.139572
3985,3.139572
3986,3.139572
3987,3.123231
3988,3.123231
3989,3.094740
3990,3.161406
3991,3.149255
3992,3.111080
3993,3.123231
3994,3.186569
3995,3.161406
3996,3.161406
3997,3.149255
3998,3.139572
3999,3.202910
4000,3.190759
4001,3.190759
4002,3.149255
4003,3.190759
4004,3.219251
4005,3.219251
4006,3.260755
4007,3.272906
4008,3.219251
4009,3.219251
4010,3.235592
4011,3.219251
4012,3.202910
4013,3.202910
4014,3.219251
4015,3.244414
4016,3.181076
4017,3.219251
4018,3.219251
4019,3.190759
4020,3.215922
4021,3.206239
4022,3.152584
4023,3.152584
4024,3.190759
4025,3.190759
4026,3.202910
4027,3.177747
4028,3.111080
4029,3.127421
4030,3.098930
4031,3.077095
4032,3.168925
4033,3.130750
4034,3.130750
4035,3.105587
4036,3.127421
4037,3.127421
4038,3.109686
4039,3.127421
4040,3.127421
4041,3.127421
4042,3.127421
4043,3.127421
4044,3.127421
4045,3.019251
4046,3.019251
4047,3.019251
4048,3.019251
4049,3.111080
4050,3.069577
4051,3.069577
4052,3.111080
4053,3.127421
4054,3.105587
4055,3.127421
4056,3.111080
4057,3.044414
4058,3.006239
4059,2.981076
4060,2.990759
4061,3.019251
4062,3.082589
4063,3.202910
4064,3.231402
4065,3.231402
4066,3.231402
4067,3.231402
4068,3.231402
4069,3.219251
4070,3.202910
4071,3.202910
4072,3.202910
4073,3.202910
4074,3.244414
4075,3.272906
4076,3.289246
4077,3.289246
4078,3.247743
4079,3.247743
4080,3.219251
4081,3.219251
4082,3.127421
4083,3.127421
4084,3.235592
4085,3.219251
4086,3.219251
4087,3.244414
4088,3.244414
4089,3.244414
4090,3.190759
4091,3.190759
4092,3.190759
4093,3.174418
4094,3.162267
4095,3.137104
4096,3.095601
4097,3.095601
4098,3.107752
4099,3.079260
4100,3.057426
4101,3.057426
4102,3.035592
4103,3.035592
4104,2.964201
4105,2.992693
4106,2.977747
4107,2.869577
4108,2.894740
4109,2.851933
4110,2.943762
4111,2.943762
4112,2.921928
4113,2.880424
4114,2.911080
4115,2.936243
4116,2.936243
4117,2.943137
4118,3.014527
4119,2.989364
4120,2.989364
4121,3.017856
4122,2.946466
4123,3.017856
4124,3.081194
4125,3.127421
4126,3.149255
4127,3.161406
4128,3.031402
4129,3.031402
4130,3.031402
4131,3.041085
4132,3.053236
4133,2.999581
4134,3.053236
4135,2.999581
4136,2.999581
4137,2.932915
4138,2.961406
4139,2.961406
4140,2.939572
4141,2.898069
4142,2.961406
4143,2.977747
4144,2.949255
4145,2.920764
4146,3.041085
4147,3.031402
4148,3.031402
4149,3.031402
4150,3.098069
4151,3.098069
4152,3.098069
4153,3.161406
4154,3.139572
4155,3.093345
4156,3.081194
4157,3.056031
4158,3.081194
4159,2.973024
4160,2.989364
4161,2.951189
4162,2.951189
4163,2.951189
4164,2.997417
4165,2.981076
4166,2.997417
4167,3.019251
4168,3.028934
4169,3.082589
4170,3.019251
4171,2.981076
4172,3.019251
4173,3.001515
4174,3.001515
4175,3.031402
4176,3.031402
4177,3.047743
4178,3.035592
4179,3.127421
4180,3.168925
4181,3.152584
4182,3.174418
4183,3.174418
4184,3.174418
4185,3.174418
4186,3.190759
4187,3.215922
4188,3.244414
4189,3.190759
4190,3.190759
4191,3.162267
4192,3.190759
4193,3.207100
4194,3.207100
4195,3.098930
4196,3.098930
4197,3.115270
4198,3.207100
4199,3.190759
4200,3.149255
4201,3.149255
4202,3.149255
4203,3.085918
4204,3.107752
4205,3.085918
4206,3.111080
4207,3.111080
4208,3.111080
4209,3.152584
4210,3.130750
4211,3.022580
4212,3.044414
4213,3.044414
4214,2.990759
4215,2.990759
4216,3.028934
4217,3.057426
4218,3.028934
4219,3.028934
4220,3.019251
4221,3.111080
4222,3.127421
4223,3.097535
4224,3.097535
4225,3.097535
4226,3.072372
4227,3.084523
4228,3.109686
4229,3.109686
4230,3.056565
4231,3.081728
4232,3.081728
4233,3.106357
4234,3.122698
4235,3.152584
4236,3.111080
4237,3.111080
4238,3.164735
4239,3.181076
4240,3.127421
4241,3.102258
4242,3.114409
4243,3.155913
4244,3.114409
4245,3.177747
4246,3.069577
4247,3.177747
4248,3.194088
4249,3.194088
4250,3.194088
4251,3.247743
4252,3.247743
4253,3.289246
4254,3.289246
4255,3.272906
4256,3.272906
4257,3.272906
4258,3.272906
4259,3.272906
4260,3.219251
4261,3.207100
4262,3.115270
4263,3.077095
4264,3.030868
4265,3.059360
4266,3.006239
4267,3.059360
4268,3.059360
4269,3.151189
4270,3.192693
4271,3.238921
4272,3.238921
4273,3.222580
4274,3.260755
4275,3.219251
4276,3.219251
4277,3.219251
4278,3.111080
4279,3.094740
4280,3.111080
4281,3.111080
4282,3.111080
4283,3.098930
4284,3.111080
4285,3.047743
4286,3.035592
4287,2.994088
4288,2.965596
4289,2.965596
4290,2.994088
4291,2.994088
4292,2.994088
4293,2.965596
4294,2.965596
4295,3.095601
4296,3.041946
4297,2.911942
4298,2.781937
4299,2.743762
4300,2.672372
4301,2.802376
4302,2.777747
4303,2.802910
4304,2.731520
4305,2.773024
4306,2.809804
4307,2.827539
4308,2.764201
4309,2.817856
4310,2.817856
4311,2.881194
4312,2.881194
4313,3.001515
4314,3.001515
4315,3.017856
4316,3.035592
4317,3.035592
4318,3.073767
4319,3.095601
4320,3.149255
4321,3.085918
4322,3.127421
4323,3.149255
4324,3.095601
4325,3.120764
4326,3.149255
4327,3.127421
4328,3.127421
4329,3.127421
4330,3.102258
4331,3.102258
4332,2.994088
4333,2.977747
4334,3.041085
4335,3.041085
4336,3.041085
4337,3.149255
4338,3.111080
4339,3.127421
4340,3.127421
4341,3.127421
4342,3.190759
4343,3.219251
4344,3.202910
4345,3.174418
4346,3.190759
4347,3.219251
4348,3.177747
4349,3.069577
4350,3.081728
4351,3.069577
4352,3.111080
4353,3.219251
4354,3.202910
4355,3.244414
4356,3.244414
4357,3.244414
4358,3.244414
4359,3.260755
4360,3.289246
4361,3.272906
4362,3.272906
4363,3.256565
4364,3.256565
4365,3.256565
4366,3.202910
4367,3.202910
4368,3.149255
4369,3.127421
4370,3.181076
4371,3.181076
4372,3.181076
4373,3.168925
4374,3.127421
4375,3.035592
4376,3.047743
4377,3.031402
4378,3.031402
4379,3.139572
4380,3.139572
4381,3.164735
4382,3.152584
4383,3.162267
4384,3.098930
4385,3.111080
4386,3.149255
4387,3.082589
4388,3.082589
4389,3.202910
4390,3.164735
4391,3.136243
4392,3.111080
4393,3.152584
4394,3.152584
4395,3.152584
4396,3.152584
4397,3.152584
4398,3.122698
4399,3.122698
4400,3.152584
4401,3.181076
4402,3.109686
4403,3.017856
4404,3.017856
4405,3.064084
4406,3.064084
4407,3.194088
4408,3.219251
4409,3.181076
4410,3.164735
4411,3.139572
4412,3.177747
4413,3.114409
4414,3.136243
4415,3.107752
4416,3.085918
4417,3.056031
4418,3.081194
4419,3.097535
4420,3.151189
4421,3.109686
4422,3.134849
4423,3.160012
4424,3.160012
4425,3.118508
4426,3.164735
4427,3.164735
4428,3.206239
4429,3.228073
4430,3.215922
4431,3.190759
4432,3.152584
4433,3.111080
4434,3.111080
4435,3.069577
4436,2.939572
4437,3.047743
4438,3.047743
4439,2.976352
4440,3.047743
4441,3.089246
4442,3.089246
4443,3.064084
4444,3.064084
4445,3.085918
4446,3.098069
4447,3.139572
4448,3.149255
4449,3.174418
4450,3.162267
4451,3.098930
4452,3.057426
4453,3.039690
4454,3.051841
4455,3.068182
4456,3.109686
4457,3.151189
4458,3.192693
4459,3.192693
4460,3.151189
4461,3.134849
4462,3.160012
4463,3.160012
4464,3.176352
4465,3.151189
4466,3.134849
4467,3.181076
4468,3.181076
4469,3.206239
4470,3.244414
4471,3.244414
4472,3.244414
4473,3.272906
4474,3.272906
4475,3.272906
4476,3.272906
4477,3.244414
4478,3.215922
4479,3.244414
4480,3.244414
4481,3.202910
4482,3.164735
4483,3.072906
4484,3.019251
4485,2.990759
4486,3.028934
4487,3.137104
4488,3.190759
4489,3.165596
4490,3.149255
4491,3.202910
4492,3.161406
4493,3.149255
4494,3.161406
4495,3.031402
4496,3.072906
4497,3.111080
4498,3.231402
4499,3.219251
4500,3.244414
4501,3.256565
4502,3.272906
4503,3.272906
4504,3.272906
4505,3.260755
4506,3.260755
4507,3.260755
4508,3.277095
4509,3.260755
4510,3.260755
4511,3.260755
4512,3.244414
4513,3.260755
4514,3.244414
4515,3.219251
4516,3.190759
4517,3.219251
4518,3.197417
4519,3.197417
4520,3.143762
4521,3.168925
4522,3.151189
4523,3.192693
4524,3.192693
4525,3.176352
4526,3.222580
4527,3.260755
4528,3.260755
4529,3.244414
4530,3.190759
4531,3.190759
4532,3.207100
4533,3.207100
4534,3.207100
4535,3.219251
4536,3.202910
4537,3.177747
4538,3.161406
4539,3.161406
4540,3.119903
4541,3.107752
4542,3.136243
4543,3.189898
4544,3.189898
4545,3.231402
4546,3.202910
4547,3.202910
4548,3.161406
4549,3.189898
4550,3.231402
4551,3.189898
4552,3.081728
4553,3.069577
4554,3.069577
4555,3.098069
4556,3.085918
4557,3.047743
4558,3.155913
4559,3.181076
4560,3.127421
4561,3.127421
4562,3.111080
4563,3.064853
4564,3.064853
4565,3.064853
4566,3.111080
4567,3.127421
4568,3.155913
4569,3.155913
4570,3.139572
4571,3.161406
4572,3.202910
4573,3.174418
4574,3.082589
4575,3.190759
4576,3.149255
4577,3.120764
4578,3.174418
4579,3.111080
4580,3.057426
4581,3.120764
4582,3.098930
4583,3.124092
4584,3.060755
4585,3.035592
4586,3.047743
4587,3.064084
4588,3.056031
4589,3.109686
4590,3.109686
4591,3.109686
4592,2.989364
4593,3.056031
4594,3.102258
4595,3.085918
4596,3.114409
4597,3.102258
4598,3.085918
4599,3.039690
4600,3.081194
4601,3.111080
4602,3.152584
4603,3.168925
4604,3.143762
4605,3.172254
4606,3.126027
4607,3.155913
4608,3.126027
4609,3.151189
4610,3.222580
4611,3.222580
4612,3.222580
4613,3.206239
4614,3.228073
4615,3.244414
4616,3.228073
4617,3.228073
4618,3.256565
4619,3.244414
4620,3.244414
4621,3.215922
4622,3.228073
4623,3.186569
4624,3.174418
4625,3.202910
4626,3.161406
4627,3.202910
4628,3.149255
4629,3.202910
4630,3.231402
4631,3.231402
4632,3.202910
4633,3.219251
4634,3.177747
4635,3.161406
4636,3.149255
4637,3.085918
4638,3.111080
4639,3.149255
4640,3.165596
4641,3.124092
4642,3.107752
4643,3.085918
4644,3.085918
4645,3.124092
4646,3.015922
4647,3.015922
4648,3.041085
4649,3.041085
4650,3.041085
4651,3.031402
4652,2.989898
4653,3.098069
4654,3.069577
4655,3.069577
4656,3.123231
4657,3.093345
4658,3.134849
4659,3.152584
4660,3.127421
4661,3.139572
4662,3.139572
4663,3.139572
4664,3.019251
4665,2.973024
4666,2.934849
4667,2.909686
4668,2.909686
4669,2.981076
4670,2.909686
4671,2.909686
4672,2.981076
4673,2.973024
4674,2.989364
4675,2.989364
4676,2.947861
4677,2.973024
4678,2.989364
4679,2.881194
4680,2.909686
4681,2.856031
4682,2.885918
4683,2.873767
4684,2.895601
4685,3.015922
4686,2.987430
4687,3.041085
4688,3.053236
4689,3.161406
4690,3.149255
4691,3.149255
4692,3.132915
4693,3.174418
4694,3.111080
4695,3.149255
4696,3.019251
4697,3.044414
4698,3.002910
4699,2.949255
4700,2.949255
4701,2.958939
4702,2.949255
4703,2.949255
4704,2.949255
4705,2.949255
4706,3.057426
4707,3.085918
4708,3.127421
4709,3.127421
4710,3.190759
4711,3.190759
4712,3.162267
4713,3.162267
4714,3.190759
4715,3.190759
4716,3.219251
4717,3.219251
4718,3.272906
4719,3.272906
4720,3.260755
4721,3.272906
4722,3.260755
4723,3.219251
4724,3.219251
4725,3.219251
4726,3.235592
4727,3.207100
4728,3.219251
4729,3.219251
4730,3.219251
4731,3.219251
4732,3.219251
4733,3.219251
4734,3.219251
4735,3.219251
4736,3.194088
4737,3.085918
4738,3.057426
4739,3.057426
4740,3.057426
4741,3.082589
4742,3.111080
4743,3.123231
4744,3.123231
4745,3.098069
4746,3.098069
4747,3.098069
4748,3.139572
4749,3.231402
4750,3.219251
4751,3.219251
4752,3.190759
4753,3.174418
4754,3.215922
4755,3.190759
4756,3.202910
4757,3.149255
4758,3.161406
4759,3.149255
4760,3.127421
4761,3.081194
4762,3.064853
4763,3.081194
4764,3.056031
4765,3.031402
4766,3.002910
4767,3.031402
4768,3.015061
4769,3.015061
4770,3.051841
4771,3.069577
4772,3.107752
4773,2.987430
4774,2.987430
4775,2.987430
4776,2.958939
4777,2.949255
4778,2.990759
4779,3.032263
4780,3.007100
4781,3.098930
4782,3.098930
4783,3.162267
4784,3.124092
4785,3.152584
4786,3.127421
4787,3.127421
4788,3.111080
4789,3.132915
4790,3.186569
4791,3.202910
4792,3.202910
4793,3.219251
4794,3.247743
4795,3.219251
4796,3.219251
4797,3.197417
4798,3.222580
4799,3.244414
4800,3.244414
4801,3.190759
4802,3.219251
4803,3.219251
4804,3.219251
4805,3.235592
4806,3.197417
4807,3.155913
4808,3.181076
4809,3.202910
4810,3.202910
4811,3.202910
4812,3.181076
4813,3.139572
4814,3.164735
4815,3.174418
4816,3.162267
4817,3.152584
4818,3.127421
4819,3.139572
4820,3.098069
4821,3.098069
4822,2.960012
4823,2.839690
4824,2.847743
4825,2.847743
4826,2.847743
4827,2.872906
4828,2.981076
4829,3.019251
4830,2.965596
4831,3.019251
4832,3.019251
4833,3.019251
4834,3.019251
4835,3.082589
4836,3.054097
4837,3.054097
4838,3.054097
4839,3.054097
4840,3.054097
4841,3.044414
4842,3.044414
4843,3.060755
4844,3.060755
4845,3.152584
4846,3.122698
4847,3.122698
4848,3.152584
4849,3.111080
4850,3.164735
4851,3.174418
4852,3.190759
4853,3.202910
4854,3.244414
4855,3.244414
4856,3.244414
4857,3.215922
4858,3.215922
4859,3.244414
4860,3.202910
4861,3.149255
4862,3.149255
4863,3.019251
4864,3.019251
4865,3.019251
4866,3.082589
4867,3.082589
4868,3.028934
4869,3.028934
4870,2.975279
4871,3.095601
4872,3.107752
4873,3.095601
4874,3.124092
4875,3.136243
4876,3.124092
4877,3.136243
4878,3.124092
4879,3.165596
4880,3.219251
4881,3.219251
4882,3.235592
4883,3.207100
4884,3.219251
4885,3.219251
4886,3.177747
4887,3.189898
4888,3.161406
4889,3.119903
4890,3.107752
4891,3.107752
4892,3.124092
4893,3.095601
4894,3.124092
4895,3.003771
4896,2.873767
4897,2.827539
4898,2.839690
4899,2.931520
4900,2.931520
4901,2.949255
4902,2.895601
4903,2.949255
4904,2.949255
4905,2.949255
4906,3.015922
4907,3.006239
4908,3.047743
4909,3.047743
4910,3.047743
4911,3.039690
4912,3.111080
4913,3.127421
4914,3.190759
4915,3.152584
4916,3.181076
4917,3.181076
4918,3.181076
4919,3.181076
4920,3.206239
4921,3.152584
4922,3.152584
4923,3.127421
4924,3.127421
4925,3.181076
4926,3.202910
4927,3.231402
4928,3.111080
4929,3.111080
4930,3.085918
4931,3.073767
4932,3.057426
4933,3.111080
4934,3.069577
4935,3.069577
4936,3.047743
4937,3.047743
4938,3.089246
4939,3.089246
4940,3.219251
4941,3.219251
4942,3.219251
4943,3.219251
4944,3.235592
4945,3.235592
4946,3.251933
4947,3.235592
4948,3.235592
4949,3.197417
4950,3.235592
4951,3.260755
4952,3.260755
4953,3.244414
4954,3.272906
4955,3.272906
4956,3.289246
4957,3.272906
4958,3.244414
4959,3.244414
4960,3.244414
4961,3.244414
4962,3.244414
4963,3.244414
4964,3.260755
4965,3.244414
4966,3.260755
4967,3.260755
4968,3.272906
4969,3.272906
4970,3.256565
4971,3.215061
4972,3.231402
4973,3.272906
4974,3.272906
4975,3.272906
4976,3.231402
4977,3.231402
4978,3.219251
4979,3.219251
4980,3.165596
4981,3.165596
4982,3.165596
4983,3.137104
4984,3.098930
4985,3.111080
4986,3.111080
4987,3.064853
4988,3.064853
4989,3.093345
4990,3.093345
4991,3.139572
4992,3.139572
4993,3.139572
4994,3.139572
4995,3.139572
4996,3.161406
4997,3.177747
4998,3.155913
4999,3.109686
5000,3.068182
5001,3.068182
5002,3.084523
5003,3.084523
5004,3.114409
5005,3.114409
5006,3.114409
5007,3.155913
5008,3.139572
5009,3.031402
5010,3.002910
5011,3.111080
5012,3.111080
5013,3.132915
5014,3.132915
5015,3.111080
5016,3.019251
5017,2.989364
5018,3.097535
5019,3.126027
5020,3.167530
5021,3.197417
5022,3.219251
5023,3.181076
5024,3.139572
5025,3.109686
5026,3.081194
5027,3.109686
5028,3.056565
5029,3.031402
5030,3.015061
5031,2.894740
5032,2.936243
5033,2.872906
5034,2.909686
5035,2.881194
5036,2.827539
5037,2.827539
5038,2.827539
5039,2.827539
5040,2.957544
5041,3.011198
5042,3.052702
5043,3.060755
5044,3.098930
5045,3.127421
5046,2.997417
5047,2.997417
5048,2.926027
5049,2.926027
5050,2.989364
5051,2.911080
5052,2.911080
5053,2.894740
5054,2.911080
5055,2.869577
5056,2.869577
5057,3.014527
5058,2.947861
5059,2.947861
5060,3.019251
5061,3.057426
5062,3.028934
5063,3.041085
5064,3.041085
5065,2.920764
5066,2.949255
5067,2.937104
5068,2.949255
5069,2.949255
5070,3.069577
5071,3.015922
5072,3.136243
5073,3.136243
5074,3.136243
5075,3.136243
5076,3.136243
5077,3.177747
5078,3.177747
5079,3.231402
5080,3.247743
5081,3.231402
5082,3.219251
5083,3.260755
5084,3.244414
5085,3.215922
5086,3.152584
5087,3.152584
5088,3.111080
5089,3.136243
5090,3.136243
5091,3.152584
5092,3.106357
5093,3.152584
5094,3.127421
5095,3.089246
5096,3.089246
5097,2.968925
5098,2.897535
5099,2.897535
5100,2.844414
5101,2.922698
5102,2.986035
5103,2.944532
5104,2.919369
5105,2.973024
5106,2.947861
5107,2.947861
5108,2.977747
5109,2.989898
5110,3.098069
5111,3.123231
5112,3.098069
5113,3.068182
5114,3.139572
5115,3.177747
5116,3.177747
5117,3.219251
5118,3.219251
5119,3.247743
5120,3.231402
5121,3.231402
5122,3.247743
5123,3.272906
5124,3.272906
5125,3.272906
5126,3.289246
5127,3.289246
5128,3.289246
5129,3.305587
5130,3.277095
5131,3.260755
5132,3.244414
5133,3.228073
5134,3.244414
5135,3.272906
5136,3.272906
5137,3.272906
5138,3.272906
5139,3.256565
5140,3.272906
5141,3.272906
5142,3.272906
5143,3.289246
5144,3.289246
5145,3.235592
5146,3.219251
5147,3.219251
5148,3.177747
5149,3.177747
5150,3.161406
5151,3.202910
5152,3.202910
5153,3.202910
5154,3.228073
5155,3.228073
5156,3.244414
5157,3.244414
5158,3.256565
5159,3.231402
5160,3.219251
5161,3.219251
5162,3.177747
5163,3.177747
5164,3.136243
5165,3.136243
5166,3.124092
5167,3.124092
5168,3.111942
5169,3.095601
5170,3.149255
5171,3.165596
5172,3.165596
5173,3.177747
5174,3.177747
5175,3.177747
5176,3.165596
5177,3.155913
5178,3.139572
5179,3.177747
5180,3.165596
5181,3.035592
5182,2.927421
5183,3.057426
5184,3.019251
5185,3.019251
5186,3.127421
5187,3.127421
5188,3.152584
5189,3.127421
5190,3.064084
5191,3.127421
5192,3.143762
5193,3.127421
5194,3.149255
5195,3.149255
5196,3.177747
5197,3.189898
5198,3.161406
5199,3.202910
5200,3.202910
5201,3.228073
5202,3.244414
5203,3.244414
5204,3.206239
5205,3.244414
5206,3.260755
5207,3.244414
5208,3.190759
5209,3.190759
5210,3.152584
5211,3.098930
5212,3.162267
5213,3.190759
5214,3.162267
5215,3.187430
5216,3.187430
5217,3.187430
5218,3.162267
5219,3.152584
5220,3.111080
5221,3.082589
5222,3.028934
5223,3.019251
5224,3.001515
5225,2.923231
5226,2.802910
5227,2.947861
5228,3.001515
5229,2.881194
5230,2.789364
5231,2.774418
5232,2.690107
5233,2.668273
5234,2.668273
5235,2.798278
5236,2.706448
5237,2.760103
5238,2.802910
5239,2.772254
5240,2.760103
5241,2.711942
5242,2.724092
5243,2.724092
5244,2.724092
5245,2.603771
5246,2.651933
5247,2.694740
5248,2.682589
5249,2.641085
5250,2.628934
5251,2.665714
5252,2.628934
5253,2.773885
5254,2.845275
5255,2.845275
5256,2.937104
5257,2.965596
5258,2.965596
5259,2.924092
5260,3.044414
5261,3.098069
5262,3.068182
5263,3.093345
5264,3.015061
5265,3.039690
5266,3.039690
5267,3.111080
5268,3.081194
5269,3.028073
5270,2.999581
5271,2.999581
5272,3.028073
5273,3.056565
5274,3.134849
5275,3.151189
5276,3.197417
5277,3.181076
5278,3.181076
5279,3.197417
5280,3.235592
5281,3.219251
5282,3.111080
5283,3.111080
5284,3.111080
5285,3.111080
5286,3.111080
5287,3.057426
5288,3.057426
5289,3.057426
5290,3.069577
5291,3.161406
5292,3.161406
5293,3.161406
5294,3.139572
5295,3.111080
5296,3.039690
5297,3.039690
5298,3.039690
5299,2.976352
5300,2.838295
5301,2.879799
5302,2.851307
5303,2.759478
5304,2.813132
5305,2.806239
5306,2.830868
5307,2.805705
5308,2.869043
5309,2.897535
5310,2.872906
5311,2.981076
5312,3.034197
5313,3.005705
5314,2.989364
5315,3.127421
5316,3.085918
5317,3.073767
5318,3.085918
5319,3.032263
5320,3.002376
5321,3.056031
5322,3.081194
5323,3.081194
5324,3.081194
5325,3.111080
5326,3.127421
5327,3.190759
5328,3.060755
5329,3.072906
5330,3.089246
5331,3.047743
5332,3.035592
5333,3.035592
5334,3.057426
5335,3.057426
5336,3.041085
5337,3.041085
5338,3.069577
5339,3.069577
5340,3.069577
5341,3.057426
5342,3.111080
5343,3.082589
5344,3.082589
5345,3.041085
5346,3.028934
5347,3.082589
5348,3.111080
5349,3.098930
5350,3.082589
5351,3.094740
5352,3.106891
5353,3.215061
5354,3.215061
5355,3.231402
5356,3.231402
5357,3.177747
5358,3.161406
5359,3.161406
5360,3.149255
5361,3.149255
5362,3.149255
5363,3.107752
5364,3.107752
5365,3.136243
5366,3.148394
5367,3.189898
5368,3.161406
5369,3.149255
5370,3.177747
5371,3.194088
5372,3.177747
5373,3.177747
5374,3.177747
5375,3.177747
5376,3.177747
5377,3.057426
5378,3.035592
5379,3.007100
5380,3.007100
5381,3.007100
5382,2.990759
5383,2.898930
5384,3.028934
5385,3.120764
5386,3.120764
5387,3.057426
5388,3.111080
5389,3.139572
5390,3.177747
5391,3.177747
5392,3.219251
5393,3.219251
5394,3.197417
5395,3.197417
5396,3.197417
5397,3.197417
5398,3.181076
5399,3.164735
5400,3.181076
5401,3.072906
5402,3.089246
5403,3.089246
5404,3.017856
5405,3.047743
5406,3.047743
5407,3.111080
5408,3.111080
5409,3.111080
5410,3.127421
5411,3.111080
5412,3.082589
5413,3.066248
5414,3.066248
5415,3.044414
5416,3.014527
5417,3.014527
5418,3.044414
5419,3.054097
5420,3.044414
5421,3.044414
5422,3.044414
5423,3.015922
5424,3.025605
5425,3.015922
5426,3.044414
5427,3.044414
5428,3.060755
5429,3.019251
5430,2.977747
5431,2.911080
5432,2.920764
5433,2.857426
5434,2.987430
5435,2.977747
5436,2.857426
5437,2.885918
5438,3.006239
5439,2.977747
5440,2.977747
5441,3.006239
5442,2.994088
5443,3.057426
5444,3.165596
5445,3.190759
5446,3.165596
5447,3.137104
5448,3.165596
5449,3.143762
5450,3.127421
5451,3.181076
5452,3.181076
5453,3.181076
5454,3.168925
5455,3.152584
5456,3.152584
5457,3.152584
5458,3.174418
5459,3.190759
5460,3.244414
5461,3.272906
5462,3.272906
5463,3.231402
5464,3.231402
5465,3.231402
5466,3.272906
5467,3.272906
5468,3.231402
5469,3.272906
5470,3.289246
5471,3.289246
5472,3.272906
5473,3.231402
5474,3.247743
5475,3.231402
5476,3.177747
5477,3.177747
5478,3.177747
5479,3.124092
5480,3.111942
5481,3.102258
5482,3.155913
5483,3.139572
5484,3.181076
5485,3.181076
5486,3.109686
5487,3.072906
5488,3.072906
5489,3.044414
5490,3.069577
5491,3.069577
5492,2.985266
5493,2.985266
5494,2.921928
5495,2.981076
5496,3.059360
5497,3.006239
5498,3.006239
5499,3.044414
5500,3.098069
5501,3.056565
5502,2.997417
5503,2.997417
5504,3.040224
5505,3.081728
5506,3.081728
5507,3.106357
5508,3.106357
5509,3.064853
5510,3.064853
5511,3.064853
5512,3.039690
5513,3.093345
5514,3.093345
5515,3.064853
5516,3.111080
5517,3.132915
5518,3.149255
5519,3.095601
5520,3.124092
5521,3.124092
5522,3.136243
5523,3.028073
5524,2.907752
5525,2.895601
5526,2.895601
5527,3.003771
5528,3.015922
5529,3.015922
5530,3.057426
5531,3.047743
5532,3.072906
5533,3.060755
5534,3.060755
5535,3.060755
5536,3.089246
5537,3.035592
5538,3.143762
5539,3.127421
5540,3.168925
5541,3.168925
5542,3.151189
5543,3.197417
5544,3.197417
5545,3.126027
5546,3.155913
5547,3.177747
5548,3.139572
5549,3.177747
5550,3.165596
5551,3.057426
5552,3.057426
5553,3.035592
5554,3.035592
5555,3.057426
5556,3.082589
5557,3.070438
5558,3.028934
5559,3.028934
5560,2.965596
5561,3.085918
5562,3.085918
5563,3.085918
5564,3.149255
5565,3.095601
5566,3.120764
5567,3.174418
5568,3.152584
5569,3.152584
5570,3.152584
5571,3.177747
5572,3.215922
5573,3.232263
5574,3.207100
5575,3.207100
5576,3.168925
5577,3.077095
5578,3.105587
5579,3.064084
5580,3.035592
5581,3.035592
5582,3.127421
5583,3.190759
5584,3.190759
5585,3.219251
5586,3.181076
5587,3.197417
5588,3.181076
5589,3.181076
5590,3.139572
5591,3.111080
5592,3.127421
5593,3.139572
5594,3.139572
5595,3.149255
5596,3.120764
5597,3.082589
5598,3.082589
5599,3.098930
5600,3.060755
5601,2.997417
5602,2.926027
5603,2.859360
5604,2.930750
5605,2.968925
5606,2.994088
5607,3.124092
5608,3.060755
5609,3.098930
5610,3.152584
5611,3.168925
5612,3.122698
5613,3.122698
5614,3.134849
5615,3.152584
5616,3.106357
5617,3.106357
5618,3.106357
5619,3.136243
5620,3.174418
5621,3.174418
5622,3.149255
5623,3.127421
5624,3.143762
5625,3.105587
5626,3.143762
5627,3.097535
5628,3.126027
5629,2.981076
5630,3.072906
5631,3.013758
5632,2.988595
5633,3.013758
5634,2.985266
5635,2.960103
5636,2.921928
5637,2.947091
5638,2.985266
5639,2.895601
5640,2.895601
5641,2.943762
5642,2.972254
5643,3.015061
5644,3.015061
5645,3.068182
5646,3.056031
5647,3.127421
5648,3.127421
5649,3.127421
5650,3.127421
5651,3.127421
5652,3.127421
5653,3.089246
5654,3.127421
5655,3.149255
5656,3.120764
5657,3.174418
5658,3.202910
5659,3.190759
5660,3.202910
5661,3.228073
5662,3.174418
5663,3.120764
5664,3.057426
5665,3.069577
5666,3.002910
5667,3.019251
5668,3.002910
5669,2.949255
5670,2.987430
5671,2.987430
5672,2.999581
5673,3.041085
5674,2.977747
5675,2.955913
5676,3.085918
5677,3.127421
5678,3.127421
5679,3.137104
5680,3.149255
5681,3.149255
5682,3.149255
5683,3.149255
5684,3.082589
5685,3.060755
5686,3.060755
5687,3.060755
5688,3.168925
5689,3.168925
5690,3.194088
5691,3.222580
5692,3.197417
5693,3.235592
5694,3.247743
5695,3.231402
5696,3.219251
5697,3.219251
5698,3.219251
5699,3.219251
5700,3.219251
5701,3.219251
5702,3.165596
5703,3.137104
5704,3.073767
5705,3.057426
5706,3.073767
5707,3.073767
5708,3.057426
5709,2.990759
5710,3.054097
5711,3.028934
5712,3.057426
5713,3.019251
5714,3.082589
5715,3.019251
5716,3.019251
5717,3.111080
5718,3.174418
5719,3.174418
5720,3.174418
5721,3.190759
5722,3.202910
5723,3.215061
5724,3.202910
5725,3.202910
5726,3.202910
5727,3.186569
5728,3.228073
5729,3.206239
5730,3.222580
5731,3.222580
5732,3.176352
5733,3.151189
5734,3.109686
5735,3.068182
5736,3.098069
5737,3.069577
5738,3.047743
5739,3.047743
5740,3.064084
5741,3.047743
5742,3.047743
5743,3.089246
5744,2.981076
5745,2.981076
5746,2.997417
5747,2.989364
5748,3.017856
5749,3.047743
5750,3.047743
5751,3.069577
5752,3.041085
5753,3.161406
5754,3.139572
5755,3.111080
5756,3.098930
5757,3.098930
5758,3.120764
5759,3.137104
5760,3.073767
5761,3.073767
5762,3.073767
5763,3.073767
5764,3.137104
5765,3.098930
5766,3.124092
5767,3.162267
5768,3.190759
5769,3.219251
5770,3.219251
5771,3.181076
5772,3.181076
5773,3.202910
5774,3.181076
5775,3.181076
5776,3.181076
5777,3.164735
5778,3.174418
5779,3.202910
5780,3.202910
5781,3.164735
5782,3.164735
5783,3.136243
5784,3.006239
5785,3.114409
5786,3.152584
5787,3.152584
5788,3.111080
5789,3.132915
5790,3.132915
5791,3.120764
5792,3.057426
5793,3.111080
5794,3.152584
5795,3.168925
5796,3.181076
5797,3.222580
5798,3.222580
5799,3.197417
5800,3.197417
5801,3.197417
5802,3.168925
5803,3.190759
5804,3.149255
5805,3.149255
5806,3.177747
5807,3.177747
5808,3.165596
5809,3.124092
5810,3.124092
5811,3.124092
5812,3.107752
5813,3.136243
5814,3.124092
5815,3.177747
5816,3.177747
5817,3.194088
5818,3.172254
5819,3.064084
5820,3.064084
5821,3.064084
5822,3.047743
5823,3.047743
5824,3.072906
5825,3.031402
5826,3.053236
5827,3.094740
5828,3.094740
5829,3.094740
5830,3.094740
5831,3.094740
5832,3.186569
5833,3.174418
5834,3.164735
5835,3.181076
5836,3.181076
5837,3.197417
5838,3.181076
5839,3.152584
5840,3.136243
5841,3.082589
5842,3.120764
5843,3.120764
5844,3.137104
5845,3.127421
5846,3.155913
5847,3.126027
5848,3.109686
5849,3.109686
5850,3.109686
5851,3.139572
5852,3.111080
5853,3.039690
5854,3.011198
5855,2.989364
5856,2.989364
5857,2.971629
5858,2.971629
5859,2.971629
5860,2.930125
5861,2.876470
5862,2.809804
5863,2.827539
5864,2.817856
5865,2.817856
5866,2.864084
5867,2.817856
5868,2.817856
5869,2.802910
5870,2.672906
5871,2.588595
5872,2.626770
5873,2.711080
5874,2.764735
5875,2.802910
5876,2.711080
5877,2.723231
5878,2.711080
5879,2.747861
5880,2.885918
5881,2.994088
5882,2.994088
5883,3.047743
5884,3.069577
5885,3.069577
5886,3.069577
5887,3.069577
5888,3.069577
5889,3.047743
5890,3.006239
5891,2.994088
5892,3.035592
5893,2.927421
5894,3.019251
5895,3.035592
5896,3.060755
5897,3.098930
5898,3.219251
5899,3.231402
5900,3.231402
5901,3.247743
5902,3.219251
5903,3.219251
5904,3.219251
5905,3.244414
5906,3.215922
5907,3.215922
5908,3.215922
5909,3.190759
5910,3.202910
5911,3.174418
5912,3.136243
5913,3.174418
5914,3.120764
5915,3.162267
5916,3.215922
5917,3.194088
5918,3.222580
5919,3.222580
5920,3.197417
5921,3.197417
5922,3.197417
5923,3.181076
5924,3.219251
5925,3.219251
5926,3.247743
5927,3.235592
5928,3.219251
5929,3.235592
5930,3.235592
5931,3.127421
5932,3.098930
5933,3.111080
5934,3.069577
5935,3.069577
5936,2.961406
5937,2.949255
5938,2.937104
5939,2.949255
5940,2.977747
5941,2.965596
5942,2.949255
5943,3.057426
5944,3.057426
5945,3.111080
5946,3.123231
5947,3.123231
5948,3.139572
5949,3.155913
5950,3.264084
5951,3.264084
5952,3.264084
5953,3.247743
5954,3.219251
5955,3.231402
5956,3.247743
5957,3.231402
5958,3.202910
5959,3.215061
5960,3.215061
5961,3.161406
5962,3.069577
5963,3.111080
5964,3.111080
5965,3.219251
5966,3.219251
5967,3.181076
5968,3.181076
5969,3.222580
5970,3.244414
5971,3.215922
5972,3.244414
5973,3.244414
5974,3.244414
5975,3.228073
5976,3.228073
5977,3.174418
5978,3.120764
5979,3.120764
5980,3.120764
5981,3.120764
5982,3.111080
5983,3.085918
5984,3.085918
5985,2.965596
5986,3.003771
5987,3.015922
5988,3.015922
5989,2.885918
5990,2.777747
5991,2.739572
5992,2.731520
5993,2.731520
5994,2.851841
5995,2.868182
5996,2.868182
5997,2.815061
5998,2.772254
5999,2.772254
6000,2.923231
6001,3.001515
6002,2.964735
6003,3.056565
6004,3.028073
6005,3.081728
6006,3.028073
6007,3.002910
6008,3.027539
6009,3.081194
6010,3.134849
6011,3.109686
6012,3.109686
6013,3.097535
6014,2.952584
6015,2.981076
6016,2.921928
6017,2.801607
6018,2.760103
6019,2.911080
6020,2.894740
6021,2.894740
6022,2.973024
6023,3.039690
6024,3.039690
6025,3.039690
6026,3.111080
6027,3.174418
6028,3.186569
6029,3.186569
6030,3.202910
6031,3.202910
6032,3.181076
6033,3.181076
6034,3.219251
6035,3.202910
6036,3.139572
6037,3.139572
6038,3.202910
6039,3.219251
6040,3.219251
6041,3.202910
6042,3.228073
6043,3.240224
6044,3.186569
6045,3.202910
6046,3.072906
6047,3.060755
6048,3.072906
6049,3.164735
6050,3.181076
6051,3.181076
6052,3.151189
6053,3.181076
6054,3.164735
6055,3.174418
6056,3.190759
6057,3.165596
6058,3.149255
6059,3.149255
6060,3.149255
6061,3.165596
6062,3.165596
6063,3.124092
6064,3.124092
6065,3.165596
6066,3.165596
6067,3.127421
6068,3.035592
6069,3.155913
6070,3.177747
6071,3.206239
6072,3.231402
6073,3.231402
6074,3.231402
6075,3.189898
6076,3.161406
6077,3.177747
6078,3.194088
6079,3.155913
6080,3.194088
6081,3.194088
6082,3.194088
6083,3.194088
6084,3.194088
6085,3.177747
6086,3.206239
6087,3.194088
6088,3.181937
6089,3.165596
6090,3.165596
6091,3.073767
6092,3.194088
6093,3.177747
6094,3.177747
6095,3.177747
6096,3.189898
6097,3.215061
6098,3.256565
6099,3.215061
6100,3.231402
6101,3.219251
6102,3.207100
6103,3.235592
6104,3.235592
6105,3.247743
6106,3.235592
6107,3.219251
6108,3.181076
6109,3.181076
6110,3.197417
6111,3.197417
6112,3.126027
6113,3.126027
6114,3.151189
6115,3.122698
6116,3.168925
6117,3.127421
6118,3.127421
6119,3.152584
6120,3.152584
6121,3.177747
6122,3.160012
6123,3.176352
6124,3.122698
6125,3.081194
6126,3.002910
6127,3.031402
6128,3.031402
6129,3.056565
6130,3.056565
6131,3.056565
6132,3.015061
6133,2.972254
6134,3.002910
6135,3.056031
6136,3.127421
6137,3.152584
6138,3.152584
6139,3.152584
6140,3.127421
6141,3.127421
6142,3.149255
6143,3.149255
6144,3.190759
6145,3.149255
6146,3.149255
6147,3.107752
6148,3.149255
6149,3.165596
6150,3.155913
6151,3.194088
6152,3.172254
6153,3.181937
6154,3.207100
6155,3.235592
6156,3.219251
6157,3.190759
6158,3.219251
6159,3.190759
6160,3.202910
6161,3.111080
6162,3.098930
6163,3.057426
6164,3.111080
6165,3.111080
6166,3.123231
6167,3.111080
6168,3.069577
6169,3.057426
6170,3.057426
6171,3.057426
6172,3.057426
6173,3.035592
6174,3.155913
6175,3.155913
6176,3.197417
6177,3.167530
6178,3.192693
6179,3.151189
6180,3.151189
6181,3.181076
6182,3.109686
6183,3.097535
6184,3.109686
6185,3.126027
6186,3.155913
6187,3.177747
6188,3.057426
6189,2.927421
6190,2.943762
6191,3.035592
6192,3.035592
6193,3.035592
6194,3.019251
6195,2.989364
6196,3.001515
6197,3.001515
6198,3.001515
6199,3.043019
6200,2.989898
6201,2.964735
6202,2.936243
6203,2.936243
6204,2.960873
6205,2.973024
6206,3.001515
6207,2.973024
6208,2.990759
6209,3.007100
6210,3.045275
6211,3.035592
6212,2.989364
6213,3.030868
6214,2.992693
6215,2.951189
6216,3.022580
6217,3.022580
6218,3.152584
6219,3.152584
6220,3.152584
6221,3.168925
6222,3.097535
6223,3.056031
6224,3.019251
6225,3.056031
6226,3.056031
6227,3.068182
6228,3.109686
6229,3.126027
6230,3.126027
6231,3.047743
6232,3.047743
6233,2.896765
6234,2.896765
6235,2.788595
6236,2.760103
6237,2.851933
6238,2.893436
6239,2.877095
6240,2.877095
6241,2.936243
6242,2.960873
6243,2.951189
6244,2.951189
6245,2.926027
6246,2.909686
6247,2.868182
6248,2.909686
6249,2.927421
6250,2.937104
6251,2.937104
6252,2.965596
6253,2.911942
6254,2.965596
6255,2.965596
6256,3.028934
6257,3.041085
6258,3.041085
6259,3.041085
6260,3.057426
6261,3.057426
6262,3.165596
6263,3.149255
6264,3.019251
6265,3.019251
6266,3.019251
6267,3.082589
6268,3.082589
6269,3.082589
6270,3.082589
6271,3.082589
6272,3.019251
6273,2.898930
6274,3.007100
6275,3.035592
6276,3.005705
6277,3.030868
6278,3.060755
6279,3.035592
6280,3.060755
6281,3.072906
6282,3.072906
6283,3.056565
6284,3.044414
6285,3.066248
6286,3.056565
6287,3.072906
6288,3.139572
6289,3.139572
6290,3.139572
6291,3.139572
6292,3.155913
6293,3.127421
6294,3.081194
6295,3.127421
6296,3.168925
6297,3.168925
6298,3.222580
6299,3.151189
6300,3.181076
6301,3.181076
6302,3.181076
6303,3.139572
6304,3.139572
6305,3.164735
6306,3.186569
6307,3.202910
6308,3.149255
6309,3.120764
6310,3.120764
6311,3.111080
6312,3.120764
6313,3.067109
6314,3.067109
6315,2.975279
6316,2.975279
6317,3.041946
6318,3.095601
6319,3.107752
6320,3.095601
6321,3.095601
6322,3.149255
6323,3.111080
6324,3.093345
6325,3.109686
6326,3.181076
6327,3.139572
6328,3.155913
6329,3.197417
6330,3.181076
6331,3.219251
6332,3.219251
6333,3.231402
6334,3.219251
6335,3.111080
6336,3.202910
6337,3.161406
6338,3.161406
6339,3.177747
6340,3.165596
6341,3.124092
6342,3.149255
6343,3.149255
6344,3.137104
6345,3.120764
6346,3.120764
6347,3.120764
6348,3.120764
6349,3.057426
6350,3.085918
6351,3.039690
6352,3.051841
6353,3.093345
6354,3.064853
6355,3.111080
6356,3.127421
6357,3.127421
6358,3.127421
6359,3.127421
6360,3.165596
6361,3.165596
6362,3.177747
6363,3.177747
6364,3.149255
6365,3.149255
6366,3.120764
6367,3.137104
6368,3.137104
6369,3.007100
6370,2.965596
6371,2.965596
6372,2.965596
6373,3.019251
6374,3.019251
6375,3.035592
6376,2.972254
6377,3.064084
6378,3.017856
6379,2.976352
6380,3.039690
6381,2.947861
6382,2.960012
6383,2.960012
6384,2.976352
6385,2.960012
6386,2.960012
6387,2.931520
6388,2.931520
6389,2.931520
6390,2.973024
6391,2.944532
6392,2.962267
6393,2.937104
6394,2.937104
6395,2.965596
6396,2.975279
6397,2.975279
6398,2.975279
6399,2.975279
6400,2.845275
6401,2.835592
6402,2.965596
6403,3.019251
6404,3.019251
6405,3.127421
6406,3.181076
6407,3.155913
6408,3.126027
6409,3.017856
6410,3.047743
6411,3.047743
6412,3.057426
6413,3.019251
6414,3.035592
6415,3.035592
6416,3.064084
6417,3.194088
6418,3.219251
6419,3.202910
6420,3.202910
6421,3.177747
6422,3.165596
6423,3.035592
6424,3.035592
6425,3.019251
6426,3.019251
6427,3.085918
6428,3.069577
6429,3.057426
6430,3.057426
6431,3.082589
6432,3.082589
6433,3.052702
6434,3.098930
6435,3.152584
6436,3.168925
6437,3.152584
6438,3.174418
6439,3.152584
6440,3.127421
6441,3.139572
6442,3.109686
6443,3.097535
6444,3.126027
6445,3.097535
6446,2.989364
6447,3.035592
6448,2.997417
6449,2.997417
6450,2.997417
6451,3.019251
6452,2.947861
6453,2.935710
6454,2.897535
6455,2.927421
6456,2.927421
6457,2.927421
6458,2.981076
6459,3.111080
6460,3.152584
6461,3.215922
6462,3.215922
6463,3.215922
6464,3.174418
6465,3.174418
6466,3.190759
6467,3.219251
6468,3.219251
6469,3.235592
6470,3.235592
6471,3.219251
6472,3.202910
6473,3.181076
6474,3.181076
6475,3.152584
6476,3.152584
6477,3.164735
6478,3.118508
6479,3.106357
6480,3.052702
6481,3.052702
6482,3.052702
6483,3.124092
6484,3.162267
6485,3.145927
6486,3.082589
6487,3.111080
6488,3.120764
6489,3.111080
6490,3.127421
6491,3.127421
6492,2.989364
6493,3.014527
6494,2.989364
6495,2.967530
6496,3.097535
6497,3.122698
6498,3.097535
6499,3.097535
6500,3.097535
6501,3.097535
6502,3.126027
6503,3.155913
6504,3.165596
6505,3.207100
6506,3.260755
6507,3.244414
6508,3.272906
6509,3.289246
6510,3.272906
6511,3.272906
6512,3.260755
6513,3.244414
6514,3.244414
6515,3.181076
6516,3.181076
6517,3.109686
6518,3.109686
6519,3.093345
6520,3.064853
6521,3.081194
6522,3.081194
6523,3.111080
6524,3.019251
6525,3.019251
6526,3.072906
6527,3.072906
6528,3.089246
6529,3.089246
6530,3.111080
6531,3.111080
6532,3.123231
6533,3.123231
6534,3.098069
6535,3.069577
6536,3.098069
6537,3.098069
6538,3.139572
6539,3.123231
6540,3.139572
6541,3.111080
6542,3.111080
6543,3.111080
6544,3.123231
6545,3.139572
6546,3.139572
6547,3.139572
6548,3.127421
6549,3.127421
6550,3.111080
6551,3.098930
6552,3.190759
6553,3.162267
6554,3.190759
6555,3.190759
6556,3.202910
6557,3.174418
6558,3.174418
6559,3.120764
6560,3.162267
6561,3.152584
6562,3.177747
6563,3.106357
6564,3.134849
6565,3.134849
6566,3.134849
6567,3.176352
6568,3.222580
6569,3.222580
6570,3.197417
6571,3.181076
6572,3.127421
6573,3.035592
6574,2.915270
6575,3.045275
6576,3.070438
6577,3.098930
6578,3.111080
6579,3.231402
6580,3.215061
6581,3.173557
6582,3.189898
6583,3.206239
6584,3.231402
6585,3.231402
6586,3.231402
6587,3.111080
6588,3.094740
6589,3.082589
6590,3.082589
6591,3.057426
6592,3.069577
6593,2.949255
6594,2.965596
6595,2.953445
6596,2.943762
6597,2.943762
6598,3.051933
6599,3.077095
6600,3.059360
6601,3.006239
6602,3.006239
6603,2.989898
6604,2.989898
6605,3.043019
6606,3.181076
6607,3.181076
6608,3.152584
6609,3.106357
6610,3.106357
6611,3.064853
6612,3.064853
6613,3.111080
6614,3.136243
6615,3.189898
6616,3.228073
6617,3.256565
6618,3.256565
6619,3.256565
6620,3.215061
6621,3.202910
6622,3.186569
6623,3.066248
6624,3.012593
6625,3.041085
6626,3.019251
6627,3.041085
6628,3.041085
6629,3.082589
6630,3.082589
6631,3.044414
6632,3.056565
6633,3.002910
6634,3.132915
6635,3.123231
6636,3.069577
6637,3.111080
6638,3.019251
6639,3.019251
6640,3.019251
6641,3.019251
6642,3.019251
6643,3.019251
6644,3.019251
6645,2.973024
6646,3.093345
6647,3.109686
6648,3.139572
6649,3.109686
6650,3.109686
6651,3.109686
6652,3.126027
6653,3.084523
6654,3.109686
6655,3.127421
6656,3.019251
6657,3.028934
6658,3.057426
6659,3.057426
6660,3.069577
6661,3.177747
6662,3.189898
6663,3.177747
6664,3.189898
6665,3.189898
6666,3.136243
6667,3.107752
6668,3.095601
6669,3.079260
6670,3.069577
6671,3.107752
6672,3.132915
6673,3.132915
6674,3.066248
6675,3.044414
6676,3.019251
6677,3.019251
6678,3.111080
6679,3.136243
6680,3.136243
6681,3.152584
6682,3.111080
6683,3.111080
6684,3.111080
6685,3.089246
6686,3.081194
6687,3.134849
6688,3.118508
6689,3.118508
6690,3.064853
6691,3.064853
6692,3.039690
6693,2.973024
6694,2.989364
6695,3.060755
6696,3.014527
6697,3.014527
6698,3.014527
6699,3.014527
6700,3.014527
6701,2.989364
6702,2.973024
6703,3.001515
6704,2.985174
6705,3.001515
6706,2.989364
6707,2.951189
6708,2.936243
6709,2.898069
6710,2.898069
6711,2.813758
6712,2.721928
6713,2.721928
6714,2.721928
6715,2.806239
6716,2.951189
6717,2.909686
6718,2.976352
6719,3.047743
6720,3.064084
6721,3.085918
6722,3.085918
6723,3.085918
6724,3.056031
6725,3.081194
6726,3.089246
6727,3.089246
6728,3.111080
6729,3.111080
6730,3.111080
6731,3.120764
6732,3.120764
6733,3.145927
6734,3.145927
6735,3.174418
6736,3.190759
6737,3.190759
6738,3.219251
6739,3.155913
6740,3.181076
6741,3.181076
6742,3.181076
6743,3.181076
6744,3.127421
6745,3.127421
6746,3.111080
6747,2.981076
6748,2.939572
6749,3.002910
6750,3.002910
6751,3.044414
6752,3.066248
6753,3.082589
6754,3.072906
6755,3.072906
6756,3.047743
6757,3.057426
6758,3.111080
6759,3.111080
6760,3.127421
6761,3.127421
6762,3.139572
6763,3.139572
6764,3.127421
6765,3.127421
6766,3.098930
6767,3.082589
6768,3.082589
6769,3.060755
6770,3.089246
6771,3.111080
6772,3.111080
6773,3.072906
6774,3.089246
6775,3.060755
6776,3.098930
6777,3.098930
6778,3.035592
6779,3.019251
6780,3.082589
6781,3.094740
6782,3.111080
6783,3.127421
6784,3.089246
6785,3.077095
6786,3.030868
6787,3.060755
6788,3.077095
6789,3.168925
6790,3.181076
6791,3.181076
6792,3.155913
6793,3.155913
6794,3.181076
6795,3.181076
6796,3.181076
6797,3.139572
6798,3.139572
6799,3.202910
6800,3.244414
6801,3.215922
6802,3.215922
6803,3.244414
6804,3.219251
6805,3.219251
6806,3.219251
6807,3.272906
6808,3.272906
6809,3.244414
6810,3.244414
6811,3.260755
6812,3.244414
6813,3.215922
6814,3.228073
6815,3.202910
6816,3.181076
6817,3.139572
6818,3.181076
6819,3.219251
6820,3.202910
6821,3.149255
6822,3.132915
6823,3.132915
6824,3.123231
6825,3.123231
6826,3.139572
6827,3.139572
6828,3.109686
6829,3.109686
6830,3.181076
6831,3.181076
6832,3.219251
6833,3.190759
6834,3.162267
6835,3.190759
6836,3.219251
6837,3.098930
6838,3.115270
6839,3.235592
6840,3.219251
6841,3.244414
6842,3.244414
6843,3.272906
6844,3.260755
6845,3.219251
6846,3.219251
6847,3.207100
6848,3.190759
6849,3.181076
6850,3.109686
6851,3.139572
6852,3.111080
6853,3.057426
6854,3.057426
6855,3.067109
6856,3.067109
6857,3.067109
6858,3.095601
6859,3.107752
6860,3.132915
6861,3.041085
6862,3.053236
6863,3.053236
6864,2.961406
6865,2.907752
6866,2.895601
6867,2.937104
6868,3.057426
6869,3.069577
6870,3.069577
6871,3.069577
6872,3.081728
6873,3.069577
6874,3.069577
6875,3.057426
6876,3.019251
6877,3.044414
6878,3.044414
6879,3.060755
6880,3.044414
6881,3.072906
6882,3.044414
6883,3.044414
6884,3.060755
6885,3.060755
6886,3.060755
6887,3.060755
6888,3.072906
6889,3.089246
6890,3.072906
6891,3.202910
6892,3.202910
6893,3.202910
6894,3.202910
6895,3.202910
6896,3.244414
6897,3.244414
6898,3.244414
6899,3.244414
6900,3.244414
6901,3.244414
6902,3.244414
6903,3.244414
6904,3.215922
6905,3.244414
6906,3.206239
6907,3.244414
6908,3.215922
6909,3.244414
6910,3.244414
6911,3.206239
6912,3.206239
6913,3.206239
6914,3.244414
6915,3.256565
6916,3.272906
6917,3.289246
6918,3.289246
6919,3.272906
6920,3.260755
6921,3.197417
6922,3.197417
6923,3.181076
6924,3.164735
6925,3.164735
6926,3.164735
6927,3.181076
6928,3.152584
6929,3.098930
6930,3.035592
6931,3.010429
6932,3.073767
6933,3.035592
6934,3.098930
6935,3.057426
6936,3.057426
6937,3.082589
6938,3.082589
6939,3.145927
6940,3.145927
6941,3.136243
6942,3.136243
6943,3.064853
6944,3.093345
6945,3.040224
6946,3.064853
6947,2.973024
6948,2.934849
6949,2.981076
6950,3.019251
6951,3.047743
6952,3.057426
6953,3.057426
6954,3.035592
6955,2.997417
6956,2.997417
6957,2.997417
6958,3.127421
6959,3.137104
6960,3.137104
6961,3.098930
6962,3.060755
6963,3.052702
6964,3.014527
6965,2.989364
6966,3.043019
6967,3.043019
6968,3.043019
6969,2.951189
6970,3.089246
6971,3.127421
6972,3.137104
6973,3.165596
6974,3.127421
6975,3.105587
6976,3.168925
6977,3.168925
6978,3.181076
6979,3.127421
6980,3.168925
6981,3.127421
6982,3.190759
6983,3.244414
6984,3.256565
6985,3.256565
6986,3.231402
6987,3.202910
6988,3.190759
6989,3.207100
6990,3.197417
6991,3.197417
6992,3.197417
6993,3.155913
6994,3.172254
6995,3.155913
6996,3.155913
6997,3.139572
6998,3.161406
6999,3.107752
7000,3.085918
7001,3.085918
7002,3.085918
7003,3.124092
7004,3.124092
7005,3.107752
7006,3.095601
7007,3.120764
7008,3.174418
7009,3.174418
7010,3.174418
7011,3.174418
7012,3.145927
7013,3.174418
7014,3.228073
7015,3.228073
7016,3.202910
7017,3.190759
7018,3.174418
7019,3.174418
7020,3.215922
7021,3.194088
7022,3.222580
7023,3.222580
7024,3.260755
7025,3.244414
7026,3.244414
7027,3.272906
7028,3.289246
7029,3.289246
7030,3.289246
7031,3.289246
7032,3.289246
7033,3.289246
7034,3.289246
7035,3.272906
7036,3.231402
7037,3.231402
7038,3.231402
7039,3.231402
7040,3.231402
7041,3.247743
7042,3.231402
7043,3.231402
7044,3.272906
7045,3.260755
7046,3.244414
7047,3.244414
7048,3.272906
7049,3.244414
7050,3.244414
7051,3.206239
7052,3.206239
7053,3.134849
7054,3.152584
7055,3.134849
7056,3.109686
7057,3.109686
7058,3.109686
7059,3.093345
7060,3.068182
7061,3.109686
7062,3.139572
7063,3.093345
7064,3.081194
7065,3.098930
7066,3.098930
7067,3.007100
7068,3.035592
7069,3.047743
7070,3.057426
7071,3.149255
7072,3.174418
7073,3.190759
7074,3.127421
7075,3.081194
7076,3.081194
7077,3.111080
7078,3.039690
7079,3.015061
7080,3.056565
7081,3.056565
7082,3.072906
7083,3.089246
7084,3.047743
7085,3.019251
7086,3.097535
7087,3.097535
7088,3.151189
7089,3.134849
7090,3.134849
7091,3.134849
7092,3.098069
7093,3.056565
7094,3.056565
7095,3.056565
7096,2.989898
7097,3.043019
7098,3.014527
7099,3.060755
7100,3.082589
7101,3.060755
7102,3.060755
7103,3.044414
7104,3.026678
7105,3.014527
7106,3.060755
7107,2.989364
7108,2.960873
7109,2.960873
7110,2.973024
7111,2.998186
7112,3.015922
7113,3.006239
7114,2.981076
7115,2.981076
7116,3.022580
7117,2.997417
7118,2.989364
7119,2.989364
7120,3.005705
7121,3.013758
7122,3.013758
7123,2.967530
7124,2.992693
7125,3.084523
7126,3.043019
7127,2.989364
7128,3.027539
7129,3.098930
7130,3.098930
7131,3.111080
7132,3.127421
7133,3.181076
7134,3.181076
7135,3.181076
7136,3.152584
7137,3.127421
7138,3.127421
7139,3.149255
7140,3.149255
7141,3.165596
7142,3.165596
7143,3.137104
7144,3.120764
7145,3.149255
7146,3.127421
7147,3.127421
7148,3.019251
7149,3.035592
7150,2.997417
7151,2.955913
7152,3.019251
7153,2.977747
7154,3.041085
7155,2.920764
7156,3.028934
7157,3.028934
7158,3.057426
7159,3.019251
7160,3.044414
7161,3.019251
7162,3.047743
7163,3.047743
7164,3.035592
7165,3.035592
7166,2.897535
7167,2.897535
7168,2.905587
7169,2.943762
7170,2.943762
7171,2.943762
7172,2.955913
7173,2.977747
7174,2.977747
7175,3.069577
7176,3.069577
7177,3.041085
7178,2.987430
7179,3.095601
7180,3.032263
7181,3.003771
7182,2.994088
7183,3.003771
7184,3.057426
7185,3.057426
7186,3.069577
7187,3.051841
7188,2.973557
7189,3.051841
7190,3.039690
7191,2.976352
7192,2.961406
7193,3.014527
7194,3.014527
7195,2.906357
7196,2.914409
7197,2.914409
7198,2.884523
7199,2.902258
7200,2.965596
7201,2.857426
7202,2.911080
7203,2.864853
7204,2.872906
7205,2.819251
7206,2.801515
7207,2.839690
7208,2.931520
7209,2.894740
7210,2.911080
7211,2.889246
7212,3.019251
7213,3.002910
7214,3.028073
7215,3.028073
7216,3.081194
7217,3.134849
7218,3.151189
7219,3.134849
7220,3.181076
7221,3.219251
7222,3.202910
7223,3.202910
7224,3.202910
7225,3.149255
7226,3.161406
7227,3.139572
7228,3.139572
7229,3.139572
7230,3.149255
7231,3.120764
7232,3.120764
7233,3.174418
7234,3.111080
7235,3.039690
7236,3.017856
7237,2.964201
7238,2.964201
7239,2.947861
7240,2.911080
7241,2.819251
7242,2.819251
7243,2.819251
7244,2.897535
7245,2.935710
7246,2.989364
7247,2.989364
7248,3.007100
7249,3.007100
7250,3.007100
7251,3.007100
7252,2.943762
7253,2.943762
7254,2.835592
7255,2.835592
7256,2.835592
7257,2.827539
7258,2.811198
7259,2.857426
7260,2.867109
7261,2.867109
7262,2.845275
7263,2.965596
7264,2.977747
7265,3.019251
7266,3.019251
7267,2.997417
7268,3.019251
7269,2.977747
7270,2.977747
7271,2.936243
7272,3.044414
7273,3.032263
7274,3.054097
7275,3.054097
7276,3.107752
7277,3.161406
7278,3.177747
7279,3.149255
7280,3.139572
7281,3.111080
7282,3.174418
7283,3.190759
7284,3.190759
7285,3.219251
7286,3.181076
7287,3.190759
7288,3.165596
7289,3.181937
7290,3.073767
7291,3.165596
7292,3.194088
7293,3.155913
7294,3.139572
7295,3.001515
7296,2.973024
7297,3.001515
7298,3.093345
7299,3.139572
7300,3.139572
7301,3.161406
7302,3.202910
7303,3.256565
7304,3.228073
7305,3.174418
7306,3.228073
7307,3.228073
7308,3.228073
7309,3.256565
7310,3.272906
7311,3.272906
7312,3.219251
7313,3.219251
7314,3.219251
7315,3.219251
7316,3.231402
7317,3.231402
7318,3.256565
7319,3.244414
7320,3.190759
7321,3.190759
7322,3.202910
7323,3.202910
7324,3.202910
7325,3.177747
7326,3.206239
7327,3.206239
7328,3.231402
7329,3.202910
7330,3.139572
7331,3.139572
7332,3.139572
7333,3.181076
7334,3.181076
7335,3.190759
7336,3.165596
7337,3.127421
7338,3.056031
7339,3.084523
7340,3.084523
7341,3.056031
7342,3.056031
7343,3.109686
7344,3.151189
7345,3.134849
7346,3.181076
7347,3.127421
7348,3.098930
7349,3.098930
7350,3.137104
7351,3.137104
7352,3.162267
7353,3.137104
7354,3.137104
7355,3.190759
7356,3.181076
7357,3.181076
7358,3.134849
7359,3.164735
7360,3.164735
7361,3.164735
7362,3.152584
7363,3.081194
7364,3.097535
7365,3.081194
7366,2.960873
7367,2.990759
7368,3.028934
7369,3.041085
7370,3.041085
7371,2.977747
7372,2.869577
7373,2.999581
7374,2.977747
7375,2.994088
7376,2.977747
7377,2.965596
7378,2.977747
7379,3.015922
7380,3.136243
7381,3.136243
7382,3.124092
7383,3.003771
7384,2.987430
7385,2.949255
7386,2.939572
7387,2.981076
7388,2.981076
7389,3.089246
7390,3.047743
7391,3.069577
7392,3.085918
7393,2.965596
7394,2.965596
7395,3.028934
7396,3.082589
7397,3.111080
7398,3.089246
7399,3.072906
7400,3.072906
7401,3.072906
7402,3.181076
7403,3.222580
7404,3.197417
7405,3.219251
7406,3.207100
7407,3.207100
7408,3.260755
7409,3.260755
7410,3.197417
7411,3.151189
7412,3.151189
7413,3.072906
7414,3.019251
7415,3.019251
7416,3.031402
7417,3.056565
7418,3.081194
7419,3.109686
7420,3.139572
7421,3.085918
7422,3.102258
7423,3.102258
7424,3.085918
7425,3.098069
7426,3.098069
7427,3.098069
7428,3.136243
7429,3.136243
7430,3.028073
7431,3.069577
7432,3.047743
7433,3.001515
7434,2.960012
7435,3.001515
7436,2.973024
7437,2.947861
7438,2.884523
7439,2.902258
7440,2.965596
7441,2.965596
7442,2.965596
7443,2.965596
7444,2.965596
7445,2.949255
7446,3.002910
7447,3.031402
7448,3.031402
7449,3.053236
7450,3.053236
7451,3.069577
7452,3.085918
7453,3.139572
7454,3.155913
7455,3.139572
7456,3.206239
7457,3.189898
7458,3.189898
7459,3.189898
7460,3.161406
7461,3.173557
7462,3.215061
7463,3.186569
7464,3.164735
7465,3.181076
7466,3.127421
7467,3.149255
7468,3.041085
7469,2.977747
7470,2.977747
7471,2.949255
7472,2.927421
7473,2.943762
7474,3.073767
7475,3.098930
7476,3.098930
7477,3.089246
7478,3.105587
7479,3.130750
7480,3.130750
7481,3.152584
7482,3.168925
7483,3.190759
7484,3.219251
7485,3.219251
7486,3.219251
7487,3.219251
7488,3.181076
7489,3.181076
7490,3.181076
7491,3.181076
7492,3.181076
7493,3.219251
7494,3.272906
7495,3.272906
7496,3.289246
7497,3.272906
7498,3.244414
7499,3.222580
7500,3.181076
7501,3.139572
7502,3.111080
7503,3.111080
7504,3.072906
7505,3.047743
7506,3.085918
7507,3.019251
7508,2.927421
7509,2.927421
7510,3.035592
7511,3.019251
7512,3.111080
7513,3.098930
7514,3.060755
7515,3.060755
7516,2.997417
7517,2.989364
7518,2.997417
7519,3.035592
7520,3.035592
7521,2.927421
7522,2.965596
7523,3.028934
7524,3.149255
7525,3.190759
7526,3.149255
7527,3.149255
7528,3.190759
7529,3.190759
7530,3.098930
7531,3.111080
7532,3.098930
7533,3.073767
7534,3.035592
7535,3.019251
7536,3.007100
7537,3.007100
7538,3.019251
7539,3.019251
7540,3.028934
7541,3.028934
7542,3.028934
7543,3.000442
7544,2.937104
7545,2.965596
7546,3.057426
7547,3.015922
7548,2.895601
7549,2.841946
7550,2.711942
7551,2.711942
7552,2.775279
7553,2.838617
7554,2.838617
7555,2.892272
7556,2.892272
7557,3.000442
7558,3.028934
7559,3.028934
7560,3.019251
7561,3.019251
7562,2.973024
7563,2.948394
7564,2.894740
7565,2.936243
7566,3.028073
7567,3.081194
7568,3.081194
7569,3.089246
7570,3.152584
7571,3.152584
7572,3.181076
7573,3.152584
7574,3.152584
7575,3.190759
7576,3.162267
7577,3.215922
7578,3.190759
7579,3.207100
7580,3.232263
7581,3.232263
7582,3.215922
7583,3.190759
7584,3.190759
7585,3.219251
7586,3.219251
7587,3.219251
7588,3.219251
7589,3.235592
7590,3.264084
7591,3.247743
7592,3.247743
7593,3.231402
7594,3.231402
7595,3.231402
7596,3.231402
7597,3.231402
7598,3.202910
7599,3.072906
7600,3.094740
7601,3.072906
7602,3.181076
7603,3.139572
7604,3.181076
7605,3.164735
7606,3.164735
7607,3.139572
7608,3.155913
7609,3.177747
7610,3.177747
7611,3.161406
7612,3.149255
7613,3.149255
7614,3.149255
7615,3.190759
7616,3.190759
7617,3.202910
7618,3.244414
7619,3.219251
7620,3.272906
7621,3.289246
7622,3.272906
7623,3.272906
7624,3.244414
7625,3.244414
7626,3.219251
7627,3.219251
7628,3.219251
7629,3.190759
7630,3.190759
7631,3.149255
7632,3.190759
7633,3.244414
7634,3.244414
7635,3.202910
7636,3.202910
7637,3.215061
7638,3.161406
7639,3.139572
7640,3.139572
7641,3.177747
7642,3.057426
7643,3.057426
7644,3.057426
7645,3.041085
7646,3.082589
7647,3.098930
7648,3.111080
7649,3.098930
7650,3.035592
7651,3.035592
7652,3.057426
7653,3.057426
7654,3.082589
7655,3.019251
7656,2.955913
7657,2.926027
7658,2.955913
7659,3.019251
7660,3.028934
7661,3.082589
7662,3.111080
7663,3.047743
7664,3.047743
7665,3.001515
7666,3.026678
7667,3.026678
7668,3.072906
7669,3.094740
7670,3.082589
7671,3.082589
7672,3.028934
7673,2.965596
7674,2.965596
7675,2.965596
7676,3.057426
7677,3.057426
7678,3.057426
7679,3.027539
7680,3.073767
7681,3.098930
7682,3.089246
7683,2.951189
7684,2.936243
7685,3.014527
7686,2.961406
7687,3.014527
7688,3.030868
7689,2.989364
7690,3.005705
7691,3.017856
7692,2.981076
7693,3.017856
7694,3.109686
7695,3.139572
7696,3.155913
7697,3.109686
7698,3.081194
7699,3.081194
7700,3.081194
7701,3.081194
7702,3.056031
7703,3.081194
7704,3.109686
7705,3.151189
7706,3.151189
7707,3.151189
7708,3.134849
7709,3.206239
7710,3.206239
7711,3.222580
7712,3.222580
7713,3.244414
7714,3.256565
7715,3.244414
7716,3.244414
7717,3.202910
7718,3.202910
7719,3.181076
7720,3.181076
7721,3.181076
7722,3.181076
7723,3.139572
7724,3.139572
7725,3.098069
7726,3.098069
7727,3.139572
7728,3.139572
7729,3.139572
7730,3.098069
7731,3.114409
7732,3.155913
7733,3.194088
7734,3.206239
7735,3.206239
7736,3.194088
7737,3.181937
7738,3.073767
7739,3.194088
7740,3.194088
7741,3.177747
7742,3.124092
7743,3.114409
7744,3.139572
7745,3.139572
7746,3.155913
7747,3.127421
7748,3.149255
7749,3.165596
7750,3.165596
7751,3.149255
7752,3.149255
7753,3.149255
7754,3.149255
7755,3.149255
7756,3.165596
7757,3.165596
7758,3.137104
7759,3.120764
7760,3.111080
7761,3.069577
7762,3.069577
7763,2.949255
7764,3.002910
7765,3.044414
7766,3.072906
7767,3.072906
7768,3.089246
7769,3.089246
7770,3.077095
7771,3.098930
7772,3.098930
7773,3.082589
7774,3.044414
7775,2.998186
7776,3.015922
7777,3.015922
7778,3.044414
7779,2.973024
7780,2.973024
7781,3.081194
7782,3.043019
7783,3.017856
7784,3.034197
7785,3.019251
7786,3.019251
7787,3.031402
7788,3.031402
7789,3.056565
7790,3.002910
7791,3.056031
7792,3.014527
7793,3.032263
7794,3.057426
7795,3.035592
7796,2.943762
7797,2.997417
7798,2.926027
7799,2.951189
7800,2.973024
7801,3.019251
7802,3.019251
7803,3.111080
7804,3.111080
7805,3.111080
7806,3.149255
7807,3.174418
7808,3.202910
7809,3.219251
7810,3.177747
7811,3.194088
7812,3.206239
7813,3.206239
7814,3.231402
7815,3.272906
7816,3.256565
7817,3.256565
7818,3.272906
7819,3.272906
7820,3.260755
7821,3.260755
7822,3.260755
7823,3.219251
7824,3.197417
7825,3.197417
7826,3.197417
7827,3.197417
7828,3.197417
7829,3.181076
7830,3.139572
7831,3.098069
7832,3.068182
7833,3.085918
7834,3.057426
7835,2.937104
7836,2.990759
7837,2.990759
7838,3.019251
7839,2.977747
7840,2.977747
7841,2.999581
7842,3.053236
7843,3.053236
7844,3.069577
7845,3.069577
7846,3.057426
7847,3.057426
7848,3.124092
7849,3.177747
7850,3.149255
7851,3.041085
7852,3.069577
7853,3.057426
7854,3.015922
7855,3.057426
7856,3.085918
7857,3.085918
7858,3.177747
7859,3.177747
7860,3.124092
7861,3.124092
7862,3.015922
7863,3.015922
7864,2.895601
7865,2.895601
7866,2.867109
7867,2.857426
7868,2.977747
7869,3.019251
7870,3.041085
7871,3.149255
7872,3.161406
7873,3.177747
7874,3.219251
7875,3.219251
7876,3.202910
7877,3.190759
7878,3.181076
7879,3.181076
7880,3.197417
7881,3.238921
7882,3.222580
7883,3.222580
7884,3.238921
7885,3.238921
7886,3.167530
7887,3.151189
7888,3.222580
7889,3.194088
7890,3.194088
7891,3.168925
7892,3.127421
7893,3.035592
7894,3.035592
7895,3.035592
7896,3.035592
7897,3.005705
7898,3.005705
7899,3.035592
7900,2.994088
7901,2.976352
7902,2.976352
7903,3.006239
7904,3.006239
7905,3.015922
7906,3.015922
7907,3.015922
7908,3.015922
7909,3.003771
7910,3.028934
7911,3.070438
7912,3.162267
7913,3.152584
7914,3.215922
7915,3.187430
7916,3.215922
7917,3.190759
7918,3.190759
7919,3.060755
7920,3.082589
7921,3.028934
7922,3.045275
7923,3.035592
7924,3.057426
7925,3.015922
7926,3.015922
7927,3.136243
7928,3.098069
7929,3.085918
7930,3.095601
7931,3.137104
7932,3.165596
7933,3.124092
7934,3.124092
7935,3.102258
7936,3.127421
7937,3.127421
7938,3.127421
7939,3.139572
7940,3.085918
7941,2.977747
7942,2.987430
7943,2.987430
7944,2.977747
7945,2.977747
7946,2.977747
7947,2.994088
7948,2.994088
7949,3.006239
7950,2.976352
7951,2.976352
7952,2.909686
7953,2.926027
7954,2.909686
7955,2.909686
7956,2.872906
7957,2.856565
7958,2.872906
7959,2.856565
7960,2.772254
7961,2.707752
7962,2.654097
7963,2.774418
7964,2.882589
7965,2.721440
7966,2.790759
7967,2.790759
7968,2.790759
7969,2.880424
7970,2.921928
7971,2.921928
7972,3.006239
7973,2.981076
7974,3.017856
7975,3.109686
7976,3.139572
7977,3.181076
7978,3.181076
7979,3.164735
7980,3.174418
7981,3.145927
7982,3.136243
7983,3.152584
7984,3.168925
7985,3.168925
7986,3.190759
7987,3.127421
7988,3.127421
7989,3.111080
7990,3.111080
7991,3.081194
7992,3.122698
7993,3.059360
7994,3.089246
7995,3.089246
7996,3.043019
7997,3.001515
7998,2.976352
7999,2.961406
8000,2.894740
8001,2.894740
8002,2.931520
8003,2.949255
8004,2.819251
8005,2.835592
8006,2.772254
8007,2.902258
8008,2.924092
8009,3.054097
8010,3.066248
8011,3.054097
8012,2.945927
8013,2.999581
8014,2.987430
8015,3.015922
8016,3.057426
8017,3.057426
8018,3.082589
8019,3.098930
8020,3.098930
8021,3.077095
8022,3.060755
8023,3.060755
8024,3.152584
8025,3.168925
8026,3.168925
8027,3.122698
8028,3.151189
8029,3.151189
8030,3.168925
8031,3.190759
8032,3.202910
8033,3.190759
8034,3.152584
8035,3.181076
8036,3.139572
8037,3.123231
8038,3.111080
8039,3.111080
8040,3.098930
8041,3.098930
8042,3.098930
8043,3.098930
8044,3.111080
8045,3.111080
8046,3.111080
8047,3.127421
8048,3.155913
8049,3.197417
8050,3.197417
8051,3.181076
8052,3.127421
8053,3.127421
8054,3.019251
8055,2.990759
8056,3.028934
8057,2.990759
8058,3.007100
8059,3.007100
8060,3.045275
8061,3.057426
8062,3.057426
8063,3.098930
8064,3.098930
8065,3.082589
8066,3.082589
8067,3.041085
8068,2.920764
8069,2.920764
8070,2.892272
8071,3.012593
8072,3.041085
8073,3.082589
8074,3.082589
8075,3.082589
8076,3.019251
8077,3.057426
8078,3.019251
8079,3.019251
8080,3.057426
8081,3.177747
8082,3.177747
8083,3.165596
8084,3.165596
8085,3.165596
8086,3.177747
8087,3.149255
8088,3.127421
8089,3.168925
8090,3.168925
8091,3.168925
8092,3.197417
8093,3.219251
8094,3.219251
8095,3.219251
8096,3.231402
8097,3.231402
8098,3.177747
8099,3.161406
8100,3.132915
8101,3.161406
8102,3.119903
8103,3.119903
8104,3.161406
8105,3.177747
8106,3.194088
8107,3.085918
8108,3.111080
8109,3.123231
8110,3.111080
8111,3.111080
8112,3.057426
8113,3.028934
8114,3.003771
8115,3.015922
8116,2.999581
8117,3.119903
8118,3.119903
8119,3.098069
8120,3.068182
8121,3.068182
8122,3.068182
8123,3.015061
8124,3.015061
8125,3.015061
8126,3.051841
8127,2.985174
8128,3.002910
8129,3.111080
8130,3.111080
8131,3.139572
8132,3.139572
8133,3.149255
8134,3.149255
8135,3.190759
8136,3.190759
8137,3.137104
8138,3.190759
8139,3.190759
8140,3.098930
8141,3.111080
8142,3.057426
8143,3.035592
8144,2.997417
8145,2.926027
8146,2.992693
8147,2.992693
8148,2.884523
8149,2.884523
8150,2.909686
8151,2.919369
8152,2.947861
8153,3.014527
8154,3.039690
8155,3.039690
8156,2.894740
8157,2.973024
8158,3.001515
8159,3.043019
8160,2.964735
8161,3.001515
8162,3.031402
8163,2.977747
8164,2.999581
8165,2.987430
8166,3.041085
8167,3.041085
8168,3.057426
8169,3.019251
8170,3.002910
8171,2.872906
8172,3.002910
8173,3.019251
8174,3.031402
8175,3.139572
8176,3.127421
8177,3.064084
8178,3.022580
8179,3.022580
8180,2.976352
8181,2.831402
8182,2.898069
8183,2.904962
8184,2.946466
8185,2.946466
8186,2.987970
8187,3.059360
8188,3.122698
8189,3.122698
8190,3.084523
8191,3.059360
8192,3.059360
8193,3.013132
8194,3.043019
8195,3.043019
8196,3.114409
8197,3.114409
8198,3.152584
8199,3.152584
8200,3.152584
8201,3.162267
8202,3.137104
8203,3.190759
8204,3.190759
8205,3.190759
8206,3.181076
8207,3.222580
8208,3.151189
8209,3.122698
8210,3.122698
8211,3.168925
8212,3.168925
8213,3.194088
8214,3.222580
8215,3.176352
8216,3.176352
8217,3.123231
8218,3.123231
8219,3.081728
8220,3.106357
8221,3.134849
8222,3.081194
8223,3.152584
8224,3.127421
8225,3.190759
8226,3.152584
8227,3.122698
8228,3.122698
8229,3.106357
8230,2.961406
8231,2.877095
8232,2.813758
8233,2.813758
8234,2.760103
8235,2.880424
8236,2.943762
8237,2.943762
8238,2.997417
8239,2.949255
8240,2.949255
8241,2.907752
8242,2.907752
8243,2.955913
8244,2.907752
8245,2.907752
8246,2.866248
8247,2.907752
8248,2.907752
8249,2.943762
8250,3.028073
8251,2.964735
8252,2.989364
8253,2.989364
8254,2.851307
8255,2.759478
8256,2.752584
8257,2.774418
8258,2.789364
8259,2.807100
8260,2.937104
8261,3.057426
8262,3.057426
8263,3.085918
8264,3.085918
8265,3.047743
8266,2.927421
8267,2.897535
8268,2.897535
8269,2.926027
8270,2.947861
8271,2.919369
8272,2.990759
8273,2.962267
8274,3.082589
8275,3.082589
8276,3.057426
8277,3.057426
8278,3.085918
8279,3.114409
8280,3.139572
8281,3.155913
8282,3.047743
8283,3.057426
8284,3.028934
8285,3.019251
8286,2.965596
8287,3.085918
8288,3.085918
8289,3.064084
8290,2.926027
8291,2.909686
8292,2.894740
8293,2.909686
8294,2.909686
8295,2.872906
8296,2.914409
8297,2.914409
8298,2.898069
8299,2.904962
8300,2.934849
8301,2.998186
8302,2.944532
8303,2.998186
8304,3.014527
8305,2.936243
8306,2.936243
8307,2.952584
8308,2.801607
8309,2.860755
8310,2.860755
8311,2.897535
8312,2.927421
8313,2.927421
8314,2.949255
8315,2.949255
8316,2.949255
8317,2.937104
8318,2.949255
8319,2.949255
8320,2.965596
8321,2.937104
8322,2.920764
8323,3.041085
8324,3.019251
8325,3.085918
8326,3.064084
8327,3.089246
8328,3.064084
8329,3.064084
8330,3.064084
8331,3.089246
8332,3.127421
8333,3.165596
8334,3.219251
8335,3.202910
8336,3.228073
8337,3.244414
8338,3.202910
8339,3.202910
8340,3.244414
8341,3.206239
8342,3.177747
8343,3.177747
8344,3.215922
8345,3.152584
8346,3.089246
8347,3.089246
8348,3.130750
8349,3.105587
8350,3.105587
8351,3.143762
8352,3.143762
8353,3.105587
8354,3.105587
8355,3.127421
8356,3.149255
8357,3.149255
8358,3.111080
8359,3.111080
8360,3.174418
8361,3.190759
8362,3.190759
8363,3.207100
8364,3.235592
8365,3.219251
8366,3.219251
8367,3.207100
8368,3.190759
8369,3.152584
8370,3.181076
8371,3.202910
8372,3.202910
8373,3.202910
8374,3.219251
8375,3.231402
8376,3.202910
8377,3.190759
8378,3.060755
8379,3.014527
8380,2.973024
8381,3.001515
8382,2.909686
8383,3.001515
8384,2.989364
8385,3.081194
8386,3.106357
8387,3.081194
8388,3.039690
8389,3.111080
8390,3.081194
8391,3.017856
8392,3.039690
8393,3.093345
8394,3.139572
8395,3.161406
8396,3.132915
8397,3.132915
8398,3.107752
8399,3.041085
8400,3.041085
8401,3.041085
8402,3.107752
8403,3.107752
8404,2.987430
8405,2.987430
8406,2.857426
8407,2.857426
8408,2.857426
8409,2.857426
8410,2.885918
8411,2.898069
8412,2.869577
8413,2.879260
8414,2.857426
8415,2.965596
8416,2.965596
8417,2.937104
8418,2.937104
8419,2.865714
8420,2.856031
8421,2.881194
8422,2.944532
8423,2.990759
8424,3.012593
8425,3.012593
8426,3.041085
8427,2.987430
8428,2.987430
8429,3.107752
8430,3.095601
8431,3.057426
8432,3.057426
8433,3.069577
8434,3.079260
8435,3.107752
8436,3.098069
8437,3.031402
8438,3.041085
8439,3.069577
8440,3.057426
8441,3.028934
8442,2.965596
8443,2.965596
8444,2.975279
8445,2.937104
8446,2.962267
8447,2.898930
8448,2.898930
8449,2.881194
8450,2.751189
8451,2.881194
8452,2.856031
8453,2.856031
8454,2.838295
8455,2.879799
8456,2.897535
8457,2.926027
8458,2.972254
8459,2.955913
8460,2.835592
8461,2.898930
8462,3.028934
8463,3.057426
8464,3.028934
8465,3.028934
8466,3.028934
8467,3.120764
8468,3.149255
8469,3.149255
8470,3.149255
8471,3.149255
8472,3.174418
8473,3.174418
8474,3.190759
8475,3.219251
8476,3.177747
8477,3.177747
8478,3.202910
8479,3.202910
8480,3.202910
8481,3.231402
8482,3.231402
8483,3.231402
8484,3.189898
8485,3.189898
8486,3.189898
8487,3.215061
8488,3.161406
8489,3.107752
8490,3.132915
8491,3.174418
8492,3.190759
8493,3.162267
8494,3.190759
8495,3.137104
8496,3.120764
8497,3.174418
8498,3.228073
8499,3.228073
8500,3.164735
8501,3.164735
8502,3.181076
8503,3.127421
8504,3.081194
8505,3.081194
8506,3.039690
8507,3.039690
8508,2.986035
8509,3.032263
8510,3.032263
8511,2.986035
8512,3.014527
8513,3.068182
8514,3.068182
8515,3.139572
8516,3.093345
8517,3.134849
8518,3.206239
8519,3.206239
8520,3.177747
8521,3.147861
8522,3.109686
8523,3.147861
8524,3.094740
8525,3.106891
8526,3.106891
8527,3.022580
8528,2.997417
8529,3.028073
8530,3.028073
8531,3.002910
8532,2.949255
8533,2.907752
8534,2.919903
8535,2.853236
8536,2.877865
8537,2.931520
8538,2.949255
8539,2.927421
8540,2.937104
8541,2.949255
8542,2.949255
8543,2.939572
8544,3.047743
8545,3.085918
8546,3.085918
8547,3.014527
8548,2.869577
8549,2.869577
8550,2.947861
8551,2.935710
8552,3.073767
8553,3.056031
8554,3.056031
8555,3.056031
8556,3.056031
8557,3.056031
8558,3.109686
8559,3.155913
8560,3.219251
8561,3.202910
8562,3.202910
8563,3.202910
8564,3.149255
8565,3.139572
8566,3.139572
8567,3.127421
8568,3.127421
8569,3.190759
8570,3.070438
8571,3.028934
8572,2.987430
8573,2.949255
8574,2.949255
8575,2.949255
8576,3.012593
8577,3.041085
8578,3.041085
8579,3.041085
8580,3.082589
8581,3.054097
8582,3.054097
8583,3.032263
8584,3.070438
8585,3.007100
8586,2.968925
8587,3.089246
8588,3.047743
8589,3.069577
8590,3.107752
8591,3.095601
8592,3.107752
8593,3.132915
8594,3.149255
8595,3.127421
8596,3.149255
8597,3.127421
8598,3.111080
8599,3.111080
8600,3.127421
8601,3.127421
8602,3.085918
8603,3.047743
8604,3.072906
8605,3.082589
8606,3.060755
8607,3.014527
8608,2.989364
8609,2.989364
8610,3.017856
8611,3.081194
8612,3.152584
8613,3.127421
8614,3.168925
8615,3.168925
8616,3.077095
8617,3.077095
8618,3.077095
8619,3.035592
8620,3.035592
8621,3.007100
8622,3.028934
8623,2.990759
8624,2.965596
8625,2.947861
8626,2.923231
8627,2.923231
8628,2.923231
8629,2.911080
8630,2.964201
8631,2.964201
8632,3.035592
8633,3.060755
8634,3.072906
8635,3.089246
8636,3.072906
8637,3.019251
8638,3.057426
8639,3.057426
8640,3.057426
8641,3.149255
8642,3.085918
8643,3.085918
8644,3.111080
8645,3.149255
8646,3.149255
8647,3.107752
8648,3.132915
8649,3.186569
8650,3.174418
8651,3.164735
8652,3.164735
8653,3.152584
8654,3.098930
8655,3.098930
8656,3.057426
8657,3.019251
8658,3.011198
8659,2.932915
8660,2.932915
8661,2.974418
8662,2.989364
8663,3.043019
8664,2.904962
8665,2.951189
8666,2.989364
8667,3.017856
8668,3.017856
8669,3.017856
8670,3.109686
8671,3.134849
8672,3.134849
8673,3.134849
8674,3.206239
8675,3.228073
8676,3.164735
8677,3.174418
8678,3.149255
8679,3.174418
8680,3.152584
8681,3.162267
8682,3.152584
8683,3.174418
8684,3.174418
8685,3.120764
8686,3.028934
8687,3.057426
8688,3.098930
8689,3.098930
8690,3.098930
8691,3.070438
8692,3.082589
8693,3.111080
8694,3.127421
8695,3.127421
8696,3.127421
8697,3.127421
8698,3.127421
8699,3.155913
8700,3.127421
8701,3.115270
8702,3.115270
8703,3.143762
8704,3.127421
8705,3.247743
8706,3.231402
8707,3.219251
8708,3.202910
8709,3.164735
8710,3.206239
8711,3.228073
8712,3.186569
8713,3.202910
8714,3.190759
8715,3.202910
8716,3.161406
8717,3.161406
8718,3.173557
8719,3.173557
8720,3.189898
8721,3.215061
8722,3.202910
8723,3.244414
8724,3.244414
8725,3.272906
8726,3.272906
8727,3.247743
8728,3.219251
8729,3.190759
8730,3.162267
8731,3.152584
8732,3.106357
8733,3.134849
8734,3.151189
8735,3.151189
8736,3.197417
8737,3.213758
8738,3.197417
8739,3.181076
8740,3.089246
8741,3.035592
8742,3.127421
8743,3.139572
8744,3.149255
8745,3.149255
8746,3.120764
8747,3.174418
8748,3.082589
8749,3.072906
8750,3.072906
8751,3.060755
8752,3.060755
8753,3.190759
8754,3.165596
8755,3.124092
8756,3.165596
8757,3.190759
8758,3.137104
8759,3.149255
8760,3.149255
8761,3.165596
8762,3.137104
8763,3.137104
8764,3.162267
8765,3.152584
8766,3.168925
8767,3.168925
8768,3.097535
8769,3.122698
8770,3.098069
8771,3.072906
8772,3.109686
8773,3.097535
8774,3.097535
8775,3.097535
8776,2.967530
8777,2.997417
8778,3.019251
8779,2.947861
8780,3.056031
8781,3.056031
8782,3.019251
8783,3.019251
8784,3.056031
8785,3.068182
8786,3.056031
8787,3.002376
8788,3.056031
8789,3.056031
8790,3.097535
8791,3.097535
8792,3.143762
8793,3.127421
8794,3.073767
8795,3.111942
8796,3.111942
8797,3.137104
8798,3.165596
8799,3.127421
8800,3.168925
8801,3.077095
8802,3.035592
8803,3.098930
8804,3.060755
8805,3.038921
8806,3.077095
8807,3.005705
8808,3.035592
8809,3.019251
8810,2.997417
8811,3.019251
8812,3.085918
8813,3.014527
8814,2.906357
8815,2.906357
8816,2.924092
8817,2.924092
8818,2.936243
8819,2.806239
8820,2.794088
8821,2.924092
8822,2.885918
8823,2.895601
8824,2.895601
8825,2.895601
8826,2.937104
8827,2.937104
8828,2.937104
8829,2.975279
8830,3.028934
8831,3.028934
8832,2.990759
8833,3.019251
8834,3.019251
8835,2.990759
8836,3.007100
8837,2.968925
8838,2.968925
8839,3.007100
8840,3.028934
8841,3.149255
8842,3.085918
8843,3.095601
8844,3.149255
8845,3.165596
8846,3.143762
8847,3.165596
8848,3.111942
8849,3.111942
8850,3.073767
8851,3.073767
8852,3.035592
8853,3.073767
8854,3.073767
8855,3.098930
8856,3.007100
8857,3.035592
8858,2.927421
8859,2.889246
8860,2.889246
8861,2.911080
8862,2.927421
8863,2.873767
8864,2.981937
8865,2.965596
8866,3.019251
8867,3.019251
8868,2.981076
8869,2.927421
8870,2.965596
8871,2.987430
8872,2.987430
8873,2.987430
8874,3.015922
8875,2.994088
8876,2.994088
8877,3.019251
8878,3.019251
8879,3.041085
8880,2.987430
8881,2.987430
8882,3.028934
8883,3.082589
8884,3.190759
8885,3.202910
8886,3.256565
8887,3.244414
8888,3.244414
8889,3.260755
8890,3.277095
8891,3.277095
8892,3.289246
8893,3.235592
8894,3.194088
8895,3.165596
8896,3.165596
8897,3.165596
8898,3.177747
8899,3.114409
8900,3.139572
8901,3.164735
8902,3.164735
8903,3.072906
8904,3.089246
8905,3.035592
8906,3.013758
8907,3.035592
8908,3.057426
8909,3.045275
8910,3.070438
8911,3.032263
8912,3.044414
8913,3.015922
8914,3.044414
8915,3.002910
8916,3.019251
8917,3.019251
8918,3.019251
8919,3.002910
8920,3.002910
8921,3.041085
8922,3.057426
8923,3.057426
8924,3.057426
8925,3.035592
8926,3.155913
8927,3.165596
8928,3.165596
8929,3.127421
8930,3.165596
8931,3.165596
8932,3.165596
8933,3.165596
8934,3.098930
8935,3.127421
8936,3.105587
8937,3.089246
8938,3.089246
8939,3.047743
8940,3.111080
8941,3.094740
8942,3.082589
8943,3.066248
8944,3.044414
8945,3.044414
8946,3.060755
8947,3.060755
8948,3.098930
8949,3.127421
8950,3.139572
8951,3.123231
8952,3.139572
8953,3.123231
8954,3.123231
8955,3.094740
8956,3.202910
8957,3.181076
8958,3.109686
8959,3.109686
8960,3.109686
8961,3.155913
8962,3.177747
8963,3.177747
8964,3.219251
8965,3.190759
8966,3.137104
8967,3.165596
8968,3.165596
8969,3.165596
8970,3.149255
8971,3.120764
8972,3.082589
8973,3.019251
8974,2.927421
8975,2.902258
8976,2.994088
8977,2.955913
8978,2.947861
8979,2.989364
8980,3.043019
8981,2.971629
8982,3.043019
8983,3.081194
8984,3.056031
8985,3.109686
8986,3.081194
8987,3.093345
8988,3.093345
8989,3.139572
8990,3.161406
8991,3.177747
8992,3.057426
8993,3.019251
8994,3.019251
8995,3.072906
8996,3.001515
8997,2.948394
8998,3.056565
8999,3.056565
9000,3.056565
9001,3.056565
9002,3.056565
9003,2.964735
9004,2.964735
9005,2.856565
9006,2.802910
9007,2.772254
9008,2.718599
9009,2.761406
9010,2.761406
9011,2.881728
9012,2.960012
9013,2.977747
9014,2.949255
9015,3.057426
9016,3.098930
9017,3.098930
9018,3.137104
9019,3.073767
9020,3.007100
9021,3.007100
9022,3.019251
9023,3.035592
9024,3.127421
9025,3.085918
9026,3.056031
9027,3.002910
9028,3.002910
9029,3.031402
9030,3.031402
9031,3.072906
9032,3.098069
9033,3.151189
9034,3.151189
9035,3.167530
9036,3.167530
9037,3.151189
9038,3.126027
9039,3.109686
9040,3.127421
9041,3.089246
9042,3.017856
9043,3.002910
9044,2.943762
9045,2.943762
9046,3.028073
9047,3.056565
9048,3.056565
9049,3.072906
9050,3.056565
9051,3.056565
9052,2.948394
9053,2.906891
9054,2.948394
9055,2.989898
9056,2.989898
9057,2.930750
9058,2.889246
9059,2.955913
9060,2.866248
9061,2.854097
9062,2.943762
9063,3.028073
9064,3.028073
9065,3.028073
9066,2.968925
9067,3.053236
9068,3.081728
9069,3.081728
9070,3.118508
9071,3.118508
9072,3.164735
9073,3.164735
9074,3.164735
9075,3.152584
9076,3.168925
9077,3.122698
9078,3.069577
9079,3.006239
9080,3.006239
9081,3.031402
9082,3.006239
9083,3.069577
9084,2.985266
9085,2.893436
9086,2.803771
9087,2.830099
9088,2.803771
9089,2.734452
9090,2.895601
9091,2.895601
9092,2.854097
9093,2.879260
9094,2.854097
9095,2.907752
9096,2.972254
9097,2.907752
9098,2.949255
9099,2.857426
9100,2.882589
9101,2.930750
9102,2.930750
9103,2.961406
9104,2.961406
9105,2.961406
9106,2.907752
9107,2.960873
9108,2.968925
9109,3.007100
9110,3.007100
9111,2.965596
9112,2.965596
9113,2.965596
9114,2.987430
9115,2.965596
9116,2.955913
9117,3.085918
9118,3.073767
9119,3.035592
9120,3.035592
9121,3.027539
9122,3.027539
9123,3.081194
9124,3.097535
9125,3.143762
9126,3.143762
9127,3.127421
9128,3.081194
9129,3.127421
9130,3.019251
9131,2.981076
9132,3.002910
9133,3.066248
9134,3.054097
9135,3.044414
9136,2.990759
9137,3.057426
9138,3.057426
9139,3.039690
9140,3.039690
9141,3.111080
9142,3.002910
9143,3.002910
9144,3.044414
9145,3.072906
9146,3.031402
9147,2.977747
9148,2.987430
9149,2.965596
9150,2.965596
9151,3.007100
9152,2.989364
9153,2.911080
9154,2.947861
9155,3.001515
9156,2.989364
9157,2.951189
9158,2.951189
9159,2.967530
9160,2.951189
9161,2.989364
9162,3.035592
9163,3.035592
9164,2.994088
9165,2.972254
9166,2.964201
9167,2.947861
9168,3.085918
9169,3.085918
9170,3.107752
9171,3.149255
9172,3.149255
9173,3.190759
9174,3.207100
9175,3.168925
9176,3.190759
9177,3.219251
9178,3.165596
9179,3.177747
9180,3.139572
9181,3.019251
9182,3.035592
9183,3.035592
9184,3.165596
9185,3.165596
9186,3.219251
9187,3.219251
9188,3.219251
9189,3.231402
9190,3.177747
9191,3.177747
9192,3.189898
9193,3.189898
9194,3.189898
9195,3.231402
9196,3.202910
9197,3.202910
9198,3.190759
9199,3.202910
9200,3.202910
9201,3.202910
9202,3.139572
9203,3.127421
9204,3.089246
9205,3.043019
9206,3.043019
9207,3.114409
9208,3.072906
9209,3.082589
9210,3.057426
9211,3.111080
9212,3.111080
9213,3.085918
9214,3.069577
9215,3.111080
9216,3.127421
9217,3.081194
9218,3.081194
9219,3.081194
9220,3.093345
9221,3.134849
9222,3.152584
9223,3.168925
9224,3.127421
9225,3.019251
9226,3.041085
9227,3.041085
9228,3.041085
9229,3.161406
9230,3.189898
9231,3.177747
9232,3.177747
9233,3.231402
9234,3.219251
9235,3.219251
9236,3.202910
9237,3.215061
9238,3.202910
9239,3.174418
9240,3.202910
9241,3.181076
9242,3.197417
9243,3.181076
9244,3.127421
9245,3.190759
9246,3.202910
9247,3.149255
9248,3.111080
9249,3.127421
9250,3.127421
9251,3.152584
9252,3.152584
9253,3.152584
9254,3.194088
9255,3.194088
9256,3.206239
9257,3.206239
9258,3.222580
9259,3.176352
9260,3.222580
9261,3.168925
9262,3.194088
9263,3.168925
9264,3.130750
9265,3.105587
9266,3.097535
9267,3.122698
9268,3.122698
9269,3.134849
9270,3.160012
9271,3.176352
9272,3.134849
9273,3.134849
9274,3.109686
9275,3.097535
9276,3.072372
9277,3.056031
9278,2.992693
9279,2.992693
9280,2.955913
9281,3.034197
9282,3.064084
9283,3.127421
9284,3.127421
9285,3.098930
9286,3.137104
9287,3.137104
9288,3.137104
9289,3.070438
9290,3.082589
9291,3.202910
9292,3.174418
9293,3.152584
9294,3.190759
9295,3.181076
9296,3.202910
9297,3.177747
9298,3.124092
9299,3.149255
9300,3.120764
9301,3.132915
9302,3.111080
9303,3.127421
9304,3.168925
9305,3.168925
9306,3.194088
9307,3.168925
9308,3.168925
9309,3.152584
9310,3.181076
9311,3.181076
9312,3.181076
9313,3.202910
9314,3.190759
9315,3.127421
9316,3.165596
9317,3.177747
9318,3.177747
9319,3.136243
9320,3.136243
9321,3.114409
9322,3.177747
9323,3.231402
9324,3.123231
9325,3.123231
9326,3.111080
9327,3.111080
9328,3.127421
9329,3.155913
9330,3.247743
9331,3.264084
9332,3.247743
9333,3.247743
9334,3.231402
9335,3.202910
9336,3.202910
9337,3.202910
9338,3.139572
9339,3.109686
9340,3.126027
9341,3.109686
9342,3.181076
9343,3.181076
9344,3.197417
9345,3.155913
9346,3.127421
9347,3.085918
9348,3.085918
9349,3.068182
9350,3.056031
9351,3.002910
9352,3.056565
9353,3.081728
9354,3.081728
9355,3.028073
9356,3.064853
9357,2.986569
9358,3.015061
9359,2.961406
9360,2.961406
9361,2.961406
9362,2.810429
9363,2.961406
9364,2.932915
9365,2.961406
9366,2.930750
9367,2.882589
9368,2.882589
9369,2.907752
9370,2.815922
9371,2.851933
9372,2.851933
9373,2.893436
9374,2.855261
9375,2.893436
9376,2.936243
9377,3.002910
9378,3.081194
9379,3.152584
9380,3.206239
9381,3.228073
9382,3.244414
9383,3.260755
9384,3.272906
9385,3.272906
9386,3.272906
9387,3.260755
9388,3.219251
9389,3.235592
9390,3.235592
9391,3.247743
9392,3.235592
9393,3.194088
9394,3.194088
9395,3.194088
9396,3.177747
9397,3.124092
9398,3.095601
9399,3.095601
9400,3.032263
9401,3.095601
9402,3.095601
9403,3.095601
9404,3.149255
9405,3.111080
9406,3.085918
9407,3.085918
9408,3.127421
9409,3.127421
9410,3.089246
9411,3.127421
9412,3.127421
9413,3.168925
9414,3.194088
9415,3.222580
9416,3.181076
9417,3.181076
9418,3.152584
9419,3.136243
9420,3.111080
9421,3.152584
9422,3.181076
9423,3.244414
9424,3.256565
9425,3.256565
9426,3.244414
9427,3.244414
9428,3.260755
9429,3.235592
9430,3.197417
9431,3.213758
9432,3.213758
9433,3.213758
9434,3.197417
9435,3.219251
9436,3.219251
9437,3.235592
9438,3.194088
9439,3.194088
9440,3.194088
9441,3.165596
9442,3.190759
9443,3.190759
9444,3.149255
9445,3.132915
9446,3.069577
9447,3.069577
9448,3.085918
9449,3.085918
9450,3.064084
9451,3.085918
9452,3.139572
9453,3.127421
9454,3.168925
9455,3.181076
9456,3.151189
9457,3.151189
9458,3.134849
9459,3.093345
9460,3.093345
9461,3.109686
9462,3.109686
9463,3.139572
9464,3.139572
9465,3.149255
9466,3.132915
9467,3.132915
9468,3.149255
9469,3.149255
9470,3.149255
9471,3.111080
9472,3.111080
9473,3.111080
9474,3.111080
9475,3.120764
9476,3.082589
9477,3.136243
9478,3.136243
9479,3.111080
9480,3.081194
9481,3.127421
9482,2.997417
9483,3.035592
9484,3.057426
9485,3.057426
9486,3.019251
9487,3.047743
9488,3.047743
9489,3.017856
9490,2.989364
9491,2.989364
9492,3.019251
9493,3.031402
9494,2.911080
9495,2.927421
9496,2.927421
9497,2.911080
9498,2.911080
9499,2.911080
9500,2.911080
9501,2.898930
9502,2.898930
9503,3.028934
9504,3.041085
9505,3.094740
9506,3.111080
9507,3.069577
9508,3.081728
9509,3.069577
9510,3.094740
9511,3.082589
9512,3.082589
9513,3.019251
9514,3.002910
9515,2.973024
9516,2.973024
9517,2.973024
9518,2.936243
9519,2.806239
9520,2.898069
9521,2.898069
9522,2.898069
9523,2.855261
9524,2.830099
9525,2.914409
9526,2.830099
9527,2.889246
9528,2.872906
9529,2.872906
9530,2.926027
9531,2.872906
9532,2.897535
9533,2.909686
9534,2.817856
9535,2.834197
9536,2.819251
9537,2.911080
9538,2.923231
9539,2.911080
9540,2.952584
9541,2.952584
9542,2.952584
9543,2.989364
9544,2.989364
9545,3.007100
9546,2.990759
9547,3.032263
9548,3.054097
9549,3.015922
9550,3.044414
9551,3.044414
9552,2.981076
9553,2.990759
9554,2.919369
9555,2.894740
9556,2.894740
9557,2.851933
9558,2.851933
9559,2.918599
9560,3.002910
9561,3.044414
9562,3.028073
9563,2.877095
9564,2.905587
9565,2.964735
9566,2.964735
9567,2.964735
9568,2.989364
9569,3.035592
9570,2.997417
9571,3.019251
9572,3.057426
9573,3.073767
9574,3.165596
9575,3.149255
9576,3.149255
9577,3.111080
9578,3.136243
9579,3.164735
9580,3.136243
9581,3.111080
9582,3.120764
9583,3.079260
9584,3.079260
9585,3.079260
9586,2.949255
9587,2.965596
9588,2.965596
9589,2.965596
9590,2.947861
9591,2.960012
9592,2.977747
9593,3.085918
9594,3.047743
9595,3.089246
9596,3.111080
9597,3.111080
9598,3.139572
9599,3.085918
9600,3.068182
9601,3.084523
9602,3.031402
9603,3.056031
9604,3.039690
9605,3.039690
9606,3.064853
9607,3.081194
9608,3.017856
9609,2.909686
9610,2.931520
9611,3.069577
9612,3.002910
9613,3.041085
9614,3.031402
9615,2.977747
9616,3.019251
9617,3.072906
9618,3.094740
9619,3.041085
9620,3.041085
9621,3.028934
9622,3.149255
9623,3.177747
9624,3.165596
9625,3.219251
9626,3.177747
9627,3.165596
9628,3.165596
9629,3.177747
9630,3.149255
9631,3.165596
9632,3.102258
9633,3.085918
9634,3.057426
9635,3.111080
9636,3.164735
9637,3.181076
9638,3.181076
9639,3.181076
9640,3.181076
9641,3.197417
9642,3.197417
9643,3.197417
9644,3.181076
9645,3.134849
9646,3.134849
9647,3.118508
9648,3.136243
9649,3.174418
9650,3.145927
9651,3.120764
9652,3.111080
9653,3.069577
9654,3.015922
9655,3.044414
9656,3.085918
9657,3.107752
9658,3.107752
9659,3.079260
9660,3.079260
9661,2.987430
9662,2.965596
9663,2.965596
9664,2.965596
9665,2.943762
9666,2.935710
9667,2.947861
9668,2.931520
9669,2.960012
9670,2.923231
9671,2.939572
9672,2.981076
9673,3.017856
9674,2.989364
9675,3.005705
9676,3.035592
9677,3.035592
9678,3.089246
9679,3.155913
9680,3.155913
9681,3.177747
9682,3.177747
9683,3.231402
9684,3.219251
9685,3.231402
9686,3.231402
9687,3.231402
9688,3.231402
9689,3.206239
9690,3.206239
9691,3.206239
9692,3.247743
9693,3.235592
9694,3.219251
9695,3.219251
9696,3.219251
9697,3.219251
9698,3.231402
9699,3.247743
9700,3.231402
9701,3.231402
9702,3.202910
9703,3.202910
9704,3.181076
9705,3.181076
9706,3.152584
9707,3.111080
9708,3.149255
9709,3.202910
9710,3.190759
9711,3.190759
9712,3.232263
9713,3.244414
9714,3.219251
9715,3.202910
9716,3.202910
9717,3.174418
9718,3.152584
9719,3.181076
9720,3.164735
9721,3.181076
9722,3.190759
9723,3.127421
9724,3.109686
9725,3.093345
9726,3.039690
9727,3.081194
9728,3.081194
9729,3.127421
9730,3.127421
9731,3.127421
9732,3.019251
9733,3.139572
9734,3.127421
9735,3.139572
9736,3.139572
9737,3.047743
9738,3.035592
9739,3.007100
9740,3.028934
9741,3.054097
9742,3.028934
9743,3.045275
9744,3.035592
9745,3.005705
9746,2.967530
9747,3.105587
9748,3.130750
9749,3.155913
9750,3.130750
9751,3.152584
9752,3.162267
9753,3.137104
9754,3.045275
9755,3.007100
9756,3.019251
9757,3.149255
9758,3.174418
9759,3.164735
9760,3.152584
9761,3.152584
9762,3.177747
9763,3.152584
9764,3.152584
9765,3.152584
9766,3.194088
9767,3.232263
9768,3.232263
9769,3.190759
9770,3.174418
9771,3.174418
9772,3.149255
9773,3.149255
9774,3.149255
9775,3.149255
9776,3.149255
9777,3.161406
9778,3.202910
9779,3.202910
9780,3.202910
9781,3.202910
9782,3.190759
9783,3.219251
9784,3.219251
9785,3.219251
9786,3.260755
9787,3.289246
9788,3.289246
9789,3.247743
9790,3.231402
9791,3.231402
9792,3.219251
9793,3.202910
9794,3.202910
9795,3.202910
9796,3.202910
9797,3.174418
9798,3.152584
9799,3.174418
9800,3.174418
9801,3.111080
9802,3.081194
9803,3.127421
9804,3.060755
9805,3.060755
9806,3.014527
9807,2.961406
9808,2.989898
9809,3.056565
9810,3.056565
9811,3.056565
9812,2.989898
9813,2.936243
9814,3.056565
9815,3.072906
9816,3.072906
9817,3.098069
9818,3.134849
9819,3.134849
9820,3.093345
9821,3.134849
9822,3.151189
9823,3.109686
9824,3.126027
9825,3.155913
9826,3.089246
9827,3.111080
9828,3.111080
9829,3.202910
9830,3.202910
9831,3.202910
9832,3.164735
9833,3.228073
9834,3.215922
9835,3.215922
9836,3.152584
9837,3.032263
9838,3.032263
9839,3.054097
9840,3.054097
9841,3.066248
9842,3.082589
9843,3.111080
9844,3.111080
9845,3.219251
9846,3.177747
9847,3.149255
9848,3.202910
9849,3.231402
9850,3.247743
9851,3.231402
9852,3.219251
9853,3.219251
9854,3.177747
9855,3.231402
9856,3.202910
9857,3.202910
9858,3.174418
9859,3.202910
9860,3.231402
9861,3.231402
9862,3.215061
9863,3.202910
9864,3.202910
9865,3.219251
9866,3.190759
9867,3.174418
9868,3.132915
9869,3.069577
9870,3.079260
9871,3.132915
9872,3.149255
9873,3.174418
9874,3.120764
9875,3.057426
9876,3.057426
9877,3.047743
9878,3.069577
9879,3.057426
9880,3.057426
9881,3.095601
9882,3.085918
9883,3.098069
9884,3.123231
9885,3.002910
9886,2.977747
9887,2.987430
9888,3.003771
9889,2.965596
9890,3.007100
9891,3.098930
9892,3.127421
9893,3.102258
9894,3.155913
9895,3.139572
9896,3.161406
9897,3.161406
9898,3.202910
9899,3.190759
9900,3.060755
9901,3.077095
9902,3.105587
9903,3.077095
9904,3.098930
9905,3.111080
9906,3.111080
9907,3.111080
9908,3.111080
9909,3.111080
9910,3.111080
9911,3.111080
9912,3.082589
9913,3.054097
9914,3.044414
9915,3.019251
9916,3.019251
9917,3.019251
9918,3.007100
9919,2.943762
9920,2.955913
9921,2.914409
9922,2.884523
9923,2.884523
9924,2.739572
9925,2.764735
9926,2.764735
9927,2.802910
9928,2.802910
9929,2.749255
9930,2.711080
9931,2.711080
9932,2.726027
9933,2.726027
9934,2.711080
9935,2.711080
9936,2.720764
9937,2.745927
9938,2.866248
9939,2.944532
9940,3.064853
9941,3.111080
9942,3.152584
9943,3.162267
9944,3.215922
9945,3.190759
9946,3.219251
9947,3.219251
9948,3.219251
9949,3.219251
9950,3.231402
9951,3.231402
9952,3.256565
9953,3.244414
9954,3.228073
9955,3.244414
9956,3.244414
9957,3.256565
9958,3.231402
9959,3.231402
9960,3.247743
9961,3.247743
9962,3.235592
9963,3.197417
9964,3.089246
9965,3.089246
9966,3.105587
9967,3.077095
9968,3.168925
9969,3.105587
9970,3.127421
9971,3.127421
