start_place,length,twin,cousin,sexy,sophie_germain,safe,triplet,quadruplet,quintuplet,sextuplet
1,686,0,0,0,0,0,0,0,0,0
2,104,0,0,0,0,0,0,0,0,0
2,137,0,0,0,0,0,0,0,0,0
5,487,0,0,0,0,0,0,0,0,0
7,150,0,0,0,0,0,0,0,0,0
7,256,0,0,0,0,0,0,0,0,0
7,696,0,0,0,0,0,0,0,0,0
8,724,0,0,0,0,0,0,0,0,0
11,169,0,0,0,0,0,0,0,0,0
14,173,0,0,0,0,0,0,0,0,0
18,353,0,0,0,0,0,0,0,0,0
20,122,0,0,0,0,0,0,0,0,0
20,191,0,0,0,0,0,0,0,0,0
21,261,0,0,0,0,0,0,0,0,0
22,120,0,0,0,0,0,0,0,0,0
22,302,0,0,0,0,0,0,0,0,0
22,696,0,0,0,0,0,0,0,0,0
22,866,0,0,0,0,0,0,0,0,0
23,263,0,0,0,0,0,0,0,0,0
25,705,0,0,0,0,0,0,0,0,0
28,205,0,0,0,0,0,0,0,0,0
28,581,0,0,0,0,0,0,0,0,0
29,122,0,0,0,0,0,0,0,0,0
29,165,0,0,0,0,0,0,0,0,0
30,233,0,0,0,0,0,0,0,0,0
30,388,0,0,0,0,0,0,0,0,0
31,159,0,0,0,0,0,0,0,0,0
31,912,0,0,0,0,0,0,0,0,0
38,428,0,0,0,0,0,0,0,0,0
38,819,0,0,0,0,0,0,0,0,0
39,274,0,0,0,0,0,0,0,0,0
40,898,0,0,0,0,0,0,0,0,0
41,165,0,0,0,0,0,0,0,0,0
41,177,0,0,0,0,0,0,0,0,0
42,246,0,0,0,0,0,0,0,0,0
42,443,0,0,0,0,0,0,0,0,0
45,116,0,0,0,0,0,0,0,0,0
45,217,0,1,0,0,0,0,0,0,0
45,232,0,0,0,0,0,0,0,0,0
45,236,0,0,0,0,0,0,0,0,0
47,124,0,0,0,0,0,0,0,0,0
47,186,0,0,0,0,0,0,0,0,0
47,187,0,0,0,0,0,0,0,0,0
48,274,0,0,0,0,0,0,0,0,0
48,516,0,0,0,0,0,0,0,0,0
49,102,0,0,0,0,0,0,0,0,0
49,849,0,0,0,0,0,0,0,0,0
50,336,0,0,0,0,0,0,0,0,0
50,643,0,0,0,0,0,0,0,0,0
51,518,0,0,0,0,0,0,0,0,0
52,210,0,0,0,0,0,0,0,0,0
54,234,0,0,0,0,0,0,0,0,0
57,149,0,0,0,0,0,0,0,0,0
57,360,0,0,0,0,0,0,0,0,0
58,119,0,0,0,0,0,0,0,0,0
58,625,0,0,0,0,0,0,0,0,0
59,187,0,0,0,0,0,0,0,0,0
60,885,0,0,0,0,0,0,0,0,0
62,238,0,0,0,0,0,0,0,0,0
63,135,0,0,0,0,0,0,0,0,0
63,354,0,0,0,0,0,0,0,0,0
64,123,0,0,0,0,0,0,0,0,0
64,192,0,0,0,0,0,0,0,0,0
64,198,0,0,0,0,0,0,0,0,0
66,197,0,0,0,0,0,0,0,0,0
66,243,0,0,0,0,0,0,0,0,0
67,123,0,0,0,0,0,0,0,0,0
67,201,0,0,0,0,0,0,0,0,0
68,153,0,0,0,0,0,0,0,0,0
70,544,0,0,0,0,0,0,0,0,0
70,911,0,0,0,0,0,0,0,0,0
72,224,0,0,0,0,0,0,0,0,0
73,169,0,0,0,0,0,0,0,0,0
73,666,0,0,0,0,0,0,0,0,0
75,172,0,0,0,0,0,0,0,0,0
76,134,0,0,0,0,0,0,0,0,0
77,205,0,0,0,0,0,0,0,0,0
79,108,0,0,0,0,0,0,0,0,0
79,312,0,0,0,0,0,0,0,0,0
81,105,0,0,0,0,0,0,0,0,0
82,827,0,0,0,0,0,0,0,0,0
85,182,0,0,0,0,0,0,0,0,0
85,874,0,0,0,0,0,0,0,0,0
87,153,0,0,0,0,0,0,0,0,0
87,983,0,0,0,0,0,0,0,0,0
88,159,0,0,0,0,0,0,0,0,0
88,319,0,0,0,0,0,0,0,0,0
88,589,0,0,0,0,0,0,0,0,0
90,106,0,0,0,0,0,0,0,0,0
91,115,0,0,0,0,0,0,0,0,0
91,130,0,0,0,0,0,0,0,0,0
91,636,0,0,0,0,0,0,0,0,0
93,140,0,0,0,0,0,0,0,0,0
96,533,0,0,0,0,0,0,0,0,0
97,261,0,0,0,0,0,0,0,0,0
98,202,0,0,0,0,0,0,0,0,0
100,315,0,0,0,0,0,0,0,0,0
101,749,0,0,0,0,0,0,0,0,0
102,109,0,0,0,0,0,0,0,0,0
103,747,0,0,0,0,0,0,0,0,0
104,183,0,0,0,0,0,0,0,0,0
104,206,0,0,0,0,0,0,0,0,0
105,182,0,0,0,0,0,0,0,0,0
105,186,0,0,0,0,0,0,0,0,0
105,409,0,0,0,0,0,0,0,0,0
105,509,0,0,0,0,0,0,0,0,0
106,497,0,0,0,0,0,0,0,0,0
106,551,0,0,0,0,0,0,0,0,0
110,363,0,0,0,0,0,0,0,0,0
112,227,0,0,0,0,0,0,0,0,0
113,136,0,0,0,0,0,0,0,0,0
113,190,0,0,0,0,0,0,0,0,0
114,120,0,0,1,0,0,0,0,0,0
114,151,0,0,0,0,0,0,0,0,0
115,573,0,0,0,0,0,0,0,0,0
116,359,0,0,0,0,0,0,0,0,0
117,176,0,1,0,0,0,0,0,0,0
117,231,0,0,0,0,0,0,0,0,0
117,323,0,0,0,0,0,0,0,0,0
118,262,0,0,0,0,0,0,0,0,0
119,659,0,0,0,0,0,0,0,0,0
120,985,0,0,0,0,0,0,0,0,0
125,281,0,0,0,0,0,0,0,0,0
127,406,0,0,0,0,0,0,0,0,0
127,473,0,0,0,0,0,0,0,0,0
129,223,0,0,0,0,0,0,0,0,0
131,165,0,0,0,0,0,0,0,0,0
131,227,0,0,0,0,0,0,0,0,0
131,337,0,0,0,0,0,0,0,0,0
131,556,0,0,0,0,0,0,0,0,0
131,968,0,0,0,0,0,0,0,0,0
133,193,0,0,0,0,0,0,0,0,0
133,663,0,0,0,0,0,0,0,0,0
136,278,0,0,0,0,0,0,0,0,0
140,205,0,0,0,0,0,0,0,0,0
140,278,0,0,0,0,0,0,0,0,0
140,897,0,0,0,0,0,0,0,0,0
142,312,0,0,0,0,0,0,0,0,0
144,118,0,0,0,0,0,0,0,0,0
144,748,0,0,0,0,0,0,0,0,0
145,169,0,0,0,0,0,0,0,0,0
145,247,0,0,0,0,0,0,0,0,0
145,723,0,0,0,0,0,0,0,0,0
146,175,0,0,0,0,0,0,0,0,0
148,204,0,0,0,0,0,0,0,0,0
148,508,0,0,0,0,0,0,0,0,0
149,130,0,0,0,0,0,0,0,0,0
149,190,0,0,0,0,0,0,0,0,0
150,163,0,0,0,0,0,0,0,0,0
150,479,0,0,0,0,0,0,0,0,0
151,116,0,0,0,0,0,0,0,0,0
151,364,0,0,0,0,0,0,0,0,0
152,169,0,0,0,0,0,0,0,0,0
152,930,0,0,0,0,0,0,0,0,0
153,127,0,0,0,0,0,0,0,0,0
153,156,0,0,1,0,0,0,0,0,0
156,266,0,0,0,0,0,0,0,0,0
158,719,0,0,0,0,0,0,0,0,0
158,972,0,0,0,0,0,0,0,0,0
159,497,0,0,0,0,0,0,0,0,0
160,255,0,0,0,0,0,0,0,0,0
160,454,0,0,0,0,0,0,0,0,0
160,533,0,0,0,0,0,0,0,0,0
160,732,0,0,0,0,0,0,0,0,0
162,131,0,0,0,0,0,0,0,0,0
164,221,0,0,0,0,0,0,0,0,0
164,429,0,0,0,0,0,0,0,0,0
167,105,0,0,0,0,0,0,0,0,0
167,475,0,0,0,0,0,0,0,0,0
167,919,0,0,0,0,0,0,0,0,0
169,122,0,0,0,0,0,0,0,0,0
171,146,0,0,0,0,0,0,0,0,0
174,357,0,0,0,0,0,0,0,0,0
174,379,0,0,0,0,0,0,0,0,0
175,177,0,0,0,0,0,0,0,0,0
176,164,0,0,0,0,0,0,0,0,0
179,355,0,0,0,0,0,0,0,0,0
181,818,0,0,0,0,0,0,0,0,0
182,142,0,0,0,0,0,0,0,0,0
182,157,0,0,0,0,0,0,0,0,0
183,104,0,0,0,0,0,0,0,0,0
183,110,0,0,0,0,0,0,0,0,0
186,257,0,0,0,0,0,0,0,0,0
187,615,0,0,0,0,0,0,0,0,0
188,108,0,0,0,0,0,0,0,0,0
188,125,0,0,0,0,0,0,0,0,0
189,260,0,0,0,0,0,0,0,0,0
190,323,0,0,0,0,0,0,0,0,0
191,282,0,0,0,0,0,0,0,0,0
193,417,0,0,0,0,0,0,0,0,0
193,445,0,0,0,0,0,0,0,0,0
194,289,0,0,0,0,0,0,0,0,0
197,238,0,0,0,0,0,0,0,0,0
197,716,0,0,0,0,0,0,0,0,0
199,310,0,0,0,0,0,0,0,0,0
200,127,0,0,0,0,0,0,0,0,0
202,127,0,0,0,0,0,0,0,0,0
202,146,0,0,0,0,0,0,0,0,0
203,215,0,0,0,0,0,0,0,0,0
203,574,0,0,0,0,0,0,0,0,0
205,117,0,0,0,0,0,0,0,0,0
205,249,0,0,0,0,0,0,0,0,0
205,433,0,0,0,0,0,0,0,0,0
205,535,0,1,0,0,0,0,0,0,0
207,524,0,0,0,0,0,0,0,0,0
207,535,0,0,0,0,0,0,0,0,0
209,135,0,0,0,0,0,0,0,0,0
209,898,0,0,0,0,0,0,0,0,0
209,921,0,0,0,0,0,0,0,0,0
212,368,0,0,0,0,0,0,0,0,0
213,116,0,0,0,0,0,0,0,0,0
214,915,0,0,0,0,0,0,0,0,0
215,133,0,0,0,0,0,0,0,0,0
219,139,0,0,0,0,0,0,0,0,0
220,467,0,0,0,0,0,0,0,0,0
220,492,0,0,0,0,0,0,0,0,0
221,201,0,0,0,0,0,0,0,0,0
221,587,0,0,0,0,0,0,0,0,0
221,871,0,0,0,0,0,0,0,0,0
224,441,0,0,0,0,0,0,0,0,0
227,171,0,0,0,0,0,0,0,0,0
228,316,1,0,0,0,0,0,0,0,0
230,556,0,0,0,0,0,0,0,0,0
231,104,0,0,0,0,0,0,0,0,0
234,996,0,0,0,0,0,0,0,0,0
235,857,0,0,0,0,0,0,0,0,0
237,103,1,0,0,0,0,0,0,0,0
237,634,0,0,0,0,0,0,0,0,0
239,779,0,0,0,0,0,0,0,0,0
241,337,0,0,0,0,0,0,0,0,0
241,888,0,0,0,0,0,0,0,0,0
242,441,0,0,0,0,0,0,0,0,0
243,353,0,0,0,0,0,0,0,0,0
244,587,0,0,0,0,0,0,0,0,0
246,263,0,0,0,0,0,0,0,0,0
246,699,0,0,0,0,0,0,0,0,0
247,337,0,0,0,0,0,0,0,0,0
247,444,0,0,0,0,0,0,0,0,0
247,457,0,0,0,0,0,0,0,0,0
247,858,0,0,0,0,0,0,0,0,0
249,260,0,0,0,0,0,0,0,0,0
249,903,0,0,0,0,0,0,0,0,0
250,115,0,0,0,0,0,0,0,0,0
250,125,0,0,0,0,0,0,0,0,0
253,822,0,0,0,0,0,0,0,0,0
255,396,0,0,0,0,0,0,0,0,0
255,440,0,0,0,0,0,0,0,0,0
256,150,0,0,0,0,0,0,0,0,0
257,103,0,0,0,0,0,0,0,0,0
258,134,0,0,0,0,0,0,0,0,0
260,249,0,0,0,0,0,0,0,0,0
261,201,0,0,0,0,0,0,0,0,0
263,881,0,0,0,0,0,0,0,0,0
264,252,0,0,0,0,0,0,0,0,0
266,988,0,0,0,0,0,0,0,0,0
267,416,0,0,0,0,0,0,0,0,0
268,220,0,0,0,0,0,0,0,0,0
272,537,0,0,0,0,0,0,0,0,0
275,941,0,0,0,0,0,0,0,0,0
276,327,0,0,0,0,0,0,0,0,0
278,115,0,0,0,0,0,0,0,0,0
278,242,0,0,0,0,0,0,0,0,0
280,393,0,0,0,0,0,0,0,0,0
280,651,0,0,0,0,0,0,0,0,0
282,249,0,0,0,0,0,0,0,0,0
282,661,0,0,0,0,0,0,0,0,0
283,287,0,0,0,0,0,0,0,0,0
284,836,0,0,0,0,0,0,0,0,0
285,228,0,0,0,0,0,0,0,0,0
286,766,0,0,0,0,0,0,0,0,0
289,221,0,0,0,0,0,0,0,0,0
289,793,0,0,0,0,0,0,0,0,0
291,158,0,0,0,0,0,0,0,0,0
291,936,0,0,0,0,0,0,0,0,0
292,308,0,0,0,0,0,0,0,0,0
294,649,0,0,0,0,0,0,0,0,0
294,924,0,0,0,0,0,0,0,0,0
295,671,0,0,0,0,0,0,0,0,0
297,178,0,0,0,0,0,0,0,0,0
298,963,0,0,0,0,0,0,0,0,0
299,136,0,0,0,0,0,0,0,0,0
299,532,0,0,0,0,0,0,0,0,0
300,353,0,0,0,0,0,0,0,0,0
300,384,0,0,0,0,0,0,0,0,0
301,279,0,0,0,0,0,0,0,0,0
301,587,0,0,1,0,0,0,0,0,0
306,125,0,0,0,0,0,0,0,0,0
309,329,0,0,0,0,0,0,0,0,0
310,801,0,0,0,0,0,0,0,0,0
311,285,0,0,0,0,0,0,0,0,0
311,491,0,0,0,0,0,0,0,0,0
312,345,0,0,0,0,0,0,0,0,0
314,324,0,0,0,0,0,0,0,0,0
315,329,0,0,0,0,0,0,0,0,0
315,452,0,0,0,0,0,0,0,0,0
315,628,0,0,0,0,0,0,0,0,0
316,277,0,0,0,0,0,0,0,0,0
318,106,0,0,0,0,0,0,0,0,0
320,574,0,0,0,0,0,0,0,0,0
322,304,0,0,0,0,0,0,0,0,0
322,471,0,0,0,0,0,0,0,0,0
323,233,0,0,0,0,0,0,0,0,0
324,129,0,0,0,0,0,0,0,0,0
325,442,0,0,0,0,0,0,0,0,0
327,148,0,0,0,0,0,0,0,0,0
327,459,0,0,0,0,0,0,0,0,0
328,201,0,0,0,0,0,0,0,0,0
328,802,0,0,0,0,0,0,0,0,0
328,851,0,0,0,0,0,0,0,0,0
330,361,0,0,0,0,0,0,0,0,0
332,153,0,0,0,0,0,0,0,0,0
332,813,0,0,0,0,0,0,0,0,0
334,275,0,0,0,0,0,0,0,0,0
336,535,0,0,0,0,0,0,0,0,0
337,129,0,0,0,0,0,0,0,0,0
337,138,0,0,0,0,0,0,0,0,0
338,242,0,0,0,0,0,0,0,0,0
340,337,0,0,0,0,0,0,0,0,0
340,598,0,0,0,0,0,0,0,0,0
341,316,0,0,0,0,0,0,0,0,0
342,331,0,0,0,0,0,0,0,0,0
343,174,0,0,0,0,0,0,0,0,0
345,916,0,0,0,0,0,0,0,0,0
349,176,0,0,0,0,0,0,0,0,0
350,271,0,0,0,0,0,0,0,0,0
350,289,0,0,0,0,0,0,0,0,0
350,360,0,0,0,0,0,0,0,0,0
353,250,0,0,0,0,0,0,0,0,0
353,335,0,0,0,0,0,0,0,0,0
353,745,0,0,0,0,0,0,0,0,0
354,166,0,0,0,0,0,0,0,0,0
355,344,0,0,0,0,0,0,0,0,0
357,294,0,0,0,0,0,0,0,0,0
358,212,0,0,0,0,0,0,0,0,0
358,307,0,0,0,0,0,0,0,0,0
358,747,0,0,0,0,0,0,0,0,0
361,565,0,0,0,0,0,0,0,0,0
363,112,0,0,0,0,0,0,0,0,0
364,327,0,0,0,0,0,0,0,0,0
365,829,0,0,0,0,0,0,0,0,0
368,848,0,0,0,0,0,0,0,0,0
368,903,0,0,0,0,0,0,0,0,0
369,401,0,0,0,0,0,0,0,0,0
369,414,0,0,0,0,0,0,0,0,0
371,250,0,0,0,1,0,0,0,0,0
372,311,0,0,0,0,0,0,0,0,0
372,359,0,0,0,0,0,0,0,0,0
374,136,0,0,0,0,0,0,0,0,0
374,157,0,0,0,0,0,0,0,0,0
375,237,0,0,0,0,0,0,0,0,0
376,107,0,0,0,0,0,0,0,0,0
376,295,0,0,0,0,0,0,0,0,0
376,668,0,0,0,0,0,0,0,0,0
377,137,0,0,0,0,0,0,0,0,0
377,171,0,0,0,0,0,0,0,0,0
377,306,0,0,0,0,0,0,0,0,0
378,814,0,0,0,0,0,0,0,0,0
379,799,0,0,0,0,0,0,0,0,0
381,461,0,0,0,0,0,0,0,0,0
382,131,0,0,0,0,0,0,0,0,0
384,129,0,0,0,0,0,0,0,0,0
384,557,0,0,0,0,0,0,0,0,0
385,131,0,0,0,0,0,0,0,0,0
386,113,0,0,0,0,0,0,0,0,0
387,319,0,0,0,0,0,0,0,0,0
388,125,0,0,0,0,0,0,0,0,0
389,191,0,0,0,0,0,0,0,0,0
389,802,0,0,0,0,0,0,0,0,0
391,981,0,0,0,0,0,0,0,0,0
391,999,0,0,0,0,0,0,0,0,0
392,656,0,0,0,0,0,0,0,0,0
394,420,0,0,0,0,0,0,0,0,0
394,754,0,0,0,0,0,0,0,0,0
397,134,0,0,0,0,0,0,0,0,0
397,224,0,0,0,0,0,0,0,0,0
397,248,0,0,0,0,0,0,0,0,0
397,501,0,0,0,0,0,0,0,0,0
397,717,0,0,0,0,0,0,0,0,0
399,269,0,0,0,0,0,0,0,0,0
403,127,0,0,0,0,0,0,0,0,0
403,708,0,0,0,0,0,0,0,0,0
405,606,0,0,0,0,0,0,0,0,0
407,141,0,0,0,0,0,0,0,0,0
407,545,0,0,0,0,0,0,0,0,0
409,174,0,0,0,0,0,0,0,0,0
409,373,0,0,0,0,0,0,0,0,0
410,540,0,0,0,0,0,0,0,0,0
411,539,0,0,0,0,0,0,0,0,0
415,302,0,0,0,0,0,0,0,0,0
417,360,0,0,0,0,0,0,0,0,0
418,226,0,0,0,0,0,0,0,0,0
418,696,0,0,0,0,0,0,0,0,0
418,822,0,0,0,0,0,0,0,0,0
419,115,0,0,0,0,0,0,0,0,0
419,580,0,0,0,0,0,0,0,0,0
420,206,0,0,0,0,0,0,0,0,0
423,173,0,0,0,0,0,0,0,0,0
424,345,0,0,0,0,0,0,0,0,0
424,476,0,0,0,0,0,0,0,0,0
426,134,0,0,0,0,0,0,0,0,0
426,836,0,0,0,0,0,0,0,0,0
428,520,0,0,0,0,0,0,0,0,0
429,134,0,0,0,0,0,0,0,0,0
429,552,0,0,0,0,0,0,0,0,0
431,103,0,0,0,0,0,0,0,0,0
433,219,0,0,0,0,0,0,0,0,0
433,271,0,0,0,0,0,0,0,0,0
434,397,0,0,0,0,0,0,0,0,0
434,406,0,0,0,0,0,0,0,0,0
436,608,0,0,0,0,0,0,0,0,0
437,281,0,0,0,0,0,0,0,0,0
438,118,0,0,0,0,0,0,0,0,0
438,760,0,0,0,0,0,0,0,0,0
442,341,0,0,0,0,0,0,0,0,0
443,753,0,0,0,0,0,0,0,0,0
444,124,0,0,0,0,0,0,0,0,0
446,321,0,0,0,0,0,0,0,0,0
448,181,0,0,0,0,0,0,0,0,0
448,190,0,0,0,0,0,0,0,0,0
449,141,0,0,0,0,0,0,0,0,0
449,822,0,0,0,0,0,0,0,0,0
451,152,0,0,0,0,0,0,0,0,0
451,156,0,0,0,0,0,0,0,0,0
451,811,0,0,0,0,0,0,0,0,0
453,198,0,0,0,0,0,0,0,0,0
454,130,0,0,0,0,0,0,0,0,0
454,136,0,0,0,0,0,0,0,0,0
454,804,0,0,0,0,0,0,0,0,0
454,842,0,0,0,0,0,0,0,0,0
454,961,0,0,0,0,0,0,0,0,0
456,254,0,0,0,0,0,0,0,0,0
456,712,0,0,0,0,0,0,0,0,0
458,419,0,0,0,0,0,0,0,0,0
459,897,0,0,0,0,0,0,0,0,0
460,103,0,0,0,0,0,0,0,0,0
461,109,0,0,0,0,0,0,0,0,0
461,226,0,0,0,0,0,0,0,0,0
461,511,0,0,0,0,0,0,0,0,0
464,680,0,0,0,0,0,0,0,0,0
465,352,0,0,0,0,0,0,0,0,0
465,478,0,0,1,0,0,0,0,0,0
466,110,0,0,0,0,0,0,0,0,0
466,327,0,0,0,0,0,0,0,0,0
466,773,0,0,0,0,0,0,0,0,0
468,307,0,0,0,0,0,0,0,0,0
468,426,0,0,0,0,0,0,0,0,0
470,254,0,0,0,0,0,0,0,0,0
472,104,1,0,0,0,0,0,0,0,0
472,677,0,0,0,0,0,0,0,0,0
473,233,0,0,0,0,0,0,0,0,0
476,124,0,0,0,0,0,0,0,0,0
477,263,0,0,0,0,0,0,0,0,0
477,998,0,0,0,0,0,0,0,0,0
478,195,0,0,0,0,0,0,0,0,0
478,287,0,0,0,0,0,0,0,0,0
479,194,0,0,0,0,0,0,0,0,0
479,299,0,0,0,0,0,0,0,0,0
480,501,0,0,0,0,0,0,0,0,0
483,325,0,0,0,0,0,0,0,0,0
485,257,0,0,0,0,0,0,0,0,0
485,333,0,0,0,0,0,0,0,0,0
485,506,0,0,0,0,0,0,0,0,0
487,116,0,0,0,0,0,0,0,0,0
490,317,0,0,0,0,0,0,0,0,0
490,512,0,0,0,0,0,0,0,0,0
491,121,0,0,0,0,0,0,0,0,0
492,123,0,0,0,0,0,0,0,0,0
494,459,0,0,0,0,1,0,0,0,0
495,101,0,0,0,0,0,0,0,0,0
495,112,0,0,0,0,0,0,0,0,0
495,115,0,0,0,0,0,0,0,0,0
495,291,0,0,0,0,0,0,0,0,0
497,202,0,0,0,0,0,0,0,0,0
498,205,0,0,0,0,0,0,0,0,0
500,178,0,0,0,0,0,0,0,0,0
500,283,0,0,0,0,0,0,0,0,0
500,333,0,0,0,0,0,0,0,0,0
501,370,0,0,0,0,0,0,0,0,0
501,404,0,0,0,0,0,0,0,0,0
501,440,0,0,0,0,0,0,0,0,0
502,129,0,0,0,0,0,0,0,0,0
502,182,0,0,0,0,0,0,0,0,0
503,109,0,0,0,0,0,0,0,0,0
504,616,0,0,0,0,0,0,0,0,0
506,767,0,0,0,0,0,0,0,0,0
507,688,0,0,0,0,0,0,0,0,0
508,102,0,0,0,0,0,0,0,0,0
508,288,0,0,0,0,0,0,0,0,0
512,266,0,0,0,0,0,0,0,0,0
517,157,0,0,0,0,0,0,0,0,0
518,192,0,0,0,0,0,0,0,0,0
518,252,0,0,0,0,0,0,0,0,0
518,567,0,0,0,0,0,0,0,0,0
520,873,0,0,0,0,0,0,0,0,0
521,254,0,0,0,0,0,0,0,0,0
521,522,0,0,0,0,0,0,0,0,0
522,166,0,0,0,0,0,0,0,0,0
522,262,0,0,0,0,0,0,0,0,0
524,132,0,0,1,0,0,0,0,0,0
524,190,0,0,0,0,0,0,0,0,0
525,143,0,0,0,0,0,0,0,0,0
525,748,0,0,0,0,0,0,0,0,0
527,101,0,0,0,0,0,0,0,0,0
527,179,0,0,0,0,0,0,0,0,0
527,464,0,0,0,0,0,0,0,0,0
529,128,0,0,0,0,0,0,0,0,0
530,616,0,0,0,0,0,0,0,0,0
533,225,0,0,0,0,0,0,0,0,0
534,184,0,0,0,0,0,0,0,0,0
534,634,0,0,0,0,0,0,0,0,0
535,850,0,0,0,0,0,0,0,0,0
536,196,0,0,0,0,0,0,0,0,0
537,230,0,0,0,0,0,0,0,0,0
538,350,0,0,0,0,0,0,0,0,0
539,185,0,0,0,0,0,0,0,0,0
539,336,0,0,0,0,0,0,0,0,0
544,674,0,0,0,0,0,0,0,0,0
546,803,0,0,0,0,0,0,0,0,0
547,220,0,0,0,0,0,0,0,0,0
550,102,0,0,0,0,0,0,0,0,0
551,137,0,0,0,0,0,0,0,0,0
553,180,0,0,0,0,0,0,0,0,0
554,111,0,0,0,0,0,0,0,0,0
554,282,0,0,0,0,0,0,0,0,0
555,215,0,0,0,0,0,0,0,0,0
558,860,0,0,0,0,0,0,0,0,0
561,319,0,0,0,0,0,0,0,0,0
561,684,0,0,0,0,0,0,0,0,0
562,654,0,0,0,0,0,0,0,0,0
564,166,0,0,0,0,0,0,0,0,0
566,217,0,0,0,0,0,0,0,0,0
566,582,0,0,0,0,0,0,0,0,0
566,675,0,0,0,0,0,0,0,0,0
567,132,0,0,0,0,0,0,0,0,0
567,374,0,0,0,0,0,0,0,0,0
570,216,0,0,0,0,0,0,0,0,0
570,274,0,0,0,0,0,0,0,0,0
570,820,0,0,0,0,0,0,0,0,0
571,211,0,0,0,0,0,0,0,0,0
574,141,0,0,0,0,0,0,0,0,0
574,222,0,0,0,1,0,0,0,0,0
574,392,0,0,0,0,0,0,0,0,0
576,288,0,0,0,0,0,0,0,0,0
577,127,0,0,0,0,0,0,0,0,0
578,266,0,0,0,0,0,0,0,0,0
578,749,0,0,0,0,0,0,0,0,0
579,785,0,0,0,0,0,0,0,0,0
580,104,0,0,0,0,0,0,0,0,0
581,189,0,0,0,0,0,0,0,0,0
582,714,0,0,0,0,0,0,0,0,0
584,126,0,0,0,0,0,0,0,0,0
584,546,0,0,0,0,0,0,0,0,0
586,496,0,0,0,0,0,0,0,0,0
588,115,0,0,0,0,0,0,0,0,0
588,278,0,0,0,0,0,0,0,0,0
589,821,0,0,0,0,0,0,0,0,0
592,897,0,0,0,0,0,0,0,0,0
593,104,0,0,1,0,0,0,0,0,0
593,484,0,0,0,0,0,0,0,0,0
594,294,0,0,0,0,0,0,0,0,0
594,709,0,0,0,0,0,0,0,0,0
595,144,0,0,0,0,0,0,0,0,0
595,547,0,0,0,0,0,0,0,0,0
596,206,0,0,0,0,0,0,0,0,0
597,748,0,0,0,0,0,0,0,0,0
598,101,0,0,0,0,0,0,0,0,0
598,108,0,0,0,0,0,0,0,0,0
599,187,0,0,0,0,0,0,0,0,0
601,139,0,0,0,0,0,0,0,0,0
601,232,0,0,0,0,0,0,0,0,0
601,347,0,0,0,0,0,0,0,0,0
601,927,0,0,0,0,0,0,0,0,0
606,133,0,0,0,0,0,0,0,0,0
607,132,0,0,0,0,0,0,0,0,0
608,627,0,0,0,0,0,0,0,0,0
608,974,0,0,0,0,0,0,0,0,0
609,235,0,0,0,0,0,0,0,0,0
610,272,0,0,0,0,0,0,0,0,0
610,776,0,0,0,0,0,0,0,0,0
611,109,0,0,0,0,0,0,0,0,0
611,669,0,0,0,0,0,0,0,0,0
613,419,0,0,0,0,0,0,0,0,0
614,530,0,0,0,0,0,0,0,0,0
618,160,0,0,0,0,0,0,0,0,0
619,239,0,0,0,0,0,0,0,0,0
621,689,0,0,0,0,0,0,0,0,0
622,136,0,0,0,0,0,0,0,0,0
622,308,0,0,0,0,0,0,0,0,0
623,964,0,0,0,0,0,0,0,0,0
625,786,0,0,0,0,0,0,0,0,0
625,893,0,0,0,0,0,0,0,0,0
627,173,0,0,0,0,0,0,0,0,0
627,353,0,0,0,0,0,0,0,0,0
627,373,0,0,0,0,0,0,0,0,0
628,352,0,0,0,0,0,0,0,0,0
629,325,0,0,0,0,0,0,0,0,0
630,123,0,0,0,0,0,0,0,0,0
630,888,0,0,0,0,0,0,0,0,0
631,623,0,0,0,0,0,0,0,0,0
634,401,0,0,0,0,0,0,0,0,0
634,768,0,0,0,0,0,0,0,0,0
635,308,0,0,0,0,0,0,0,0,0
635,760,0,0,0,0,0,0,0,0,0
640,745,0,0,0,0,0,0,0,0,0
641,680,0,0,0,0,0,0,0,0,0
645,139,0,0,0,0,0,0,0,0,0
645,979,0,0,0,0,0,0,0,0,0
646,229,0,0,0,0,0,0,0,0,0
647,817,0,0,0,0,0,0,0,0,0
649,304,0,0,0,0,0,0,0,0,0
650,551,0,0,0,0,0,0,0,0,0
653,445,0,0,0,0,0,0,0,0,0
654,882,0,0,0,0,0,0,0,0,0
655,601,0,0,0,0,0,0,0,0,0
658,873,0,0,0,0,0,0,0,0,0
659,542,0,0,0,0,0,0,0,0,0
663,104,0,0,0,0,0,0,0,0,0
663,146,0,0,0,0,0,0,0,0,0
663,821,0,0,0,0,0,0,0,0,0
664,609,0,0,1,0,0,0,0,0,0
668,289,0,0,0,0,0,0,0,0,0
668,376,0,0,0,0,0,0,0,0,0
669,272,0,0,0,0,0,0,0,0,0
670,180,0,0,0,0,0,0,0,0,0
670,284,0,0,0,0,0,0,0,0,0
671,494,0,0,0,0,0,0,0,0,0
672,220,0,0,0,0,0,0,0,0,0
672,405,1,0,0,0,0,0,0,0,0
673,908,0,0,0,0,0,0,0,0,0
676,521,0,0,0,0,0,0,0,0,0
676,526,0,0,0,0,0,0,0,0,0
677,101,0,0,0,0,0,0,0,0,0
678,937,0,0,0,0,0,0,0,0,0
683,270,0,0,0,0,0,0,0,0,0
684,135,0,0,0,0,0,0,0,0,0
684,338,0,0,0,0,0,0,0,0,0
690,152,0,0,0,0,0,0,0,0,0
690,213,0,0,0,0,0,0,0,0,0
690,760,0,0,0,0,0,0,0,0,0
691,916,0,0,0,0,0,0,0,0,0
692,201,0,0,0,0,0,0,0,0,0
697,212,0,0,0,0,0,0,0,0,0
698,454,0,0,0,0,0,0,0,0,0
699,158,0,0,0,0,0,0,0,0,0
699,546,0,0,0,0,0,0,0,0,0
709,891,0,0,0,0,0,0,0,0,0
711,326,0,0,0,0,0,0,0,0,0
711,839,0,0,0,0,0,0,0,0,0
712,107,0,0,0,0,0,0,0,0,0
713,253,0,0,0,0,0,0,0,0,0
714,168,0,0,0,0,0,0,0,0,0
714,587,0,0,0,0,0,0,0,0,0
715,121,0,0,0,0,0,0,0,0,0
715,518,0,0,0,0,0,0,0,0,0
716,102,0,0,0,0,0,0,0,0,0
716,825,0,0,0,0,0,0,0,0,0
717,163,0,0,0,0,0,0,0,0,0
717,198,0,0,0,0,0,0,0,0,0
719,410,0,0,0,0,0,0,0,0,0
719,429,0,0,0,0,0,0,0,0,0
719,945,0,0,0,0,0,0,0,0,0
719,958,0,0,0,0,0,0,0,0,0
720,271,0,0,0,0,0,0,0,0,0
720,474,0,0,0,0,0,0,0,0,0
720,567,0,0,0,0,0,0,0,0,0
722,341,0,0,0,0,0,0,0,0,0
722,409,0,0,0,0,0,0,0,0,0
724,132,0,0,0,0,0,0,0,0,0
725,470,0,0,0,0,0,0,0,0,0
728,383,0,0,0,0,0,0,0,0,0
729,228,0,0,0,0,0,0,0,0,0
730,340,0,0,0,0,0,0,0,0,0
730,885,0,0,0,0,0,0,0,0,0
732,204,0,0,0,0,0,0,0,0,0
732,642,0,0,0,0,0,0,0,0,0
732,747,0,0,0,0,0,0,0,0,0
733,136,0,0,0,0,0,0,0,0,0
733,856,0,0,0,0,0,0,0,0,0
734,261,0,0,0,0,0,0,0,0,0
735,247,0,0,0,0,0,0,0,0,0
736,121,0,0,0,0,0,0,0,0,0
737,120,0,0,0,0,0,0,0,0,0
737,882,0,0,0,0,0,0,0,0,0
738,843,0,0,0,0,0,0,0,0,0
739,160,0,0,0,0,0,0,0,0,0
739,213,0,0,0,0,0,0,0,0,0
739,332,0,0,0,0,0,0,0,0,0
741,560,0,0,0,0,0,0,0,0,0
742,423,0,0,0,0,0,0,0,0,0
742,958,0,0,0,0,0,0,0,0,0
745,544,0,0,0,0,0,0,0,0,0
745,937,0,0,0,0,0,0,0,0,0
746,157,0,0,0,0,0,0,0,0,0
749,199,0,0,0,0,0,0,0,0,0
749,362,0,0,0,0,0,0,0,0,0
750,473,0,0,0,0,0,0,0,0,0
751,586,0,0,0,0,0,0,0,0,0
753,386,0,0,0,0,0,0,0,0,0
754,176,0,0,0,0,0,0,0,0,0
754,449,0,0,0,0,0,0,0,0,0
755,107,0,0,0,0,0,0,0,0,0
755,116,0,0,0,0,0,0,0,0,0
757,118,0,0,0,0,0,0,0,0,0
758,916,0,0,0,0,0,0,0,0,0
759,524,0,0,0,0,0,0,0,0,0
761,336,0,0,0,0,0,0,0,0,0
761,424,0,0,0,0,0,0,0,0,0
761,487,0,0,0,0,0,0,0,0,0
761,851,0,0,0,0,0,0,0,0,0
763,203,0,0,0,0,0,0,0,0,0
763,295,0,0,0,0,0,0,0,0,0
763,954,0,0,0,0,0,0,0,0,0
763,1000,0,0,0,0,0,0,0,0,0
764,282,0,0,0,0,0,0,0,0,0
764,303,0,0,0,0,0,0,0,0,0
767,338,0,0,0,0,0,0,0,0,0
767,902,0,0,0,0,0,0,0,0,0
770,426,0,0,0,0,0,0,0,0,0
772,230,0,0,0,0,0,0,0,0,0
772,424,0,0,0,0,0,0,0,0,0
773,304,0,0,0,0,0,0,0,0,0
773,648,0,0,0,0,0,0,0,0,0
773,990,0,0,0,0,0,0,0,0,0
774,718,0,0,0,0,0,0,0,0,0
775,942,0,0,0,0,0,0,0,0,0
776,774,0,0,0,0,0,0,0,0,0
777,963,0,0,0,0,0,0,0,0,0
778,202,0,0,0,0,0,0,0,0,0
780,312,0,0,0,0,0,0,0,0,0
780,914,0,0,0,0,0,0,0,0,0
781,564,0,0,0,0,0,0,0,0,0
781,608,0,0,0,0,0,0,0,0,0
781,978,0,0,0,0,0,0,0,0,0
783,386,0,0,0,0,0,0,0,0,0
783,886,0,0,0,0,0,0,0,0,0
785,124,0,0,0,0,0,0,0,0,0
787,663,0,0,0,0,0,0,0,0,0
789,514,0,0,0,0,0,0,0,0,0
790,290,0,0,0,0,0,0,0,0,0
790,715,0,0,0,0,0,0,0,0,0
792,646,0,0,0,0,0,0,0,0,0
793,278,0,0,0,0,0,0,0,0,0
795,227,0,0,0,0,0,0,0,0,0
801,129,0,0,0,0,0,0,0,0,0
801,247,0,0,0,0,0,0,0,0,0
802,367,0,0,0,0,0,0,0,0,0
804,387,0,0,0,0,0,0,0,0,0
804,570,0,0,0,0,0,0,0,0,0
805,152,0,0,0,0,0,0,0,0,0
806,936,0,0,0,0,0,0,0,0,0
807,804,0,0,0,0,0,0,0,0,0
808,203,0,0,0,0,0,0,0,0,0
809,266,0,0,0,0,0,0,0,0,0
810,742,0,0,0,0,0,0,0,0,0
811,288,0,0,0,0,0,0,0,0,0
811,551,0,0,0,0,0,0,0,0,0
812,511,0,0,0,0,0,0,0,0,0
813,132,0,0,0,0,0,0,0,0,0
813,448,0,0,0,0,0,0,0,0,0
813,596,0,0,0,0,0,0,0,0,0
814,315,0,0,0,0,0,0,0,0,0
814,465,0,0,0,0,0,0,0,0,0
815,123,0,0,0,0,0,0,0,0,0
815,541,0,0,0,0,0,0,0,0,0
816,129,0,0,0,0,0,0,0,0,0
816,713,0,0,0,0,0,0,0,0,0
817,205,0,0,0,0,0,0,0,0,0
819,446,0,0,0,0,0,0,0,0,0
822,245,1,0,0,0,0,0,0,0,0
822,285,0,0,0,0,0,0,0,0,0
822,709,0,0,0,0,0,0,0,0,0
823,102,1,0,0,0,0,0,0,0,0
823,587,0,0,0,0,0,0,0,0,0
825,595,0,0,0,0,0,0,0,0,0
825,865,0,0,0,0,0,0,0,0,0
825,964,0,0,0,0,0,0,0,0,0
826,949,0,0,0,0,0,0,0,0,0
828,498,0,0,0,0,0,0,0,0,0
831,692,0,0,0,0,0,0,0,0,0
834,296,0,0,0,0,0,0,0,0,0
834,308,0,0,0,0,0,0,0,0,0
834,507,0,0,0,0,0,0,0,0,0
834,585,0,0,0,0,0,0,0,0,0
834,779,0,0,0,0,0,0,0,0,0
837,868,0,0,0,0,0,0,0,0,0
837,999,0,0,0,0,0,0,0,0,0
838,803,0,0,0,0,0,0,0,0,0
840,322,0,0,0,0,0,0,0,0,0
840,456,0,0,0,0,0,0,0,0,0
841,877,0,0,0,0,0,0,0,0,0
845,146,0,0,0,0,0,0,0,0,0
845,210,0,0,0,0,0,0,0,0,0
847,213,0,0,0,0,0,0,0,0,0
847,299,0,0,0,0,0,0,0,0,0
847,735,0,0,0,0,0,0,0,0,0
852,292,0,0,0,0,0,0,0,0,0
853,119,0,0,0,0,0,0,0,0,0
853,363,0,0,0,0,0,0,0,0,0
853,893,0,0,0,0,0,0,0,0,0
855,147,0,0,0,0,0,0,0,0,0
855,177,0,0,0,0,0,0,0,0,0
855,538,0,0,0,0,0,0,0,0,0
856,275,0,0,0,0,0,0,0,0,0
858,686,0,0,0,0,0,0,0,0,0
860,138,0,0,0,0,0,0,0,0,0
860,370,0,0,0,0,0,0,0,0,0
861,137,0,0,0,0,0,0,0,0,0
861,301,0,0,0,0,0,0,0,0,0
862,751,0,0,0,0,0,0,0,0,0
863,533,0,0,0,0,0,0,0,0,0
864,199,0,0,0,0,0,0,0,0,0
865,167,0,0,0,0,0,0,0,0,0
865,358,0,0,0,0,0,0,0,0,0
866,278,0,0,0,0,0,0,0,0,0
867,327,0,0,0,0,0,0,0,0,0
869,149,0,0,0,0,0,0,0,0,0
870,608,0,0,0,0,0,0,0,0,0
875,211,0,0,0,0,0,0,0,0,0
875,497,0,0,0,0,0,0,0,0,0
876,653,0,0,0,0,0,0,0,0,0
877,122,0,0,0,0,0,0,0,0,0
878,538,0,0,0,0,0,0,0,0,0
878,586,0,0,0,0,0,0,0,0,0
878,816,0,0,0,0,0,0,0,0,0
879,207,0,0,0,0,0,0,0,0,0
879,226,0,0,0,0,0,0,0,0,0
881,101,0,0,0,0,0,0,0,0,0
881,216,0,0,0,0,0,0,0,0,0
881,592,0,0,0,0,0,0,0,0,0
883,117,0,0,0,0,0,0,0,0,0
887,287,0,0,0,0,0,0,0,0,0
887,782,0,0,0,0,0,0,0,0,0
889,154,0,0,0,0,0,0,0,0,0
889,159,0,0,0,0,0,0,0,0,0
889,365,0,0,0,0,0,0,0,0,0
891,257,0,0,0,0,0,0,0,0,0
891,491,0,0,0,0,0,0,0,0,0
894,126,0,0,0,0,0,0,0,0,0
894,132,0,0,0,0,0,0,0,0,0
894,341,0,0,0,0,0,0,0,0,0
896,648,0,0,0,0,0,0,0,0,0
897,101,0,0,0,0,0,0,0,0,0
897,384,0,0,0,0,0,0,0,0,0
899,297,0,0,0,0,0,0,0,0,0
899,380,0,0,0,0,0,0,0,0,0
899,708,0,0,0,0,0,0,0,0,0
900,486,0,0,0,0,0,0,0,0,0
901,297,0,0,0,0,0,0,0,0,0
903,172,0,0,0,0,0,0,0,0,0
903,641,0,0,0,0,0,0,0,0,0
908,361,0,0,0,0,0,0,0,0,0
909,492,0,0,0,0,0,0,0,0,0
912,218,0,0,0,0,0,0,0,0,0
912,247,0,0,0,0,0,0,0,0,0
916,775,0,0,0,0,0,0,0,0,0
917,323,0,0,0,0,0,0,0,0,0
919,178,0,0,0,0,0,0,0,0,0
919,268,0,0,0,0,0,0,0,0,0
921,134,0,0,0,0,0,0,0,0,0
921,319,0,0,0,0,0,0,0,0,0
922,227,0,0,0,0,0,0,0,0,0
922,914,0,0,0,0,0,0,0,0,0
923,894,0,0,0,0,0,0,0,0,0
928,352,0,0,0,0,0,0,0,0,0
928,355,0,0,0,0,0,0,0,0,0
932,105,0,0,0,0,0,0,0,0,0
932,114,0,0,0,0,0,0,0,0,0
932,307,0,0,0,0,0,0,0,0,0
933,404,0,0,0,0,0,0,0,0,0
934,278,0,0,0,0,0,0,0,0,0
934,282,0,0,0,0,0,0,0,0,0
934,393,0,0,0,0,0,0,0,0,0
936,333,0,0,0,0,0,0,0,0,0
936,548,0,0,0,0,0,0,0,0,0
938,206,0,0,0,0,0,0,0,0,0
938,456,0,0,0,0,0,0,0,0,0
940,204,0,0,0,0,0,0,0,0,0
940,434,0,0,0,0,0,0,0,0,0
941,117,0,0,0,0,0,0,0,0,0
941,385,0,0,0,0,0,0,0,0,0
942,140,0,0,0,0,0,0,0,0,0
942,261,0,0,0,0,0,0,0,0,0
942,443,0,0,0,0,0,0,0,0,0
946,682,0,0,0,0,0,0,0,0,0
947,101,0,0,0,0,0,0,0,0,0
947,296,0,0,0,0,0,0,0,0,0
948,107,0,0,0,0,0,0,0,0,0
949,116,0,0,0,0,0,0,0,0,0
951,243,0,0,0,0,0,0,0,0,0
953,423,0,0,0,0,0,0,0,0,0
955,355,0,0,0,0,0,0,0,0,0
955,862,0,0,0,0,0,0,0,0,0
956,264,0,0,0,0,0,0,0,0,0
956,464,0,0,0,0,0,0,0,0,0
957,614,0,0,0,0,0,0,0,0,0
958,112,0,0,0,0,0,0,0,0,0
958,367,0,0,0,0,0,0,0,0,0
958,530,0,0,0,0,0,0,0,0,0
958,752,0,0,0,0,0,0,0,0,0
959,403,0,0,0,0,0,0,0,0,0
960,932,0,0,0,0,0,0,0,0,0
961,934,0,0,0,0,0,0,0,0,0
962,168,0,0,0,0,0,0,0,0,0
963,117,0,0,0,0,0,0,0,0,0
965,134,0,0,0,0,0,0,0,0,0
965,164,0,0,0,0,0,0,0,0,0
965,438,0,0,0,0,0,0,0,0,0
966,653,0,0,0,0,0,0,0,0,0
966,793,0,0,0,0,0,0,0,0,0
968,319,0,0,0,0,0,0,0,0,0
971,504,0,0,0,0,0,0,0,0,0
972,125,0,0,0,0,0,0,0,0,0
973,218,0,0,0,0,0,0,0,0,0
975,255,0,0,0,0,0,0,0,0,0
976,247,0,0,0,0,0,0,0,0,0
976,532,0,0,0,0,0,0,0,0,0
980,207,0,0,0,0,0,0,0,0,0
980,317,0,0,0,0,0,0,0,0,0
980,331,0,0,0,0,0,0,0,0,0
980,369,0,0,0,0,0,0,0,0,0
981,239,0,0,0,0,0,0,0,0,0
982,875,0,0,0,0,0,0,0,0,0
983,279,0,0,0,0,0,0,0,0,0
985,641,0,0,0,0,0,0,0,0,0
991,235,0,0,0,0,0,0,0,0,0
991,367,0,0,0,0,0,0,0,0,0
992,230,0,0,0,0,0,0,0,0,0
992,496,0,0,0,0,0,0,0,0,0
992,522,0,0,0,0,0,0,0,0,0
992,875,0,0,0,0,0,0,0,0,0
996,103,0,0,0,0,0,0,0,0,0
996,172,0,0,0,0,0,0,0,0,0
996,345,0,0,0,0,0,0,0,0,0
999,199,0,0,0,0,0,0,0,0,0
999,841,0,0,0,0,0,0,0,0,0
1000,152,0,0,0,0,0,0,0,0,0
1001,581,0,0,0,0,0,0,0,0,0
1002,239,0,0,0,0,0,0,0,0,0
1003,922,0,0,0,0,0,0,0,0,0
1005,140,0,0,0,0,0,0,0,0,0
1006,966,0,0,0,0,0,0,0,0,0
1009,580,0,0,0,0,0,0,0,0,0
1009,852,0,0,0,0,0,0,0,0,0
1010,738,0,0,0,0,0,0,0,0,0
1011,108,0,0,0,0,0,0,0,0,0
1011,155,0,0,0,0,0,0,0,0,0
1011,180,0,0,0,0,0,0,0,0,0
1012,573,0,0,0,0,0,0,0,0,0
1013,129,0,0,0,0,0,0,0,0,0
1013,798,0,0,0,0,0,0,0,0,0
1014,385,0,0,0,0,0,0,0,0,0
1014,847,0,0,0,0,0,0,0,0,0
1015,266,0,0,0,0,0,0,0,0,0
1015,529,0,0,0,0,0,0,0,0,0
1016,896,0,0,0,0,0,0,0,0,0
1017,527,0,0,0,0,0,0,0,0,0
1018,200,0,0,0,0,0,0,0,0,0
1018,339,0,0,0,0,0,0,0,0,0
1018,364,0,0,0,0,0,0,0,0,0
1018,557,0,0,0,0,0,0,0,0,0
1019,511,0,0,0,0,0,0,0,0,0
1020,154,0,0,0,0,0,0,0,0,0
1020,489,0,0,0,0,0,0,0,0,0
1020,521,0,0,0,0,0,0,0,0,0
1021,128,0,0,0,0,0,0,0,0,0
1021,777,0,0,0,0,0,0,0,0,0
1022,209,0,0,0,0,0,0,0,0,0
1022,640,0,0,0,0,0,0,0,0,0
1024,107,0,0,0,0,0,0,0,0,0
1024,124,0,0,0,0,0,0,0,0,0
1024,380,0,0,0,0,0,0,0,0,0
1025,175,0,0,0,0,0,0,0,0,0
1025,177,0,0,0,0,0,0,0,0,0
1025,276,0,0,0,0,0,0,0,0,0
1025,489,0,0,0,0,0,0,0,0,0
1026,120,0,0,0,0,0,0,0,0,0
1028,264,0,0,0,0,0,0,0,0,0
1028,348,0,0,0,0,0,0,0,0,0
1028,372,0,0,0,0,0,0,0,0,0
1028,526,0,0,0,0,0,0,0,0,0
1029,449,0,0,0,0,0,0,0,0,0
1030,273,0,0,0,0,0,0,0,0,0
1030,371,0,0,0,0,0,0,0,0,0
1033,115,0,0,0,0,0,0,0,0,0
1034,514,0,0,0,0,0,0,0,0,0
1034,755,0,0,0,0,0,0,0,0,0
1035,291,0,0,0,0,0,0,0,0,0
1036,309,0,0,0,0,0,0,0,0,0
1036,350,0,0,0,0,0,0,0,0,0
1037,289,0,0,0,0,0,0,0,0,0
1038,253,0,0,0,0,0,0,0,0,0
1038,286,0,0,0,0,0,0,0,0,0
1038,318,0,0,0,0,0,0,0,0,0
1040,147,0,0,0,0,0,0,0,0,0
1040,152,0,0,0,0,0,0,0,0,0
1040,959,0,0,0,0,0,0,0,0,0
1042,307,0,0,0,0,0,0,0,0,0
1043,292,0,1,0,0,0,0,0,0,0
1043,475,0,0,0,0,0,0,0,0,0
1043,688,0,0,0,0,0,0,0,0,0
1044,135,0,0,0,0,0,0,0,0,0
1044,782,0,0,0,0,0,0,0,0,0
1045,509,0,0,0,0,0,0,0,0,0
1045,823,0,0,0,0,0,0,0,0,0
1047,186,0,0,0,0,0,0,0,0,0
1051,182,0,0,0,1,0,0,0,0,0
1053,732,0,0,0,0,0,0,0,0,0
1056,345,0,0,0,0,0,0,0,0,0
1056,902,0,0,0,0,0,0,0,0,0
1057,176,0,0,0,0,0,0,0,0,0
1058,380,0,0,0,0,0,0,0,0,0
1059,362,0,0,0,0,0,0,0,0,0
1059,885,0,0,0,0,0,0,0,0,0
1059,925,0,0,0,0,0,0,0,0,0
1060,167,0,0,0,0,0,0,0,0,0
1060,643,0,0,0,0,0,0,0,0,0
1061,197,0,0,0,0,0,0,0,0,0
1061,315,0,0,0,0,0,0,0,0,0
1061,500,0,0,0,0,0,0,0,0,0
1062,197,0,0,0,1,0,0,0,0,0
1062,332,0,0,0,0,0,0,0,0,0
1062,609,0,0,0,0,0,0,0,0,0
1063,675,0,0,0,0,0,0,0,0,0
1064,904,0,0,0,0,0,0,0,0,0
1065,410,0,0,0,0,0,0,0,0,0
1066,372,0,0,0,0,0,0,0,0,0
1066,893,0,0,0,0,0,0,0,0,0
1069,210,0,0,0,0,0,0,0,0,0
1069,550,0,0,0,0,0,0,0,0,0
1070,549,0,0,0,0,0,0,0,0,0
1070,599,0,0,0,0,0,0,0,0,0
1070,746,0,0,0,0,0,0,0,0,0
1071,129,0,0,0,0,0,0,0,0,0
1071,141,0,0,0,0,0,0,0,0,0
1072,148,0,1,0,0,0,0,0,0,0
1073,119,0,0,0,0,0,0,0,0,0
1078,323,0,0,0,0,0,0,0,0,0
1079,475,0,0,0,0,0,0,0,0,0
1079,815,0,0,0,0,0,0,0,0,0
1081,160,0,0,0,0,0,0,0,0,0
1082,137,0,0,0,0,0,0,0,0,0
1084,110,0,0,0,0,1,0,0,0,0
1084,928,0,0,0,0,0,0,0,0,0
1084,967,0,0,0,0,0,0,0,0,0
1085,336,0,0,0,0,0,0,0,0,0
1086,132,0,0,0,0,0,0,0,0,0
1087,825,0,0,0,0,0,0,0,0,0
1088,238,0,0,0,0,0,0,0,0,0
1088,323,0,0,0,0,0,0,0,0,0
1088,430,0,0,0,0,0,0,0,0,0
1088,620,0,0,0,0,0,0,0,0,0
1088,695,0,0,0,0,0,0,0,0,0
1089,938,0,0,0,0,0,0,0,0,0
1090,253,0,0,0,0,0,0,0,0,0
1091,209,0,0,0,0,0,0,0,0,0
1092,383,0,0,0,0,0,0,0,0,0
1093,592,0,0,0,0,0,0,0,0,0
1093,685,0,0,0,0,0,0,0,0,0
1093,898,0,0,0,0,0,0,0,0,0
1094,330,0,0,0,0,0,0,0,0,0
1094,502,0,0,0,0,0,0,0,0,0
1096,215,0,0,0,0,0,0,0,0,0
1096,268,0,0,0,0,0,0,0,0,0
1096,692,0,0,0,0,0,0,0,0,0
1098,245,0,1,0,0,0,0,0,0,0
1098,452,0,0,0,0,0,0,0,0,0
1099,989,0,0,0,0,0,0,0,0,0
1100,272,0,0,0,0,0,0,0,0,0
1101,172,0,0,0,0,0,0,0,0,0
1101,791,0,0,0,0,0,0,0,0,0
1102,405,0,0,0,0,0,0,0,0,0
1102,575,0,0,0,0,0,0,0,0,0
1102,680,0,0,0,0,0,0,0,0,0
1103,310,0,0,0,0,0,0,0,0,0
1104,179,0,0,0,0,0,0,0,0,0
1104,382,0,0,0,0,0,0,0,0,0
1106,121,0,0,0,0,0,0,0,0,0
1106,127,0,0,0,0,0,0,0,0,0
1106,448,0,0,0,0,0,0,0,0,0
1106,507,0,0,0,0,0,0,0,0,0
1107,302,0,0,0,0,0,0,0,0,0
1107,401,0,0,0,0,0,0,0,0,0
1108,119,0,0,0,0,0,0,0,0,0
1108,303,0,0,0,0,0,0,0,0,0
1112,146,0,0,0,0,0,0,0,0,0
1112,176,0,0,0,0,0,0,0,0,0
1113,365,0,0,0,0,0,0,0,0,0
1114,289,0,0,0,0,0,0,0,0,0
1116,129,0,0,0,0,0,0,0,0,0
1117,284,0,0,0,0,0,0,0,0,0
1117,887,0,0,0,0,0,0,0,0,0
1118,994,0,0,0,0,0,0,0,0,0
1119,143,0,0,0,0,0,0,0,0,0
1119,218,0,0,0,0,0,0,0,0,0
1120,102,0,0,0,0,0,0,0,0,0
1120,111,0,0,0,0,0,0,0,0,0
1121,497,0,0,0,0,0,0,0,0,0
1124,882,0,0,0,0,0,0,0,0,0
1125,938,0,0,0,0,0,0,0,0,0
1127,403,0,0,0,0,0,0,0,0,0
1129,332,0,0,0,0,0,0,0,0,0
1130,613,0,0,0,0,0,0,0,0,0
1131,140,0,0,0,0,0,0,0,0,0
1132,431,0,0,0,0,0,0,0,0,0
1132,553,0,0,0,0,0,0,0,0,0
1135,126,0,0,0,0,0,0,0,0,0
1135,917,0,0,0,0,0,0,0,0,0
1137,190,0,0,0,0,0,0,0,0,0
1138,350,0,0,0,0,0,0,0,0,0
1138,663,0,0,0,0,0,0,0,0,0
1139,263,0,0,0,0,0,0,0,0,0
1141,104,0,0,0,0,0,0,0,0,0
1141,139,0,0,0,0,0,0,0,0,0
1141,557,0,0,0,0,0,0,0,0,0
1142,185,0,0,0,0,0,0,0,0,0
1142,330,0,0,0,0,0,0,0,0,0
1143,200,0,0,0,0,0,0,0,0,0
1143,272,0,0,0,0,0,0,0,0,0
1144,705,0,0,0,0,0,0,0,0,0
1145,386,0,0,0,0,0,0,0,0,0
1146,348,0,0,0,0,0,0,0,0,0
1147,111,0,0,0,0,0,0,0,0,0
1147,284,0,0,0,0,0,0,0,0,0
1149,153,0,0,0,0,0,0,0,0,0
1150,119,0,0,0,0,0,0,0,0,0
1150,427,0,0,0,0,0,0,0,0,0
1151,211,0,0,0,0,0,0,0,0,0
1153,221,0,0,0,0,0,0,0,0,0
1153,436,0,0,0,0,0,0,0,0,0
1156,135,0,0,0,0,0,0,0,0,0
1156,169,0,0,0,0,0,0,0,0,0
1156,218,0,0,0,0,0,0,0,0,0
1159,369,0,0,0,0,0,0,0,0,0
1160,197,0,0,0,0,0,0,0,0,0
1160,640,0,0,0,0,0,0,0,0,0
1161,261,0,0,0,0,0,0,0,0,0
1163,474,0,0,0,0,0,0,0,0,0
1163,729,0,0,0,0,0,0,0,0,0
1163,730,0,0,0,0,0,0,0,0,0
1165,173,0,0,0,0,0,0,0,0,0
1166,121,0,0,0,0,0,0,0,0,0
1167,122,0,0,0,0,0,0,0,0,0
1167,222,0,0,0,0,0,0,0,0,0
1168,175,0,0,0,0,0,0,0,0,0
1170,358,0,0,0,0,0,0,0,0,0
1171,232,1,0,0,0,0,0,0,0,0
1172,780,0,0,0,0,0,0,0,0,0
1175,282,0,0,0,0,0,0,0,0,0
1177,337,0,0,0,0,0,0,0,0,0
1179,144,0,0,0,0,0,0,0,0,0
1179,745,0,0,0,0,0,0,0,0,0
1181,108,0,0,0,0,0,0,0,0,0
1184,175,0,0,0,0,0,0,0,0,0
1184,272,0,0,0,0,0,0,0,0,0
1184,506,0,0,0,0,0,0,0,0,0
1184,902,0,0,0,0,0,0,0,0,0
1185,261,0,0,0,0,0,0,0,0,0
1186,630,0,0,0,0,0,0,0,0,0
1187,124,0,0,0,0,0,0,0,0,0
1188,375,0,0,0,0,0,0,0,0,0
1189,134,0,0,0,0,0,0,0,0,0
1189,175,0,0,0,0,0,0,0,0,0
1189,901,0,0,0,0,0,0,0,0,0
1190,686,0,0,0,0,0,0,0,0,0
1191,641,0,0,0,0,0,0,0,0,0
1192,334,0,0,0,0,0,0,0,0,0
1193,197,0,0,0,0,0,0,0,0,0
1196,507,0,0,0,0,0,0,0,0,0
1198,159,0,0,0,0,0,0,0,0,0
1199,203,0,0,0,0,0,0,0,0,0
1200,283,0,0,0,0,0,0,0,0,0
1200,694,0,0,0,0,0,0,0,0,0
1201,221,0,0,0,0,0,0,0,0,0
1201,377,0,0,0,0,0,0,0,0,0
1202,770,0,0,0,0,0,0,0,0,0
1203,745,0,0,0,0,0,0,0,0,0
1204,153,0,0,0,0,0,0,0,0,0
1204,197,0,0,0,0,0,0,0,0,0
1208,560,0,0,0,0,0,0,0,0,0
1209,266,0,0,0,0,0,0,0,0,0
1210,607,0,0,0,0,0,0,0,0,0
1210,856,0,0,0,0,0,0,0,0,0
1211,161,0,0,0,0,0,0,0,0,0
1211,296,0,0,0,0,0,0,0,0,0
1211,320,0,0,0,0,0,0,0,0,0
1211,950,0,0,0,0,0,0,0,0,0
1212,159,0,0,0,0,0,0,0,0,0
1213,402,0,0,0,0,0,0,0,0,0
1216,199,0,0,0,0,0,0,0,0,0
1216,775,0,0,0,0,0,0,0,0,0
1218,183,0,0,0,0,0,0,0,0,0
1218,411,0,0,0,0,0,0,0,0,0
1218,473,0,0,0,0,0,0,0,0,0
1219,192,0,0,0,0,0,0,0,0,0
1219,198,0,0,0,0,0,0,0,0,0
1219,422,0,0,0,0,0,0,0,0,0
1220,520,0,0,0,0,0,0,0,0,0
1221,225,0,0,0,0,0,0,0,0,0
1222,123,0,0,0,0,0,0,0,0,0
1222,343,0,0,0,0,0,0,0,0,0
1223,936,0,0,0,0,0,0,0,0,0
1226,143,0,0,0,0,0,0,0,0,0
1227,185,0,0,0,0,0,0,0,0,0
1227,188,0,0,0,0,0,0,0,0,0
1228,130,0,0,0,0,0,0,0,0,0
1228,976,0,0,0,0,0,0,0,0,0
1230,859,0,0,0,0,0,0,0,0,0
1231,403,0,0,0,0,0,0,0,0,0
1231,641,0,0,0,0,0,0,0,0,0
1231,933,0,0,0,0,0,0,0,0,0
1231,943,0,0,0,0,0,0,0,0,0
1232,333,0,0,0,0,0,0,0,0,0
1233,105,0,0,0,0,0,0,0,0,0
1233,363,0,0,0,0,0,0,0,0,0
1234,191,0,0,0,0,0,0,0,0,0
1234,956,0,0,0,0,0,0,0,0,0
1235,150,0,0,0,0,0,0,0,0,0
1235,238,0,0,0,0,0,0,0,0,0
1236,618,0,0,0,0,0,0,0,0,0
1237,134,0,0,0,0,0,0,0,0,0
1237,173,0,0,0,0,0,0,0,0,0
1238,147,0,0,0,0,0,0,0,0,0
1240,330,0,0,0,0,0,0,0,0,0
1241,682,0,0,0,0,0,0,0,0,0
1243,116,0,0,0,0,0,0,0,0,0
1243,286,0,0,0,0,0,0,0,0,0
1244,105,0,0,0,0,0,0,0,0,0
1245,167,0,0,0,0,0,0,0,0,0
1245,290,0,0,0,0,0,0,0,0,0
1245,432,0,0,0,0,0,0,0,0,0
1245,630,0,0,0,0,0,0,0,0,0
1246,218,0,0,0,0,0,0,0,0,0
1246,681,0,0,0,0,0,0,0,0,0
1247,102,0,0,0,0,0,0,0,0,0
1252,138,0,0,0,0,0,0,0,0,0
1252,163,0,0,0,0,0,0,0,0,0
1252,186,0,0,0,0,0,0,0,0,0
1255,144,0,0,0,0,0,0,0,0,0
1256,121,0,0,0,0,0,0,0,0,0
1257,755,0,0,0,0,0,0,0,0,0
1260,104,0,0,0,0,0,0,0,0,0
1262,383,0,0,0,0,0,0,0,0,0
1262,476,0,0,0,0,0,0,0,0,0
1263,714,0,0,0,0,0,0,0,0,0
1265,218,0,0,0,0,0,0,0,0,0
1265,606,0,0,0,0,0,0,0,0,0
1266,135,0,0,0,0,0,0,0,0,0
1267,311,0,0,0,0,0,0,0,0,0
1268,131,0,0,0,0,0,0,0,0,0
1268,995,0,0,0,0,0,0,0,0,0
1270,530,0,0,0,0,0,0,0,0,0
1274,198,0,0,0,0,0,0,0,0,0
1274,220,0,0,0,0,0,0,0,0,0
1274,453,0,0,0,0,0,0,0,0,0
1275,690,0,0,0,0,0,0,0,0,0
1278,747,0,0,0,0,0,0,0,0,0
1279,114,0,0,0,0,0,0,0,0,0
1279,330,0,0,0,0,0,0,0,0,0
1279,710,0,0,0,0,0,0,0,0,0
1279,847,0,0,0,0,0,0,0,0,0
1281,718,0,0,0,0,0,0,0,0,0
1282,112,0,0,0,0,0,0,0,0,0
1283,130,0,0,0,0,0,0,0,0,0
1284,369,0,0,0,0,0,0,0,0,0
1286,206,0,0,0,0,0,0,0,0,0
1287,377,0,0,0,0,0,0,0,0,0
1287,589,0,0,0,0,0,0,0,0,0
1287,700,0,0,0,0,0,0,0,0,0
1288,184,0,0,0,0,0,0,0,0,0
1288,324,0,0,0,0,0,0,0,0,0
1293,118,0,0,0,0,0,0,0,0,0
1293,131,0,0,0,0,0,0,0,0,0
1293,948,0,0,0,0,0,0,0,0,0
1295,316,0,0,0,0,0,0,0,0,0
1295,321,0,0,0,0,0,0,0,0,0
1297,167,0,0,0,0,0,0,0,0,0
1297,274,0,0,0,0,0,0,0,0,0
1300,113,0,0,0,0,0,0,0,0,0
1300,161,0,0,0,0,0,0,0,0,0
1300,209,0,0,0,0,0,0,0,0,0
1300,382,0,0,0,0,0,0,0,0,0
1301,283,1,0,0,0,0,0,0,0,0
1301,306,0,0,0,0,0,0,0,0,0
1301,345,0,0,0,0,0,0,0,0,0
1303,788,0,0,0,0,0,0,0,0,0
1304,257,0,0,0,0,0,0,0,0,0
1304,305,0,0,0,0,0,0,0,0,0
1306,379,0,0,0,0,0,0,0,0,0
1307,312,0,0,0,0,0,0,0,0,0
1307,478,0,0,0,0,0,0,0,0,0
1308,206,0,0,0,0,0,0,0,0,0
1309,429,0,0,0,0,0,0,0,0,0
1310,169,0,0,0,0,0,0,0,0,0
1310,395,0,0,0,0,0,0,0,0,0
1312,707,0,0,0,0,0,0,0,0,0
1317,858,0,0,0,0,0,0,0,0,0
1319,142,0,0,0,0,0,0,0,0,0
1320,554,0,0,0,0,0,0,0,0,0
1321,301,0,0,0,0,0,0,0,0,0
1321,353,0,0,0,0,0,0,0,0,0
1322,171,0,0,0,0,0,0,0,0,0
1322,437,0,0,0,0,0,0,0,0,0
1323,141,0,0,0,0,0,0,0,0,0
1324,149,0,0,0,0,0,0,0,0,0
1327,474,0,0,0,0,0,0,0,0,0
1327,788,0,0,0,0,0,0,0,0,0
1328,238,0,0,0,0,0,0,0,0,0
1328,380,0,0,0,0,0,0,0,0,0
1328,797,0,0,0,0,0,0,0,0,0
1332,368,0,0,0,0,0,0,0,0,0
1333,993,0,0,0,0,0,0,0,0,0
1336,424,0,0,0,0,0,0,0,0,0
1337,198,0,0,0,0,0,0,0,0,0
1341,246,0,0,0,0,0,0,0,0,0
1343,664,0,0,0,0,0,0,0,0,0
1345,888,0,0,0,0,0,0,0,0,0
1347,188,0,0,0,0,0,0,0,0,0
1347,298,0,0,0,0,0,0,0,0,0
1348,271,0,0,0,0,0,0,0,0,0
1349,124,0,0,0,0,0,0,0,0,0
1351,370,0,0,0,0,0,0,0,0,0
1352,209,0,0,0,0,0,0,0,0,0
1352,667,0,0,0,0,0,0,0,0,0
1352,959,0,0,0,0,0,0,0,0,0
1353,229,0,0,0,0,0,0,0,0,0
1353,574,0,0,0,0,0,0,0,0,0
1354,113,0,0,0,0,0,0,0,0,0
1354,273,0,0,0,0,0,0,0,0,0
1354,514,0,0,0,0,0,0,0,0,0
1355,136,0,0,0,0,0,0,0,0,0
1356,105,0,0,0,0,0,0,0,0,0
1356,185,0,0,0,0,0,0,0,0,0
1357,417,0,0,0,0,0,0,0,0,0
1357,751,0,0,0,0,0,0,0,0,0
1360,358,0,0,0,0,0,0,0,0,0
1361,114,0,0,0,0,0,0,0,0,0
1362,244,0,0,0,0,0,0,0,0,0
1363,155,0,0,0,0,0,0,0,0,0
1363,215,0,0,0,0,0,0,0,0,0
1363,587,0,0,0,0,0,0,0,0,0
1363,870,0,0,0,0,0,0,0,0,0
1364,188,0,0,0,0,0,0,0,0,0
1366,397,0,0,0,0,0,0,0,0,0
1366,509,0,0,0,0,0,0,0,0,0
1368,395,0,0,0,0,0,0,0,0,0
1368,638,0,0,0,0,0,0,0,0,0
1370,386,0,0,0,0,0,0,0,0,0
1371,933,0,0,0,0,0,0,0,0,0
1372,336,0,0,0,0,0,0,0,0,0
1372,861,0,0,0,0,0,0,0,0,0
1373,105,0,0,0,0,0,0,0,0,0
1374,101,0,0,0,0,0,0,0,0,0
1374,235,0,0,0,0,0,0,0,0,0
1375,111,0,0,0,0,0,0,0,0,0
1376,467,0,0,0,0,0,0,0,0,0
1377,415,0,0,0,0,0,0,0,0,0
1379,175,0,0,0,0,0,0,0,0,0
1380,202,0,0,0,0,0,0,0,0,0
1381,112,0,0,0,0,0,0,0,0,0
1381,225,0,0,0,0,0,0,0,0,0
1381,491,0,0,0,0,0,0,0,0,0
1383,454,0,0,0,0,0,0,0,0,0
1385,765,0,0,0,0,0,0,0,0,0
1387,195,0,0,0,0,0,0,0,0,0
1388,699,0,0,0,0,0,0,0,0,0
1389,264,0,0,0,0,0,0,0,0,0
1390,286,0,0,0,0,0,0,0,0,0
1390,513,0,0,0,0,0,0,0,0,0
1391,103,0,0,0,0,0,0,0,0,0
1392,183,0,0,0,0,0,0,0,0,0
1392,431,0,0,0,0,0,0,0,0,0
1394,221,0,0,0,0,0,0,0,0,0
1395,460,0,0,0,0,0,0,0,0,0
1396,388,0,0,0,0,0,0,0,0,0
1397,330,0,0,0,0,0,0,0,0,0
1397,445,0,0,0,0,0,0,0,0,0
1402,319,0,0,0,0,0,0,0,0,0
1402,879,0,0,0,0,0,0,0,0,0
1403,133,0,0,0,0,0,0,0,0,0
1403,209,0,0,0,0,0,0,0,0,0
1403,574,0,0,0,0,0,0,0,0,0
1404,166,0,0,0,0,0,0,0,0,0
1404,214,0,0,0,0,0,0,0,0,0
1404,583,0,0,0,0,0,0,0,0,0
1404,766,0,0,0,0,0,0,0,0,0
1409,121,0,0,0,0,0,0,0,0,0
1409,203,0,0,0,0,0,0,0,0,0
1409,204,0,0,0,0,0,0,0,0,0
1409,859,0,0,0,0,0,0,0,0,0
1410,224,0,0,0,0,0,0,0,0,0
1412,165,0,0,0,0,0,0,0,0,0
1412,234,0,0,0,0,0,0,0,0,0
1413,369,0,0,0,0,0,0,0,0,0
1415,543,0,0,0,0,0,0,0,0,0
1415,809,0,0,0,0,0,0,0,0,0
1416,987,0,0,0,0,0,0,0,0,0
1417,158,0,0,0,0,0,0,0,0,0
1418,159,0,0,0,0,0,0,0,0,0
1418,453,0,0,0,0,0,0,0,0,0
1419,319,0,0,0,0,0,0,0,0,0
1420,503,0,0,0,0,0,0,0,0,0
1421,598,0,0,0,0,0,0,0,0,0
1423,113,0,0,0,0,0,0,0,0,0
1424,141,0,0,0,0,0,0,0,0,0
1425,171,0,0,0,0,0,0,0,0,0
1425,360,0,0,0,0,0,0,0,0,0
1426,301,0,0,0,0,0,0,0,0,0
1428,803,0,0,0,0,0,0,0,0,0
1429,385,0,0,0,0,0,0,0,0,0
1430,136,0,0,0,0,0,0,0,0,0
1431,378,0,0,0,0,0,0,0,0,0
1433,137,0,0,0,0,0,0,0,0,0
1435,171,0,0,0,0,0,0,0,0,0
1436,129,0,0,1,0,0,0,0,0,0
1437,301,0,0,0,0,0,0,0,0,0
1437,437,0,0,0,0,0,0,0,0,0
1439,127,0,0,0,0,0,0,0,0,0
1439,415,0,0,0,0,0,0,0,0,0
1440,186,0,0,0,0,0,0,0,0,0
1440,349,0,0,0,0,0,0,0,0,0
1441,141,0,0,0,0,0,0,0,0,0
1441,781,0,0,0,0,0,0,0,0,0
1443,120,0,0,0,0,0,0,0,0,0
1446,326,0,0,0,0,0,0,0,0,0
1448,295,0,0,0,0,0,0,0,0,0
1449,368,0,0,0,0,0,0,0,0,0
1450,147,0,0,0,0,0,0,0,0,0
1452,810,0,0,0,0,0,0,0,0,0
1453,122,0,0,0,0,0,0,0,0,0
1454,128,0,1,0,0,0,0,0,0,0
1454,405,0,0,0,0,0,0,0,0,0
1458,122,0,0,0,0,0,0,0,0,0
1458,206,0,0,0,0,0,0,0,0,0
1463,895,0,0,0,0,0,0,0,0,0
1464,563,0,0,0,0,0,0,0,0,0
1464,801,0,0,0,0,0,0,0,0,0
1465,892,0,0,0,0,0,0,0,0,0
1466,332,0,0,0,0,0,0,0,0,0
1467,104,0,0,0,0,0,0,0,0,0
1467,229,0,0,0,0,0,0,0,0,0
1469,127,0,0,0,0,0,0,0,0,0
1469,456,0,0,0,0,0,0,0,0,0
1470,494,0,0,0,0,0,0,0,0,0
1471,113,0,0,0,0,0,0,0,0,0
1471,614,0,0,0,0,0,0,0,0,0
1472,112,0,0,0,0,0,0,0,0,0
1474,730,0,0,0,0,0,0,0,0,0
1474,747,0,0,0,0,0,0,0,0,0
1475,225,0,0,0,0,0,0,0,0,0
1477,368,0,0,0,0,0,0,0,0,0
1478,676,0,0,0,0,0,0,0,0,0
1478,835,0,0,0,0,0,0,0,0,0
1480,126,0,0,0,0,0,0,0,0,0
1480,588,0,0,0,0,0,0,0,0,0
1483,162,0,0,0,0,0,0,0,0,0
1483,721,0,0,0,0,0,0,0,0,0
1484,103,0,0,0,0,0,0,0,0,0
1486,202,0,0,0,0,0,0,0,0,0
1488,123,0,0,0,0,0,0,0,0,0
1489,145,0,0,0,0,0,0,0,0,0
1490,121,0,0,0,0,0,0,0,0,0
1490,155,0,0,0,0,0,0,0,0,0
1491,264,0,0,0,0,0,0,0,0,0
1493,736,0,0,0,0,0,0,0,0,0
1494,136,0,0,0,0,0,0,0,0,0
1499,189,0,0,0,0,0,0,0,0,0
1499,310,0,0,0,0,0,0,0,0,0
1502,144,0,0,0,0,0,0,0,0,0
1502,181,0,0,0,0,0,0,0,0,0
1502,225,0,0,0,0,0,0,0,0,0
1503,162,0,0,0,0,0,0,0,0,0
1505,461,0,0,0,0,0,0,0,0,0
1506,286,0,0,0,0,0,0,0,0,0
1507,241,0,0,0,0,0,0,0,0,0
1510,105,0,0,0,0,0,0,0,0,0
1511,232,0,0,0,0,0,0,0,0,0
1511,717,0,0,0,0,0,0,0,0,0
1512,184,0,0,0,0,0,0,0,0,0
1512,304,0,0,0,0,0,0,0,0,0
1512,692,0,0,0,0,0,0,0,0,0
1513,243,0,0,0,0,0,0,0,0,0
1513,321,0,0,0,0,0,0,0,0,0
1513,439,0,0,0,0,0,0,0,0,0
1515,146,0,0,0,0,0,0,0,0,0
1516,199,0,0,0,0,0,0,0,0,0
1518,609,0,0,0,0,0,0,0,0,0
1519,490,0,0,0,0,0,0,0,0,0
1521,314,0,0,0,0,0,0,0,0,0
1521,393,0,0,0,0,0,0,0,0,0
1525,655,0,0,0,0,0,0,0,0,0
1526,161,0,0,0,0,0,0,0,0,0
1527,210,0,0,0,0,0,0,0,0,0
1528,340,0,0,0,0,0,0,0,0,0
1528,358,0,0,0,0,0,0,0,0,0
1529,226,0,0,0,0,0,0,0,0,0
1529,732,0,0,0,0,0,0,0,0,0
1529,775,0,0,0,0,0,0,0,0,0
1530,305,0,0,0,0,0,0,0,0,0
1530,395,0,0,0,0,0,0,0,0,0
1532,268,0,0,0,0,0,0,0,0,0
1532,556,0,0,0,0,0,0,0,0,0
1533,390,0,0,0,0,0,0,0,0,0
1535,265,0,0,0,0,0,0,0,0,0
1537,165,0,0,0,0,0,0,0,0,0
1537,889,0,0,0,0,0,0,0,0,0
1538,138,0,0,0,0,0,0,0,0,0
1539,139,0,0,0,0,0,0,0,0,0
1540,124,0,0,0,0,0,0,0,0,0
1540,469,0,0,0,0,0,0,0,0,0
1540,942,0,0,0,0,0,0,0,0,0
1543,126,0,0,0,0,0,0,0,0,0
1543,131,0,0,0,0,0,0,0,0,0
1545,108,0,0,0,0,0,0,0,0,0
1547,743,0,0,0,0,0,0,0,0,0
1548,988,0,0,0,0,0,0,0,0,0
1549,501,0,0,0,0,0,0,0,0,0
1550,416,0,0,0,0,0,0,0,0,0
1551,317,0,0,0,0,0,0,0,0,0
1552,236,0,0,0,0,0,0,0,0,0
1553,283,0,1,0,0,0,0,0,0,0
1554,531,0,0,0,0,0,0,0,0,0
1555,166,0,0,0,0,0,0,0,0,0
1555,349,0,0,0,0,0,0,0,0,0
1555,434,0,0,0,0,0,0,0,0,0
1555,487,0,0,0,0,0,0,0,0,0
1557,137,0,0,0,0,0,0,0,0,0
1557,306,0,0,0,0,0,0,0,0,0
1559,184,0,0,0,0,0,0,0,0,0
1559,767,0,0,0,0,0,0,0,0,0
1560,114,0,0,0,0,0,0,0,0,0
1560,339,0,0,0,0,0,0,0,0,0
1563,360,0,0,0,0,0,0,0,0,0
1564,132,0,0,0,0,0,0,0,0,0
1564,349,0,0,0,0,0,0,0,0,0
1566,103,0,0,0,0,0,0,0,0,0
1566,245,0,0,0,0,0,0,0,0,0
1567,392,0,0,0,0,0,0,0,0,0
1568,815,0,0,0,0,0,0,0,0,0
1569,381,0,0,0,0,0,0,0,0,0
1569,792,0,0,0,0,0,0,0,0,0
1570,247,0,0,0,0,0,0,0,0,0
1572,228,0,0,0,0,0,0,0,0,0
1573,169,0,0,0,0,0,0,0,0,0
1574,181,0,0,0,0,0,0,0,0,0
1574,200,0,0,0,0,0,0,0,0,0
1578,107,0,0,0,0,0,0,0,0,0
1578,294,0,0,1,0,0,0,0,0,0
1580,602,0,0,0,0,0,0,0,0,0
1581,962,0,0,0,0,0,0,0,0,0
1584,396,0,0,0,0,0,0,0,0,0
1585,429,0,0,0,0,0,0,0,0,0
1587,171,0,0,0,0,0,0,0,0,0
1587,306,0,0,0,0,0,0,0,0,0
1587,667,0,0,0,0,0,0,0,0,0
1588,198,0,0,0,0,0,0,0,0,0
1588,814,0,0,0,0,0,0,0,0,0
1589,209,0,0,0,0,0,0,0,0,0
1590,104,0,0,0,0,0,0,0,0,0
1590,137,0,0,1,0,0,0,0,0,0
1590,409,0,0,0,0,0,0,0,0,0
1591,258,0,0,0,0,0,0,0,0,0
1592,261,0,0,0,0,0,0,0,0,0
1594,277,0,0,0,0,0,0,0,0,0
1595,190,0,0,0,0,0,0,0,0,0
1595,191,0,0,0,0,0,0,0,0,0
1596,379,0,0,0,0,0,0,0,0,0
1598,743,0,0,0,0,0,0,0,0,0
1598,874,0,0,0,0,0,0,0,0,0
1599,297,0,0,0,0,0,0,0,0,0
1600,261,0,0,0,0,0,0,0,0,0
1604,178,0,0,0,0,0,0,0,0,0
1605,137,0,0,0,0,0,0,0,0,0
1606,622,0,0,0,0,0,0,0,0,0
1609,314,0,0,0,0,0,0,0,0,0
1610,768,0,0,0,0,0,0,0,0,0
1610,940,0,0,0,0,0,0,0,0,0
1611,244,0,0,0,0,0,0,0,0,0
1613,495,0,0,0,0,0,0,0,0,0
1613,565,0,0,0,0,0,0,0,0,0
1614,547,0,0,0,0,0,0,0,0,0
1615,171,0,0,0,0,0,0,0,0,0
1615,248,0,0,0,0,0,0,0,0,0
1615,308,0,0,0,0,0,0,0,0,0
1615,369,0,0,0,0,0,0,0,0,0
1615,733,0,0,0,0,0,0,0,0,0
1619,136,0,0,0,0,0,0,0,0,0
1619,166,0,0,0,0,0,0,0,0,0
1623,163,0,0,0,0,0,0,0,0,0
1624,162,0,0,0,0,0,0,0,0,0
1624,572,0,0,0,0,0,0,0,0,0
1626,471,0,0,0,0,0,0,0,0,0
1626,876,0,0,0,0,0,0,0,0,0
1628,871,0,0,0,0,0,0,0,0,0
1629,190,0,0,0,0,0,0,0,0,0
1630,415,0,0,0,0,0,0,0,0,0
1631,437,0,0,0,0,0,0,0,0,0
1633,789,0,0,0,0,0,0,0,0,0
1634,184,0,0,0,0,0,0,0,0,0
1634,331,0,0,0,0,0,0,0,0,0
1636,217,0,0,0,0,0,0,0,0,0
1637,259,0,0,0,0,0,0,0,0,0
1643,103,0,0,0,0,0,0,0,0,0
1643,207,0,0,0,0,0,0,0,0,0
1643,532,0,0,0,0,0,0,0,0,0
1644,250,0,0,0,0,0,0,0,0,0
1644,623,0,0,0,0,0,0,0,0,0
1647,440,0,0,0,0,0,0,0,0,0
1647,574,0,0,0,0,0,0,0,0,0
1649,254,0,0,0,0,0,0,0,0,0
1649,324,0,0,0,0,0,0,0,0,0
1649,331,0,0,0,0,0,0,0,0,0
1650,203,0,0,0,0,0,0,0,0,0
1651,328,0,0,0,0,0,0,0,0,0
1651,706,0,0,0,0,0,0,0,0,0
1652,188,0,0,0,0,0,0,0,0,0
1653,170,0,0,0,0,0,0,0,0,0
1655,313,0,0,0,0,0,0,0,0,0
1656,240,0,0,0,0,0,0,0,0,0
1657,922,0,0,0,0,0,0,0,0,0
1659,118,0,0,0,0,0,0,0,0,0
1659,657,0,0,0,0,0,0,0,0,0
1659,820,0,0,0,0,0,0,0,0,0
1660,129,0,0,0,0,0,0,0,0,0
1660,666,0,0,0,0,0,0,0,0,0
1661,148,0,0,0,0,0,0,0,0,0
1662,137,0,0,0,0,0,0,0,0,0
1663,656,0,0,0,0,0,0,0,0,0
1665,482,0,0,0,0,0,0,0,0,0
1665,757,0,0,0,0,0,0,0,0,0
1667,201,0,0,0,0,0,0,0,0,0
1668,952,0,0,0,0,0,0,0,0,0
1669,145,0,0,0,0,0,0,0,0,0
1669,157,0,0,0,0,0,0,0,0,0
1669,223,0,0,0,0,0,0,0,0,0
1671,674,0,0,0,0,0,0,0,0,0
1673,141,0,0,0,0,0,0,0,0,0
1673,924,0,0,0,0,0,0,0,0,0
1675,229,0,0,0,0,0,0,0,0,0
1676,687,0,0,0,0,0,0,0,0,0
1679,175,0,0,0,0,0,0,0,0,0
1680,109,0,0,0,0,0,0,0,0,0
1684,104,0,0,0,0,0,0,0,0,0
1686,227,0,0,0,0,0,0,0,0,0
1687,156,0,0,0,0,0,0,0,0,0
1687,721,0,0,0,0,0,0,0,0,0
1688,657,0,0,0,0,0,0,0,0,0
1688,729,0,0,0,0,0,0,0,0,0
1689,325,0,0,0,0,0,0,0,0,0
1691,672,0,0,0,0,0,0,0,0,0
1693,962,0,0,0,0,0,0,0,0,0
1694,461,0,0,0,0,0,0,0,0,0
1697,166,0,0,0,0,0,0,0,0,0
1697,280,0,0,0,0,0,0,0,0,0
1701,326,0,0,0,0,0,0,0,0,0
1702,261,0,0,0,0,0,0,0,0,0
1703,131,0,0,0,0,0,0,0,0,0
1703,432,0,0,0,0,0,0,0,0,0
1704,220,0,0,0,0,0,0,0,0,0
1704,659,0,0,0,0,0,0,0,0,0
1705,952,0,0,0,0,0,0,0,0,0
1707,252,0,0,0,0,0,0,0,0,0
1708,127,0,0,0,0,0,0,0,0,0
1708,283,0,0,0,0,0,0,0,0,0
1710,104,0,0,0,0,0,0,0,0,0
1710,164,0,0,0,0,0,0,0,0,0
1711,106,0,0,0,0,0,0,0,0,0
1712,259,0,0,0,0,0,0,0,0,0
1714,238,0,0,0,0,0,0,0,0,0
1714,447,0,0,0,0,0,0,0,0,0
1716,151,0,0,0,0,0,0,0,0,0
1716,551,0,0,0,0,0,0,0,0,0
1717,418,0,0,0,0,0,0,0,0,0
1718,226,0,0,0,0,0,0,0,0,0
1720,374,0,0,0,0,0,0,0,0,0
1722,113,0,0,0,0,0,0,0,0,0
1722,357,0,0,0,0,0,0,0,0,0
1722,612,0,0,0,0,0,0,0,0,0
1723,318,0,0,0,0,0,0,0,0,0
1724,108,0,0,0,0,0,0,0,0,0
1725,112,0,0,0,0,0,0,0,0,0
1725,151,0,0,0,0,0,0,0,0,0
1725,179,0,0,0,0,0,0,0,0,0
1725,188,0,0,0,0,0,0,0,0,0
1726,713,0,0,0,0,0,0,0,0,0
1726,993,0,0,0,0,0,0,0,0,0
1730,133,0,0,0,0,0,0,0,0,0
1731,179,0,0,0,0,0,0,0,0,0
1732,103,0,0,0,0,0,0,0,0,0
1732,108,0,0,0,0,0,0,0,0,0
1733,701,0,0,0,0,0,0,0,0,0
1735,136,0,0,0,0,0,0,0,0,0
1736,120,0,0,0,0,0,0,0,0,0
1738,588,0,0,0,0,0,0,0,0,0
1744,119,0,1,0,0,0,0,0,0,0
1747,321,0,0,0,0,0,0,0,0,0
1749,114,0,0,0,0,0,0,0,0,0
1751,108,0,0,0,0,0,0,0,0,0
1751,512,0,0,0,0,0,0,0,0,0
1753,101,0,0,0,0,0,0,0,0,0
1755,197,0,0,0,0,0,0,0,0,0
1758,632,0,0,0,0,0,0,0,0,0
1759,154,0,0,0,0,0,0,0,0,0
1759,216,0,0,0,0,0,0,0,0,0
1760,394,0,0,0,0,0,0,0,0,0
1762,201,0,0,0,0,0,0,0,0,0
1762,258,0,0,0,0,0,0,0,0,0
1762,854,0,0,0,0,0,0,0,0,0
1764,498,0,0,0,0,0,0,0,0,0
1765,260,0,0,0,0,0,0,0,0,0
1765,765,0,0,0,0,0,0,0,0,0
1766,621,0,0,0,0,0,0,0,0,0
1767,412,0,0,0,0,0,0,0,0,0
1768,329,0,0,0,0,0,0,0,0,0
1768,331,0,0,0,0,0,0,0,0,0
1768,406,0,0,0,0,0,0,0,0,0
1769,155,0,0,0,0,0,0,0,0,0
1769,175,0,0,0,0,0,0,0,0,0
1770,539,0,0,0,0,0,0,0,0,0
1771,371,0,0,0,0,0,0,0,0,0
1773,241,0,0,0,0,0,0,0,0,0
1774,404,0,0,0,0,0,0,0,0,0
1774,873,0,0,0,0,0,0,0,0,0
1778,801,0,0,0,0,0,0,0,0,0
1779,229,0,0,0,0,0,0,0,0,0
1780,219,0,0,0,0,0,0,0,0,0
1781,122,0,0,0,0,0,0,0,0,0
1781,194,0,0,0,0,0,0,0,0,0
1782,270,0,0,0,0,0,0,0,0,0
1785,436,0,0,0,0,0,0,0,0,0
1788,335,0,0,0,0,0,0,0,0,0
1788,535,0,0,0,0,0,0,0,0,0
1790,392,0,0,0,0,0,0,0,0,0
1791,528,0,0,0,0,0,0,0,0,0
1792,102,0,0,0,0,0,0,0,0,0
1792,343,0,0,0,0,0,0,0,0,0
1793,441,0,0,0,0,0,0,0,0,0
1794,174,0,0,0,0,0,0,0,0,0
1795,178,0,0,0,0,0,0,0,0,0
1797,446,0,0,0,0,0,0,0,0,0
1798,384,0,0,0,0,0,0,0,0,0
1799,236,0,0,0,0,0,0,0,0,0
1801,109,0,0,0,0,0,0,0,0,0
1802,218,0,0,0,0,0,0,0,0,0
1802,688,0,0,0,0,0,0,0,0,0
1804,160,0,0,0,0,0,0,0,0,0
1804,259,0,0,0,0,0,0,0,0,0
1804,428,0,0,0,0,0,0,0,0,0
1806,106,0,0,0,0,0,0,0,0,0
1807,528,0,0,0,0,0,0,0,0,0
1808,160,0,0,0,0,0,0,0,0,0
1809,539,0,0,0,0,0,0,0,0,0
1809,673,0,0,0,0,0,0,0,0,0
1810,724,0,0,0,0,0,0,0,0,0
1812,215,0,0,0,0,0,0,0,0,0
1817,200,0,0,0,0,0,0,0,0,0
1818,415,0,0,0,0,0,0,0,0,0
1819,297,0,0,0,0,0,0,0,0,0
1819,613,0,0,0,0,0,0,0,0,0
1821,311,0,0,0,0,0,0,0,0,0
1821,398,0,0,0,0,0,0,0,0,0
1821,414,0,0,0,0,0,0,0,0,0
1821,457,0,0,0,0,0,0,0,0,0
1821,484,0,0,0,0,0,0,0,0,0
1821,550,0,0,0,0,0,0,0,0,0
1823,184,0,0,0,0,0,0,0,0,0
1823,337,0,0,0,0,0,0,0,0,0
1824,151,0,0,0,0,0,0,0,0,0
1824,661,0,0,0,0,0,0,0,0,0
1825,371,0,0,0,0,0,0,0,0,0
1825,636,0,0,0,0,0,0,0,0,0
1826,240,0,0,0,0,0,0,0,0,0
1828,865,0,0,0,0,0,0,0,0,0
1828,887,0,0,0,0,0,0,0,0,0
1829,463,0,0,0,0,0,0,0,0,0
1829,650,0,0,0,0,0,0,0,0,0
1830,572,0,0,0,0,0,0,0,0,0
1833,754,0,0,0,0,0,0,0,0,0
1836,127,0,0,0,0,0,0,0,0,0
1838,673,0,0,0,0,0,0,0,0,0
1840,631,0,0,0,0,0,0,0,0,0
1841,204,0,0,0,0,0,0,0,0,0
1841,985,0,0,0,0,0,0,0,0,0
1842,561,0,0,0,0,0,0,0,0,0
1843,128,0,0,0,0,0,0,0,0,0
1843,184,0,0,0,0,0,0,0,0,0
1843,241,0,0,0,0,0,0,0,0,0
1844,684,0,0,0,0,0,0,0,0,0
1844,902,0,0,0,0,0,0,0,0,0
1847,205,0,0,0,0,0,0,0,0,0
1849,326,0,0,0,0,0,0,0,0,0
1849,347,0,0,0,0,0,0,0,0,0
1849,416,0,0,1,0,0,0,0,0,0
1851,126,0,0,0,0,0,0,0,0,0
1851,134,0,1,0,0,0,0,0,0,0
1853,189,0,0,0,0,0,0,0,0,0
1854,145,0,0,0,0,0,0,0,0,0
1854,236,0,0,0,0,0,0,0,0,0
1854,474,0,0,0,0,0,0,0,0,0
1855,260,0,0,0,0,0,0,0,0,0
1856,368,0,0,0,0,0,0,0,0,0
1856,917,0,0,0,0,0,0,0,0,0
1860,190,0,0,0,0,0,0,0,0,0
1860,380,0,0,0,0,0,0,0,0,0
1861,102,0,0,0,0,0,0,0,0,0
1861,205,0,0,0,0,0,0,0,0,0
1861,226,0,0,0,0,0,0,0,0,0
1862,147,0,0,0,0,0,0,0,0,0
1862,246,0,0,0,0,0,0,0,0,0
1862,649,0,0,0,0,0,0,0,0,0
1863,391,0,0,0,0,0,0,0,0,0
1863,559,0,0,0,0,0,0,0,0,0
1867,555,0,0,0,0,0,0,0,0,0
1874,134,0,0,0,0,0,0,0,0,0
1874,694,0,0,0,0,0,0,0,0,0
1877,131,0,0,0,0,0,0,0,0,0
1877,638,0,0,0,0,0,0,0,0,0
1877,895,0,0,0,0,0,0,0,0,0
1878,551,0,0,0,0,0,0,0,0,0
1879,271,0,0,0,0,0,0,0,0,0
1881,218,0,0,0,0,0,0,0,0,0
1882,135,0,0,0,0,0,0,0,0,0
1882,237,0,0,0,0,0,0,0,0,0
1882,306,0,0,0,0,0,0,0,0,0
1882,592,0,0,0,0,0,0,0,0,0
1883,654,0,0,0,0,0,0,0,0,0
1883,806,0,0,0,0,0,0,0,0,0
1884,422,0,0,0,0,0,0,0,0,0
1885,927,0,0,0,0,0,0,0,0,0
1886,721,0,0,0,0,0,0,0,0,0
1886,909,0,0,0,0,0,0,0,0,0
1887,464,0,0,0,0,0,0,0,0,0
1891,256,0,0,0,0,0,0,0,0,0
1891,420,0,0,0,0,0,0,0,0,0
1891,950,0,0,0,0,0,0,0,0,0
1895,518,0,0,0,0,0,0,0,0,0
1900,278,0,0,0,0,0,0,0,0,0
1900,741,0,0,0,0,0,0,0,0,0
1904,123,0,0,0,0,0,0,0,0,0
1905,253,0,0,0,0,0,0,0,0,0
1905,537,0,0,0,0,0,0,0,0,0
1907,118,0,0,0,0,0,0,0,0,0
1907,510,0,0,0,0,0,0,0,0,0
1911,157,0,0,0,0,0,0,0,0,0
1911,293,0,0,0,0,0,0,0,0,0
1911,860,0,0,0,0,0,0,0,0,0
1913,795,1,0,0,0,0,0,0,0,0
1914,444,0,0,0,0,0,0,0,0,0
1914,549,0,0,0,0,0,0,0,0,0
1916,460,0,0,0,0,0,0,0,0,0
1917,110,0,0,0,0,0,0,0,0,0
1921,383,0,0,0,0,0,0,0,0,0
1923,102,0,0,0,0,0,0,0,0,0
1923,509,0,0,0,0,0,0,0,0,0
1925,162,0,0,0,0,0,0,0,0,0
1925,176,0,0,0,0,0,0,0,0,0
1925,908,0,0,0,0,0,0,0,0,0
1928,511,0,0,0,0,0,0,0,0,0
1929,305,0,0,0,0,0,0,0,0,0
1929,334,0,0,0,0,0,0,0,0,0
1929,869,0,0,0,0,0,0,0,0,0
1931,158,0,0,0,0,0,0,0,0,0
1931,953,0,0,0,0,0,0,0,0,0
1934,154,0,0,0,0,0,0,0,0,0
1934,216,0,0,0,0,0,0,0,0,0
1934,561,0,0,0,0,0,0,0,0,0
1937,143,0,0,0,0,0,0,0,0,0
1937,784,0,0,0,0,0,0,0,0,0
1938,188,0,0,0,0,0,0,0,0,0
1940,256,0,0,0,0,0,0,0,0,0
1942,184,0,0,0,0,0,0,0,0,0
1942,381,0,0,0,0,0,0,0,0,0
1944,354,0,0,0,0,0,0,0,0,0
1944,636,0,0,0,0,0,0,0,0,0
1947,244,0,0,0,0,0,0,0,0,0
1947,740,0,0,0,0,0,0,0,0,0
1949,646,0,0,0,0,0,0,0,0,0
1951,714,0,0,0,0,0,0,0,0,0
1952,598,0,0,0,0,0,0,0,0,0
1953,583,0,0,0,0,0,0,0,0,0
1953,643,0,0,0,0,0,0,0,0,0
1955,187,0,0,0,0,0,0,0,0,0
1955,314,0,0,0,0,0,0,0,0,0
1955,701,0,0,0,0,0,0,0,0,0
1956,395,0,0,0,0,0,0,0,0,0
1958,126,0,0,0,0,0,0,0,0,0
1962,507,0,0,0,0,0,0,0,0,0
1964,150,0,0,0,0,0,0,0,0,0
1966,302,0,0,0,0,0,0,0,0,0
1966,448,0,0,0,0,0,0,0,0,0
1967,725,0,0,0,0,0,0,0,0,0
1968,229,0,0,0,0,0,0,0,0,0
1968,783,0,0,0,0,0,0,0,0,0
1970,512,0,0,0,0,0,0,0,0,0
1970,914,0,0,0,0,0,0,0,0,0
1971,742,0,0,0,0,0,0,0,0,0
1972,844,0,0,0,0,0,0,0,0,0
1973,162,0,0,0,0,0,0,0,0,0
1973,188,0,0,0,0,0,0,0,0,0
1973,653,0,0,0,0,0,0,0,0,0
1974,185,0,0,0,0,0,0,0,0,0
1974,324,0,0,0,0,0,0,0,0,0
1974,675,0,0,0,0,0,0,0,0,0
1975,487,0,0,0,0,0,0,0,0,0
1976,156,0,0,0,0,0,0,0,0,0
1976,400,0,0,0,0,0,0,0,0,0
1978,130,0,0,0,0,0,0,0,0,0
1978,348,0,0,0,0,0,0,0,0,0
1978,616,0,0,0,0,0,0,0,0,0
1981,135,0,0,0,0,0,0,0,0,0
1981,223,0,0,0,0,0,0,0,0,0
1983,726,0,0,0,0,0,0,0,0,0
1986,129,0,0,0,0,0,0,0,0,0
1986,602,0,0,0,0,0,0,0,0,0
1986,990,0,0,0,0,0,0,0,0,0
1987,180,0,0,0,0,0,0,0,0,0
1994,334,0,0,0,0,0,0,0,0,0
1994,978,0,0,0,0,0,0,0,0,0
1995,200,0,0,0,0,0,0,0,0,0
1995,201,0,0,0,0,0,0,0,0,0
1995,238,0,0,0,0,0,0,0,0,0
1995,776,0,0,0,0,0,0,0,0,0
1995,942,0,0,0,0,0,0,0,0,0
1998,270,0,0,0,0,0,0,0,0,0
1999,235,0,0,0,0,0,0,0,0,0
2000,304,0,0,0,0,0,0,0,0,0
2001,972,0,0,0,0,0,0,0,0,0
2002,838,0,0,0,0,0,0,0,0,0
2003,177,0,0,0,0,0,0,0,0,0
2003,772,0,0,0,0,0,0,0,0,0
2004,259,0,0,0,0,0,0,0,0,0
2006,146,0,0,0,0,0,0,0,0,0
2006,237,0,0,0,0,0,0,0,0,0
2008,226,0,0,0,0,0,0,0,0,0
2013,309,0,0,0,0,0,0,0,0,0
2014,117,0,0,0,0,0,0,0,0,0
2015,123,0,0,0,0,0,0,0,0,0
2015,740,0,0,0,0,0,0,0,0,0
2016,538,0,0,0,0,0,0,0,0,0
2018,857,0,0,0,0,0,0,0,0,0
2019,904,0,0,0,0,0,0,0,0,0
2020,118,0,0,0,0,0,0,0,0,0
2020,618,0,0,0,0,0,0,0,0,0
2024,223,0,0,0,0,0,0,0,0,0
2024,301,0,0,0,0,0,0,0,0,0
2025,299,0,0,0,0,0,0,0,0,0
2026,328,0,0,0,0,0,0,0,0,0
2026,401,0,0,0,0,0,0,0,0,0
2026,874,0,0,0,0,0,0,0,0,0
2029,121,0,0,0,0,0,0,0,0,0
2029,144,0,0,0,0,0,0,0,0,0
2031,330,1,0,0,0,0,0,0,0,0
2031,742,0,0,0,0,0,0,0,0,0
2033,155,0,0,0,0,0,0,0,0,0
2033,255,0,0,0,0,0,0,0,0,0
2034,272,0,0,0,0,0,0,0,0,0
2035,234,0,0,0,0,0,0,0,0,0
2036,398,0,0,0,0,0,0,0,0,0
2039,189,0,0,0,0,0,0,0,0,0
2040,191,0,0,0,0,0,0,0,0,0
2042,150,0,0,0,0,0,0,0,0,0
2043,314,0,0,0,0,0,0,0,0,0
2043,524,0,0,0,0,0,0,0,0,0
2044,129,0,0,0,0,0,0,0,0,0
2044,282,0,0,0,0,0,0,0,0,0
2044,313,0,0,0,0,0,0,0,0,0
2045,247,0,0,0,0,0,0,0,0,0
2045,671,0,0,0,0,0,0,0,0,0
2051,344,0,0,0,0,0,0,0,0,0
2051,590,0,0,0,0,0,0,0,0,0
2052,122,0,0,0,0,0,0,0,0,0
2052,949,0,0,0,0,0,0,0,0,0
2053,288,0,0,0,0,0,0,0,0,0
2053,685,0,0,0,0,0,0,0,0,0
2053,830,0,0,0,0,0,0,0,0,0
2055,178,0,0,0,0,0,0,0,0,0
2057,171,0,0,0,0,0,0,0,0,0
2059,132,0,0,0,0,0,0,0,0,0
2060,172,0,0,0,0,0,0,0,0,0
2061,421,0,0,0,0,0,0,0,0,0
2062,111,0,0,0,0,0,0,0,0,0
2062,117,0,0,0,0,0,0,0,0,0
2062,594,0,0,0,0,0,0,0,0,0
2063,271,0,0,0,0,0,0,0,0,0
2067,129,0,0,0,0,0,0,0,0,0
2067,130,0,0,0,0,0,0,0,0,0
2067,855,0,0,0,0,0,0,0,0,0
2068,466,0,0,0,0,0,0,0,0,0
2069,620,0,0,0,0,0,0,0,0,0
2070,587,0,0,0,0,0,0,0,0,0
2073,275,0,0,0,0,0,0,0,0,0
2076,155,0,0,0,0,0,0,0,0,0
2077,233,0,0,0,0,0,0,0,0,0
2077,425,0,0,0,0,0,0,0,0,0
2077,754,0,0,0,0,0,0,0,0,0
2078,368,0,0,0,0,0,0,0,0,0
2079,125,0,0,0,0,0,0,0,0,0
2079,162,0,0,0,0,0,0,0,0,0
2080,227,0,0,0,0,0,0,0,0,0
2081,759,0,0,0,0,0,0,0,0,0
2082,122,0,0,0,0,0,0,0,0,0
2082,381,0,0,0,0,0,0,0,0,0
2082,759,0,0,0,0,0,0,0,0,0
2083,514,0,0,0,0,0,0,0,0,0
2085,110,0,0,0,0,0,0,0,0,0
2085,318,0,0,0,0,0,0,0,0,0
2086,104,0,0,0,0,0,0,0,0,0
2086,168,0,0,0,0,0,0,0,0,0
2086,221,0,0,0,0,0,0,0,0,0
2086,568,0,0,0,0,0,0,0,0,0
2088,290,0,0,0,0,0,0,0,0,0
2088,374,0,0,0,0,0,0,0,0,0
2088,559,0,0,0,0,0,0,0,0,0
2088,700,0,0,0,0,0,0,0,0,0
2089,676,0,0,0,0,0,0,0,0,0
2090,845,0,0,0,0,0,0,0,0,0
2092,979,0,0,0,0,0,0,0,0,0
2093,333,0,0,0,0,0,0,0,0,0
2093,591,0,0,0,0,0,0,0,0,0
2093,739,0,0,0,0,0,0,0,0,0
2094,141,0,0,1,0,0,0,0,0,0
2094,617,0,0,0,0,0,0,0,0,0
2098,579,0,0,0,0,0,0,0,0,0
2100,183,0,0,0,0,0,0,0,0,0
2102,752,0,0,0,0,0,0,0,0,0
2103,552,0,0,0,0,0,0,0,0,0
2106,308,0,0,0,0,0,0,0,0,0
2106,535,0,0,0,0,0,0,0,0,0
2107,125,0,0,0,0,0,0,0,0,0
2111,199,0,0,0,0,0,0,0,0,0
2112,264,0,0,0,0,0,0,0,0,0
2112,290,0,0,0,0,0,0,0,0,0
2113,513,0,0,0,0,0,0,0,0,0
2114,237,0,0,0,0,0,0,0,0,0
2116,213,0,0,0,0,0,0,0,0,0
2118,104,0,0,0,0,0,0,0,0,0
2118,187,0,0,0,0,0,0,0,0,0
2120,163,0,0,0,0,0,0,0,0,0
2121,854,0,0,0,0,0,0,0,0,0
2122,112,0,0,0,0,0,0,0,0,0
2123,302,0,0,0,0,0,0,0,0,0
2125,203,0,0,0,0,0,0,0,0,0
2126,850,0,0,0,0,0,0,0,0,0
2127,177,0,0,0,0,0,0,0,0,0
2128,363,0,0,0,0,0,0,0,0,0
2128,813,0,0,0,0,0,0,0,0,0
2129,177,0,0,0,0,0,0,0,0,0
2129,190,0,0,0,0,0,0,0,0,0
2129,194,0,0,0,0,0,0,0,0,0
2129,601,0,0,0,0,0,0,0,0,0
2129,793,0,0,0,0,0,0,0,0,0
2130,341,0,0,0,0,0,0,0,0,0
2131,204,0,0,0,0,0,0,0,0,0
2131,258,0,0,0,0,0,0,0,0,0
2132,300,0,0,0,0,0,0,0,0,0
2132,788,0,0,0,0,0,0,0,0,0
2135,148,0,0,0,0,0,0,0,0,0
2136,105,0,0,0,0,0,0,0,0,0
2136,884,0,0,0,0,0,0,0,0,0
2139,796,0,0,0,0,0,0,0,0,0
2141,106,0,0,0,0,0,0,0,0,0
2141,216,0,0,0,0,0,0,0,0,0
2143,120,0,0,0,0,0,0,0,0,0
2143,265,0,0,0,0,0,0,0,0,0
2144,134,0,0,0,0,0,0,0,0,0
2144,476,0,0,0,0,0,0,0,0,0
2146,578,0,0,0,0,0,0,0,0,0
2146,895,0,0,0,0,0,0,0,0,0
2149,366,0,0,0,0,0,0,0,0,0
2151,158,0,0,0,0,0,0,0,0,0
2152,176,0,0,0,0,0,0,0,0,0
2152,226,0,0,0,0,0,0,0,0,0
2152,325,0,0,0,0,0,0,0,0,0
2152,853,0,0,0,0,0,0,0,0,0
2153,184,0,0,0,0,0,0,0,0,0
2153,975,0,0,0,0,0,0,0,0,0
2155,587,0,0,0,0,0,0,0,0,0
2156,111,0,0,0,0,0,0,0,0,0
2159,203,0,0,0,0,0,0,0,0,0
2161,247,0,0,0,0,0,0,0,0,0
2162,137,0,0,0,0,0,0,0,0,0
2162,233,0,0,0,0,0,0,0,0,0
2165,630,0,0,0,0,0,0,0,0,0
2166,132,0,0,0,0,0,0,0,0,0
2166,141,0,0,0,0,0,0,0,0,0
2166,158,0,0,0,0,0,0,0,0,0
2166,224,0,0,0,0,0,0,0,0,0
2166,632,0,0,0,0,0,0,0,0,0
2170,329,0,0,0,0,0,0,0,0,0
2171,180,0,0,0,0,0,0,0,0,0
2172,111,0,0,0,0,0,0,0,0,0
2172,236,0,0,0,0,0,0,0,0,0
2172,356,0,0,0,0,0,0,0,0,0
2172,685,0,0,0,0,0,0,0,0,0
2173,395,0,0,0,0,0,0,0,0,0
2175,227,0,0,0,0,0,0,0,0,0
2176,134,0,0,0,0,0,0,0,0,0
2176,205,0,0,0,0,0,0,0,0,0
2177,168,0,0,0,0,0,0,0,0,0
2178,144,0,0,0,0,0,0,0,0,0
2178,200,0,0,0,0,0,0,0,0,0
2178,241,0,0,0,0,0,0,0,0,0
2178,671,0,0,0,0,0,0,0,0,0
2179,125,0,0,0,0,0,0,0,0,0
2179,507,0,0,0,0,0,0,0,0,0
2179,608,0,0,0,0,0,0,0,0,0
2181,646,0,0,0,0,0,0,0,0,0
2181,904,0,0,0,0,0,0,0,0,0
2182,303,0,0,0,0,0,0,0,0,0
2184,114,0,0,0,0,0,0,0,0,0
2184,135,0,0,0,1,0,0,0,0,0
2187,395,0,0,0,0,0,0,0,0,0
2192,468,0,0,0,0,0,0,0,0,0
2194,272,0,0,0,0,0,0,0,0,0
2195,167,0,0,0,0,0,0,0,0,0
2196,120,0,0,0,0,0,0,0,0,0
2196,445,0,0,0,0,0,0,0,0,0
2200,135,0,0,0,0,0,0,0,0,0
2200,202,0,0,0,0,0,0,0,0,0
2201,386,0,0,0,0,0,0,0,0,0
2204,378,0,0,0,0,0,0,0,0,0
2204,505,0,0,0,0,0,0,0,0,0
2204,518,0,0,0,0,0,0,0,0,0
2205,600,0,0,0,0,0,0,0,0,0
2210,193,0,0,0,0,0,0,0,0,0
2216,321,0,0,0,0,0,0,0,0,0
2216,379,0,0,0,0,0,0,0,0,0
2218,483,0,0,0,0,0,0,0,0,0
2219,269,0,0,0,0,0,0,0,0,0
2219,672,0,0,0,0,0,0,0,0,0
2219,682,0,0,0,0,0,0,0,0,0
2220,295,0,0,0,0,0,0,0,0,0
2222,101,0,0,0,0,0,0,0,0,0
2222,130,0,0,0,0,0,0,0,0,0
2222,168,0,0,0,0,0,0,0,0,0
2223,612,0,0,0,0,0,0,0,0,0
2224,137,0,0,0,0,0,0,0,0,0
2224,261,0,0,0,0,0,0,0,0,0
2224,337,0,0,0,0,0,0,0,0,0
2224,748,0,0,0,0,0,0,0,0,0
2226,169,0,0,0,0,0,0,0,0,0
2226,243,0,0,0,0,0,0,0,0,0
2228,180,0,0,0,0,0,0,0,0,0
2232,130,0,0,0,0,0,0,0,0,0
2232,616,0,0,0,0,0,0,0,0,0
2233,511,0,0,0,0,0,0,0,0,0
2233,627,0,0,0,0,0,0,0,0,0
2234,723,0,0,0,0,0,0,0,0,0
2236,488,0,0,0,0,0,0,0,0,0
2237,185,0,0,0,0,0,0,0,0,0
2238,447,0,0,0,0,0,0,0,0,0
2240,123,0,0,0,0,0,0,0,0,0
2241,832,0,0,0,0,0,0,0,0,0
2242,730,0,0,0,0,0,0,0,0,0
2243,223,0,0,0,0,0,0,0,0,0
2243,351,0,0,0,0,0,0,0,0,0
2243,495,0,0,0,0,0,0,0,0,0
2244,185,0,0,0,0,0,0,0,0,0
2245,133,0,0,0,0,0,0,0,0,0
2246,188,0,0,0,0,0,0,0,0,0
2246,216,0,0,0,0,0,0,0,0,0
2246,743,0,0,0,0,0,0,0,0,0
2247,198,0,0,0,0,0,0,0,0,0
2248,208,0,0,0,0,0,0,0,0,0
2248,349,0,0,0,0,0,0,0,0,0
2249,173,0,0,0,0,0,0,0,0,0
2250,216,0,0,0,0,0,0,0,0,0
2250,385,0,0,0,0,0,0,0,0,0
2251,532,0,0,0,0,0,0,0,0,0
2252,167,0,0,0,0,0,0,0,0,0
2253,186,0,0,0,0,0,0,0,0,0
2253,755,0,0,0,0,0,0,0,0,0
2254,220,0,0,0,0,0,0,0,0,0
2254,740,0,0,0,0,0,0,0,0,0
2255,172,0,0,0,0,0,0,0,0,0
2255,457,0,0,0,0,0,0,0,0,0
2255,557,0,0,0,0,0,0,0,0,0
2255,749,0,0,0,0,0,0,0,0,0
2256,170,0,0,0,0,0,0,0,0,0
2256,705,0,0,0,0,0,0,0,0,0
2257,114,0,0,0,0,0,0,0,0,0
2257,597,0,0,0,0,0,0,0,0,0
2258,278,0,0,0,0,0,0,0,0,0
2262,167,0,0,0,0,0,0,0,0,0
2263,199,0,0,0,0,0,0,0,0,0
2266,329,0,0,0,0,0,0,0,0,0
2266,807,0,0,0,0,0,0,0,0,0
2267,196,0,0,0,0,0,0,0,0,0
2267,269,0,0,0,0,0,0,0,0,0
2268,507,0,0,0,0,0,0,0,0,0
2269,328,0,0,0,0,0,0,0,0,0
2269,388,0,0,0,0,0,0,0,0,0
2270,126,0,0,0,0,0,0,0,0,0
2270,192,0,0,0,0,0,0,0,0,0
2270,196,0,0,0,0,0,0,0,0,0
2270,220,0,0,0,0,0,0,0,0,0
2270,285,0,0,0,0,0,0,0,0,0
2270,562,0,0,0,0,0,0,0,0,0
2271,959,0,0,0,0,0,0,0,0,0
2273,262,0,0,0,0,0,0,0,0,0
2274,216,0,0,0,0,0,0,0,0,0
2275,525,0,0,0,0,0,0,0,0,0
2276,193,0,0,0,0,0,0,0,0,0
2276,527,0,0,0,0,0,0,0,0,0
2276,599,0,0,0,0,0,0,0,0,0
2277,137,0,0,0,0,0,0,0,0,0
2278,161,0,0,0,0,0,0,0,0,0
2283,107,0,0,0,0,0,0,0,0,0
2283,130,0,0,0,0,0,0,0,0,0
2286,104,0,0,0,0,0,0,0,0,0
2286,516,0,0,0,0,0,0,0,0,0
2287,215,0,0,0,0,0,0,0,0,0
2287,243,0,0,0,0,0,0,0,0,0
2287,943,0,0,0,0,0,0,0,0,0
2288,207,0,0,0,0,0,0,0,0,0
2289,196,0,0,0,0,0,0,0,0,0
2289,202,0,0,0,0,0,0,0,0,0
2289,677,0,0,0,0,0,0,0,0,0
2291,151,0,0,0,0,0,0,0,0,0
2291,288,0,0,0,0,0,0,0,0,0
2293,149,0,0,0,0,0,0,0,0,0
2293,663,0,0,0,0,0,0,0,0,0
2294,302,0,0,0,0,0,0,0,0,0
2296,388,0,0,0,0,0,0,0,0,0
2297,169,0,0,0,0,0,0,0,0,0
2297,257,0,0,0,0,0,0,0,0,0
2298,110,0,0,0,0,0,0,0,0,0
2298,422,0,0,0,0,0,0,0,0,0
2302,547,0,0,0,0,0,0,0,0,0
2303,267,0,0,1,0,0,0,0,0,0
2303,319,0,0,0,0,0,0,0,0,0
2303,323,0,0,0,0,0,0,0,0,0
2303,522,0,0,0,0,0,0,0,0,0
2304,331,0,0,0,0,0,0,0,0,0
2304,418,0,0,0,0,0,0,0,0,0
2305,615,0,0,0,0,0,0,0,0,0
2306,914,0,0,0,0,0,0,0,0,0
2307,488,0,0,0,0,0,0,0,0,0
2308,615,0,0,0,0,0,0,0,0,0
2309,117,0,0,0,0,0,0,0,0,0
2311,236,0,0,0,0,0,0,0,0,0
2311,544,0,0,0,0,0,0,0,0,0
2312,150,0,0,0,0,0,0,0,0,0
2312,154,0,0,0,0,0,0,0,0,0
2314,128,0,0,0,0,0,0,0,0,0
2315,104,0,0,0,0,0,0,0,0,0
2315,516,0,0,0,0,0,0,0,0,0
2317,291,0,0,0,0,0,0,0,0,0
2318,141,0,0,0,0,0,0,0,0,0
2318,438,0,0,0,0,0,0,0,0,0
2319,216,0,0,0,0,0,0,0,0,0
2320,253,0,0,0,0,0,0,0,0,0
2320,537,0,0,0,0,0,0,0,0,0
2321,158,0,0,0,0,0,0,0,0,0
2322,242,0,0,0,1,0,0,0,0,0
2322,624,0,0,0,0,0,0,0,0,0
2324,362,0,0,0,0,0,0,0,0,0
2327,878,0,0,0,0,0,0,0,0,0
2328,134,0,0,0,0,0,0,0,0,0
2330,231,0,0,0,0,0,0,0,0,0
2331,115,0,0,0,0,0,0,0,0,0
2332,130,0,0,0,0,0,0,0,0,0
2332,439,0,0,0,0,0,0,0,0,0
2332,863,0,0,0,0,0,0,0,0,0
2333,656,0,0,0,0,0,0,0,0,0
2333,872,0,0,0,0,0,0,0,0,0
2334,138,0,0,0,0,0,0,0,0,0
2336,214,0,0,0,0,0,0,0,0,0
2336,874,0,0,0,0,0,0,0,0,0
2337,140,0,0,0,0,0,0,0,0,0
2337,384,0,0,0,0,0,0,0,0,0
2337,565,0,0,0,0,0,0,0,0,0
2338,121,0,0,0,0,0,0,0,0,0
2338,735,0,0,0,0,0,0,0,0,0
2339,123,0,0,0,0,0,0,0,0,0
2339,143,0,0,0,0,0,0,0,0,0
2340,188,0,0,0,0,0,0,0,0,0
2342,246,0,0,0,0,0,0,0,0,0
2342,437,0,0,0,0,0,0,0,0,0
2345,166,0,0,0,0,0,0,0,0,0
2346,151,0,0,0,0,0,0,0,0,0
2347,181,0,0,0,0,0,0,0,0,0
2347,677,0,0,0,0,0,0,0,0,0
2348,776,0,0,0,0,0,0,0,0,0
2351,165,0,0,0,0,0,0,0,0,0
2352,211,0,0,0,0,0,0,0,0,0
2352,680,0,0,0,0,0,0,0,0,0
2353,144,0,0,0,0,0,0,0,0,0
2354,746,0,0,0,0,0,0,0,0,0
2357,717,0,0,0,0,0,0,0,0,0
2357,954,0,0,0,0,0,0,0,0,0
2360,120,0,0,0,0,0,0,0,0,0
2360,125,0,0,0,0,0,0,0,0,0
2361,394,0,0,0,0,0,0,0,0,0
2361,601,0,0,0,0,0,0,0,0,0
2361,653,0,0,0,0,0,0,0,0,0
2364,502,0,0,0,0,0,0,0,0,0
2365,115,0,0,0,0,0,0,0,0,0
2365,354,0,0,0,0,0,0,0,0,0
2365,918,0,0,0,0,0,0,0,0,0
2365,976,0,0,0,0,0,0,0,0,0
2366,113,0,0,0,0,0,0,0,0,0
2366,917,0,0,0,0,0,0,0,0,0
2372,159,0,0,0,0,0,0,0,0,0
2372,224,0,0,0,0,0,0,0,0,0
2373,126,0,0,0,0,0,0,0,0,0
2373,155,0,0,0,0,0,0,0,0,0
2373,798,0,0,0,0,0,0,0,0,0
2374,676,0,0,0,0,0,0,0,0,0
2375,110,0,1,0,0,0,0,0,0,0
2375,136,0,0,0,0,0,0,0,0,0
2377,374,0,0,0,0,0,0,0,0,0
2380,226,0,0,0,0,0,0,0,0,0
2380,297,0,0,0,0,0,0,0,0,0
2381,114,0,0,0,0,0,0,0,0,0
2383,132,0,0,0,0,0,0,0,0,0
2383,912,0,0,0,0,0,0,0,0,0
2386,269,0,0,0,0,0,0,0,0,0
2386,569,0,0,0,0,0,0,0,0,0
2387,235,0,0,0,0,0,0,0,0,0
2387,818,0,0,0,0,0,0,0,0,0
2388,183,0,0,0,0,0,0,0,0,0
2388,428,0,0,0,0,0,0,0,0,0
2388,733,0,0,0,0,0,0,0,0,0
2389,208,0,0,0,0,0,0,0,0,0
2389,245,0,0,0,0,0,0,0,0,0
2392,203,0,0,0,0,0,0,0,0,0
2392,933,0,0,0,0,0,0,0,0,0
2393,161,0,0,0,0,0,0,0,0,0
2393,693,0,0,0,0,0,0,0,0,0
2394,532,0,0,0,0,0,0,0,0,0
2394,963,0,0,0,0,0,0,0,0,0
2396,766,0,0,0,0,0,0,0,0,0
2399,162,0,0,0,0,0,0,0,0,0
2399,419,0,0,0,0,0,0,0,0,0
2400,102,0,0,0,0,0,0,0,0,0
2401,525,0,0,0,0,0,0,0,0,0
2402,573,0,0,0,0,0,0,0,0,0
2404,124,0,0,0,0,0,0,0,0,0
2404,861,0,0,0,0,0,0,0,0,0
2405,424,0,0,0,0,0,0,0,0,0
2409,197,0,0,0,0,0,0,0,0,0
2409,490,0,0,0,0,0,0,0,0,0
2409,800,0,0,0,0,0,0,0,0,0
2415,586,0,0,0,0,0,0,0,0,0
2415,715,0,0,0,0,0,0,0,0,0
2416,118,0,0,0,0,0,0,0,0,0
2416,135,0,0,0,0,0,0,0,0,0
2416,219,0,0,0,0,0,0,0,0,0
2416,963,0,0,0,0,0,0,0,0,0
2418,133,0,0,0,0,0,0,0,0,0
2418,466,0,0,0,0,0,0,0,0,0
2419,743,0,0,0,0,0,0,0,0,0
2422,145,0,0,0,0,0,0,0,0,0
2422,154,0,0,0,0,0,0,0,0,0
2422,264,0,0,0,0,0,0,0,0,0
2422,590,0,0,0,0,0,0,0,0,0
2423,660,0,0,0,0,0,0,0,0,0
2424,364,0,0,0,0,0,0,0,0,0
2425,294,0,0,0,0,0,0,0,0,0
2426,770,0,0,0,0,0,0,0,0,0
2427,152,0,0,0,0,0,0,0,0,0
2428,438,0,0,0,0,0,0,0,0,0
2428,453,0,0,0,0,0,0,0,0,0
2428,492,0,0,0,0,0,0,0,0,0
2431,562,0,0,0,0,0,0,0,0,0
2434,153,0,0,0,0,0,0,0,0,0
2434,382,0,0,0,0,0,0,0,0,0
2435,119,0,0,0,0,0,0,0,0,0
2435,345,0,0,0,0,0,0,0,0,0
2435,352,0,0,0,0,0,0,0,0,0
2436,466,0,0,0,0,0,0,0,0,0
2438,364,0,0,0,0,0,0,0,0,0
2441,102,0,0,0,0,0,0,0,0,0
2441,122,0,0,0,0,0,0,0,0,0
2441,399,0,0,0,0,0,0,0,0,0
2443,326,0,0,0,0,0,0,0,0,0
2443,802,0,0,0,0,0,0,0,0,0
2445,211,0,0,0,0,0,0,0,0,0
2446,334,0,0,0,0,0,0,0,0,0
2446,337,0,0,0,0,0,0,0,0,0
2447,237,0,0,0,0,0,0,0,0,0
2448,125,0,0,0,0,0,0,0,0,0
2448,128,0,0,0,0,0,0,0,0,0
2448,524,0,0,0,0,0,0,0,0,0
2449,603,1,0,0,0,0,0,0,0,0
2451,237,0,0,0,0,0,0,0,0,0
2451,330,0,0,0,0,0,0,0,0,0
2451,360,0,0,0,0,0,0,0,0,0
2451,415,0,0,0,0,0,0,0,0,0
2451,802,0,0,0,0,0,0,0,0,0
2452,233,0,0,0,0,0,0,0,0,0
2454,519,0,0,0,0,0,0,0,0,0
2455,334,0,0,1,0,0,0,0,0,0
2456,149,0,0,0,0,0,0,0,0,0
2456,428,0,0,0,0,0,0,0,0,0
2458,709,0,0,0,0,0,0,0,0,0
2464,103,0,0,0,0,0,0,0,0,0
2464,123,0,0,0,0,0,0,0,0,0
2465,744,0,0,0,0,0,0,0,0,0
2466,121,0,0,0,0,0,0,0,0,0
2466,317,0,0,0,0,0,0,0,0,0
2466,889,0,0,0,0,0,0,0,0,0
2468,824,0,0,0,0,0,0,0,0,0
2472,215,0,0,0,0,0,0,0,0,0
2472,247,0,0,0,0,0,0,0,0,0
2473,396,0,0,0,0,0,0,0,0,0
2474,183,0,0,0,0,0,0,0,0,0
2474,448,0,0,0,0,0,0,0,0,0
2475,151,0,0,0,0,0,0,0,0,0
2475,754,0,0,0,0,0,0,0,0,0
2476,131,0,0,0,0,0,0,0,0,0
2476,844,0,0,0,0,0,0,0,0,0
2479,423,0,0,0,0,0,0,0,0,0
2479,683,0,0,0,0,0,0,0,0,0
2481,101,0,0,0,0,0,0,0,0,0
2481,126,0,0,0,0,0,0,0,0,0
2481,702,0,0,0,0,0,0,0,0,0
2482,462,0,0,0,0,0,0,0,0,0
2482,538,0,0,0,0,0,0,0,0,0
2485,169,0,0,0,0,0,0,0,0,0
2485,217,0,0,0,0,0,0,0,0,0
2487,215,0,0,0,0,0,0,0,0,0
2487,348,0,0,0,0,0,0,0,0,0
2490,198,0,0,0,0,0,0,0,0,0
2490,958,0,0,0,0,0,0,0,0,0
2491,114,0,0,0,0,0,0,0,0,0
2491,129,0,0,0,0,0,0,0,0,0
2492,130,0,0,0,0,0,0,0,0,0
2493,268,0,0,0,0,0,0,0,0,0
2493,721,0,0,0,0,0,0,0,0,0
2494,160,0,0,0,0,0,0,0,0,0
2494,236,0,0,0,0,0,0,0,0,0
2495,440,0,0,0,0,0,0,0,0,0
2498,194,0,0,0,0,0,0,0,0,0
2498,801,0,0,0,0,0,0,0,0,0
2500,231,0,1,0,0,0,0,0,0,0
2501,755,0,0,0,0,0,0,0,0,0
2503,289,0,0,0,0,0,0,0,0,0
2503,454,0,0,0,0,0,0,0,0,0
2504,698,0,0,0,0,0,0,0,0,0
2506,126,0,0,0,0,0,0,0,0,0
2506,955,0,0,0,0,0,0,0,0,0
2507,243,0,0,0,0,0,0,0,0,0
2507,397,0,0,0,0,0,0,0,0,0
2510,511,0,0,0,0,0,0,0,0,0
2510,579,0,0,0,0,0,0,0,0,0
2512,269,0,0,0,0,0,0,0,0,0
2513,243,0,0,0,0,0,0,0,0,0
2514,845,0,0,0,0,0,0,0,0,0
2516,211,0,0,0,0,0,0,0,0,0
2516,556,0,0,0,0,0,0,0,0,0
2517,615,0,0,0,0,0,0,0,0,0
2518,190,0,0,0,0,0,0,0,0,0
2518,714,0,0,0,0,0,0,0,0,0
2519,115,0,0,0,0,0,0,0,0,0
2519,522,0,0,0,0,0,0,0,0,0
2519,630,0,0,0,0,0,0,0,0,0
2520,555,0,0,0,0,0,0,0,0,0
2522,413,0,0,0,0,0,0,0,0,0
2523,303,0,0,0,0,0,0,0,0,0
2524,153,0,0,0,0,0,0,0,0,0
2525,492,0,0,0,0,0,0,0,0,0
2526,303,0,0,0,0,0,0,0,0,0
2526,838,0,0,0,0,0,0,0,0,0
2527,327,0,0,0,0,0,0,0,0,0
2527,865,0,0,0,0,0,0,0,0,0
2527,883,0,0,0,0,0,0,0,0,0
2528,621,0,0,0,0,0,0,0,0,0
2529,171,0,0,0,0,0,0,0,0,0
2530,226,0,0,0,0,0,0,0,0,0
2530,938,0,0,0,0,0,0,0,0,0
2532,243,0,0,0,0,0,0,0,0,0
2532,343,0,0,0,0,0,0,0,0,0
2534,179,0,0,0,0,0,0,0,0,0
2536,324,0,0,0,0,0,0,0,0,0
2536,688,0,0,0,0,0,0,0,0,0
2537,104,0,0,0,0,0,0,0,0,0
2539,211,1,0,0,0,0,0,0,0,0
2539,828,0,0,0,0,0,0,0,0,0
2540,150,0,0,0,0,0,0,0,0,0
2540,240,0,0,0,0,0,0,0,0,0
2540,265,0,0,0,0,0,0,0,0,0
2540,352,0,0,0,0,0,0,0,0,0
2540,403,0,0,0,0,0,0,0,0,0
2544,486,0,0,0,0,0,0,0,0,0
2544,914,0,0,0,0,0,0,0,0,0
2545,164,0,0,0,0,0,0,0,0,0
2545,266,0,0,0,0,0,0,0,0,0
2546,226,0,0,0,0,0,0,0,0,0
2549,124,0,0,0,0,0,0,0,0,0
2550,695,0,0,0,0,0,0,0,0,0
2551,549,0,0,0,0,0,0,0,0,0
2554,147,0,0,0,0,0,0,0,0,0
2554,159,0,0,0,0,0,0,0,0,0
2554,399,0,0,0,0,0,0,0,0,0
2554,467,0,0,1,0,0,0,0,0,0
2556,171,0,0,0,0,0,0,0,0,0
2556,224,0,0,0,0,0,0,0,0,0
2557,901,0,0,0,0,0,0,0,0,0
2557,933,0,0,0,0,0,0,0,0,0
2559,206,0,0,0,0,0,0,0,0,0
2559,243,0,0,0,0,0,0,0,0,0
2561,339,0,0,0,0,0,0,0,0,0
2561,460,0,0,0,0,0,0,0,0,0
2561,731,0,0,0,0,0,0,0,0,0
2562,379,0,0,0,0,0,0,0,0,0
2562,734,0,0,0,0,0,0,0,0,0
2563,102,0,0,0,0,0,0,0,0,0
2563,286,0,0,0,0,0,0,0,0,0
2563,333,0,0,0,0,0,0,0,0,0
2564,217,0,0,0,0,0,0,0,0,0
2565,223,0,0,0,0,0,0,0,0,0
2566,604,0,0,0,0,0,0,0,0,0
2566,811,0,0,0,0,0,0,0,0,0
2567,134,0,0,0,0,0,0,0,0,0
2567,259,0,0,0,0,0,0,0,0,0
2569,372,0,0,0,0,0,0,0,0,0
2571,263,0,0,0,0,0,0,0,0,0
2572,946,0,0,0,0,0,0,0,0,0
2574,191,0,0,0,0,0,0,0,0,0
2575,382,0,0,0,0,0,0,0,0,0
2576,399,0,0,0,0,0,0,0,0,0
2576,731,0,0,0,0,0,0,0,0,0
2577,241,0,0,0,0,0,0,0,0,0
2577,306,0,0,0,0,0,0,0,0,0
2577,571,0,0,0,0,0,0,0,0,0
2580,144,0,0,0,0,0,0,0,0,0
2581,237,0,0,0,0,0,0,0,0,0
2581,456,0,0,0,0,0,0,0,0,0
2581,663,0,0,0,0,0,0,0,0,0
2582,371,0,0,0,0,0,0,0,0,0
2585,126,0,0,0,0,0,0,0,0,0
2586,195,0,0,0,0,0,0,0,0,0
2586,203,0,0,0,0,0,0,0,0,0
2586,444,0,0,0,0,0,0,0,0,0
2587,224,0,0,0,0,0,0,0,0,0
2588,105,0,0,0,0,0,0,0,0,0
2588,313,0,0,0,0,0,0,0,0,0
2590,294,0,0,0,0,0,0,0,0,0
2590,771,0,0,0,0,0,0,0,0,0
2593,947,0,0,1,0,0,0,0,0,0
2595,362,0,0,0,0,0,0,0,0,0
2595,858,0,0,0,0,0,0,0,0,0
2596,131,0,0,0,0,0,0,0,0,0
2597,115,0,0,0,0,0,0,0,0,0
2598,354,0,0,0,0,0,0,0,0,0
2598,1000,0,0,0,0,0,0,0,0,0
2599,228,0,0,0,0,0,0,0,0,0
2600,647,0,0,0,0,0,0,0,0,0
2602,438,0,0,0,0,0,0,0,0,0
2604,279,0,0,0,0,0,0,0,0,0
2606,118,0,0,0,0,0,0,0,0,0
2606,210,0,0,0,0,0,0,0,0,0
2608,175,0,0,0,0,0,0,0,0,0
2611,105,0,0,0,0,0,0,0,0,0
2613,470,0,0,0,0,0,0,0,0,0
2614,317,0,0,0,0,0,0,0,0,0
2615,140,0,0,0,0,0,0,0,0,0
2615,219,0,0,0,0,0,0,0,0,0
2616,149,0,0,0,0,0,0,0,0,0
2617,344,0,0,0,0,0,0,0,0,0
2618,208,0,0,0,0,0,0,0,0,0
2618,304,0,0,0,0,0,0,0,0,0
2620,206,0,0,0,0,0,0,0,0,0
2621,407,0,0,0,0,0,0,0,0,0
2623,660,0,0,0,0,0,0,0,0,0
2625,223,0,0,0,0,0,0,0,0,0
2626,112,0,0,0,0,0,0,0,0,0
2627,103,0,0,0,0,0,0,0,0,0
2627,227,0,0,0,0,0,0,0,0,0
2627,326,0,0,0,0,0,0,0,0,0
2630,227,0,0,0,0,0,0,0,0,0
2631,224,0,0,0,0,0,0,0,0,0
2632,157,0,0,0,0,0,0,0,0,0
2632,311,0,0,0,0,0,0,0,0,0
2632,480,0,0,0,0,0,0,0,0,0
2632,631,0,0,0,0,0,0,0,0,0
2633,996,0,0,0,0,0,0,0,0,0
2634,557,0,0,0,0,0,0,0,0,0
2637,211,0,0,0,0,0,0,0,0,0
2638,334,0,0,0,0,0,0,0,0,0
2641,320,0,0,0,0,0,0,0,0,0
2642,257,0,0,0,0,0,0,0,0,0
2643,649,0,0,0,0,0,0,0,0,0
2644,144,0,0,0,0,0,0,0,0,0
2644,308,0,0,0,0,0,0,0,0,0
2644,811,0,0,0,0,0,0,0,0,0
2645,110,0,0,0,0,0,0,0,0,0
2645,395,0,0,0,0,0,0,0,0,0
2646,152,0,0,0,0,0,0,0,0,0
2646,433,0,0,0,0,0,0,0,0,0
2647,165,0,0,0,0,0,0,0,0,0
2650,119,0,0,0,0,0,0,0,0,0
2652,183,0,0,0,0,0,0,0,0,0
2652,249,0,0,0,0,0,0,0,0,0
2652,740,0,0,0,0,0,0,0,0,0
2657,195,0,0,0,0,0,0,0,0,0
2657,278,0,0,0,0,0,0,0,0,0
2657,424,0,0,0,0,0,0,0,0,0
2657,748,0,0,0,0,0,0,0,0,0
2658,574,0,0,0,0,0,0,0,0,0
2659,170,0,0,0,0,0,0,0,0,0
2661,126,0,0,0,0,0,0,0,0,0
2661,139,0,0,0,0,0,0,0,0,0
2662,171,0,0,0,0,0,0,0,0,0
2667,112,0,0,0,0,0,0,0,0,0
2667,149,0,0,0,0,0,0,0,0,0
2670,674,0,0,0,0,0,0,0,0,0
2671,270,0,0,0,0,0,0,0,0,0
2673,114,0,0,0,0,0,0,0,0,0
2673,353,0,0,0,0,0,0,0,0,0
2674,107,0,0,0,0,0,0,0,0,0
2674,201,0,0,0,0,0,0,0,0,0
2674,406,0,0,0,0,0,0,0,0,0
2676,142,0,0,0,0,0,0,0,0,0
2676,716,0,0,0,0,0,0,0,0,0
2677,141,0,0,0,0,0,0,0,0,0
2678,120,0,0,0,0,0,0,0,0,0
2681,274,0,0,0,0,0,0,0,0,0
2686,174,0,0,0,0,0,0,0,0,0
2686,342,0,0,0,0,0,0,0,0,0
2686,488,0,0,0,0,0,0,0,0,0
2687,125,0,0,0,0,0,0,0,0,0
2689,456,0,0,0,0,0,0,0,0,0
2690,494,0,0,0,0,0,0,0,0,0
2690,901,0,0,0,0,0,0,0,0,0
2692,165,0,0,0,0,0,0,0,0,0
2692,924,0,0,0,0,0,0,0,0,0
2693,925,0,0,0,0,0,0,0,0,0
2694,124,0,0,0,0,0,0,0,0,0
2694,190,0,0,0,0,0,0,0,0,0
2694,210,0,0,0,0,0,0,0,0,0
2697,134,0,0,0,0,0,0,0,0,0
2697,263,0,0,0,0,0,0,0,0,0
2698,102,0,0,0,0,0,0,0,0,0
2698,828,0,0,0,0,0,0,0,0,0
2702,903,0,0,0,0,0,0,0,0,0
2711,114,0,0,0,0,0,0,0,0,0
2713,413,0,0,0,0,0,0,0,0,0
2714,482,0,0,0,0,0,0,0,0,0
2716,316,0,0,0,0,0,0,0,0,0
2716,722,0,0,0,0,0,0,0,0,0
2717,351,0,0,0,0,0,0,0,0,0
2719,574,0,0,0,0,0,0,0,0,0
2720,294,0,0,0,0,0,0,0,0,0
2720,363,0,0,0,0,0,0,0,0,0
2721,171,0,0,0,0,0,0,0,0,0
2723,657,0,0,0,0,0,0,0,0,0
2724,198,0,0,0,0,0,0,0,0,0
2724,459,0,0,0,0,0,0,0,0,0
2726,231,0,0,0,0,0,0,0,0,0
2727,173,0,0,0,0,0,0,0,0,0
2727,878,0,0,0,0,0,0,0,0,0
2729,125,0,0,0,0,0,0,0,0,0
2729,131,0,0,0,0,0,0,0,0,0
2730,154,0,0,0,0,0,0,0,0,0
2730,489,0,0,0,0,0,0,0,0,0
2731,109,0,0,0,0,0,0,0,0,0
2733,646,0,0,0,0,0,0,0,0,0
2734,121,0,0,0,0,0,0,0,0,0
2734,198,0,0,0,0,0,0,0,0,0
2737,465,0,0,0,0,0,0,0,0,0
2738,101,0,0,0,0,0,0,0,0,0
2739,184,0,0,0,0,0,0,0,0,0
2739,410,0,0,0,0,0,0,0,0,0
2740,618,0,0,0,0,0,0,0,0,0
2742,278,0,0,0,0,0,0,0,0,0
2743,149,0,0,0,0,0,0,0,0,0
2744,122,0,0,0,0,0,0,0,0,0
2744,439,0,0,0,0,0,0,0,0,0
2747,101,0,0,0,0,0,0,0,0,0
2750,105,0,0,0,0,0,0,0,0,0
2751,830,0,0,0,0,0,0,0,0,0
2752,285,0,0,0,0,0,0,0,0,0
2753,219,0,0,0,0,0,0,0,0,0
2754,187,0,0,0,0,0,0,0,0,0
2755,655,0,0,0,0,0,0,0,0,0
2757,435,0,0,0,0,0,0,0,0,0
2759,137,0,0,0,0,0,0,0,0,0
2760,504,0,0,0,0,0,0,0,0,0
2760,802,0,0,0,0,0,0,0,0,0
2762,362,0,0,0,0,0,0,0,0,0
2764,301,0,0,0,0,0,0,0,0,0
2766,134,0,0,0,0,0,0,0,0,0
2768,517,0,0,0,0,0,0,0,0,0
2769,126,0,0,0,0,0,0,0,0,0
2769,220,0,0,0,0,0,0,0,0,0
2770,709,0,0,0,0,0,0,0,0,0
2771,204,0,0,0,0,0,0,0,0,0
2772,333,0,0,0,0,0,0,0,0,0
2773,153,0,0,0,0,0,0,0,0,0
2773,353,0,0,0,0,0,0,0,0,0
2773,387,0,0,0,0,0,0,0,0,0
2774,278,0,0,0,0,0,0,0,0,0
2774,793,0,0,0,0,0,0,0,0,0
2775,201,0,0,0,0,0,0,0,0,0
2776,685,0,0,0,0,0,0,0,0,0
2778,534,0,0,0,0,0,0,0,0,0
2780,101,0,0,0,0,0,0,0,0,0
2786,742,0,0,0,0,0,0,0,0,0
2787,154,0,0,0,0,0,0,0,0,0
2787,302,0,0,0,0,0,0,0,0,0
2788,589,0,0,0,0,0,0,0,0,0
2790,112,0,0,0,0,0,0,0,0,0
2790,382,0,0,0,0,0,0,0,0,0
2791,383,0,0,0,0,0,0,0,0,0
2791,537,0,0,0,0,0,0,0,0,0
2792,641,0,0,0,0,0,0,0,0,0
2798,214,0,0,0,0,0,0,0,0,0
2799,974,0,0,0,0,0,0,0,0,0
2800,122,0,0,0,0,0,0,0,0,0
2800,241,0,0,0,0,0,0,0,0,0
2800,496,0,0,0,0,0,0,0,0,0
2800,624,0,0,0,0,0,0,0,0,0
2801,297,0,0,0,0,0,0,0,0,0
2803,141,0,0,0,0,0,0,0,0,0
2803,149,0,0,0,0,0,0,0,0,0
2804,532,0,0,0,0,0,0,0,0,0
2805,258,0,0,0,0,0,0,0,0,0
2806,131,0,0,0,0,0,0,0,0,0
2808,251,0,0,0,0,0,0,0,0,0
2808,268,0,0,0,0,0,0,0,0,0
2808,396,0,0,0,0,0,0,0,0,0
2808,520,0,0,0,0,0,0,0,0,0
2809,109,0,0,0,0,0,0,0,0,0
2809,448,0,0,0,0,0,0,0,0,0
2809,681,0,0,0,0,0,0,0,0,0
2812,422,0,0,0,0,0,0,0,0,0
2812,497,0,0,0,0,0,0,0,0,0
2812,661,0,0,0,0,0,0,0,0,0
2813,239,0,0,0,0,0,0,0,0,0
2814,104,0,0,0,0,0,0,0,0,0
2814,983,0,0,0,0,0,0,0,0,0
2816,529,0,0,0,0,0,0,0,0,0
2817,101,0,0,0,0,0,0,0,0,0
2817,139,0,0,0,0,0,0,0,0,0
2817,242,0,0,0,0,0,0,0,0,0
2817,490,0,0,0,0,0,0,0,0,0
2818,117,0,0,0,0,0,0,0,0,0
2818,227,0,0,0,0,0,0,0,0,0
2818,312,0,0,0,0,0,0,0,0,0
2818,697,0,0,0,0,0,0,0,0,0
2820,392,0,0,0,0,0,0,0,0,0
2821,187,0,0,0,0,0,0,0,0,0
2828,534,0,0,0,0,0,0,0,0,0
2829,103,0,0,0,0,0,0,0,0,0
2829,160,0,0,0,0,0,0,0,0,0
2829,338,0,0,0,0,0,0,0,0,0
2829,466,0,0,0,0,0,0,0,0,0
2830,199,0,0,0,0,0,0,0,0,0
2831,138,0,0,0,0,0,0,0,0,0
2831,242,0,0,0,0,0,0,0,0,0
2831,527,0,0,0,0,0,0,0,0,0
2836,158,0,0,0,0,0,0,0,0,0
2836,159,0,0,0,0,0,0,0,0,0
2836,227,0,0,0,0,0,0,0,0,0
2839,114,0,0,0,0,0,0,0,0,0
2839,634,0,0,0,0,0,0,0,0,0
2839,751,0,0,0,0,0,0,0,0,0
2841,154,0,0,0,0,0,0,0,0,0
2841,620,0,0,0,0,0,0,0,0,0
2842,195,0,0,0,0,0,0,0,0,0
2842,596,0,0,0,0,0,0,0,0,0
2848,127,0,0,0,0,0,0,0,0,0
2848,471,0,0,0,0,0,0,0,0,0
2848,692,0,0,0,0,0,0,0,0,0
2848,706,0,0,0,0,0,0,0,0,0
2850,110,0,0,0,0,0,0,0,0,0
2850,164,0,0,0,0,0,0,0,0,0
2850,322,0,0,0,0,0,0,0,0,0
2852,109,0,0,0,0,0,0,0,0,0
2852,227,0,0,0,0,0,0,0,0,0
2854,183,0,0,0,0,0,0,0,0,0
2855,369,0,0,0,0,0,0,0,0,0
2856,407,0,0,0,0,0,0,0,0,0
2856,417,0,0,0,0,0,0,0,0,0
2857,781,0,0,0,0,0,0,0,0,0
2860,264,0,0,0,0,0,0,0,0,0
2860,270,0,0,0,0,0,0,0,0,0
2862,333,0,0,0,0,0,0,0,0,0
2863,735,0,0,0,0,0,0,0,0,0
2866,127,0,0,0,0,0,0,0,0,0
2866,146,0,0,0,0,0,0,0,0,0
2869,107,0,0,0,0,0,0,0,0,0
2869,135,0,0,0,0,0,0,0,0,0
2870,175,0,0,0,0,0,0,0,0,0
2870,678,0,0,0,0,0,0,0,0,0
2872,373,0,0,0,0,0,0,0,0,0
2873,182,0,0,0,0,0,0,0,0,0
2873,210,0,0,0,0,0,0,0,0,0
2873,374,0,0,0,0,0,0,0,0,0
2875,967,0,0,0,0,0,0,0,0,0
2878,407,0,0,0,0,0,0,0,0,0
2878,417,0,0,0,0,0,0,0,0,0
2878,853,0,0,0,0,0,0,0,0,0
2880,193,0,0,0,0,0,0,0,0,0
2882,148,0,0,0,0,0,0,0,0,0
2883,112,0,0,0,0,0,0,0,0,0
2886,112,0,0,0,0,0,0,0,0,0
2886,225,0,0,0,0,0,0,0,0,0
2887,189,0,0,0,0,0,0,0,0,0
2888,703,0,0,0,0,0,0,0,0,0
2888,886,0,0,0,0,0,0,0,0,0
2888,930,0,0,0,0,0,0,0,0,0
2889,184,0,0,0,0,0,0,0,0,0
2889,792,0,0,0,0,0,0,0,0,0
2891,159,0,0,0,0,0,0,0,0,0
2894,146,0,0,0,0,0,0,0,0,0
2894,178,0,0,0,0,0,0,0,0,0
2894,457,0,0,0,0,0,0,0,0,0
2895,992,0,0,0,0,0,0,0,0,0
2896,145,0,0,0,0,0,0,0,0,0
2896,299,0,0,0,0,0,0,0,0,0
2896,880,0,0,0,0,0,0,0,0,0
2901,978,0,0,0,0,0,0,0,0,0
2902,166,0,0,0,0,0,0,0,0,0
2902,885,0,0,0,0,0,0,0,0,0
2903,202,0,0,0,0,0,0,0,0,0
2903,884,0,0,0,0,0,0,0,0,0
2904,395,0,0,0,0,0,0,0,0,0
2906,506,0,0,0,0,0,0,0,0,0
2906,719,0,0,0,0,0,0,0,0,0
2907,114,0,0,0,0,0,0,0,0,0
2907,156,0,0,0,0,0,0,0,0,0
2907,283,0,0,0,0,0,0,0,0,0
2907,313,0,0,0,0,0,0,0,0,0
2908,754,0,0,0,0,0,0,0,0,0
2911,113,0,0,0,0,0,0,0,0,0
2914,930,0,0,0,0,0,0,0,0,0
2915,130,0,0,0,0,0,0,0,0,0
2915,172,0,0,0,0,0,0,0,0,0
2916,999,0,0,0,0,0,0,0,0,0
2918,265,0,0,0,0,0,0,0,0,0
2919,292,0,0,0,0,0,0,0,0,0
2919,294,0,0,0,0,0,0,0,0,0
2920,135,0,0,0,0,0,0,0,0,0
2920,518,0,0,0,0,0,0,0,0,0
2921,269,0,0,0,0,0,0,0,0,0
2922,965,0,0,0,0,0,0,0,0,0
2923,868,0,0,0,0,0,0,0,0,0
2924,206,0,0,0,0,0,0,0,0,0
2926,359,0,0,0,0,0,0,0,0,0
2926,749,0,0,0,0,0,0,0,0,0
2929,123,0,0,0,0,0,0,0,0,0
2929,139,0,0,0,0,0,0,0,0,0
2929,504,0,0,0,0,0,0,0,0,0
2930,508,0,0,0,0,0,0,0,0,0
2931,229,0,0,0,0,0,0,0,0,0
2932,121,0,0,0,0,0,0,0,0,0
2932,153,0,0,0,0,0,0,0,0,0
2934,275,0,0,0,0,0,0,0,0,0
2937,747,0,0,0,0,0,0,0,0,0
2938,133,0,0,0,0,0,0,0,0,0
2938,218,0,0,0,0,0,0,0,0,0
2939,101,0,0,0,0,0,0,0,0,0
2940,294,0,0,0,0,0,0,0,0,0
2941,264,0,0,0,0,0,0,0,0,0
2941,416,0,0,0,0,0,0,0,0,0
2942,230,0,0,0,0,0,0,0,0,0
2942,625,0,0,0,0,0,0,0,0,0
2943,137,0,0,0,0,0,0,0,0,0
2945,319,0,0,0,0,0,0,0,0,0
2945,375,0,0,0,0,0,0,0,0,0
2947,264,0,0,0,0,0,0,0,0,0
2948,125,0,0,0,0,0,0,0,0,0
2948,233,0,0,0,0,0,0,0,0,0
2948,670,0,0,0,0,0,0,0,0,0
2948,992,0,0,0,0,0,0,0,0,0
2949,138,0,0,0,0,0,0,0,0,0
2949,475,0,0,0,0,0,0,0,0,0
2951,125,0,0,0,0,0,0,0,0,0
2951,241,0,0,0,0,0,0,0,0,0
2951,263,0,0,0,0,0,0,0,0,0
2951,564,0,0,0,0,0,0,0,0,0
2952,391,0,0,0,0,0,0,0,0,0
2954,125,0,0,0,0,0,0,0,0,0
2955,124,0,0,0,0,0,0,0,0,0
2955,422,0,0,0,0,0,0,0,0,0
2958,244,0,0,0,0,0,0,0,0,0
2958,923,0,0,0,0,0,0,0,0,0
2959,431,0,0,0,0,0,0,0,0,0
2959,792,0,0,0,0,0,0,0,0,0
2960,116,0,0,0,0,0,0,0,0,0
2960,245,0,0,0,0,0,0,0,0,0
2967,236,0,0,0,0,0,0,0,0,0
2967,297,0,0,0,0,0,0,0,0,0
2970,545,0,0,0,0,0,0,0,0,0
2970,678,0,0,0,0,0,0,0,0,0
2972,240,0,0,0,0,0,0,0,0,0
2972,558,0,0,0,0,0,0,0,0,0
2974,582,0,0,0,0,0,0,0,0,0
2977,280,0,0,0,0,0,0,0,0,0
2977,315,0,0,0,0,0,0,0,0,0
2979,102,0,0,0,0,0,0,0,0,0
2979,175,0,0,0,0,0,0,0,0,0
2980,556,0,0,0,0,0,0,0,0,0
2983,153,0,0,0,0,0,0,0,0,0
2983,921,0,0,0,0,0,0,0,0,0
2985,351,0,0,0,0,0,0,0,0,0
2985,620,0,0,0,0,0,0,0,0,0
2986,748,0,0,0,0,0,0,0,0,0
2986,928,0,0,0,0,0,0,0,0,0
2987,194,0,0,0,0,0,0,0,0,0
2988,545,0,0,0,0,0,0,0,0,0
2988,675,0,0,0,0,0,0,0,0,0
2988,842,0,0,0,0,0,0,0,0,0
2989,473,0,0,0,0,0,0,0,0,0
2991,345,0,0,0,0,0,0,0,0,0
2991,607,0,0,0,0,0,0,0,0,0
2992,120,0,0,0,0,0,0,0,0,0
2992,202,0,0,0,0,0,0,0,0,0
2993,178,0,0,0,0,0,0,0,0,0
2994,134,0,0,0,0,0,0,0,0,0
2996,477,0,0,0,0,0,0,0,0,0
2997,114,0,0,0,0,0,0,0,0,0
2997,290,0,0,0,0,0,0,0,0,0
2997,361,0,0,0,0,0,0,0,0,0
2997,368,0,0,0,0,0,0,0,0,0
2997,550,0,0,0,0,0,0,0,0,0
3001,249,0,0,0,0,0,0,0,0,0
3001,337,0,1,0,0,0,0,0,0,0
3002,953,0,0,0,0,0,0,0,0,0
3002,980,0,0,0,0,0,0,0,0,0
3003,133,0,0,0,0,0,0,0,0,0
3003,209,0,0,0,0,0,0,0,0,0
3011,399,0,0,0,0,0,0,0,0,0
3011,664,0,0,0,0,0,0,0,0,0
3014,898,0,0,0,0,0,0,0,0,0
3014,955,0,0,0,0,0,0,0,0,0
3015,847,0,0,0,0,0,0,0,0,0
3019,517,0,0,0,0,0,0,0,0,0
3020,291,0,0,0,0,0,0,0,0,0
3020,806,0,0,0,0,0,0,0,0,0
3021,726,0,0,0,0,0,0,0,0,0
3021,975,0,0,0,0,0,0,0,0,0
3026,104,0,0,0,0,0,0,0,0,0
3026,141,0,0,0,0,0,0,0,0,0
3026,502,0,0,0,0,0,0,0,0,0
3027,847,0,0,0,0,0,0,0,0,0
3030,328,0,0,0,0,0,0,0,0,0
3031,150,0,0,1,0,0,0,0,0,0
3031,336,0,0,0,0,0,0,0,0,0
3032,135,0,0,0,0,0,0,0,0,0
3033,387,0,0,0,0,0,0,0,0,0
3033,952,0,0,0,0,0,0,0,0,0
3034,713,0,0,0,0,0,0,0,0,0
3035,168,0,0,0,0,0,0,0,0,0
3035,293,0,0,0,0,0,0,0,0,0
3042,331,0,0,0,0,0,0,0,0,0
3043,425,0,0,0,0,0,0,0,0,0
3047,109,0,0,0,0,0,0,0,0,0
3049,113,0,0,0,0,0,0,0,0,0
3049,236,0,0,0,0,0,0,0,0,0
3051,256,0,0,0,0,0,0,0,0,0
3051,877,0,0,0,0,0,0,0,0,0
3052,115,0,0,1,0,0,0,0,0,0
3053,139,0,0,0,0,0,0,0,0,0
3053,402,0,0,0,0,0,0,0,0,0
3055,255,0,0,0,0,0,0,0,0,0
3058,397,0,0,0,0,0,0,0,0,0
3059,252,0,0,0,0,0,0,0,0,0
3062,438,0,0,0,0,0,0,0,0,0
3063,244,0,0,0,0,0,0,0,0,0
3063,355,0,0,0,0,0,0,0,0,0
3065,218,0,0,0,0,0,0,0,0,0
3065,244,0,0,0,0,0,0,0,0,0
3066,108,0,0,1,0,0,0,0,0,0
3066,321,0,0,0,0,0,0,0,0,0
3066,556,0,0,0,0,0,0,0,0,0
3069,296,0,0,0,0,0,0,0,0,0
3071,811,0,0,0,0,0,0,0,0,0
3072,238,0,0,0,0,0,0,0,0,0
3074,140,0,0,0,0,0,0,0,0,0
3074,171,0,0,0,0,0,0,0,0,0
3074,265,0,0,0,0,0,0,0,0,0
3079,175,0,0,0,0,0,0,0,0,0
3080,321,0,0,0,0,0,0,0,0,0
3080,936,0,0,0,0,0,0,0,0,0
3082,178,0,0,0,0,0,0,0,0,0
3083,396,0,0,0,0,0,0,0,0,0
3083,543,0,0,0,0,0,0,0,0,0
3084,497,0,0,0,0,0,0,0,0,0
3084,773,0,0,0,0,0,0,0,0,0
3085,270,0,0,0,0,0,0,0,0,0
3085,796,0,0,0,0,0,0,0,0,0
3086,445,0,0,0,0,0,0,0,0,0
3087,308,0,0,0,0,0,0,0,0,0
3088,833,0,0,0,0,0,0,0,0,0
3090,843,0,0,0,0,0,0,0,0,0
3092,893,0,0,0,0,0,0,0,0,0
3094,120,0,0,0,0,0,0,0,0,0
3094,183,0,0,0,0,0,0,0,0,0
3096,157,0,0,0,0,0,0,0,0,0
3096,785,0,0,0,0,0,0,0,0,0
3097,993,0,0,0,0,0,0,0,0,0
3098,463,0,0,0,0,0,0,0,0,0
3098,960,0,0,0,0,0,0,0,0,0
3099,375,0,0,0,0,0,0,0,0,0
3099,391,0,0,0,0,0,0,0,0,0
3099,475,0,0,0,0,0,0,0,0,0
3101,133,0,0,0,0,0,0,0,0,0
3101,390,0,0,0,0,0,0,0,0,0
3102,241,0,0,0,0,0,0,0,0,0
3103,106,0,0,0,0,0,0,0,0,0
3103,752,0,0,0,0,0,0,0,0,0
3104,106,0,0,0,0,0,0,0,0,0
3104,572,0,0,0,0,0,0,0,0,0
3104,711,0,0,0,0,0,0,0,0,0
3106,247,0,0,0,0,0,0,0,0,0
3106,292,0,0,0,0,0,0,0,0,0
3106,518,0,0,0,0,0,0,0,0,0
3108,146,0,0,0,0,0,0,0,0,0
3108,250,0,0,0,0,0,0,0,0,0
3110,345,0,0,0,0,0,0,0,0,0
3111,678,0,0,0,0,0,0,0,0,0
3112,120,0,0,0,0,0,0,0,0,0
3112,569,0,0,0,0,0,0,0,0,0
3113,140,0,0,0,0,0,0,0,0,0
3113,629,0,0,0,0,0,0,0,0,0
3117,224,0,0,0,0,0,0,0,0,0
3117,508,0,0,0,0,0,0,0,0,0
3117,564,0,0,0,0,0,0,0,0,0
3117,831,0,0,0,0,0,0,0,0,0
3118,106,0,0,0,0,0,0,0,0,0
3122,632,0,0,0,0,0,0,0,0,0
3123,713,0,0,0,0,0,0,0,0,0
3123,789,0,0,0,0,0,0,0,0,0
3125,129,0,0,0,0,0,0,0,0,0
3125,526,0,0,0,0,0,0,0,0,0
3125,599,0,0,0,0,0,0,0,0,0
3127,183,0,0,0,0,0,0,0,0,0
3127,235,0,0,0,0,0,0,0,0,0
3127,346,0,0,0,0,0,0,0,0,0
3128,208,0,0,0,0,0,0,0,0,0
3128,215,0,0,0,0,0,0,0,0,0
3128,233,0,0,0,0,0,0,0,0,0
3129,190,0,0,0,0,0,0,0,0,0
3131,854,0,0,0,0,0,0,0,0,0
3131,903,0,0,0,0,0,0,0,0,0
3133,926,0,0,0,0,0,0,0,0,0
3135,401,0,0,0,0,0,0,0,0,0
3137,632,0,0,0,0,0,0,0,0,0
3138,402,0,0,0,0,0,0,0,0,0
3140,156,0,0,0,0,0,0,0,0,0
3144,200,0,0,0,0,0,0,0,0,0
3145,112,0,0,1,1,0,0,0,0,0
3148,210,0,0,0,0,0,0,0,0,0
3151,269,0,0,0,0,0,0,0,0,0
3151,444,0,0,0,0,0,0,0,0,0
3151,806,0,0,0,0,0,0,0,0,0
3154,379,0,0,0,0,0,0,0,0,0
3154,434,0,0,0,0,0,0,0,0,0
3154,610,0,0,0,0,0,0,0,0,0
3156,522,0,0,0,0,0,0,0,0,0
3157,458,0,0,0,0,0,0,0,0,0
3157,738,0,0,0,0,0,0,0,0,0
3158,234,0,0,0,0,0,0,0,0,0
3158,278,0,0,0,0,0,0,0,0,0
3158,581,0,0,0,0,0,0,0,0,0
3158,998,0,0,0,0,0,0,0,0,0
3160,782,0,0,0,0,0,0,0,0,0
3161,178,0,0,0,0,0,0,0,0,0
3162,296,0,0,0,0,0,0,0,0,0
3164,181,0,0,0,0,0,0,0,0,0
3164,274,0,1,0,0,0,0,0,0,0
3164,383,0,0,0,0,0,0,0,0,0
3164,517,0,0,0,0,0,0,0,0,0
3166,130,0,0,0,0,0,0,0,0,0
3169,151,0,0,0,0,0,0,0,0,0
3169,288,0,0,0,0,0,0,0,0,0
3170,125,0,0,0,0,0,0,0,0,0
3170,168,0,0,0,0,0,0,0,0,0
3171,120,0,0,0,0,0,0,0,0,0
3173,267,0,0,0,0,0,0,0,0,0
3173,310,0,0,1,0,0,0,0,0,0
3173,523,0,0,0,0,0,0,0,0,0
3174,224,0,0,0,0,0,0,0,0,0
3175,800,0,0,0,0,0,0,0,0,0
3176,222,0,0,0,0,0,0,0,0,0
3176,291,0,0,0,0,0,0,0,0,0
3176,532,0,0,0,0,0,0,0,0,0
3176,857,0,0,0,0,0,0,0,0,0
3179,123,0,0,0,0,0,0,0,0,0
3182,244,0,0,0,0,0,0,0,0,0
3182,309,0,0,0,0,0,0,0,0,0
3184,112,0,0,0,0,0,0,0,0,0
3184,225,0,0,0,0,0,0,0,0,0
3184,236,0,0,0,0,0,0,0,0,0
3185,472,0,0,0,0,0,0,0,0,0
3185,565,0,0,0,0,0,0,0,0,0
3186,174,0,0,0,0,0,0,0,0,0
3186,909,0,0,0,0,0,0,0,0,0
3187,657,0,0,0,0,0,0,0,0,0
3188,119,0,0,0,0,0,0,0,0,0
3188,185,0,0,0,0,0,0,0,0,0
3188,392,0,0,0,0,0,0,0,0,0
3189,123,0,0,0,0,0,0,0,0,0
3189,690,0,0,0,0,0,0,0,0,0
3190,674,0,0,0,0,0,0,0,0,0
3192,188,0,0,0,0,0,0,0,0,0
3193,174,0,0,1,0,0,0,0,0,0
3196,155,0,0,0,0,0,0,0,0,0
3196,240,0,0,0,0,0,0,0,0,0
3197,553,0,0,0,0,0,0,0,0,0
3198,161,0,0,0,0,0,0,0,0,0
3198,595,0,0,0,0,0,0,0,0,0
3199,213,0,0,0,0,0,0,0,0,0
3199,428,0,0,0,0,0,0,0,0,0
3199,660,0,0,0,0,0,0,0,0,0
3200,257,0,0,0,0,0,0,0,0,0
3200,276,0,0,0,0,0,0,0,0,0
3201,389,0,0,0,0,0,0,0,0,0
3201,960,0,0,1,0,0,0,0,0,0
3202,168,0,0,0,0,0,0,0,0,0
3202,980,0,0,0,0,0,0,0,0,0
3203,385,0,0,0,0,0,0,0,0,0
3204,589,0,0,0,0,0,0,0,0,0
3205,174,0,0,0,0,0,0,0,0,0
3205,367,0,0,0,0,0,0,0,0,0
3205,500,0,0,0,0,0,0,0,0,0
3206,103,0,0,0,0,0,0,0,0,0
3206,322,0,0,0,0,0,0,0,0,0
3206,517,0,0,0,0,0,0,0,0,0
3207,148,0,0,0,0,0,0,0,0,0
3208,179,0,0,0,0,0,0,0,0,0
3208,639,0,0,0,0,0,0,0,0,0
3210,471,0,0,0,0,0,0,0,0,0
3210,521,0,0,0,0,0,0,0,0,0
3211,678,0,0,0,0,0,0,0,0,0
3212,167,0,0,0,0,0,0,0,0,0
3212,175,0,0,0,0,0,0,0,0,0
3213,147,0,0,0,0,0,0,0,0,0
3214,143,0,0,0,0,0,0,0,0,0
3214,608,0,0,0,0,0,0,0,0,0
3215,180,0,0,0,0,0,0,0,0,0
3216,557,0,0,0,0,0,0,0,0,0
3216,658,0,0,0,0,0,0,0,0,0
3216,817,0,0,0,0,0,0,0,0,0
3220,488,0,0,0,0,0,0,0,0,0
3220,511,0,0,0,0,0,0,0,0,0
3223,548,0,0,0,0,0,0,0,0,0
3224,141,0,0,0,0,0,0,0,0,0
3224,294,0,0,0,0,0,0,0,0,0
3226,341,0,0,0,0,0,0,0,0,0
3226,736,0,0,0,0,0,0,0,0,0
3226,864,0,0,0,0,0,0,0,0,0
3227,165,0,0,0,0,0,0,0,0,0
3231,182,0,0,0,0,0,0,0,0,0
3234,327,0,0,0,0,0,0,0,0,0
3234,428,0,0,0,0,0,0,0,0,0
3235,112,0,0,0,0,0,0,0,0,0
3235,293,0,0,0,0,0,0,0,0,0
3235,595,0,0,0,0,0,0,0,0,0
3239,554,0,0,0,0,0,0,0,0,0
3241,567,0,0,0,0,0,0,0,0,0
3243,143,0,0,0,0,0,0,0,0,0
3243,166,0,0,0,0,0,0,0,0,0
3243,175,0,0,0,0,0,0,0,0,0
3243,275,0,0,0,0,0,0,0,0,0
3243,386,0,0,0,0,0,0,0,0,0
3244,121,0,0,0,0,0,0,0,0,0
3244,194,0,0,0,0,0,0,0,0,0
3244,950,0,0,0,0,0,0,0,0,0
3246,376,0,0,0,0,0,0,0,0,0
3247,571,0,0,0,0,0,0,0,0,0
3248,226,0,0,0,0,0,0,0,0,0
3250,298,0,0,0,0,0,0,0,0,0
3252,161,0,0,0,0,0,0,0,0,0
3252,263,0,0,0,0,0,0,0,0,0
3253,287,0,0,0,0,0,0,0,0,0
3254,114,0,0,0,0,0,0,0,0,0
3254,117,0,0,0,0,0,0,0,0,0
3254,147,0,0,0,0,0,0,0,0,0
3254,341,0,0,0,0,0,0,0,0,0
3254,841,0,0,0,0,0,0,0,0,0
3255,708,0,0,0,0,0,0,0,0,0
3257,228,0,0,0,0,0,0,0,0,0
3257,331,0,0,0,0,0,0,0,0,0
3257,664,0,0,0,0,0,0,0,0,0
3259,261,0,0,0,0,0,0,0,0,0
3259,701,0,0,0,0,0,0,0,0,0
3260,111,0,0,0,0,0,0,0,0,0
3260,135,0,0,0,0,0,0,0,0,0
3260,180,0,0,0,0,0,0,0,0,0
3262,916,0,0,0,0,0,0,0,0,0
3264,167,0,0,0,0,0,0,0,0,0
3264,219,0,0,0,0,0,0,0,0,0
3267,188,0,0,0,0,0,0,0,0,0
3268,241,0,0,0,0,0,0,0,0,0
3270,220,0,0,0,0,0,0,0,0,0
3272,284,0,0,0,0,0,0,0,0,0
3272,289,0,0,0,0,0,0,0,0,0
3273,158,0,0,0,0,0,0,0,0,0
3274,121,0,0,0,0,0,0,0,0,0
3274,923,0,0,0,0,0,0,0,0,0
3275,216,0,0,0,0,0,0,0,0,0
3275,366,0,0,0,0,0,0,0,0,0
3278,245,0,0,0,0,0,0,0,0,0
3279,912,0,0,0,0,0,0,0,0,0
3281,120,0,0,0,0,0,0,0,0,0
3281,668,0,0,0,0,0,0,0,0,0
3285,724,0,0,0,0,0,0,0,0,0
3288,169,0,0,0,0,0,0,0,0,0
3295,330,0,0,0,0,0,0,0,0,0
3296,140,0,0,0,0,0,0,0,0,0
3296,292,0,0,0,0,0,0,0,0,0
3298,187,0,0,0,0,0,0,0,0,0
3298,441,0,0,0,0,0,0,0,0,0
3299,970,0,0,0,0,0,0,0,0,0
3300,424,0,0,0,0,0,0,0,0,0
3301,156,0,0,0,0,0,0,0,0,0
3302,160,0,0,0,0,0,0,0,0,0
3302,234,0,0,0,0,0,0,0,0,0
3302,406,0,0,0,0,0,0,0,0,0
3305,126,0,0,0,0,0,0,0,0,0
3306,558,0,0,0,0,0,0,0,0,0
3307,288,0,0,0,0,0,0,0,0,0
3314,233,0,0,0,0,0,0,0,0,0
3314,481,0,0,0,0,0,0,0,0,0
3316,422,0,0,0,0,0,0,0,0,0
3317,230,0,0,0,0,0,0,0,0,0
3318,400,0,0,0,0,0,0,0,0,0
3321,103,0,0,0,0,0,0,0,0,0
3321,304,0,0,0,0,0,0,0,0,0
3321,394,0,0,0,0,0,0,0,0,0
3322,340,0,0,0,0,0,0,0,0,0
3324,131,0,0,0,0,0,0,0,0,0
3324,149,0,0,0,0,0,0,0,0,0
3324,872,0,0,0,0,0,0,0,0,0
3325,361,0,0,0,0,0,0,0,0,0
3325,936,0,0,0,0,0,0,0,0,0
3326,110,0,0,0,0,0,0,0,0,0
3326,401,0,0,0,0,0,0,0,0,0
3326,787,0,0,0,0,0,0,0,0,0
3327,407,0,0,0,0,0,0,0,0,0
3327,627,0,0,0,0,0,0,0,0,0
3331,142,0,0,0,0,0,0,0,0,0
3331,374,0,0,0,0,0,0,0,0,0
3332,158,0,0,0,0,0,0,0,0,0
3332,303,0,0,0,0,0,0,0,0,0
3333,318,0,0,0,0,0,0,0,0,0
3333,359,0,0,0,0,0,0,0,0,0
3334,416,0,0,0,0,0,0,0,0,0
3334,527,0,0,0,0,0,0,0,0,0
3335,441,0,0,0,0,0,0,0,0,0
3335,619,0,0,0,0,0,0,0,0,0
3336,140,0,0,0,0,0,0,0,0,0
3336,195,0,0,0,0,0,0,0,0,0
3336,657,0,0,0,0,0,0,0,0,0
3338,115,0,0,0,0,0,0,0,0,0
3339,538,0,0,0,0,0,0,0,0,0
3339,624,0,0,0,0,0,0,0,0,0
3340,221,0,0,0,0,0,0,0,0,0
3340,522,0,0,0,0,0,0,0,0,0
3342,432,0,0,0,0,0,0,0,0,0
3342,822,0,0,0,0,0,0,0,0,0
3343,283,0,0,0,0,0,0,0,0,0
3344,107,0,0,0,0,0,0,0,0,0
3346,122,0,0,0,0,0,0,0,0,0
3346,145,0,0,0,0,0,0,0,0,0
3349,374,0,0,0,0,0,0,0,0,0
3352,224,0,0,0,0,0,0,0,0,0
3354,174,0,0,0,0,0,0,0,0,0
3354,186,0,0,0,0,0,0,0,0,0
3354,342,0,0,0,0,0,0,0,0,0
3356,118,0,0,0,0,0,0,0,0,0
3356,249,0,0,0,0,0,0,0,0,0
3357,133,0,0,0,0,0,0,0,0,0
3357,385,0,0,0,0,0,0,0,0,0
3360,872,0,0,0,0,0,0,0,0,0
3361,186,0,0,0,0,0,0,0,0,0
3361,507,0,0,0,0,0,0,0,0,0
3362,111,0,0,0,0,0,0,0,0,0
3364,425,0,0,0,0,0,0,0,0,0
3365,535,0,0,0,0,0,0,0,0,0
3366,645,0,0,0,0,0,0,0,0,0
3367,548,0,0,0,0,0,0,0,0,0
3369,192,0,0,0,0,0,0,0,0,0
3369,348,0,0,0,0,0,0,0,0,0
3370,161,0,0,0,0,0,0,0,0,0
3372,421,0,0,0,0,0,0,0,0,0
3374,462,0,0,0,0,0,0,0,0,0
3374,854,0,0,0,0,0,0,0,0,0
3375,933,0,0,0,0,0,0,0,0,0
3376,880,0,0,0,0,0,0,0,0,0
3378,107,1,0,0,0,0,0,0,0,0
3379,102,0,0,0,0,0,0,0,0,0
3379,478,0,0,0,0,0,0,0,0,0
3380,876,0,0,0,0,0,0,0,0,0
3381,303,0,0,0,0,0,0,0,0,0
3381,619,0,0,0,0,0,0,0,0,0
3382,240,0,0,0,0,0,0,0,0,0
3383,148,0,0,0,0,0,0,0,0,0
3383,675,0,0,0,0,0,0,0,0,0
3384,355,0,0,0,0,0,0,0,0,0
3385,266,0,0,0,0,0,0,0,0,0
3386,190,0,0,0,0,0,0,0,0,0
3387,477,0,0,0,0,0,0,0,0,0
3388,322,0,0,0,0,0,0,0,0,0
3388,390,0,0,0,0,0,0,0,0,0
3389,216,0,0,0,0,0,0,0,0,0
3390,794,0,0,0,0,0,0,0,0,0
3392,401,0,0,0,0,0,0,0,0,0
3394,182,0,0,0,0,0,0,0,0,0
3394,483,0,0,0,0,0,0,0,0,0
3394,554,0,0,0,0,0,0,0,0,0
3395,118,0,0,0,0,0,0,0,0,0
3395,443,0,0,0,0,0,0,0,0,0
3398,538,0,0,0,0,0,0,0,0,0
3399,270,0,0,0,0,0,0,0,0,0
3399,513,0,0,0,0,0,0,0,0,0
3401,768,0,0,0,0,0,0,0,0,0
3404,915,0,0,0,0,0,0,0,0,0
3405,823,0,0,0,0,0,0,0,0,0
3406,122,0,0,0,0,0,0,0,0,0
3407,255,0,0,0,0,0,0,0,0,0
3408,576,0,0,0,0,0,0,0,0,0
3410,110,0,0,0,0,0,0,0,0,0
3410,985,0,0,0,0,0,0,0,0,0
3411,119,0,0,0,0,0,0,0,0,0
3411,120,0,0,0,0,0,0,0,0,0
3411,908,0,0,0,0,0,0,0,0,0
3412,141,0,0,0,0,0,0,0,0,0
3413,362,0,0,0,0,0,0,0,0,0
3414,160,0,0,0,0,0,0,0,0,0
3415,242,0,0,0,0,0,0,0,0,0
3416,414,0,0,0,0,0,0,0,0,0
3419,157,0,0,0,0,0,0,0,0,0
3422,302,0,0,0,0,0,0,0,0,0
3424,340,0,0,0,0,0,0,0,0,0
3425,267,0,0,0,0,0,0,0,0,0
3425,436,0,0,0,0,0,0,0,0,0
3428,144,0,0,0,0,0,0,0,0,0
3429,557,0,0,0,0,0,0,0,0,0
3430,551,0,0,0,0,0,0,0,0,0
3431,584,0,0,0,0,0,0,0,0,0
3432,581,0,0,0,0,0,0,0,0,0
3434,133,1,0,0,0,0,0,0,0,0
3434,741,0,0,0,0,0,0,0,0,0
3435,241,0,0,0,0,0,0,0,0,0
3435,312,0,0,0,0,0,0,0,0,0
3435,409,0,0,0,0,0,0,0,0,0
3436,120,0,0,0,0,0,0,0,0,0
3436,775,0,0,0,0,0,0,0,0,0
3437,108,0,0,0,0,0,0,0,0,0
3439,209,0,0,0,0,0,0,0,0,0
3439,462,0,0,0,0,0,0,0,0,0
3439,738,0,0,0,0,0,0,0,0,0
3443,452,0,0,0,0,0,0,0,0,0
3443,538,0,0,0,0,0,0,0,0,0
3444,123,0,0,0,0,0,0,0,0,0
3444,602,0,0,0,0,0,0,0,0,0
3445,305,0,0,0,0,0,0,0,0,0
3447,297,0,0,0,0,0,0,0,0,0
3448,140,0,0,1,0,0,0,0,0,0
3448,168,0,0,0,0,0,0,0,0,0
3450,339,0,0,0,0,0,0,0,0,0
3450,703,0,0,0,0,0,0,0,0,0
3452,151,0,0,0,0,0,0,0,0,0
3455,127,0,0,0,0,0,0,0,0,0
3455,214,0,0,0,0,0,0,0,0,0
3455,434,0,0,0,0,0,0,0,0,0
3456,105,0,0,0,0,0,0,0,0,0
3456,401,0,0,0,0,0,0,0,0,0
3457,373,0,0,0,0,0,0,0,0,0
3459,159,0,0,0,0,0,0,0,0,0
3459,192,0,0,0,0,0,0,0,0,0
3459,334,0,0,0,0,0,0,0,0,0
3460,155,0,0,0,0,0,0,0,0,0
3460,315,0,0,0,0,0,0,0,0,0
3460,744,0,0,0,0,0,0,0,0,0
3461,876,0,0,0,0,0,0,0,0,0
3463,147,0,0,0,0,0,0,0,0,0
3463,150,0,0,0,0,0,0,0,0,0
3465,273,0,0,0,0,0,0,0,0,0
3465,585,0,0,0,0,0,0,0,0,0
3466,251,0,0,0,0,0,0,0,0,0
3468,723,0,0,0,0,0,0,0,0,0
3469,188,0,0,0,0,0,0,0,0,0
3472,216,0,0,0,0,0,0,0,0,0
3472,236,0,0,0,0,0,0,0,0,0
3473,149,0,0,0,0,0,0,0,0,0
3475,107,0,0,0,0,0,0,0,0,0
3475,166,0,0,0,0,0,0,0,0,0
3475,465,0,0,0,0,0,0,0,0,0
3476,383,0,0,0,0,0,0,0,0,0
3477,361,0,0,0,0,0,0,0,0,0
3479,701,0,0,0,0,0,0,0,0,0
3480,605,0,0,0,0,0,0,0,0,0
3484,126,0,0,0,0,1,0,0,0,0
3484,428,0,0,0,0,0,0,0,0,0
3484,456,0,0,0,0,0,0,0,0,0
3486,835,0,0,0,0,0,0,0,0,0
3488,283,0,0,0,0,0,0,0,0,0
3488,376,0,0,0,0,0,0,0,0,0
3490,209,0,0,0,0,0,0,0,0,0
3492,316,0,0,0,0,0,0,0,0,0
3493,176,0,0,0,0,0,0,0,0,0
3494,182,0,0,0,0,0,0,0,0,0
3494,344,0,0,0,0,0,0,0,0,0
3495,537,0,0,0,0,0,0,0,0,0
3495,609,0,0,0,0,0,0,0,0,0
3495,666,0,0,0,0,0,0,0,0,0
3495,750,0,0,0,0,0,0,0,0,0
3497,407,0,0,0,0,0,0,0,0,0
3498,340,0,0,0,0,0,0,0,0,0
3499,701,0,0,0,0,0,0,0,0,0
3500,404,0,0,0,0,0,0,0,0,0
3502,194,0,0,0,0,0,0,0,0,0
3505,763,0,0,0,0,0,0,0,0,0
3506,409,0,0,0,0,0,0,0,0,0
3508,283,0,0,0,0,0,0,0,0,0
3508,696,0,0,0,0,0,0,0,0,0
3509,380,0,0,0,0,0,0,0,0,0
3509,927,0,0,0,0,0,0,0,0,0
3516,617,0,0,0,0,0,0,0,0,0
3517,152,0,0,0,0,0,0,0,0,0
3517,278,0,0,0,0,0,0,0,0,0
3520,147,0,0,0,0,0,0,0,0,0
3522,834,0,0,0,0,0,0,0,0,0
3526,671,0,0,0,0,0,0,0,0,0
3527,211,0,0,0,0,0,0,0,0,0
3527,268,0,0,0,0,0,0,0,0,0
3528,333,0,0,0,0,0,0,0,0,0
3529,411,0,0,0,0,0,0,0,0,0
3529,590,0,0,0,0,0,0,0,0,0
3530,308,0,0,0,0,0,0,0,0,0
3531,669,0,0,0,0,0,0,0,0,0
3532,176,0,0,0,0,0,0,0,0,0
3532,304,0,0,0,0,0,0,0,0,0
3535,398,0,0,0,0,0,0,0,0,0
3536,940,0,0,0,0,0,0,0,0,0
3538,264,0,0,0,0,0,0,0,0,0
3541,917,0,0,0,0,0,0,0,0,0
3549,226,0,0,0,0,0,0,0,0,0
3549,324,0,0,0,0,0,0,0,0,0
3551,649,0,0,0,0,0,0,0,0,0
3553,125,0,0,0,0,0,0,0,0,0
3555,234,0,0,0,0,0,0,0,0,0
3557,305,0,0,0,0,0,0,0,0,0
3557,356,0,0,0,0,0,0,0,0,0
3558,150,0,0,0,0,0,0,0,0,0
3561,106,0,0,0,0,0,0,0,0,0
3561,318,0,0,0,0,0,0,0,0,0
3563,255,0,0,0,0,0,0,0,0,0
3563,547,0,0,0,0,0,0,0,0,0
3564,592,0,0,0,0,0,0,0,0,0
3571,300,0,0,0,0,0,0,0,0,0
3571,562,0,0,0,0,0,0,0,0,0
3572,162,0,0,0,0,0,0,0,0,0
3575,142,0,0,0,0,0,0,0,0,0
3575,272,0,0,0,0,0,0,0,0,0
3576,108,0,0,0,0,0,0,0,0,0
3576,360,0,0,0,0,0,0,0,0,0
3577,312,0,0,0,0,0,0,0,0,0
3577,683,0,0,0,0,0,0,0,0,0
3581,647,0,0,0,0,0,0,0,0,0
3582,216,0,0,0,0,0,0,0,0,0
3582,436,0,0,0,0,0,0,0,0,0
3584,133,0,0,0,0,0,0,0,0,0
3584,214,0,0,0,0,0,0,0,0,0
3584,294,0,0,0,0,0,0,0,0,0
3584,413,0,0,0,0,0,0,0,0,0
3586,691,0,0,0,0,0,0,0,0,0
3587,207,0,0,0,0,0,0,0,0,0
3588,423,0,0,0,0,0,0,0,0,0
3589,215,0,0,0,0,0,0,0,0,0
3590,212,0,0,0,0,0,0,0,0,0
3590,467,0,0,0,0,0,0,0,0,0
3590,964,0,0,0,0,0,0,0,0,0
3591,216,0,0,0,0,0,0,0,0,0
3591,337,0,0,0,0,0,0,0,0,0
3592,267,0,0,0,0,0,0,0,0,0
3593,466,0,0,0,0,0,0,0,0,0
3593,994,0,0,0,0,0,0,0,0,0
3594,116,0,0,0,0,0,0,0,0,0
3595,275,0,0,0,0,0,0,0,0,0
3597,798,0,0,0,0,0,0,0,0,0
3598,471,0,0,0,0,0,0,0,0,0
3600,255,0,0,0,0,0,0,0,0,0
3601,345,0,0,0,0,0,0,0,0,0
3601,380,0,0,0,0,0,0,0,0,0
3603,124,0,0,0,0,0,0,0,0,0
3607,272,0,0,0,0,0,0,0,0,0
3607,352,0,0,0,0,0,0,0,0,0
3607,976,0,0,0,0,0,0,0,0,0
3608,321,0,0,0,0,0,0,0,0,0
3609,732,0,0,0,0,0,0,0,0,0
3609,867,0,0,0,0,0,0,0,0,0
3610,424,0,0,0,0,0,0,0,0,0
3611,233,0,0,0,0,0,0,0,0,0
3613,141,0,0,0,0,0,0,0,0,0
3614,133,0,0,0,0,0,0,0,0,0
3614,307,0,0,0,0,0,0,0,0,0
3620,427,0,0,0,0,0,0,0,0,0
3621,462,0,0,0,0,0,0,0,0,0
3622,214,0,0,0,0,0,0,0,0,0
3623,234,0,0,0,0,0,0,0,0,0
3624,382,0,0,0,0,0,0,0,0,0
3625,307,0,0,0,0,0,0,0,0,0
3625,412,0,0,0,0,0,0,0,0,0
3625,586,0,0,0,0,0,0,0,0,0
3626,328,0,0,0,0,0,0,0,0,0
3628,628,0,0,0,0,0,0,0,0,0
3630,489,0,0,0,0,0,0,0,0,0
3631,162,0,0,0,0,0,0,0,0,0
3632,314,0,0,0,0,0,0,0,0,0
3632,729,0,0,0,0,0,0,0,0,0
3632,900,0,0,0,0,0,0,0,0,0
3634,625,0,0,0,0,0,0,0,0,0
3636,155,0,0,0,0,0,0,0,0,0
3636,541,0,0,0,0,0,0,0,0,0
3637,799,0,0,0,0,0,0,0,0,0
3639,395,0,0,0,0,0,0,0,0,0
3640,605,0,0,0,0,0,0,0,0,0
3642,477,0,0,0,0,0,0,0,0,0
3643,236,0,0,0,0,0,0,0,0,0
3644,517,0,0,0,0,0,0,0,0,0
3645,382,0,0,0,0,0,0,0,0,0
3647,316,0,0,0,0,0,0,0,0,0
3650,254,0,0,0,0,0,0,0,0,0
3650,478,0,0,0,0,0,0,0,0,0
3651,261,0,0,0,0,0,0,0,0,0
3651,819,0,0,0,0,0,0,0,0,0
3651,934,0,0,0,0,0,0,0,0,0
3652,688,0,0,0,0,0,0,0,0,0
3652,919,0,0,0,0,0,0,0,0,0
3654,730,0,0,0,0,0,0,0,0,0
3655,242,0,0,0,0,0,0,0,0,0
3657,375,0,0,0,0,0,0,0,0,0
3658,891,0,0,0,0,0,0,0,0,0
3660,319,0,0,0,0,0,0,0,0,0
3660,433,0,0,0,0,0,0,0,0,0
3661,314,0,0,0,0,0,0,0,0,0
3662,116,0,0,0,0,0,0,0,0,0
3662,127,0,0,0,0,0,0,0,0,0
3663,291,0,0,0,0,0,0,0,0,0
3666,190,0,0,0,0,0,0,0,0,0
3666,234,0,0,0,0,0,0,0,0,0
3666,368,0,0,0,0,0,0,0,0,0
3668,246,0,0,0,0,0,0,0,0,0
3668,247,0,0,0,0,0,0,0,0,0
3669,259,0,0,0,0,0,0,0,0,0
3669,314,0,0,0,0,0,0,0,0,0
3669,324,0,0,0,0,0,0,0,0,0
3669,421,0,0,0,0,0,0,0,0,0
3670,128,0,0,0,0,0,0,0,0,0
3670,152,0,0,0,0,0,0,0,0,0
3672,915,0,0,0,0,0,0,0,0,0
3673,496,0,0,0,0,0,0,0,0,0
3674,157,0,0,1,0,0,0,0,0,0
3674,177,0,0,0,0,0,0,0,0,0
3674,407,0,0,0,0,0,0,0,0,0
3674,521,0,0,0,0,0,0,0,0,0
3674,989,0,0,0,0,0,0,0,0,0
3675,118,0,0,0,0,0,0,0,0,0
3677,272,0,0,0,0,0,0,0,0,0
3678,455,0,0,0,0,0,0,0,0,0
3678,516,0,0,0,0,0,0,0,0,0
3681,113,0,0,0,0,0,0,0,0,0
3683,724,0,0,0,0,0,0,0,0,0
3685,347,0,0,0,0,0,0,0,0,0
3685,653,0,0,0,0,0,0,0,0,0
3688,328,0,0,0,1,0,0,0,0,0
3689,732,0,0,0,0,0,0,0,0,0
3691,570,0,0,0,0,0,0,0,0,0
3692,385,0,0,0,0,0,0,0,0,0
3693,684,0,0,0,0,0,0,0,0,0
3696,165,0,0,0,0,0,0,0,0,0
3696,290,0,0,0,0,0,0,0,0,0
3696,476,0,0,0,0,0,0,0,0,0
3697,173,0,0,0,0,0,0,0,0,0
3697,337,0,0,0,0,0,0,0,0,0
3697,403,0,0,0,0,0,0,0,0,0
3697,538,0,0,0,0,0,0,0,0,0
3698,259,0,0,0,0,0,0,0,0,0
3698,383,0,0,0,0,0,0,0,0,0
3700,246,0,0,0,0,0,0,0,0,0
3703,464,0,0,0,0,0,0,0,0,0
3703,556,0,0,0,0,0,0,0,0,0
3704,956,0,0,0,0,0,0,0,0,0
3713,220,0,0,0,0,0,0,0,0,0
3713,321,0,0,0,0,0,0,0,0,0
3713,587,0,0,0,0,0,0,0,0,0
3714,949,0,0,0,0,0,0,0,0,0
3715,198,0,0,0,0,0,0,0,0,0
3717,330,0,0,0,0,0,0,0,0,0
3719,294,0,0,0,0,0,0,0,0,0
3720,715,0,0,0,0,0,0,0,0,0
3723,451,0,0,0,0,0,0,0,0,0
3724,774,0,0,0,0,0,0,0,0,0
3726,187,0,0,0,0,0,0,0,0,0
3730,147,0,0,0,0,0,0,0,0,0
3731,855,0,0,0,0,0,0,0,0,0
3733,567,0,0,0,0,0,0,0,0,0
3735,393,0,0,0,0,0,0,0,0,0
3736,497,0,0,0,0,0,0,0,0,0
3741,268,0,0,0,0,0,0,0,0,0
3741,850,0,0,0,0,0,0,0,0,0
3746,725,0,0,0,0,0,0,0,0,0
3746,913,0,0,0,0,0,0,0,0,0
3749,563,0,0,0,0,0,0,0,0,0
3752,181,0,0,0,0,0,0,0,0,0
3752,887,0,0,0,0,0,0,0,0,0
3753,308,0,0,0,0,0,0,0,0,0
3754,107,0,0,0,0,0,0,0,0,0
3754,152,0,0,0,0,0,0,0,0,0
3757,113,0,0,0,0,0,0,0,0,0
3757,583,0,0,0,0,0,0,0,0,0
3758,563,0,0,0,0,0,0,0,0,0
3761,691,0,0,0,0,0,0,0,0,0
3762,847,0,0,0,0,0,0,0,0,0
3765,147,0,0,0,0,0,0,0,0,0
3765,183,0,0,0,0,0,0,0,0,0
3765,233,0,0,0,0,0,0,0,0,0
3769,109,0,0,1,0,0,0,0,0,0
3769,143,0,0,0,0,0,0,0,0,0
3770,280,0,0,0,0,0,0,0,0,0
3771,570,0,0,0,0,0,0,0,0,0
3773,531,0,0,0,0,0,0,0,0,0
3774,830,0,0,0,0,0,0,0,0,0
3779,136,0,0,0,0,0,0,0,0,0
3779,298,0,0,0,0,0,0,0,0,0
3780,179,0,0,0,0,0,0,0,0,0
3782,850,0,0,0,0,0,0,0,0,0
3783,192,0,0,0,0,0,0,0,0,0
3783,199,0,0,0,0,0,0,0,0,0
3791,247,0,0,0,0,0,0,0,0,0
3792,108,0,0,0,0,0,0,0,0,0
3792,764,0,0,0,0,0,0,0,0,0
3792,847,0,0,0,0,0,0,0,0,0
3793,203,0,0,0,0,0,0,0,0,0
3794,792,0,0,0,0,0,0,0,0,0
3794,863,0,0,0,0,0,0,0,0,0
3795,162,0,0,0,0,0,0,0,0,0
3795,299,0,0,0,0,0,0,0,0,0
3796,1000,0,0,0,0,0,0,0,0,0
3797,165,0,0,0,0,0,0,0,0,0
3799,235,0,0,0,0,0,0,0,0,0
3799,629,0,0,0,0,0,0,0,0,0
3800,247,0,0,0,0,0,0,0,0,0
3802,179,0,0,0,0,0,0,0,0,0
3802,231,0,0,1,0,0,0,0,0,0
3802,459,0,0,0,0,0,0,0,0,0
3803,230,0,0,0,0,0,0,0,0,0
3804,155,0,0,0,0,0,0,0,0,0
3806,240,0,0,0,0,0,0,0,0,0
3807,148,0,0,0,0,0,0,0,0,0
3807,455,0,0,0,0,0,0,0,0,0
3810,159,0,0,0,0,0,0,0,0,0
3811,117,0,0,0,0,0,0,0,0,0
3811,170,0,0,0,0,0,0,0,0,0
3811,445,0,0,0,0,0,0,0,0,0
3814,182,0,0,0,0,0,0,0,0,0
3815,183,0,0,0,0,0,0,0,0,0
3816,139,0,0,0,0,0,0,0,0,0
3817,387,0,0,0,0,0,0,0,0,0
3817,658,0,0,0,0,0,0,0,0,0
3818,859,0,0,0,0,0,0,0,0,0
3821,538,0,0,0,0,0,0,0,0,0
3822,159,0,0,0,0,0,0,0,0,0
3822,160,0,0,0,0,0,0,0,0,0
3822,818,0,0,0,0,0,0,0,0,0
3827,101,0,0,0,0,0,0,0,0,0
3827,697,0,0,0,0,0,0,0,0,0
3828,347,0,0,0,0,0,0,0,0,0
3828,409,0,0,0,0,0,0,0,0,0
3830,802,0,0,0,0,0,0,0,0,0
3833,116,0,0,0,0,0,0,0,0,0
3836,891,0,0,0,0,0,0,0,0,0
3840,640,0,0,0,0,0,0,0,0,0
3840,977,0,0,0,0,0,0,0,0,0
3841,118,0,0,0,0,0,0,0,0,0
3841,259,0,0,0,0,0,0,0,0,0
3841,305,0,0,0,0,0,0,0,0,0
3841,356,0,0,0,0,0,0,0,0,0
3841,518,0,0,0,0,0,0,0,0,0
3842,106,0,0,0,0,0,0,0,0,0
3845,351,0,0,0,0,0,0,0,0,0
3847,159,0,0,0,0,0,0,0,0,0
3849,245,0,0,0,0,0,0,0,0,0
3851,218,0,0,0,0,0,0,0,0,0
3852,144,0,0,0,0,0,0,0,0,0
3852,805,0,0,0,0,0,0,0,0,0
3856,144,0,0,0,0,0,0,0,0,0
3859,701,0,0,0,0,0,0,0,0,0
3859,937,0,0,0,0,0,0,0,0,0
3860,133,0,0,0,0,0,0,0,0,0
3860,232,0,0,0,0,0,0,0,0,0
3860,664,0,0,0,0,0,0,0,0,0
3861,118,0,0,0,0,0,0,0,0,0
3863,116,0,0,0,0,0,0,0,0,0
3863,154,0,0,0,0,0,0,0,0,0
3863,226,0,0,0,0,0,0,0,0,0
3864,510,0,0,0,0,0,0,0,0,0
3865,169,0,0,0,0,0,0,0,0,0
3865,218,0,0,0,0,0,0,0,0,0
3866,715,0,0,1,0,0,0,0,0,0
3867,185,0,0,0,0,0,0,0,0,0
3867,378,0,0,0,0,0,0,0,0,0
3867,655,0,0,0,0,0,0,0,0,0
3867,790,0,0,0,0,0,0,0,0,0
3868,128,0,0,0,0,0,0,0,0,0
3869,244,0,0,0,0,0,0,0,0,0
3871,541,0,0,0,0,0,0,0,0,0
3874,327,0,0,0,0,0,0,0,0,0
3875,244,0,0,0,0,0,0,0,0,0
3875,286,0,0,0,0,0,0,0,0,0
3876,145,0,0,0,0,0,0,0,0,0
3877,139,0,0,0,0,0,0,0,0,0
3879,180,0,0,0,0,0,0,0,0,0
3879,192,0,0,0,0,0,0,0,0,0
3879,493,0,0,0,0,0,0,0,0,0
3879,895,0,0,0,0,0,0,0,0,0
3880,854,0,0,0,0,0,0,0,0,0
3881,190,0,0,1,0,0,0,0,0,0
3886,413,0,0,0,0,0,0,0,0,0
3888,115,0,1,0,0,0,0,0,0,0
3888,462,0,0,0,0,0,0,0,0,0
3890,897,0,0,0,0,0,0,0,0,0
3892,166,0,0,0,0,0,0,0,0,0
3893,795,0,0,0,0,0,0,0,0,0
3895,291,0,0,0,0,0,0,0,0,0
3896,585,0,0,0,0,0,0,0,0,0
3899,158,0,0,0,0,0,0,0,0,0
3899,924,0,0,0,0,1,0,0,0,0
3904,482,0,0,0,0,0,0,0,0,0
3905,295,0,0,0,0,0,0,0,0,0
3908,647,0,0,0,0,0,0,0,0,0
3910,106,0,0,0,0,0,0,0,0,0
3914,129,0,0,0,0,0,0,0,0,0
3915,252,0,0,0,0,0,0,0,0,0
3915,556,0,0,0,0,0,0,0,0,0
3915,908,0,0,0,0,0,0,0,0,0
3917,211,0,0,0,0,0,0,0,0,0
3918,262,0,0,0,0,0,0,0,0,0
3919,249,0,0,1,0,0,0,0,0,0
3919,340,0,0,0,0,0,0,0,0,0
3919,748,0,0,0,0,0,0,0,0,0
3920,199,0,0,0,0,0,0,0,0,0
3921,174,0,0,0,0,0,0,0,0,0
3923,129,0,0,0,0,0,0,0,0,0
3924,217,0,0,0,0,0,0,0,0,0
3924,814,0,0,0,0,0,0,0,0,0
3924,884,0,0,0,0,0,0,0,0,0
3925,645,0,0,0,0,0,0,0,0,0
3927,686,0,0,0,0,0,0,0,0,0
3928,272,0,0,0,0,0,0,0,0,0
3928,868,0,0,0,0,0,0,0,0,0
3929,108,0,0,0,0,0,0,0,0,0
3929,390,0,0,0,0,0,0,0,0,0
3929,847,0,0,0,0,0,0,0,0,0
3931,101,0,0,0,0,0,0,0,0,0
3931,179,0,0,0,0,0,0,0,0,0
3931,750,0,0,0,0,0,0,0,0,0
3932,797,0,0,0,0,0,0,0,0,0
3933,162,0,0,0,0,0,0,0,0,0
3933,218,0,0,0,0,0,0,0,0,0
3933,329,0,0,0,0,0,0,0,0,0
3933,755,0,0,0,0,0,0,0,0,0
3937,109,0,0,0,0,0,0,0,0,0
3938,418,0,0,0,0,0,0,0,0,0
3943,224,0,0,0,0,0,0,0,0,0
3943,540,0,0,0,0,0,0,0,0,0
3946,459,0,0,0,0,0,0,0,0,0
3949,204,0,0,0,0,0,0,0,0,0
3949,585,0,0,0,0,0,0,0,0,0
3952,695,0,0,0,0,0,0,0,0,0
3955,148,0,0,0,0,0,0,0,0,0
3955,158,0,0,0,0,0,0,0,0,0
3956,154,0,0,0,0,0,0,0,0,0
3956,290,0,0,0,0,0,0,0,0,0
3960,345,0,0,0,0,0,0,0,0,0
3962,903,0,0,0,0,0,0,0,0,0
3963,190,0,0,0,0,0,0,0,0,0
3964,169,0,0,0,0,0,0,0,0,0
3964,218,0,0,0,0,0,0,0,0,0
3964,526,0,0,0,0,0,0,0,0,0
3968,968,0,0,0,0,0,0,0,0,0
3969,184,0,0,0,0,0,0,0,0,0
3972,201,0,0,0,0,0,0,0,0,0
3972,780,0,0,0,0,0,0,0,0,0
3974,398,0,0,0,0,0,0,0,0,0
3975,993,0,0,1,0,0,0,0,0,0
3977,156,0,0,0,0,0,0,0,0,0
3978,114,0,0,0,0,0,0,0,0,0
3978,754,0,0,0,0,0,0,0,0,0
3981,542,0,0,0,0,0,0,0,0,0
3982,182,0,0,1,0,0,0,0,0,0
3983,913,0,0,0,0,0,0,0,0,0
3984,474,0,0,0,0,0,0,0,0,0
3984,896,0,0,0,0,0,0,0,0,0
3986,109,0,0,0,0,0,0,0,0,0
3987,305,0,0,0,0,0,0,0,0,0
3988,245,0,0,0,0,0,0,0,0,0
3989,226,0,0,0,0,0,0,0,0,0
3990,954,0,0,0,0,0,0,0,0,0
3994,235,0,0,0,0,0,0,0,0,0
3994,415,0,0,0,0,0,0,0,0,0
3994,427,0,0,0,0,0,0,0,0,0
3995,441,0,0,0,0,0,0,0,0,0
3995,523,0,0,0,0,0,0,0,0,0
3995,662,0,0,0,0,0,0,0,0,0
3996,177,0,0,0,0,0,0,0,0,0
3996,204,0,0,0,0,0,0,0,0,0
3998,480,0,0,0,0,0,0,0,0,0
4004,373,0,0,0,0,0,0,0,0,0
4006,198,0,0,0,0,0,0,0,0,0
4007,126,0,0,0,0,0,0,0,0,0
4010,167,1,0,0,0,0,0,0,0,0
4012,286,0,0,0,0,0,0,0,0,0
4015,321,0,0,0,0,0,0,0,0,0
4017,260,0,0,0,0,0,0,0,0,0
4017,741,0,0,0,0,0,0,0,0,0
4019,566,0,0,0,0,0,0,0,0,0
4019,960,0,0,0,0,0,0,0,0,0
4020,933,0,0,0,0,0,0,0,0,0
4023,138,0,0,0,0,0,0,0,0,0
4024,415,0,0,0,0,0,0,0,0,0
4024,728,0,0,0,0,0,0,0,0,0
4026,125,0,0,0,0,0,0,0,0,0
4026,391,0,0,0,0,0,0,0,0,0
4032,517,0,0,0,0,0,0,0,0,0
4032,581,0,0,0,0,0,0,0,0,0
4033,442,0,0,0,0,0,0,0,0,0
4034,130,0,0,0,0,0,0,0,0,0
4034,143,0,0,0,0,0,0,0,0,0
4034,904,0,0,0,0,0,0,0,0,0
4035,630,0,0,0,0,0,0,0,0,0
4036,102,0,0,0,0,0,0,0,0,0
4037,431,0,0,0,0,0,0,0,0,0
4040,143,0,0,0,0,0,0,0,0,0
4041,251,0,0,0,0,0,0,0,0,0
4041,254,0,0,0,0,0,0,0,0,0
4044,107,0,0,0,0,0,0,0,0,0
4044,493,0,0,0,0,0,0,0,0,0
4045,502,0,0,0,0,0,0,0,0,0
4046,189,0,0,0,1,0,0,0,0,0
4046,653,0,0,0,0,0,0,0,0,0
4047,182,0,0,0,0,0,0,0,0,0
4047,396,0,0,0,0,0,0,0,0,0
4048,213,0,0,0,0,0,0,0,0,0
4049,107,0,0,0,0,0,0,0,0,0
4051,145,0,0,0,0,0,0,0,0,0
4051,630,0,0,0,0,0,0,0,0,0
4052,125,0,0,0,0,0,0,0,0,0
4052,362,0,0,0,0,0,0,0,0,0
4054,949,0,0,0,0,0,0,0,0,0
4055,177,0,0,0,0,0,0,0,0,0
4055,205,0,0,0,0,0,0,0,0,0
4055,786,0,0,0,0,0,0,0,0,0
4056,358,0,0,0,0,0,0,0,0,0
4057,717,0,0,0,0,0,0,0,0,0
4059,355,0,0,0,0,0,0,0,0,0
4059,801,0,1,0,0,0,0,0,0,0
4060,393,0,0,0,0,0,0,0,0,0
4063,201,0,0,0,0,0,0,0,0,0
4064,769,0,0,0,0,0,0,0,0,0
4068,128,0,0,0,0,0,0,0,0,0
4068,298,0,0,0,0,0,0,0,0,0
4069,134,0,0,0,0,0,0,0,0,0
4074,112,0,0,0,0,0,0,0,0,0
4074,501,0,0,0,0,0,0,0,0,0
4074,664,0,0,0,0,0,0,0,0,0
4075,194,0,0,0,0,0,0,0,0,0
4075,342,0,0,0,0,0,0,0,0,0
4075,618,0,0,0,0,0,0,0,0,0
4077,226,0,0,0,0,0,0,0,0,0
4078,119,0,0,0,0,0,0,0,0,0
4080,304,0,0,0,0,0,0,0,0,0
4083,150,0,0,0,0,0,0,0,0,0
4083,349,0,0,0,0,0,0,0,0,0
4083,620,0,0,0,0,0,0,0,0,0
4086,287,0,0,0,0,0,0,0,0,0
4086,309,0,0,0,0,0,0,0,0,0
4086,393,0,0,0,0,0,0,0,0,0
4088,123,0,0,0,0,0,0,0,0,0
4088,210,0,0,0,0,0,0,0,0,0
4089,749,0,0,0,0,0,0,0,0,0
4089,964,0,0,0,0,0,0,0,0,0
4090,287,0,0,0,0,0,0,0,0,0
4090,790,0,0,0,0,0,0,0,0,0
4092,105,0,0,0,0,0,0,0,0,0
4093,665,0,0,0,0,0,0,0,0,0
4094,262,0,0,0,0,0,0,0,0,0
4094,850,0,0,0,0,0,0,0,0,0
4100,256,0,0,0,0,0,0,0,0,0
4100,611,0,0,0,0,0,0,0,0,0
4101,376,0,0,0,0,0,0,0,0,0
4101,633,0,1,0,0,0,0,0,0,0
4102,690,0,0,0,0,0,0,0,0,0
4105,106,0,0,0,0,0,0,0,0,0
4105,413,0,0,0,0,0,0,0,0,0
4105,800,0,0,0,0,0,0,0,0,0
4106,109,0,0,0,0,0,0,0,0,0
4107,371,0,0,0,0,0,0,0,0,0
4108,622,0,0,0,0,0,0,0,0,0
4110,121,0,0,0,0,0,0,0,0,0
4110,675,0,0,0,0,0,0,0,0,0
4112,139,0,0,0,0,0,0,0,0,0
4112,675,0,0,0,0,0,0,0,0,0
4115,362,0,0,0,0,0,0,0,0,0
4116,184,0,0,0,0,0,0,0,0,0
4119,786,0,0,0,0,0,0,0,0,0
4120,415,0,0,0,0,0,0,0,0,0
4123,926,0,0,0,0,0,0,0,0,0
4124,144,0,0,0,0,0,0,0,0,0
4125,671,0,0,0,0,0,0,0,0,0
4126,103,0,0,0,0,0,0,0,0,0
4126,230,0,0,0,0,0,0,0,0,0
4127,845,0,0,0,0,0,0,0,0,0
4128,101,0,0,0,0,0,0,0,0,0
4128,107,0,0,0,0,0,0,0,0,0
4128,172,0,0,0,0,0,0,0,0,0
4130,162,0,0,0,0,0,0,0,0,0
4130,579,0,0,0,0,0,0,0,0,0
4133,977,0,0,0,0,0,0,0,0,0
4135,164,0,0,0,0,0,0,0,0,0
4135,186,0,0,0,0,0,0,0,0,0
4137,280,0,0,0,0,0,0,0,0,0
4138,166,0,0,0,0,0,0,0,0,0
4138,335,0,0,0,0,0,0,0,0,0
4139,623,0,0,0,0,0,0,0,0,0
4140,594,0,0,0,0,0,0,0,0,0
4140,725,0,0,0,0,0,0,0,0,0
4141,245,0,0,0,0,0,0,0,0,0
4142,574,0,0,0,0,0,0,0,0,0
4147,306,0,0,0,0,0,0,0,0,0
4148,280,0,0,0,0,0,0,0,0,0
4149,370,0,0,0,0,0,0,0,0,0
4152,407,0,0,0,0,0,0,0,0,0
4152,786,0,0,0,0,0,0,0,0,0
4154,343,0,0,0,0,0,0,0,0,0
4155,348,0,0,0,0,0,0,0,0,0
4156,258,0,0,0,0,0,0,0,0,0
4156,320,0,0,0,0,0,0,0,0,0
4158,482,0,0,0,0,0,0,0,0,0
4159,225,0,0,0,0,0,0,0,0,0
4159,862,0,0,0,0,0,0,0,0,0
4159,978,0,0,0,0,0,0,0,0,0
4162,211,0,0,0,0,0,0,0,0,0
4165,444,0,0,0,0,0,0,0,0,0
4166,545,0,0,0,0,0,0,0,0,0
4170,191,0,0,0,0,0,0,0,0,0
4171,365,0,0,0,0,0,0,0,0,0
4171,594,0,0,0,0,0,0,0,0,0
4173,186,0,0,0,0,0,0,0,0,0
4173,304,0,0,0,0,0,0,0,0,0
4173,813,0,0,0,0,0,0,0,0,0
4174,823,0,0,0,0,0,0,0,0,0
4177,235,0,0,0,0,0,0,0,0,0
4177,999,0,0,0,0,0,0,0,0,0
4179,121,0,0,0,0,0,0,0,0,0
4180,831,0,0,0,0,0,0,0,0,0
4181,160,0,0,0,0,0,0,0,0,0
4182,130,0,0,0,0,0,0,0,0,0
4182,297,0,0,0,0,0,0,0,0,0
4183,133,0,0,0,0,0,0,0,0,0
4183,1000,0,0,0,0,0,0,0,0,0
4184,788,0,0,0,0,0,0,0,0,0
4188,112,0,0,0,0,0,0,0,0,0
4190,183,0,0,0,0,0,0,0,0,0
4191,128,0,0,0,0,0,0,0,0,0
4192,148,0,0,0,0,0,0,0,0,0
4192,281,0,0,0,0,0,0,0,0,0
4192,528,0,0,0,0,0,0,0,0,0
4196,103,0,0,0,0,0,0,0,0,0
4196,467,0,1,0,0,0,0,0,0,0
4197,300,0,0,0,0,0,0,0,0,0
4198,138,0,0,0,0,0,0,0,0,0
4198,167,0,0,0,0,0,0,0,0,0
4198,349,0,0,0,0,0,0,0,0,0
4198,610,0,0,0,0,0,0,0,0,0
4199,233,0,0,0,0,0,0,0,0,0
4199,512,0,0,0,0,0,0,0,0,0
4200,119,0,0,0,0,0,0,0,0,0
4200,233,0,0,0,0,0,0,0,0,0
4202,686,0,0,0,0,0,0,0,0,0
4203,133,0,0,0,0,0,0,0,0,0
4203,382,0,0,0,0,0,0,0,0,0
4206,195,0,0,0,0,0,0,0,0,0
4209,187,0,0,0,0,0,0,0,0,0
4209,608,0,0,0,0,0,0,0,0,0
4216,184,0,0,1,0,0,0,0,0,0
4216,508,0,0,0,0,0,0,0,0,0
4216,584,0,0,0,0,0,0,0,0,0
4218,153,0,0,0,0,0,0,0,0,0
4218,990,0,0,0,0,0,0,0,0,0
4219,390,0,0,0,0,0,0,0,0,0
4222,118,0,0,0,0,0,0,0,0,0
4222,259,0,0,0,0,0,0,0,0,0
4222,268,0,0,0,0,0,0,0,0,0
4223,230,0,0,0,0,0,0,0,0,0
4228,115,0,0,0,0,0,0,0,0,0
4228,137,0,0,0,0,0,0,0,0,0
4228,293,0,0,0,0,0,0,0,0,0
4228,667,0,0,0,0,0,0,0,0,0
4230,739,0,0,0,0,0,0,0,0,0
4230,877,0,0,0,0,0,0,0,0,0
4231,292,0,0,0,0,0,0,0,0,0
4233,321,0,0,0,0,0,0,0,0,0
4233,822,0,0,0,0,0,0,0,0,0
4234,244,0,0,0,0,0,0,0,0,0
4234,333,0,0,0,0,0,0,0,0,0
4238,174,0,0,0,0,0,0,0,0,0
4239,111,0,0,0,0,0,0,0,0,0
4240,364,0,0,0,0,0,0,0,0,0
4243,947,0,0,0,0,0,0,0,0,0
4245,858,0,0,0,0,0,0,0,0,0
4246,125,0,0,0,0,0,0,0,0,0
4246,154,0,0,0,0,0,0,0,0,0
4246,155,0,0,0,0,0,0,0,0,0
4246,801,0,0,0,0,0,0,0,0,0
4248,714,0,0,0,0,0,0,0,0,0
4250,136,0,0,0,0,0,0,0,0,0
4250,202,0,0,0,0,0,0,0,0,0
4254,179,0,0,0,0,0,0,0,0,0
4255,408,0,0,0,0,0,0,0,0,0
4257,765,0,0,0,0,0,0,0,0,0
4259,541,0,0,0,0,0,0,0,0,0
4259,654,0,0,0,0,0,0,0,0,0
4261,157,0,0,0,0,0,0,0,0,0
4263,195,0,0,0,0,0,0,0,0,0
4264,392,0,0,0,0,0,0,0,0,0
4265,610,0,0,0,0,0,0,0,0,0
4266,143,0,0,0,0,0,0,0,0,0
4269,688,0,0,0,0,0,0,0,0,0
4272,367,0,0,0,0,0,0,0,0,0
4272,611,0,0,0,0,0,0,0,0,0
4274,133,0,0,0,0,0,0,0,0,0
4274,835,0,0,0,0,0,0,0,0,0
4274,853,0,0,0,0,0,0,0,0,0
4275,141,0,0,0,0,0,0,0,0,0
4275,685,0,0,0,0,0,0,0,0,0
4276,379,0,0,0,0,0,0,0,0,0
4276,913,0,0,0,0,0,0,0,0,0
4279,126,0,0,0,0,0,0,0,0,0
4279,796,0,0,0,0,0,0,0,0,0
4280,142,0,0,0,0,0,0,0,0,0
4281,568,0,0,0,0,0,0,0,0,0
4282,446,0,0,0,0,0,0,0,0,0
4282,707,0,0,0,0,0,0,0,0,0
4282,867,0,0,0,0,0,0,0,0,0
4284,152,0,0,0,0,0,0,0,0,0
4284,299,0,0,0,0,0,0,0,0,0
4285,477,0,0,0,0,0,0,0,0,0
4285,579,0,0,0,0,0,0,0,0,0
4287,578,0,0,0,0,0,0,0,0,0
4287,689,0,0,0,0,0,0,0,0,0
4287,771,0,0,0,0,0,0,0,0,0
4290,216,0,0,0,0,0,0,0,0,0
4290,260,0,0,0,0,0,0,0,0,0
4290,314,0,0,0,0,0,0,0,0,0
4292,125,0,0,0,0,0,0,0,0,0
4293,406,0,0,0,0,0,0,0,0,0
4296,846,0,0,0,0,0,0,0,0,0
4297,119,0,0,0,0,0,0,0,0,0
4299,992,0,0,0,0,0,0,0,0,0
4300,135,0,0,0,0,0,0,0,0,0
4300,458,0,0,0,0,0,0,0,0,0
4302,171,0,0,0,0,0,0,0,0,0
4302,179,0,0,0,0,0,0,0,0,0
4302,964,0,0,0,0,0,0,0,0,0
4304,705,0,0,0,0,0,0,0,0,0
4313,345,0,0,0,0,0,0,0,0,0
4313,479,0,0,0,0,0,0,0,0,0
4315,308,0,0,0,0,0,0,0,0,0
4318,375,0,0,0,0,0,0,0,0,0
4319,374,0,0,0,0,0,0,0,0,0
4320,150,0,0,0,0,0,0,0,0,0
4322,130,0,0,0,0,0,0,0,0,0
4322,566,0,0,0,0,0,0,0,0,0
4323,148,0,0,0,0,0,0,0,0,0
4323,364,0,0,0,0,0,0,0,0,0
4323,412,0,0,0,0,0,0,0,0,0
4325,142,0,0,0,0,0,0,0,0,0
4326,835,0,0,0,0,0,0,0,0,0
4327,106,0,0,0,0,0,0,0,0,0
4327,266,0,0,0,0,0,0,0,0,0
4330,204,0,0,0,0,0,0,0,0,0
4330,261,0,0,0,0,0,0,0,0,0
4330,713,0,0,0,0,0,0,0,0,0
4333,135,0,0,0,0,0,0,0,0,0
4333,301,0,0,0,0,0,0,0,0,0
4333,427,0,0,0,0,0,0,0,0,0
4335,104,0,0,0,0,0,0,0,0,0
4335,140,0,0,0,0,0,0,0,0,0
4337,265,0,0,0,0,0,0,0,0,0
4339,208,0,0,0,0,0,0,0,0,0
4341,102,0,0,0,0,0,0,0,0,0
4343,130,0,0,0,0,0,0,0,0,0
4343,384,0,0,0,0,0,0,0,0,0
4343,415,0,0,0,0,0,0,0,0,0
4345,452,0,0,0,0,0,0,0,0,0
4348,131,0,0,0,0,0,0,0,0,0
4349,134,0,0,0,0,0,0,0,0,0
4351,216,0,0,0,0,0,0,0,0,0
4352,381,0,0,0,0,0,0,0,0,0
4354,135,0,0,0,0,0,0,0,0,0
4356,180,0,0,0,0,0,0,0,0,0
4359,300,0,0,0,0,0,0,0,0,0
4359,407,0,0,0,0,0,0,0,0,0
4359,804,0,0,0,0,0,0,0,0,0
4360,345,0,0,0,0,0,0,0,0,0
4360,372,0,0,0,0,0,0,0,0,0
4360,883,0,0,0,0,0,0,0,0,0
4361,231,0,0,0,0,0,0,0,0,0
4361,298,0,0,0,0,0,0,0,0,0
4362,222,0,0,0,0,0,0,0,0,0
4368,119,0,0,0,0,0,0,0,0,0
4368,188,0,0,0,0,0,0,0,0,0
4368,365,0,0,0,0,0,0,0,0,0
4369,110,0,0,0,0,0,0,0,0,0
4370,286,0,0,0,0,0,0,0,0,0
4370,296,0,0,0,0,0,0,0,0,0
4372,147,0,0,0,0,0,0,0,0,0
4372,170,0,0,0,0,0,0,0,0,0
4372,394,0,0,0,0,0,0,0,0,0
4375,172,0,0,0,0,0,0,0,0,0
4375,227,0,0,0,0,0,0,0,0,0
4375,867,0,0,0,0,0,0,0,0,0
4377,144,0,0,0,0,0,0,0,0,0
4378,633,0,0,0,0,0,0,0,0,0
4380,508,0,0,0,0,0,0,0,0,0
4380,525,0,0,0,0,0,0,0,0,0
4383,120,0,0,0,0,0,0,0,0,0
4383,134,0,0,0,0,0,0,0,0,0
4383,200,0,0,0,0,0,0,0,0,0
4386,132,0,0,0,0,0,0,0,0,0
4386,436,0,0,0,0,0,0,0,0,0
4388,677,0,0,0,0,0,0,0,0,0
4390,113,0,0,0,0,0,0,0,0,0
4390,832,0,0,0,0,0,0,0,0,0
4393,587,0,0,0,0,0,0,0,0,0
4394,128,0,0,0,0,0,0,0,0,0
4394,148,0,0,0,0,0,0,0,0,0
4395,271,0,0,1,0,0,0,0,0,0
4395,277,0,0,0,0,0,0,0,0,0
4396,163,0,0,0,0,0,0,0,0,0
4396,297,0,0,0,0,0,0,0,0,0
4397,744,0,0,0,0,0,0,0,0,0
4399,188,0,0,0,0,0,0,0,0,0
4399,544,0,0,0,0,0,0,0,0,0
4402,122,0,0,0,0,0,0,0,0,0
4404,121,0,0,0,0,0,0,0,0,0
4404,162,0,0,0,0,0,0,0,0,0
4405,162,0,0,0,0,0,0,0,0,0
4406,663,0,0,0,0,0,0,0,0,0
4407,223,0,0,0,0,0,0,0,0,0
4409,123,0,0,1,0,0,0,0,0,0
4412,112,1,0,0,0,0,0,0,0,0
4412,155,0,0,0,0,0,0,0,0,0
4413,545,0,0,0,0,0,0,0,0,0
4414,241,0,0,0,0,0,0,0,0,0
4415,162,0,0,0,0,0,0,0,0,0
4416,605,0,0,0,0,0,0,0,0,0
4417,465,0,0,0,0,0,0,0,0,0
4417,730,0,0,0,0,0,0,0,0,0
4420,212,0,0,0,0,0,0,0,0,0
4420,219,0,0,0,0,0,0,0,0,0
4423,170,0,0,0,0,0,0,0,0,0
4423,309,0,0,0,0,0,0,0,0,0
4427,201,0,0,0,0,0,0,0,0,0
4429,338,0,0,0,0,0,0,0,0,0
4429,749,0,0,0,0,0,0,0,0,0
4430,709,0,0,0,0,0,0,0,0,0
4430,930,0,0,0,0,0,0,0,0,0
4431,154,0,0,0,0,0,0,0,0,0
4431,199,0,0,0,0,0,0,0,0,0
4432,390,0,0,0,0,0,0,0,0,0
4434,153,0,0,0,0,0,0,0,0,0
4434,970,0,0,0,0,0,0,0,0,0
4439,142,0,0,0,0,0,0,0,0,0
4439,744,0,0,0,0,0,0,0,0,0
4440,314,0,0,0,0,0,0,0,0,0
4441,109,0,0,0,0,0,0,0,0,0
4441,816,0,0,0,0,0,0,0,0,0
4444,212,0,0,0,0,0,0,0,0,0
4445,248,0,0,0,0,0,0,0,0,0
4446,820,0,0,0,0,0,0,0,0,0
4447,692,0,0,0,0,0,0,0,0,0
4447,989,0,0,0,0,0,0,0,0,0
4448,112,0,0,0,0,0,0,0,0,0
4450,238,0,0,0,0,0,0,0,0,0
4453,134,0,0,0,0,0,0,0,0,0
4454,843,0,0,0,0,0,0,0,0,0
4457,147,0,0,0,0,0,0,0,0,0
4457,984,0,0,0,0,0,0,0,0,0
4460,435,0,0,0,0,0,0,0,0,0
4461,126,0,0,0,0,0,0,0,0,0
4461,259,0,0,0,0,0,0,0,0,0
4461,909,0,0,0,0,0,0,0,0,0
4462,151,0,0,0,0,0,0,0,0,0
4463,237,0,0,0,0,0,0,0,0,0
4463,269,0,0,0,0,0,0,0,0,0
4464,336,0,0,0,0,0,0,0,0,0
4464,996,0,0,0,0,0,0,0,0,0
4465,202,0,0,0,0,0,0,0,0,0
4465,220,0,0,0,0,0,0,0,0,0
4466,199,0,0,0,0,0,0,0,0,0
4466,308,0,0,0,0,0,0,0,0,0
4467,476,0,0,0,0,0,0,0,0,0
4468,845,0,0,0,0,0,0,0,0,0
4469,520,0,0,0,0,0,0,0,0,0
4470,101,0,0,0,0,0,0,0,0,0
4470,333,0,0,0,0,0,0,0,0,0
4470,410,0,0,0,0,0,0,0,0,0
4471,479,0,0,0,0,0,0,0,0,0
4471,842,0,0,0,0,0,0,0,0,0
4472,168,0,0,0,0,0,0,0,0,0
4475,260,0,0,0,0,0,0,0,0,0
4476,182,0,0,0,0,0,0,0,0,0
4477,127,0,1,0,0,0,0,0,0,0
4477,234,0,0,0,0,0,0,0,0,0
4478,252,0,0,0,0,0,0,0,0,0
4479,231,0,0,0,0,0,0,0,0,0
4482,175,0,0,0,0,0,0,0,0,0
4482,190,0,0,0,0,0,0,0,0,0
4488,318,0,0,0,0,0,0,0,0,0
4489,535,0,0,0,0,0,0,0,0,0
4490,198,0,0,0,0,0,0,0,0,0
4493,139,0,0,0,0,0,0,0,0,0
4493,529,0,0,0,0,0,0,0,0,0
4493,858,0,0,0,0,0,0,0,0,0
4495,219,0,0,0,0,0,0,0,0,0
4496,925,0,0,0,0,0,0,0,0,0
4501,138,0,0,0,0,0,0,0,0,0
4502,167,0,0,0,0,0,0,0,0,0
4502,755,0,0,0,0,0,0,0,0,0
4502,764,0,0,0,0,0,0,0,0,0
4503,226,0,0,0,0,0,0,0,0,0
4503,615,0,0,0,0,0,0,0,0,0
4504,933,0,0,0,0,0,0,0,0,0
4505,287,0,0,0,0,0,0,0,0,0
4506,176,0,0,0,0,0,0,0,0,0
4506,223,0,0,0,0,0,0,0,0,0
4507,490,0,0,0,0,0,0,0,0,0
4508,131,0,0,0,0,0,0,0,0,0
4511,458,0,0,0,0,0,0,0,0,0
4513,400,0,0,0,0,0,0,0,0,0
4514,195,0,0,1,0,0,0,0,0,0
4514,240,0,0,0,0,0,0,0,0,0
4514,309,0,0,0,0,0,0,0,0,0
4514,649,0,0,0,0,0,0,0,0,0
4515,727,0,0,0,0,0,0,0,0,0
4516,834,0,0,0,0,0,0,0,0,0
4517,197,0,0,0,0,0,0,0,0,0
4518,138,0,0,0,0,0,0,0,0,0
4518,181,0,0,0,0,0,0,0,0,0
4519,146,0,0,0,0,0,0,0,0,0
4520,108,0,0,0,0,0,0,0,0,0
4520,127,0,0,0,0,0,0,0,0,0
4521,592,0,0,0,0,0,0,0,0,0
4522,165,0,0,0,0,0,0,0,0,0
4522,166,0,0,0,0,0,0,0,0,0
4522,521,0,0,0,0,0,0,0,0,0
4523,162,0,0,0,0,0,0,0,0,0
4524,135,0,0,0,0,0,0,0,0,0
4524,473,0,0,0,0,0,0,0,0,0
4524,551,0,0,0,0,0,0,0,0,0
4527,140,0,0,0,0,0,0,0,0,0
4527,204,0,0,0,0,0,0,0,0,0
4528,139,0,0,0,0,0,0,0,0,0
4530,109,0,0,0,0,0,0,0,0,0
4531,150,0,0,0,0,0,0,0,0,0
4531,619,0,0,0,0,0,0,0,0,0
4532,264,0,0,0,0,0,0,0,0,0
4532,291,1,0,0,0,0,0,0,0,0
4533,198,0,0,0,0,0,0,0,0,0
4535,285,1,0,0,0,0,0,0,0,0
4536,360,0,0,0,0,0,0,0,0,0
4536,414,0,0,0,0,0,0,0,0,0
4536,799,0,0,0,0,0,0,0,0,0
4537,271,0,0,0,0,0,0,0,0,0
4540,162,0,0,0,0,0,0,0,0,0
4541,593,0,0,0,0,0,0,0,0,0
4541,826,0,0,0,0,0,0,0,0,0
4542,158,0,0,0,0,0,0,0,0,0
4544,830,0,0,0,0,0,0,0,0,0
4549,114,0,0,0,0,0,0,0,0,0
4549,154,0,0,0,0,0,0,0,0,0
4549,472,0,0,0,0,0,0,0,0,0
4549,767,0,0,0,0,0,0,0,0,0
4550,116,0,0,0,0,0,0,0,0,0
4550,208,0,0,0,0,0,0,0,0,0
4554,572,0,0,0,0,0,0,0,0,0
4554,640,0,0,0,0,0,0,0,0,0
4555,671,0,0,1,0,0,0,0,0,0
4556,113,0,0,0,0,0,0,0,0,0
4556,229,0,0,0,0,0,0,0,0,0
4558,180,0,0,0,0,0,0,0,0,0
4558,201,0,0,0,0,0,0,0,0,0
4558,491,0,0,0,0,0,0,0,0,0
4559,619,0,0,0,0,0,0,0,0,0
4560,109,0,0,0,0,0,0,0,0,0
4562,575,0,0,0,0,0,0,0,0,0
4563,137,0,0,0,0,0,0,0,0,0
4563,171,0,0,0,0,0,0,0,0,0
4567,164,0,0,0,0,0,0,0,0,0
4569,570,0,0,0,0,0,0,0,0,0
4570,364,0,0,0,0,0,0,0,0,0
4571,576,0,0,0,0,0,0,0,0,0
4572,152,0,0,0,0,0,0,0,0,0
4572,262,0,0,0,0,0,0,0,0,0
4573,207,0,0,0,0,0,0,0,0,0
4578,316,0,0,0,0,0,0,0,0,0
4578,360,0,0,0,0,0,0,0,0,0
4578,749,0,0,0,0,0,0,0,0,0
4580,196,0,0,0,0,0,0,0,0,0
4580,547,0,0,0,0,0,0,0,0,0
4582,145,0,0,0,0,0,0,0,0,0
4583,104,0,0,0,0,0,0,0,0,0
4585,377,0,0,0,0,0,0,0,0,0
4586,327,0,0,0,0,0,0,0,0,0
4589,138,0,0,0,0,0,0,0,0,0
4590,353,0,0,0,0,0,0,0,0,0
4591,398,0,0,0,0,0,0,0,0,0
4591,458,0,0,0,0,0,0,0,0,0
4592,288,0,0,0,0,0,0,0,0,0
4594,382,0,0,0,0,0,0,0,0,0
4596,695,0,0,0,0,0,0,0,0,0
4597,339,0,0,0,0,0,0,0,0,0
4598,247,0,0,0,0,0,0,0,0,0
4598,986,0,0,0,0,0,0,0,0,0
4600,182,0,0,0,0,0,0,0,0,0
4603,128,0,0,0,0,0,0,0,0,0
4603,302,0,0,0,0,0,0,0,0,0
4603,734,0,0,0,0,0,0,0,0,0
4605,653,0,0,0,0,0,0,0,0,0
4606,332,0,0,0,0,0,0,0,0,0
4606,447,0,0,0,0,0,0,0,0,0
4607,120,0,0,0,0,0,0,0,0,0
4607,275,0,0,0,0,0,0,0,0,0
4609,147,0,0,0,0,0,0,0,0,0
4610,539,0,0,0,0,0,0,0,0,0
4612,150,0,0,0,0,0,0,0,0,0
4612,301,0,0,0,0,0,0,0,0,0
4613,111,0,0,0,0,0,0,0,0,0
4613,746,0,0,0,0,0,0,0,0,0
4614,365,0,0,0,0,0,0,0,0,0
4615,101,0,0,0,0,0,0,0,0,0
4617,340,0,0,0,0,0,0,0,0,0
4619,319,0,0,0,0,0,0,0,0,0
4619,533,0,0,0,0,0,0,0,0,0
4622,489,0,0,0,0,0,0,0,0,0
4622,820,0,0,0,0,0,0,0,0,0
4623,101,0,0,0,0,0,0,0,0,0
4625,102,0,0,0,0,0,0,0,0,0
4625,151,0,0,0,0,0,0,0,0,0
4626,105,0,0,0,0,0,0,0,0,0
4626,797,0,0,0,0,0,0,0,0,0
4627,107,0,0,0,0,0,0,0,0,0
4627,206,0,0,0,0,0,0,0,0,0
4628,995,0,0,0,0,0,0,0,0,0
4629,551,0,0,0,0,0,0,0,0,0
4629,958,0,0,0,0,0,0,0,0,0
4631,191,0,0,0,0,0,0,0,0,0
4631,340,0,0,0,0,0,0,0,0,0
4632,122,0,0,0,0,0,0,0,0,0
4632,250,0,0,0,0,0,0,0,0,0
4633,127,0,0,0,0,0,0,0,0,0
4637,138,0,0,0,0,0,0,0,0,0
4637,675,0,0,0,0,0,0,0,0,0
4640,161,0,0,0,0,0,0,0,0,0
4642,110,0,0,0,0,0,0,0,0,0
4642,118,0,0,0,0,0,0,0,0,0
4643,240,0,0,0,0,0,0,0,0,0
4643,426,0,0,0,0,0,0,0,0,0
4648,832,0,0,0,0,0,0,0,0,0
4651,169,0,0,0,0,0,0,0,0,0
4651,311,0,0,0,0,0,0,0,0,0
4652,140,0,0,0,0,0,0,0,0,0
4652,156,0,0,0,0,0,0,0,0,0
4654,306,0,0,0,0,0,0,0,0,0
4655,685,0,0,0,0,0,0,0,0,0
4657,263,0,0,0,0,0,0,0,0,0
4658,239,0,0,0,0,0,0,0,0,0
4658,631,0,0,0,0,0,0,0,0,0
4659,843,0,0,0,0,0,0,0,0,0
4662,102,0,0,0,0,0,0,0,0,0
4665,323,0,0,0,0,0,0,0,0,0
4665,714,0,0,0,0,0,0,0,0,0
4666,454,0,0,0,0,0,0,0,0,0
4669,389,0,0,0,0,0,0,0,0,0
4670,106,0,0,0,0,0,0,0,0,0
4670,934,0,0,0,0,0,0,0,0,0
4671,125,0,0,0,0,0,0,0,0,0
4674,476,0,0,0,0,0,0,0,0,0
4674,808,0,0,0,0,0,0,0,0,0
4676,165,0,0,0,0,0,0,0,0,0
4683,246,0,0,0,0,0,0,0,0,0
4683,288,0,0,0,0,0,0,0,0,0
4685,211,0,0,0,0,0,0,0,0,0
4686,871,0,0,0,0,0,0,0,0,0
4687,171,0,0,0,0,0,0,0,0,0
4687,357,0,0,0,0,0,0,0,0,0
4689,489,0,0,0,0,0,0,0,0,0
4690,138,0,0,0,0,0,0,0,0,0
4690,790,0,0,0,0,0,0,0,0,0
4694,887,0,0,0,0,0,0,0,0,0
4696,574,0,0,0,0,0,0,0,0,0
4697,148,0,0,0,0,0,0,0,0,0
4698,694,0,0,0,0,0,0,0,0,0
4701,881,0,0,0,0,0,0,0,0,0
4702,403,0,0,0,0,0,0,0,0,0
4703,313,0,0,0,0,0,0,0,0,0
4704,729,0,0,0,0,0,0,0,0,0
4704,942,0,0,0,0,0,0,0,0,0
4705,716,0,0,0,0,0,0,0,0,0
4706,247,0,0,0,0,0,0,0,0,0
4707,181,0,0,0,0,0,0,0,0,0
4713,245,0,0,0,0,0,0,0,0,0
4713,275,0,0,0,0,0,0,0,0,0
4713,494,0,0,0,0,0,0,0,0,0
4714,489,0,0,0,0,0,0,0,0,0
4715,182,0,0,0,0,0,0,0,0,0
4715,920,0,0,0,0,0,0,0,0,0
4717,668,0,0,0,0,0,0,0,0,0
4720,349,0,0,0,0,0,0,0,0,0
4720,671,0,0,0,0,0,0,0,0,0
4721,547,0,0,0,0,0,0,0,0,0
4724,603,0,0,0,0,0,0,0,0,0
4725,532,0,0,0,0,0,0,0,0,0
4726,392,0,0,0,0,0,0,0,0,0
4726,495,0,0,0,0,0,0,0,0,0
4726,938,0,0,0,0,0,0,0,0,0
4728,156,0,0,0,0,0,0,0,0,0
4728,448,0,0,0,0,0,0,0,0,0
4728,578,0,0,0,0,0,0,0,0,0
4729,120,0,0,0,0,0,0,0,0,0
4729,516,0,0,0,0,0,0,0,0,0
4729,959,0,0,0,0,0,0,0,0,0
4731,248,0,0,0,0,0,0,0,0,0
4731,661,0,0,0,0,0,0,0,0,0
4732,302,0,0,0,0,0,0,0,0,0
4734,195,0,0,0,1,0,0,0,0,0
4734,417,0,0,0,0,0,0,0,0,0
4736,152,0,0,0,0,0,0,0,0,0
4736,772,0,0,0,0,0,0,0,0,0
4741,230,0,0,0,0,0,0,0,0,0
4746,159,0,0,0,0,0,0,0,0,0
4748,724,0,0,0,0,0,0,0,0,0
4749,430,0,0,0,0,0,0,0,0,0
4751,259,0,0,0,0,0,0,0,0,0
4752,142,0,0,0,0,0,0,0,0,0
4753,129,0,0,0,0,0,0,0,0,0
4753,176,0,0,0,0,0,0,0,0,0
4753,423,0,0,0,0,0,0,0,0,0
4753,492,0,0,0,0,0,0,0,0,0
4753,613,0,0,0,0,0,0,0,0,0
4754,542,0,0,0,0,0,0,0,0,0
4754,744,0,0,0,0,0,0,0,0,0
4754,755,0,0,0,0,0,0,0,0,0
4755,267,0,0,0,0,0,0,0,0,0
4756,635,0,0,0,0,0,0,0,0,0
4757,871,0,0,0,0,0,0,0,0,0
4757,907,0,0,0,0,0,0,0,0,0
4758,174,0,0,0,0,0,0,0,0,0
4758,266,0,0,0,0,0,0,0,0,0
4760,172,0,0,0,0,0,0,0,0,0
4762,590,0,0,0,0,0,0,0,0,0
4763,430,0,0,0,0,0,0,0,0,0
4764,851,0,0,0,0,0,0,0,0,0
4765,103,0,0,0,0,0,0,0,0,0
4765,795,0,0,0,0,0,0,0,0,0
4766,202,0,0,0,0,0,0,0,0,0
4769,191,0,0,0,0,0,0,0,0,0
4770,408,0,0,0,0,0,0,0,0,0
4771,409,0,0,0,0,0,0,0,0,0
4772,602,0,0,0,0,0,0,0,0,0
4772,615,0,0,0,0,0,0,0,0,0
4772,778,0,0,0,0,0,0,0,0,0
4773,883,0,0,0,0,0,0,0,0,0
4774,325,0,0,0,0,0,0,0,0,0
4774,336,0,0,0,0,0,0,0,0,0
4775,130,0,0,0,0,0,0,0,0,0
4776,678,0,0,0,0,0,0,0,0,0
4777,611,0,0,0,0,0,0,0,0,0
4779,424,0,0,0,0,0,0,0,0,0
4780,115,0,0,0,0,0,0,0,0,0
4780,571,0,0,1,0,0,0,0,0,0
4781,688,0,0,0,0,0,0,0,0,0
4784,565,0,0,0,0,0,0,0,0,0
4786,733,0,0,0,0,0,0,0,0,0
4790,142,0,0,0,0,0,0,0,0,0
4790,483,0,0,0,0,0,0,0,0,0
4792,104,0,0,0,0,0,0,0,0,0
4793,212,0,0,0,0,0,0,0,0,0
4793,666,0,0,0,0,0,0,0,0,0
4793,990,0,0,0,0,0,0,0,0,0
4798,106,0,0,0,0,0,0,0,0,0
4798,146,0,0,0,0,0,0,0,0,0
4798,245,0,0,0,0,0,0,0,0,0
4803,155,0,0,0,0,0,0,0,0,0
4806,156,0,0,0,0,0,0,0,0,0
4808,744,0,0,0,0,0,0,0,0,0
4810,932,0,0,0,0,0,0,0,0,0
4811,109,0,0,0,0,0,0,0,0,0
4811,169,0,0,0,0,0,0,0,0,0
4812,555,0,0,0,0,0,0,0,0,0
4814,746,0,0,0,0,0,0,0,0,0
4815,909,0,0,0,0,0,0,0,0,0
4816,118,0,0,0,0,0,0,0,0,0
4816,137,0,0,0,0,0,0,0,0,0
4817,357,0,0,0,0,0,0,0,0,0
4819,115,0,0,0,0,0,0,0,0,0
4819,388,0,0,0,0,0,0,0,0,0
4822,181,0,0,0,0,0,0,0,0,0
4822,236,0,0,0,0,0,0,0,0,0
4822,327,0,0,0,0,0,0,0,0,0
4825,354,0,0,0,0,0,0,0,0,0
4826,503,0,0,0,0,0,0,0,0,0
4827,661,0,0,0,0,0,0,0,0,0
4831,119,0,0,0,0,0,0,0,0,0
4831,294,0,0,0,0,0,0,0,0,0
4831,628,0,0,1,0,0,0,0,0,0
4832,483,0,0,0,0,0,0,0,0,0
4833,176,0,0,0,0,0,0,0,0,0
4834,444,0,0,0,0,0,0,0,0,0
4836,325,0,0,0,0,0,0,0,0,0
4836,716,0,0,0,0,0,0,0,0,0
4837,431,0,0,0,0,0,0,0,0,0
4839,403,0,0,0,0,0,0,0,0,0
4840,120,0,0,0,0,0,0,0,0,0
4840,396,0,0,0,0,0,0,0,0,0
4840,902,0,0,0,0,0,0,0,0,0
4842,997,0,0,0,0,0,0,0,0,0
4844,109,0,0,0,0,0,0,0,0,0
4847,925,0,0,0,0,0,0,0,0,0
4848,418,0,0,0,0,0,0,0,0,0
4848,606,0,0,0,0,0,0,0,0,0
4848,766,0,0,0,0,0,0,0,0,0
4849,288,0,0,0,0,0,0,0,0,0
4849,943,0,0,0,0,0,0,0,0,0
4850,713,0,0,0,0,0,0,0,0,0
4852,426,0,0,0,0,0,0,0,0,0
4853,425,0,0,0,0,0,0,0,0,0
4853,540,0,0,0,0,0,0,0,0,0
4856,195,0,0,0,0,0,0,0,0,0
4857,164,0,0,0,0,0,0,0,0,0
4858,417,0,0,0,0,0,0,0,0,0
4858,995,0,0,0,0,0,0,0,0,0
4859,355,0,0,0,0,0,0,0,0,0
4859,733,0,0,0,0,0,0,0,0,0
4861,163,0,0,0,0,0,0,0,0,0
4861,208,0,0,0,0,0,0,0,0,0
4861,327,0,0,0,0,0,0,0,0,0
4862,566,0,0,0,0,0,0,0,0,0
4862,661,0,0,0,0,0,0,0,0,0
4862,764,0,0,0,0,0,0,0,0,0
4864,502,0,0,0,0,0,0,0,0,0
4864,761,0,0,0,0,0,0,0,0,0
4866,150,0,0,0,0,0,0,0,0,0
4867,130,0,0,0,0,0,0,0,0,0
4868,135,0,0,0,0,0,0,0,0,0
4868,201,0,0,0,0,0,0,0,0,0
4868,498,0,0,0,0,0,0,0,0,0
4868,913,0,0,0,0,0,0,0,0,0
4870,175,0,0,0,0,0,0,0,0,0
4870,181,0,0,0,0,0,0,0,0,0
4870,269,0,0,0,0,0,0,0,0,0
4871,916,0,0,0,0,0,0,0,0,0
4872,548,0,0,0,0,0,0,0,0,0
4872,753,0,0,0,0,0,0,0,0,0
4874,306,0,0,0,0,0,0,0,0,0
4875,105,0,0,0,0,0,0,0,0,0
4875,710,0,0,0,0,0,0,0,0,0
4877,240,0,0,0,0,0,0,0,0,0
4879,767,0,0,0,0,0,0,0,0,0
4881,166,0,0,0,0,0,0,0,0,0
4883,297,0,0,0,0,0,0,0,0,0
4884,255,0,0,0,0,0,0,0,0,0
4884,844,0,0,0,0,0,0,0,0,0
4885,968,0,0,0,0,0,0,0,0,0
4891,832,0,0,0,0,0,0,0,0,0
4893,375,0,0,0,0,0,0,0,0,0
4894,115,0,0,0,0,0,0,0,0,0
4894,243,0,0,0,0,0,0,0,0,0
4895,724,0,0,0,0,0,0,0,0,0
4897,255,0,0,0,0,0,0,0,0,0
4897,311,0,0,0,0,0,0,0,0,0
4898,280,0,0,0,0,0,0,0,0,0
4898,334,0,0,0,0,0,0,0,0,0
4900,471,0,0,0,0,0,0,0,0,0
4901,201,0,0,0,0,0,0,0,0,0
4901,292,0,0,0,0,0,0,0,0,0
4901,834,0,0,0,0,0,0,0,0,0
4903,197,0,0,0,0,0,0,0,0,0
4906,255,0,0,0,0,0,0,0,0,0
4907,389,0,0,0,0,0,0,0,0,0
4908,490,0,0,0,0,0,0,0,0,0
4909,714,0,0,0,0,0,0,0,0,0
4911,591,0,0,0,0,0,0,0,0,0
4912,190,0,0,0,0,0,0,0,0,0
4915,723,0,0,0,0,0,0,0,0,0
4916,128,0,0,0,0,0,0,0,0,0
4916,740,0,0,0,0,0,0,0,0,0
4919,150,0,0,0,0,0,0,0,0,0
4919,233,0,0,0,0,0,0,0,0,0
4919,479,0,0,0,0,0,0,0,0,0
4920,872,0,0,0,0,0,0,0,0,0
4925,253,0,0,0,0,0,0,0,0,0
4926,483,0,0,0,0,0,0,0,0,0
4928,278,0,0,0,0,0,0,0,0,0
4929,170,0,0,0,0,0,0,0,0,0
4931,230,0,0,0,0,0,0,0,0,0
4931,529,0,0,0,0,0,0,0,0,0
4932,548,0,0,0,0,0,0,0,0,0
4936,895,0,0,0,0,0,0,0,0,0
4937,419,0,0,0,0,0,0,0,0,0
4939,168,0,0,0,0,0,0,0,0,0
4939,668,0,0,0,0,0,0,0,0,0
4941,101,0,0,0,0,0,0,0,0,0
4941,616,0,1,0,0,0,0,0,0,0
4943,427,0,0,0,0,0,0,0,0,0
4944,105,0,0,0,0,0,0,0,0,0
4945,323,0,0,0,0,0,0,0,0,0
4945,734,0,0,0,0,0,0,0,0,0
4946,154,0,0,0,0,0,0,0,0,0
4946,206,0,0,0,0,0,0,0,0,0
4946,648,0,0,0,0,0,0,0,0,0
4947,166,0,0,0,0,0,0,0,0,0
4949,257,0,0,0,0,0,0,0,0,0
4949,348,0,0,0,0,0,0,0,0,0
4950,150,0,0,0,0,0,0,0,0,0
4951,404,0,0,0,0,0,0,0,0,0
4953,199,0,0,0,0,0,0,0,0,0
4954,267,0,0,0,0,0,0,0,0,0
4959,401,0,0,0,0,0,0,0,0,0
4959,607,0,0,0,0,0,0,0,0,0
4962,925,0,0,0,0,0,0,0,0,0
4963,556,0,0,0,0,0,0,0,0,0
4964,333,0,0,0,0,0,0,0,0,0
4966,151,0,0,0,0,0,0,0,0,0
4967,237,0,0,0,0,0,0,0,0,0
4971,205,0,0,0,0,0,0,0,0,0
4972,177,1,0,0,0,0,0,0,0,0
4973,190,0,0,0,0,0,0,0,0,0
4973,725,0,0,0,0,0,0,0,0,0
4974,923,0,0,0,0,0,0,0,0,0
4975,180,0,0,0,0,0,0,0,0,0
4975,190,0,0,0,0,0,0,0,0,0
4975,451,0,0,0,0,0,0,0,0,0
4975,990,0,0,0,0,0,0,0,0,0
4976,245,0,0,0,0,0,0,0,0,0
4978,345,0,0,0,0,0,0,0,0,0
4979,317,0,0,0,0,0,0,0,0,0
4981,137,0,0,0,0,0,0,0,0,0
4981,180,0,0,0,0,0,0,0,0,0
4981,230,0,0,0,0,0,0,0,0,0
4981,261,0,0,0,0,0,0,0,0,0
4983,930,0,0,0,0,0,0,0,0,0
4984,219,1,0,0,0,0,0,0,0,0
4985,355,0,0,0,0,0,0,0,0,0
4985,487,0,0,0,0,0,0,0,0,0
4986,648,0,0,0,0,0,0,0,0,0
4987,578,0,0,0,0,0,0,0,0,0
4988,198,0,0,0,0,0,0,0,0,0
4988,312,0,0,0,0,0,0,0,0,0
4990,109,0,0,0,0,0,0,0,0,0
4990,160,0,0,0,0,0,0,0,0,0
4990,203,0,0,0,0,0,0,0,0,0
4991,223,0,0,0,0,0,0,0,0,0
4991,950,0,0,0,0,0,0,0,0,0
4994,296,0,0,0,0,0,0,0,0,0
4995,836,0,0,0,0,0,0,0,0,0
4996,117,0,0,0,0,0,0,0,0,0
4996,564,0,0,0,0,0,0,0,0,0
4996,936,0,0,0,0,0,0,0,0,0
4999,482,0,0,0,0,0,0,0,0,0
4999,747,0,0,0,0,0,0,0,0,0
5004,266,0,0,0,0,0,0,0,0,0
5004,515,0,0,0,0,0,0,0,0,0
5005,252,0,0,0,0,0,0,0,0,0
5006,190,0,0,0,0,0,0,0,0,0
5008,643,0,0,0,0,0,0,0,0,0
5009,174,0,0,0,0,0,0,0,0,0
5009,223,0,0,0,0,0,0,0,0,0
5015,465,0,0,0,0,0,0,0,0,0
5016,123,0,0,0,0,0,0,0,0,0
5018,123,0,0,0,0,0,0,0,0,0
5021,346,0,0,0,0,0,0,0,0,0
5022,858,0,0,0,0,0,0,0,0,0
5023,188,0,0,0,0,0,0,0,0,0
5023,293,0,0,0,0,0,0,0,0,0
5024,115,0,0,0,0,0,0,0,0,0
5024,282,0,0,0,0,0,0,0,0,0
5025,327,0,0,0,0,0,0,0,0,0
5027,338,0,0,0,0,0,0,0,0,0
5029,870,0,0,0,0,0,0,0,0,0
5030,588,0,0,0,0,0,0,0,0,0
5032,158,0,0,0,0,0,0,0,0,0
5032,979,0,0,0,0,0,0,0,0,0
5035,145,0,1,0,0,0,0,0,0,0
5036,930,0,0,0,0,0,0,0,0,0
5037,696,0,0,0,0,0,0,0,0,0
5038,155,0,0,0,0,0,0,0,0,0
5039,381,0,0,0,0,0,0,0,0,0
5041,468,0,0,0,0,0,0,0,0,0
5043,140,0,0,0,0,0,0,0,0,0
5044,129,0,0,0,0,0,0,0,0,0
5044,465,0,0,0,0,0,0,0,0,0
5046,142,0,0,0,0,0,0,0,0,0
5046,867,0,0,0,0,0,0,0,0,0
5046,935,0,0,0,0,0,0,0,0,0
5047,609,0,0,0,0,0,0,0,0,0
5048,561,0,0,0,0,0,0,0,0,0
5049,155,0,0,0,0,0,0,0,0,0
5049,229,0,0,0,0,0,0,0,0,0
5049,963,0,0,0,0,0,0,0,0,0
5052,298,0,0,0,0,0,0,0,0,0
5052,414,1,0,0,0,0,0,0,0,0
5052,828,0,0,0,0,0,0,0,0,0
5053,456,0,0,0,0,0,0,0,0,0
5059,121,0,0,0,0,0,0,0,0,0
5059,214,0,0,0,0,0,0,0,0,0
5060,210,0,0,0,0,0,0,0,0,0
5063,215,0,0,0,0,0,0,0,0,0
5064,134,0,0,0,0,1,0,0,0,0
5064,602,0,0,0,0,0,0,0,0,0
5066,240,0,0,0,0,0,0,0,0,0
5068,391,0,0,0,0,0,0,0,0,0
5069,129,0,0,0,0,0,0,0,0,0
5069,145,0,0,0,0,0,0,0,0,0
5069,584,0,0,0,0,0,0,0,0,0
5071,101,0,0,0,0,0,0,0,0,0
5072,126,0,0,1,0,0,0,0,0,0
5072,712,0,0,0,0,0,0,0,0,0
5074,441,0,0,0,0,0,0,0,0,0
5075,304,0,0,0,0,0,0,0,0,0
5077,239,0,0,0,0,0,0,0,0,0
5079,862,0,0,0,0,0,0,0,0,0
5081,164,0,0,0,0,0,0,0,0,0
5084,127,0,0,0,0,0,0,0,0,0
5084,582,0,0,0,0,0,0,0,0,0
5086,499,0,0,0,0,0,0,0,0,0
5091,154,0,0,0,0,0,0,0,0,0
5091,365,0,0,0,0,0,0,0,0,0
5093,222,0,0,0,0,0,0,0,0,0
5093,281,0,0,0,0,0,0,0,0,0
5093,412,0,0,0,0,0,0,0,0,0
5093,760,0,0,0,0,0,0,0,0,0
5094,541,0,0,0,0,0,0,0,0,0
5095,387,0,0,0,0,0,0,0,0,0
5095,472,0,0,0,0,0,0,0,0,0
5097,648,0,0,0,0,0,0,0,0,0
5101,925,0,0,0,0,0,0,0,0,0
5102,838,0,0,0,0,0,0,0,0,0
5103,375,0,0,0,0,0,0,0,0,0
5104,389,0,0,0,0,0,0,0,0,0
5104,882,0,0,0,0,0,0,0,0,0
5106,108,0,0,0,0,0,0,0,0,0
5106,622,0,0,0,0,0,0,0,0,0
5108,630,0,0,0,0,0,0,0,0,0
5111,260,0,0,0,0,0,0,0,0,0
5112,254,0,0,0,0,0,0,0,0,0
5112,606,0,0,0,0,0,0,0,0,0
5117,292,0,0,0,0,0,0,0,0,0
5119,443,0,0,0,0,0,0,0,0,0
5122,205,0,0,0,0,0,0,0,0,0
5122,785,0,0,0,0,0,0,0,0,0
5122,991,0,0,0,0,0,0,0,0,0
5123,183,0,0,0,0,0,0,0,0,0
5123,233,0,0,0,0,0,0,0,0,0
5124,173,0,0,0,0,0,0,0,0,0
5124,442,0,0,0,0,0,0,0,0,0
5125,266,0,0,0,0,0,0,0,0,0
5125,567,0,0,0,0,0,0,0,0,0
5125,903,0,0,0,0,0,0,0,0,0
5126,314,0,0,0,0,0,0,0,0,0
5128,496,0,0,0,0,0,0,0,0,0
5128,791,0,0,0,0,0,0,0,0,0
5130,889,0,0,0,0,0,0,0,0,0
5131,217,0,0,0,0,0,0,0,0,0
5132,418,0,0,0,0,0,0,0,0,0
5134,286,0,0,0,0,0,0,0,0,0
5134,517,0,0,0,0,0,0,0,0,0
5134,938,0,0,0,0,0,0,0,0,0
5135,108,0,0,0,0,0,0,0,0,0
5137,971,0,0,0,0,0,0,0,0,0
5138,251,0,0,0,0,0,0,0,0,0
5141,211,0,0,0,0,0,0,0,0,0
5143,356,0,0,0,0,0,0,0,0,0
5144,226,0,0,1,0,0,0,0,0,0
5145,166,0,0,0,0,0,0,0,0,0
5145,210,0,0,0,0,0,0,0,0,0
5145,771,0,0,0,0,0,0,0,0,0
5146,703,0,0,0,0,0,0,0,0,0
5147,223,0,0,0,0,0,0,0,0,0
5147,485,0,0,0,0,0,0,0,0,0
5148,255,0,0,0,0,0,0,0,0,0
5149,331,0,0,0,0,0,0,0,0,0
5149,877,0,0,0,0,0,0,0,0,0
5150,662,0,0,0,0,0,0,0,0,0
5151,119,0,0,0,0,0,0,0,0,0
5151,342,0,0,0,0,0,0,0,0,0
5152,163,0,0,0,0,0,0,0,0,0
5152,219,0,0,0,0,0,0,0,0,0
5154,575,0,0,0,0,0,0,0,0,0
5157,463,0,0,0,0,0,0,0,0,0
5157,645,0,0,0,0,0,0,0,0,0
5161,112,0,0,1,0,0,0,0,0,0
5162,343,0,0,0,0,0,0,0,0,0
5163,146,0,0,0,0,0,0,0,0,0
5163,153,0,0,0,0,0,0,0,0,0
5164,733,0,0,0,0,0,0,0,0,0
5169,387,0,0,0,0,0,0,0,0,0
5169,716,0,0,0,0,0,0,0,0,0
5170,222,0,0,0,0,0,0,0,0,0
5170,528,0,0,0,0,0,0,0,0,0
5170,588,0,0,0,0,0,0,0,0,0
5171,208,0,0,0,0,0,0,0,0,0
5171,215,0,0,0,0,0,0,0,0,0
5172,520,0,0,0,0,0,0,0,0,0
5177,375,0,0,0,0,0,0,0,0,0
5179,208,0,0,0,0,0,0,0,0,0
5179,795,0,0,0,0,0,0,0,0,0
5180,714,0,0,0,0,0,0,0,0,0
5180,732,0,0,0,0,0,0,0,0,0
5181,183,0,0,0,0,0,0,0,0,0
5181,695,0,0,0,0,0,0,0,0,0
5183,182,0,0,0,0,0,0,0,0,0
5183,221,0,0,0,0,0,0,0,0,0
5183,315,0,0,0,0,0,0,0,0,0
5184,127,0,0,0,0,0,0,0,0,0
5184,969,0,0,0,0,0,0,0,0,0
5185,124,0,0,0,0,0,0,0,0,0
5185,668,0,0,0,0,0,0,0,0,0
5186,432,0,0,0,0,0,0,0,0,0
5187,311,0,0,0,0,0,0,0,0,0
5189,146,0,0,0,0,0,0,0,0,0
5192,121,0,0,0,0,0,0,0,0,0
5192,168,0,0,0,0,0,0,0,0,0
5192,541,0,0,0,0,0,0,0,0,0
5195,121,0,0,0,0,0,0,0,0,0
5195,228,0,0,0,0,0,0,0,0,0
5195,271,1,0,0,0,0,0,0,0,0
5195,534,0,0,0,0,0,0,0,0,0
5197,178,0,0,0,0,0,0,0,0,0
5197,612,0,0,0,0,0,0,0,0,0
5199,281,0,0,0,0,0,0,0,0,0
5200,631,0,0,0,0,0,0,0,0,0
5202,516,0,0,0,0,0,0,0,0,0
5203,816,0,0,0,0,0,0,0,0,0
5205,106,0,0,0,0,0,0,0,0,0
5205,166,0,0,0,0,0,0,0,0,0
5207,667,0,0,0,0,0,0,0,0,0
5208,119,0,0,0,0,0,0,0,0,0
5208,180,1,0,0,0,0,0,0,0,0
5210,101,0,0,0,0,0,0,0,0,0
5212,118,0,0,0,0,0,0,0,0,0
5213,644,0,0,0,0,0,0,0,0,0
5213,753,0,0,0,0,0,0,0,0,0
5214,151,0,0,0,0,0,0,0,0,0
5214,382,0,0,0,0,0,0,0,0,0
5214,541,0,0,0,0,0,0,0,0,0
5215,255,0,0,0,0,0,0,0,0,0
5215,419,0,0,0,0,0,0,0,0,0
5217,133,0,0,0,0,0,0,0,0,0
5218,338,0,0,0,0,0,0,0,0,0
5220,155,0,0,0,0,0,0,0,0,0
5221,341,0,0,0,0,0,0,0,0,0
5222,211,0,0,0,0,0,0,0,0,0
5222,244,0,0,0,0,0,0,0,0,0
5222,346,0,0,0,0,0,0,0,0,0
5223,358,0,0,0,0,0,0,0,0,0
5224,218,0,1,0,0,0,0,0,0,0
5224,658,0,0,0,0,0,0,0,0,0
5225,116,0,0,0,0,0,0,0,0,0
5226,598,0,0,0,0,0,0,0,0,0
5226,952,0,0,0,0,0,0,0,0,0
5227,722,0,0,0,0,0,0,0,0,0
5228,122,0,0,0,0,0,0,0,0,0
5230,405,0,0,0,0,0,0,0,0,0
5230,572,0,0,0,0,0,0,0,0,0
5232,549,0,0,0,0,0,0,0,0,0
5234,470,0,0,0,0,0,0,0,0,0
5234,950,0,0,0,0,0,0,0,0,0
5235,690,0,0,0,0,0,0,0,0,0
5236,120,0,0,0,0,0,0,0,0,0
5238,268,0,0,0,0,0,0,0,0,0
5239,807,0,0,0,0,0,0,0,0,0
5241,410,0,0,0,0,0,0,0,0,0
5245,520,0,0,0,0,0,0,0,0,0
5245,870,0,0,0,0,0,0,0,0,0
5245,993,0,0,0,0,0,0,0,0,0
5246,140,0,0,0,0,0,0,0,0,0
5247,190,0,0,0,0,0,0,0,0,0
5247,233,0,0,0,0,0,0,0,0,0
5249,188,0,0,0,0,0,0,0,0,0
5253,513,0,0,0,0,0,0,0,0,0
5257,488,0,0,0,0,0,0,0,0,0
5258,368,0,0,0,0,0,0,0,0,0
5258,376,0,0,0,0,0,0,0,0,0
5259,139,0,0,0,0,0,0,0,0,0
5260,614,0,0,0,0,0,0,0,0,0
5261,118,0,0,0,0,0,0,0,0,0
5261,132,0,0,0,0,0,0,0,0,0
5262,126,0,0,0,0,0,0,0,0,0
5262,366,0,0,0,0,0,0,0,0,0
5265,122,0,0,0,0,0,0,0,0,0
5268,148,0,0,0,0,0,0,0,0,0
5268,555,0,0,0,0,0,0,0,0,0
5268,759,0,0,0,0,0,0,0,0,0
5269,101,0,0,0,0,0,0,0,0,0
5269,411,0,0,0,0,0,0,0,0,0
5272,206,0,0,0,0,0,0,0,0,0
5274,182,0,0,0,0,0,0,0,0,0
5274,756,0,0,0,0,0,0,0,0,0
5276,164,0,0,0,0,0,0,0,0,0
5276,567,0,0,0,0,0,0,0,0,0
5277,444,0,0,0,0,0,0,0,0,0
5280,441,0,0,0,0,0,0,0,0,0
5285,102,0,0,0,0,0,0,0,0,0
5286,334,0,0,0,0,0,0,0,0,0
5286,744,0,0,0,0,0,0,0,0,0
5289,131,0,0,0,0,0,0,0,0,0
5289,483,0,0,0,0,0,0,0,0,0
5289,595,0,0,0,0,0,0,0,0,0
5294,549,0,0,0,0,0,0,0,0,0
5295,152,0,0,0,0,0,0,0,0,0
5296,979,0,0,0,0,0,0,0,0,0
5300,198,0,0,0,0,0,0,0,0,0
5301,558,0,0,0,0,0,0,0,0,0
5302,712,0,0,0,0,0,0,0,0,0
5306,276,0,0,0,0,0,0,0,0,0
5309,248,0,0,0,0,0,0,0,0,0
5309,280,0,0,0,0,0,0,0,0,0
5309,340,0,0,0,0,0,0,0,0,0
5311,274,0,0,0,0,0,0,0,0,0
5313,153,0,0,0,0,0,0,0,0,0
5314,166,0,0,0,0,0,0,0,0,0
5315,106,0,0,0,0,0,0,0,0,0
5315,865,0,0,0,0,0,0,0,0,0
5316,291,0,0,0,0,0,0,0,0,0
5319,107,0,0,0,0,0,0,0,0,0
5320,103,0,0,0,0,0,0,0,0,0
5322,301,0,0,0,0,0,0,0,0,0
5323,817,0,0,0,0,0,0,0,0,0
5324,102,0,0,0,0,0,0,0,0,0
5324,174,0,0,0,0,0,0,0,0,0
5325,394,0,0,0,0,0,0,0,0,0
5327,196,0,0,0,0,0,0,0,0,0
5328,151,0,0,0,0,0,0,0,0,0
5328,278,0,0,0,0,0,0,0,0,0
5329,429,0,0,0,0,0,0,0,0,0
5333,125,0,0,0,0,0,0,0,0,0
5334,835,0,0,0,0,0,0,0,0,0
5335,760,0,0,0,0,0,0,0,0,0
5336,546,0,0,0,0,0,0,0,0,0
5337,432,0,0,0,0,0,0,0,0,0
5338,118,0,0,0,0,0,0,0,0,0
5339,555,0,0,0,0,0,0,0,0,0
5340,107,0,0,0,0,0,0,0,0,0
5342,702,0,0,0,0,0,0,0,0,0
5343,481,0,0,0,0,0,0,0,0,0
5343,646,0,0,0,0,0,0,0,0,0
5345,249,0,0,0,0,0,0,0,0,0
5347,525,0,0,0,0,0,0,0,0,0
5347,654,0,0,0,0,0,0,0,0,0
5348,795,0,0,0,0,0,0,0,0,0
5349,110,0,0,0,0,0,0,0,0,0
5349,369,0,0,0,0,0,0,0,0,0
5349,542,0,0,0,0,0,0,0,0,0
5349,580,0,0,0,0,0,0,0,0,0
5349,623,0,0,0,0,0,0,0,0,0
5350,374,0,0,0,0,0,0,0,0,0
5350,419,0,0,0,0,0,0,0,0,0
5350,532,0,0,0,0,0,0,0,0,0
5351,212,0,0,0,0,0,0,0,0,0
5351,269,0,0,0,0,0,0,0,0,0
5351,825,0,0,0,0,0,0,0,0,0
5352,282,0,0,0,0,0,0,0,0,0
5352,414,0,0,0,0,0,0,0,0,0
5353,963,0,0,0,0,0,0,0,0,0
5354,238,0,0,0,0,0,0,0,0,0
5356,102,0,0,0,0,0,0,0,0,0
5356,482,0,0,0,0,0,0,0,0,0
5360,133,0,0,0,0,0,0,0,0,0
5360,148,0,0,0,0,0,0,0,0,0
5361,798,0,0,0,0,0,0,0,0,0
5364,119,0,0,0,0,0,0,0,0,0
5364,159,0,0,0,0,0,0,0,0,0
5367,135,0,0,0,0,0,0,0,0,0
5367,492,0,0,0,0,0,0,0,0,0
5368,184,0,0,0,0,0,0,0,0,0
5369,560,0,0,0,0,0,0,0,0,0
5370,212,0,0,0,0,0,0,0,0,0
5372,817,0,0,0,0,0,0,0,0,0
5373,347,0,0,0,0,0,0,0,0,0
5377,106,0,0,0,0,0,0,0,0,0
5380,902,0,0,0,0,0,0,0,0,0
5383,213,0,0,0,0,0,0,0,0,0
5385,117,0,0,0,0,0,0,0,0,0
5385,673,0,0,0,0,0,0,0,0,0
5386,114,0,0,0,0,0,0,0,0,0
5387,382,0,0,0,0,0,0,0,0,0
5389,113,0,0,0,0,0,0,0,0,0
5389,126,0,0,0,0,0,0,0,0,0
5390,116,0,0,0,0,0,0,0,0,0
5390,236,0,0,0,0,0,0,0,0,0
5390,443,0,0,0,0,0,0,0,0,0
5392,441,0,0,0,0,0,0,0,0,0
5393,789,0,0,0,0,0,0,0,0,0
5395,212,0,0,0,0,0,0,0,0,0
5395,329,0,0,0,0,0,0,0,0,0
5395,590,0,0,0,0,0,0,0,0,0
5399,120,0,0,0,0,0,0,0,0,0
5399,492,0,0,0,0,0,0,0,0,0
5399,613,0,0,0,0,0,0,0,0,0
5403,223,0,0,0,0,0,0,0,0,0
5403,246,0,1,0,0,0,0,0,0,0
5407,320,0,0,0,0,0,0,0,0,0
5408,215,0,0,0,0,0,0,0,0,0
5408,552,0,0,0,0,0,0,0,0,0
5410,109,0,0,0,0,0,0,0,0,0
5410,318,0,0,0,0,0,0,0,0,0
5410,444,0,0,0,0,0,0,0,0,0
5411,329,0,0,0,0,0,0,0,0,0
5413,314,0,0,0,0,0,0,0,0,0
5414,319,0,0,0,0,0,0,0,0,0
5415,219,0,0,0,0,0,0,0,0,0
5415,248,0,0,0,0,0,0,0,0,0
5416,282,0,0,0,0,0,0,0,0,0
5416,494,0,0,0,0,0,0,0,0,0
5417,125,0,0,0,0,0,0,0,0,0
5418,571,0,0,0,0,0,0,0,0,0
5420,204,0,0,0,0,0,0,0,0,0
5420,409,0,0,0,0,0,0,0,0,0
5420,566,0,0,0,0,0,0,0,0,0
5420,781,0,0,0,0,0,0,0,0,0
5427,606,0,0,0,0,0,0,0,0,0
5427,950,0,0,0,0,0,0,0,0,0
5429,123,0,0,0,0,0,0,0,0,0
5429,430,0,0,0,0,0,0,0,0,0
5431,132,0,0,0,0,0,0,0,0,0
5435,477,0,0,0,0,0,0,0,0,0
5435,863,0,0,0,0,0,0,0,0,0
5436,288,0,0,0,0,0,0,0,0,0
5437,128,0,0,0,0,0,0,0,0,0
5437,156,0,0,0,0,0,0,0,0,0
5438,374,0,0,0,0,0,0,0,0,0
5438,640,0,0,0,0,0,0,0,0,0
5439,294,0,0,0,0,0,0,0,0,0
5441,238,0,0,0,0,0,0,0,0,0
5442,157,0,0,0,0,0,0,0,0,0
5443,446,0,0,0,0,0,0,0,0,0
5443,498,0,0,0,0,0,0,0,0,0
5443,876,0,0,0,0,0,0,0,0,0
5445,122,0,0,1,0,0,0,0,0,0
5445,739,0,0,0,0,0,0,0,0,0
5448,555,0,0,0,0,0,0,0,0,0
5449,376,0,0,0,0,0,0,0,0,0
5450,156,0,0,0,0,0,0,0,0,0
5451,116,0,0,0,0,0,0,0,0,0
5451,173,0,0,0,0,0,0,0,0,0
5451,282,0,0,0,0,0,0,0,0,0
5452,111,0,0,0,0,0,0,0,0,0
5455,187,0,0,0,0,0,0,0,0,0
5455,575,0,0,0,0,0,0,0,0,0
5457,135,0,0,0,0,0,0,0,0,0
5457,276,0,0,0,0,0,0,0,0,0
5457,670,0,0,0,0,0,0,0,0,0
5459,504,0,0,0,0,0,0,0,0,0
5459,913,0,0,0,0,0,0,0,0,0
5462,236,0,0,0,0,0,0,0,0,0
5462,267,0,0,0,0,0,0,0,0,0
5462,361,0,0,0,0,0,0,0,0,0
5462,844,0,0,0,0,0,0,0,0,0
5465,141,0,0,0,0,0,0,0,0,0
5465,154,0,0,0,0,0,0,0,0,0
5467,153,0,0,0,0,0,0,0,0,0
5470,409,0,0,0,0,0,0,0,0,0
5474,216,0,0,0,0,0,0,0,0,0
5476,116,0,0,0,0,0,0,0,0,0
5477,376,0,0,0,0,0,0,0,0,0
5478,508,0,0,0,0,0,0,0,0,0
5478,649,0,0,0,0,0,0,0,0,0
5481,108,0,0,0,0,0,0,0,0,0
5481,301,0,0,0,0,0,0,0,0,0
5481,482,0,0,0,0,0,0,0,0,0
5482,102,0,0,0,0,0,0,0,0,0
5482,122,0,0,0,0,0,0,0,0,0
5483,902,0,0,0,0,0,0,0,0,0
5484,292,0,0,0,0,0,0,0,0,0
5487,169,0,0,0,0,0,0,0,0,0
5488,144,0,0,0,0,0,0,0,0,0
5488,778,0,0,0,0,0,0,0,0,0
5491,139,0,0,0,0,0,0,0,0,0
5491,193,0,0,0,0,0,0,0,0,0
5491,324,0,0,0,0,0,0,0,0,0
5492,320,0,0,0,0,0,0,0,0,0
5495,243,0,0,0,0,0,0,0,0,0
5497,193,0,0,0,0,0,0,0,0,0
5497,436,0,0,0,0,0,0,0,0,0
5498,869,0,0,0,0,0,0,0,0,0
5499,379,0,0,0,0,0,0,0,0,0
5499,935,0,0,0,0,0,0,0,0,0
5500,627,0,0,0,0,0,0,0,0,0
5501,123,0,0,0,0,0,0,0,0,0
5502,908,0,0,0,0,0,0,0,0,0
5505,133,0,0,0,0,0,0,0,0,0
5505,230,0,0,0,0,0,0,0,0,0
5505,312,0,0,0,0,0,0,0,0,0
5507,275,0,0,0,0,0,0,0,0,0
5508,227,0,0,0,0,0,0,0,0,0
5508,945,0,0,0,0,0,0,0,0,0
5509,249,0,0,0,0,0,0,0,0,0
5510,406,0,0,0,0,0,0,0,0,0
5510,432,0,0,0,0,0,0,0,0,0
5510,748,0,0,0,0,0,0,0,0,0
5514,815,0,0,0,0,0,0,0,0,0
5519,866,0,0,0,0,0,0,0,0,0
5522,704,0,0,0,0,0,0,0,0,0
5524,132,0,0,0,0,0,0,0,0,0
5525,362,0,0,0,0,0,0,0,0,0
5526,250,0,0,0,0,0,0,0,0,0
5526,617,0,0,0,0,0,0,0,0,0
5527,357,0,0,0,0,0,0,0,0,0
5527,626,0,0,0,0,0,0,0,0,0
5528,162,1,0,0,0,0,0,0,0,0
5528,385,0,0,0,0,0,0,0,0,0
5529,109,0,0,0,0,0,0,0,0,0
5530,498,0,0,0,0,0,0,0,0,0
5531,202,0,0,0,0,0,0,0,0,0
5532,647,0,0,0,0,0,0,0,0,0
5537,147,0,0,0,0,0,0,0,0,0
5537,221,0,0,0,0,0,0,0,0,0
5538,181,0,0,0,0,0,0,0,0,0
5539,782,0,0,0,0,0,0,0,0,0
5540,406,0,0,0,0,0,0,0,0,0
5544,424,0,0,0,0,0,0,0,0,0
5550,607,0,0,0,0,0,0,0,0,0
5550,786,0,0,0,0,0,0,0,0,0
5551,136,0,0,0,0,0,0,0,0,0
5551,675,0,0,0,0,0,0,0,0,0
5552,291,0,0,0,0,0,0,0,0,0
5552,474,0,0,0,0,0,0,0,0,0
5553,354,0,0,0,0,0,0,0,0,0
5555,311,0,0,0,0,0,0,0,0,0
5556,463,0,0,0,0,0,0,0,0,0
5558,483,0,0,0,0,0,0,0,0,0
5558,647,0,0,0,0,0,0,0,0,0
5558,765,0,0,0,0,0,0,0,0,0
5563,310,0,0,0,0,0,0,0,0,0
5564,514,0,0,0,0,0,0,0,0,0
5565,548,0,0,0,0,0,0,0,0,0
5566,525,0,0,0,0,0,0,0,0,0
5568,946,0,0,0,0,0,0,0,0,0
5569,115,0,0,0,0,0,0,0,0,0
5570,575,0,0,0,0,0,0,0,0,0
5572,163,0,0,0,0,0,0,0,0,0
5572,227,0,0,0,0,0,0,0,0,0
5573,104,0,0,0,0,0,0,0,0,0
5573,209,0,0,0,0,0,0,0,0,0
5573,541,0,0,0,0,0,0,0,0,0
5575,122,0,0,0,0,0,0,0,0,0
5576,277,0,0,0,0,0,0,0,0,0
5576,450,0,0,0,0,0,0,0,0,0
5576,773,0,0,0,0,0,0,0,0,0
5578,347,0,0,0,0,0,0,0,0,0
5579,208,0,0,0,0,0,0,0,0,0
5579,447,0,0,0,0,0,0,0,0,0
5581,488,0,0,0,0,0,0,0,0,0
5583,114,0,0,0,0,0,0,0,0,0
5584,549,0,0,0,0,0,0,0,0,0
5586,529,0,0,0,1,0,0,0,0,0
5587,230,0,0,0,0,0,0,0,0,0
5587,445,0,0,0,0,0,0,0,0,0
5588,251,0,0,0,0,0,0,0,0,0
5588,613,0,0,0,0,0,0,0,0,0
5589,177,0,0,0,0,0,0,0,0,0
5590,129,0,0,0,0,0,0,0,0,0
5590,354,0,0,0,0,0,0,0,0,0
5590,846,0,0,0,0,0,0,0,0,0
5593,238,0,0,0,0,0,0,0,0,0
5595,170,0,0,0,0,0,0,0,0,0
5596,995,0,0,0,0,0,0,0,0,0
5598,291,0,0,0,0,0,0,0,0,0
5599,515,0,0,0,0,0,0,0,0,0
5600,225,0,0,0,0,0,0,0,0,0
5601,168,0,0,0,0,1,0,0,0,0
5603,117,0,0,0,0,0,0,0,0,0
5603,246,0,0,0,0,0,0,0,0,0
5606,274,0,0,0,0,0,0,0,0,0
5606,312,0,0,0,0,0,0,0,0,0
5608,176,0,0,0,0,0,0,0,0,0
5613,284,0,0,0,0,0,0,0,0,0
5614,215,0,0,0,0,0,0,0,0,0
5614,273,0,0,0,0,0,0,0,0,0
5616,931,0,0,0,0,0,0,0,0,0
5617,125,0,0,0,0,0,0,0,0,0
5617,542,0,0,0,0,0,0,0,0,0
5620,897,0,0,0,0,0,0,0,0,0
5621,119,0,0,0,0,0,0,0,0,0
5622,680,0,0,0,0,0,0,0,0,0
5624,163,0,0,0,0,0,0,0,0,0
5624,175,0,0,0,0,1,0,0,0,0
5624,350,0,0,0,0,0,0,0,0,0
5624,696,0,0,0,0,0,0,0,0,0
5625,206,0,0,0,0,0,0,0,0,0
5625,208,0,1,0,0,0,0,0,0,0
5627,115,0,0,0,0,0,0,0,0,0
5627,118,0,0,0,0,0,0,0,0,0
5627,740,0,0,0,0,0,0,0,0,0
5629,281,0,0,0,0,0,0,0,0,0
5632,110,0,0,0,0,0,0,0,0,0
5633,543,0,0,0,0,0,0,0,0,0
5636,327,0,0,0,0,0,0,0,0,0
5637,496,0,0,0,0,0,0,0,0,0
5638,304,0,0,0,0,0,0,0,0,0
5638,314,0,0,0,0,0,0,0,0,0
5640,561,0,0,0,0,0,0,0,0,0
5644,489,0,0,0,0,0,0,0,0,0
5644,928,0,0,0,0,0,0,0,0,0
5646,373,0,0,0,0,0,0,0,0,0
5646,456,0,0,0,0,0,0,0,0,0
5647,189,0,0,0,0,0,0,0,0,0
5647,537,0,0,0,0,0,0,0,0,0
5647,790,0,0,0,0,0,0,0,0,0
5648,731,0,0,0,0,0,0,0,0,0
5650,122,0,0,0,0,0,0,0,0,0
5650,992,0,0,0,0,0,0,0,0,0
5652,759,0,0,0,0,0,0,0,0,0
5658,125,0,0,0,0,0,0,0,0,0
5659,207,0,0,0,0,0,0,0,0,0
5660,199,0,0,0,0,0,0,0,0,0
5660,258,0,0,0,0,0,0,0,0,0
5660,454,0,0,0,0,0,0,0,0,0
5662,291,0,0,0,0,0,0,0,0,0
5663,326,0,0,0,0,0,0,0,0,0
5663,340,0,0,0,0,0,0,0,0,0
5664,197,0,0,0,0,0,0,0,0,0
5665,101,0,0,0,0,0,0,0,0,0
5666,429,0,0,0,0,0,0,0,0,0
5666,498,0,0,0,0,0,0,0,0,0
5667,194,0,0,0,0,0,0,0,0,0
5667,218,0,0,0,0,0,0,0,0,0
5667,396,0,0,0,0,0,0,0,0,0
5668,365,0,0,0,0,0,0,0,0,0
5668,699,0,0,0,0,0,0,0,0,0
5673,755,0,0,0,0,0,0,0,0,0
5674,179,0,0,0,0,0,0,0,0,0
5674,322,0,0,0,0,0,0,0,0,0
5676,545,0,0,0,0,0,0,0,0,0
5678,103,0,0,0,0,0,0,0,0,0
5678,134,0,0,0,0,0,0,0,0,0
5680,173,0,0,0,0,0,0,0,0,0
5680,834,0,0,0,0,0,0,0,0,0
5683,155,0,0,0,0,0,0,0,0,0
5685,144,0,0,0,0,0,0,0,0,0
5686,217,0,0,0,0,0,0,0,0,0
5687,421,0,0,0,0,0,0,0,0,0
5688,724,0,0,0,0,0,0,0,0,0
5688,906,0,0,0,0,0,0,0,0,0
5689,255,0,0,0,0,0,0,0,0,0
5691,152,0,0,0,0,0,0,0,0,0
5695,462,0,0,0,0,0,0,0,0,0
5695,707,0,0,0,0,0,0,0,0,0
5696,139,0,0,0,0,0,0,0,0,0
5697,348,0,0,0,0,0,0,0,0,0
5699,155,0,0,0,0,0,0,0,0,0
5701,265,0,0,0,0,0,0,0,0,0
5702,639,0,0,0,0,0,0,0,0,0
5706,266,0,0,0,0,0,0,0,0,0
5707,108,0,0,0,0,0,0,0,0,0
5707,279,0,0,0,0,0,0,0,0,0
5709,169,0,0,0,0,0,0,0,0,0
5709,194,0,0,0,0,0,0,0,0,0
5709,209,1,0,0,0,0,0,0,0,0
5709,637,0,0,0,0,0,0,0,0,0
5710,227,0,0,0,0,0,0,0,0,0
5711,623,0,0,0,0,0,0,0,0,0
5715,922,0,0,0,0,0,0,0,0,0
5716,328,0,0,0,0,0,0,0,0,0
5716,485,0,0,0,0,0,0,0,0,0
5716,595,0,0,0,0,0,0,0,0,0
5716,760,0,0,0,0,0,0,0,0,0
5718,162,0,0,0,0,0,0,0,0,0
5718,663,0,0,0,0,0,0,0,0,0
5721,711,0,0,0,0,0,0,0,0,0
5721,868,0,0,0,0,0,0,0,0,0
5722,276,0,0,0,0,0,0,0,0,0
5723,403,0,0,0,0,0,0,0,0,0
5725,162,0,0,0,0,0,0,0,0,0
5725,232,0,0,0,0,0,0,0,0,0
5726,159,0,0,0,0,0,0,0,0,0
5726,241,0,0,0,0,0,0,0,0,0
5727,418,0,0,0,0,0,0,0,0,0
5730,458,0,0,0,0,0,0,0,0,0
5732,148,0,0,0,0,0,0,0,0,0
5732,279,0,0,0,0,0,0,0,0,0
5732,491,0,0,0,0,0,0,0,0,0
5733,220,0,0,0,0,0,0,0,0,0
5733,250,0,0,0,0,0,0,0,0,0
5734,965,0,0,0,0,0,0,0,0,0
5736,979,0,0,0,0,0,0,0,0,0
5737,122,0,0,0,0,0,0,0,0,0
5737,181,0,0,0,0,0,0,0,0,0
5737,195,0,0,0,0,0,0,0,0,0
5737,275,0,0,0,0,0,0,0,0,0
5740,351,0,0,0,0,0,0,0,0,0
5741,470,0,0,0,0,0,0,0,0,0
5741,498,0,0,0,0,0,0,0,0,0
5741,521,0,0,0,0,0,0,0,0,0
5743,118,0,0,0,0,0,0,0,0,0
5743,390,0,0,0,0,0,0,0,0,0
5744,270,0,0,0,0,0,0,0,0,0
5745,370,0,0,0,0,0,0,0,0,0
5746,231,0,0,0,0,0,0,0,0,0
5747,140,0,0,0,0,0,0,0,0,0
5747,199,0,0,0,0,0,0,0,0,0
5747,227,0,0,0,0,0,0,0,0,0
5747,368,0,0,0,0,0,0,0,0,0
5751,344,0,0,0,0,0,0,0,0,0
5754,333,0,0,0,0,0,0,0,0,0
5756,195,0,0,0,0,0,0,0,0,0
5757,820,0,0,0,0,0,0,0,0,0
5757,901,0,0,0,0,0,0,0,0,0
5759,147,0,0,0,0,0,0,0,0,0
5759,283,0,0,0,0,0,0,0,0,0
5763,278,0,0,0,0,0,0,0,0,0
5763,502,0,0,0,0,0,0,0,0,0
5764,748,0,0,0,0,0,0,0,0,0
5765,167,0,0,0,0,0,0,0,0,0
5765,563,0,0,0,0,0,0,0,0,0
5766,262,0,0,0,0,0,0,0,0,0
5769,104,0,0,0,0,0,0,0,0,0
5769,542,0,0,0,0,0,0,0,0,0
5770,187,0,0,0,0,0,0,0,0,0
5770,348,0,0,0,0,0,0,0,0,0
5772,355,0,0,0,0,0,0,0,0,0
5773,168,0,0,0,0,0,0,0,0,0
5774,129,0,0,0,0,0,0,0,0,0
5780,180,0,0,0,0,0,0,0,0,0
5780,239,0,0,0,0,0,0,0,0,0
5781,101,0,0,0,0,0,0,0,0,0
5783,101,0,0,0,0,0,0,0,0,0
5784,190,0,0,0,0,0,0,0,0,0
5785,389,0,0,0,0,0,0,0,0,0
5786,115,0,0,0,0,0,0,0,0,0
5788,126,0,0,0,0,0,0,0,0,0
5789,309,0,0,0,0,0,0,0,0,0
5790,206,0,0,0,0,0,0,0,0,0
5792,372,0,0,0,0,0,0,0,0,0
5794,178,0,0,0,0,0,0,0,0,0
5794,810,0,0,0,0,0,0,0,0,0
5796,133,0,0,0,0,0,0,0,0,0
5796,187,0,0,0,0,0,0,0,0,0
5797,666,0,0,0,0,0,0,0,0,0
5797,880,0,0,0,0,0,0,0,0,0
5798,103,0,0,0,0,0,0,0,0,0
5798,806,0,0,0,0,0,0,0,0,0
5799,212,0,0,0,0,0,0,0,0,0
5799,316,0,0,0,0,0,0,0,0,0
5801,145,0,0,0,0,0,0,0,0,0
5801,152,0,0,0,0,0,0,0,0,0
5801,240,0,0,0,0,0,0,0,0,0
5801,713,0,0,0,0,0,0,0,0,0
5802,105,0,0,0,0,0,0,0,0,0
5802,138,0,0,0,0,0,0,0,0,0
5803,495,0,0,0,0,0,0,0,0,0
5807,306,0,0,0,0,0,0,0,0,0
5808,129,0,0,0,0,0,0,0,0,0
5808,155,0,0,0,0,0,0,0,0,0
5808,881,0,0,0,0,0,0,0,0,0
5809,105,0,0,1,0,0,0,0,0,0
5809,780,0,0,0,0,0,0,0,0,0
5810,109,0,0,0,0,0,0,0,0,0
5811,264,0,1,0,0,0,0,0,0,0
5811,546,0,0,0,0,0,0,0,0,0
5813,266,0,0,0,0,0,0,0,0,0
5813,597,0,0,0,0,0,0,0,0,0
5814,103,0,0,0,0,0,0,0,0,0
5814,308,0,0,0,0,0,0,0,0,0
5815,138,0,0,0,0,0,0,0,0,0
5817,316,0,0,0,0,0,0,0,0,0
5817,627,0,0,0,0,0,0,0,0,0
5819,892,0,0,0,0,0,0,0,0,0
5820,120,0,0,0,0,0,0,0,0,0
5820,503,0,0,0,0,0,0,0,0,0
5821,136,0,0,0,0,0,0,0,0,0
5824,144,0,0,0,0,0,0,0,0,0
5825,140,0,0,0,0,0,0,0,0,0
5827,141,0,0,0,0,0,0,0,0,0
5828,790,0,0,0,0,0,0,0,0,0
5830,804,0,0,0,0,0,0,0,0,0
5831,102,0,0,1,0,0,0,0,0,0
5832,353,0,0,0,0,0,0,0,0,0
5833,293,0,0,0,0,0,0,0,0,0
5834,115,0,0,0,0,0,0,0,0,0
5834,133,0,0,0,0,0,0,0,0,0
5836,101,0,0,0,0,0,0,0,0,0
5837,395,0,0,0,0,0,0,0,0,0
5837,706,0,0,0,0,0,0,0,0,0
5838,162,0,0,0,0,0,0,0,0,0
5839,279,0,0,0,0,0,0,0,0,0
5839,728,0,0,0,0,0,0,0,0,0
5840,340,0,0,0,0,0,0,0,0,0
5840,448,0,0,0,0,0,0,0,0,0
5840,615,0,0,0,0,0,0,0,0,0
5842,126,0,0,0,0,0,0,0,0,0
5842,541,0,0,0,0,0,0,0,0,0
5847,452,0,0,0,0,0,0,0,0,0
5849,730,0,0,0,0,0,0,0,0,0
5850,301,0,0,0,0,0,0,0,0,0
5852,523,0,0,0,0,0,0,0,0,0
5852,974,0,0,0,0,0,0,0,0,0
5856,511,0,0,0,0,0,0,0,0,0
5858,807,0,0,0,0,0,0,0,0,0
5858,855,0,0,0,0,0,0,0,0,0
5860,345,0,0,0,0,0,0,0,0,0
5862,112,0,0,0,0,0,0,0,0,0
5862,376,0,0,0,0,0,0,0,0,0
5864,324,0,0,0,0,0,0,0,0,0
5864,398,0,0,0,0,0,0,0,0,0
5865,101,0,0,0,0,0,0,0,0,0
5865,420,0,0,0,0,0,0,0,0,0
5866,117,0,1,0,0,0,0,0,0,0
5867,260,0,0,0,0,0,0,0,0,0
5867,356,0,0,0,0,0,0,0,0,0
5867,819,0,0,0,0,0,0,0,0,0
5868,566,0,0,0,0,0,0,0,0,0
5868,766,0,0,0,0,0,0,0,0,0
5869,206,0,0,0,0,0,0,0,0,0
5871,157,0,0,0,0,0,0,0,0,0
5871,991,0,0,0,0,0,0,0,0,0
5872,282,0,0,0,0,0,0,0,0,0
5872,287,0,0,0,0,0,0,0,0,0
5874,109,0,0,0,0,0,0,0,0,0
5874,138,0,0,0,0,0,0,0,0,0
5878,148,0,0,0,0,0,0,0,0,0
5879,580,0,0,0,0,0,0,0,0,0
5885,137,0,0,0,0,0,0,0,0,0
5885,165,0,0,0,0,0,0,0,0,0
5889,251,0,0,0,0,0,0,0,0,0
5889,287,0,0,0,0,0,0,0,0,0
5889,587,0,0,0,0,0,0,0,0,0
5890,132,0,0,0,0,0,0,0,0,0
5890,725,0,0,0,0,0,0,0,0,0
5893,389,0,0,0,0,0,0,0,0,0
5894,204,0,0,0,0,0,0,0,0,0
5895,283,0,0,0,0,0,0,0,0,0
5897,211,0,0,0,0,0,0,0,0,0
5897,643,0,0,0,0,0,0,0,0,0
5897,682,0,0,0,0,0,0,0,0,0
5898,974,0,0,0,0,0,0,0,0,0
5901,492,0,0,0,0,0,0,0,0,0
5902,262,0,0,0,0,0,0,0,0,0
5906,636,0,0,0,0,0,0,0,0,0
5907,733,0,0,0,0,0,0,0,0,0
5910,163,0,0,0,0,0,0,0,0,0
5910,211,0,0,0,0,0,0,0,0,0
5912,163,0,0,0,0,0,0,0,0,0
5913,934,0,0,0,0,0,0,0,0,0
5920,265,0,0,0,0,0,0,0,0,0
5921,403,0,0,0,0,0,0,0,0,0
5923,428,0,0,0,0,0,0,0,0,0
5924,184,0,0,0,0,0,0,0,0,0
5924,802,0,0,0,0,0,0,0,0,0
5930,430,0,0,0,0,0,0,0,0,0
5931,292,0,0,0,0,0,0,0,0,0
5936,110,0,0,0,0,0,0,0,0,0
5937,203,0,0,0,0,0,0,0,0,0
5937,216,0,0,0,0,0,0,0,0,0
5940,364,0,0,0,0,0,0,0,0,0
5941,298,0,0,0,0,0,0,0,0,0
5941,714,0,0,0,0,0,0,0,0,0
5942,179,0,0,0,0,0,0,0,0,0
5942,365,0,0,0,0,0,0,0,0,0
5942,682,0,0,0,0,0,0,0,0,0
5943,879,0,0,0,0,0,0,0,0,0
5946,559,0,0,0,0,0,0,0,0,0
5947,208,0,0,0,0,0,0,0,0,0
5948,327,0,0,0,0,0,0,0,0,0
5952,205,0,0,0,0,0,0,0,0,0
5955,318,0,0,0,0,0,0,0,0,0
5956,301,0,0,0,0,0,0,0,0,0
5956,702,0,0,0,0,0,0,0,0,0
5958,174,0,0,0,0,0,0,0,0,0
5959,128,0,0,0,0,0,0,0,0,0
5960,560,0,0,0,0,0,0,0,0,0
5961,897,0,0,0,0,0,0,0,0,0
5962,413,0,0,0,0,0,0,0,0,0
5963,439,0,0,0,0,0,0,0,0,0
5965,130,0,0,0,0,0,0,0,0,0
5965,150,0,0,0,0,0,0,0,0,0
5965,264,0,0,0,0,0,0,0,0,0
5965,280,0,0,0,0,0,0,0,0,0
5965,347,0,0,0,0,0,0,0,0,0
5966,999,0,0,0,0,0,0,0,0,0
5967,408,0,0,0,0,0,0,0,0,0
5967,627,0,0,0,0,0,0,0,0,0
5967,825,0,0,0,0,0,0,0,0,0
5969,141,0,0,0,0,0,0,0,0,0
5969,290,0,0,0,0,0,0,0,0,0
5971,139,0,0,0,0,0,0,0,0,0
5972,866,0,0,0,0,0,0,0,0,0
5973,216,0,0,0,0,0,0,0,0,0
5973,250,0,0,0,0,0,0,0,0,0
5975,104,0,0,0,0,0,0,0,0,0
5975,123,0,0,0,0,0,0,0,0,0
5975,700,0,0,0,0,0,0,0,0,0
5975,749,0,0,0,0,0,0,0,0,0
5977,459,0,0,0,0,0,0,0,0,0
5978,800,0,0,0,0,0,0,0,0,0
5980,163,0,0,0,0,0,0,0,0,0
5980,612,0,0,0,0,0,0,0,0,0
5982,500,0,0,0,0,0,0,0,0,0
5984,114,0,0,0,0,0,0,0,0,0
5984,161,0,0,0,0,0,0,0,0,0
5984,198,0,0,0,0,0,0,0,0,0
5984,742,0,0,0,0,0,0,0,0,0
5987,448,0,0,0,0,0,0,0,0,0
5988,120,0,0,0,0,0,0,0,0,0
5988,181,0,0,0,0,0,0,0,0,0
5988,188,0,0,0,0,0,0,0,0,0
5989,313,0,0,0,0,0,0,0,0,0
5990,699,0,0,0,0,0,0,0,0,0
5990,890,0,0,0,0,0,0,0,0,0
5991,402,0,0,0,0,0,0,0,0,0
5992,188,0,0,0,0,0,0,0,0,0
5993,245,0,0,0,0,0,0,0,0,0
5994,261,0,0,0,0,0,0,0,0,0
5995,481,0,0,0,0,0,0,0,0,0
6002,106,0,0,0,0,0,0,0,0,0
6002,187,0,0,0,0,0,0,0,0,0
6002,409,0,0,0,0,0,0,0,0,0
6005,127,0,0,0,0,0,0,0,0,0
6007,844,0,0,0,0,0,0,0,0,0
6010,103,0,0,0,0,0,0,0,0,0
6011,310,0,0,0,0,0,0,0,0,0
6011,427,0,0,0,0,0,0,0,0,0
6012,979,0,0,0,0,0,0,0,0,0
6013,970,0,0,0,0,0,0,0,0,0
6017,256,0,0,0,0,0,0,0,0,0
6017,574,0,0,0,0,0,0,0,0,0
6021,148,0,0,0,0,0,0,0,0,0
6021,218,0,0,0,0,0,0,0,0,0
6022,347,0,0,0,0,0,0,0,0,0
6023,352,0,0,0,0,0,0,0,0,0
6024,130,0,0,0,0,0,0,0,0,0
6024,152,0,0,0,0,0,0,0,0,0
6025,489,0,0,0,0,0,0,0,0,0
6027,235,0,0,0,0,0,0,0,0,0
6027,482,0,0,0,0,0,0,0,0,0
6028,231,0,0,0,0,0,0,0,0,0
6028,629,0,0,0,0,0,0,0,0,0
6029,126,0,0,0,0,0,0,0,0,0
6029,626,0,0,0,0,0,0,0,0,0
6030,343,0,0,0,0,0,0,0,0,0
6033,632,0,0,0,0,0,0,0,0,0
6036,138,0,0,0,0,0,0,0,0,0
6037,147,0,0,0,0,0,0,0,0,0
6037,348,0,0,0,0,0,0,0,0,0
6040,317,0,0,0,0,0,0,0,0,0
6040,776,0,0,0,0,0,0,0,0,0
6042,236,0,0,0,0,0,0,0,0,0
6042,281,0,0,0,0,0,0,0,0,0
6043,259,0,0,0,0,0,0,0,0,0
6043,923,0,0,0,0,0,0,0,0,0
6044,120,0,0,0,0,0,0,0,0,0
6044,626,0,0,0,0,0,0,0,0,0
6045,124,0,0,0,0,0,0,0,0,0
6045,330,0,0,0,0,0,0,0,0,0
6045,414,0,0,0,0,0,0,0,0,0
6046,227,0,0,0,0,0,0,0,0,0
6046,681,0,0,0,0,0,0,0,0,0
6050,378,0,0,0,0,0,0,0,0,0
6050,385,0,0,0,0,0,0,0,0,0
6050,387,0,0,0,0,0,0,0,0,0
6050,909,0,0,0,0,0,0,0,0,0
6051,178,0,0,0,0,0,0,0,0,0
6051,234,0,0,0,0,0,0,0,0,0
6053,773,0,0,0,0,0,0,0,0,0
6057,144,0,0,0,0,0,0,0,0,0
6057,286,0,0,0,0,0,0,0,0,0
6057,416,0,0,0,0,0,0,0,0,0
6061,243,0,0,0,0,0,0,0,0,0
6063,106,0,0,0,0,0,0,0,0,0
6063,498,0,0,0,0,0,0,0,0,0
6064,121,0,0,0,0,0,0,0,0,0
6065,259,0,0,0,0,0,0,0,0,0
6065,345,0,0,0,0,0,0,0,0,0
6065,894,0,0,0,0,0,0,0,0,0
6066,672,0,0,0,0,0,0,0,0,0
6069,456,0,0,0,0,0,0,0,0,0
6070,616,0,0,0,0,0,0,0,0,0
6072,208,0,0,0,0,0,0,0,0,0
6072,589,0,0,0,0,0,0,0,0,0
6078,627,0,0,0,0,0,0,0,0,0
6079,304,0,0,0,0,0,0,0,0,0
6079,982,0,0,0,0,0,0,0,0,0
6082,434,0,0,0,0,0,0,0,0,0
6082,871,0,0,0,0,0,0,0,0,0
6083,442,0,0,0,0,0,0,0,0,0
6083,559,0,0,0,0,0,0,0,0,0
6084,232,0,0,0,0,0,0,0,0,0
6084,463,0,0,0,0,0,0,0,0,0
6084,553,0,0,0,0,0,0,0,0,0
6085,435,0,0,0,0,0,0,0,0,0
6090,621,0,0,0,0,0,0,0,0,0
6091,174,0,0,0,0,0,0,0,0,0
6093,547,0,0,0,0,0,0,0,0,0
6095,144,0,0,0,0,0,0,0,0,0
6095,514,0,0,0,0,0,0,0,0,0
6096,392,0,0,0,0,0,0,0,0,0
6096,436,0,0,0,0,0,0,0,0,0
6096,689,0,0,0,0,0,0,0,0,0
6097,288,0,0,0,0,0,0,0,0,0
6100,145,0,0,0,0,0,0,0,0,0
6101,487,0,0,0,0,0,0,0,0,0
6102,694,0,0,0,0,0,0,0,0,0
6103,217,0,0,0,0,0,0,0,0,0
6104,412,0,0,0,0,0,0,0,0,0
6105,218,0,0,1,0,0,0,0,0,0
6105,411,0,0,0,0,0,0,0,0,0
6107,858,0,0,0,0,0,0,0,0,0
6109,919,0,0,0,0,0,0,0,0,0
6110,689,0,0,0,0,0,0,0,0,0
6110,716,0,0,0,0,0,0,0,0,0
6112,153,0,0,0,0,0,0,0,0,0
6112,768,0,0,0,0,0,0,0,0,0
6113,968,0,0,0,0,0,0,0,0,0
6114,107,0,0,0,0,0,0,0,0,0
6114,159,0,0,0,0,0,0,0,0,0
6114,161,0,0,0,0,0,0,0,0,0
6114,564,0,0,0,0,0,0,0,0,0
6115,143,0,0,1,0,0,0,0,0,0
6115,213,0,0,0,0,0,0,0,0,0
6116,372,0,0,0,0,0,0,0,0,0
6116,499,0,0,0,0,0,0,0,0,0
6119,120,0,0,0,0,0,0,0,0,0
6119,166,0,0,0,0,0,0,0,0,0
6120,149,0,0,0,0,0,0,0,0,0
6121,102,0,0,0,0,0,0,0,0,0
6122,637,0,0,0,0,0,0,0,0,0
6122,654,0,0,0,0,0,0,0,0,0
6123,459,0,0,0,1,0,0,0,0,0
6123,525,0,0,0,0,0,0,0,0,0
6123,814,0,0,0,0,0,0,0,0,0
6123,969,0,0,0,0,0,0,0,0,0
6124,182,0,0,0,0,0,0,0,0,0
6125,120,0,0,0,0,0,0,0,0,0
6125,447,0,0,0,0,0,0,0,0,0
6127,151,0,0,0,0,0,0,0,0,0
6127,348,0,0,0,0,0,0,0,0,0
6128,751,0,0,0,0,0,0,0,0,0
6130,227,0,0,0,0,0,0,0,0,0
6130,384,0,0,0,0,0,0,0,0,0
6132,130,0,0,0,0,0,0,0,0,0
6132,583,0,0,0,0,0,0,0,0,0
6132,748,0,0,0,0,0,0,0,0,0
6133,132,0,0,0,0,0,0,0,0,0
6133,399,0,0,0,0,0,0,0,0,0
6134,310,0,0,0,0,0,0,0,0,0
6135,164,0,0,0,0,0,0,0,0,0
6137,406,0,0,0,0,0,0,0,0,0
6139,126,0,0,0,0,0,0,0,0,0
6139,234,0,0,0,0,0,0,0,0,0
6139,720,0,0,0,0,0,0,0,0,0
6141,124,0,0,0,0,0,0,0,0,0
6143,132,0,0,0,0,0,0,0,0,0
6148,678,0,0,0,0,0,0,0,0,0
6150,341,0,0,0,0,0,0,0,0,0
6150,689,0,0,0,0,0,0,0,0,0
6151,760,0,0,0,0,0,0,0,0,0
6153,335,0,0,0,0,0,0,0,0,0
6153,862,1,0,0,0,0,0,0,0,0
6154,263,0,0,0,0,0,0,0,0,0
6154,481,0,0,0,0,0,0,0,0,0
6154,774,0,0,0,0,0,0,0,0,0
6156,195,0,0,0,0,0,0,0,0,0
6157,715,0,0,0,0,0,0,0,0,0
6158,319,0,0,0,0,0,0,0,0,0
6160,120,0,0,0,0,0,0,0,0,0
6160,212,0,0,0,0,0,0,0,0,0
6163,122,0,0,0,0,0,0,0,0,0
6164,533,0,0,0,0,0,0,0,0,0
6165,117,0,0,0,0,0,0,0,0,0
6165,561,0,0,0,0,0,0,0,0,0
6167,172,0,0,0,0,0,0,0,0,0
6167,488,0,0,0,0,0,0,0,0,0
6167,830,0,0,0,0,0,0,0,0,0
6168,821,0,0,0,0,0,0,0,0,0
6170,285,0,0,0,0,0,0,0,0,0
6170,783,0,0,0,0,0,0,0,0,0
6175,483,0,0,0,0,0,0,0,0,0
6176,104,0,0,0,0,0,0,0,0,0
6176,315,0,0,0,0,0,0,0,0,0
6176,367,0,0,0,0,0,0,0,0,0
6177,855,0,0,0,0,0,0,0,0,0
6180,609,0,0,0,0,0,0,0,0,0
6183,124,0,0,0,0,0,0,0,0,0
6183,229,0,0,0,0,0,0,0,0,0
6183,245,0,0,0,0,0,0,0,0,0
6183,260,0,0,0,0,0,0,0,0,0
6185,243,0,0,0,0,0,0,0,0,0
6185,525,0,0,0,0,0,0,0,0,0
6186,319,0,0,0,0,0,0,0,0,0
6188,123,0,0,0,0,0,0,0,0,0
6190,393,0,0,0,0,0,0,0,0,0
6191,262,0,0,0,0,0,0,0,0,0
6191,307,0,0,0,0,0,0,0,0,0
6197,126,0,0,0,0,0,0,0,0,0
6197,127,0,0,0,0,0,0,0,0,0
6198,113,0,0,0,0,0,0,0,0,0
6198,175,0,0,0,0,0,0,0,0,0
6200,233,0,0,0,0,0,0,0,0,0
6203,116,0,0,0,0,0,0,0,0,0
6203,629,0,0,0,0,0,0,0,0,0
6204,147,0,0,0,0,0,0,0,0,0
6204,471,0,0,0,0,0,0,0,0,0
6205,176,0,0,0,0,0,0,0,0,0
6206,105,0,0,0,0,0,0,0,0,0
6206,936,0,0,0,0,0,0,0,0,0
6210,114,0,0,0,0,0,0,0,0,0
6210,131,0,0,0,0,0,0,0,0,0
6210,220,0,0,0,0,0,0,0,0,0
6211,101,0,0,0,0,0,0,0,0,0
6211,144,0,0,0,0,0,0,0,0,0
6216,156,0,0,0,0,0,0,0,0,0
6216,788,0,0,0,0,0,0,0,0,0
6217,156,0,0,0,0,0,0,0,0,0
6217,315,0,0,0,0,0,0,0,0,0
6219,390,0,0,0,0,0,0,0,0,0
6221,566,0,0,0,0,0,0,0,0,0
6222,295,0,0,0,0,0,0,0,0,0
6225,235,0,0,0,0,0,0,0,0,0
6225,450,0,0,0,0,0,0,0,0,0
6226,270,0,0,0,0,0,0,0,0,0
6226,672,0,0,0,0,0,0,0,0,0
6227,116,0,0,0,0,0,0,0,0,0
6227,130,0,0,0,0,0,0,0,0,0
6228,145,0,0,0,0,0,0,0,0,0
6229,105,0,0,0,0,0,0,0,0,0
6229,316,0,0,0,0,0,0,0,0,0
6230,149,0,0,0,0,0,0,0,0,0
6230,170,0,0,0,0,0,0,0,0,0
6233,355,0,0,0,0,0,0,0,0,0
6234,561,0,0,0,0,0,0,0,0,0
6235,224,0,0,0,0,0,0,0,0,0
6235,288,0,0,0,0,0,0,0,0,0
6237,112,0,0,0,0,0,0,0,0,0
6237,175,0,0,0,0,0,0,0,0,0
6238,111,0,0,0,0,0,0,0,0,0
6238,423,0,0,0,0,0,0,0,0,0
6240,193,0,0,0,0,0,0,0,0,0
6243,604,0,0,0,0,0,0,0,0,0
6244,350,0,0,0,0,0,0,0,0,0
6247,577,0,0,0,0,0,0,0,0,0
6247,932,0,0,0,0,0,0,0,0,0
6248,154,0,0,0,0,0,0,0,0,0
6249,118,0,0,0,0,0,0,0,0,0
6250,364,0,0,0,0,0,0,0,0,0
6253,315,0,0,0,0,0,0,0,0,0
6253,527,0,0,0,0,0,0,0,0,0
6255,188,0,0,0,0,0,0,0,0,0
6256,520,0,0,0,0,0,0,0,0,0
6257,120,0,0,0,0,0,0,0,0,0
6257,173,0,0,0,0,0,0,0,0,0
6258,201,0,0,0,0,0,0,0,0,0
6258,880,0,0,0,0,0,0,0,0,0
6260,213,0,0,0,0,0,0,0,0,0
6260,236,0,0,0,0,0,0,0,0,0
6260,277,0,0,0,0,0,0,0,0,0
6260,450,0,0,0,0,0,0,0,0,0
6261,450,0,0,0,0,0,0,0,0,0
6262,454,0,0,0,0,0,0,0,0,0
6263,470,0,0,0,0,0,0,0,0,0
6265,817,0,0,0,0,0,0,0,0,0
6266,107,0,0,0,0,0,0,0,0,0
6266,530,0,0,0,0,0,0,0,0,0
6267,247,0,0,0,0,0,0,0,0,0
6269,131,0,0,0,0,0,0,0,0,0
6269,565,0,0,0,0,0,0,0,0,0
6270,302,0,0,0,0,0,0,0,0,0
6270,909,0,0,0,0,0,0,0,0,0
6273,161,0,0,0,0,0,0,0,0,0
6274,561,0,0,0,0,0,0,0,0,0
6276,134,0,0,0,0,0,0,0,0,0
6279,104,0,0,0,0,0,0,0,0,0
6279,106,0,0,0,0,0,0,0,0,0
6282,548,0,0,0,0,0,0,0,0,0
6283,962,0,0,0,0,0,0,0,0,0
6284,567,0,0,0,0,0,0,0,0,0
6287,125,0,0,0,0,0,0,0,0,0
6288,450,0,0,0,0,0,0,0,0,0
6288,764,0,0,0,0,0,0,0,0,0
6290,268,0,0,0,0,0,0,0,0,0
6293,244,0,0,0,0,0,0,0,0,0
6297,446,0,0,0,0,0,0,0,0,0
6298,161,0,0,0,0,0,0,0,0,0
6299,780,0,0,0,0,0,0,0,0,0
6300,117,0,0,0,0,0,0,0,0,0
6300,212,0,0,0,0,0,0,0,0,0
6300,343,0,0,0,0,0,0,0,0,0
6301,685,0,0,0,0,0,0,0,0,0
6303,616,0,0,0,0,0,0,0,0,0
6305,636,0,0,0,0,0,0,0,0,0
6306,132,0,0,0,0,0,0,0,0,0
6308,174,0,0,0,0,0,0,0,0,0
6308,188,0,0,0,0,0,0,0,0,0
6309,295,0,0,0,0,0,0,0,0,0
6309,306,0,0,0,0,0,0,0,0,0
6312,123,0,0,0,0,0,0,0,0,0
6312,943,0,0,1,0,0,0,0,0,0
6314,114,0,0,0,0,0,0,0,0,0
6318,110,0,0,0,0,0,0,0,0,0
6319,113,0,0,0,0,0,0,0,0,0
6319,172,0,0,0,0,0,0,0,0,0
6320,414,0,0,0,0,0,0,0,0,0
6320,489,0,0,0,0,0,0,0,0,0
6320,602,0,0,0,0,0,0,0,0,0
6321,543,0,0,0,0,0,0,0,0,0
6321,558,0,0,0,0,0,0,0,0,0
6322,127,0,0,0,0,0,0,0,0,0
6322,141,0,0,0,0,0,0,0,0,0
6322,803,0,0,0,0,0,0,0,0,0
6322,878,0,0,0,0,0,0,0,0,0
6323,974,0,0,0,0,0,0,0,0,0
6324,151,0,0,0,0,0,0,0,0,0
6325,127,0,0,0,0,0,0,0,0,0
6325,499,0,0,0,0,0,0,0,0,0
6325,568,0,0,0,0,0,0,0,0,0
6325,646,0,0,0,0,0,0,0,0,0
6328,323,0,0,0,0,0,0,0,0,0
6329,119,0,0,0,0,0,0,0,0,0
6329,863,0,0,0,0,0,0,0,0,0
6331,102,0,0,0,0,0,0,0,0,0
6331,437,0,0,0,0,0,0,0,0,0
6333,130,0,0,0,0,0,0,0,0,0
6333,447,0,0,0,0,0,0,0,0,0
6335,102,0,0,0,0,0,0,0,0,0
6335,223,0,0,0,0,0,0,0,0,0
6335,810,0,0,0,0,0,0,0,0,0
6336,298,0,0,0,0,0,0,0,0,0
6338,254,0,0,0,0,0,0,0,0,0
6340,119,0,0,0,0,0,0,0,0,0
6341,132,0,0,0,0,0,0,0,0,0
6342,149,0,0,0,0,0,0,0,0,0
6342,353,0,0,0,0,0,0,0,0,0
6344,655,0,0,0,0,0,0,0,0,0
6345,264,0,0,0,0,0,0,0,0,0
6345,378,0,0,0,0,0,0,0,0,0
6345,570,0,0,0,0,0,0,0,0,0
6346,850,0,0,0,0,0,0,0,0,0
6346,971,0,0,0,0,0,0,0,0,0
6350,187,0,0,0,0,0,0,0,0,0
6350,997,0,0,0,0,0,0,0,0,0
6351,335,0,0,0,0,0,0,0,0,0
6352,206,0,0,0,0,0,0,0,0,0
6352,277,0,0,0,0,0,0,0,0,0
6352,735,0,0,0,0,0,0,0,0,0
6354,123,0,0,0,0,0,0,0,0,0
6354,158,0,0,0,0,0,0,0,0,0
6354,949,0,0,0,0,0,0,0,0,0
6356,135,0,0,0,0,0,0,0,0,0
6356,238,0,0,0,0,0,0,0,0,0
6357,501,0,0,0,0,0,0,0,0,0
6358,341,0,0,0,0,0,0,0,0,0
6360,152,0,0,0,0,0,0,0,0,0
6360,274,0,0,0,0,0,0,0,0,0
6360,611,0,0,0,0,0,0,0,0,0
6360,965,0,1,0,0,0,0,0,0,0
6361,164,0,0,0,0,0,0,0,0,0
6362,205,0,0,0,0,0,0,0,0,0
6362,324,0,0,0,0,0,0,0,0,0
6364,114,0,0,0,0,0,0,0,0,0
6364,564,0,0,1,0,0,0,0,0,0
6366,556,0,0,0,0,0,0,0,0,0
6367,475,0,0,0,0,0,0,0,0,0
6370,489,0,0,0,0,0,0,0,0,0
6370,726,0,0,0,0,0,0,0,0,0
6371,565,0,0,0,0,0,0,0,0,0
6372,306,0,0,0,0,0,0,0,0,0
6372,869,0,0,0,0,0,0,0,0,0
6373,984,0,0,0,0,0,0,0,0,0
6377,125,0,0,0,0,0,0,0,0,0
6377,263,0,0,0,0,0,0,0,0,0
6377,285,0,0,0,0,0,0,0,0,0
6380,295,0,0,0,0,0,0,0,0,0
6380,665,0,0,0,0,0,0,0,0,0
6382,301,0,0,0,0,0,0,0,0,0
6382,317,0,0,0,0,0,0,0,0,0
6383,113,0,0,0,0,0,0,0,0,0
6383,693,0,0,0,0,0,0,0,0,0
6383,817,0,0,0,0,0,0,0,0,0
6388,198,0,0,0,0,0,0,0,0,0
6390,585,0,0,0,0,0,0,0,0,0
6393,582,0,0,0,0,0,0,0,0,0
6394,188,0,0,0,0,0,0,0,0,0
6394,276,0,0,0,0,0,0,0,0,0
6396,252,0,0,0,0,0,0,0,0,0
6397,232,0,0,0,0,0,0,0,0,0
6399,183,0,0,0,0,0,0,0,0,0
6401,843,0,0,0,0,0,0,0,0,0
6401,856,0,0,0,0,0,0,0,0,0
6403,106,0,0,0,0,0,0,0,0,0
6403,221,0,0,0,0,0,0,0,0,0
6404,112,0,0,0,0,0,0,0,0,0
6407,165,0,0,0,0,0,0,0,0,0
6410,323,0,0,0,0,0,0,0,0,0
6414,214,0,0,0,0,0,0,0,0,0
6416,941,0,0,0,0,0,0,0,0,0
6418,114,0,0,0,0,0,0,0,0,0
6421,214,0,1,0,0,0,0,0,0,0
6423,341,0,0,0,0,0,0,0,0,0
6423,805,0,0,0,0,0,0,0,0,0
6424,168,0,0,0,0,0,0,0,0,0
6424,306,0,0,0,0,0,0,0,0,0
6425,264,0,0,0,0,0,0,0,0,0
6426,257,0,0,0,0,0,0,0,0,0
6427,115,0,0,0,0,0,0,0,0,0
6428,117,0,0,0,0,0,0,0,0,0
6428,272,0,0,0,0,0,0,0,0,0
6429,111,0,1,0,0,0,0,0,0,0
6429,493,0,0,0,0,0,0,0,0,0
6430,137,0,0,0,0,0,0,0,0,0
6433,113,0,0,0,0,0,0,0,0,0
6433,320,0,0,0,0,0,0,0,0,0
6434,369,0,0,0,0,0,0,0,0,0
6436,235,0,0,0,0,0,0,0,0,0
6438,104,0,0,0,0,0,0,0,0,0
6438,213,0,0,0,0,0,0,0,0,0
6441,547,0,0,0,0,0,0,0,0,0
6442,151,0,0,0,0,0,0,0,0,0
6443,103,0,0,0,0,0,0,0,0,0
6443,389,0,0,0,0,0,0,0,0,0
6444,378,0,0,0,0,0,0,0,0,0
6446,914,0,0,0,0,0,0,0,0,0
6448,493,0,0,0,0,0,0,0,0,0
6449,169,0,0,0,0,0,0,0,0,0
6449,304,0,0,0,0,0,0,0,0,0
6451,227,0,0,0,0,0,0,0,0,0
6451,276,0,0,0,0,0,0,0,0,0
6451,754,0,0,0,0,0,0,0,0,0
6452,633,0,0,0,0,0,0,0,0,0
6453,121,0,0,0,0,0,0,0,0,0
6453,979,0,0,0,0,0,0,0,0,0
6454,121,0,0,0,0,0,0,0,0,0
6454,370,0,0,0,0,0,0,0,0,0
6455,103,0,0,0,0,0,0,0,0,0
6455,138,0,0,0,0,0,0,0,0,0
6455,222,0,0,0,0,0,0,0,0,0
6455,341,0,0,0,0,0,0,0,0,0
6457,126,0,0,0,0,0,0,0,0,0
6459,246,0,0,0,0,0,0,0,0,0
6462,213,0,0,0,0,0,0,0,0,0
6463,202,0,0,0,0,0,0,0,0,0
6463,226,0,0,0,0,0,0,0,0,0
6465,546,0,0,0,0,0,0,0,0,0
6467,375,0,0,0,0,0,0,0,0,0
6467,839,0,0,0,0,0,0,0,0,0
6468,187,0,0,0,0,0,0,0,0,0
6468,226,0,0,0,0,0,0,0,0,0
6471,775,0,0,0,0,0,0,0,0,0
6472,367,0,0,0,0,0,0,0,0,0
6472,539,0,0,0,0,0,0,0,0,0
6474,135,0,0,0,0,0,0,0,0,0
6476,262,0,0,0,0,0,0,0,0,0
6478,802,0,0,0,0,0,0,0,0,0
6479,104,0,0,0,0,0,0,0,0,0
6481,113,0,0,0,0,0,0,0,0,0
6484,595,0,0,0,0,0,0,0,0,0
6490,129,0,0,0,0,0,0,0,0,0
6491,161,0,0,0,0,0,0,0,0,0
6491,463,0,0,0,0,0,0,0,0,0
6491,914,0,0,0,0,0,0,0,0,0
6492,984,0,0,0,0,0,0,0,0,0
6493,499,0,0,0,0,0,0,0,0,0
6495,273,0,0,0,0,0,0,0,0,0
6496,576,0,0,0,0,0,0,0,0,0
6497,174,0,0,0,0,0,0,0,0,0
6497,370,0,0,0,0,0,0,0,0,0
6498,153,0,0,0,0,0,0,0,0,0
6499,881,0,0,0,0,0,0,0,0,0
6500,141,0,0,0,0,0,0,0,0,0
6504,229,0,0,0,0,0,0,0,0,0
6505,536,0,0,0,0,0,0,0,0,0
6506,118,0,0,0,0,0,0,0,0,0
6508,154,0,0,0,0,0,0,0,0,0
6508,758,0,0,0,0,0,0,0,0,0
6509,329,0,0,0,0,0,0,0,0,0
6511,336,0,0,0,0,0,0,0,0,0
6512,476,0,0,0,0,0,0,0,0,0
6512,559,0,0,0,0,0,0,0,0,0
6514,262,0,0,0,0,0,0,0,0,0
6515,104,0,0,0,0,0,0,0,0,0
6515,958,0,0,0,0,0,0,0,0,0
6516,365,0,0,0,0,0,0,0,0,0
6519,768,0,0,0,0,0,0,0,0,0
6520,221,0,0,0,0,0,0,0,0,0
6520,290,0,0,0,0,0,0,0,0,0
6520,357,0,0,0,0,0,0,0,0,0
6520,469,0,0,0,0,0,0,0,0,0
6522,129,0,0,0,0,0,0,0,0,0
6523,160,0,0,0,0,0,0,0,0,0
6527,336,0,0,0,0,0,0,0,0,0
6528,640,0,0,0,0,0,0,0,0,0
6529,712,0,0,0,0,0,0,0,0,0
6530,133,0,0,0,0,0,0,0,0,0
6530,273,0,0,0,0,0,0,0,0,0
6533,164,0,0,0,0,0,0,0,0,0
6534,854,0,0,0,0,0,0,0,0,0
6537,342,0,0,0,0,0,0,0,0,0
6538,230,0,0,0,0,0,0,0,0,0
6539,416,0,0,1,0,0,0,0,0,0
6542,446,0,0,0,0,0,0,0,0,0
6546,408,0,0,0,0,0,0,0,0,0
6548,286,0,0,0,0,0,0,0,0,0
6549,750,0,0,0,0,0,0,0,0,0
6551,334,0,0,0,0,0,0,0,0,0
6551,687,0,0,0,0,0,0,0,0,0
6552,103,0,0,0,0,0,0,0,0,0
6552,110,0,0,0,0,0,0,0,0,0
6553,384,0,0,0,0,0,0,0,0,0
6553,814,0,0,0,0,0,0,0,0,0
6554,233,0,0,0,0,0,0,0,0,0
6556,114,0,0,0,0,0,0,0,0,0
6556,188,0,0,0,0,0,0,0,0,0
6556,715,0,0,0,0,0,0,0,0,0
6557,186,0,0,0,0,0,0,0,0,0
6559,260,0,0,0,0,0,0,0,0,0
6561,118,0,0,0,0,0,0,0,0,0
6561,134,0,0,0,0,0,0,0,0,0
6562,401,0,0,0,0,0,0,0,0,0
6565,354,0,0,0,0,0,0,0,0,0
6567,386,0,0,0,0,0,0,0,0,0
6567,529,0,0,0,0,0,0,0,0,0
6567,560,0,0,0,0,0,0,0,0,0
6567,750,0,0,0,0,0,0,0,0,0
6569,807,0,0,0,0,0,0,0,0,0
6569,932,0,0,0,0,0,0,0,0,0
6571,162,0,0,0,0,0,0,0,0,0
6572,192,0,0,0,0,0,0,0,0,0
6572,353,0,0,0,0,0,0,0,0,0
6572,833,0,0,0,0,0,0,0,0,0
6573,181,0,0,0,0,0,0,0,0,0
6576,122,0,0,0,0,0,0,0,0,0
6576,320,0,0,0,0,0,0,0,0,0
6577,232,0,0,0,0,0,0,0,0,0
6578,383,0,0,0,0,0,0,0,0,0
6581,135,0,0,0,0,0,0,0,0,0
6581,255,0,0,0,0,0,0,0,0,0
6583,502,0,0,0,0,0,0,0,0,0
6584,316,0,0,0,0,0,0,0,0,0
6584,404,0,0,0,0,0,0,0,0,0
6584,570,0,0,0,0,0,0,0,0,0
6585,110,0,0,0,0,0,0,0,0,0
6589,273,0,0,0,0,0,0,0,0,0
6590,402,0,0,0,0,0,0,0,0,0
6591,101,0,0,0,0,0,0,0,0,0
6593,120,0,0,0,0,0,0,0,0,0
6593,210,0,0,0,0,0,0,0,0,0
6597,598,0,0,0,0,0,0,0,0,0
6597,883,0,0,0,0,0,0,0,0,0
6599,129,0,0,0,0,0,0,0,0,0
6601,348,0,0,0,0,0,0,0,0,0
6601,385,0,0,0,0,0,0,0,0,0
6602,206,0,0,0,0,0,0,0,0,0
6602,217,0,0,0,0,0,0,0,0,0
6602,309,0,0,0,0,0,0,0,0,0
6603,159,0,0,0,0,0,0,0,0,0
6603,524,0,0,0,0,0,0,0,0,0
6603,561,0,0,0,0,0,0,0,0,0
6603,590,0,0,0,0,0,0,0,0,0
6603,593,0,0,0,0,0,0,0,0,0
6604,122,0,0,0,0,0,0,0,0,0
6604,215,0,0,0,0,0,0,0,0,0
6605,288,0,0,0,0,0,0,0,0,0
6606,276,0,0,0,0,0,0,0,0,0
6607,180,0,0,0,0,0,0,0,0,0
6607,454,0,0,0,0,0,0,0,0,0
6610,236,0,0,0,0,0,0,0,0,0
6610,700,0,0,0,0,0,0,0,0,0
6611,478,0,0,0,0,0,0,0,0,0
6612,505,0,0,0,0,0,0,0,0,0
6614,114,0,0,0,0,0,0,0,0,0
6614,335,0,0,0,0,0,0,0,0,0
6614,390,0,0,0,0,0,0,0,0,0
6614,412,0,0,0,0,0,0,0,0,0
6614,666,0,0,0,0,0,0,0,0,0
6616,334,0,0,0,0,0,0,0,0,0
6616,771,0,0,0,0,0,0,0,0,0
6618,105,0,0,0,0,0,0,0,0,0
6618,135,0,0,0,0,0,0,0,0,0
6618,167,0,0,0,0,0,0,0,0,0
6618,448,0,0,0,0,0,0,0,0,0
6620,190,0,0,0,0,0,0,0,0,0
6620,752,0,0,0,0,0,0,0,0,0
6621,261,0,0,0,0,0,0,0,0,0
6622,108,0,0,0,0,0,0,0,0,0
6622,959,0,0,0,0,0,0,0,0,0
6623,309,0,0,0,0,0,0,0,0,0
6624,130,0,0,0,0,0,0,0,0,0
6625,324,0,0,0,0,0,0,0,0,0
6627,269,0,0,0,0,0,0,0,0,0
6628,300,0,0,0,0,0,0,0,0,0
6628,322,0,0,0,0,0,0,0,0,0
6629,197,0,0,0,0,0,0,0,0,0
6629,599,0,0,0,0,0,0,0,0,0
6630,132,0,0,0,0,0,0,0,0,0
6630,179,0,0,0,0,0,0,0,0,0
6630,278,0,0,0,0,0,0,0,0,0
6631,209,0,0,0,0,0,0,0,0,0
6631,262,0,0,0,0,0,0,0,0,0
6631,273,0,0,0,0,0,0,0,0,0
6632,451,0,0,0,0,0,0,0,0,0
6632,494,0,0,0,0,0,0,0,0,0
6632,590,0,0,0,0,0,0,0,0,0
6633,793,0,0,0,0,0,0,0,0,0
6634,110,0,0,0,0,0,0,0,0,0
6636,227,0,0,0,0,0,0,0,0,0
6637,152,0,0,0,0,0,0,0,0,0
6637,338,0,0,0,0,0,0,0,0,0
6640,971,0,0,0,0,0,0,0,0,0
6642,428,0,0,0,0,0,0,0,0,0
6643,758,0,0,0,0,0,0,0,0,0
6643,778,0,0,0,0,0,0,0,0,0
6645,237,0,0,0,0,0,0,0,0,0
6647,234,0,0,0,0,0,0,0,0,0
6647,268,0,0,0,0,0,0,0,0,0
6647,414,0,0,0,0,0,0,0,0,0
6647,619,0,0,0,0,0,0,0,0,0
6648,338,0,0,0,0,0,0,0,0,0
6648,843,0,0,0,0,0,0,0,0,0
6649,122,0,0,0,0,0,0,0,0,0
6649,674,0,0,0,0,0,0,0,0,0
6651,207,0,0,0,0,0,0,0,0,0
6652,157,0,0,0,0,0,0,0,0,0
6652,523,0,0,0,0,0,0,0,0,0
6653,156,0,0,0,0,0,0,0,0,0
6653,514,0,0,0,0,0,0,0,0,0
6653,869,0,0,0,0,0,0,0,0,0
6656,314,0,0,0,0,0,0,0,0,0
6658,221,0,0,0,0,0,0,0,0,0
6658,878,0,0,0,0,0,0,0,0,0
6659,190,0,0,0,0,0,0,0,0,0
6659,664,0,0,0,0,0,0,0,0,0
6660,127,0,0,0,0,0,0,0,0,0
6660,421,0,0,0,0,0,0,0,0,0
6661,174,0,0,0,0,0,0,0,0,0
6661,216,0,0,0,0,0,0,0,0,0
6661,786,0,0,0,0,0,0,0,0,0
6662,323,0,0,0,0,0,0,0,0,0
6662,661,0,0,0,0,0,0,0,0,0
6663,510,0,0,0,0,0,0,0,0,0
6664,261,0,0,0,0,0,0,0,0,0
6664,684,0,0,0,0,0,0,0,0,0
6665,202,0,0,0,0,0,0,0,0,0
6665,382,0,0,0,0,0,0,0,0,0
6667,877,0,0,0,0,0,0,0,0,0
6672,202,0,0,0,0,0,0,0,0,0
6672,746,0,0,0,0,0,0,0,0,0
6673,136,0,0,0,0,0,0,0,0,0
6673,412,0,0,0,0,0,0,0,0,0
6673,862,0,0,0,0,0,0,0,0,0
6674,164,0,0,0,0,0,0,0,0,0
6674,266,0,0,0,0,0,0,0,0,0
6676,339,0,0,0,0,0,0,0,0,0
6676,369,0,0,0,0,0,0,0,0,0
6679,678,0,0,0,0,0,0,0,0,0
6679,975,0,0,0,0,0,0,0,0,0
6682,107,0,0,0,0,0,0,0,0,0
6683,141,0,0,0,0,0,0,0,0,0
6683,213,0,0,0,0,0,0,0,0,0
6683,484,0,0,0,0,0,0,0,0,0
6684,101,0,0,0,0,0,0,0,0,0
6684,851,0,0,0,0,0,0,0,0,0
6685,720,0,0,0,0,0,0,0,0,0
6685,858,0,0,0,0,0,0,0,0,0
6686,380,0,0,0,0,0,0,0,0,0
6686,509,0,0,0,0,0,0,0,0,0
6688,458,0,0,0,0,0,0,0,0,0
6691,105,0,0,0,0,0,0,0,0,0
6691,172,0,0,0,0,0,0,0,0,0
6691,429,0,0,0,0,0,0,0,0,0
6691,643,0,0,0,0,0,0,0,0,0
6692,832,0,0,0,0,0,0,0,0,0
6694,152,0,0,0,0,0,0,0,0,0
6695,342,0,0,1,0,0,0,0,0,0
6696,189,0,0,0,0,0,0,0,0,0
6698,330,0,0,0,0,0,0,0,0,0
6698,573,0,0,0,0,0,0,0,0,0
6701,314,0,0,0,0,0,0,0,0,0
6702,160,0,0,0,0,0,0,0,0,0
6702,876,0,0,0,0,0,0,0,0,0
6703,231,0,0,0,0,0,0,0,0,0
6703,460,0,0,0,0,0,0,0,0,0
6704,739,0,0,0,0,0,0,0,0,0
6706,110,0,0,0,0,0,0,0,0,0
6706,129,0,0,0,0,0,0,0,0,0
6706,640,0,0,0,0,0,0,0,0,0
6707,103,0,0,0,0,0,0,0,0,0
6707,702,0,0,0,0,0,0,0,0,0
6708,116,0,0,0,0,0,0,0,0,0
6708,281,0,0,0,0,0,0,0,0,0
6709,279,0,0,0,0,0,0,0,0,0
6709,632,0,0,0,0,0,0,0,0,0
6711,262,0,0,0,0,0,0,0,0,0
6711,682,0,0,0,0,0,0,0,0,0
6712,147,0,0,0,0,0,0,0,0,0
6715,162,0,0,0,0,0,0,0,0,0
6717,115,0,0,0,0,0,0,0,0,0
6717,843,0,0,0,0,0,0,0,0,0
6718,101,0,0,0,0,0,0,0,0,0
6718,720,0,0,0,0,0,0,0,0,0
6718,777,0,0,0,0,0,0,0,0,0
6719,444,0,0,0,0,0,0,0,0,0
6722,282,0,0,0,0,0,0,0,0,0
6722,405,0,0,0,0,0,0,0,0,0
6723,370,0,0,0,0,0,0,0,0,0
6723,545,0,0,0,0,0,0,0,0,0
6725,856,0,0,0,0,0,0,0,0,0
6726,109,0,0,0,0,0,0,0,0,0
6726,151,0,0,0,0,0,0,0,0,0
6727,120,0,0,0,0,0,0,0,0,0
6727,338,0,0,0,0,0,0,0,0,0
6727,584,0,0,0,0,0,0,0,0,0
6728,108,0,0,0,0,0,0,0,0,0
6728,225,0,0,0,0,0,0,0,0,0
6729,130,0,0,0,0,0,0,0,0,0
6729,203,0,0,0,0,0,0,0,0,0
6730,175,0,0,0,0,0,0,0,0,0
6730,178,0,0,0,0,0,0,0,0,0
6730,241,0,0,0,0,0,0,0,0,0
6732,104,0,0,0,0,0,0,0,0,0
6732,176,0,0,0,0,0,0,0,0,0
6733,488,0,0,0,0,0,0,0,0,0
6733,515,0,0,0,0,0,0,0,0,0
6735,201,0,0,0,0,0,0,0,0,0
6736,107,0,0,0,0,0,0,0,0,0
6737,143,0,0,0,0,0,0,0,0,0
6737,206,0,0,0,0,0,0,0,0,0
6737,909,0,0,0,0,0,0,0,0,0
6739,260,0,0,0,0,0,0,0,0,0
6740,246,0,0,0,0,0,0,0,0,0
6740,264,0,0,0,0,0,0,0,0,0
6741,342,0,0,0,0,0,0,0,0,0
6745,642,0,0,0,0,0,0,0,0,0
6747,336,0,0,0,0,0,0,0,0,0
6751,215,0,0,0,0,0,0,0,0,0
6752,571,0,0,0,0,0,0,0,0,0
6753,147,0,0,0,0,0,0,0,0,0
6753,506,0,0,0,0,0,0,0,0,0
6757,120,0,0,0,0,0,0,0,0,0
6757,122,0,0,0,0,0,0,0,0,0
6758,270,0,0,0,0,0,0,0,0,0
6762,188,0,0,0,0,0,0,0,0,0
6764,185,0,0,0,0,0,0,0,0,0
6765,655,0,0,0,0,0,0,0,0,0
6765,732,0,0,0,0,0,0,0,0,0
6767,409,0,0,0,0,0,0,0,0,0
6771,140,0,0,0,0,0,0,0,0,0
6772,150,0,0,0,0,0,0,0,0,0
6773,125,0,0,0,0,0,0,0,0,0
6776,265,0,0,0,0,0,0,0,0,0
6778,130,0,0,0,0,0,0,0,0,0
6779,316,0,0,0,0,0,0,0,0,0
6779,441,0,0,0,0,0,0,0,0,0
6780,857,0,0,0,0,0,0,0,0,0
6782,387,0,0,0,0,0,0,0,0,0
6784,116,0,0,0,0,0,0,0,0,0
6784,209,0,0,0,0,0,0,0,0,0
6784,797,0,0,0,0,0,0,0,0,0
6784,802,0,0,0,0,0,0,0,0,0
6786,525,0,0,0,0,0,0,0,0,0
6787,168,0,0,0,0,0,0,0,0,0
6790,389,0,0,0,0,0,0,0,0,0
6791,146,0,0,0,0,0,0,0,0,0
6791,656,0,0,0,0,0,0,0,0,0
6793,283,0,0,0,0,0,0,0,0,0
6795,145,0,0,0,0,0,0,0,0,0
6796,119,0,0,1,0,0,0,0,0,0
6796,331,0,0,1,0,0,0,0,0,0
6796,700,0,0,0,0,0,0,0,0,0
6798,130,0,0,0,0,0,0,0,0,0
6798,194,0,0,0,0,0,0,0,0,0
6798,247,0,0,0,0,0,0,0,0,0
6801,113,0,0,0,0,0,0,0,0,0
6801,182,0,0,0,0,0,0,0,0,0
6801,236,0,0,0,0,0,0,0,0,0
6802,155,0,0,0,0,0,0,0,0,0
6802,283,0,0,0,0,0,0,0,0,0
6804,153,0,0,0,0,0,0,0,0,0
6804,504,0,0,0,0,0,0,0,0,0
6805,321,0,0,0,0,0,0,0,0,0
6807,107,0,0,0,0,0,0,0,0,0
6808,342,0,0,0,0,0,0,0,0,0
6809,448,0,0,0,0,0,0,0,0,0
6812,661,0,0,0,0,0,0,0,0,0
6813,805,0,0,0,0,0,0,0,0,0
6815,351,0,0,0,0,0,0,0,0,0
6817,123,0,0,0,0,0,0,0,0,0
6817,813,0,0,0,0,0,0,0,0,0
6817,887,0,0,0,0,0,0,0,0,0
6818,398,0,0,0,0,0,0,0,0,0
6818,812,0,0,0,0,0,0,0,0,0
6823,109,0,0,0,0,0,0,0,0,0
6824,437,0,0,0,0,0,0,0,0,0
6825,164,0,0,0,0,0,0,0,0,0
6825,711,0,0,0,0,0,0,0,0,0
6826,300,0,0,0,0,0,0,0,0,0
6826,350,0,0,0,0,0,0,0,0,0
6826,676,0,0,0,0,0,0,0,0,0
6829,241,0,0,0,0,0,0,0,0,0
6831,173,0,0,0,0,0,0,0,0,0
6834,123,0,0,0,0,0,0,0,0,0
6834,155,0,0,0,0,0,0,0,0,0
6835,162,0,0,0,0,0,0,0,0,0
6835,258,0,0,0,0,0,0,0,0,0
6835,619,0,0,0,0,0,0,0,0,0
6835,782,0,0,0,0,0,0,0,0,0
6837,120,0,0,0,0,0,0,0,0,0
6837,868,0,0,0,0,0,0,0,0,0
6838,147,0,0,0,0,0,0,0,0,0
6840,799,0,0,0,0,0,0,0,0,0
6842,230,0,0,0,1,0,0,0,0,0
6842,239,0,0,0,0,0,0,0,0,0
6842,268,0,0,0,0,0,0,0,0,0
6842,317,0,0,0,0,0,0,0,0,0
6843,274,0,0,0,0,0,0,0,0,0
6844,107,0,0,0,0,0,0,0,0,0
6845,146,0,0,0,0,0,0,0,0,0
6846,488,0,0,0,0,0,0,0,0,0
6848,111,0,0,0,0,0,0,0,0,0
6848,420,0,0,0,0,0,0,0,0,0
6848,799,0,0,0,0,0,0,0,0,0
6849,114,0,0,0,0,0,0,0,0,0
6849,143,0,0,0,0,0,0,0,0,0
6849,177,0,0,0,0,0,0,0,0,0
6849,232,0,0,0,0,0,0,0,0,0
6850,237,0,0,0,0,0,0,0,0,0
6850,982,0,0,0,0,0,0,0,0,0
6853,393,0,0,0,0,0,0,0,0,0
6854,414,0,0,0,0,0,0,0,0,0
6856,657,0,0,0,0,0,0,0,0,0
6859,361,0,0,0,0,0,0,0,0,0
6861,138,0,0,0,0,0,0,0,0,0
6864,592,0,0,0,0,0,0,0,0,0
6865,176,0,0,0,0,0,0,0,0,0
6865,357,0,0,0,0,0,0,0,0,0
6865,392,0,0,0,0,0,0,0,0,0
6866,212,0,1,0,0,0,0,0,0,0
6868,105,0,0,0,0,0,0,0,0,0
6868,371,0,0,0,0,0,0,0,0,0
6870,586,0,0,0,0,0,0,0,0,0
6871,163,0,0,0,0,0,0,0,0,0
6871,502,0,0,0,0,0,0,0,0,0
6872,591,0,0,0,0,0,0,0,0,0
6875,151,0,0,0,0,0,0,0,0,0
6875,159,0,0,0,0,0,0,0,0,0
6875,722,0,0,0,0,0,0,0,0,0
6876,192,0,0,0,0,0,0,0,0,0
6876,491,0,0,0,0,0,0,0,0,0
6878,108,0,0,0,0,0,0,0,0,0
6880,186,0,0,0,0,0,0,0,0,0
6880,358,0,0,0,0,0,0,0,0,0
6881,479,0,0,0,0,0,0,0,0,0
6883,102,0,0,0,0,0,0,0,0,0
6883,306,0,0,0,0,0,0,0,0,0
6883,313,0,0,0,0,0,0,0,0,0
6883,803,0,0,0,0,0,0,0,0,0
6885,279,0,0,0,0,0,0,0,0,0
6887,596,0,0,0,0,0,0,0,0,0
6889,332,0,0,0,0,0,0,0,0,0
6889,333,0,0,0,0,0,0,0,0,0
6891,530,0,0,0,0,0,0,0,0,0
6892,225,0,0,0,0,0,0,0,0,0
6892,228,0,0,0,0,0,0,0,0,0
6892,390,0,0,0,0,0,0,0,0,0
6893,141,0,0,0,0,0,0,0,0,0
6893,429,0,0,0,0,0,0,0,0,0
6894,510,0,0,0,0,0,0,0,0,0
6895,149,0,0,0,0,0,0,0,0,0
6895,473,0,0,0,0,0,0,0,0,0
6900,713,0,0,0,0,0,0,0,0,0
6904,178,0,0,0,0,0,0,0,0,0
6904,219,0,0,0,0,0,0,0,0,0
6906,799,0,0,0,0,0,0,0,0,0
6907,140,0,0,0,0,0,0,0,0,0
6907,595,0,0,0,0,0,0,0,0,0
6908,583,0,0,0,0,0,0,0,0,0
6909,233,0,0,0,0,0,0,0,0,0
6910,391,0,0,0,0,0,0,0,0,0
6910,447,0,0,0,0,0,0,0,0,0
6913,139,0,0,0,0,0,0,0,0,0
6915,609,0,0,0,0,0,0,0,0,0
6917,135,0,0,0,0,0,0,0,0,0
6917,176,0,0,0,0,0,0,0,0,0
6919,151,0,0,0,0,0,0,0,0,0
6919,617,0,0,0,0,0,0,0,0,0
6921,870,0,0,0,0,0,0,0,0,0
6922,853,0,0,0,0,0,0,0,0,0
6922,949,0,0,0,0,0,0,0,0,0
6923,276,0,0,0,0,0,0,0,0,0
6924,464,0,0,0,0,0,0,0,0,0
6926,169,0,0,0,0,0,0,0,0,0
6926,339,0,0,0,0,0,0,0,0,0
6929,275,0,0,0,0,0,0,0,0,0
6931,699,0,0,0,0,0,0,0,0,0
6932,210,0,0,0,0,0,0,0,0,0
6933,105,0,0,0,0,0,0,0,0,0
6933,373,0,0,0,0,0,0,0,0,0
6933,858,0,0,0,0,0,0,0,0,0
6934,942,0,0,0,0,0,0,0,0,0
6935,604,0,0,0,0,0,0,0,0,0
6936,290,0,0,0,0,0,0,0,0,0
6938,173,0,0,0,0,0,0,0,0,0
6938,388,0,0,0,0,0,0,0,0,0
6939,429,0,0,0,0,0,0,0,0,0
6939,963,0,0,0,0,0,0,0,0,0
6940,255,0,0,0,0,0,0,0,0,0
6940,342,0,0,0,0,0,0,0,0,0
6941,129,0,0,0,0,0,0,0,0,0
6943,795,0,0,0,0,0,0,0,0,0
6944,137,0,0,0,0,0,0,0,0,0
6944,443,0,0,0,0,0,0,0,0,0
6946,196,0,0,0,0,0,0,0,0,0
6946,246,0,0,0,0,0,0,0,0,0
6946,783,0,0,0,0,0,0,0,0,0
6947,145,0,0,0,0,0,0,0,0,0
6947,226,0,0,0,0,0,0,0,0,0
6950,392,0,0,0,0,0,0,0,0,0
6950,642,0,0,0,0,0,0,0,0,0
6952,270,0,0,0,0,0,0,0,0,0
6953,118,0,0,0,0,0,0,0,0,0
6953,193,0,0,0,0,0,0,0,0,0
6953,206,0,0,0,0,0,0,0,0,0
6953,485,0,0,0,0,0,0,0,0,0
6954,209,0,0,0,0,0,0,0,0,0
6954,499,0,0,0,0,0,0,0,0,0
6956,813,0,0,0,0,0,0,0,0,0
6957,436,0,0,0,0,0,0,0,0,0
6958,108,0,0,0,0,0,0,0,0,0
6958,366,0,0,0,0,0,0,0,0,0
6959,553,0,0,0,0,0,0,0,0,0
6960,614,0,0,0,0,0,0,0,0,0
6961,636,0,0,0,0,0,0,0,0,0
6962,102,0,0,0,0,0,0,0,0,0
6963,115,0,0,0,0,0,0,0,0,0
6963,179,0,0,0,0,0,0,0,0,0
6963,679,0,0,0,0,0,0,0,0,0
6963,851,0,0,0,0,0,0,0,0,0
6964,548,0,0,0,0,0,0,0,0,0
6964,561,0,0,0,0,0,0,0,0,0
6965,116,0,0,0,0,0,0,0,0,0
6965,625,0,0,0,0,0,0,0,0,0
6966,547,0,0,0,0,0,0,0,0,0
6968,258,1,0,0,0,0,0,0,0,0
6969,142,0,0,0,0,0,0,0,0,0
6969,276,0,0,0,0,0,0,0,0,0
6969,417,0,0,0,0,0,0,0,0,0
6970,575,0,0,0,0,0,0,0,0,0
6973,856,0,0,0,0,0,0,0,0,0
6974,402,0,0,0,0,0,0,0,0,0
6980,367,0,0,0,0,0,0,0,0,0
6981,139,0,1,0,0,0,0,0,0,0
6982,131,0,0,0,0,0,0,0,0,0
6983,178,0,0,0,0,0,0,0,0,0
6983,833,0,0,0,0,0,0,0,0,0
6986,735,0,0,0,0,0,0,0,0,0
6987,130,0,0,0,0,0,0,0,0,0
6987,140,0,0,0,0,0,0,0,0,0
6987,261,0,0,0,0,0,0,0,0,0
6988,805,0,0,0,0,0,0,0,0,0
6990,761,0,0,0,0,0,0,0,0,0
6991,155,0,0,0,0,0,0,0,0,0
6991,511,0,0,0,0,0,0,0,0,0
6993,299,0,0,0,0,0,0,0,0,0
6993,322,0,0,0,0,0,0,0,0,0
7000,342,0,0,0,0,0,0,0,0,0
7000,963,0,0,0,0,0,0,0,0,0
7001,188,0,0,0,0,0,0,0,0,0
7001,464,0,0,0,0,0,0,0,0,0
7001,813,0,0,0,0,0,0,0,0,0
7005,173,0,0,0,0,0,0,0,0,0
7006,240,0,0,0,0,0,0,0,0,0
7006,366,0,0,0,0,0,0,0,0,0
7009,135,0,0,0,0,0,0,0,0,0
7010,212,0,0,0,0,0,0,0,0,0
7014,250,0,0,0,0,0,0,0,0,0
7015,127,0,0,0,0,0,0,0,0,0
7017,540,0,0,0,0,0,0,0,0,0
7020,339,0,0,0,0,0,0,0,0,0
7020,789,0,0,0,0,0,0,0,0,0
7020,873,0,0,0,0,0,0,0,0,0
7021,302,0,0,0,0,0,0,0,0,0
7021,689,0,0,0,0,0,0,0,0,0
7022,718,0,0,0,0,0,0,0,0,0
7027,132,0,0,0,0,0,0,0,0,0
7027,848,0,0,0,0,0,0,0,0,0
7028,409,0,0,0,0,0,0,0,0,0
7031,137,0,0,0,0,0,0,0,0,0
7033,166,0,0,0,0,0,0,0,0,0
7033,276,0,0,0,0,0,0,0,0,0
7033,604,0,0,0,0,0,0,0,0,0
7035,201,0,0,0,0,0,0,0,0,0
7035,450,0,0,0,0,0,0,0,0,0
7035,851,0,0,0,0,0,0,0,0,0
7036,323,0,0,0,0,0,0,0,0,0
7037,448,0,0,0,0,0,0,0,0,0
7037,537,0,0,0,0,0,0,0,0,0
7040,110,0,0,0,0,0,0,0,0,0
7040,407,0,0,0,0,0,0,0,0,0
7041,185,0,0,0,0,0,0,0,0,0
7041,187,1,0,0,0,0,0,0,0,0
7041,474,0,0,0,0,0,0,0,0,0
7042,939,0,0,0,0,0,0,0,0,0
7043,344,0,0,0,0,0,0,0,0,0
7043,549,0,0,0,0,0,0,0,0,0
7044,264,0,0,0,0,0,0,0,0,0
7049,276,0,0,0,0,0,0,0,0,0
7051,930,0,0,0,0,0,0,0,0,0
7052,320,0,0,0,0,0,0,0,0,0
7052,371,0,0,0,0,0,0,0,0,0
7056,667,0,0,0,0,0,0,0,0,0
7057,110,0,0,0,0,0,0,0,0,0
7058,597,0,0,0,0,0,0,0,0,0
7062,575,0,0,0,0,0,0,0,0,0
7062,932,0,0,0,0,0,0,0,0,0
7063,103,0,0,0,0,0,0,0,0,0
7064,979,0,0,0,0,0,0,0,0,0
7066,227,0,0,0,0,0,0,0,0,0
7066,339,0,0,0,0,0,0,0,0,0
7067,106,0,0,0,0,0,0,0,0,0
7067,530,0,0,0,0,0,0,0,0,0
7067,598,0,0,0,0,0,0,0,0,0
7069,164,0,0,0,0,0,0,0,0,0
7070,535,0,0,0,0,0,0,0,0,0
7073,119,0,0,0,0,0,0,0,0,0
7073,276,0,0,0,0,0,0,0,0,0
7075,158,0,0,0,0,0,0,0,0,0
7075,247,0,0,0,0,0,0,0,0,0
7075,312,0,0,0,0,0,0,0,0,0
7076,131,0,0,0,0,0,0,0,0,0
7076,173,0,0,0,0,0,0,0,0,0
7076,223,0,0,0,0,0,0,0,0,0
7077,308,0,0,0,0,0,0,0,0,0
7077,312,0,0,0,0,0,0,0,0,0
7078,263,0,0,0,0,0,0,0,0,0
7078,307,0,0,0,0,0,0,0,0,0
7079,668,0,0,0,0,0,0,0,0,0
7080,141,0,0,0,0,0,0,0,0,0
7080,211,0,0,0,0,0,0,0,0,0
7082,414,0,0,0,0,0,0,0,0,0
7084,473,0,0,0,0,0,0,0,0,0
7086,114,0,0,0,0,0,0,0,0,0
7088,367,0,0,0,0,0,0,0,0,0
7091,856,0,0,0,0,0,0,0,0,0
7094,105,0,0,0,0,0,0,0,0,0
7094,758,0,0,0,0,0,0,0,0,0
7095,475,0,0,0,0,0,0,0,0,0
7097,358,0,0,0,0,0,0,0,0,0
7098,357,0,0,0,0,0,0,0,0,0
7099,194,0,0,0,0,0,0,0,0,0
7099,260,0,0,0,0,0,0,0,0,0
7100,148,0,0,0,0,0,0,0,0,0
7100,293,0,0,0,0,0,0,0,0,0
7102,162,0,0,0,0,0,0,0,0,0
7103,114,0,0,0,0,0,0,0,0,0
7103,194,0,0,0,0,0,0,0,0,0
7103,572,0,0,0,0,0,0,0,0,0
7103,978,0,0,0,0,0,0,0,0,0
7104,431,0,0,0,0,0,0,0,0,0
7105,207,0,0,0,0,0,0,0,0,0
7105,724,0,0,0,0,0,0,0,0,0
7105,939,0,0,0,0,0,0,0,0,0
7106,112,0,0,0,0,0,0,0,0,0
7106,133,0,0,0,0,0,0,0,0,0
7106,538,0,0,0,0,0,0,0,0,0
7107,215,0,0,0,0,0,0,0,0,0
7107,659,0,0,0,0,0,0,0,0,0
7109,835,0,0,0,0,0,0,0,0,0
7109,934,0,0,0,0,0,0,0,0,0
7109,949,0,0,0,0,0,0,0,0,0
7110,214,0,0,0,0,0,0,0,0,0
7110,345,0,0,0,0,0,0,0,0,0
7114,339,0,0,0,0,0,0,0,0,0
7114,633,0,0,0,0,0,0,0,0,0
7114,916,0,0,0,0,0,0,0,0,0
7116,399,0,0,0,0,0,0,0,0,0
7117,111,0,0,0,0,0,0,0,0,0
7118,320,0,0,0,0,0,0,0,0,0
7119,459,0,0,0,0,0,0,0,0,0
7120,102,0,0,0,0,0,0,0,0,0
7120,124,0,0,0,0,0,0,0,0,0
7120,204,0,0,0,0,0,0,0,0,0
7120,514,0,0,0,0,0,0,0,0,0
7120,555,0,0,0,0,0,0,0,0,0
7121,224,0,0,0,0,0,0,0,0,0
7124,627,0,0,0,0,0,0,0,0,0
7126,438,0,0,0,0,0,0,0,0,0
7127,103,0,0,0,0,0,0,0,0,0
7128,244,0,0,0,0,0,0,0,0,0
7128,369,0,0,0,0,0,0,0,0,0
7129,151,0,0,0,0,0,0,0,0,0
7129,916,0,0,0,0,0,0,0,0,0
7130,217,0,0,0,0,0,0,0,0,0
7130,765,0,0,1,0,0,0,0,0,0
7132,308,0,0,0,0,0,0,0,0,0
7133,125,0,0,0,0,0,0,0,0,0
7134,276,0,0,0,0,0,0,0,0,0
7134,319,0,0,0,0,0,0,0,0,0
7136,151,0,0,0,0,0,0,0,0,0
7136,400,0,0,0,0,0,0,0,0,0
7137,208,0,0,0,0,0,0,0,0,0
7138,238,0,0,0,0,0,0,0,0,0
7141,169,0,0,0,0,0,0,0,0,0
7141,371,0,0,0,0,0,0,0,0,0
7141,959,0,0,0,0,0,0,0,0,0
7143,127,0,0,0,0,0,0,0,0,0
7145,648,0,0,0,0,0,0,0,0,0
7146,355,0,0,0,0,0,0,0,0,0
7146,558,0,0,0,0,0,0,0,0,0
7146,905,0,0,0,0,0,0,0,0,0
7149,406,0,0,0,0,0,0,0,0,0
7151,296,0,0,0,0,0,0,0,0,0
7151,758,0,0,0,0,0,0,0,0,0
7153,111,0,0,0,0,0,0,0,0,0
7153,369,0,0,0,0,0,0,0,0,0
7153,689,0,0,0,0,0,0,0,0,0
7156,265,0,0,0,0,0,0,0,0,0
7156,291,0,0,0,0,0,0,0,0,0
7156,727,0,0,0,0,0,0,0,0,0
7158,416,0,0,0,0,0,0,0,0,0
7160,148,0,0,1,0,0,0,0,0,0
7162,553,0,0,0,0,0,0,0,0,0
7163,103,0,0,0,0,0,0,0,0,0
7163,209,0,0,0,0,0,0,0,0,0
7164,189,0,0,0,0,0,0,0,0,0
7165,157,0,0,0,0,0,0,0,0,0
7170,509,0,0,0,0,0,0,0,0,0
7170,822,0,0,0,0,0,0,0,0,0
7172,778,0,0,0,0,0,0,0,0,0
7175,131,0,0,0,0,0,0,0,0,0
7175,147,0,0,0,0,0,0,0,0,0
7176,445,0,0,0,0,0,0,0,0,0
7176,599,0,0,0,0,0,0,0,0,0
7177,116,0,0,0,0,0,0,0,0,0
7177,172,0,0,0,0,0,0,0,0,0
7177,362,0,0,0,0,0,0,0,0,0
7178,393,0,0,0,0,0,0,0,0,0
7180,618,0,0,0,0,0,0,0,0,0
7183,260,0,0,0,0,0,0,0,0,0
7185,127,0,0,0,0,0,0,0,0,0
7185,280,0,0,0,0,0,0,0,0,0
7186,237,0,0,0,0,0,0,0,0,0
7189,882,0,0,0,0,0,0,0,0,0
7190,107,0,0,0,0,0,0,0,0,0
7191,121,0,0,0,0,0,0,0,0,0
7191,242,0,0,0,0,0,0,0,0,0
7191,652,0,0,0,0,0,0,0,0,0
7192,743,0,0,0,0,0,0,0,0,0
7195,302,0,0,0,0,0,0,0,0,0
7196,258,0,0,0,0,0,0,0,0,0
7199,447,0,0,0,0,0,0,0,0,0
7201,122,0,0,0,0,0,0,0,0,0
7203,274,0,0,0,0,0,0,0,0,0
7203,838,0,0,0,0,0,0,0,0,0
7204,205,0,0,0,0,0,0,0,0,0
7204,337,0,0,0,0,0,0,0,0,0
7204,833,0,0,0,0,0,0,0,0,0
7206,120,0,0,0,0,0,0,0,0,0
7207,234,0,0,0,0,0,0,0,0,0
7210,444,0,0,0,0,0,0,0,0,0
7211,752,0,0,0,0,0,0,0,0,0
7212,136,0,0,0,0,0,0,0,0,0
7212,977,0,0,0,0,0,0,0,0,0
7216,335,0,0,0,0,0,0,0,0,0
7216,489,0,0,0,0,0,0,0,0,0
7217,192,0,0,0,0,0,0,0,0,0
7218,106,0,0,0,0,0,0,0,0,0
7218,205,0,0,0,0,0,0,0,0,0
7223,103,0,0,0,0,0,0,0,0,0
7223,122,0,0,0,0,0,0,0,0,0
7223,153,0,0,0,0,0,0,0,0,0
7225,148,0,0,0,0,0,0,0,0,0
7225,365,0,0,0,0,0,0,0,0,0
7227,132,0,0,1,0,0,0,0,0,0
7227,162,0,0,0,0,0,0,0,0,0
7227,673,0,0,0,0,0,0,0,0,0
7228,192,0,0,0,0,0,0,0,0,0
7228,495,0,0,0,0,0,0,0,0,0
7229,368,0,0,0,0,0,0,0,0,0
7231,129,0,0,0,0,0,0,0,0,0
7232,144,0,0,0,0,0,0,0,0,0
7232,263,0,0,0,0,0,0,0,0,0
7235,212,0,0,0,0,0,0,0,0,0
7240,105,0,0,0,0,0,0,0,0,0
7240,136,0,0,0,0,0,0,0,0,0
7240,236,0,0,0,0,0,0,0,0,0
7245,373,0,0,0,0,0,0,0,0,0
7247,897,0,0,0,0,0,0,0,0,0
7248,293,0,0,0,0,0,0,0,0,0
7249,101,0,0,0,0,0,0,0,0,0
7251,245,0,0,0,0,0,0,0,0,0
7256,101,0,0,0,0,0,0,0,0,0
7256,299,0,0,0,0,0,0,0,0,0
7258,758,0,0,0,0,0,0,0,0,0
7259,151,0,0,0,0,0,0,0,0,0
7260,972,0,0,0,0,0,0,0,0,0
7263,104,0,0,0,0,0,0,0,0,0
7263,537,0,0,0,0,0,0,0,0,0
7265,172,0,0,0,0,0,0,0,0,0
7266,212,0,0,0,0,0,0,0,0,0
7266,575,0,0,0,0,0,0,0,0,0
7266,590,0,0,0,0,0,0,0,0,0
7267,198,0,0,0,0,0,0,0,0,0
7270,153,0,0,0,0,0,0,0,0,0
7272,107,0,0,0,0,0,0,0,0,0
7272,769,0,0,0,0,0,0,0,0,0
7273,223,0,0,0,0,0,0,0,0,0
7273,296,0,0,0,0,0,0,0,0,0
7274,179,0,0,0,0,0,0,0,0,0
7274,308,0,0,0,0,0,0,0,0,0
7276,592,0,0,0,0,0,0,0,0,0
7276,653,0,0,0,0,0,0,0,0,0
7276,755,0,0,0,0,0,0,0,0,0
7277,264,0,0,0,0,0,0,0,0,0
7277,369,0,0,0,0,0,0,0,0,0
7278,450,0,0,0,0,0,0,0,0,0
7281,528,0,0,0,0,0,0,0,0,0
7283,229,0,0,0,0,0,0,0,0,0
7284,287,0,0,0,0,0,0,0,0,0
7284,395,0,0,0,0,0,0,0,0,0
7284,477,0,0,0,0,0,0,0,0,0
7285,316,0,0,0,0,0,0,0,0,0
7286,348,0,0,0,0,0,0,0,0,0
7290,827,0,0,0,0,0,0,0,0,0
7293,130,0,0,0,0,0,0,0,0,0
7293,146,0,0,0,0,0,0,0,0,0
7294,521,0,0,0,0,0,0,0,0,0
7296,669,0,0,0,0,0,0,0,0,0
7297,144,0,0,0,0,0,0,0,0,0
7298,157,0,0,0,0,0,0,0,0,0
7300,286,0,0,0,0,0,0,0,0,0
7300,321,0,0,0,0,0,0,0,0,0
7302,161,0,0,0,0,0,0,0,0,0
7302,196,0,0,0,0,0,0,0,0,0
7305,234,0,0,0,0,0,0,0,0,0
7306,114,0,0,0,0,0,0,0,0,0
7306,638,0,0,0,0,0,0,0,0,0
7307,310,0,0,0,0,0,0,0,0,0
7308,259,0,0,0,0,0,0,0,0,0
7309,867,0,0,0,0,0,0,0,0,0
7313,223,0,0,0,0,0,0,0,0,0
7314,461,0,0,0,0,0,0,0,0,0
7314,567,0,0,0,0,0,0,0,0,0
7315,161,0,0,0,0,0,0,0,0,0
7315,181,0,0,0,0,0,0,0,0,0
7316,168,0,0,1,0,0,0,0,0,0
7316,245,0,0,0,0,0,0,0,0,0
7318,204,0,0,0,0,0,0,0,0,0
7320,175,0,0,0,0,0,0,0,0,0
7321,105,0,0,0,0,0,0,0,0,0
7321,120,1,0,0,0,0,0,0,0,0
7321,175,0,0,0,0,0,0,0,0,0
7321,176,0,0,0,0,0,0,0,0,0
7321,239,0,0,0,0,0,0,0,0,0
7322,469,0,0,0,0,0,0,0,0,0
7322,471,0,0,0,0,0,0,0,0,0
7324,471,0,0,0,0,0,0,0,0,0
7327,174,0,0,0,0,0,0,0,0,0
7327,230,0,0,0,0,0,0,0,0,0
7328,288,0,0,0,0,0,0,0,0,0
7328,309,0,0,0,0,0,0,0,0,0
7328,395,0,0,0,0,0,0,0,0,0
7329,114,0,0,0,0,0,0,0,0,0
7329,418,0,0,0,0,0,0,0,0,0
7330,215,0,0,0,0,0,0,0,0,0
7330,309,0,0,0,0,0,0,0,0,0
7331,229,0,0,0,0,0,0,0,0,0
7331,628,0,0,0,0,0,0,0,0,0
7339,102,0,0,0,0,0,0,0,0,0
7339,507,0,0,0,0,0,0,0,0,0
7339,890,0,0,0,0,0,0,0,0,0
7342,159,0,0,0,0,0,0,0,0,0
7343,616,0,0,0,0,0,0,0,0,0
7343,793,0,0,0,0,0,0,0,0,0
7344,472,0,0,0,0,0,0,0,0,0
7344,855,0,0,0,0,0,0,0,0,0
7346,236,0,0,0,0,0,0,0,0,0
7346,467,0,0,0,0,0,0,0,0,0
7350,511,0,0,0,0,0,0,0,0,0
7351,284,0,0,0,0,0,0,0,0,0
7351,310,0,0,0,0,0,0,0,0,0
7351,540,0,0,0,0,0,0,0,0,0
7354,515,0,0,0,0,0,0,0,0,0
7355,460,0,0,0,0,0,0,0,0,0
7358,676,0,0,0,0,0,0,0,0,0
7358,838,0,0,0,0,0,0,0,0,0
7360,581,0,0,0,0,0,0,0,0,0
7361,124,0,0,0,0,0,0,0,0,0
7361,314,0,0,0,0,0,0,0,0,0
7362,136,0,0,0,0,0,0,0,0,0
7362,206,0,0,0,0,0,0,0,0,0
7364,205,0,0,0,0,0,0,0,0,0
7367,236,0,0,0,0,0,0,0,0,0
7369,172,0,0,0,0,0,0,0,0,0
7369,474,0,0,0,0,0,0,0,0,0
7369,953,0,0,0,0,0,0,0,0,0
7370,107,0,0,0,0,0,0,0,0,0
7371,210,0,0,0,0,0,0,0,0,0
7371,259,0,0,0,0,0,0,0,0,0
7371,523,0,0,1,0,0,0,0,0,0
7372,129,0,0,0,0,0,0,0,0,0
7372,272,0,0,0,0,0,0,0,0,0
7372,785,0,0,0,0,0,0,0,0,0
7374,332,0,0,0,0,0,0,0,0,0
7376,210,0,0,0,0,0,0,0,0,0
7376,241,0,0,0,0,0,0,0,0,0
7377,334,0,0,0,0,0,0,0,0,0
7377,927,0,0,0,0,0,0,0,0,0
7378,118,0,0,0,0,0,0,0,0,0
7378,531,0,0,0,0,0,0,0,0,0
7379,161,0,0,0,0,0,0,0,0,0
7379,300,0,0,0,0,0,0,0,0,0
7380,923,0,0,0,0,0,0,0,0,0
7382,346,0,0,0,0,0,0,0,0,0
7382,509,0,0,0,0,0,0,0,0,0
7384,469,0,0,0,0,0,0,0,0,0
7386,206,0,0,0,0,0,0,0,0,0
7386,224,0,0,0,0,0,0,0,0,0
7387,399,0,0,0,0,0,0,0,0,0
7389,124,0,0,0,0,0,0,0,0,0
7389,372,0,0,0,0,0,0,0,0,0
7391,183,0,0,0,0,0,0,0,0,0
7392,200,0,0,0,0,0,0,0,0,0
7392,282,0,0,0,0,0,0,0,0,0
7396,447,0,0,0,0,0,0,0,0,0
7400,774,0,0,0,0,0,0,0,0,0
7404,214,0,0,0,0,0,0,0,0,0
7406,145,0,0,0,0,0,0,0,0,0
7406,479,0,0,0,0,0,0,0,0,0
7407,133,0,0,0,0,0,0,0,0,0
7407,174,0,0,0,0,0,0,0,0,0
7409,186,0,0,0,0,0,0,0,0,0
7410,676,0,0,0,0,0,0,0,0,0
7414,540,0,0,0,0,0,0,0,0,0
7414,817,0,0,0,0,0,0,0,0,0
7415,468,0,0,0,0,0,0,0,0,0
7417,474,0,0,0,0,0,0,0,0,0
7418,627,0,0,0,0,0,0,0,0,0
7421,135,0,0,0,0,0,0,0,0,0
7421,165,0,0,1,0,0,0,0,0,0
7424,166,0,0,0,0,0,0,0,0,0
7425,176,0,0,0,0,0,0,0,0,0
7425,455,0,0,0,0,0,0,0,0,0
7427,417,0,0,0,0,0,0,0,0,0
7431,345,0,0,0,0,0,0,0,0,0
7431,656,0,0,0,0,0,0,0,0,0
7433,527,0,0,0,0,0,0,0,0,0
7433,571,0,0,0,0,0,0,0,0,0
7436,308,0,0,0,0,0,0,0,0,0
7436,889,0,0,0,0,0,0,0,0,0
7437,727,0,0,0,0,0,0,0,0,0
7439,205,0,0,0,0,0,0,0,0,0
7440,734,0,0,0,0,0,0,0,0,0
7440,756,0,0,0,0,0,0,0,0,0
7441,110,0,0,0,0,0,0,0,0,0
7441,585,0,0,0,0,0,0,0,0,0
7442,332,0,0,0,0,0,0,0,0,0
7444,157,0,0,0,0,0,0,0,0,0
7445,137,0,0,0,0,0,0,0,0,0
7445,787,0,0,0,0,0,0,0,0,0
7446,110,0,0,0,0,0,0,0,0,0
7448,144,0,0,0,0,0,0,0,0,0
7450,656,0,0,0,0,0,0,0,0,0
7452,295,0,0,0,0,0,0,0,0,0
7453,150,0,0,0,0,0,0,0,0,0
7454,225,0,0,0,0,0,0,0,0,0
7454,421,0,0,0,0,0,0,0,0,0
7454,549,0,0,0,0,0,0,0,0,0
7455,445,0,0,1,0,0,0,0,0,0
7455,586,0,0,0,0,0,0,0,0,0
7458,120,0,0,0,0,0,0,0,0,0
7459,180,0,0,0,0,0,0,0,0,0
7463,275,0,0,0,0,0,0,0,0,0
7463,958,0,0,0,0,0,0,0,0,0
7464,352,0,0,0,0,0,0,0,0,0
7464,403,0,0,0,0,0,0,0,0,0
7465,125,0,0,0,0,0,0,0,0,0
7467,324,0,0,0,0,0,0,0,0,0
7469,165,0,0,0,0,0,0,0,0,0
7469,832,0,0,0,0,0,0,0,0,0
7470,120,0,0,0,0,0,0,0,0,0
7470,253,0,0,0,0,0,0,0,0,0
7470,785,0,0,0,0,0,0,0,0,0
7471,839,0,0,0,0,0,0,0,0,0
7474,108,0,0,0,0,0,0,0,0,0
7474,671,0,0,0,0,0,0,0,0,0
7475,242,0,0,0,0,0,0,0,0,0
7475,300,0,0,0,0,0,0,0,0,0
7475,408,0,0,0,0,0,0,0,0,0
7476,127,0,0,0,0,0,0,0,0,0
7476,159,0,0,0,0,0,0,0,0,0
7476,392,0,0,0,0,0,0,0,0,0
7479,111,0,0,0,0,0,0,0,0,0
7479,384,0,0,0,0,0,0,0,0,0
7480,464,0,0,0,0,0,0,0,0,0
7482,370,0,0,0,0,0,0,0,0,0
7483,348,0,0,0,0,0,0,0,0,0
7483,363,0,0,0,0,0,0,0,0,0
7484,836,0,0,0,0,0,0,0,0,0
7486,394,0,0,0,0,0,0,0,0,0
7486,730,0,0,0,0,0,0,0,0,0
7489,145,0,0,0,0,0,0,0,0,0
7490,285,0,0,0,0,0,0,0,0,0
7491,394,0,0,0,0,0,0,0,0,0
7491,395,0,0,0,0,0,0,0,0,0
7496,248,0,0,0,0,0,0,0,0,0
7496,488,0,0,0,0,0,0,0,0,0
7497,108,0,0,0,0,0,0,0,0,0
7497,444,0,0,0,0,0,0,0,0,0
7498,208,0,0,0,0,0,0,0,0,0
7499,316,0,0,0,0,0,0,0,0,0
7500,103,0,0,0,0,0,0,0,0,0
7502,754,0,0,0,0,0,0,0,0,0
7503,478,0,0,0,0,0,0,0,0,0
7503,862,0,0,0,0,0,0,0,0,0
7504,201,0,0,0,0,0,0,0,0,0
7507,190,0,0,0,0,0,0,0,0,0
7507,923,0,0,0,0,0,0,0,0,0
7510,285,0,0,0,0,0,0,0,0,0
7512,232,0,0,0,0,0,0,0,0,0
7516,799,0,0,0,0,0,0,0,0,0
7518,323,0,0,0,0,0,0,0,0,0
7518,357,0,0,0,0,0,0,0,0,0
7518,485,0,0,0,0,0,0,0,0,0
7522,295,0,0,0,0,0,0,0,0,0
7522,432,0,0,0,0,0,0,0,0,0
7522,443,0,0,0,0,0,0,0,0,0
7523,142,0,0,0,0,0,0,0,0,0
7523,556,0,0,0,0,0,0,0,0,0
7524,332,0,0,0,0,0,0,0,0,0
7524,481,0,0,0,0,0,0,0,0,0
7525,129,0,0,0,0,0,0,0,0,0
7525,344,0,0,0,0,0,0,0,0,0
7525,434,0,0,0,0,0,0,0,0,0
7526,482,0,0,0,0,0,0,0,0,0
7528,407,0,0,0,0,0,0,0,0,0
7529,419,0,0,0,0,0,0,0,0,0
7530,145,0,0,0,0,0,0,0,0,0
7530,331,0,0,0,0,0,0,0,0,0
7530,606,0,0,0,0,0,0,0,0,0
7532,105,0,0,0,0,0,0,0,0,0
7534,110,0,0,0,0,0,0,0,0,0
7534,140,0,0,0,0,0,0,0,0,0
7535,154,0,0,0,0,0,0,0,0,0
7537,455,0,0,0,0,0,0,0,0,0
7539,303,0,0,0,0,0,0,0,0,0
7539,716,0,0,0,0,0,0,0,0,0
7540,294,0,0,0,0,0,0,0,0,0
7543,735,0,0,0,0,0,0,0,0,0
7544,203,0,0,0,0,0,0,0,0,0
7545,465,0,0,0,0,0,0,0,0,0
7547,150,0,0,0,0,0,0,0,0,0
7547,322,0,0,0,0,0,0,0,0,0
7548,774,0,0,0,0,0,0,0,0,0
7548,803,0,0,0,0,0,0,0,0,0
7549,225,0,0,0,0,0,0,0,0,0
7550,501,0,0,0,0,0,0,0,0,0
7551,128,0,0,0,0,0,0,0,0,0
7551,409,0,0,0,0,0,0,0,0,0
7552,134,0,0,0,0,0,0,0,0,0
7552,324,0,0,0,0,0,0,0,0,0
7554,546,0,0,0,0,0,0,0,0,0
7555,557,0,0,0,0,0,0,0,0,0
7555,635,0,0,0,0,0,0,0,0,0
7556,446,0,0,0,0,0,0,0,0,0
7556,501,0,0,0,0,0,0,0,0,0
7556,524,0,0,0,0,0,0,0,0,0
7559,152,0,0,0,0,0,0,0,0,0
7561,382,0,0,0,0,0,0,0,0,0
7561,652,0,0,0,0,0,0,0,0,0
7561,795,0,0,0,0,0,0,0,0,0
7563,152,0,0,0,0,0,0,0,0,0
7563,571,0,0,0,0,0,0,0,0,0
7563,666,0,0,0,0,0,0,0,0,0
7563,946,0,0,0,0,0,0,0,0,0
7566,144,0,0,0,0,0,0,0,0,0
7566,568,0,0,0,0,0,0,0,0,0
7567,212,0,0,0,0,0,0,0,0,0
7570,797,0,0,0,0,0,0,0,0,0
7571,150,0,0,0,0,0,0,0,0,0
7574,631,0,0,0,0,0,0,0,0,0
7575,240,0,0,0,0,0,0,0,0,0
7575,463,0,0,0,0,0,0,0,0,0
7577,298,0,0,0,0,0,0,0,0,0
7581,956,0,0,0,0,0,0,0,0,0
7582,259,0,0,0,0,0,0,0,0,0
7584,433,0,0,0,0,0,0,0,0,0
7585,132,0,0,0,0,0,0,0,0,0
7585,228,0,0,0,0,0,0,0,0,0
7587,553,0,0,0,0,0,0,0,0,0
7587,784,0,0,0,0,0,0,0,0,0
7593,146,0,0,0,0,0,0,0,0,0
7593,362,0,0,0,0,0,0,0,0,0
7593,450,0,0,0,0,0,0,0,0,0
7594,103,0,0,0,0,0,0,0,0,0
7594,146,0,0,0,0,0,0,0,0,0
7594,250,0,0,0,0,0,0,0,0,0
7595,115,0,0,0,0,0,0,0,0,0
7595,706,0,0,0,0,0,0,0,0,0
7596,633,0,0,0,0,0,0,0,0,0
7598,146,0,0,0,0,0,0,0,0,0
7599,345,0,0,0,0,0,0,0,0,0
7600,765,0,0,0,0,0,0,0,0,0
7601,174,0,0,1,0,0,0,0,0,0
7601,747,0,0,0,0,0,0,0,0,0
7602,912,0,0,0,0,0,0,0,0,0
7604,101,0,0,0,0,0,0,0,0,0
7605,345,0,0,0,0,0,0,0,0,0
7607,154,0,0,0,0,0,0,0,0,0
7607,224,0,0,0,0,0,0,0,0,0
7609,138,0,0,0,0,0,0,0,0,0
7609,235,0,0,0,0,0,0,0,0,0
7612,232,0,0,0,0,0,0,0,0,0
7616,405,0,0,0,0,0,0,0,0,0
7617,144,0,0,0,0,0,0,0,0,0
7617,679,0,0,0,0,0,0,0,0,0
7618,595,0,0,0,0,0,0,0,0,0
7623,253,0,0,0,0,0,0,0,0,0
7623,361,0,0,0,0,0,0,0,0,0
7623,667,0,0,0,0,0,0,0,0,0
7623,831,0,0,0,0,0,0,0,0,0
7624,402,0,0,0,0,0,0,0,0,0
7627,259,0,0,0,0,0,0,0,0,0
7627,450,0,0,0,0,0,0,0,0,0
7629,551,0,0,0,0,0,0,0,0,0
7634,528,0,0,0,0,0,0,0,0,0
7636,298,0,0,0,0,0,0,0,0,0
7636,817,0,0,0,0,0,0,0,0,0
7638,498,0,0,0,0,0,0,0,0,0
7638,562,0,0,0,0,0,0,0,0,0
7640,759,0,0,0,0,0,0,0,0,0
7642,497,0,0,0,0,0,0,0,0,0
7643,118,0,0,0,0,0,0,0,0,0
7644,393,0,0,0,0,0,0,0,0,0
7645,150,0,0,0,0,0,0,0,0,0
7645,257,0,0,0,0,0,0,0,0,0
7646,159,0,0,0,0,0,0,0,0,0
7646,622,0,0,0,0,0,0,0,0,0
7647,127,0,0,0,0,0,0,0,0,0
7648,333,0,0,0,0,0,0,0,0,0
7649,112,0,0,0,0,0,0,0,0,0
7649,582,0,0,0,0,0,0,0,0,0
7651,345,0,0,0,0,0,0,0,0,0
7652,124,0,0,0,0,0,0,0,0,0
7652,425,0,0,0,0,0,0,0,0,0
7653,190,0,0,0,0,0,0,0,0,0
7653,809,0,0,0,0,0,0,0,0,0
7654,160,0,0,0,0,0,0,0,0,0
7655,211,0,0,0,1,0,0,0,0,0
7655,594,0,0,0,0,0,0,0,0,0
7655,996,0,0,0,0,0,0,0,0,0
7656,883,0,0,0,0,0,0,0,0,0
7657,191,0,0,0,0,0,0,0,0,0
7658,616,0,0,0,0,0,0,0,0,0
7660,274,0,0,0,0,0,0,0,0,0
7660,571,0,0,0,0,0,0,0,0,0
7660,688,0,0,0,0,0,0,0,0,0
7661,191,0,0,0,0,0,0,0,0,0
7661,820,0,0,0,0,0,0,0,0,0
7662,114,0,0,0,0,0,0,0,0,0
7663,374,0,0,0,0,0,0,0,0,0
7663,513,0,0,0,0,0,0,0,0,0
7664,773,0,0,0,0,0,0,0,0,0
7664,787,0,0,0,0,0,0,0,0,0
7668,274,0,0,0,0,0,0,0,0,0
7668,704,0,0,0,0,0,0,0,0,0
7672,103,0,0,0,0,0,0,0,0,0
7672,646,0,0,0,0,0,0,0,0,0
7673,389,0,0,0,0,0,0,0,0,0
7674,367,0,0,0,0,0,0,0,0,0
7675,425,0,0,0,0,1,0,0,0,0
7676,119,0,0,0,0,0,0,0,0,0
7679,299,0,0,0,0,0,0,0,0,0
7683,361,0,0,0,0,0,0,0,0,0
7683,461,0,0,0,0,0,0,0,0,0
7684,260,0,0,0,0,0,0,0,0,0
7685,339,0,0,0,0,0,0,0,0,0
7685,686,0,0,0,0,0,0,0,0,0
7686,207,0,0,0,0,0,0,0,0,0
7686,343,0,0,0,0,0,0,0,0,0
7688,234,0,0,0,0,0,0,0,0,0
7688,317,0,0,0,0,0,0,0,0,0
7690,313,0,0,0,0,0,0,0,0,0
7690,899,0,0,0,0,0,0,0,0,0
7691,155,0,0,0,0,0,0,0,0,0
7691,409,0,0,0,0,0,0,0,0,0
7692,979,0,0,0,0,0,0,0,0,0
7695,191,0,0,0,0,0,0,0,0,0
7695,633,0,0,0,0,0,0,0,0,0
7696,147,0,0,0,0,0,0,0,0,0
7697,246,0,0,0,0,0,0,0,0,0
7697,263,0,0,0,0,0,0,0,0,0
7697,337,0,0,0,0,0,0,0,0,0
7697,465,0,0,0,0,0,0,0,0,0
7697,551,0,0,0,0,0,0,0,0,0
7697,734,0,0,0,0,0,0,0,0,0
7698,612,0,0,0,0,0,0,0,0,0
7698,620,0,0,0,0,0,0,0,0,0
7701,386,0,0,0,0,0,0,0,0,0
7704,251,0,0,0,0,0,0,0,0,0
7704,327,0,0,0,0,0,0,0,0,0
7704,460,0,0,0,0,0,0,0,0,0
7706,249,0,0,0,0,0,0,0,0,0
7706,492,0,0,0,0,0,0,0,0,0
7706,658,0,0,0,0,0,0,0,0,0
7708,235,0,0,0,0,0,0,0,0,0
7709,152,0,0,0,0,0,0,0,0,0
7710,257,0,0,0,0,0,0,0,0,0
7710,775,0,0,0,0,0,0,0,0,0
7712,312,0,0,0,0,0,0,0,0,0
7712,369,0,0,0,0,0,0,0,0,0
7713,281,0,0,0,0,0,0,0,0,0
7713,768,0,0,0,0,0,0,0,0,0
7714,307,0,0,0,0,0,0,0,0,0
7714,653,0,0,0,0,0,0,0,0,0
7716,765,0,0,0,0,0,0,0,0,0
7718,116,0,0,0,0,0,0,0,0,0
7718,200,0,0,0,0,0,0,0,0,0
7718,438,0,0,0,0,0,0,0,0,0
7719,273,0,0,0,0,0,0,0,0,0
7719,402,0,0,0,0,0,0,0,0,0
7720,214,0,0,0,0,0,0,0,0,0
7720,546,0,0,0,0,0,0,0,0,0
7720,759,0,0,0,0,0,0,0,0,0
7720,864,0,0,0,0,0,0,0,0,0
7722,145,0,0,0,0,0,0,0,0,0
7724,537,0,0,0,0,0,0,0,0,0
7727,332,0,0,0,0,0,0,0,0,0
7729,140,0,0,0,0,0,0,0,0,0
7729,295,0,0,0,0,0,0,0,0,0
7729,559,0,0,0,0,0,0,0,0,0
7729,890,0,0,0,0,0,0,0,0,0
7731,823,0,0,0,0,0,0,0,0,0
7732,299,0,0,0,0,0,0,0,0,0
7732,534,0,0,0,0,0,0,0,0,0
7732,806,0,0,0,0,0,0,0,0,0
7735,190,0,0,0,0,0,0,0,0,0
7737,124,0,0,0,0,0,0,0,0,0
7738,105,0,0,0,0,0,0,0,0,0
7738,523,0,0,0,0,0,0,0,0,0
7738,825,0,0,0,0,0,0,0,0,0
7739,807,0,0,0,0,0,0,0,0,0
7740,262,0,0,0,0,0,0,0,0,0
7740,492,0,0,0,0,0,0,0,0,0
7741,345,0,0,0,0,0,0,0,0,0
7742,143,0,0,0,0,0,0,0,0,0
7742,946,0,0,0,0,0,0,0,0,0
7743,228,0,0,0,0,0,0,0,0,0
7744,185,0,0,0,0,0,0,0,0,0
7745,157,0,0,0,0,0,0,0,0,0
7747,114,0,0,0,0,0,0,0,0,0
7752,104,0,0,0,0,0,0,0,0,0
7755,208,0,0,0,0,0,0,0,0,0
7764,195,0,0,0,0,0,0,0,0,0
7764,655,0,0,0,0,0,0,0,0,0
7765,120,0,0,0,0,0,0,0,0,0
7765,999,0,0,0,0,0,0,0,0,0
7767,319,0,0,0,0,0,0,0,0,0
7767,956,0,0,0,0,0,0,0,0,0
7771,367,0,0,0,0,0,0,0,0,0
7772,103,0,0,0,0,0,0,0,0,0
7772,285,0,0,0,0,0,0,0,0,0
7772,869,0,0,0,0,0,0,0,0,0
7774,332,0,0,0,0,0,0,0,0,0
7777,776,0,0,0,0,0,0,0,0,0
7778,144,0,0,0,0,0,0,0,0,0
7778,256,0,0,0,0,0,0,0,0,0
7778,822,0,0,0,0,0,0,0,0,0
7778,878,0,0,0,0,0,0,0,0,0
7782,161,0,0,1,0,0,0,0,0,0
7782,426,0,0,0,0,0,0,0,0,0
7785,468,0,0,0,0,0,0,0,0,0
7786,174,0,0,0,0,0,0,0,0,0
7789,270,0,0,0,0,0,0,0,0,0
7789,980,0,0,0,0,0,0,0,0,0
7790,175,0,0,0,0,0,0,0,0,0
7790,974,0,0,0,0,0,0,0,0,0
7793,116,0,0,0,0,0,0,0,0,0
7793,150,0,0,0,0,0,0,0,0,0
7796,122,0,0,0,0,0,0,0,0,0
7796,247,0,0,0,0,0,0,0,0,0
7796,367,0,0,0,0,0,0,0,0,0
7797,103,0,0,0,0,0,0,0,0,0
7799,399,0,0,0,0,0,0,0,0,0
7800,196,0,1,0,0,0,0,0,0,0
7800,382,0,0,0,0,0,0,0,0,0
7800,749,0,0,0,0,0,0,0,0,0
7803,156,0,0,0,0,0,0,0,0,0
7805,127,0,0,0,0,0,0,0,0,0
7808,229,0,0,0,0,0,0,0,0,0
7810,125,0,0,0,0,0,0,0,0,0
7810,222,0,0,0,0,0,0,0,0,0
7811,112,0,0,0,0,0,0,0,0,0
7811,546,0,0,0,0,0,0,0,0,0
7812,360,0,0,0,0,0,0,0,0,0
7814,441,0,0,0,0,0,0,0,0,0
7815,187,0,0,0,0,0,0,0,0,0
7816,227,0,0,0,0,0,0,0,0,0
7816,544,0,0,0,0,0,0,0,0,0
7817,248,0,0,0,0,0,0,0,0,0
7820,263,0,0,0,0,0,0,0,0,0
7821,526,0,0,0,0,0,0,0,0,0
7822,126,0,0,0,0,0,0,0,0,0
7825,918,0,0,0,0,0,0,0,0,0
7826,115,0,0,1,0,0,0,0,0,0
7826,198,0,0,0,0,0,0,0,0,0
7829,236,0,0,0,0,0,0,0,0,0
7829,652,0,0,0,0,0,0,0,0,0
7830,105,0,0,0,0,0,0,0,0,0
7830,660,0,0,0,0,0,0,0,0,0
7831,289,0,0,0,0,0,0,0,0,0
7833,176,0,0,0,0,0,0,0,0,0
7833,908,0,0,0,0,0,0,0,0,0
7834,114,0,0,0,0,0,0,0,0,0
7837,626,0,0,0,0,0,0,0,0,0
7838,751,0,0,0,0,0,0,0,0,0
7839,718,0,0,0,0,0,0,0,0,0
7840,189,0,0,0,0,0,0,0,0,0
7840,272,0,0,0,0,0,0,0,0,0
7840,412,0,0,0,0,0,0,0,0,0
7840,523,0,0,0,0,0,0,0,0,0
7840,547,0,0,0,0,0,0,0,0,0
7841,415,0,0,0,0,0,0,0,0,0
7842,387,0,0,0,0,0,0,0,0,0
7843,178,0,0,0,0,0,0,0,0,0
7843,414,0,0,0,0,0,0,0,0,0
7843,707,0,0,0,0,0,0,0,0,0
7846,553,0,0,0,0,0,0,0,0,0
7846,979,0,0,0,0,0,0,0,0,0
7847,731,0,0,0,0,0,0,0,0,0
7850,159,0,0,0,0,0,0,0,0,0
7850,215,0,0,0,0,0,0,0,0,0
7852,234,0,0,0,0,0,0,0,0,0
7855,108,0,0,0,0,0,0,0,0,0
7856,152,0,0,0,0,0,0,0,0,0
7856,835,0,0,0,0,0,0,0,0,0
7857,785,0,0,0,0,0,0,0,0,0
7859,687,0,0,0,0,0,0,0,0,0
7860,320,0,0,0,0,0,0,0,0,0
7860,340,0,0,0,0,0,0,0,0,0
7860,618,0,0,0,0,0,0,0,0,0
7862,294,0,0,0,0,0,0,0,0,0
7863,464,0,0,0,0,0,0,0,0,0
7865,812,0,0,0,0,0,0,0,0,0
7866,808,0,0,0,0,0,0,0,0,0
7867,714,0,0,0,0,0,0,0,0,0
7867,992,0,0,0,0,0,0,0,0,0
7868,176,0,0,0,0,0,0,0,0,0
7868,588,0,0,0,0,0,0,0,0,0
7871,123,0,0,0,0,0,0,0,0,0
7872,165,0,0,0,0,0,0,0,0,0
7874,152,0,1,0,0,0,0,0,0,0
7874,243,0,0,0,0,0,0,0,0,0
7878,242,0,0,0,0,0,0,0,0,0
7880,673,0,0,0,0,0,0,0,0,0
7882,144,0,0,0,0,0,0,0,0,0
7882,326,0,0,0,0,0,0,0,0,0
7884,251,0,0,0,0,0,0,0,0,0
7884,535,0,0,0,0,0,0,0,0,0
7885,368,0,0,0,0,0,0,0,0,0
7887,295,0,0,0,0,0,0,0,0,0
7889,143,0,0,0,0,0,0,0,0,0
7890,151,0,0,0,0,0,0,0,0,0
7892,117,0,0,0,0,0,0,0,0,0
7892,175,0,0,0,0,0,0,0,0,0
7893,970,0,0,0,0,0,0,0,0,0
7894,217,0,0,0,0,0,0,0,0,0
7896,133,0,0,0,0,0,0,0,0,0
7896,407,0,0,0,0,0,0,0,0,0
7897,165,0,0,0,0,0,0,0,0,0
7897,754,0,0,0,0,0,0,0,0,0
7898,104,0,0,0,0,0,0,0,0,0
7898,133,0,0,0,0,0,0,0,0,0
7898,147,0,0,0,0,0,0,0,0,0
7898,202,0,0,0,0,0,0,0,0,0
7898,219,0,0,0,0,0,0,0,0,0
7898,453,0,0,0,0,0,0,0,0,0
7899,109,0,0,0,0,0,0,0,0,0
7899,130,0,0,0,0,0,0,0,0,0
7899,131,0,0,0,0,0,0,0,0,0
7899,132,0,0,0,0,0,0,0,0,0
7900,493,0,0,0,0,0,0,0,0,0
7902,458,0,0,0,0,0,0,0,0,0
7904,579,0,0,0,0,0,0,0,0,0
7908,789,0,0,0,0,0,0,0,0,0
7909,357,0,0,0,0,0,0,0,0,0
7911,121,0,0,0,0,0,0,0,0,0
7912,378,0,0,0,0,0,0,0,0,0
7913,195,0,0,0,0,0,0,0,0,0
7914,810,0,0,0,0,0,0,0,0,0
7914,867,0,0,0,0,0,0,0,0,0
7918,216,0,0,0,0,0,0,0,0,0
7918,331,0,0,0,0,0,0,0,0,0
7922,136,0,0,0,0,0,0,0,0,0
7922,291,0,0,0,0,0,0,0,0,0
7923,167,0,0,0,0,0,0,0,0,0
7923,267,0,0,0,0,0,0,0,0,0
7924,366,0,0,0,0,0,0,0,0,0
7924,594,0,0,0,0,0,0,0,0,0
7930,103,0,0,0,0,0,0,0,0,0
7932,748,0,0,0,0,0,0,0,0,0
7936,227,0,0,0,0,0,0,0,0,0
7936,950,0,0,0,0,0,0,0,0,0
7940,119,0,0,0,0,0,0,0,0,0
7940,141,0,0,0,0,0,0,0,0,0
7942,444,0,0,0,0,0,0,0,0,0
7942,873,0,0,0,0,0,0,0,0,0
7947,192,0,0,0,0,0,0,0,0,0
7949,339,0,0,0,0,0,0,0,0,0
7950,112,0,0,0,0,0,0,0,0,0
7955,372,0,0,0,0,0,0,0,0,0
7955,414,0,0,0,0,0,0,0,0,0
7956,401,0,0,0,0,0,0,0,0,0
7962,194,0,0,0,0,0,0,0,0,0
7962,405,0,0,0,0,0,0,0,0,0
7963,726,0,0,0,0,0,0,0,0,0
7964,380,0,0,0,0,0,0,0,0,0
7966,172,0,0,0,0,0,0,0,0,0
7969,195,0,0,0,0,0,0,0,0,0
7969,629,0,0,0,0,0,0,0,0,0
7970,738,0,0,0,0,0,0,0,0,0
7971,154,0,0,0,0,0,0,0,0,0
7971,289,0,0,0,0,0,0,0,0,0
7971,884,0,0,0,0,0,0,0,0,0
7972,128,0,0,0,0,0,0,0,0,0
7972,280,0,0,0,0,0,0,0,0,0
7976,328,0,0,0,0,0,0,0,0,0
7976,407,0,0,0,0,0,0,0,0,0
7976,451,0,0,0,0,0,0,0,0,0
7977,502,0,0,0,0,0,0,0,0,0
7977,735,0,0,0,0,0,0,0,0,0
7977,940,0,0,0,0,0,0,0,0,0
7979,408,0,0,0,0,0,0,0,0,0
7981,332,0,0,0,0,0,0,0,0,0
7982,113,0,0,0,0,0,0,0,0,0
7982,154,0,0,0,0,0,0,0,0,0
7982,200,0,0,0,0,0,0,0,0,0
7982,495,0,0,0,0,0,0,0,0,0
7984,133,0,0,0,0,0,0,0,0,0
7984,160,0,0,0,0,0,0,0,0,0
7984,491,0,0,0,0,0,0,0,0,0
7986,257,0,0,0,0,0,0,0,0,0
7986,923,0,0,0,0,0,0,0,0,0
7986,955,0,0,0,0,0,0,0,0,0
7987,188,0,0,0,0,0,0,0,0,0
7988,433,0,0,0,0,0,0,0,0,0
7989,101,0,0,0,0,0,0,0,0,0
7990,174,0,0,0,0,0,0,0,0,0
7991,109,0,0,0,0,1,0,0,0,0
7991,134,0,0,0,0,0,0,0,0,0
7991,824,0,0,0,0,0,0,0,0,0
7993,281,0,0,0,0,0,0,0,0,0
7994,255,0,0,0,0,0,0,0,0,0
7994,375,0,0,0,0,0,0,0,0,0
7996,257,0,0,0,0,0,0,0,0,0
7996,307,0,0,0,0,0,0,0,0,0
7998,676,0,0,0,0,0,0,0,0,0
8001,260,0,0,0,0,0,0,0,0,0
8001,359,0,0,0,0,0,0,0,0,0
8002,161,0,0,0,0,0,0,0,0,0
8004,289,0,0,0,0,0,0,0,0,0
8004,546,0,0,0,0,0,0,0,0,0
8005,396,0,0,0,0,0,0,0,0,0
8006,139,0,0,0,0,0,0,0,0,0
8006,194,0,0,0,0,0,0,0,0,0
8006,324,0,0,0,0,0,0,0,0,0
8006,535,0,0,0,0,0,0,0,0,0
8007,955,0,0,0,0,0,0,0,0,0
8008,320,0,0,0,0,0,0,0,0,0
8008,720,0,0,0,0,0,0,0,0,0
8008,742,0,0,0,0,0,0,0,0,0
8011,146,0,0,0,0,0,0,0,0,0
8011,311,0,0,0,0,0,0,0,0,0
8012,231,0,0,0,0,0,0,0,0,0
8012,471,0,0,0,0,0,0,0,0,0
8014,149,0,0,0,0,0,0,0,0,0
8014,554,0,0,0,0,0,0,0,0,0
8015,245,0,0,0,0,0,0,0,0,0
8016,395,0,0,0,0,0,0,0,0,0
8017,183,0,0,0,0,0,0,0,0,0
8018,178,0,0,1,0,0,0,0,0,0
8018,188,0,0,0,0,0,0,0,0,0
8021,186,0,0,0,0,0,0,0,0,0
8021,325,0,0,1,0,0,0,0,0,0
8023,251,0,0,0,0,0,0,0,0,0
8024,195,0,0,0,0,0,0,0,0,0
8024,465,0,0,0,0,0,0,0,0,0
8024,614,0,0,0,0,0,0,0,0,0
8026,170,0,0,0,0,0,0,0,0,0
8027,172,0,0,0,0,0,0,0,0,0
8028,106,0,0,0,0,0,0,0,0,0
8028,365,0,0,0,0,0,0,0,0,0
8030,115,0,0,0,0,0,0,0,0,0
8031,115,0,0,0,0,0,0,0,0,0
8031,873,0,0,0,0,0,0,0,0,0
8032,148,0,0,0,0,0,0,0,0,0
8032,217,0,0,0,0,0,0,0,0,0
8032,820,0,0,0,0,0,0,0,0,0
8032,860,0,0,0,0,0,0,0,0,0
8034,174,0,0,0,0,0,0,0,0,0
8036,126,0,0,0,0,0,0,0,0,0
8036,139,0,0,0,0,0,0,0,0,0
8037,171,0,0,0,0,0,0,0,0,0
8039,227,0,0,0,0,0,0,0,0,0
8041,150,0,0,0,0,0,0,0,0,0
8041,176,0,0,0,0,0,0,0,0,0
8043,940,0,0,0,0,0,0,0,0,0
8047,702,0,0,0,0,0,0,0,0,0
8048,138,0,0,0,0,0,0,0,0,0
8048,270,0,0,0,0,0,0,0,0,0
8048,382,0,0,0,0,0,0,0,0,0
8051,335,0,0,0,0,0,0,0,0,0
8052,677,0,0,0,0,0,0,0,0,0
8053,136,0,0,0,0,0,0,0,0,0
8054,189,0,0,0,0,0,0,0,0,0
8058,220,0,0,0,0,0,0,0,0,0
8061,760,0,0,0,0,0,0,0,0,0
8061,907,0,0,0,0,0,0,0,0,0
8064,303,0,0,0,0,0,0,0,0,0
8065,363,0,0,0,0,0,0,0,0,0
8066,468,0,0,0,0,0,0,0,0,0
8069,153,0,0,0,0,0,0,0,0,0
8069,308,0,0,0,0,0,0,0,0,0
8069,667,0,0,0,0,0,0,0,0,0
8070,305,0,0,0,0,0,0,0,0,0
8070,411,0,0,0,0,0,0,0,0,0
8071,236,0,0,0,0,0,0,0,0,0
8072,824,0,0,0,0,0,0,0,0,0
8073,132,0,0,0,0,0,0,0,0,0
8073,868,0,0,0,0,0,0,0,0,0
8074,236,0,0,0,0,0,0,0,0,0
8077,130,0,0,0,0,0,0,0,0,0
8078,139,0,0,0,0,0,0,0,0,0
8078,240,0,0,0,0,0,0,0,0,0
8078,665,0,0,0,0,0,0,0,0,0
8078,766,0,0,0,0,0,0,0,0,0
8079,253,0,0,0,0,0,0,0,0,0
8080,518,0,0,0,0,0,0,0,0,0
8082,274,0,0,0,0,0,0,0,0,0
8082,700,0,0,0,0,0,0,0,0,0
8083,191,0,0,0,0,0,0,0,0,0
8084,878,0,0,0,0,0,0,0,0,0
8085,171,0,0,0,0,0,0,0,0,0
8086,620,0,0,0,0,0,0,0,0,0
8088,278,0,0,0,0,0,0,0,0,0
8088,943,0,0,0,0,0,0,0,0,0
8091,212,0,0,0,0,0,0,0,0,0
8091,501,0,0,0,0,0,0,0,0,0
8092,174,0,0,0,0,0,0,0,0,0
8092,758,0,0,0,0,0,0,0,0,0
8095,206,0,0,0,0,0,0,0,0,0
8096,414,0,0,0,0,0,0,0,0,0
8097,659,0,0,0,0,0,0,0,0,0
8100,746,0,0,0,0,0,0,0,0,0
8101,212,0,0,0,0,0,0,0,0,0
8101,361,0,0,0,0,0,0,0,0,0
8103,466,0,0,0,0,0,0,0,0,0
8103,672,0,0,0,0,0,0,0,0,0
8105,101,0,0,0,0,0,0,0,0,0
8106,107,0,0,0,0,0,0,0,0,0
8106,146,0,0,0,0,0,0,0,0,0
8106,151,0,0,0,0,0,0,0,0,0
8106,815,0,0,0,0,0,0,0,0,0
8107,109,0,0,0,0,0,0,0,0,0
8107,376,0,0,0,0,0,0,0,0,0
8109,146,0,0,0,0,0,0,0,0,0
8110,190,0,0,0,0,0,0,0,0,0
8110,475,0,0,0,0,0,0,0,0,0
8110,565,0,0,0,0,0,0,0,0,0
8112,165,0,0,0,0,0,0,0,0,0
8112,187,0,0,0,0,0,0,0,0,0
8114,657,0,0,0,0,0,0,0,0,0
8114,783,0,0,0,0,0,0,0,0,0
8116,393,0,0,0,0,0,0,0,0,0
8119,691,0,0,0,0,0,0,0,0,0
8120,317,0,0,0,0,0,0,0,0,0
8120,496,0,0,0,0,0,0,0,0,0
8124,180,0,0,0,0,0,0,0,0,0
8126,633,0,0,0,0,0,0,0,0,0
8128,478,0,0,1,0,0,0,0,0,0
8130,388,0,0,0,0,0,0,0,0,0
8131,913,0,0,0,0,0,0,0,0,0
8132,896,0,0,0,0,0,0,0,0,0
8133,286,0,0,0,0,0,0,0,0,0
8133,795,0,0,0,0,0,0,0,0,0
8134,156,0,0,0,0,0,0,0,0,0
8134,437,0,0,0,0,0,0,0,0,0
8135,328,0,0,0,0,0,0,0,0,0
8136,267,0,0,0,0,0,0,0,0,0
8136,716,0,0,0,0,0,0,0,0,0
8136,851,0,0,0,0,0,0,0,0,0
8137,542,0,0,0,0,0,0,0,0,0
8138,245,0,0,0,0,0,0,0,0,0
8138,445,0,0,0,0,0,0,0,0,0
8139,513,0,0,0,0,0,0,0,0,0
8140,534,0,0,0,0,0,0,0,0,0
8142,110,0,0,0,0,0,0,0,0,0
8142,114,0,0,0,0,0,0,0,0,0
8142,696,0,0,0,0,0,0,0,0,0
8143,569,0,0,0,0,0,0,0,0,0
8145,302,0,0,0,0,0,0,0,0,0
8146,241,0,0,0,0,0,0,0,0,0
8147,173,0,0,0,0,0,0,0,0,0
8147,416,0,0,0,0,0,0,0,0,0
8148,948,0,0,0,0,0,0,0,0,0
8149,338,0,0,0,0,0,0,0,0,0
8150,154,0,0,0,0,0,0,0,0,0
8152,173,0,0,0,0,0,0,0,0,0
8153,732,0,0,0,0,0,0,0,0,0
8153,756,0,0,0,0,0,0,0,0,0
8155,205,0,0,0,0,0,0,0,0,0
8155,601,0,0,0,0,0,0,0,0,0
8156,422,0,0,0,0,0,0,0,0,0
8156,774,0,0,0,0,0,0,0,0,0
8157,451,0,0,0,0,0,0,0,0,0
8159,109,0,0,0,0,0,0,0,0,0
8160,325,0,0,0,0,0,0,0,0,0
8162,202,0,0,0,0,0,0,0,0,0
8163,316,0,0,0,0,0,0,0,0,0
8163,956,0,0,0,0,0,0,0,0,0
8164,113,0,0,0,0,0,0,0,0,0
8164,248,0,0,0,0,0,0,0,0,0
8164,323,0,0,0,0,0,0,0,0,0
8165,101,0,0,0,0,0,0,0,0,0
8168,162,0,0,0,0,0,0,0,0,0
8170,350,0,0,0,0,0,0,0,0,0
8170,507,0,0,0,0,0,0,0,0,0
8171,180,0,0,0,0,0,0,0,0,0
8171,380,0,0,0,0,0,0,0,0,0
8171,796,0,0,0,0,0,0,0,0,0
8172,143,0,0,0,0,0,0,0,0,0
8174,631,0,0,0,0,0,0,0,0,0
8175,115,0,0,0,0,0,0,0,0,0
8175,687,0,0,0,0,0,0,0,0,0
8178,244,0,0,0,0,0,0,0,0,0
8179,172,0,0,0,0,0,0,0,0,0
8179,853,0,0,0,0,0,0,0,0,0
8183,320,0,0,0,0,0,0,0,0,0
8184,144,0,0,0,0,0,0,0,0,0
8185,305,0,0,0,0,0,0,0,0,0
8185,674,0,0,0,0,0,0,0,0,0
8186,213,0,0,0,0,0,0,0,0,0
8192,374,0,0,0,0,0,0,0,0,0
8193,407,0,0,0,0,0,0,0,0,0
8193,841,0,0,0,0,0,0,0,0,0
8195,115,0,0,0,0,0,0,0,0,0
8196,160,0,0,0,0,0,0,0,0,0
8196,553,0,0,0,0,0,0,0,0,0
8196,650,0,0,0,0,0,0,0,0,0
8196,700,0,0,0,0,0,0,0,0,0
8197,630,0,0,0,0,0,0,0,0,0
8198,177,0,0,0,0,0,0,0,0,0
8198,360,0,0,0,0,0,0,0,0,0
8201,199,0,0,0,0,0,0,0,0,0
8202,323,0,0,0,0,0,0,0,0,0
8202,759,0,0,0,0,0,0,0,0,0
8204,223,0,0,0,0,0,0,0,0,0
8204,437,0,0,0,0,0,0,0,0,0
8204,485,0,0,0,0,0,0,0,0,0
8204,514,0,0,0,0,0,0,0,0,0
8205,280,0,0,0,0,0,0,0,0,0
8207,385,0,0,0,0,0,0,0,0,0
8208,167,0,0,0,0,0,0,0,0,0
8208,321,0,0,0,0,0,0,0,0,0
8208,443,0,0,0,0,0,0,0,0,0
8208,537,0,0,0,0,0,0,0,0,0
8208,844,0,0,0,0,0,0,0,0,0
8208,933,0,0,0,0,0,0,0,0,0
8209,155,0,0,0,0,0,0,0,0,0
8209,497,0,0,0,0,0,0,0,0,0
8210,277,0,0,0,0,0,0,0,0,0
8213,364,0,0,0,0,0,0,0,0,0
8214,189,0,0,0,0,0,0,0,0,0
8214,331,0,0,0,0,0,0,0,0,0
8216,439,0,0,0,0,0,0,0,0,0
8217,101,0,0,0,0,0,0,0,0,0
8218,423,0,0,0,0,0,0,0,0,0
8219,137,0,0,0,0,0,0,0,0,0
8221,155,0,0,0,0,0,0,0,0,0
8221,227,0,0,0,0,0,0,0,0,0
8221,725,0,0,0,0,0,0,0,0,0
8222,410,0,0,0,0,0,0,0,0,0
8223,451,0,0,0,0,0,0,0,0,0
8224,532,0,0,0,0,0,0,0,0,0
8226,739,0,0,0,0,0,0,0,0,0
8227,120,0,0,0,0,0,0,0,0,0
8227,166,0,0,0,0,0,0,0,0,0
8227,173,0,0,1,0,0,0,0,0,0
8227,581,0,0,0,0,0,0,0,0,0
8228,746,0,0,0,0,0,0,0,0,0
8230,162,0,0,0,0,0,0,0,0,0
8231,449,0,0,0,0,0,0,0,0,0
8231,565,0,0,0,0,0,0,0,0,0
8234,361,0,0,0,0,0,0,0,0,0
8234,511,0,0,0,0,0,0,0,0,0
8236,486,0,0,0,0,0,0,0,0,0
8237,128,0,0,0,0,0,0,0,0,0
8237,140,0,0,0,0,0,0,0,0,0
8237,214,0,0,0,0,0,0,0,0,0
8238,134,0,0,0,0,0,0,0,0,0
8238,280,0,0,0,0,0,0,0,0,0
8238,424,0,0,0,0,0,0,0,0,0
8239,316,0,0,0,0,0,0,0,0,0
8240,117,0,0,0,0,0,0,0,0,0
8240,163,0,0,0,0,0,0,0,0,0
8240,326,0,0,0,0,0,0,0,0,0
8240,466,0,0,0,0,0,0,0,0,0
8242,267,0,0,0,0,0,0,0,0,0
8242,694,0,0,0,0,0,0,0,0,0
8243,431,0,0,0,0,0,0,0,0,0
8244,314,0,0,0,0,0,0,0,0,0
8244,622,0,0,0,0,0,0,0,0,0
8245,166,0,0,0,0,0,0,0,0,0
8245,206,0,0,0,0,0,0,0,0,0
8245,646,0,0,0,0,0,0,0,0,0
8245,702,0,0,0,0,0,0,0,0,0
8245,1000,0,0,0,0,1,0,0,0,0
8246,406,0,0,0,0,0,0,0,0,0
8246,689,0,0,0,0,0,0,0,0,0
8247,129,0,0,0,0,0,0,0,0,0
8248,476,0,0,0,0,0,0,0,0,0
8248,780,0,0,0,0,0,0,0,0,0
8250,117,0,0,0,0,0,0,0,0,0
8251,234,0,0,0,0,0,0,0,0,0
8251,508,0,0,0,0,0,0,0,0,0
8251,517,0,0,0,0,0,0,0,0,0
8252,104,0,0,0,0,0,0,0,0,0
8254,224,0,0,0,0,0,0,0,0,0
8254,781,0,0,0,0,0,0,0,0,0
8255,270,0,0,0,0,0,0,0,0,0
8255,638,0,0,0,0,0,0,0,0,0
8256,230,0,0,0,0,0,0,0,0,0
8257,175,0,0,0,0,0,0,0,0,0
8258,315,0,0,0,0,0,0,0,0,0
8258,432,0,0,0,0,0,0,0,0,0
8260,575,0,0,0,0,0,0,0,0,0
8260,774,0,0,0,0,0,0,0,0,0
8263,484,0,0,0,0,0,0,0,0,0
8265,186,0,0,0,0,0,0,0,0,0
8265,218,0,0,0,0,0,0,0,0,0
8266,190,0,0,0,0,0,0,0,0,0
8266,217,0,0,0,0,0,0,0,0,0
8269,130,0,0,0,0,0,0,0,0,0
8269,208,0,0,0,0,0,0,0,0,0
8271,130,0,0,0,0,0,0,0,0,0
8271,206,0,0,0,0,0,0,0,0,0
8271,435,0,0,0,0,0,0,0,0,0
8272,160,0,0,0,0,0,0,0,0,0
8273,126,0,1,0,0,0,0,0,0,0
8274,140,0,0,0,0,0,0,0,0,0
8274,617,0,0,0,0,0,0,0,0,0
8275,102,0,0,0,0,0,0,0,0,0
8275,261,0,0,0,0,0,0,0,0,0
8275,287,0,0,0,0,0,0,0,0,0
8276,279,0,0,0,0,0,0,0,0,0
8276,377,0,0,0,0,0,0,0,0,0
8276,476,0,0,0,0,0,0,0,0,0
8277,126,0,0,0,0,0,0,0,0,0
8277,336,0,0,0,0,0,0,0,0,0
8277,712,0,0,0,0,0,0,0,0,0
8280,446,0,0,0,0,0,0,0,0,0
8280,630,0,0,0,0,0,0,0,0,0
8283,539,0,0,0,0,0,0,0,0,0
8284,241,0,0,0,0,0,0,0,0,0
8284,790,0,0,0,0,0,0,0,0,0
8287,251,0,0,0,0,0,0,0,0,0
8288,281,0,0,0,0,0,0,0,0,0
8291,131,0,0,0,0,0,0,0,0,0
8293,450,0,0,0,0,0,0,0,0,0
8293,690,0,0,0,0,0,0,0,0,0
8293,715,0,0,0,0,0,0,0,0,0
8293,967,0,0,0,0,0,0,0,0,0
8296,154,0,0,0,0,0,0,0,0,0
8296,529,0,0,0,0,0,0,0,0,0
8303,108,0,0,0,0,0,0,0,0,0
8303,384,0,0,0,0,0,0,0,0,0
8306,485,0,0,0,0,0,0,0,0,0
8306,821,0,0,0,0,0,0,0,0,0
8307,124,0,0,0,0,0,0,0,0,0
8309,145,0,0,0,0,0,0,0,0,0
8309,194,0,0,0,0,0,0,0,0,0
8309,330,0,0,0,0,0,0,0,0,0
8310,646,0,0,0,0,0,0,0,0,0
8311,244,0,0,0,0,0,0,0,0,0
8312,592,0,0,0,0,0,0,0,0,0
8312,650,0,0,0,0,0,0,0,0,0
8313,217,0,0,0,0,0,0,0,0,0
8314,284,0,0,0,0,0,0,0,0,0
8314,931,0,0,0,0,0,0,0,0,0
8315,160,0,0,0,0,0,0,0,0,0
8315,999,0,0,0,0,0,0,0,0,0
8316,134,0,0,0,0,0,0,0,0,0
8317,644,0,0,0,0,0,0,0,0,0
8317,733,0,0,0,0,0,0,0,0,0
8318,133,0,0,0,0,0,0,0,0,0
8319,540,0,0,0,0,0,0,0,0,0
8320,788,0,0,0,0,0,0,0,0,0
8322,849,0,0,0,0,0,0,0,0,0
8325,156,0,0,0,0,0,0,0,0,0
8325,823,0,0,0,0,0,0,0,0,0
8326,163,0,0,0,0,0,0,0,0,0
8326,470,0,0,0,0,0,0,0,0,0
8328,746,0,0,0,0,0,0,0,0,0
8329,611,0,0,0,0,0,0,0,0,0
8330,229,0,0,0,0,0,0,0,0,0
8330,514,0,0,0,0,0,0,0,0,0
8331,421,0,0,0,0,0,0,0,0,0
8334,250,0,0,0,0,0,0,0,0,0
8334,272,0,0,0,0,0,0,0,0,0
8335,112,0,0,0,0,0,0,0,0,0
8337,149,0,0,0,0,0,0,0,0,0
8338,124,0,0,0,0,0,0,0,0,0
8338,292,0,0,0,0,0,0,0,0,0
8340,174,0,0,0,0,0,0,0,0,0
8340,183,0,0,0,0,0,0,0,0,0
8344,126,0,0,0,0,0,0,0,0,0
8344,143,0,0,0,0,0,0,0,0,0
8344,519,0,0,0,0,0,0,0,0,0
8344,566,0,0,0,0,0,0,0,0,0
8344,596,0,0,0,0,0,0,0,0,0
8345,643,0,0,0,0,0,0,0,0,0
8346,914,0,0,0,0,0,0,0,0,0
8349,113,0,0,0,0,0,0,0,0,0
8349,114,0,0,0,1,0,0,0,0,0
8351,220,0,0,0,0,0,0,0,0,0
8354,184,0,0,0,0,0,0,0,0,0
8354,464,0,0,0,0,0,0,0,0,0
8355,334,0,0,0,0,0,0,0,0,0
8356,202,0,0,0,0,0,0,0,0,0
8356,773,0,0,0,0,0,0,0,0,0
8358,423,0,0,1,0,0,0,0,0,0
8359,127,0,0,0,0,0,0,0,0,0
8360,282,0,0,0,0,0,0,0,0,0
8360,352,0,0,0,0,0,0,0,0,0
8361,154,0,0,0,0,0,0,0,0,0
8361,196,0,0,0,0,0,0,0,0,0
8361,207,0,0,0,0,0,0,0,0,0
8362,640,0,0,0,0,0,0,0,0,0
8362,728,0,0,0,0,0,0,0,0,0
8363,245,0,0,0,0,0,0,0,0,0
8363,315,0,0,0,0,0,0,0,0,0
8363,333,0,0,0,0,0,0,0,0,0
8364,139,0,0,0,0,0,0,0,0,0
8364,212,0,0,0,0,0,0,0,0,0
8366,173,0,0,0,0,0,0,0,0,0
8367,356,0,0,0,0,0,0,0,0,0
8369,165,0,0,0,0,0,0,0,0,0
8369,721,0,0,0,0,0,0,0,0,0
8371,309,0,0,0,0,0,0,0,0,0
8375,515,0,0,0,0,0,0,0,0,0
8376,103,0,0,0,0,0,0,0,0,0
8377,582,0,0,0,0,0,0,0,0,0
8377,894,0,0,0,0,0,0,0,0,0
8379,404,0,0,0,0,0,0,0,0,0
8380,109,0,0,0,0,0,0,0,0,0
8380,451,0,0,0,0,0,0,0,0,0
8381,362,0,0,0,0,0,0,0,0,0
8382,695,0,0,0,0,0,0,0,0,0
8382,818,0,0,0,0,0,0,0,0,0
8384,312,0,0,0,0,0,0,0,0,0
8388,117,0,0,0,0,0,0,0,0,0
8388,142,0,0,0,0,0,0,0,0,0
8388,171,0,0,0,0,0,0,0,0,0
8389,124,0,0,0,0,0,0,0,0,0
8389,200,0,0,0,0,0,0,0,0,0
8391,516,0,0,0,0,0,0,0,0,0
8392,142,0,0,0,0,0,0,0,0,0
8392,193,0,0,0,0,0,0,0,0,0
8392,211,0,0,0,0,0,0,0,0,0
8396,143,0,0,0,0,0,0,0,0,0
8397,142,0,0,0,0,0,0,0,0,0
8398,120,0,0,0,0,0,0,0,0,0
8399,210,0,0,0,0,0,0,0,0,0
8400,203,0,0,0,0,0,0,0,0,0
8400,431,0,0,0,0,0,0,0,0,0
8401,156,0,0,0,0,0,0,0,0,0
8404,137,0,0,0,0,0,0,0,0,0
8406,432,0,0,0,0,0,0,0,0,0
8409,121,0,0,0,0,0,0,0,0,0
8411,125,0,0,0,0,0,0,0,0,0
8413,196,0,0,0,0,0,0,0,0,0
8414,146,0,0,0,0,0,0,0,0,0
8414,157,0,0,0,0,0,0,0,0,0
8416,340,0,0,0,0,0,0,0,0,0
8418,257,0,0,0,0,0,0,0,0,0
8418,346,0,0,0,0,0,0,0,0,0
8418,930,0,0,0,0,0,0,0,0,0
8419,223,0,0,0,0,0,0,0,0,0
8419,937,0,0,0,0,0,0,0,0,0
8421,221,0,0,0,0,0,0,0,0,0
8423,135,0,0,0,0,0,0,0,0,0
8423,789,0,0,0,0,0,0,0,0,0
8424,174,0,0,0,0,0,0,0,0,0
8424,294,0,0,0,0,0,0,0,0,0
8425,319,0,0,0,0,0,0,0,0,0
8426,323,0,0,0,0,0,0,0,0,0
8427,122,0,0,0,0,0,0,0,0,0
8427,123,0,1,0,0,0,0,0,0,0
8429,105,0,0,0,0,0,0,0,0,0
8429,433,0,0,0,0,0,0,0,0,0
8431,138,0,0,0,0,0,0,0,0,0
8432,118,0,0,0,0,0,0,0,0,0
8433,308,0,0,0,0,0,0,0,0,0
8433,659,0,0,0,0,0,0,0,0,0
8433,800,0,0,0,0,0,0,0,0,0
8434,175,0,0,0,0,0,0,0,0,0
8434,971,0,0,0,0,0,0,0,0,0
8435,236,0,0,0,0,0,0,0,0,0
8436,105,0,0,0,0,0,0,0,0,0
8436,636,0,0,0,0,0,0,0,0,0
8436,668,0,0,0,0,0,0,0,0,0
8437,402,0,0,0,0,0,0,0,0,0
8438,393,0,0,0,0,0,0,0,0,0
8440,119,0,0,0,0,0,0,0,0,0
8440,122,0,0,0,0,0,0,0,0,0
8440,447,0,0,0,0,0,0,0,0,0
8440,561,0,0,0,0,0,0,0,0,0
8442,134,0,0,0,0,0,0,0,0,0
8444,388,0,0,0,0,0,0,0,0,0
8446,122,0,0,0,0,0,0,0,0,0
8448,623,0,0,0,0,0,0,0,0,0
8452,594,0,0,0,0,0,0,0,0,0
8453,372,0,0,0,0,0,0,0,0,0
8454,815,0,0,0,0,0,0,0,0,0
8456,174,0,0,0,0,0,0,0,0,0
8457,101,0,0,0,0,0,0,0,0,0
8457,911,0,0,0,0,0,0,0,0,0
8460,148,0,0,0,0,0,0,0,0,0
8463,965,0,0,0,0,0,0,0,0,0
8465,257,0,0,0,0,0,0,0,0,0
8465,742,0,0,0,0,0,0,0,0,0
8467,220,0,0,0,0,0,0,0,0,0
8467,245,0,0,0,0,0,0,0,0,0
8468,103,0,0,0,0,0,0,0,0,0
8468,209,0,0,0,0,0,0,0,0,0
8468,472,0,0,0,0,0,0,0,0,0
8468,880,0,0,0,0,0,0,0,0,0
8468,981,0,0,0,0,0,0,0,0,0
8470,109,0,0,0,0,0,0,0,0,0
8470,249,0,0,0,0,0,0,0,0,0
8470,294,0,0,0,0,0,0,0,0,0
8471,167,0,0,0,0,0,0,0,0,0
8473,122,0,0,0,0,0,0,0,0,0
8476,133,0,0,0,0,0,0,0,0,0
8476,167,0,0,0,0,0,0,0,0,0
8476,207,0,0,0,0,0,0,0,0,0
8476,247,0,0,0,0,0,0,0,0,0
8478,855,0,0,0,0,0,0,0,0,0
8479,106,0,0,0,0,0,0,0,0,0
8480,416,0,0,0,0,0,0,0,0,0
8482,237,0,0,0,0,0,0,0,0,0
8482,277,0,0,0,0,0,0,0,0,0
8482,872,0,0,0,0,0,0,0,0,0
8484,158,0,0,0,0,0,0,0,0,0
8486,120,0,0,0,0,0,0,0,0,0
8486,411,0,0,0,0,0,0,0,0,0
8488,604,0,0,0,0,0,0,0,0,0
8489,182,0,0,0,0,0,0,0,0,0
8490,968,0,0,0,0,0,0,0,0,0
8491,109,0,0,0,0,0,0,0,0,0
8491,256,0,0,0,0,0,0,0,0,0
8491,755,0,0,0,0,0,0,0,0,0
8492,146,0,0,0,0,0,0,0,0,0
8492,198,0,0,0,0,0,0,0,0,0
8492,633,0,0,0,0,0,0,0,0,0
8494,803,0,0,0,0,0,0,0,0,0
8495,158,0,0,0,0,0,0,0,0,0
8496,145,0,0,0,0,0,0,0,0,0
8496,155,0,0,0,0,0,0,0,0,0
8496,682,0,0,0,0,0,0,0,0,0
8497,101,0,0,0,0,0,0,0,0,0
8497,227,0,0,0,0,0,0,0,0,0
8497,573,0,0,0,0,0,0,0,0,0
8499,250,0,0,0,0,0,0,0,0,0
8500,262,0,0,0,0,0,0,0,0,0
8500,352,0,0,0,0,0,0,0,0,0
8502,339,0,0,0,0,0,0,0,0,0
8502,384,0,0,0,0,0,0,0,0,0
8502,463,0,0,0,0,0,0,0,0,0
8503,180,0,0,0,0,0,0,0,0,0
8503,450,0,0,0,0,0,0,0,0,0
8505,219,0,0,0,0,0,0,0,0,0
8505,282,0,0,0,0,0,0,0,0,0
8505,501,0,0,0,0,0,0,0,0,0
8507,590,0,0,0,0,0,0,0,0,0
8507,641,0,0,0,0,0,0,0,0,0
8512,414,0,0,0,0,0,0,0,0,0
8512,884,0,0,0,0,0,0,0,0,0
8513,119,0,0,0,0,0,0,0,0,0
8516,696,0,0,0,0,0,0,0,0,0
8517,342,0,0,0,0,0,0,0,0,0
8519,133,0,0,0,0,0,0,0,0,0
8519,326,0,0,0,0,0,0,0,0,0
8519,515,0,0,0,0,0,0,0,0,0
8519,960,0,0,0,0,0,0,0,0,0
8522,153,0,0,0,0,0,0,0,0,0
8523,603,0,0,0,0,0,0,0,0,0
8523,788,0,0,0,0,0,0,0,0,0
8526,284,0,0,1,0,0,0,0,0,0
8529,424,0,0,0,0,0,0,0,0,0
8529,543,0,0,0,0,0,0,0,0,0
8529,755,0,0,0,0,0,0,0,0,0
8530,966,0,0,0,0,0,0,0,0,0
8531,149,0,0,0,0,0,0,0,0,0
8531,295,0,0,0,0,0,0,0,0,0
8531,365,0,0,0,0,0,0,0,0,0
8533,238,0,0,0,0,0,0,0,0,0
8534,218,0,0,0,0,0,0,0,0,0
8535,296,0,0,0,0,0,0,0,0,0
8535,742,0,0,0,0,0,0,0,0,0
8536,842,0,0,0,0,0,0,0,0,0
8537,182,0,0,0,0,0,0,0,0,0
8538,244,0,0,0,0,0,0,0,0,0
8538,258,0,0,0,0,0,0,0,0,0
8538,536,0,0,0,0,0,0,0,0,0
8541,136,0,0,0,0,0,0,0,0,0
8543,148,0,0,0,0,0,0,0,0,0
8543,302,0,0,0,0,0,0,0,0,0
8544,197,0,0,0,0,0,0,0,0,0
8544,899,0,0,0,0,0,0,0,0,0
8546,897,0,0,0,0,0,0,0,0,0
8547,417,0,0,0,0,0,0,0,0,0
8548,158,0,0,0,0,0,0,0,0,0
8548,228,0,0,0,0,0,0,0,0,0
8548,481,0,0,0,0,0,0,0,0,0
8549,199,0,0,0,0,0,0,0,0,0
8550,148,0,0,0,0,0,0,0,0,0
8550,270,0,0,0,0,0,0,0,0,0
8552,274,0,0,0,0,0,0,0,0,0
8552,286,0,0,0,0,0,0,0,0,0
8553,375,0,0,0,0,0,0,0,0,0
8554,399,0,0,0,0,0,0,0,0,0
8556,762,0,0,0,0,0,0,0,0,0
8557,151,0,0,0,0,0,0,0,0,0
8558,268,0,0,0,0,0,0,0,0,0
8560,986,0,0,0,0,0,0,0,0,0
8561,187,0,0,0,0,0,0,0,0,0
8561,338,0,0,0,0,0,0,0,0,0
8561,711,0,0,0,0,0,0,0,0,0
8562,179,0,0,0,0,0,0,0,0,0
8566,273,0,0,0,0,0,0,0,0,0
8566,853,0,0,0,0,0,0,0,0,0
8568,323,0,0,0,0,0,0,0,0,0
8568,788,0,0,0,0,0,0,0,0,0
8569,119,0,0,0,0,0,0,0,0,0
8569,160,0,0,0,0,0,0,0,0,0
8569,557,0,0,0,0,0,0,0,0,0
8570,113,0,0,0,0,0,0,0,0,0
8570,488,0,0,0,0,0,0,0,0,0
8572,381,0,0,1,0,0,0,0,0,0
8575,153,0,0,0,0,0,0,0,0,0
8575,408,0,0,0,0,0,0,0,0,0
8576,107,0,0,0,0,0,0,0,0,0
8576,944,0,0,0,0,0,0,0,0,0
8577,262,0,0,0,0,0,0,0,0,0
8578,113,0,0,0,0,0,0,0,0,0
8578,329,0,0,0,0,0,0,0,0,0
8579,769,0,0,0,0,0,0,0,0,0
8580,169,0,0,0,0,0,0,0,0,0
8583,488,0,0,0,0,0,0,0,0,0
8584,313,0,0,0,0,0,0,0,0,0
8585,141,0,0,0,0,0,0,0,0,0
8585,556,0,0,0,0,0,0,0,0,0
8585,619,0,0,0,0,0,0,0,0,0
8585,631,0,0,0,0,0,0,0,0,0
8587,135,0,0,0,0,0,0,0,0,0
8587,248,0,0,0,0,0,0,0,0,0
8587,856,0,0,0,0,0,0,0,0,0
8588,630,0,0,0,0,0,0,0,0,0
8591,253,0,0,0,0,0,0,0,0,0
8591,858,0,0,0,0,0,0,0,0,0
8594,197,0,0,0,0,0,0,0,0,0
8595,689,0,0,0,0,0,0,0,0,0
8597,185,0,0,0,0,0,0,0,0,0
8598,899,0,0,0,0,0,0,0,0,0
8599,109,0,0,0,0,0,0,0,0,0
8599,270,1,0,0,0,0,0,0,0,0
8600,474,0,0,0,0,0,0,0,0,0
8601,144,0,0,0,0,0,0,0,0,0
8601,337,0,0,0,0,0,0,0,0,0
8601,857,0,0,0,0,0,0,0,0,0
8604,349,0,0,0,0,0,0,0,0,0
8605,226,0,0,0,0,0,0,0,0,0
8607,812,0,0,0,0,0,0,0,0,0
8608,188,0,0,0,0,0,0,0,0,0
8611,466,0,0,0,0,0,0,0,0,0
8616,447,0,0,0,0,0,0,0,0,0
8617,324,0,0,0,0,0,0,0,0,0
8617,391,0,0,0,0,0,0,0,0,0
8617,630,0,0,0,0,0,0,0,0,0
8617,739,0,0,0,0,0,0,0,0,0
8622,409,0,0,0,0,0,0,0,0,0
8623,138,0,0,0,0,0,0,0,0,0
8623,525,0,0,0,0,0,0,0,0,0
8626,161,0,0,0,0,0,0,0,0,0
8629,139,0,0,0,0,0,0,0,0,0
8630,766,0,0,0,0,0,0,0,0,0
8631,276,0,0,0,0,0,0,0,0,0
8633,350,0,0,0,0,0,0,0,0,0
8636,123,0,0,0,0,0,0,0,0,0
8636,300,0,0,0,0,0,0,0,0,0
8636,326,0,0,0,0,0,0,0,0,0
8636,395,0,0,0,0,0,0,0,0,0
8636,521,0,0,0,0,0,0,0,0,0
8637,310,0,0,0,0,0,0,0,0,0
8637,954,0,0,0,0,0,0,0,0,0
8638,882,0,0,0,0,0,0,0,0,0
8639,322,0,0,0,0,0,0,0,0,0
8640,461,0,0,0,0,0,0,0,0,0
8640,476,0,0,0,0,0,0,0,0,0
8640,492,0,0,0,0,0,0,0,0,0
8640,525,0,0,0,0,0,0,0,0,0
8642,912,0,0,0,0,0,0,0,0,0
8643,512,0,0,0,0,0,0,0,0,0
8645,845,0,0,0,0,0,0,0,0,0
8647,493,0,0,0,0,0,0,0,0,0
8648,262,0,0,0,0,0,0,0,0,0
8648,381,0,0,0,0,0,0,0,0,0
8648,717,0,0,0,0,0,0,0,0,0
8650,638,0,0,0,0,0,0,0,0,0
8651,579,0,0,0,0,0,0,0,0,0
8652,578,0,0,0,0,0,0,0,0,0
8653,668,0,0,0,0,0,0,0,0,0
8655,116,0,0,0,0,0,0,0,0,0
8655,605,0,0,0,0,0,0,0,0,0
8656,120,0,0,0,0,0,0,0,0,0
8659,290,0,0,0,0,0,0,0,0,0
8660,203,0,0,0,0,0,0,0,0,0
8660,437,0,0,0,0,0,0,0,0,0
8660,612,0,0,0,0,0,0,0,0,0
8661,998,0,0,0,0,0,0,0,0,0
8662,266,0,0,0,0,0,0,0,0,0
8663,494,0,0,0,0,0,0,0,0,0
8670,226,0,0,0,0,0,0,0,0,0
8674,389,0,0,0,0,0,0,0,0,0
8674,693,0,0,0,0,0,0,0,0,0
8677,330,0,0,0,0,0,0,0,0,0
8677,672,0,0,0,0,0,0,0,0,0
8677,843,0,0,0,0,0,0,0,0,0
8679,211,0,1,0,0,0,0,0,0,0
8683,771,0,0,0,0,0,0,0,0,0
8686,315,0,0,0,0,0,0,0,0,0
8687,134,0,0,0,0,0,0,0,0,0
8689,122,0,0,0,0,0,0,0,0,0
8692,316,0,0,0,0,0,0,0,0,0
8696,121,0,0,0,0,0,0,0,0,0
8697,129,0,0,0,0,0,0,0,0,0
8697,238,0,0,0,0,0,0,0,0,0
8697,703,0,0,0,0,0,0,0,0,0
8704,633,0,0,0,0,0,0,0,0,0
8705,115,0,0,0,0,0,0,0,0,0
8705,147,0,0,0,0,0,0,0,0,0
8708,660,0,0,0,0,0,0,0,0,0
8711,121,0,0,0,0,0,0,0,0,0
8711,636,0,0,0,0,0,0,0,0,0
8711,952,0,0,0,0,0,0,0,0,0
8712,157,0,0,0,0,0,0,0,0,0
8713,274,0,0,0,0,0,0,0,0,0
8715,130,0,0,0,0,0,0,0,0,0
8721,801,0,0,0,0,0,0,0,0,0
8722,351,0,0,0,0,0,0,0,0,0
8722,887,0,0,0,0,0,0,0,0,0
8722,919,0,0,0,0,0,0,0,0,0
8723,121,0,0,0,0,0,0,0,0,0
8723,484,0,0,0,0,0,0,0,0,0
8724,657,0,0,0,0,0,0,0,0,0
8725,138,0,0,0,0,0,0,0,0,0
8726,264,0,0,0,0,0,0,0,0,0
8727,211,0,0,0,0,0,0,0,0,0
8727,620,0,0,0,0,0,0,0,0,0
8727,827,0,0,0,0,0,0,0,0,0
8728,404,0,0,0,0,0,0,0,0,0
8729,123,0,0,0,0,0,0,0,0,0
8729,670,0,0,0,0,0,0,0,0,0
8729,791,0,0,0,0,0,0,0,0,0
8730,962,0,0,0,0,0,0,0,0,0
8734,163,0,0,0,0,0,0,0,0,0
8739,248,1,0,0,0,0,0,0,0,0
8740,125,0,0,0,0,0,0,0,0,0
8740,167,0,0,0,0,0,0,0,0,0
8742,494,0,0,0,0,0,0,0,0,0
8743,147,0,0,0,0,0,0,0,0,0
8745,151,0,0,0,0,0,0,0,0,0
8745,159,0,1,0,0,0,0,0,0,0
8748,211,0,0,0,0,0,0,0,0,0
8748,563,0,0,0,0,0,0,0,0,0
8753,745,0,0,0,0,0,0,0,0,0
8754,759,0,0,0,0,0,0,0,0,0
8755,192,0,0,0,0,0,0,0,0,0
8755,435,0,0,0,0,0,0,0,0,0
8758,591,0,0,0,0,0,0,0,0,0
8760,330,0,0,0,0,0,0,0,0,0
8760,452,0,0,0,0,0,0,0,0,0
8761,118,0,0,0,0,0,0,0,0,0
8761,156,0,0,0,0,0,0,0,0,0
8761,306,0,0,0,0,0,0,0,0,0
8761,390,0,0,0,0,0,0,0,0,0
8762,614,0,0,0,0,0,0,0,0,0
8764,414,0,0,0,0,0,0,0,0,0
8765,616,0,0,0,0,0,0,0,0,0
8766,195,0,0,0,0,0,0,0,0,0
8766,774,0,0,0,0,0,0,0,0,0
8767,173,0,0,0,0,0,0,0,0,0
8767,413,0,0,0,0,0,0,0,0,0
8767,635,0,0,0,0,0,0,0,0,0
8770,987,0,0,0,0,0,0,0,0,0
8771,224,0,0,0,0,0,0,0,0,0
8775,118,0,0,0,0,0,0,0,0,0
8778,109,0,0,0,0,0,0,0,0,0
8778,188,0,0,0,0,0,0,0,0,0
8778,205,0,0,0,0,0,0,0,0,0
8778,440,0,0,0,0,0,0,0,0,0
8780,227,0,0,0,0,0,0,0,0,0
8782,111,0,0,0,0,0,0,0,0,0
8782,207,0,0,0,0,0,0,0,0,0
8782,430,0,0,0,0,0,0,0,0,0
8782,769,0,0,0,0,0,0,0,0,0
8782,943,0,0,0,0,0,0,0,0,0
8785,106,0,0,0,0,0,0,0,0,0
8785,529,0,0,0,0,0,0,0,0,0
8788,119,0,0,0,0,0,0,0,0,0
8791,749,0,0,0,0,0,0,0,0,0
8791,835,0,0,0,0,0,0,0,0,0
8792,573,0,0,0,0,0,0,0,0,0
8793,397,0,0,0,0,0,0,0,0,0
8796,306,0,0,0,0,0,0,0,0,0
8797,234,0,0,0,0,0,0,0,0,0
8798,130,0,0,0,0,0,0,0,0,0
8798,248,0,0,0,0,0,0,0,0,0
8798,589,0,0,0,0,0,0,0,0,0
8799,860,0,0,0,0,0,0,0,0,0
8806,129,0,0,0,0,0,0,0,0,0
8807,918,0,0,0,0,0,0,0,0,0
8809,915,0,0,0,0,0,0,0,0,0
8812,252,0,0,0,0,0,0,0,0,0
8816,637,0,0,0,0,0,0,0,0,0
8818,122,0,0,0,0,0,0,0,0,0
8818,351,0,0,0,0,0,0,0,0,0
8818,448,0,0,0,0,0,0,0,0,0
8819,128,0,0,0,0,0,0,0,0,0
8820,121,0,0,0,0,0,0,0,0,0
8820,760,0,0,0,0,0,0,0,0,0
8824,530,0,0,0,0,0,0,0,0,0
8825,173,0,0,0,0,0,0,0,0,0
8826,127,0,0,0,0,0,0,0,0,0
8826,847,0,0,0,0,0,0,0,0,0
8827,328,0,0,0,0,0,0,0,0,0
8829,161,0,0,0,0,0,0,0,0,0
8832,108,0,0,0,0,0,0,0,0,0
8832,826,0,0,0,0,0,0,0,0,0
8834,115,0,0,0,0,0,0,0,0,0
8835,101,0,0,0,0,0,0,0,0,0
8836,208,0,0,0,0,0,0,0,0,0
8837,281,0,0,0,0,0,0,0,0,0
8837,550,0,0,0,0,0,0,0,0,0
8840,671,0,0,0,0,0,0,0,0,0
8841,546,0,0,0,0,0,0,0,0,0
8844,146,0,0,0,0,0,0,0,0,0
8846,121,0,0,0,0,0,0,0,0,0
8846,256,0,0,0,0,0,0,0,0,0
8846,389,0,0,0,0,0,0,0,0,0
8848,397,0,0,0,0,0,0,0,0,0
8848,542,0,0,0,0,0,0,0,0,0
8852,459,0,0,0,0,0,0,0,0,0
8854,110,0,0,0,0,0,0,0,0,0
8855,818,0,0,0,0,0,0,0,0,0
8857,126,0,0,0,0,0,0,0,0,0
8857,138,0,0,0,0,0,0,0,0,0
8857,193,0,0,0,0,0,0,0,0,0
8857,446,0,0,0,0,0,0,0,0,0
8859,769,0,0,0,0,0,0,0,0,0
8860,352,0,0,0,0,0,0,0,0,0
8865,228,0,0,0,0,0,0,0,0,0
8867,554,0,0,0,0,0,0,0,0,0
8868,244,0,0,0,0,0,0,0,0,0
8868,304,0,0,0,0,0,0,0,0,0
8869,223,0,0,0,0,0,0,0,0,0
8870,823,0,0,0,0,0,0,0,0,0
8872,225,0,0,1,0,0,0,0,0,0
8874,200,0,0,0,0,0,0,0,0,0
8875,385,0,0,0,0,0,0,0,0,0
8877,118,0,0,0,0,0,0,0,0,0
8878,341,0,0,0,0,0,0,0,0,0
8879,762,0,0,0,0,0,0,0,0,0
8880,287,0,0,0,0,0,0,0,0,0
8880,516,0,0,0,0,0,0,0,0,0
8880,796,0,0,0,0,0,0,0,0,0
8881,778,0,0,0,0,0,0,0,0,0
8881,908,0,0,0,0,0,0,0,0,0
8882,293,0,0,0,0,0,0,0,0,0
8882,384,0,0,0,0,0,0,0,0,0
8884,481,0,0,0,0,0,0,0,0,0
8884,589,0,0,0,0,0,0,0,0,0
8885,151,0,0,0,0,0,0,0,0,0
8886,344,0,0,0,0,0,0,0,0,0
8887,210,0,0,0,0,0,0,0,0,0
8887,446,0,0,0,0,0,0,0,0,0
8888,514,0,0,0,0,0,0,0,0,0
8889,311,0,0,0,0,0,0,0,0,0
8889,468,0,0,0,0,0,0,0,0,0
8891,228,0,0,0,0,0,0,0,0,0
8891,511,0,0,0,0,0,0,0,0,0
8897,803,0,0,0,0,0,0,0,0,0
8898,166,0,0,0,0,0,0,0,0,0
8902,194,0,0,0,0,0,0,0,0,0
8902,490,0,0,0,0,0,0,0,0,0
8903,360,0,0,0,0,0,0,0,0,0
8903,473,0,0,0,0,0,0,0,0,0
8904,856,0,0,0,0,0,0,0,0,0
8907,771,0,0,0,0,0,0,0,0,0
8907,874,0,0,0,0,0,0,0,0,0
8911,308,0,0,0,0,0,0,0,0,0
8912,104,0,0,0,0,0,0,0,0,0
8913,530,0,0,0,0,0,0,0,0,0
8914,215,0,0,0,0,0,0,0,0,0
8916,174,0,0,0,0,0,0,0,0,0
8916,405,0,0,0,0,0,0,0,0,0
8917,830,0,0,0,0,0,0,0,0,0
8918,254,0,0,0,0,0,0,0,0,0
8919,145,0,0,0,0,0,0,0,0,0
8920,187,0,0,0,0,0,0,0,0,0
8920,386,0,0,0,0,0,0,0,0,0
8921,230,0,0,0,0,0,0,0,0,0
8921,732,0,0,0,0,0,0,0,0,0
8923,106,0,0,0,0,0,0,0,0,0
8923,237,0,0,0,0,0,0,0,0,0
8923,244,0,0,0,0,0,0,0,0,0
8923,299,0,0,0,0,0,0,0,0,0
8925,265,0,0,0,0,0,0,0,0,0
8925,297,0,0,0,0,0,0,0,0,0
8930,167,0,0,0,0,0,0,0,0,0
8932,416,0,0,0,0,0,0,0,0,0
8933,466,0,0,0,0,0,0,0,0,0
8934,618,0,0,0,0,0,0,0,0,0
8938,768,0,0,0,0,0,0,0,0,0
8939,107,0,0,0,0,0,0,0,0,0
8940,277,0,0,0,0,0,0,0,0,0
8940,828,0,0,0,0,0,0,0,0,0
8941,819,0,0,0,0,0,0,0,0,0
8945,996,0,0,0,0,0,0,0,0,0
8946,518,0,0,0,0,0,0,0,0,0
8947,270,0,0,0,0,0,0,0,0,0
8947,857,0,0,0,0,0,0,0,0,0
8948,274,0,0,0,0,0,0,0,0,0
8948,804,0,0,0,0,0,0,0,0,0
8950,238,0,0,0,0,0,0,0,0,0
8950,322,0,0,0,0,0,0,0,0,0
8951,294,0,0,0,0,0,0,0,0,0
8956,133,0,0,0,0,0,0,0,0,0
8957,782,0,0,0,0,0,0,0,0,0
8958,192,0,0,0,0,0,0,0,0,0
8960,437,0,0,0,0,0,0,0,0,0
8961,316,0,0,0,0,0,0,0,0,0
8963,527,0,0,0,0,0,0,0,0,0
8964,817,0,0,0,0,0,0,0,0,0
8965,270,0,0,0,0,0,0,0,0,0
8966,161,0,0,0,0,0,0,0,0,0
8966,241,0,0,0,0,0,0,0,0,0
8966,710,0,0,0,0,0,0,0,0,0
8967,136,0,0,0,0,0,0,0,0,0
8968,138,0,0,0,0,0,0,0,0,0
8969,105,0,0,0,0,0,0,0,0,0
8969,219,0,0,0,0,0,0,0,0,0
8970,156,0,0,0,0,0,0,0,0,0
8970,481,0,0,0,0,0,0,0,0,0
8971,201,0,0,0,0,0,0,0,0,0
8971,837,0,0,0,0,0,0,0,0,0
8972,634,0,0,0,0,0,0,0,0,0
8974,262,0,0,0,0,0,0,0,0,0
8975,258,0,0,0,0,0,0,0,0,0
8975,886,0,0,0,0,0,0,0,0,0
8978,358,0,0,0,0,0,0,0,0,0
8980,171,0,0,0,0,0,0,0,0,0
8980,255,0,0,0,0,0,0,0,0,0
8981,355,0,0,0,0,0,0,0,0,0
8982,120,0,0,0,0,0,0,0,0,0
8982,126,0,0,0,0,0,0,0,0,0
8984,996,0,0,0,0,0,0,0,0,0
8985,724,0,0,0,0,0,0,0,0,0
8988,341,0,0,0,0,0,0,0,0,0
8991,165,0,0,0,0,0,0,0,0,0
8991,451,0,0,0,0,0,0,0,0,0
8993,126,0,0,0,0,0,0,0,0,0
8993,254,0,0,0,0,0,0,0,0,0
8997,456,0,0,0,0,0,0,0,0,0
8999,548,0,0,0,0,0,0,0,0,0
9000,165,0,0,0,0,0,0,0,0,0
9000,289,0,0,0,0,0,0,0,0,0
9004,146,0,0,0,0,0,0,0,0,0
9005,328,0,0,0,0,0,0,0,0,0
9005,387,0,0,0,0,0,0,0,0,0
9006,585,0,0,0,0,0,0,0,0,0
9008,180,0,0,0,0,0,0,0,0,0
9010,161,0,0,0,0,0,0,0,0,0
9011,114,0,0,0,0,0,0,0,0,0
9013,101,0,0,0,0,0,0,0,0,0
9013,258,0,0,0,0,0,0,0,0,0
9013,663,0,0,0,0,0,0,0,0,0
9014,335,0,0,0,0,0,0,0,0,0
9014,532,0,0,0,0,0,0,0,0,0
9015,135,0,0,0,0,0,0,0,0,0
9015,901,0,0,0,0,0,0,0,0,0
9016,495,0,0,0,0,0,0,0,0,0
9017,626,0,0,0,0,0,0,0,0,0
9018,708,0,0,0,0,0,0,0,0,0
9019,607,0,0,0,0,0,0,0,0,0
9021,268,0,0,0,0,0,0,0,0,0
9021,652,0,0,0,0,0,0,0,0,0
9022,270,0,0,0,0,0,0,0,0,0
9023,280,0,0,0,0,0,0,0,0,0
9024,209,0,0,0,0,0,0,0,0,0
9024,693,0,0,0,0,0,0,0,0,0
9026,125,0,0,0,0,0,0,0,0,0
9026,132,0,0,0,0,0,0,0,0,0
9027,145,0,0,0,0,0,0,0,0,0
9027,321,0,0,0,0,0,0,0,0,0
9028,136,0,0,0,0,0,0,0,0,0
9031,283,0,0,0,0,0,0,0,0,0
9032,324,0,0,0,0,0,0,0,0,0
9032,466,0,0,0,0,0,0,0,0,0
9033,819,0,0,0,0,0,0,0,0,0
9034,116,0,0,0,0,0,0,0,0,0
9034,277,0,0,0,0,0,0,0,0,0
9034,410,0,0,0,0,0,0,0,0,0
9034,713,0,0,0,0,0,0,0,0,0
9036,122,0,0,0,0,0,0,0,0,0
9037,120,0,0,0,0,0,0,0,0,0
9038,118,0,0,0,0,0,0,0,0,0
9038,514,0,0,0,0,0,0,0,0,0
9042,122,0,0,0,0,0,0,0,0,0
9043,245,0,0,0,0,0,0,0,0,0
9043,718,0,0,0,0,0,0,0,0,0
9045,822,0,0,0,0,0,0,0,0,0
9047,466,0,0,0,0,0,0,0,0,0
9048,394,0,0,0,0,0,0,0,0,0
9050,130,0,0,0,0,0,0,0,0,0
9050,140,0,0,0,0,0,0,0,0,0
9050,287,0,0,0,0,0,0,0,0,0
9050,836,0,0,0,0,0,0,0,0,0
9051,748,0,0,0,0,0,0,0,0,0
9056,298,0,0,0,0,0,0,0,0,0
9057,108,0,0,0,0,0,0,0,0,0
9057,261,0,0,0,0,0,0,0,0,0
9059,144,0,0,0,0,0,0,0,0,0
9060,203,0,0,0,0,0,0,0,0,0
9060,430,0,0,0,0,0,0,0,0,0
9060,587,0,0,0,0,0,0,0,0,0
9061,111,0,0,0,0,0,0,0,0,0
9062,391,0,0,0,0,0,0,0,0,0
9063,234,0,0,0,0,0,0,0,0,0
9064,645,0,0,0,0,0,0,0,0,0
9067,222,0,0,0,0,0,0,0,0,0
9067,472,0,0,0,0,0,0,0,0,0
9068,811,0,0,0,0,0,0,0,0,0
9069,425,0,0,0,0,0,0,0,0,0
9070,152,0,0,0,0,0,0,0,0,0
9071,875,0,0,0,0,0,0,0,0,0
9072,418,0,0,0,0,0,0,0,0,0
9075,436,0,0,0,0,0,0,0,0,0
9075,789,0,0,0,0,0,0,0,0,0
9079,318,0,0,0,0,0,0,0,0,0
9082,255,0,0,0,0,0,0,0,0,0
9082,492,0,0,0,0,0,0,0,0,0
9084,133,0,0,1,0,0,0,0,0,0
9086,257,0,0,0,0,0,0,0,0,0
9088,269,0,0,0,0,0,0,0,0,0
9092,421,0,0,0,0,0,0,0,0,0
9092,739,0,0,0,0,0,0,0,0,0
9093,168,0,0,0,0,0,0,0,0,0
9094,237,0,0,0,0,0,0,0,0,0
9094,302,0,0,0,0,0,0,0,0,0
9094,444,0,0,0,0,0,0,0,0,0
9096,235,0,0,0,0,0,0,0,0,0
9097,115,0,0,0,0,0,0,0,0,0
9098,220,0,0,0,0,0,0,0,0,0
9098,393,0,0,0,0,0,0,0,0,0
9098,399,0,0,0,0,0,0,0,0,0
9099,269,0,0,0,0,0,0,0,0,0
9101,196,0,0,0,0,0,0,0,0,0
9101,838,0,0,0,0,0,0,0,0,0
9102,157,0,0,0,0,0,0,0,0,0
9105,282,0,0,0,0,0,0,0,0,0
9106,107,0,0,0,0,0,0,0,0,0
9107,240,0,0,0,0,0,0,0,0,0
9108,642,0,0,0,0,0,0,0,0,0
9108,728,0,0,0,0,0,0,0,0,0
9109,362,0,0,0,0,0,0,0,0,0
9111,152,0,0,0,0,0,0,0,0,0
9111,257,0,0,0,0,0,0,0,0,0
9113,106,0,0,0,0,0,0,0,0,0
9113,407,0,0,0,0,0,0,0,0,0
9116,615,0,0,0,0,0,0,0,0,0
9117,405,0,0,0,0,0,0,0,0,0
9117,870,0,0,0,0,0,0,0,0,0
9118,389,0,0,0,0,0,0,0,0,0
9123,195,0,0,0,0,0,0,0,0,0
9123,627,0,0,0,0,0,0,0,0,0
9124,225,0,0,0,0,0,0,0,0,0
9124,679,0,0,0,0,0,0,0,0,0
9127,697,0,0,0,0,0,0,0,0,0
9128,117,0,0,0,0,0,0,0,0,0
9129,130,0,0,0,0,0,0,0,0,0
9129,148,0,0,0,0,0,0,0,0,0
9129,368,0,0,0,0,0,0,0,0,0
9129,451,0,0,0,0,0,0,0,0,0
9130,334,0,0,0,0,0,0,0,0,0
9133,264,0,0,0,0,0,0,0,0,0
9134,220,0,0,0,0,0,0,0,0,0
9135,101,0,0,0,0,0,0,0,0,0
9135,183,0,0,0,0,0,0,0,0,0
9135,456,0,0,0,0,0,0,0,0,0
9136,528,0,0,0,0,0,0,0,0,0
9141,143,0,0,0,0,0,0,0,0,0
9141,467,0,0,0,0,0,0,0,0,0
9141,745,0,0,0,0,0,0,0,0,0
9143,117,0,0,0,0,0,0,0,0,0
9145,254,0,0,0,0,0,0,0,0,0
9145,331,0,0,0,0,0,0,0,0,0
9145,393,0,0,0,0,0,0,0,0,0
9147,281,0,0,0,0,0,0,0,0,0
9147,833,0,0,0,0,0,0,0,0,0
9152,531,0,0,0,0,0,0,0,0,0
9154,474,0,0,0,0,0,0,0,0,0
9155,226,0,0,0,0,0,0,0,0,0
9155,229,0,0,0,0,0,0,0,0,0
9157,301,0,0,0,0,0,0,0,0,0
9159,358,0,0,0,0,0,0,0,0,0
9159,450,0,0,0,0,0,0,0,0,0
9163,290,0,0,0,0,0,0,0,0,0
9163,520,0,0,0,0,0,0,0,0,0
9163,798,0,0,0,0,0,0,0,0,0
9164,136,0,0,0,0,0,0,0,0,0
9171,113,0,0,0,0,0,0,0,0,0
9171,602,0,0,0,0,0,0,0,0,0
9171,752,0,0,0,0,0,0,0,0,0
9174,724,0,0,0,0,0,0,0,0,0
9176,763,0,0,0,0,0,0,0,0,0
9177,179,0,0,0,0,0,0,0,0,0
9177,194,0,0,0,0,0,0,0,0,0
9180,762,0,0,0,0,0,0,0,0,0
9181,167,0,0,0,0,0,0,0,0,0
9183,171,0,0,0,0,0,0,0,0,0
9183,557,0,0,0,0,0,0,0,0,0
9183,761,0,0,0,0,0,0,0,0,0
9184,213,0,0,0,0,0,0,0,0,0
9185,152,0,0,0,0,0,0,0,0,0
9186,293,0,0,0,0,0,0,0,0,0
9187,110,0,0,0,0,0,0,0,0,0
9190,264,0,0,0,0,0,0,0,0,0
9190,268,0,0,0,0,0,0,0,0,0
9194,174,0,0,0,0,0,0,0,0,0
9196,152,0,0,0,0,0,0,0,0,0
9197,340,0,0,0,0,0,0,0,0,0
9198,383,0,0,0,0,0,0,0,0,0
9199,112,0,0,0,0,0,0,0,0,0
9199,173,0,0,0,0,0,0,0,0,0
9199,658,0,0,0,0,0,0,0,0,0
9201,198,0,0,0,0,0,0,0,0,0
9203,226,0,0,0,0,0,0,0,0,0
9206,671,0,0,0,0,0,0,0,0,0
9206,772,0,0,1,0,0,0,0,0,0
9209,159,0,0,0,0,0,0,0,0,0
9214,596,0,0,0,0,0,0,0,0,0
9214,702,0,0,0,0,0,0,0,0,0
9215,491,0,0,0,0,0,0,0,0,0
9215,686,0,0,0,0,0,0,0,0,0
9221,496,0,0,0,0,0,0,0,0,0
9223,125,0,0,0,0,0,0,0,0,0
9223,274,0,0,0,0,0,0,0,0,0
9224,737,0,0,0,0,0,0,0,0,0
9228,576,0,0,0,0,0,0,0,0,0
9230,117,0,0,0,0,0,0,0,0,0
9230,475,0,0,0,0,0,0,0,0,0
9232,115,0,0,0,0,0,0,0,0,0
9232,147,0,0,0,0,0,0,0,0,0
9232,628,0,0,0,0,0,0,0,0,0
9233,150,0,0,0,0,0,0,0,0,0
9236,163,0,0,0,0,0,0,0,0,0
9237,716,0,0,0,0,0,0,0,0,0
9238,154,0,0,0,0,0,0,0,0,0
9238,543,0,0,0,0,0,0,0,0,0
9239,510,0,0,0,0,0,0,0,0,0
9240,108,0,0,0,0,0,0,0,0,0
9240,109,0,0,0,0,0,0,0,0,0
9240,138,0,0,1,0,0,0,0,0,0
9240,486,0,0,0,0,0,0,0,0,0
9240,528,0,0,0,0,0,0,0,0,0
9242,139,0,0,0,0,0,0,0,0,0
9242,142,0,0,0,0,0,0,0,0,0
9244,465,0,0,0,0,0,0,0,0,0
9244,635,0,0,0,0,0,0,0,0,0
9246,102,0,0,0,0,0,0,0,0,0
9249,116,0,0,0,0,0,0,0,0,0
9249,697,0,0,0,0,0,0,0,0,0
9251,191,0,0,0,0,0,0,0,0,0
9258,609,0,0,0,0,0,0,0,0,0
9259,277,0,0,0,0,0,0,0,0,0
9264,136,0,0,0,0,0,0,0,0,0
9267,102,0,0,0,0,0,0,0,0,0
9267,117,0,0,0,0,0,0,0,0,0
9267,133,0,0,0,0,0,0,0,0,0
9267,154,0,0,0,0,0,0,0,0,0
9267,655,0,0,0,0,0,0,0,0,0
9268,115,0,0,0,0,0,0,0,0,0
9270,655,0,0,0,0,0,0,0,0,0
9271,388,0,0,0,0,0,0,0,0,0
9271,502,0,0,0,0,0,0,0,0,0
9274,669,0,0,0,0,0,0,0,0,0
9276,261,0,0,0,0,0,0,0,0,0
9277,245,0,0,0,0,0,0,0,0,0
9280,136,0,0,0,0,0,0,0,0,0
9280,173,0,0,0,0,0,0,0,0,0
9280,561,0,0,0,0,0,0,0,0,0
9283,678,0,0,0,0,0,0,0,0,0
9285,123,0,0,0,0,0,0,0,0,0
9288,108,0,0,0,0,0,0,0,0,0
9289,145,0,0,0,0,0,0,0,0,0
9290,186,0,0,0,0,0,0,0,0,0
9292,187,0,0,0,0,0,0,0,0,0
9293,370,0,0,0,0,0,0,0,0,0
9294,604,0,0,0,0,0,0,0,0,0
9295,104,0,0,0,0,0,0,0,0,0
9295,181,0,0,0,0,0,0,0,0,0
9295,268,0,0,0,0,0,0,0,0,0
9298,101,0,0,1,0,0,0,0,0,0
9302,234,0,0,0,0,0,0,0,0,0
9306,230,0,0,0,0,0,0,0,0,0
9308,236,0,0,0,0,0,0,0,0,0
9309,162,0,0,0,0,0,0,0,0,0
9309,228,0,0,0,0,0,0,0,0,0
9311,105,0,0,0,0,0,0,0,0,0
9312,117,0,0,0,0,0,0,0,0,0
9313,198,0,0,0,0,0,0,0,0,0
9314,549,0,0,0,0,0,0,0,0,0
9317,558,0,0,0,0,0,0,0,0,0
9319,147,0,0,0,0,0,0,0,0,0
9321,151,0,0,0,0,0,0,0,0,0
9322,129,0,0,0,0,0,0,0,0,0
9327,622,0,0,0,0,0,0,0,0,0
9328,148,0,0,0,0,0,0,0,0,0
9328,490,0,0,0,0,0,0,0,0,0
9328,491,0,0,0,0,0,0,0,0,0
9330,160,0,0,0,0,0,0,0,0,0
9334,470,0,0,0,0,0,0,0,0,0
9335,341,0,0,0,0,0,0,0,0,0
9336,162,0,0,0,0,0,0,0,0,0
9336,177,0,0,0,0,0,0,0,0,0
9337,178,0,0,0,0,0,0,0,0,0
9340,177,0,0,0,0,0,0,0,0,0
9341,421,0,0,0,0,0,0,0,0,0
9342,398,0,0,0,0,0,0,0,0,0
9343,316,0,0,0,0,0,0,0,0,0
9343,449,0,0,0,0,0,0,0,0,0
9344,196,0,0,0,0,0,0,0,0,0
9346,120,0,0,0,0,0,0,0,0,0
9353,111,0,0,0,0,0,0,0,0,0
9353,143,0,0,1,0,0,0,0,0,0
9353,308,0,0,0,0,0,0,0,0,0
9354,367,0,0,0,0,0,0,0,0,0
9358,162,0,0,0,0,0,0,0,0,0
9359,276,0,0,0,0,0,0,0,0,0
9362,264,0,0,0,0,0,0,0,0,0
9364,511,0,0,0,0,0,0,0,0,0
9366,326,0,0,0,0,0,0,0,0,0
9367,146,0,0,0,0,0,0,0,0,0
9369,499,0,0,0,0,0,0,0,0,0
9371,120,0,0,0,0,0,0,0,0,0
9372,126,0,0,0,0,0,0,0,0,0
9372,301,0,0,0,0,0,0,0,0,0
9372,480,0,0,0,0,0,0,0,0,0
9373,446,0,0,0,0,0,0,0,0,0
9373,570,0,0,0,0,0,0,0,0,0
9376,146,0,0,1,0,0,0,0,0,0
9381,584,0,0,0,0,0,0,0,0,0
9382,277,0,0,0,0,0,0,0,0,0
9382,357,0,0,0,0,0,0,0,0,0
9383,385,0,0,0,0,0,0,0,0,0
9385,241,0,0,0,0,0,0,0,0,0
9386,455,0,0,0,0,0,0,0,0,0
9387,294,0,0,0,0,0,0,0,0,0
9388,373,0,1,0,0,0,0,0,0,0
9389,109,0,0,0,0,0,0,0,0,0
9390,107,0,0,0,0,0,0,0,0,0
9392,560,0,0,0,0,0,0,0,0,0
9394,152,0,0,0,0,0,0,0,0,0
9404,239,0,0,0,0,0,0,0,0,0
9407,139,0,0,0,0,0,0,0,0,0
9409,532,0,0,0,0,0,0,0,0,0
9412,527,0,0,0,0,0,0,0,0,0
9413,406,0,0,0,0,0,0,0,0,0
9416,262,0,0,0,0,0,0,0,0,0
9417,288,0,0,0,0,0,0,0,0,0
9418,228,0,0,0,0,0,0,0,0,0
9420,316,0,0,0,0,0,0,0,0,0
9420,478,0,0,0,0,0,0,0,0,0
9421,477,0,0,0,0,0,0,0,0,0
9421,559,0,0,0,0,0,0,0,0,0
9425,414,0,0,0,0,0,0,0,0,0
9426,300,0,0,0,0,0,0,0,0,0
9430,117,0,0,0,0,0,0,0,0,0
9433,286,0,0,0,0,0,0,0,0,0
9433,341,0,0,0,0,0,0,0,0,0
9438,429,0,0,0,0,0,0,0,0,0
9440,151,0,0,0,0,0,0,0,0,0
9441,427,0,0,0,0,0,0,0,0,0
9442,204,0,0,0,0,0,0,0,0,0
9443,276,0,0,0,0,0,0,0,0,0
9443,414,0,0,0,0,0,0,0,0,0
9447,162,0,0,0,0,0,0,0,0,0
9447,347,0,0,0,0,0,0,0,0,0
9453,148,0,0,0,0,0,0,0,0,0
9455,254,0,0,0,0,0,0,0,0,0
9455,408,0,0,0,0,0,0,0,0,0
9457,204,0,0,0,0,0,0,0,0,0
9457,338,0,0,0,0,0,0,0,0,0
9458,268,0,0,0,0,0,0,0,0,0
9461,291,0,0,0,0,0,0,0,0,0
9471,413,0,0,0,0,0,0,0,0,0
9472,357,0,0,0,0,0,0,0,0,0
9483,238,0,0,0,0,0,0,0,0,0
9483,392,0,0,0,0,0,0,0,0,0
9484,117,0,0,0,0,0,0,0,0,0
9487,275,0,0,0,0,0,0,0,0,0
9488,219,0,0,0,0,0,0,0,0,0
9488,343,0,0,0,0,0,0,0,0,0
9490,371,0,0,0,0,0,0,0,0,0
9491,167,0,0,0,0,0,0,0,0,0
9492,192,0,0,0,0,0,0,0,0,0
9493,501,0,0,0,0,0,0,0,0,0
9495,214,0,0,0,0,0,0,0,0,0
9495,368,0,0,0,0,0,0,0,0,0
9495,506,0,0,0,0,0,0,0,0,0
9496,461,0,0,0,0,0,0,0,0,0
9502,459,0,0,0,0,0,0,0,0,0
9506,275,0,0,0,0,0,0,0,0,0
9507,212,0,0,0,0,0,0,0,0,0
9507,218,0,0,0,0,0,0,0,0,0
9508,216,0,0,0,0,0,0,0,0,0
9510,131,0,0,0,0,0,0,0,0,0
9510,230,0,0,0,0,0,0,0,0,0
9515,149,0,0,0,0,0,0,0,0,0
9516,110,0,0,0,0,0,0,0,0,0
9516,125,0,0,0,0,0,0,0,0,0
9516,130,0,0,0,0,0,0,0,0,0
9519,248,0,0,0,0,0,0,0,0,0
9522,330,0,0,0,0,0,0,0,0,0
9523,182,0,0,0,0,0,0,0,0,0
9532,396,0,0,0,0,0,0,0,0,0
9533,198,0,0,0,0,0,0,0,0,0
9534,239,0,0,0,0,0,0,0,0,0
9535,111,0,0,0,0,0,0,0,0,0
9536,164,0,0,0,0,0,0,0,0,0
9537,176,0,0,0,0,0,0,0,0,0
9538,155,0,0,0,0,0,0,0,0,0
9543,115,0,0,0,0,0,0,0,0,0
9545,230,0,0,0,0,0,0,0,0,0
9548,439,0,0,0,0,0,0,0,0,0
9549,288,0,0,0,0,0,0,0,0,0
9550,242,0,0,0,0,0,0,0,0,0
9550,372,0,0,0,0,0,0,0,0,0
9556,233,0,0,0,0,0,0,0,0,0
9556,380,0,0,0,0,0,0,0,0,0
9558,378,0,0,0,0,0,0,0,0,0
9559,192,0,0,0,0,0,0,0,0,0
9563,213,0,0,0,0,0,0,0,0,0
9567,379,0,0,0,0,0,0,0,0,0
9569,155,0,1,0,0,0,0,0,0,0
9569,187,0,0,0,0,0,0,0,0,0
9569,324,0,0,0,0,0,0,0,0,0
9572,127,0,0,0,0,0,0,0,0,0
9574,135,0,0,0,0,0,0,0,0,0
9575,323,0,0,0,0,0,0,0,0,0
9576,382,0,0,0,0,0,0,0,0,0
9577,159,0,0,0,0,0,0,0,0,0
9577,163,0,0,0,0,0,0,0,0,0
9578,184,0,0,0,0,0,0,0,0,0
9580,159,0,0,0,0,0,0,0,0,0
9583,340,0,0,0,0,0,0,0,0,0
9585,267,0,0,0,0,0,0,0,0,0
9586,298,0,0,0,0,0,0,0,0,0
9588,237,0,0,0,0,0,0,0,0,0
9588,399,0,0,0,0,0,0,0,0,0
9590,233,0,0,0,0,0,0,0,0,0
9593,235,0,0,0,0,0,0,0,0,0
9598,217,0,0,0,0,0,0,0,0,0
9603,146,0,0,0,0,0,0,0,0,0
9610,257,0,0,0,0,0,0,0,0,0
9610,344,0,0,0,0,0,0,0,0,0
9621,120,0,0,0,0,0,0,0,0,0
9621,279,0,0,0,0,0,0,0,0,0
9622,145,0,0,0,0,0,0,0,0,0
9622,379,0,0,0,0,0,0,0,0,0
9624,137,0,0,0,0,0,0,0,0,0
9625,206,0,0,0,0,0,0,0,0,0
9625,216,0,0,0,0,0,0,0,0,0
9625,373,0,0,0,0,0,0,0,0,0
9626,233,0,0,0,0,0,0,0,0,0
9627,353,0,0,0,0,0,0,0,0,0
9630,132,0,0,0,0,0,0,0,0,0
9631,318,0,0,0,0,0,0,0,0,0
9633,108,0,0,0,0,0,0,0,0,0
9633,228,0,0,0,0,0,0,0,0,0
9635,122,0,0,0,0,0,0,0,0,0
9636,103,0,0,0,0,0,0,0,0,0
9636,287,0,0,0,0,0,0,0,0,0
9637,112,0,0,0,0,0,0,0,0,0
9638,123,0,0,0,0,0,0,0,0,0
9638,137,0,0,0,0,0,0,0,0,0
9640,149,0,0,0,0,0,0,0,0,0
9642,105,0,0,0,0,0,0,0,0,0
9644,122,0,0,0,0,0,0,0,0,0
9644,223,0,0,0,0,0,0,0,0,0
9649,244,0,0,0,0,0,0,0,0,0
9650,168,0,0,0,0,0,0,0,0,0
9651,295,0,0,0,0,0,0,0,0,0
9655,137,0,0,0,0,0,0,0,0,0
9657,111,0,0,0,0,0,0,0,0,0
9657,195,0,0,0,0,0,0,0,0,0
9660,102,0,0,0,0,0,0,0,0,0
9660,139,0,0,0,0,0,0,0,0,0
9662,166,0,0,0,0,0,0,0,0,0
9662,332,0,0,0,0,0,0,0,0,0
9663,196,0,0,0,0,0,0,0,0,0
9675,152,0,0,0,0,0,0,0,0,0
9676,153,0,0,0,0,0,0,0,0,0
9678,136,0,0,0,0,0,0,0,0,0
9680,124,0,0,0,0,0,0,0,0,0
9680,180,0,0,0,0,0,0,0,0,0
9682,264,0,0,0,0,0,0,0,0,0
9684,142,0,0,0,0,0,0,0,0,0
9685,218,0,0,0,0,0,0,0,0,0
9692,269,0,0,0,0,0,0,0,0,0
9693,135,0,0,0,0,0,0,0,0,0
9694,110,0,0,0,0,0,0,0,0,0
9696,181,0,0,0,0,0,0,0,0,0
9696,197,0,0,0,0,0,0,0,0,0
9699,180,0,0,0,0,0,0,0,0,0
9699,262,0,0,0,0,0,0,0,0,0
9703,172,0,0,0,0,0,0,0,0,0
9705,241,0,0,0,0,0,0,0,0,0
9705,253,0,0,0,0,0,0,0,0,0
9706,185,0,0,0,0,0,0,0,0,0
9713,102,0,0,0,0,0,0,0,0,0
9713,225,0,0,0,0,0,0,0,0,0
9715,103,0,0,0,0,0,0,0,0,0
9719,165,0,0,0,0,0,0,0,0,0
9720,216,0,0,1,0,0,0,0,0,0
9726,133,0,0,0,0,0,0,0,0,0
9727,152,0,0,0,0,0,0,0,0,0
9729,193,0,0,0,0,0,0,0,0,0
9729,236,0,0,0,0,0,0,0,0,0
9732,154,0,0,0,0,0,0,0,0,0
9732,169,0,0,0,0,0,0,0,0,0
9733,252,0,1,0,0,0,0,0,0,0
9734,105,0,0,0,0,0,0,0,0,0
9735,187,0,0,0,0,0,0,0,0,0
9740,146,0,0,0,0,0,0,0,0,0
9743,237,0,0,0,0,0,0,0,0,0
9744,179,0,0,0,0,0,0,0,0,0
9747,101,0,0,0,0,0,0,0,0,0
9759,235,0,0,0,0,0,0,0,0,0
9763,165,0,0,0,0,0,0,0,0,0
9766,221,0,0,0,0,0,0,0,0,0
9767,110,0,0,0,0,0,0,0,0,0
9772,208,0,0,0,0,0,0,0,0,0
9774,112,0,0,0,0,0,0,0,0,0
9775,118,0,0,0,0,0,0,0,0,0
9776,160,0,0,0,0,0,0,0,0,0
9780,169,0,0,0,0,0,0,0,0,0
9780,182,0,0,0,0,0,0,0,0,0
9783,139,0,0,0,0,0,0,0,0,0
9792,156,0,0,0,0,0,0,0,0,0
9793,107,0,0,0,0,0,0,0,0,0
9794,155,0,0,0,0,0,0,0,0,0
9798,154,0,0,0,0,0,0,0,0,0
9802,101,1,0,0,0,0,0,0,0,0
9806,159,0,0,0,0,0,0,0,0,0
9807,141,0,0,0,0,0,0,0,0,0
9808,144,0,0,0,0,0,0,0,0,0
9820,174,0,0,0,0,0,0,0,0,0
9825,119,0,0,0,0,0,0,0,0,0
9835,130,0,0,0,0,0,0,0,0,0
9837,132,0,0,0,0,0,0,0,0,0
9839,109,0,0,0,0,0,0,0,0,0
9846,139,0,0,0,0,0,0,0,0,0
9848,110,0,0,0,1,0,0,0,0,0
9848,117,0,0,1,0,0,0,0,0,0
9885,103,0,0,0,0,0,0,0,0,0
