start_place,length,depth,prefix_lengths,suffix_lengths,nested_count
1,1,1,,,0
1,3,3,1,1 2,0
1,686,38,1 3,3 10 18 32 64 226 467 556,1787
2,2,2,,1,0
2,104,12,2,1 2 9 64,157
2,137,16,2 104,7 42,219
3,1,1,,,0
3,17,9,1,2 8 9 13,12
3,18,10,1 17,2 3 4,16
3,44,11,1 17 18,1 2 3 22 39,51
5,487,33,,2 5 27 37 48 75,1162
6,1,1,,,0
7,13,8,,2 8 9,11
7,39,9,13,1,47
7,52,10,13 39,2 28,70
7,150,18,13 39 52,1 5 35 44,257
7,256,28,13 39 52 150,1 2 19 197 233,544
7,696,39,13 39 52 150 256,7 9 10 21 24 115 205,1838
8,39,9,,1 2 3 22,48
8,724,40,39,2 3 9 57 86 196,1929
10,1,1,,,0
10,2,2,1,,0
11,8,6,,1 5 7,5
11,9,7,8,2 8,8
11,13,8,8 9,3 5 6 12,14
11,169,18,8 9 13,2 5 17 47,295
12,1,1,,,0
12,7,5,1,1 5,4
12,8,6,1 7,2,6
12,12,7,1 7 8,3 5 6,11
14,2,2,,1,0
14,4,3,2,3,1
14,5,4,2 4,1,2
14,74,9,2 4 5,3,101
14,173,18,2 4 5 74,1 3 5 7 15 108 123,308
15,1,1,,,0
15,3,2,1,,0
15,82,11,1 3,2 3 4 15 57,114
17,4,4,,2 3,2
17,26,7,4,1 2 3 14,25
18,1,1,,,0
18,2,2,1,,0
18,3,3,1 2,2,0
18,6,4,1 2 3,3 5,2
18,353,32,1 2 3 6,6 17 34 53,838
19,2,1,,,0
19,5,3,2,3,1
19,54,8,2 5,3 4 7 23,64
20,122,17,,3 4 6 35 120,193
20,191,23,122,1 2 35 40 92 109,367
21,3,2,,,1
21,261,29,3,2 4 34 205,577
22,1,1,,,0
22,5,3,1,3,1
22,98,15,1 5,1 2 3 20 33 82,159
22,120,16,1 5 98,3 4 6 35,189
22,302,31,1 5 98 120,4 9 15 16 99 142,700
22,696,39,1 5 98 120 302,1 2 5 57 184 281,1856
22,866,42,1 5 98 120 302 696,2 11 19 21 294 350 587,2318
23,10,6,,2 3 4 6 7,5
23,263,29,10,1 2 9 28 32 39 88,578
24,1,1,,,0
24,3,2,1,,0
25,22,6,,1 2 3,20
25,705,39,22,2 3 5 22 166,1876
26,7,5,,2 3 4 6,3
26,85,14,7,1 2 3 4 5 39 80 83,131
27,6,4,,2 3 4,3
28,1,1,,,0
28,2,2,1,1,0
28,83,13,1 2,1 2 3 4 5 39 80,128
28,205,24,1 2 83,1 2 3 4 9 37 140 186,405
28,581,34,1 2 83 205,2 25 275,1454
29,1,1,,,0
29,4,3,1,2 3,0
29,14,4,1 4,1 2 3,7
29,122,14,1 4 14,1 2 14 21 29 56 102,197
29,165,19,1 4 14 122,1 2 8 11 88,297
30,3,2,,2,0
30,233,27,3,1 2 19 197,492
30,388,31,3 233,2 5 215 278,925
31,2,1,,,0
31,28,7,2,2,31
31,80,12,2 28,1 2 3 4 5 39,122
31,159,18,2 28 80,1 3 40 63 123,286
31,912,43,2 28 80 159,1 3 6 29 49 52 97 308 478 628 649 661,2444
32,77,11,,1 2 8 24 48,115
35,1,1,,,0
35,6,3,1,1 3,1
38,1,1,,,0
38,3,2,1,1,0
38,82,11,1 3,1 2 3 20 33,137
38,428,31,1 3 82,129,1019
38,819,41,1 3 82 428,5 13 29 41 120 121 158,2199
39,6,4,,1,4
39,274,30,6,11 15 90 125 163,640
40,1,1,,,0
40,3,3,1,1 2,0
40,22,7,1 3,1 3 8 11,26
40,57,10,1 3 22,2 3 4 15,80
40,100,13,1 3 22 57,1 2 6 10 70,155
40,898,42,1 3 22 57 100,1 2 6 47 69 123 598,2400
41,2,2,,1,0
41,7,5,2,1 2 3 4,6
41,165,22,2 7,1 3 20 115 149,310
41,177,23,2 7 165,1 2 4 9 21 49,339
42,1,1,,,0
42,14,6,1,1 2 4 9 10,14
42,64,10,1 14,1 2 9,93
42,246,29,1 14 64,2 234,555
42,443,30,1 14 64 246,2 3 4 6 8 9 38 60 153,1054
44,1,1,,,0
44,3,3,1,1 2,1
44,4,4,1 3,1 2 3,3
45,1,1,,,0
45,2,2,1,1,0
45,3,3,1 2,1 2,1
45,116,14,1 2 3,1 2 3 5 9 16 28 32,189
45,217,26,1 2 3 116,1 2 4 10 118 198 210,454
45,232,27,1 2 3 116 217,2 88,499
45,236,28,1 2 3 116 217 232,1 2 3 14 44 51 75,515
46,1,1,,,0
46,2,2,1,1,0
46,10,5,1 2,1 2 4 9,6
47,1,1,,,0
47,4,3,1,1 3,1
47,9,4,1 4,1 2 4,4
47,124,14,1 4 9,1 2 6 19 29,200
47,186,22,1 4 9 124,1 2 3 4 9 37 140,362
47,187,23,1 4 9 124 186,3 7 22 50 120,369
48,3,2,,1,1
48,274,26,3,2 42 64 117,631
48,516,31,3 274,2 3 50 60,1263
49,1,1,,,0
49,14,6,1,1 2 12,12
49,30,7,1 14,3,30
49,102,13,1 14 30,1 2 14 21 29 56,160
49,849,41,1 14 30 102,1 2 30 501,2272
50,1,1,,,0
50,23,6,1,3 4 7,19
50,336,26,1 23,1 2 45 63,787
50,643,38,1 23 336,1 5 10 13 85 533,1686
51,11,4,,1 3 8,7
51,12,5,11,1 2,10
51,81,12,11 12,2 3 9 36 45,121
51,518,31,11 12 81,2 3 6 8 15 18 33 46,1263
52,4,3,,1 2,1
52,94,12,4,2 3 16,147
52,210,25,4 94,1 2 4 10 118 198,433
53,1,1,,,0
54,2,2,,1,0
54,8,3,2,1 3,4
54,99,13,2 8,2 22 63,157
54,234,25,2 8 99,2,519
55,1,1,,,0
57,1,1,,,0
57,2,2,1,,0
57,17,6,1 2,3 12,13
57,149,21,1 2 17,1 3 20 115,273
57,360,28,1 2 17 149,1 2 3 4 13 54 93 354,847
58,70,11,,1 2 3 20 39,106
58,119,14,70,4 41,196
58,625,37,70 119,3 5 12 306 311 416 441,1622
59,1,1,,,0
59,3,2,1,1,0
59,187,23,1 3,1 2 4 17 24,378
60,885,43,,3 5 10 129 132 699,2376
61,1,1,,,0
61,2,2,1,1,0
61,48,10,1 2,1 2 8 24,69
62,1,1,,,0
62,12,5,1,3,8
62,21,8,1 12,1 2 3 5 6 10 17,15
62,238,25,1 12 21,97 202,536
63,135,20,,2 4 9 42,251
63,354,27,135,1 2 3 4 13 54 93,834
64,1,1,,,0
64,123,17,1,1 3 5 7 15 108,210
64,192,23,1 123,1 3 4 6 13 14 16 31 43,398
64,198,24,1 123 192,1 2 4 10 118,409
65,1,1,,,0
66,1,1,,,0
66,7,4,1,3 4,2
66,17,7,1 7,1 2 3 5 6 10,11
66,29,9,1 7 17,1 2 5 14 16 20,29
66,197,23,1 7 17 29,1 2 19,409
66,243,25,1 7 17 29 197,3 9 12 25 29 59 87 156,546
67,1,1,,,0
67,25,8,1,1 2 20,23
67,123,17,1 25,1 3 40 63,216
67,201,23,1 25 123,1 2 5 8 20 21,431
68,153,21,,1 2 3 47 52 130,288
69,4,3,,3,1
69,16,7,4,1 3 5,15
70,1,1,,,0
70,3,2,1,,0
70,70,10,1 3,1 2 6 10,100
70,544,35,1 3 70,4 9 14 32 37 40 87 95 454 509,1369
70,911,44,1 3 70 544,1 2 21 33 501 552,2436
71,3,1,,,0
71,42,9,3,1 2,64
72,20,7,,1 2,18
72,39,8,20,1 2 3 4 5,57
72,72,9,20 39,2 4 15 53,105
72,224,24,20 39 72,1 18 84 108 165,498
73,10,6,,1 2 3 5 6,6
73,26,7,10,2 5 6 9 12,31
73,169,22,10 26,1 2 3 6 12 15 28,337
73,666,38,10 26 169,1 5 45 132 133 144,1767
75,1,1,,,0
75,20,6,1,1 2 5 14 16,19
75,172,22,1 20,1 2 7 14 19 38 64 159,350
76,1,1,,,0
76,3,2,1,,1
76,134,20,1 3,1 3 5 25 39 97,245
77,1,1,,,0
77,6,5,1,1 2 3 5,2
77,205,23,1 6,2 4 34,443
78,5,4,,1 2 3,2
78,41,8,5,1 2 5 8 12,60
79,16,5,,1 2 5 14,14
79,108,16,16,1 3 5 7 15,182
79,312,26,16 108,1 2 6 85,725
80,1,1,,,0
80,3,3,1,1 2,1
80,5,4,1 3,1 3,3
80,27,7,1 3 5,2 4 7 11,34
81,1,1,,,0
81,2,2,1,1,0
81,14,4,1 2,1 2 5,9
81,105,15,1 2 14,1 2 4 6 54 55,168
82,1,1,,,0
82,3,2,1,1,0
82,15,4,1 3,2 3 4,10
82,827,41,1 3 15,1 2 5 13 22 39 46 124 212,2202
84,1,1,,,0
85,3,1,,,0
85,6,2,3,,1
85,24,7,3 6,1 2 8,29
85,182,22,3 6 24,1 2 3 5 7 10 19 97 116,380
85,874,43,3 6 24 182,5 8 25 57,2358
87,12,6,,2 5 6 9,11
87,33,7,12,1 2 3 20,49
87,45,8,12 33,2 3 9 36,61
87,153,21,12 33 45,2 7 97,304
87,983,45,12 33 45 153,8 26 67 68 112 340,2630
88,159,21,,1 2 7 14 19 38 64,322
88,319,26,159,1 10 26 32 35 54 85,737
88,589,36,159 319,4 13 23 25 27 34 60 91 337,1523
89,1,1,,,0
89,39,7,1,1 2 3 20,54
90,2,2,,1,0
90,5,3,2,1 2,2
90,9,5,2 5,2 5 6,8
90,63,12,2 5 9,2 22,93
90,106,19,2 5 9 63,1 6 51 55 66 70 93,186
91,1,1,,,0
91,53,8,1,2 4 15,71
91,115,19,1 53,1 3 20,203
91,130,20,1 53 115,1 2 3 47 52,237
91,636,37,1 53 115 130,4 34 39 47,1685
92,1,1,,,0
93,2,2,,1,0
93,4,3,2,2 3,1
93,6,4,2 4,2 5,4
93,140,20,2 4 6,1 2 3 4 9 37,263
94,1,1,,,0
94,3,2,1,2,0
94,5,3,1 3,2,2
95,2,1,,,0
95,23,6,2,1 2,28
95,56,11,2 23,1 2 14 21 29,75
96,11,5,,2 4 7,11
96,36,7,11,2 3 9,45
96,533,35,11 36,9 13 181 479,1341
97,1,1,,,0
97,2,2,1,,0
97,9,3,1 2,1 2,6
97,42,7,1 2 9,7,46
97,261,25,1 2 9 42,2 4 13 16 17 139 227,602
98,202,23,,97,444
99,1,1,,,0
100,1,1,,,0
100,7,4,1,2 4,6
100,20,6,1 7,1 2 3,28
100,315,26,1 7 20,1 6 23 89 255,723
101,1,1,,,0
101,8,4,1,1 2,7
101,749,40,1 8,1 8 10 26 180 747,1997
102,1,1,,,0
102,109,19,1,1 2 35 40 92,194
103,1,1,,,0
103,4,3,1,2,3
103,93,18,1 4,1 6 51 55 66 70,159
103,747,39,1 4 93,1 8 10 26 180,1992
104,1,1,,,0
104,2,2,1,1,0
104,183,22,1 2,2 3 4 6 22 27 61 104 182,389
104,206,23,1 2 183,3 9 13 26 38,458
105,1,1,,,0
105,2,2,1,,0
105,182,21,1 2,2 3 4 6 22 27 61 104,387
105,186,22,1 2 182,2 3 7 16 42 61 122,397
105,409,29,1 2 182 186,1 2 3 17 24 71 137,945
105,509,34,1 2 182 186 409,4 9 14 32 37 40 87 95 454,1273
106,5,5,,1 2 3 4,3
106,88,17,5,1 2 8 11,143
106,497,33,5 88,1 2 4 11 42 116 152 250 327,1223
106,551,35,5 88 497,3 11 12 26 36 69 128 316 345,1398
107,2,2,,1,0
107,4,4,2,1 2 3,2
107,12,5,2 4,1 2 5 8,11
107,35,6,2 4 12,3 4 6,34
108,1,1,,,0
108,3,3,1,1 2,1
108,20,5,1 3,1 2 3,18
108,75,14,1 3 20,2 4 5 18 24,106
109,1,1,,,0
109,2,2,1,1,0
110,1,1,,,0
110,363,28,1,2 11 12 282,829
111,2,2,,1,0
111,8,4,2,1 2 5,5
111,58,13,2 8,2,73
112,1,1,,,0
112,227,23,1,2 3 16 56 157 190,510
113,44,12,,1 5 35,52
113,97,18,44,1 3 5 25 39,163
113,136,20,44 97,1 2 7 18,268
113,190,21,44 97 136,3 8 11 12 15 39 42,408
114,1,1,,,0
114,5,3,1,1 2,3
114,120,19,1 5,3 7 22 50,221
114,151,20,1 5 120,9 32 54 90,297
115,1,1,,,0
115,573,36,1,1 4 11 34 137 166 335,1482
116,2,2,,1,0
116,359,28,2,2 5 53 71 95 100 112 138 148 178,818
117,1,1,,,0
117,2,2,1,1,0
117,3,3,1 2,1 2,1
117,176,19,1 2 3,2 110 131,381
117,231,23,1 2 3 176,1 3 6 15 133 146,524
117,323,26,1 2 3 176 231,4 12 37 77 81,737
118,1,1,,,0
118,2,2,1,1,0
118,262,25,1 2,1 2 3 33 65 70 77,590
119,1,1,,,0
119,92,18,1,1 2 35 40,158
119,659,38,1 92,1 3 7 9 11 19 27 101 160 266 299,1735
120,985,47,,2 5 41 226 338 747 858,2642
122,1,1,,,0
122,29,10,1,1 2 14 21,31
122,35,11,1 29,1 5,40
122,97,18,1 29 35,3,171
123,1,1,,,0
123,9,4,1,2 3,4
125,3,3,,1 2,0
125,281,25,3,1 2 3 5 12 15 150,635
126,2,2,,1,0
126,70,17,2,1 6 51 55 66,120
127,1,1,,,0
127,62,15,1,1 2 4 7 14,98
127,63,16,1 62,1 3 40,103
127,406,30,1 62 63,1 8 10 22 25 31 48,952
127,473,32,1 62 63 406,2 5 10 20 124 308,1162
129,3,3,,2,1
129,15,5,3,2 4,12
129,32,10,3 15,1 2 3 5 9 16 28,36
129,223,24,3 15 32,1 3 4 12 28 177 204,513
130,1,1,,,0
130,2,2,1,,0
130,10,4,1 2,1 2 6,2
130,15,7,1 2 10,6 8 13,11
130,16,8,1 2 10 15,2 3,14
130,21,9,1 2 10 15 16,1 2 14,19
130,65,15,1 2 10 15 16 21,1 5 13 22 24,102
130,66,16,1 2 10 15 16 21 65,1 6 51 55,107
131,22,8,,2,23
131,55,14,22,1 2 4 6 54,76
131,165,19,22 55,1 18 84 108,356
131,227,24,22 55 165,2 4 13 16 17 139,518
131,337,27,22 55 165 227,1 3 8 17 26 34,763
131,556,35,22 55 165 227 337,3 10 18 32 64 226 467,1429
131,968,46,22 55 165 227 337 556,1 2 6 8 18 27 32 53 74 103 134 288,2586
132,7,2,,,1
132,13,6,7,6 8,10
132,18,7,7 13,12 16,14
132,54,13,7 13 18,1 2 4 6,73
133,1,1,,,0
133,28,7,1,1 2 3 5 9 16,25
133,47,12,1 28,2 5 17,58
133,193,22,1 28 47,1 2 13 19 86,427
133,663,38,1 28 47 193,9 10 222 288,1755
134,6,3,,1 2,0
134,16,6,6,12,12
136,6,4,,3 4,2
136,37,10,6,1 2 3 4 5,47
136,41,11,6 37,4,52
136,278,25,6 37 41,6 10 12 99,623
137,8,5,,6,7
137,14,6,8,1 2,11
138,2,2,,1,0
138,4,3,2,3,1
138,12,5,2 4,,8
139,1,1,,,0
139,3,2,1,,0
139,6,4,1 3,,3
140,4,3,,2,1
140,205,22,4,2 43 61 92,466
140,278,25,4 205,2 5 215,634
140,897,44,4 205 278,3 5 45 57 93 105 326,2359
141,55,11,,1 6 51,84
142,1,1,,,0
142,2,2,1,,0
142,29,7,1 2,1 2 6 19,25
142,312,26,1 2 29,2 3 5 14 29 41 69 249,708
143,3,2,,2,0
143,97,15,3,2 7,179
144,2,1,,,0
144,118,15,2,1 2 4 10,227
144,748,40,2 118,1 5 21 30 37 42 95 220 732,1974
145,16,6,,1 2 3 5 9,9
145,27,9,16,3 4 6 20 24,26
145,51,10,16 27,1 6,77
145,169,21,16 27 51,2 20,372
145,247,24,16 27 51 169,1 2 4 8 18 134,558
145,723,39,16 27 51 169 247,1 2 3 14 23 25 44 54,1908
146,175,21,,1 5 6 7 27 45 169,382
148,24,8,,3 4 6 20,26
148,204,23,24,1 3 4 12 28 177,465
148,508,34,24 204,1 2 5 11 12 132 497,1277
149,2,2,,1,0
149,130,17,2,2 3 26 29 39 40 83,262
149,190,21,2 130,2 3 16 56 157,428
150,1,1,,,0
150,40,9,1,1 3,61
150,163,20,1 40,11 15 90 125,362
150,479,33,1 40 163,9 13 181,1191
151,1,1,,,0
151,2,2,1,,0
151,116,16,1 2,1 2 3 5 7 10 19 97,236
151,364,29,1 2 116,2 5 79,830
152,2,2,,1,0
152,5,3,2,1,1
152,9,5,2 5,1 2 3 5,3
152,19,6,2 5 9,1 2 6,15
152,20,7,2 5 9 19,3 4 6,18
152,169,20,2 5 9 19 20,1 5 6 7 27 45,368
152,930,44,2 5 9 19 20 169,41 140 496 793,2471
153,1,1,,,0
153,127,17,1,2 3 4 5 28,258
153,156,19,1 127,3 9 12 25 29 59 87,338
156,1,1,,,0
156,5,4,1,1 2 3,1
156,42,9,1 5,2 4 9,66
156,266,25,1 5 42,2 3 4 5 6 46 201,613
158,1,1,,,0
158,3,3,1,1 2,0
158,8,5,1 3,4 5 6,5
158,719,39,1 3 8,28 419,1906
158,972,48,1 3 8 719,1 2 5 10 14 35 51 168 218 296 546 802 921,2583
159,2,2,,1,0
159,24,8,2,2 4 5 18,26
159,497,33,2 24,1 2 5 11 12 132,1248
160,1,1,,,0
160,6,4,1,4 5,3
160,255,24,1 6,1 6 23 89,573
160,454,32,1 6 255,4 9 14 32 37 40 87 95,1126
160,533,34,1 6 255 454,1 5 10 13 85,1378
160,732,39,1 6 255 454 533,1 5 21 30 37 42 95 220,1928
161,1,1,,,0
161,5,3,1,4,2
162,1,1,,,0
162,4,2,1,,1
162,131,18,1 4,2 110,291
163,1,1,,,0
163,17,6,1,2 5,13
164,64,13,,9 10 16 18 25 36,105
164,221,23,64,1 3 6 93,500
164,429,31,64 221,1 2 5 10 13 30 31 277,1044
165,6,3,,1 2,1
165,18,7,6,2 4 5,17
166,6,5,,3 4,3
166,46,11,6,3 7 9,77
167,2,1,,,0
167,105,16,2,15,222
167,475,31,2 105,1 2 9 32 44 47 91,1177
167,919,44,2 105 475,1 2 11 12 15 21 40 207 211,2444
168,4,4,,3,2
168,5,5,4,1 2 3 4,3
168,14,6,4 5,1 6,10
169,2,2,,1,0
169,3,3,2,,1
169,4,4,2 3,1 2 3,1
169,49,11,2 3 4,1 2 4 9 21,75
169,52,12,2 3 4 49,1 2 3 47,81
169,122,17,2 3 4 49 52,2 3 7 16 42 61,261
170,1,1,,,0
170,3,3,1,1 2,0
170,97,15,1 3,1 2 3 5 7 10 19,198
171,2,2,,1,0
171,24,8,2,1 5 13 22,32
171,39,9,2 24,1 3 5 25,57
171,40,10,2 24 39,1 2 35,61
171,146,19,2 24 39 40,1 2 3 6 17,318
172,1,1,,,0
172,15,6,1,1 3 5 7,13
172,29,8,1 15,2 17,41
173,4,1,,,0
173,22,7,4,1 5 13,29
173,66,14,4 22,1 8 17 38 53 60,115
174,47,9,,1 2 3,70
174,357,29,47,2 10 13 134 157 249,816
174,379,30,47 357,3 4 6 7 38,895
175,5,2,,2,0
175,14,6,5,1 2 4 7,16
175,90,14,5 14,9 32 54,174
175,177,22,5 14 90,1 3 4 12 28,396
176,6,2,,1,1
176,35,8,6,1 2,53
176,164,21,6 35,1 3 4 7 16 103,365
178,2,1,,,0
178,5,4,2,2 4,1
179,4,3,,2,1
179,57,12,4,1 2 5 21,101
179,60,13,4 57,1 8 17 38 53,106
179,355,29,4 57 60,5 9 15 19 26 28 51 103 115,817
180,6,4,,1 2 4,3
180,7,5,6,1 3 5,6
180,86,14,6 7,1 2 4 24 36 69,168
181,1,1,,,0
181,2,2,1,,0
181,818,43,1 2,2 5 7 122 580,2156
182,4,3,,1 2,1
182,5,4,4,1 3,3
182,7,5,4 5,1 2 4,6
182,13,6,4 5 7,1 5,16
182,142,19,4 5 7 13,4 9 15 16 99,308
182,157,20,4 5 7 13 142,2 3 16 56,345
183,11,5,,1 2 8,12
183,64,12,11,1 2 7 14 19 38,119
183,104,16,11 64,2 3 4 6 22 27 61,216
183,110,17,11 64 104,2,237
184,1,1,,,0
184,2,2,1,1,0
184,3,3,1 2,1,1
184,17,6,1 2 3,2,21
184,50,11,1 2 3 17,3 7 22,83
185,1,1,,,0
185,4,3,1,1 2,2
185,25,7,1 4,1 3 5,31
186,1,1,,,0
186,8,4,1,1 2,6
186,20,6,1 8,1 3,21
186,53,11,1 8 20,1 8 17 38,86
186,257,24,1 8 20 53,2 7 9 15 55 56 60 86,559
187,1,1,,,0
187,2,2,1,1,0
187,3,3,1 2,1,1
187,615,38,1 2 3,2 5 12 22 29 43 48 206 491,1616
188,1,1,,,0
188,108,17,1,1 18 84,223
188,125,18,1 108,11 15 90,264
189,1,1,,,0
189,9,5,1,2 4,8
189,66,11,1 9,1 2 5 32,116
189,88,14,1 9 66,2,164
189,260,24,1 9 66 88,1 2 158,565
190,1,1,,,0
190,5,3,1,1,2
190,6,4,1 5,1,3
190,323,28,1 5 6,1 2 4 40 125 129 131 228,700
191,282,24,,2 11 12,608
192,2,2,,1,0
192,36,9,2,9 10 16 18 25,44
193,1,1,,,0
193,10,4,1,,8
193,417,29,1 10,2 5 8 9 10 25 33 95 102 115,994
193,445,30,1 10 417,3 4 8 190 324 329 433,1076
194,1,1,,,0
194,4,3,1,2,2
194,289,24,1 4,1 2 3 19 76 107,625
195,1,1,,,0
196,1,1,,,0
196,2,2,1,,0
196,37,10,1 2,1 2 3 4 9,53
196,83,14,1 2 37,2 3 26 29 39 40,152
197,11,4,,1 2 4,7
197,21,6,11,1 2 4 9,20
197,69,13,11 21,1 2 4 24 36,126
197,238,23,11 21 69,1 11 98 136,520
197,716,39,11 21 69 238,1 2 5 17 27 28 34,1866
198,88,15,,1 2 9 28 32 39,172
199,1,1,,,0
199,2,2,1,,0
199,32,9,1 2,1 3 4 5 8 10 11 18,40
199,310,27,1 2 32,2 4 5 9 18 64 85 249 260 263,661
200,127,19,,3 4 5 12 20 25 78 84 92,272
201,1,1,,,0
201,38,10,1,1 8 17,61
201,98,17,1 38,2 21 38 71,200
202,127,19,,1 2 3 4 8 116,278
202,146,20,127,1 3 6 15 133,317
203,1,1,,,0
203,3,2,1,1,0
203,9,5,1 3,3 7,10
203,25,8,1 3 9,9 10 16 18,29
203,97,17,1 3 9 25,,200
203,215,22,1 3 9 25 97,2 5,469
203,574,37,1 3 9 25 97 215,1 2 4 11 18 46 51 86 360,1479
204,4,3,,1 2,2
205,1,1,,,0
205,5,3,1,1 3,3
205,7,4,1 5,3,7
205,117,18,1 5 7,2 42 64,245
205,249,23,1 5 7 117,2 3 5 14 29 41 69,537
205,433,29,1 5 7 117 249,3 4 8 190 324 329,1041
205,535,36,1 5 7 117 249 433,1 2 8 14 40 77 139 263,1385
206,1,1,,,0
206,2,2,1,1,0
206,75,14,1 2,1 2 3 14 44 51,145
206,86,16,1 2 75,1 2 12 18 65,177
207,1,1,,,0
207,3,2,1,1,0
207,524,35,1 3,12 90 359,1350
207,535,36,1 3 524,6 10 19 43 257,1386
209,1,1,,,0
209,2,2,1,1,0
209,3,3,1 2,,1
209,9,4,1 2 3,1 2 4,3
209,38,10,1 2 3 9,1 2 7 14 19,65
209,135,19,1 2 3 9 38,1 2 3 6 8 38,284
209,898,46,1 2 3 9 38 135,1 2 6 22 31 78 285,2368
209,921,47,1 2 3 9 38 135 898,1 2 5 10 14 35 51 168 218 296 546 802,2411
210,1,1,,,0
210,18,7,1,9 10 16,16
211,54,12,,9 32,99
212,1,1,,,0
212,16,6,1,9 10,15
212,22,9,1 16,3 7,32
212,84,16,1 16 22,1 18,171
212,368,28,1 16 22 84,1 2 3 6 12 191 242 279,859
213,10,4,,2 4,9
213,18,8,10,1 3 4 5 8 10 11,18
213,43,11,10 18,1 3 4 6 13 14 16 31,76
213,116,18,10 18 43,1 2 3 4 8,247
214,4,3,,1 2,1
214,28,9,4,1 2 3 6 12 15,42
214,915,46,4 28,1 7 22 25 54 60 164 315 410 888,2386
215,1,1,,,0
215,21,8,1,1 2 5,31
215,133,18,1 21,1 3 6 15,280
216,2,2,,1,0
216,3,3,2,,1
216,28,9,2 3,2,44
217,1,1,,,0
218,3,3,,1 2,0
218,10,5,3,9,8
219,2,2,,1,0
219,4,3,2,2,2
219,9,4,2 4,,6
219,32,10,2 4 9,4 10,56
219,139,18,2 4 9 32,2 4 13 16 17,290
220,1,1,,,0
220,11,7,1,1 3 4 5 8 10,7
220,467,33,1 11,3 10 18 32 64 226,1168
220,492,34,1 11 467,3 4 9 15 70 82,1260
221,1,1,,,0
221,2,2,1,,0
221,10,6,1 2,1 3 4 5 8,5
221,201,22,1 2 10,2 3 4 5 6 46,435
221,587,35,1 2 10 201,1 2 12 15 20 38 325,1524
221,871,45,1 2 10 201 587,3 4 17 30 46 312 857,2275
222,17,7,,1 8,22
222,24,9,17,1 2 4 17,34
222,86,16,17 24,2 20,169
222,87,17,17 24 86,3 9 12 25 29 59,171
223,1,1,,,0
223,8,5,1,1 3 4 5,4
223,32,10,1 8,1 2 5,49
223,90,16,1 8 32,11 15,180
224,1,1,,,0
224,9,5,1,1 2 3 4,7
224,441,30,1 9,4 17 111 307,1067
225,1,1,,,0
225,31,10,1,1 3 4 6 13 14 16,49
225,99,16,1 31,4 9 15 16,196
226,3,1,,,0
226,5,4,3,1 3 4,1
226,61,14,3 5,2 3 4 6 22 27,116
227,4,3,,1 3,1
227,7,5,4,3,7
227,15,8,4 7,1 2 3 6 12,17
227,65,15,4 7 15,1 2 12 18,127
227,171,21,4 7 15 65,9 11,348
228,3,2,,1,1
228,19,9,3,1 2 7 14,27
228,71,15,3 19,2 21 38,134
228,316,27,3 19 71,2 6 7 18 63,704
229,1,1,,,0
229,4,4,1,1 2 3,1
229,17,8,1 4,1 2 4,21
230,1,1,,,0
230,3,3,1,1 2,0
230,12,7,1 3,1 2 3 6,12
230,36,10,1 3 12,1 2 4 24,54
230,51,13,1 3 12 36,1 2 3 14 44,87
230,61,14,1 3 12 36 51,2 3 7 16 42,111
230,556,34,1 3 12 36 51 61,2 9 45 187 216 291 459,1426
231,2,2,,1,0
231,3,3,2,,1
231,4,4,2 3,,1
231,5,5,2 3 4,1 2,1
231,8,6,2 3 4 5,1,4
231,18,7,2 3 4 5 8,1 2 7,21
231,104,16,2 3 4 5 8 18,3 6 7 8 9,197
232,1,1,,,0
233,7,3,,2,4
233,14,5,7,1 2 7,14
233,32,9,7 14,9,43
234,2,2,,1,0
234,996,49,2,3 7 26 255 370,2697
235,1,1,,,0
235,92,15,1,3 4 5 12 20 25 78 84,175
235,857,44,1 92,3 4 17 30 46 312,2225
236,6,4,,1 2 3,3
237,1,1,,,0
237,44,12,1,1 2 3 14,73
237,103,15,1 44,1 3 4 7 16,197
237,634,38,1 44 103,1 2 6 8 11 116 370 535,1633
238,1,1,,,0
238,2,2,1,,0
239,3,3,,1 2,0
239,40,11,3,2 3 26 29 39,59
239,779,43,3 40,1 8 17 149,2002
240,2,2,,1,0
240,7,4,2,1 2,6
240,16,8,2 7,1 3 4 6 13 14,18
240,39,10,2 7 16,2 3 26 29,56
240,86,13,2 7 16 39,1 2 13 19,159
241,1,1,,,0
241,10,5,1,4,12
241,337,27,1 10,2 3 5 14 17 58,759
241,888,45,1 10 337,1 7 22 25 54 60 164 315 410,2293
242,2,1,,,0
242,4,3,2,1 2,1
242,7,4,2 4,1 2,6
242,14,7,2 4 7,1 3 4 6 13,13
242,24,8,2 4 7 14,1 2 4,28
242,441,32,2 4 7 14 24,3 5 12 306 311 416,1079
243,13,6,,1 3 4 6,13
243,84,14,13,3 4 5 12 20 25 78,155
243,353,27,13 84,3 5 12 18 101 173 285,808
244,1,1,,,0
244,2,2,1,1,0
244,19,6,1 2,1 2,21
244,587,36,1 2 19,2 3 13 22 46 397 532,1501
245,1,1,,,0
245,2,2,1,1,0
246,1,1,,,0
246,263,26,1,2 4 5 9 18 64 85 249 260,523
246,699,42,1 263,3 5 10 129 132,1799
247,1,1,,,0
247,2,2,1,1,0
247,4,3,1 2,,2
247,21,9,1 2 4,1 2 5 8 20,28
247,39,11,1 2 4 21,1 2 9 28 32,56
247,337,26,1 2 4 21 39,1 3 4 86 130,764
247,444,32,1 2 4 21 39 337,1 3 4 5 8 36 60 65 98 327 361,1090
247,457,33,1 2 4 21 39 337 444,6 8 49 54 57 78 127 271,1143
247,858,44,1 2 4 21 39 337 444 457,2 5 41 226 338 747,2228
248,1,1,,,0
248,19,7,1,1 2 3 5 7 10,20
248,20,8,1 19,1 2 5 8,26
248,34,10,1 19 20,2 4,48
249,1,1,,,0
249,42,10,1,2 3 7 16,64
249,78,13,1 42,3 4 5 12 20 25,138
249,260,25,1 42 78,2 4 5 9 18 64 85 249,511
249,903,46,1 42 78 260,1 2 7 16 24 152 454,2365
250,5,3,,1 2,0
250,6,5,5,1 3 4,2
250,29,9,5 6,2 3 26,32
250,59,12,5 6 29,3 9 12 25 29,94
250,115,14,5 6 29 59,1 3 4 9 10 12 15 20 22 33,205
250,125,15,5 6 29 59 115,6 59,227
252,4,4,,1 3,2
252,10,5,4,1 2 4,6
252,28,9,4 10,2 3 4 5,33
253,2,2,,1,0
253,3,3,2,1,1
253,26,8,2 3,2 3,28
253,92,13,2 3 26,2 43 61,164
253,822,43,2 3 26 92,1 2 4 5 7 11 50 51 83 172 266,2110
254,1,1,,,0
254,32,8,1,1 2 9 28,41
255,1,1,,,0
255,396,29,1,16 18 43 198 294,928
255,440,32,1 396,5 9 11 13 27,1081
256,9,4,,,7
256,150,21,9,1 2 3 5 12 15,274
257,10,6,,1 2 3 5 7,10
257,15,7,10,,19
257,103,13,10 15,1 9 11 30,187
258,1,1,,,0
258,4,3,1,1 2,1
258,28,7,1 4,1 2 9,35
258,64,12,1 4 28,2 42,107
258,134,20,1 4 28 64,1 2 4 8 18,248
260,1,1,,,0
260,2,2,1,1,0
260,7,5,1 2,1 2 3 5,6
260,8,6,1 2 7,1 2 5,10
260,27,8,1 2 7 8,2 3 4 6 22,34
260,45,11,1 2 7 8 27,2 4 5,66
260,249,24,1 2 7 8 27 45,2 4 5 9 18 64 85,479
261,1,1,,,0
261,2,2,1,1,0
261,38,9,1 2,2 21,52
261,42,10,1 2 38,3 8 11 12 15 39,55
261,201,21,1 2 38 42,1 6 10 47 81 82,384
262,1,1,,,0
262,4,3,1,1 2,0
262,5,4,1 4,1 2 3,2
263,5,4,,1 2,5
263,881,45,5,1 2 3 8 13 16 25 42 204 206 278 292 530 680,2264
264,2,2,,1,0
264,3,3,2,1 2,1
264,39,9,2 3,3 8 11 12 15,49
264,252,25,2 3 39,1 2 3 10 131,499
265,1,1,,,0
265,2,2,1,1,0
265,22,7,1 2,2 3 4 6,24
266,1,1,,,0
266,2,2,1,1,0
266,988,49,1 2,1 11 26 365 623,2664
267,1,1,,,0
267,14,5,1,1 2 3,10
267,416,31,1 14,3 5 12 306 311,1001
268,220,23,,1 2 45,433
272,1,1,,,0
272,38,10,1,3 9 13 26,59
272,537,35,1 38,1 3 30 146,1374
274,1,1,,,0
274,18,8,1,1 2 12,28
275,1,1,,,0
275,2,2,1,,0
275,5,4,1 2,2 3 4,2
275,16,7,1 2 5,2 3 7,21
275,941,47,1 2 5 16,1 5 9 25 282 363 654 848,2504
276,3,2,,2,0
276,4,3,3,2 3,1
276,45,10,3 4,1 5 6 7 27,67
276,327,27,3 4 45,1 2 4 11 42 116 152 250,737
277,2,1,,,0
277,3,2,2,2,0
277,9,6,2 3,1 2,8
278,2,1,,,0
278,3,3,2,1 2,0
278,4,4,2 3,2,2
278,7,5,2 3 4,2,3
278,18,7,2 3 4 7,1,20
278,21,8,2 3 4 7 18,2,22
278,115,20,2 3 4 7 18 21,2 10,209
278,242,25,2 3 4 7 18 21 115,3 4 5 7 45 65 166,485
279,2,2,,1,0
280,1,1,,,0
280,2,2,1,,0
280,12,6,1 2,1 2,12
280,29,9,1 2 12,3 9 12 25,33
280,42,10,1 2 12 29,2,58
280,393,30,1 2 12 29 42,2 3 4 5 6 8 10 15 22 23 38 46 194 195 331,925
280,651,39,1 2 12 29 42 393,1 3 39 44,1641
281,6,5,,2 3 4,3
282,249,25,,2 10 13 134 157,504
282,661,41,249,1 3 6 29 49 52 97 308 478 628 649,1680
283,2,1,,,0
283,4,4,2,2 3,2
283,56,11,2 4,2 3 16,84
283,287,25,2 4 56,1 3 12 21 43 70 109 212,622
284,2,2,,1,0
284,3,3,2,2,1
284,7,4,2 3,2 3,4
284,25,8,2 3 7,3 9 12,27
284,26,9,2 3 7 25,3 9 13,30
284,61,11,2 3 7 25 26,2 43,95
284,836,44,2 3 7 25 26 61,1 4 7 616,2150
285,1,1,,,0
285,2,2,1,,0
285,228,24,1 2,1 2 4 40 125 129 131,434
286,2,1,,,0
286,766,42,2,1 9 10 12 13 16 26 61,1941
288,3,3,,2,1
288,15,6,3,3 8 11 12,10
288,20,7,3 15,2,20
289,1,1,,,0
289,2,2,1,,0
289,45,10,1 2,,64
289,78,11,1 2 45,2 4 8 9 24,129
289,221,23,1 2 45 78,2 6 7 62 136,419
289,793,42,1 2 45 78 221,41 140 496,2035
290,2,2,,1,0
291,1,1,,,0
291,2,2,1,,0
291,12,5,1 2,3 8 11,5
291,158,20,1 2 12,1 2,293
291,936,48,1 2 12 158,2 3 7 119 121 167,2506
292,11,4,,3 8,5
292,93,19,11,1 3 6,155
292,308,26,11 93,2 5 10 20 124,682
294,1,1,,,0
294,20,8,1,2,22
294,27,9,1 20,1 5 6 7,30
294,649,40,1 20 27,1 3 6 29 49 52 97 308 478 628,1647
294,924,47,1 20 27 649,1 2 3 5 6 7 30 132 200 674,2449
295,1,1,,,0
295,8,3,1,3,3
295,95,19,1 8,1 3 5 18 50,157
295,671,40,1 8 95,1 2 3 12 203 253 392,1716
297,1,1,,,0
297,2,2,1,,0
297,12,6,1 2,3 9,9
297,13,7,1 2 12,3 9,11
297,178,22,1 2 12 13,2 5 53 71 95 100 112 138 148,327
298,15,6,,11,14
298,963,48,15,1 25 42 43 58 59 70 79 126 448 916,2601
299,136,19,,1 11 98,253
299,532,35,136,2 3 13 22 46 397,1348
300,3,2,,,1
300,5,4,3,2 4,2
300,9,5,3 5,3,7
300,17,6,3 5 9,1 2 3 6,14
300,83,18,3 5 9 17,2 3 6 18 81,134
300,353,29,3 5 9 17 83,2 3 13 15 24 32,821
300,384,30,3 5 9 17 83 353,1 4 12 14 30 104 182,924
301,1,1,,,0
301,4,3,1,2,1
301,9,4,1 4,3,6
301,279,24,1 4 9,1 2 3 6 12 191 242,608
301,587,38,1 4 9 279,2 11 19 21 294 350,1480
302,11,4,,,8
302,25,9,11,3 4 5 12 20,29
302,43,10,11 25,2,62
302,81,17,11 25 43,2 3 6 18,128
303,1,1,,,0
303,2,2,1,,0
303,77,16,1 2,1 2 3 33 65 70,119
305,1,1,,,0
306,1,1,,,0
306,2,2,1,,0
306,3,3,1 2,,0
306,38,9,1 2 3,1 2 3 6 8,50
306,85,16,1 2 3 38,1 2 6,137
306,125,17,1 2 3 38 85,1 2 11,228
307,3,1,,,0
307,19,7,3,1 2 13,18
307,20,8,3 19,3 4 5 12,21
308,16,6,,4 9 15,13
309,15,5,,4 9,13
309,329,28,15,3 4 8 190 324,746
310,1,1,,,0
310,70,15,1,1 2 3 33 65,108
310,801,43,1 70,12 16 25 362 383 708,2059
311,6,4,,1 2 3,2
311,285,25,6,3 5 12 18 101 173,630
311,491,34,6 285,2 5 12 22 29 43 48 206,1244
312,2,1,,,0
312,345,29,2,3 11 12 26 36 69 128 316,805
313,13,5,,1 2,13
314,3,3,,1 2,1
314,7,4,3,1 5 6,4
314,324,27,3 7,3 4 8 190,738
315,1,1,,,0
315,2,2,1,1,0
315,6,3,1 2,1 5,2
315,9,4,1 2 6,4,5
315,12,6,1 2 6 9,3 4 5,9
315,65,14,1 2 6 9 12,1 2 3 33,98
315,99,15,1 2 6 9 12 65,6 10 12,160
315,329,27,1 2 6 9 12 65 99,1 4 14 49 83 226,754
315,452,33,1 2 6 9 12 65 99 329,3 4 17 28 87 104 220 230 321 442,1112
315,628,39,1 2 6 9 12 65 99 329 452,1 3 6 29 49 52 97 308 478,1584
316,1,1,,,0
316,5,2,1,1,1
316,59,13,1 5,6,89
316,277,24,1 5 59,1 2 5 10 13 30 31,607
318,1,1,,,0
318,53,12,1,6 17 34,84
318,106,15,1 53,5 9 19 21,196
320,1,1,,,0
320,2,2,1,,0
320,4,3,1 2,,0
320,574,38,1 2 4,1 8 9 19 426,1450
321,8,6,,1 2 3 4,6
322,5,5,,3 4,3
322,85,14,5,1 10 26 32 35 54,135
322,304,26,5 85,5 8 16 20 25 59 206,688
322,471,33,5 85 304,8 9 16 18 62 327,1184
323,4,4,,3,3
323,16,6,4,2 3,15
323,63,13,4 16,1 2 45,98
323,233,23,4 16 63,1 2 3 4 5 81 118,489
324,1,1,,,0
324,2,2,1,1,0
324,3,3,1 2,,1
324,16,6,1 2 3,1 3 4 7,14
324,28,7,1 2 3 16,1 3 4 12,33
324,93,14,1 2 3 16 28,1 2 3 4 13 54,153
324,129,17,1 2 3 16 28 93,1 3 5 78 92,221
325,1,1,,,0
325,4,4,1,1 2 3,0
325,442,32,1 4,3 4 17 28 87 104 220 230 321,1085
326,3,3,,1 2,0
326,9,5,3,3 6 7 8,3
326,89,13,3 9,1 6 23,140
327,2,2,,1,0
327,8,4,2,3 6 7,2
327,29,7,2 8,1 2 7 8 13,33
327,148,21,2 8 29,2 5 53 71 95 100 112 138,254
327,459,32,2 8 29 148,2 9 45 187 216 291,1147
328,1,1,,,0
328,7,3,1,3 6,1
328,201,22,1 7,,382
328,802,43,1 7 201,1 2 5 10 14 35 51 168 218 296 546,2030
328,851,45,1 7 201 802,2 7 9 41 135,2198
329,6,2,,3,1
330,1,1,,,0
330,30,8,1,1 9 11,40
330,47,12,1 30,20 33,65
330,361,30,1 30 47,1 3 4 5 8 36 60 65 98 327,861
332,3,1,,,0
332,33,10,3,1 3 4 9 10 12 15 20 22,42
332,153,21,3 33,2 3 4 6 8 9 38 60,274
332,813,43,3 33 153,2 7 9 13 140,2077
333,7,5,,1 3 4,3
333,15,6,7,1 3 6,15
334,275,24,,2 25,601
336,3,3,,2,1
336,4,4,3,1 3,2
336,8,5,3 4,1 2 3 6,6
336,535,37,3 4 8,1 2 6 8 11 116 370,1349
337,1,1,,,0
337,2,2,1,,0
337,3,3,1 2,1,0
337,34,11,1 2 3,6 17,50
337,98,13,1 2 3 34,1 11,166
337,129,17,1 2 3 34 98,,221
337,138,20,1 2 3 34 98 129,2 5 53 71 95 100 112,235
338,6,4,,1 2 3,3
338,242,22,6,1 2 3 6 12 191,520
339,1,1,,,0
340,12,4,,1 3 4,12
340,50,12,12,1 3 5 18,69
340,337,29,12 50,4 13 23 25 27 34 60 91,796
340,598,38,12 50 337,1 2 6 47 69 123,1487
341,1,1,,,0
341,3,3,1,1 2,1
341,17,7,1 3,2 4 13 16,21
341,45,11,1 3 17,1 2,63
341,61,12,1 3 17 45,3 5 11 13,82
341,316,28,1 3 17 45 61,3 11 12 26 36 69 128,726
342,1,1,,,0
342,2,2,1,1,0
342,6,3,1 2,1 3,3
342,16,6,1 2 6,2 4 13,18
342,331,28,1 2 6 16,2 3 4 5 6 8 10 15 22 23 38 46 194 195,760
343,1,1,,,0
343,2,2,1,,0
343,13,5,1 2,1 2 7 8,10
343,22,9,1 2 13,1 3 4 9 10 12 15 20,21
343,24,10,1 2 13 22,2 4 8 9,30
343,174,20,1 2 13 22 24,1 5,316
344,33,9,,20,39
345,3,2,,1,1
345,13,5,3,2 4,14
345,20,8,3 13,1 3 4 9 10 12 15,19
345,916,47,3 13 20,1 25 42 43 58 59 70 79 126 448,2451
346,1,1,,,0
347,1,1,,,0
347,33,8,1,1 2 3,36
348,1,1,,,0
348,4,3,1,1 3,1
348,8,4,1 4,1 2 7,5
349,1,1,,,0
349,3,2,1,1,0
349,7,3,1 3,1 2,3
349,11,5,1 3 7,1 9,8
349,176,21,1 3 7 11,1 3 4 6 8 10 11 40 70,320
350,15,7,,1 3 4 9 10 12,10
350,271,25,15,1 2 3 4 8 21 30 224 250,597
350,289,26,15 271,1 2 8 41,641
350,360,31,15 271 289,2 10 55 126 192 254,872
351,1,1,,,0
351,9,4,1,1,7
352,1,1,,,0
353,1,1,,,0
353,12,6,1,1 3 4 9 10,6
353,54,10,1 12,1 10 26 32 35,65
353,250,23,1 12 54,1 2 4 11 42 116 152,535
353,335,29,1 12 54 250,1 4 11 34 137 166,790
353,745,42,1 12 54 250 335,13 36 91 445,1885
354,2,2,,1,0
354,4,3,2,2,2
354,17,6,2 4,6,15
354,166,20,2 4 17,3 4 5 7 45 65,301
355,1,1,,,0
355,10,5,1,1 3 4 9,3
355,344,30,1 10,3 20 33 40 43 101 132 202,824
356,1,1,,,0
356,2,2,1,,0
356,9,4,1 2,1 3 4,1
357,20,6,,,13
357,86,15,20,2 7 9 15 55 56 60,127
357,294,27,20 86,16 18 43 198,657
358,9,5,,2 4 8,5
358,212,21,9,1 3 12 21 43 70 109,436
358,307,27,9 212,4 17 111,690
358,747,42,9 212 307,2 5 41 226 338,1895
359,1,1,,,0
359,8,4,1,2 4,4
359,61,12,1 8,6 7 19 23,85
359,81,13,1 8 61,4 12 37 77,118
361,4,3,,1 3,0
361,92,16,4,1 3 5 78,140
361,565,37,4 92,1 2 3 12 40,1391
362,3,2,,1,0
363,4,3,,2,2
363,54,11,4,1 2 3 4 13,74
363,77,12,4 54,4 12 37,114
363,112,19,4 54 77,2 5 53 71 95 100,175
364,1,1,,,0
364,327,29,1,1 3 4 5 8 36 60 65 98,769
365,1,1,,,0
365,2,2,1,,0
365,6,3,1 2,,1
365,18,5,1 2 6,2 3 6,7
365,829,46,1 2 6 18,1 2 4 5 9 24 56 58 63 110 243 327 474,2124
366,55,11,,1 2 4 5 12 15 37,80
368,1,1,,,0
368,40,10,1,1 2 3 20,49
368,848,46,1 40,1 5 9 25 282 363 654,2218
368,903,47,1 40 848,1 3 5 12 21 27 140 822,2422
369,6,1,,,0
369,401,30,6,2 3 17 20 23 189 215 252,980
369,414,31,6 401,10 22 217 283 341,1022
371,250,24,,1 2 3 4 8 21 30 224,557
372,18,5,,1 3 5,14
372,35,9,18,1 10 26 32,42
372,311,28,18 35,3 5 12 306,734
372,359,29,18 35 311,12 90,881
374,18,6,,1 2 4 8,20
374,136,19,18,2 6 7 62,233
374,157,20,18 136,2 10 13 134,292
375,1,1,,,0
375,32,8,1,1 10 26,40
375,78,15,1 32,1 3 5,122
375,100,18,1 32 78,2 5 53 71 95,160
375,237,23,1 32 78 100,1 2 3 58 65 66 75 89 109 121,525
376,46,10,,2 3 4 5 6,79
376,93,17,46,1 3 72,152
376,107,18,46 93,1 2 3 19 76,173
376,295,27,46 93 107,5 14 18 37 51,666
376,668,41,46 93 107 295,1 3 21 27 376 608,1660
377,1,1,,,0
377,3,3,1,1 2,0
377,6,4,1 3,2 3,2
377,137,18,1 3 6,1 2 3 17 24 71,235
377,171,19,1 3 6 137,1 7 8 10 13 27 48 55 141,344
377,306,27,1 3 6 137 171,3 5 12,717
378,2,2,,1,0
378,814,45,2,1 2 4 5 21 53 119 152,2084
379,1,1,,,0
379,6,3,1,1 3,3
379,799,44,1 6,3 11 91,2051
380,3,2,,2,0
380,82,16,3,1 6 10 47 81,132
380,95,17,3 82,2 5 53 71,150
381,2,1,,,0
381,26,7,2,1 10,32
381,81,15,2 26,1 6 10 47,130
381,99,16,2 26 81,1 3 6 21 31,153
381,461,36,2 26 81 99,1 3 11 50 73 152,1148
382,3,2,,1,1
382,131,16,3,1 2 4 40 125 129,217
383,1,1,,,0
383,10,6,1,2,13
383,60,14,1 10,2 7 9 15 55 56,90
384,1,1,,,0
384,2,2,1,1,0
384,8,5,1 2,1 2 4,7
384,37,9,1 2 8,1 2 4 5 12 15,57
384,129,15,1 2 8 37,1 2 4 40 125,210
384,557,37,1 2 8 37 129,1 2 3 11 26 27 35 78 81 272 374 440,1372
385,1,1,,,0
385,5,3,1,1 3,0
385,6,4,1 5,1 2,2
385,69,14,1 5 6,2 3 5 14 29 41,104
385,131,15,1 5 6 69,1 2 3 10,220
386,30,8,,5 8 9 12,38
386,113,14,30,1 4 6 11 34,178
387,3,2,,1,0
387,11,4,3,9,8
387,56,13,3 11,2 7 9 15 55,80
387,319,27,3 11 56,1 2 6 10 12 108 179 233,766
388,4,3,,1 2,3
388,20,7,4,1 2 3,22
388,55,12,4 20,2 7 9 15,78
388,125,14,4 20 55,1 2 4 40,198
389,1,1,,,0
389,2,2,1,1,0
389,9,3,1 2,,5
389,13,4,1 2 9,3 5 11,5
389,191,19,1 2 9 13,1 2 3 6 12,392
389,802,44,1 2 9 13 191,1 2 3 6 8 27 180 218 387,2032
390,1,1,,,0
390,2,2,1,1,0
391,1,1,,,0
391,2,2,1,,0
391,11,3,1 2,3 5,1
391,15,6,1 2 11,1 2 3 5 12,5
391,981,44,1 2 11 15,2 21 23 45 55 100 161 272 497,2673
391,999,45,1 2 11 15 981,3 4 11 13 21 28 53 57 138 197 820,2752
392,23,6,,1 6,21
392,656,41,23,4 10 11 15 16 26 50 72 101 159 247,1616
394,1,1,,,0
394,12,5,1,1 2 3 5,4
394,420,33,1 12,1 2 6 22 29,1035
394,754,43,1 12 420,1 3 4 6 33 36 40 52 60 61 115 124 257 429 582,1906
397,5,2,,3,0
397,10,5,5,1,7
397,23,8,5 10,6 7 19,30
397,72,13,5 10 23,1 3,106
397,134,15,5 10 23 72,2 10 13,230
397,224,23,5 10 23 72 134,1 2 3 4 8 21 30,486
397,248,26,5 10 23 72 134 224,1 2 3 4 17 28 58,552
397,501,36,5 10 23 72 134 224 248,1 2 30,1234
397,717,42,5 10 23 72 134 224 248 501,2 12 28 29 39 696,1805
399,3,1,,,0
399,269,26,3,1 2 6 18 143,599
401,5,4,,1 2 3,2
401,19,7,5,6 7,28
401,44,12,5 19,3 25 26 27 32,64
402,1,1,,,0
402,12,5,1,6 10,11
403,3,3,,1 2,1
403,21,10,3,5 9 19,39
403,37,11,3 21,4 12,52
403,127,14,3 21 37,1 2 5 6 18,215
403,708,41,3 21 37 127,12 16 25 362 383,1788
404,1,1,,,0
404,2,2,1,1,0
404,10,4,1 2,6,8
404,12,5,1 2 10,5 8 9,11
404,13,6,1 2 10 12,1 2 3 4,14
404,71,11,1 2 10 12 13,2 5 53,97
405,1,1,,,0
405,3,3,1,1 2,1
405,19,9,1 3,5 9,32
405,606,40,1 3 19,8 100 203,1490
406,1,1,,,0
406,2,2,1,1,0
406,15,8,1 2,1 2 4 5 12,18
407,1,1,,,0
407,9,4,1,5 8,6
407,76,11,1 9,1 2 3 19,101
407,141,16,1 9 76,1 7 8 10 13 27 48 55,267
407,545,39,1 9 76 141,1 4 5 8 15 17 213,1353
408,1,1,,,0
408,6,2,1,,2
408,8,3,1 6,5,4
409,1,1,,,0
409,6,2,1,1,1
409,12,7,1 6,1 2 4 5,11
409,174,19,1 6 12,1 2 4 7 15,351
409,373,30,1 6 12 174,2 9 27 211,904
410,540,38,,1 11 13 15 20 57 98 539,1336
411,1,1,,,0
411,5,2,1,,1
411,539,37,1 5,1 11 13 15 20 57 98,1334
413,4,4,,1 2 3,1
413,5,5,4,2,4
413,7,6,4 5,6,5
413,32,9,4 5 7,3 25 26 27,35
413,41,10,4 5 7 32,2 3 5 14 29,47
414,1,1,,,0
414,3,3,1,1 2,0
414,6,4,1 3,,3
415,2,2,,1,0
415,9,7,2,5,12
415,47,9,2 9,1 6 10,55
415,302,27,2 9 47,1 2 3 13 17,725
416,1,1,,,0
416,2,2,1,,0
416,5,4,1 2,1 2 4,0
416,6,6,1 2 5,2 3 4 5,3
417,4,3,,1 2,0
417,5,5,4,2 3 4,2
417,75,12,4 5,2 5 27 37 48,99
417,360,29,4 5 75,1 2 4 11 18 46 51 86,861
418,4,4,,2 3,2
418,27,8,4,3 25 26,23
418,226,25,4 27,1 4 14 49 83,491
418,696,38,4 27 226,2 12 28 29 39,1740
418,822,40,4 27 226 696,2 13 56 319 323,2162
419,2,2,,1,0
419,3,3,2,2,1
419,5,4,2 3,,3
419,26,7,2 3 5,3 25,20
419,115,15,2 3 5 26,5 9 15 19 26 28 51 103,183
419,580,37,2 3 5 26 115,2 5 7 122,1423
420,1,1,,,0
420,2,2,1,,0
420,11,3,1 2,1 2,4
420,25,6,1 2 11,3,17
420,206,23,1 2 11 25,5 8 16 20 25 59,431
422,1,1,,,0
422,53,8,1,2 5,53
423,173,22,,3 5 12 18 101,353
424,1,1,,,0
424,11,3,1,1,4
424,85,12,1 11,2 4 5 9 18 64,105
424,345,28,1 11 85,1 9,824
424,476,36,1 11 85 345,14 55 62,1163
425,29,6,,2 3 5 14,23
425,60,9,29,2 3 4 6 8 9 38,69
426,1,1,,,0
426,134,18,1,1 2 4 7,247
426,836,41,1 134,1 2 9 34 64 143 279 811,2214
428,1,1,,,0
428,12,3,1,4,5
428,15,5,1 12,2 7 9,6
428,520,36,1 12 15,1 2 6 10 48 199 347,1277
429,2,2,,1,0
429,134,18,2,1 2 6 7 103,247
429,552,36,2 134,1 2 21 33 501,1353
430,1,1,,,0
431,103,14,,5 9 15 19 26 28 51,166
433,219,25,,3 5 43 102,482
433,271,26,219,6 8 49 54 57 78 127,648
434,1,1,,,0
434,9,4,1,2 7,3
434,34,7,1 9,1 3 8 17 26,31
434,397,34,1 9 34,2 3 13 22 46,974
434,406,35,1 9 34 397,2 3 5 34 70,996
436,1,1,,,0
436,4,2,1,,1
436,7,3,1 4,2,1
436,79,13,1 4 7,2 5,112
436,608,36,1 4 7 79,1 3 21 27 376,1487
437,23,6,,1 4 6 19,19
437,281,25,23,1 2 5 57 184,683
438,1,1,,,0
438,118,17,1,1 2 3 4 5 81,223
438,760,39,1 118,2 4 8 26 199 297,1953
440,14,5,,2 3 5,11
441,2,1,,,0
441,19,5,2,1 4 6,16
442,3,2,,,1
442,26,6,3,1 3 8 17,22
442,341,30,3 26,10 22 217 283,837
443,1,1,,,0
443,45,9,1,1 2,59
443,71,12,1 45,1 2 3 17 24,97
443,753,38,1 45 71,1 4 6 7 19 43 297 424 426,1923
444,48,11,,2 5 27 37,62
444,124,18,48,2 9 16 17 24,235
445,1,1,,,0
445,64,11,1,2 4 5 9 18,80
445,90,14,1 64,7 14 32,153
446,321,27,,3 4 17 28 87 104 220 230,777
447,2,2,,1,0
447,37,7,2,2 6 11,43
447,38,8,2 37,2 3 4 6 8 9,46
448,1,1,,,0
448,5,3,1,1 3,2
448,62,11,1 5,2 6 7,80
448,181,23,1 5 62,9 13,398
448,190,24,1 5 62 181,3 4 8,412
449,5,4,,2 3,4
449,31,6,5,1 3 6 21,29
449,141,21,5 31,1 3 5 11 136,292
449,822,41,5 31 141,1 3 5 12 21 27 140,2185
450,1,1,,,0
450,3,2,1,1,1
451,1,1,,,0
451,3,3,1,2,1
451,17,5,1 3,1 3 8,12
451,152,21,1 3 17,1 2 4 11 42 116,314
451,156,22,1 3 17 152,1 2 33 64 112,320
451,811,40,1 3 17 152 156,1 2 9 34 64 143 279,2154
452,1,1,,,0
452,2,2,1,,0
452,10,4,1 2,1 6,6
453,198,21,,16 18 43,434
454,1,1,,,0
454,6,3,1,1 4,2
454,130,19,1 6,1 3 4 86,268
454,136,20,1 6 130,1 3 5 11,281
454,804,39,1 6 130 136,1 5 20 111 146 197,2120
454,842,40,1 6 130 136 804,2 3 6 456 714,2246
454,961,42,1 6 130 136 804 842,1 5 18 75 77 163 188 199 272,2716
455,1,1,,,0
455,37,10,1,2 5 27,43
455,65,12,1 37,3 4 5 7 45,94
455,70,13,1 37 65,1 3 4 6 8 10 11 40,101
456,4,2,,1,1
456,6,3,4,1,2
456,254,24,4 6,2 10 55 126 192,608
456,712,37,4 6 254,1 3 4 5 8 172 634,1801
458,1,1,,,0
458,419,34,1,28,1033
459,1,1,,,0
459,21,5,1,1 3 6,14
459,897,40,1 21,1 4 11 14 33 65 70 318 541,2411
460,8,3,,1 3,2
460,103,17,8,1 2 6 7,195
461,1,1,,,0
461,12,4,1,2 11,5
461,109,17,1 12,1 3 12 21 43 70,214
461,226,23,1 12 109,3 10 18 32 64,524
461,511,35,1 12 109 226,1 3 55 90 119,1261
462,11,3,,2,5
464,19,4,,1 2 3,15
464,680,36,19,1 2 3 8 13 16 25 42 204 206 278 292 530,1695
465,3,2,,1,1
465,27,9,3,2 5,32
465,34,10,3 27,1 4 6 11,35
465,352,33,3 27 34,1 3 5 7 8 12 24 30 45,871
465,478,34,3 27 34 352,1 3 6 29 49 52 97 308,1179
466,1,1,,,0
466,3,2,1,1,1
466,110,18,1 3,2 3 7 39 58 64 104,214
466,327,31,1 3 110,8 9 16 18 62,804
466,773,38,1 3 110 327,1 2 18 24 40 307,2033
467,1,1,,,0
468,1,1,,,0
468,33,10,1,3 10 28,35
468,307,28,1 33,2 43 254,745
468,426,33,1 33 307,1 8 9 19,1053
470,5,2,,2,1
470,254,24,5,2 3 5 185,625
471,2,1,,,0
471,47,11,2,2 3 13 18 31 38,67
472,104,17,,2 3 7 39 58 64,208
472,677,36,104,2 3 8 14 28 52 83 128 227,1717
473,2,1,,,0
473,11,5,2,2 6,10
473,28,9,2 11,3 10,31
473,40,10,2 11 28,1 2 4,47
473,233,23,2 11 28 40,1 2 6 10 12 108 179,572
474,6,3,,1 3,2
475,45,10,,3 4 5 7,68
475,67,15,45,3 13 30 31,128
475,81,16,45 67,1 2 3 4 5,161
476,9,7,,2 3 4 6 8,11
476,11,8,9,2 10,16
476,124,18,9 11,2 5 10 20,262
477,1,1,,,0
477,3,2,1,1,1
477,8,6,1 3,2 3 4 6,9
477,10,7,1 3 8,2,13
477,263,25,1 3 8 10,1 2 8 14 40 77 139,649
477,998,43,1 3 8 10 263,1 3 8 10 34 101 114 266 383 410 504,2842
478,1,1,,,0
478,6,4,1,2,6
478,195,22,1 6,2 3 4 5 6 8 10 15 22 23 38 46 194,439
478,287,26,1 6 195,1 2 6 8 13 21,686
479,1,1,,,0
479,6,5,1,2 3 4,6
479,194,21,1 6,2 3 4 5 6 8 10 15 22 23 38 46,437
479,299,29,1 6 194,1 3 7 9 11 19 27 101 160 266,728
480,1,1,,,0
480,3,3,1,1 2,1
480,38,9,1 3,2 3 13 18 31,50
480,501,34,1 3 38,1 2 21 33,1228
481,1,1,,,0
481,2,2,1,1,0
481,4,4,1 2,2 3,2
481,63,15,1 2 4,2 6 7 18,116
482,1,1,,,0
482,2,2,1,,0
482,3,3,1 2,2,0
483,2,1,,,0
483,51,13,2,5 9 15 19 26 28,77
483,325,32,2 51,1 2 12 15 20 38,801
485,2,1,,,0
485,40,9,2,1 3 4 6 8 10 11,53
485,48,12,2 40,1 8 10 22 25 31,68
485,257,25,2 40 48,6 10 19 43,635
485,333,32,2 40 48 257,2 3 6 10 53 102,825
485,506,34,2 40 48 257 333,1 2 7 20 87 146 271 464,1235
486,2,2,,1,0
487,1,1,,,0
487,5,3,1,2,1
487,31,8,1 5,2 3 13 18,39
487,116,18,1 5 31,1 2 4 11 42,240
488,11,4,,1 4 6,3
490,1,1,,,0
490,2,2,1,,0
490,24,7,1 2,1 2 3 17,23
490,51,14,1 2 24,1 2 3 12 18 27,89
490,317,31,1 2 24 51,1 10 17 21 92,781
490,512,34,1 2 24 51 317,1 10 147 230,1257
491,10,4,,3,4
491,18,5,10,2 4 5 9,10
491,121,20,10 18,1 2 3 58 65 66 75 89 109,262
492,123,20,,1 32,279
493,6,3,,1 4,1
493,52,14,6,1 2 3 4 12 28,100
493,55,15,6 52,1 7 8 10 13 27 48,107
494,459,33,,2 4 6 40 270 304,1140
495,1,1,,,0
495,4,2,1,1,0
495,101,17,1 4,3 5 12 18,217
495,112,18,1 4 101,1 2 33 64,232
495,115,19,1 4 101 112,2 5 8 9 10 25 33 95 102,238
495,291,30,1 4 101 112 115,2 9 45 187 216,717
497,17,6,,1 2 3,18
497,202,21,17,3 20 33 40 43 101 132,494
498,1,1,,,0
498,3,2,1,,0
498,86,16,1 3,1 3 4,187
498,205,21,1 3 86,7 9 10 21 24 115,499
500,9,4,,2 4 5,5
500,18,7,9,2 3 13,26
500,48,14,9 18,1 7 8 10 13 27,100
500,70,15,9 18 48,1 3 12 21 43,146
500,178,20,9 18 48 70,1 2 5 6 15 20 57 71,423
500,283,29,9 18 48 70 178,10 22 217,695
500,333,30,9 18 48 70 178 283,1 2 18 232,817
501,1,1,,,0
501,78,15,1,12 25 50,168
501,370,30,1 78,1 2 6 8 11 116,911
501,404,31,1 78 370,3 6 11 38 40 89,985
501,440,32,1 78 370 404,1 2 3 11 26 27 35 78 81 272 374,1068
502,31,11,,1 8 10 22 25,49
502,129,16,31,1 11 58,288
502,182,20,31 129,1 4 12 14 30 104,431
503,1,1,,,0
503,7,5,1,2 6,6
503,32,13,1 7,7 14,58
503,109,15,1 7 32,1 2 3 58 65 66 75 89,240
504,1,1,,,0
504,5,3,1,2 4,2
504,6,4,1 5,2,4
504,35,13,1 5 6,1 2 3 11 14 18 22 31,58
504,60,14,1 5 6 35,2 3 50,120
504,616,35,1 5 6 35 60,1 4 7,1521
505,1,1,,,0
505,4,2,1,2,1
505,13,6,1 4,2 3,18
506,1,1,,,0
506,10,5,1,1 2 3,11
506,28,12,1 10,5 9 15 19 26,44
506,767,39,1 10 28,3 6 7 11 21 46 172 609 748,2024
507,2,1,,,0
507,688,37,2,2 57 78 470,1735
508,2,1,,,0
508,25,10,2,1 8 10 22,37
508,26,11,2 25,5 9 15 19,41
508,31,12,2 25 26,1 2 3 11 14 18 22,48
508,102,13,2 25 26 31,2 5 8 9 10 25 33 95,208
508,288,29,2 25 26 31 102,9 10 222,704
509,4,3,,1 2,1
510,1,1,,,0
510,5,4,1,2,5
511,2,2,,1,0
511,3,3,2,1 2,1
511,22,9,2 3,1 8 10,32
511,31,12,2 3 22,3 13 30,59
512,1,1,,,0
512,2,2,1,1,0
512,5,4,1 2,1,5
512,18,8,1 2 5,1 2 5 6,21
512,30,11,1 2 5 18,3 13,55
512,64,12,1 2 5 18 30,2 3 7 39 58,119
512,266,28,1 2 5 18 30 64,1 3 7 9 11 19 27 101 160,640
513,1,1,,,0
513,2,2,1,,0
513,3,3,1 2,1 2,0
513,7,5,1 2 3,3 4 5,5
514,2,2,,1,0
514,11,7,2,1 3 4 6 8 10,9
514,26,9,2 11,2 4 5,39
514,27,10,2 11 26,1 2 3 12 18,42
514,50,11,2 11 26 27,2 3,89
515,1,1,,,0
515,3,3,1,2,1
515,5,4,1 3,3 4,2
515,10,6,1 3 5,1 3 4 6 8,6
515,19,7,1 3 5 10,5 9 15,21
515,38,10,1 3 5 10 19,3 4 6 7,63
515,95,12,1 3 5 10 19 38,2 5 8 9 10 25 33,180
515,96,13,1 3 5 10 19 38 95,1 2 6 16 48 95,187
516,1,1,,,0
516,2,2,1,,0
516,4,3,1 2,3,0
516,95,12,1 2 4,1 2 6 16 48,184
517,3,1,,,0
517,8,5,3,1 3 4 6,2
517,22,8,3 8,1 2 3 11 14 18,22
517,28,9,3 8 22,1 2 3 4 12,42
517,157,19,3 8 22 28,3 4 5 13 21 39 46,341
518,13,6,,2 10,10
518,58,10,13,2 3 7 39,96
518,192,23,13 58,2 10 55 126,447
518,252,27,13 58 192,2 3 17 20 23 189 215,589
518,567,34,13 58 192 252,1 3 12 45,1373
519,6,4,,1 3 4,2
519,15,6,6,5 9,14
519,95,15,6 15,4 9 14 32 37 40 87,189
520,1,1,,,0
520,58,10,1,2 3 5 14 17,102
520,873,41,1 58,2 57 114 538,2374
521,1,1,,,0
521,4,3,1,1 3,0
521,10,5,1 4,2,6
521,14,6,1 4 10,7,12
521,18,7,1 4 10 14,1 2 3 11 14,14
521,27,9,1 4 10 14 18,1 7 8 10 13,39
521,254,27,1 4 10 14 18 27,2 43,587
521,522,32,1 4 10 14 18 27 254,1 4 7 9 15 154,1226
522,3,2,,1,0
522,166,19,3,1 4 11 34 137,368
522,262,27,3 166,1 9 29 50 65 139,614
523,10,5,,1 8,6
523,18,7,10,1 2 3 12,20
523,46,9,10 18,2 3 6 8 15 18 33,70
523,89,14,10 18 46,1 2 3 58 65 66 75,169
524,1,1,,,0
524,6,4,1,1 2 5,0
524,132,17,1 6,1 2 5 11 12,268
524,190,23,1 6 132,1 6 30 49 52,437
525,5,3,,1 2,0
525,8,4,5,1,3
525,9,5,5 8,5,4
525,14,6,5 8 9,1 2 3 11,7
525,143,18,5 8 9 14,1 2 6 18,286
525,748,38,5 8 9 14 143,3 6 7 11 21 46 172 609,1942
526,18,8,,2 6 7,20
527,43,9,,1 3 12 21,70
527,87,14,43,4 9 14 32 37 40,168
527,101,15,43 87,1 6 8,195
527,179,22,43 87 101,1 2 6 10 12 108,411
527,464,30,43 87 101 179,1 2 7 20 87 146 271,1090
528,2,2,,1,0
528,7,4,2,,4
528,11,5,2 7,1 2 3,5
529,1,1,,,0
529,2,2,1,,0
529,5,3,1 2,,1
529,12,6,1 2 5,1 2 3,8
529,13,7,1 2 5 12,3,11
529,50,10,1 2 5 12 13,12 25,81
529,56,11,1 2 5 12 13 50,1 2 3 11 26 45,96
529,128,17,1 2 5 12 13 50 56,3 11 12 26 36 69,255
530,616,35,,2 3 5 16 61 120 299,1488
532,1,1,,,0
533,12,6,,1 2 3 4,14
533,225,25,12,2 3 20 32 58 62 136,504
534,184,23,,1 2 5 57,429
534,634,36,184,1 3 4 5 8 172,1556
535,1,1,,,0
535,5,5,1,2 4,3
535,13,8,1 5,1 7 8 10,17
535,850,39,1 5 13,1 3 5 7 19 147 150 443 745,2288
536,3,3,,1 2,0
536,4,4,3,2,2
536,33,8,3 4,2 3 6 8 15 18,48
536,196,24,3 4 33,2 3 9 57 86,451
537,2,2,,1,0
537,7,5,2,2 6,6
537,39,9,2 7,2 3 7,57
537,75,13,2 7 39,1 2 3 58 65 66,140
537,230,26,2 7 39 75,3 4 17 28 87 104 220,521
538,1,1,,,0
538,2,2,1,,0
538,3,3,1 2,1 2,0
538,6,4,1 2 3,2,3
538,10,7,1 2 3 6,1 7 8,9
538,350,29,1 2 3 6 10,2 11 19 21 294,811
539,2,2,,1,0
539,3,3,2,,1
539,185,23,2 3,2 3 5,422
539,336,28,2 3 185,1 9 118 229,781
540,1,1,,,0
540,8,6,1,1 7,6
540,45,9,1 8,1 2 3 11 26,76
541,4,4,,1 2 3,1
541,7,5,4,1,5
542,2,1,,,0
542,3,3,2,1 2,0
543,2,2,,1,0
543,64,10,2,1 2 33,107
544,1,1,,,0
544,24,7,1,2 9 16 17,26
544,674,37,1 24,1 2 3 5 6 7 30 132 200,1687
546,1,1,,,0
546,7,5,1,3 4 6,3
546,66,12,1 7,1 2 3 58 65,120
546,803,38,1 7 66,2 4 6 14 40 53 102 105 307 369,2114
547,1,1,,,0
547,6,4,1,3 4,2
547,65,11,1 6,1 2 3 58,118
547,220,25,1 6 65,3 4 17 28 87 104,496
549,1,1,,,0
549,4,3,1,3,1
549,21,8,1 4,1 3 12,30
550,3,2,,,1
550,85,12,3,4 9 12 16,156
550,102,16,3 85,3 5 43,198
551,1,1,,,0
551,5,5,1,1 2 3 4,1
551,17,6,1 5,2 9 16,17
551,18,7,1 5 17,2 3 6 8 15,20
551,91,12,1 5 17 18,1 2 9 32 44 47,163
551,92,15,1 5 17 18 91,2 3 37 63 68 89,169
551,137,18,1 5 17 18 91 92,1 4 11 34,293
552,4,4,,1 2 3,1
552,16,5,4,2 9,16
553,1,1,,,0
553,3,3,1,1 2,0
553,7,4,1 3,1 2 4,4
553,180,24,1 3 7,1 2 8 70,409
554,2,2,,1,0
554,15,5,2,2 3 6 8,14
554,25,7,2 15,12,35
554,58,10,2 15 25,1 2 3,102
554,89,14,2 15 25 58,2 3 37 63 68,160
554,111,15,2 15 25 58 89,4 17,209
554,282,27,2 15 25 58 89 111,1 2 4 6 9 38 50 89 121,639
555,1,1,,,0
555,215,25,1,2 3 17 20 23 189,479
556,4,3,,1 2,2
556,7,4,4,1 2 6,4
557,1,1,,,0
557,6,3,1,1 2,3
558,1,1,,,0
558,2,2,1,1,0
558,12,5,1 2,1 3,11
558,19,6,1 2 12,1 2 4 13,17
558,860,42,1 2 12 19,1 5 43,2399
559,1,1,,,0
559,9,4,1,2,4
559,26,7,1 9,1 2 3 11,38
561,2,2,,1,0
561,3,3,2,2,1
561,8,4,2 3,2 3 6,3
561,17,6,2 3 8,2 3 5 14,16
561,42,9,2 3 8 17,1 2 4 11,64
561,83,14,2 3 8 17 42,1 4 14 49,148
561,319,28,2 3 8 17 42 83,1 2 4 6 8 31 62 78 91 163,724
561,684,37,2 3 8 17 42 83 319,1 2 3 5 38 104 129 546,1750
562,1,1,,,0
562,2,2,1,,0
562,31,8,1 2,1 2 5 10 13 30,44
562,654,36,1 2 31,1 5 9 25 282 363,1624
563,6,3,,2 3,1
563,30,7,6,1 2 5 10 13,43
563,48,9,6 30,1 2 6 16,75
564,13,4,,1 2 4,9
564,14,5,13,2 3 5,12
564,166,23,13 14,2 3 5 22,365
566,2,1,,,0
566,3,2,2,2,0
566,217,26,2 3,10 22,485
566,582,35,2 3 217,1 3 4 6 33 36 40 52 60 61 115 124 257 429,1393
566,675,36,2 3 217 582,1 2 3 6 160 239,1719
567,2,1,,,0
567,3,2,2,1,0
567,12,5,2 3,,11
567,59,11,2 3 12,5 8 16 20 25,93
567,132,20,2 3 12 59,3 20 33 40 43 101,287
567,374,28,2 3 12 59 132,1 2 3 11 26 27 35 78 81 272,848
568,12,5,,1 2 3 6,11
568,15,6,12,1 2 4 7,15
569,1,1,,,0
569,7,3,1,2 3,1
570,216,26,,2 9 45 187,484
570,274,27,216,19 235 266,625
570,820,40,216 274,3 4 11 13 21 28 53 57 138 197,2198
571,211,25,,2 9 27,472
573,1,1,,,0
573,3,2,1,2,0
573,4,3,1 3,1 2,1
573,5,4,1 3 4,2 3,3
573,58,11,1 3 4 5,1 11,99
574,2,1,,,0
574,6,4,2,1 2 3,4
574,11,5,2 6,1 2 3,14
574,33,7,2 6 11,1 2,45
574,40,10,2 6 11 33,4 9 14 32 37,63
574,141,22,2 6 11 33 40,2 4 6,314
574,222,25,2 6 11 33 40 141,9 10,496
574,392,28,2 6 11 33 40 141 222,1 2 3 12 203 253,905
575,2,2,,1,0
575,3,3,2,2,1
575,68,13,2 3,2 3 37 63,113
576,1,1,,,0
576,2,2,1,,0
576,7,4,1 2,1 2 4,3
576,288,27,1 2 7,3 24 81,642
577,3,3,,1 2,0
577,33,8,3,2 5 8 9 10 25,43
577,37,9,3 33,4 9 14 32,56
577,127,21,3 33 37,6 8 49 54 57 78,277
578,2,2,,1,0
578,18,6,2,3 5 12,24
578,266,26,2 18,19 235,600
578,749,37,2 18 266,1 4 52 77 185 190 393,1945
579,1,1,,,0
579,4,3,1,1 2,0
579,11,5,1 4,1 3 5,10
579,785,38,1 4 11,1 2 3 8 9 12 104 175 268,2061
580,4,4,,1 3,2
580,13,5,4,1 2 5 10,14
580,20,6,4 13,2 5 10,23
580,63,12,4 13 20,2 3 37,99
580,104,17,4 13 20 63,1 4 12 14 30,207
581,2,2,,1,0
581,3,3,2,1,1
581,189,24,2 3,2 3 17 20 23,409
582,1,1,,,0
582,3,3,1,1 2,1
582,32,8,1 3,4 9 14,44
582,714,35,1 3 32,2 3 6 456,1831
583,1,1,,,0
583,2,2,1,1,0
583,10,4,1 2,1 2 5,8
583,32,8,1 2 10,1,44
584,1,1,,,0
584,12,4,1,3 5,11
584,25,5,1 12,2,24
584,88,14,1 12 25,3 4 10 19 26 45 53,145
584,126,21,1 12 25 88,2 10 55,266
584,546,34,1 12 25 88 126,1 2 5 10 14 35 51 168 218 296,1264
585,1,1,,,0
585,5,3,1,1 3,1
585,25,7,1 5,2 5 8 9 10,23
586,1,1,,,0
586,91,16,1,4 13 23 25 27 34 60,170
586,496,33,1 91,41 140,1153
587,3,2,,1,0
587,58,13,3,1 2 3 4 17 28,89
588,5,3,,1 2,3
588,69,13,5,3 11 12 26 36,114
588,115,20,5 69,7 9 10 21 24,239
588,278,26,5 69 115,1 2 4 6 15 16 55 64,605
589,1,1,,,0
589,821,41,1,5 14 16 19 24 40 76 173 587,2221
590,1,1,,,0
590,10,4,1,2 5,7
591,1,1,,,0
591,2,2,1,1,0
591,5,3,1 2,3,2
591,30,9,1 2 5,1 2 3 4 8 21,31
592,1,1,,,0
592,11,4,1,1 2 4,6
592,897,43,1 11,2 6 95,2508
593,1,1,,,0
593,3,2,1,,0
593,98,17,1 3,1 3 4 5 8 36 60 65,188
593,104,19,1 3 98,1 3 4 74 77,214
593,484,32,1 3 98 104,2 5 304 405,1118
594,294,26,,2 11 19 21,646
594,709,36,294,1 2 3 4 7 16 28 37 38 77 273 514,1825
595,5,2,,2,1
595,16,7,5,1 2 6,14
595,47,11,5 16,1 2 9 32 44,62
595,49,12,5 16 47,1 4 14,70
595,144,23,5 16 47 49,1 5 45 132 133,305
595,547,32,5 16 47 49 144,3 4 6 7 15 17 47 63 129 308,1260
596,206,25,,2 5 12 22 29 43 48,449
597,1,1,,,0
597,748,37,1,5 6 7 26 36 73 123 309 564,1934
598,2,1,,,0
598,41,9,2,1 2 8,56
598,44,10,2 41,1 2 9 32,59
598,101,19,2 41 44,3 20 33 40 43,211
598,108,20,2 41 44 101,1 2 6 10 12,228
599,4,3,,1 2,1
599,187,24,4,2 9 45,402
600,1,1,,,0
600,10,6,1,2 5 8 9,5
600,14,7,1 10,4 9,15
600,21,8,1 10 14,1 2 3 4 8,19
601,2,2,,1,0
601,9,5,2,2 5 8,4
601,25,8,2 9,5 8 16 20,24
601,139,23,2 9 25,1 2 8 14 40 77,296
601,232,24,2 9 25 139,1 2 18,501
601,347,27,2 9 25 139 232,1 2 6 10 48 199,769
601,927,45,2 9 25 139 232 347,5 6 19 358 369,2576
602,1,1,,,0
602,8,4,1,2 5,3
605,2,2,,1,0
605,5,3,2,2,2
605,6,4,2 5,1 2,3
605,9,5,2 5 6,4,8
606,1,1,,,0
606,20,7,1,5 8 16,17
606,21,8,1 20,1 5,20
606,37,9,1 20 21,2 3,46
606,133,22,1 20 21 37,1 5 45 132,281
607,2,1,,,0
607,71,16,2,1 2 5 6 15 20 57,135
607,132,21,2 71,1 5 45,279
608,2,1,,,0
608,43,9,2,16 18,57
608,85,17,2 43,1 5 10 13,166
608,627,33,2 43 85,2 3 5 341,1568
608,974,45,2 43 85 627,1 3 4 9 34 82 128 141 195 202 229 581 735,2763
609,2,2,,1,0
609,3,3,2,1 2,1
609,43,9,2 3,3 5,57
609,235,22,2 3 43,19,511
610,1,1,,,0
610,2,2,1,1,0
610,4,3,1 2,,1
610,16,6,1 2 4,5 8,10
610,32,8,1 2 4 16,1 2 9,34
610,272,23,1 2 4 16 32,1 3 5 7 11 20 168,588
610,776,39,1 2 4 16 32 272,2 4 7 8 13 39 350 486,2047
611,1,1,,,0
611,109,20,1,2 48 98,228
611,669,34,1 109,2 3 6 12 34 139 352,1686
613,8,5,,1 2 3 4,2
613,419,31,8,6 9 28 43 167 177,920
614,1,1,,,0
614,530,31,1,1 2 3 8 13 16 25 42 204 206 278 292,1220
616,1,1,,,0
616,13,6,1,9,13
617,4,4,,1 2 3,0
617,28,8,4,1 2 3 4 17,36
617,60,15,4 28,4 13 23 25 27 34,111
618,3,3,,1 2,0
618,8,4,3,5,4
618,160,21,3 8,1 3 7 9 11 19 27 101,336
619,2,2,,1,0
619,16,7,2,4 9 12,15
619,53,11,2 16,3 4 10 19 26 45,78
619,77,17,2 16 53,1 2 4 5 8 16 51,154
619,239,21,2 16 53 77,3 75 91,513
620,1,1,,,0
620,8,4,1,1 6,5
620,9,5,1 8,,7
620,11,6,1 8 9,1,8
620,51,10,1 8 9 11,5 14 18 37,69
620,77,18,1 8 9 11 51,1 3 4 74,156
621,5,2,,,2
621,32,8,5,2 3 13 15 24,38
621,36,9,5 32,3 11 12 26,49
621,57,15,5 32 36,1 2 5 6 15 20,104
621,689,36,5 32 36 57,1 2 3 4 5 7 20 22 31 49 52 355,1761
622,1,1,,,0
622,5,2,1,1,1
622,6,3,1 5,1,2
622,98,19,1 5 6,2 48,202
622,136,20,1 5 6 98,2 3 20 32 58 62,262
622,308,25,1 5 6 98 136,1 2 4 11 65 76 129 176,650
623,1,1,,,0
623,12,4,1,4 9,6
623,64,15,1 12,3 10 18 32,114
623,74,17,1 12 64,1 3 4,146
623,964,45,1 12 64 74,2 21 103 246,2747
625,786,41,,1 2 7 8 9 13 15 39 118 192 303 323,2119
625,893,44,786,1 70 72 86 155 430 475 888,2481
626,1,1,,,0
626,9,3,1,4,5
626,65,16,1 9,1 3 4 5 8 36 60,120
626,78,17,1 9 65,6 8 49 54 57,157
627,1,1,,,0
627,45,8,1,3 4 10 19 26,62
627,46,12,1 45,2 3 4 5 6 8 10 15 22 23 38,67
627,173,20,1 45 46,2 4 10 17,361
627,353,29,1 45 46 173,1 4 32 64 202 352,764
627,373,30,1 45 46 173 353,1 4 27 34 69 117,817
628,17,6,,1 2 3 4,19
628,46,13,17,3 4 5 13 21 39,77
628,352,28,17 46,1 4 32 64 202,762
629,1,1,,,0
629,24,7,1,2 3 13 15,28
629,325,27,1 24,6 8 25 284,720
630,1,1,,,0
630,8,3,1,3 4,3
630,14,5,1 8,1 4,13
630,82,18,1 8 14,3 4 9 15 70,160
630,123,19,1 8 14 82,4 11 15 25 80 90,234
630,888,43,1 8 14 82 123,1 70 72 86 155 430 475,2460
631,1,1,,,0
631,4,2,1,,1
631,8,3,1 4,1 2,3
631,26,7,1 4 8,3 11 12,32
631,60,15,1 4 8 26,1 3 4 5 8 36,106
631,623,33,1 4 8 26 60,1 11 26 365,1542
633,1,1,,,0
633,9,3,1,1 2,4
633,18,6,1 9,16,16
634,4,2,,3,0
634,37,7,4,5 14 18,44
634,401,28,4 37,1 3 4 15 17,863
634,768,40,4 37 401,7 9 15 23 81 203 263,2052
635,3,1,,,0
635,16,5,3,,14
635,38,11,3 16,2 3 4 5 6 8 10 15 22 23,50
635,39,12,3 16 38,3 4 5 13 21,60
635,308,26,3 16 38 39,1 3 6 29 49 52 97,660
635,760,39,3 16 38 39 308,1 4 13 19 27 56 99,2000
637,2,2,,1,0
638,1,1,,,0
638,15,6,1,2 3 13,14
640,2,2,,1,0
640,3,3,2,2,1
640,4,4,2 3,1,2
640,13,5,2 3 4,2 3,11
640,745,38,2 3 4 13,1 3 5 7 19 147 150 443,1952
641,1,1,,,0
641,2,2,1,,0
641,4,4,1 2,1 2 3,1
641,90,18,1 2 4,12,177
641,680,36,1 2 4 90,1 53,1722
642,3,3,,1 2,1
642,70,17,3,3 4 9 15,135
643,1,1,,,0
643,2,2,1,1,0
643,34,14,1 2,4 13 23 25 27,55
644,1,1,,,0
644,12,5,1,1 2 5 11,7
645,1,1,,,0
645,11,4,1,1 2 5,6
645,12,5,1 11,3 11,9
645,17,6,1 11 12,1 4 8,12
645,51,14,1 11 12 17,1 2 4 5 8 16,92
645,139,18,1 11 12 17 51,1 9 29 50 65,275
645,979,47,1 11 12 17 51 139,1 4 6 17 26 55 65 69,2809
646,11,4,,3,9
646,26,7,11,3 4 10 19,25
646,86,17,11 26,2 3 9 57,164
646,229,21,11 26 86,1 9 118,478
647,5,2,,3,1
647,57,16,5,6 8 49 54,109
647,817,42,5 57,2 6 8 141 167 218 586,2234
648,1,1,,,0
648,17,5,1,4,13
649,3,1,,,0
649,304,26,3,2 4 6 40 270,661
650,3,2,,2,0
650,18,5,3,1 2 6,13
650,23,10,3 18,2 3 4 5 6 8 10 15 22,23
650,27,13,3 18 23,4 13 23 25,40
650,54,15,3 18 23 27,6 8 49,102
650,551,32,3 18 23 27 54,1 2 3 12 18 34 542,1319
651,2,1,,,0
651,5,3,2,1 2,1
651,22,9,2 5,2 3 4 5 6 8 10 15,21
652,25,12,,4 13 23,37
653,1,1,,,0
653,18,5,1,5 14,13
653,19,6,1 18,3 4 10,15
653,21,9,1 18 19,3 4 5 13,26
653,445,29,1 18 19 21,13 36 91,998
654,2,2,,1,0
654,3,3,2,,1
654,8,4,2 3,1 4,2
654,23,11,2 3 8,4 13,30
654,30,12,2 3 8 23,1 4 12 14,42
654,34,13,2 3 8 23 30,1 4 11,50
654,882,44,2 3 8 23 30 34,2 4 13 17 30 72 81 113 133,2443
655,1,1,,,0
655,32,12,1,3 10 18,45
655,36,13,1 32,1 3 4 5 8,51
655,49,14,1 32 36,6 8,85
655,55,15,1 32 36 49,2 10,92
655,601,33,1 32 36 49 55,3 6 20,1475
656,43,12,,3 20 33 40,74
657,14,4,,5,9
658,1,1,,,0
658,4,2,1,1,0
658,15,8,1 4,2 3 4 5 6 8 10,11
658,18,10,1 4 15,13 14,22
658,20,11,1 4 15 18,1 2 5 6 15,26
658,873,43,1 4 15 18 20,1 7 9 320 386 709,2413
659,40,11,,3 20 33,68
659,542,31,40,1 2 3 12 18 34,1291
661,1,1,,,0
661,4,2,1,,1
661,13,8,1 4,3 4 5,16
661,57,13,1 4 13,1 2 5,101
662,6,3,,1 2,2
662,10,4,6,3 4,5
662,14,9,6 10,13,17
662,52,12,6 10 14,1 6 30 49,84
663,1,1,,,0
663,10,7,1,2 3 4 5 6 8,6
663,13,8,1 10,,15
663,15,9,1 10 13,1 2 5 6,17
663,70,12,1 10 13 15,1 2 8,119
663,77,13,1 10 13 15 70,1 2 8 14 40,133
663,90,14,1 10 13 15 70 77,4 11 15 25 80,143
663,104,15,1 10 13 15 70 77 90,3 4 17 28 87,178
663,146,17,1 10 13 15 70 77 90 104,1 3 30,280
663,821,42,1 10 13 15 70 77 90 104 146,2 26 27 45 63 548,2248
664,3,1,,,0
664,13,7,3,4,14
664,609,33,3 13,3 6 7 11 21 46 172,1506
665,8,6,,2 3 4 5 6,5
665,49,11,8,1 6 30,77
666,2,2,,1,0
666,5,3,2,,1
666,33,10,2 5,3 20,53
667,1,1,,,0
667,6,5,1,2 3 4 5,2
668,4,2,,3,0
668,5,4,4,2 3 4,1
668,27,8,4 5,5 9 11 13,35
668,289,27,4 5 27,3 22 81 91 152 228,610
668,376,28,4 5 27 289,1 3 21 27,787
669,3,1,,,0
669,4,3,3,2 3,0
669,5,4,3 4,3 4,2
669,18,7,3 4 5,3 10,17
669,272,25,3 4 5 18,1 2 3 11 26 27 35 78 81,551
670,3,2,,2,0
670,4,3,3,3,1
670,14,6,3 4,1 4 12,11
670,180,20,3 4 14,1 8 10 26,343
670,284,26,3 4 14 180,6 8 25,596
671,2,1,,,0
671,3,2,2,,0
671,12,5,2 3,3 5,6
671,494,30,2 3 12,4 7 13 26 79 423,1113
672,6,4,,1 2 5,1
672,12,5,6,1 4,7
672,48,11,6 12,2,72
672,220,23,6 12 48,1 5 21 30 37 42 95,425
672,405,26,6 12 48 220,2 5 304,877
673,4,1,,,0
673,5,3,4,1 2,0
673,80,12,4 5,4 11 15 25,116
673,908,44,4 5 80,2 3 4 6 10 13 82 843,2529
675,57,11,,2 3 9,88
676,2,2,,1,0
676,521,30,2,1 2 3 4 8 16 31 44 48 62,1205
676,526,31,2 521,1 3 4 24 32 41 73 177,1241
677,1,1,,,0
677,10,3,1,3,5
677,11,4,1 10,1 4,6
677,101,14,1 10 11,1 3 7 9 11 19 27,171
678,1,1,,,0
678,5,2,1,3,0
678,937,46,1 5,1 41 105 221 402 885,2657
679,20,9,,3,28
679,24,10,20,7 9 10 21,30
680,3,1,,,0
680,4,2,3,1,0
680,13,7,3 4,1 5 10,9
680,16,8,3 4 13,1 2 4 5 8,16
680,47,9,3 4 13 16,4 34 39,66
680,87,13,3 4 13 16 47,3 4 17 28,136
682,13,7,,5 9 11,12
682,21,8,13,7 9 10,25
683,1,1,,,0
683,8,5,1,1 3 4 5,3
683,10,6,1 8,1 5,7
683,270,25,1 8 10,2 4 6 40,560
684,3,1,,,0
684,4,2,3,1,0
684,11,6,3 4,5 9,7
684,30,7,3 4 11,1 6,35
684,135,18,3 4 11 30,1 2 4 5 29 73 107,254
684,338,25,3 4 11 30 135,1 3 5 10 42 205 227,692
686,5,4,,1 3 4,1
686,9,5,5,5,6
687,1,1,,,0
687,4,3,1,1 3,0
688,3,2,,1,0
688,5,3,3,1,1
688,8,5,3 5,1 2 4 5,3
688,39,8,3 5 8,4 34,50
690,1,1,,,0
690,5,2,1,,1
690,152,19,1 5,1 3 11 50 73,288
690,213,24,1 5 152,1 3 157,414
690,760,41,1 5 152 213,94 663,2070
691,5,4,,1 2 4,1
691,86,13,5,1 2 4 11 18 46 51,133
691,916,45,5 86,2 3 8 11 36 45 306 708,2572
692,1,1,,,0
692,4,3,1,1 2,0
692,201,23,1 4,2 4 10 17 22,388
693,4,4,,1 3,2
693,10,5,4,7 9,6
693,34,7,4 10,4,43
694,2,2,,1,0
694,3,3,2,1,1
694,9,4,2 3,7,4
694,12,6,2 3 9,1 2 6 10,7
694,45,10,2 3 9 12,1 5,60
695,1,1,,,0
696,1,1,,,0
696,3,2,1,,0
696,7,3,1 3,,1
696,8,4,1 3 7,6,1
696,10,5,1 3 7 8,1 2 6,2
696,62,12,1 3 7 8 10,2 3 20 32 58,72
697,15,5,,3 4 9,7
697,212,23,15,1 2 5 13 22 39 46 124,402
698,6,2,,,1
698,454,29,6,1 2 7 16 24 152,1016
699,43,11,,6 10 19,59
699,158,20,43,5 13 29 41 120 121,287
699,546,32,43 158,1 2 3 5 38 104 129,1325
700,1,1,,,0
700,6,3,1,1 2,0
700,10,4,1 6,2,2
700,17,6,1 6 10,1 2 3 13,12
700,40,10,1 6 10 17,1 2 8 14,50
700,58,11,1 6 10 17 40,2 3 20 32,64
700,89,14,1 6 10 17 40 58,1 2 3 4 6 13,138
702,32,9,,2 4 23 26 29,40
703,9,3,,3 4,3
704,2,2,,1,0
704,13,5,2,1 2 3,10
705,1,1,,,0
705,29,8,1,2 4 23 26,36
708,2,1,,,0
708,4,2,2,3,0
708,6,3,2 4,1,1
708,22,5,2 4 6,2 3 5,22
708,26,7,2 4 6 22,2 4 23,32
709,3,1,,,0
709,6,4,3,2 4,1
709,891,44,3 6,1 13 21 24 31 52,2509
711,4,3,,2,1
711,23,6,4,2 4,29
711,326,24,4 23,3 5 45 57 93 105,661
711,839,43,4 23 326,7 10 49 76 452 774,2315
712,107,17,,1 2 4 5 29 73,200
713,1,1,,,0
713,2,2,1,,0
713,5,4,1 2,1 2,4
713,253,23,1 2 5,1 2 3 12 203,516
714,3,3,,1 2,1
714,168,22,3,1 3 5 7 11 20,323
714,587,35,3 168,2 4 45 92 276 560,1460
715,1,1,,,0
715,2,2,1,1,0
715,92,16,1 2,1 10 17 21,156
715,121,18,1 2 92,1 2 4 6 9 38 50 89,216
715,518,31,1 2 92 121,2 35 60 127 176 182 186,1250
716,1,1,,,0
716,2,2,1,1,0
716,102,16,1 2,2 3 6 10 53,185
716,825,42,1 2 102,1 3 8 17 185 521,2274
717,1,1,,,0
717,163,21,1,1 2 4 6 8 31 62 78 91,305
717,198,22,1 163,4 8 19 94,380
718,2,1,,,0
718,46,8,2,1 4 8 10 13 15 39,45
719,5,4,,2 3,2
719,12,5,5,,11
719,65,13,5 12,1 9 29 50,100
719,410,27,5 12 65,1 7 22 25 54 60 164 315,873
719,429,28,5 12 65 410,1 3 4 6 33 36 40 52 60 61 115 124 257,944
719,945,45,5 12 65 410 429,11 49 124 206 377,2700
719,958,46,5 12 65 410 429 945,2 4 5 7 10 33 42 432 575,2751
720,1,1,,,0
720,271,23,1,1 2 7 20 87 146,541
720,474,28,1 271,1 2 4 5 9 24 56 58 63 110 243 327,1066
720,567,33,1 271 474,4 121 319,1393
721,3,3,,2,1
722,1,1,,,0
722,2,2,1,,0
722,341,24,1 2,1 2 6 14 16 17 199,715
722,409,27,1 2 341,2 107 275,885
723,4,2,,,2
723,9,5,4,2 3,6
723,19,6,4 9,6 10,21
724,1,1,,,0
724,132,18,1,2 3 4 5,234
725,1,1,,,0
725,5,4,1,2 3,1
725,8,5,1 5,1 2,5
725,39,7,1 5 8,1 4 8 10 13 15,32
725,470,28,1 5 8 39,2 57 78,1064
726,14,4,,1 2 8,13
726,32,6,14,2 3 20,25
726,51,12,14 32,1 2 4 11 18 46,65
727,3,3,,2,1
728,1,1,,,0
728,2,2,1,,0
728,25,5,1 2,4 11 15,16
728,383,26,1 2 25,12 16 25 362,833
729,3,2,,2,0
729,228,22,3,3 22 81 91 152,462
730,2,1,,,0
730,4,3,2,2,2
730,340,24,2 4,8 26 67 68 112,713
730,885,44,2 4 340,1 41 105 221 402,2512
731,2,2,,1,0
731,46,11,2,1 2 4 11 18,57
731,62,12,2 46,8 9 16 18,91
731,68,14,2 46 62,1 2 3 10 28 29 33,104
732,1,1,,,0
732,2,2,1,,0
732,8,3,1 2,1 2,4
732,10,4,1 2 8,6,6
732,43,10,1 2 8 10,2,50
732,204,21,1 2 8 10 43,1 2 5 8 14 19 78 98,377
732,642,37,1 2 8 10 43 204,1 2 4 5 13 19 35 67 218 221 434 570,1629
732,747,41,1 2 8 10 43 204 642,2 5 6 8 31 41 169,2035
733,136,20,,2 4 15 50,250
733,856,43,136,2 10 41 57 436 580,2411
734,5,2,,1,2
734,50,10,5,1 9 29,70
734,261,23,5 50,1 3 9 24,512
735,1,1,,,0
735,247,22,1,1 2 7 9 10 11 17 41 75 101,486
736,6,3,,,4
736,121,19,6,5 13 29 41 120,211
737,1,1,,,0
737,120,18,1,5 13 29 41,210
737,882,44,1 120,2 54 64 67 73 271 312 549 550 653,2508
738,1,1,,,0
738,2,2,1,1,0
738,15,3,1 2,4 11,2
738,20,4,1 2 15,2 3,6
738,843,42,1 2 15 20,2 3 4 6 10 13 82,2350
739,1,1,,,0
739,28,8,1,3 4 17,27
739,160,19,1 28,2 12,294
739,213,21,1 28 160,1 4 5 8 15 17,420
739,332,23,1 28 160 213,3 18 278,690
741,45,10,,2 9,64
741,560,34,45,2 4 45 92 276,1380
742,11,2,,4,1
742,423,26,11,4 7 13 26 79,932
742,958,47,11 423,1 3 5 10 30 38 71 225 368,2771
744,1,1,,,0
744,21,7,1,1 2 6 8 13,13
745,544,33,,1 5 8 19 22 108 122,1340
745,937,46,544,1 2 88 382,2692
746,73,16,,1 2 4 5 29,138
746,157,19,73,1 3,296
747,23,9,,2 3 17 20,30
747,78,16,23,1 4 12 14 39,143
747,89,17,23 78,1 2 4 6 9 38 50,158
749,4,1,,,0
749,15,6,4,1 4 8 10 13,6
749,199,20,4 15,1 2 6 10 48,395
749,362,25,4 15 199,12 16 25,787
750,17,7,,3 4,22
750,20,8,17,2 3 17,27
750,473,30,17 20,1 6 17 25 63 247 358,1123
751,13,5,,1 4 8 10,6
751,27,8,13,1 3 7 9 11 19,38
751,586,34,13 27,2 4 12 15 55 69 218 404,1449
752,13,5,,1 2 6 8,10
753,1,1,,,0
753,17,7,1,2 3,24
753,386,25,1 17,2 3 11 33 38,825
754,1,1,,,0
754,10,4,1,1 4 8,4
754,48,15,1 10,2 5 12 22 29 43,83
754,176,19,1 10 48,1 2 4 11 65 76 129,329
754,449,29,1 10 48 176,2 3 4 6 43 261,1052
755,3,2,,2,0
755,27,8,3,2 9,40
755,29,9,3 27,1 9,44
755,107,17,3 27 29,1 2 5 6,190
755,116,18,3 27 29 107,1 2 6 8 11,218
756,2,1,,,0
756,8,3,2,1 4,2
757,8,4,,1 2 6,4
757,9,6,8,1 2 3 6 8,7
757,118,17,8 9,1 9,220
758,1,1,,,0
758,8,5,1,1 2 3 6,6
758,916,45,1 8,1 3 7 10 23 114 131 353,2627
759,6,3,,1 2,3
759,18,6,6,1 2 4 11,20
759,19,7,6 18,1 3 7 9 11,24
759,43,14,6 18 19,2 5 12 22 29,71
759,524,32,6 18 19 43,15 25 61 179 355,1285
760,1,1,,,0
760,4,2,1,1,0
760,6,4,1 4,1 2 3,3
760,9,5,1 4 6,1,9
761,22,7,,10,29
761,336,24,22,2 27 32 58 125 178 216,709
761,424,27,22 336,1 2 53,934
761,487,29,22 336 424,3 4 44,1175
761,851,43,22 336 424 487,1 2 7 29 43 203 209 324,2404
763,1,1,,,0
763,2,2,1,1,0
763,3,3,1 2,1 2,1
763,4,4,1 2 3,3,3
763,203,19,1 2 3 4,1 2 3 12,401
763,295,22,1 2 3 4 203,2 5 7 37 53 75 117,594
763,954,46,1 2 3 4 203 295,8 17 41 56 64 942,2752
763,1000,47,1 2 3 4 203 295 954,1 4 12 21 44 395 397 990,2915
764,1,1,,,0
764,2,2,1,1,0
764,3,3,1 2,,1
764,282,21,1 2 3,2 3 114,556
764,303,22,1 2 3 282,4 7 11 245,626
765,1,1,,,0
765,53,14,1,2 3 6 10,94
766,11,4,,1 2 4,8
766,28,11,11,2 11 13 14 16,37
766,33,13,11 28,1 2 3 10 28 29,45
767,1,1,,,0
767,3,3,1,2,1
767,11,6,1 3,1 3 7 9,9
767,91,16,1 3 11,3 75,155
767,338,24,1 3 11 91,2 5 41 226,721
767,902,44,1 3 11 91 338,1 2 3 5 14 19 27 30 38 103 126 599 782 886,2569
768,1,1,,,0
768,2,2,1,,0
769,9,5,,1 3 7,7
769,73,15,9,1 3 11 50,128
770,1,1,,,0
770,29,12,1,1 2 3 10 28,38
770,38,13,1 29,1 2 12 15 20,56
770,70,14,1 29 38,2 3 5 34,115
770,426,28,1 29 38 70,1 4 6 7 19 43 297 424,947
771,1,1,,,0
771,7,4,1,1 3,5
771,28,11,1 7,1 2 3 10,36
772,45,12,,1 3 5 7 8 12 24 30,70
772,230,20,45,1 10 147,447
772,424,27,45 230,1 4 6 7 19 43 297,942
773,2,1,,,0
773,4,3,2,1 2,1
773,9,4,2 4,2,7
773,10,5,2 4 9,,8
773,29,11,2 4 9 10,2 5 12 22,40
773,304,22,2 4 9 10 29,2 5,626
773,648,39,2 4 9 10 29 304,1 2 6 7 11 15 16 336 362,1754
773,990,46,2 4 9 10 29 304 648,1 4 12 21 44 395 397,2877
774,718,41,,2 3 23 26 206,1962
775,1,1,,,0
775,2,2,1,1,0
775,3,3,1 2,1,1
775,9,4,1 2 3,1,5
775,18,8,1 2 3 9,8 9 16,16
775,942,45,1 2 3 9 18,8 17 41 56 64,2708
776,1,1,,,0
776,13,6,1,1 2 3 4 6,9
776,65,12,1 13,1 2 4 16,103
776,774,41,1 13 65,7 10 49 76 452,2117
777,1,1,,,0
777,9,2,1,2,4
777,16,7,1 9,8 9,12
777,963,45,1 9 16,4 59 520,2771
778,1,1,,,0
778,16,10,1,2 11 13 14,13
778,202,19,1 16,1 4 32 64,374
779,1,1,,,0
779,30,11,1,1 3,40
780,2,1,,,0
780,14,9,2,2 11 13,11
780,22,10,2 14,2 5 12,25
780,312,23,2 14 22,3 4 17 30 46,639
780,914,44,2 14 22 312,1 2 3 6 59 104 137 816,2626
781,13,8,,2 11,11
781,564,34,13,5 6 7 26 36 73 123 309,1387
781,608,37,13 564,9 14 38 222,1550
781,978,45,13 564 608,2 4 5 7 30 65 437 793,2834
783,1,1,,,0
783,6,5,1,1 2 3 4,3
783,11,7,1 6,2,9
783,17,8,1 6 11,2 4 10,17
783,75,12,1 6 11 17,3,115
783,81,13,1 6 11 17 75,3 24,122
783,386,26,1 6 11 17 75 81,2 3 97 367,838
783,886,43,1 6 11 17 75 81 386,1 2 3 5 14 19 27 30 38 103 126 599 782,2515
784,2,1,,,0
784,9,6,2,8,6
785,4,4,,1 2 3,2
785,8,5,4,,5
785,29,9,4 8,1 2 6 22,33
785,46,11,4 8 29,2 3 13 22,62
785,124,15,4 8 29 46,1 2 5 13 22 39 46,204
786,1,1,,,0
786,3,3,1,1 2,1
786,10,4,1 3,9,4
786,21,8,1 3 10,1 10 17,16
786,39,10,1 3 10 21,1 4 12 14,52
786,50,11,1 3 10 21 39,1 2 4 6 9 38,65
787,1,1,,,0
787,2,2,1,1,0
787,9,3,1 2,,2
787,30,9,1 2 9,1 3 5 7 8 12 24,31
787,663,40,1 2 9 30,94,1786
788,1,1,,,0
788,20,8,1,1 2 12 15,15
789,10,4,,1 2 3,2
789,91,14,10,1 2 4 6 8 31 62 78,136
789,514,33,10 91,1 2 3 4 7 16 28 37 38 77 273,1245
790,10,5,,2 4,5
790,12,6,10,2 5,7
790,17,7,10 12,1 10,9
790,29,8,10 12 17,1 2 4 5,36
790,290,22,10 12 17 29,2 6 44 69 117,582
790,715,40,10 12 17 29 290,1 2 4 90,1927
792,2,1,,,0
792,22,7,2,1 2 6,19
792,50,10,2 22,1 3 11,67
792,646,39,2 22 50,2 8 29 59 91 186 372 380,1751
793,15,6,,1 2 12,10
793,24,7,15,1 3 5 7 8 12,22
793,278,21,15 24,3 18,552
795,227,19,,1 3 5 10 42 205,423
796,3,3,,1 2,1
796,4,4,3,2,3
796,12,5,3 4,1 2,8
797,1,1,,,0
797,2,2,1,1,0
797,5,3,1 2,2,2
797,10,4,1 2 5,1,3
797,95,14,1 2 5 10,1 5 21 30 37 42,139
798,1,1,,,0
798,2,2,1,,0
798,38,9,1 2,1 2 4 6 9,41
800,2,1,,,0
801,129,15,,1 2 4 11 65 76,208
801,247,19,129,4 10 11 15 16 26 50 72 101 159,463
802,64,11,,1 2 4 6 15 16 55,85
802,78,13,64,1 2 4 6 8 31 62,115
802,367,25,64 78,2 3 97,789
804,387,25,,1 2 3 6 8 27 180 218,826
804,570,36,387,1 2 4 5 13 19 35 67 218 221 434,1431
805,12,6,,1 3 5 7 8,12
805,152,18,12,3 22 81 91,286
806,1,1,,,0
806,2,2,1,1,0
806,3,3,1 2,1,1
806,34,9,1 2 3,2 3 5,42
806,936,44,1 2 3 34,1 2 3 8 10 18 23 41 70 78 85 137 169,2691
807,1,1,,,0
807,804,42,1,1 11 15 21 28 52 83 121 123 316,2255
808,1,1,,,0
808,6,3,1,1 2,3
808,10,6,1 6,2 3 6,11
808,203,18,1 6 10,8 100,366
809,1,1,,,0
809,8,5,1,1 3 5 7,5
809,22,8,1 8,2 3 13,22
809,266,21,1 8 22,1 2 4 5 7 11 50 51 83 172,527
810,1,1,,,0
810,7,4,1,1 3 5,4
810,742,41,1 7,1 2 5 6 13 16 23 31 47 188,2027
811,1,1,,,0
811,14,7,1,1 4 12,14
811,55,10,1 14,1 2 4 6 15 16,69
811,288,21,1 14 55,1 2 6 8 18 27 32 53 74 103 134,584
811,551,35,1 14 55 288,1 2 5 39 211 403,1367
812,2,2,,1,0
812,5,3,2,1 3,2
812,6,4,2 5,2 3,4
812,511,33,2 5 6,134 144,1234
813,1,1,,,0
813,12,6,1,1 4,10
813,132,17,1 12,3 5 10 129,232
813,448,30,1 12 132,1 25 42 43 58 59 70 79 126,1055
813,596,36,1 12 132 448,2 3 4 13 302,1547
814,3,2,,1,1
814,5,5,3,1 2 4,4
814,54,11,3 5,1 2 3 14 23 25 44,68
814,315,22,3 5 54,1 7 22 25 54 60 164,624
814,465,31,3 5 54 315,1 4 18 210 380,1099
815,1,1,,,0
815,3,3,1,2,1
815,4,4,1 3,1 2,2
815,18,5,1 3 4,1 2,12
815,123,15,1 3 4 18,1 2 6 47 69,195
815,541,34,1 3 4 18 123,1 4 11 14 33 65 70 318,1312
816,1,1,,,0
816,2,2,1,,0
816,41,9,1 2,5 13 29,43
816,89,14,1 2 41,3 6 11 38 40,129
816,129,16,1 2 41 89,3 5 10,220
816,713,40,1 2 41 89 129,1 2 5 286 653,1925
817,2,2,,1,0
817,205,18,2,1 3 5 10 42,369
818,1,1,,,0
818,13,3,1,2 3,4
818,62,12,1 13,1 2 4 6 8 31,80
819,50,11,,2 4 15,65
819,446,30,50,2 6 8,1052
821,1,1,,,0
821,4,2,1,1,0
821,94,14,1 4,4 8 19,144
822,245,20,,4 7 11,479
822,285,21,245,1 2 6 22 31 78,580
822,709,40,245 285,1 7 9 320 386,1928
823,102,14,,2 4 9 14 15 49 57,150
823,587,36,102,5 14 16 19 24 40 76 173,1523
824,1,1,,,0
824,26,8,1,1 8 10,26
824,44,10,1 26,1 2 3 14 23 25,54
825,16,6,,1 2 4,15
825,19,7,16,,22
825,595,38,16 19,2 3 6 10 32 464,1598
825,865,42,16 19 595,1 6 8 12 24 42 60 506,2470
825,964,45,16 19 595 865,2 9 18 109 129 349 755,2812
826,949,44,,1 3 38 56 65 80,2746
827,1,1,,,0
827,9,5,1,1 2 4 6,5
828,3,2,,2,0
828,29,7,3,5 13,31
828,498,33,3 29,2 15 22 49 238 289 291 385,1204
829,2,1,,,0
830,6,4,,1 2 4,3
831,1,1,,,0
831,2,2,1,1,0
831,11,5,1 2,1 3,11
831,692,39,1 2 11,1 2 7 21,1877
832,1,1,,,0
832,4,3,1,1 2,0
834,2,2,,1,0
834,296,21,2,1 2 5 10 14 35 51 168 218,592
834,308,22,2 296,3 4 6 7 15 17 47 63 129,617
834,507,33,2 296 308,2 3 7 19 20 46 93 345,1231
834,585,37,2 296 308 507,2 3 7 14 18 25 76 90,1573
834,779,41,2 296 308 507 585,1 3 204 507 751,2192
835,1,1,,,0
835,5,4,1,2 3,1
837,3,3,,2,1
837,4,4,3,1 2,2
837,868,43,3 4,2 10 12 18 45 73 395,2506
837,999,45,3 4 868,1 2 3 5 6 20 55 283 914,2946
838,1,1,,,0
838,2,2,1,,0
838,62,13,1 2,14 55,92
838,98,14,1 2 62,1 2 5 8 14 19 78,150
838,803,41,1 2 62 98,1 4 7 422,2299
839,2,2,,1,0
839,3,3,2,1,1
840,1,1,,,0
840,10,3,1,1 8,4
840,24,7,1 10,3,22
840,322,24,1 10 24,1 3 4 11 13 18 301,678
840,456,32,1 10 24 322,2 3 6,1097
841,1,1,,,0
841,877,43,1,1 9 18 31 38 63 358,2520
842,1,1,,,0
842,8,2,1,1,2
843,25,9,,1 2 3 14 23,26
844,1,1,,,0
844,13,6,1,5,9
845,23,8,,1 2 3 14,24
845,55,12,23,14,80
845,146,16,23 55,1 2 7 20 87,258
845,210,19,23 55 146,1 4 8 74 107 134,395
846,97,15,,1 3 6 29 49 52,166
847,1,1,,,0
847,213,19,1,1 3 7 20 80,413
847,299,23,1 213,2 3 5 16 61 120,618
847,735,40,1 213 299,1 3 4 9 34 82 128 141 195 202 229 581,2048
849,1,1,,,0
849,28,8,1,,38
849,31,9,1 28,1 2 4 6 8,39
850,1,1,,,0
850,16,7,1,1 2 4 6 15,15
850,42,11,1 16,1 5 21 30 37,53
851,5,5,,2 3 4,2
851,15,6,5,1 2 4 6,14
852,4,4,,2 3,2
852,5,5,4,,4
852,98,15,4 5,1 11 13 15 20 57,171
852,292,22,4 5 98,1 2 3 8 13 16 25 42 204 206 278,590
853,1,1,,,0
853,3,3,1,2,1
853,86,14,1 3,1 10 25 31 34 54,136
853,119,15,1 3 86,1 3 55 90,208
853,363,26,1 3 86 119,1 5 9 25 282,811
853,893,43,1 3 86 119 363,1 2 4 20 52 103,2580
854,1,1,,,0
854,2,2,1,,0
854,14,5,1 2,1 2 3,12
854,15,6,1 2 14,2 4,15
854,76,13,1 2 14 15,1 2 4 11 65,110
855,3,1,,,0
855,37,10,3,1 5 21 30,42
855,147,17,3 37,1 10,262
855,177,18,3 37 147,6 9 28 43 167,309
855,538,35,3 37 147 177,2 57 114,1369
856,6,4,,1 2 5,2
856,275,21,6,2 107,550
857,5,3,,1 2,2
858,1,1,,,0
858,78,13,1,1 2 5 8 14 19,114
858,686,39,1 78,1 5 8 9 20 25 44 527 529 641 648,1873
860,1,1,,,0
860,2,2,1,1,0
860,6,4,1 2,1 2 4,2
860,11,7,1 2 6,1 2 6 8,11
860,81,14,1 2 6 11,1 2 3 11 26 27 35 78,127
860,138,16,1 2 6 11 81,1 2 6 39 101 137,236
860,370,27,1 2 6 11 81 138,3 7 26 255,850
861,1,1,,,0
861,3,2,1,,0
861,137,15,1 3,1 2 6 39 101,234
861,301,22,1 3 137,1 3 4 11 13 18,625
862,4,3,,1 2,0
862,20,7,4,1 3 5 7 11,21
862,30,9,4 20,1 5 21,31
862,751,40,4 20 30,1 3 204 507,2115
863,8,6,,1 2 6,8
863,46,12,8,1 2 5 13 22 39,58
863,78,13,8 46,1 2 3 11 26 27 35,120
863,533,35,8 46 78,1 4 5 38,1362
864,2,2,,1,0
864,199,19,2,1 2 6 14 16 17,378
865,1,1,,,0
865,3,3,1,1 2,0
865,4,4,1 3,2,2
865,6,5,1 3 4,1 2,4
865,40,11,1 3 4 6,3 6 11 38,48
865,65,12,1 3 4 6 40,1 2 4 11,88
865,167,17,1 3 4 6 40 65,6 9 28 43,283
865,358,26,1 3 4 6 40 65 167,1 6 17 25 63 247,812
866,2,2,,1,0
866,9,3,2,1,6
866,91,13,2 9,3 22 81,155
866,278,21,2 9 91,1 2 3 8 13 16 25 42 204 206,545
867,1,1,,,0
867,2,2,1,,0
867,21,8,1 2,2 11 19,17
867,38,10,1 2 21,3 6 11,43
867,327,23,1 2 21 38,1 2 4 5 9 24 56 58 63 110 243,679
868,30,9,,1 2,33
868,57,10,30,2 4 9 14 15 49,67
869,1,1,,,0
869,2,2,1,1,0
869,19,7,1 2,2 11,15
869,69,10,1 2 19,1 2 6 47,91
869,149,16,1 2 19 69,1 8 17,247
870,1,1,,,0
870,39,9,1,1 2 5 13 22,41
870,608,38,1 39,2 4 9 26 48 105 365 449,1632
871,1,1,,,0
871,11,6,1,1 3 5 7,7
871,21,7,1 11,1 5,14
871,22,8,1 11 21,2 4 10 17,16
872,8,5,,1 2 4 6,2
874,1,1,,,0
874,6,4,1,1 2 4,1
875,7,4,,1 3 5,4
875,19,6,7,1 8 9,16
875,211,20,7 19,1 2 11 12 15 21 40 207,401
875,497,33,7 19 211,2 21 23 45 55 100 161 272,1226
876,4,3,,1 2,1
876,17,5,4,2 4 10,11
876,49,9,4 17,2 4 9 14 15,51
876,81,12,4 17 49,3 22,131
876,653,38,4 17 49 81,1 2 5 286,1764
877,5,3,,1 3,3
877,11,4,5,2,6
877,122,15,5 11,2 5 7,196
878,1,1,,,0
878,2,2,1,1,0
878,538,36,1 2,2 4 9 10 19,1430
878,586,37,1 2 538,2 6 8 141 167 218,1563
878,816,42,1 2 538 586,1 2 3 6 59 104 137,2333
879,1,1,,,0
879,3,2,1,1,0
879,34,8,1 3,1 2 5 17 27 28,32
879,207,19,1 3 34,1 2 11 12 15 21 40,389
879,226,20,1 3 34 207,2 5 41,441
881,1,1,,,0
881,101,13,1,1 2 7 9 10 11 17 41 75,157
881,216,19,1 101,2 27 32 58 125 178,408
881,592,36,1 101 216,1 2 4 7 52 81 124 149 238,1579
882,90,12,,1 3 55,141
883,10,4,,2 4,4
883,117,15,10,1 4 27 34 69,190
885,9,5,,1 8,6
885,28,7,9,1 2 5 17 27,29
885,54,10,9 28,1 10 25 31 34,70
886,1,1,,,0
886,2,2,1,,0
886,8,4,1 2,1,4
886,14,5,1 2 8,,10
886,27,6,1 2 8 14,1 2 5 17,25
886,40,7,1 2 8 14 27,1 2 3 12,40
887,5,2,,1,0
887,12,4,5,2,7
887,22,5,5 12,1 2 5 13,15
887,44,8,5 12 22,1 3 39,47
887,287,22,5 12 22 44,1 3 4 5 7 8 68 154,581
887,782,41,5 12 22 44 287,1 2 3 5 14 19 27 30 38 103 126 599,2208
889,4,3,,2,1
889,154,17,4,1 4 7 9 15,251
889,159,18,4 154,4 10 11 15 16 26 50 72 101,264
889,365,29,4 154 159,1 11 26,836
891,1,1,,,0
891,2,2,1,,0
891,47,8,1 2,1 2 6,53
891,52,11,1 2 47,1 3 6 29 49,69
891,257,20,1 2 47 52,1 3 4 6 33 36 40 52 60 61 115 124,503
891,491,33,1 2 47 52 257,9 11 12 364,1224
892,39,7,,1 3,44
893,1,1,,,0
893,57,11,1,1 11 13 15 20,82
894,1,1,,,0
894,11,4,1,3 6,7
894,49,10,1 11,1 3 6 29,65
894,126,15,1 11 49,8 18 40 42 99,198
894,132,16,1 11 49 126,3 7,211
894,341,26,1 11 49 126 132,2 3 5,776
896,2,2,,1,0
896,13,4,2,1 2 5,8
896,17,5,2 13,1 2 5,14
896,19,6,2 13 17,4 8,17
896,648,37,2 13 17 19,1 5 8 9 20 25 44 527 529 641,1754
897,1,1,,,0
897,2,2,1,,0
897,101,14,1 2,1 2 6 39,152
897,384,31,1 2 101,1 2 4 266,896
899,6,3,,3,4
899,297,23,6,1 4 6 7 19 43,616
899,380,30,6 297,1 4 18 210,882
899,708,39,6 297 380,2 3 8 11 36 45 306,1965
900,1,1,,,0
900,3,2,1,1,1
900,48,10,1 3,1 2 6 10,64
900,486,34,1 3 48,2 4 7 8 13 39 350,1219
901,1,1,,,0
901,297,23,1,2 4 8 26 199,628
902,1,1,,,0
902,3,2,1,,0
902,57,11,1 3,5 8 25,88
903,172,16,,1 2 4 5 7 11 50 51 83,312
903,641,36,172,1 5 8 9 20 25 44 527 529,1737
904,5,3,,1 2,0
904,87,13,5,1 2 7 20,132
905,34,9,,1 10 25 31,39
906,35,9,,1 2 3 11 26 27,43
907,2,2,,1,0
907,8,4,2,4,7
907,75,12,2 8,1 2 7 9 10 11 17 41,112
908,1,1,,,0
908,5,3,1,1 2,3
908,31,8,1 5,1 10 25,35
908,361,29,1 5 31,1 3 6 7 8 24 58 119 333,837
909,1,1,,,0
909,492,35,1,1 4 5 20 22 29 68 99 135 183 197 284 323 345 371,1259
910,1,1,,,0
910,15,5,1,2 4 9 14,7
911,1,1,,,0
911,2,2,1,1,0
911,4,3,1 2,,1
911,14,4,1 2 4,2 4 9,4
911,100,12,1 2 4 14,8,143
912,1,1,,,0
912,218,18,1,1 2 5 10 14 35 51 168,405
912,247,21,1 218,3 16 29 56 87,491
913,40,10,,2 4 6,61
914,12,4,,1 2 3,6
914,25,7,12,1 10,26
914,27,8,12 25,1 2 3 11 26,28
914,29,9,12 25 27,1 3 6,34
915,26,7,,1 2 3 11,28
916,1,1,,,0
916,9,3,1,2 4,2
916,64,11,1 9,1 4 32,85
916,775,41,1 9 64,1 5 8 22 39 83 473,2222
917,19,6,,1 2 5 8 14,15
917,55,10,19,1 3,77
917,323,28,19 55,2 13 56 319,737
919,1,1,,,0
919,11,4,1,1 2 4,8
919,178,16,1 11,2 27 32 58 125,329
919,268,21,1 11 178,1 2 147 207,536
920,1,1,,,0
921,4,2,,2,0
921,99,12,4,8 18 40 42,149
921,134,15,4 99,1 4 8 74 107,222
921,319,27,4 99 134,2 13 56,729
922,14,5,,1 2 5 8,11
922,227,20,14,2 3 8 14 28 52 83 128,452
922,914,44,14 227,1 2 3 5 6 20 55 283,2695
923,2,1,,,0
923,3,3,2,1 2,0
923,894,43,2 3,5 6 20 28 44 53 106 247 368 607 862,2628
924,2,2,,1,0
924,89,11,2,2 3 13 15 16 28 30 31 35,124
925,1,1,,,0
926,1,1,,,0
926,4,3,1,1 2,1
928,1,1,,,0
928,2,2,1,1,0
928,3,3,1 2,1,1
928,8,4,1 2 3,1 2 5,2
928,352,28,1 2 3 8,2 3 6 12 34 139,821
928,355,29,1 2 3 8 352,15 25 61 179,838
929,1,1,,,0
929,10,4,1,1,7
929,25,8,1 10,6 8,39
929,61,10,1 10 25,1 4 10 18 35,81
930,1,1,,,0
930,11,4,1,1 2 3,7
930,20,7,1 11,1 11 13 15,23
931,5,3,,1 2,0
931,69,10,5,1 4 27 34,99
932,6,3,,1 2,2
932,105,13,6,3 5 45 57 93,155
932,114,14,6 105,2 3,175
932,307,26,6 105 114,1 2 18 24 40,698
933,404,32,,2 4 12 15 55 69 218,958
934,2,2,,1,0
934,25,9,2,5 8,39
934,278,24,2 25,2 8 68 73 80 141,601
934,282,25,2 25 278,1 5 9 25,608
934,393,31,2 25 278 282,1 4 52 77 185 190,940
935,1,1,,,0
935,10,5,1,3 5,10
935,15,6,1 10,1 11 13,18
935,17,7,1 10 15,1 4 5 8 15,21
935,22,8,1 10 15 17,3,32
936,2,2,,1,0
936,333,27,2,1 3 6 7 8 24 58 119,769
936,548,35,2 333,2 26 27 45 63,1480
937,1,1,,,0
937,6,4,1,1 3,5
937,13,5,1 6,1 11,15
937,15,6,1 6 13,1 4 5 8,17
938,1,1,,,0
938,3,3,1,1 2,0
938,10,4,1 3,1 2 6,8
938,206,19,1 3 10,1 2 3 8 13 16 25 42 204,381
938,456,34,1 3 10 206,1 2 112 332,1145
939,2,2,,1,0
939,11,4,2,1,11
940,1,1,,,0
940,3,2,1,1,1
940,5,3,1 3,3,2
940,204,18,1 3 5,1 2 3 8 13 16 25 42,376
940,434,32,1 3 5 204,1 2 4 5 13 19 35 67 218 221,1065
941,1,1,,,0
941,41,8,1,1 2 7 9 10 11 17,46
941,117,14,1 41,2 5 7 37 53 75,182
941,385,30,1 41 117,2 15 22 49 238 289 291,908
942,1,1,,,0
942,3,2,1,,0
942,6,3,1 3,1 2,1
942,140,15,1 3 6,41,247
942,261,23,1 3 6 140,2 3 4 6 43,563
942,443,33,1 3 6 140 261,1 3 5 7 19 147 150,1097
944,8,4,,1 4 5,5
944,93,12,8,3 5 45 57,129
946,1,1,,,0
946,2,2,1,1,0
946,8,5,1 2,6,9
946,682,40,1 2 8,2 4 6 8 32 37,1947
947,1,1,,,0
947,5,3,1,1 4,2
947,6,4,1 5,2 4,4
947,101,13,1 5 6,4 10 11 15 16 26 50 72,145
947,296,26,1 5 6 101,1 2 6 9 17 18 93,672
948,1,1,,,0
948,4,2,1,1,1
948,6,4,1 4,,4
948,32,5,1 4 6,1 4,26
948,33,6,1 4 6 32,1 2 21,28
948,107,13,1 4 6 32 33,1 4 8 74,159
949,1,1,,,0
949,4,3,1,2,1
949,116,13,1 4,2 3 4 12,189
951,1,1,,,0
951,2,2,1,,0
951,8,4,1 2,5,3
951,243,22,1 2 8,1 2 4 5 9 24 56 58 63 110,479
952,12,4,,1 3 4,5
953,423,32,,2 5 6 18 315 348,1047
954,1,1,,,0
954,3,2,1,,0
954,5,3,1 3,,1
954,12,4,1 3 5,1 2 3,5
955,35,8,,1 4 10 18,29
955,355,28,35,1 2 3 4 5 7 20 22 31 49 52,838
955,862,42,35 355,5 6 20 28 44 53 106 247 368 607,2532
956,264,24,,1 2 3 4 19 88 148 239,572
956,464,33,264,2 3 6 10 32,1245
957,1,1,,,0
957,614,36,1,2 4 13 104 274,1683
958,112,13,,8 26 67 68,187
958,367,29,112,1 23 83 169,865
958,530,33,112 367,2 5 15 90 350 496,1435
958,752,40,112 367 530,3 8,2169
959,1,1,,,0
959,39,9,1,1 2 6,41
959,403,31,1 39,1 2 5 39 211,979
960,4,3,,1 3,0
960,21,4,4,1 2,15
960,932,44,4 21,2 22 35 73 80 223 729 791,2778
961,3,2,,1,0
961,934,44,3,2 3 11 19 57,2800
962,168,17,,1 2 5 10 14 35 51,302
963,1,1,,,0
963,3,3,1,1 2,0
963,117,14,1 3,2 6 44 69,206
964,2,2,,1,0
965,1,1,,,0
965,17,7,1,1 2 7 9 10 11,12
965,134,15,1 17,1 2 6 8 18 27 32 53 74 103,242
965,164,16,1 17 134,1 7 22 25 54 60,288
965,438,32,1 17 134 164,7 11 232 289,1133
966,1,1,,,0
966,34,9,1,1 4 27,38
966,653,39,1 34,2 54 64 67 73 271 312 549 550,1849
966,793,40,1 34 653,2 4 5 7 30 65 437,2297
968,319,27,,4 121,749
969,3,2,,1,1
970,1,1,,,0
971,1,1,,,0
971,11,6,1,1 2 7 9 10,8
971,20,7,1 11,1 2 7,18
971,24,8,1 11 20,1 3 9,22
971,504,32,1 11 20 24,1 3 8 10 34 101 114 266 383 410,1360
972,1,1,,,0
972,10,5,1,1 2 7 9,7
972,18,6,1 10,1 4 10,12
972,125,14,1 10 18,2 27 32 58,223
973,1,1,,,0
973,9,4,1,1 2 7,6
973,27,5,1 9,1 4,27
973,41,10,1 9 27,1 2 5 14 29,43
973,218,21,1 9 27 41,1 2 3 6 8 27 180,425
975,1,1,,,0
975,7,3,1,1 2,5
975,255,25,1 7,3 7 26,573
976,4,2,,1,1
976,72,12,4,4 10 11 15 16 26 50,100
976,247,24,4 72,1 6 17 25 63,553
976,532,33,4 72 247,3 4 5 10 22 41 45 72 73 401,1440
978,1,1,,,0
978,35,9,1,2 3 13 15 16 28 30 31,30
978,42,10,1 35,8 18 40,48
979,1,1,,,0
979,2,2,1,1,0
980,1,1,,,0
980,2,2,1,1,0
980,10,3,1 2,1 4,2
980,40,9,1 2 10,8 18,43
980,42,10,1 2 10 40,1 3 5 10,46
980,57,11,1 2 10 40 42,3 5 45,68
980,80,12,1 2 10 40 42 57,1 3 7 20,124
980,207,20,1 2 10 40 42 57 80,1 2 147,403
980,317,27,1 2 10 40 42 57 80 207,1 2 13 19 42 47 55,741
980,331,28,1 2 10 40 42 57 80 207 317,2 5 10 124 215,794
980,369,30,1 2 10 40 42 57 80 207 317 331,2 4 6 14 40 53 102 105 307,879
981,1,1,,,0
981,74,10,1,1 4 8,106
981,239,23,1 74,1 2 3 4 19 88 148,520
982,31,8,,2 3 13 15 16 28 30,24
982,875,43,31,3 4 6 25 30 50,2612
983,30,7,,2 3 13 15 16 28,24
983,75,11,30,2 5 7 37 53,108
983,279,26,30 75,1 2 9 34 64 143,647
984,1,1,,,0
984,7,3,1,1 2,2
985,28,6,,2 3 13 15 16,22
985,29,7,28,1 2 5 14,27
985,641,39,28 29,2 3 4 7 9 13 14 17 22 186,1827
986,4,2,,1,0
986,9,3,4,1 3,4
989,1,1,,,0
989,2,2,1,1,0
989,43,6,1 2,6 9 28,45
990,1,1,,,0
991,61,9,,1 9 10 12 13 16 26,84
991,235,24,61,2 7 63,529
991,367,30,61 235,1 2 4 6 7 13 14 21 48 57 77 130,888
992,3,2,,1,1
992,6,3,3,1 2,3
992,7,4,3 6,2 5,5
992,10,5,3 6 7,1,9
992,45,6,3 6 7 10,3 5,51
992,83,13,3 6 7 10 45,1 2 4 5 7 11 50 51,135
992,230,23,3 6 7 10 45 83,4 5 7 11 14 17 22 41 102,507
992,496,32,3 6 7 10 45 83 230,2 5 15 90 350,1351
992,522,33,3 6 7 10 45 83 230 496,1 2 4 7 17 30 206 337 489,1419
992,875,43,3 6 7 10 45 83 230 496 522,1 3 9 12 25 151,2616
993,1,1,,,0
994,1,1,,,0
994,5,3,1,2,3
995,1,1,,,0
996,2,2,,1,0
996,4,3,2,1,2
996,103,14,2 4,1 2 6 8 18 27 32 53 74,182
996,172,19,2 4 103,1 3 4 5 8,339
996,345,29,2 4 103 172,2 3 7 19 20 46 93,816
997,1,1,,,0
997,2,2,1,,0
997,16,5,1 2,2 3 13 15,5
998,15,4,,2 3 13,5
998,50,8,15,4 10 11 15 16 26,61
999,1,1,,,0
999,199,20,1,2 4 8 26,416
999,841,42,1 199,3 5 24 29 108 188,2497
1000,13,3,,2 3,4
1000,14,4,13,1 2 5,6
1000,152,18,13 14,1 2 7 16 24,297
1001,1,1,,,0
1001,17,4,1,1 8,10
1001,581,37,1 17,1 3 4 9 34 82 128 141 195 202 229,1619
1002,18,4,,8,12
1002,68,12,18,8 26 67,108
1002,239,25,18 68,1 2 3 6 160,546
1003,1,1,,,0
1003,8,2,1,,1
1003,35,6,1 8,1 2 9,35
1003,67,11,1 8 35,8 26,105
1003,922,43,1 8 35 67,2 3 4 5 7 11 56 62 395 456,2771
1004,28,5,,6 9,22
1005,53,10,,2 5 7 37,71
1005,140,17,53,2 7 9 13,255
1006,966,43,,1 10 16 20 29 53 770,2879
1007,1,1,,,0
1007,91,13,1,13 36,160
1009,5,3,,1 2,2
1009,580,38,5,2 10 41 57 436,1644
1009,852,42,5 580,1 2 18 20 52 261 847,2558
1010,3,2,,2,0
1010,8,3,3,1,5
1010,738,39,3 8,1 2 81 241,2148
1011,2,1,,,0
1011,69,12,2,2 6 44,121
1011,108,14,2 69,3 5,196
1011,155,18,2 69 108,2 3 14 15 36 55,304
1011,180,19,2 69 108 155,1 2 3 6 8 27,349
1012,2,2,,1,0
1012,8,3,2,,4
1012,10,4,2 8,1 3 5,5
1012,573,37,2 8 10,1 2 5 12 20,1615
1013,1,1,,,0
1013,129,16,1,3 4 6 7 15 17 47 63,225
1013,798,41,1 129,2 11 26 65 245,2358
1014,385,31,,2 7 19 21 23 33 54 131 144,981
1014,847,41,385,1 2 18 20 52 261,2542
1015,1,1,,,0
1015,266,25,1,1 2 4,627
1015,529,35,1 266,1 5 8 9 20 25 44 527,1452
1016,1,1,,,0
1016,896,41,1,3 42 57 65 106 825,2703
1017,1,1,,,0
1017,5,3,1,1 3,1
1017,27,7,1 5,1 3 21,31
1017,527,34,1 5 27,1 5 8 9 20 25 44,1448
1018,17,5,,1 3 4 15,13
1018,200,22,17,1 2 3 5 6 7 30 132,434
1018,339,29,17 200,2 5 12 76 153 159 197,819
1018,364,30,17 200 339,9 11 12,915
1018,557,36,17 200 339 364,1 3 9 47 49 122 158 183,1546
1019,3,2,,1,1
1019,7,3,3,3,4
1019,511,33,3 7,1 8 15 22 47 80 84 121 403,1400
1020,1,1,,,0
1020,15,4,1,1 3 4,10
1020,154,18,1 15,1 3 4 5 7 8 68,307
1020,489,32,1 15 154,2 3 5 81 93 209,1344
1020,521,33,1 15 154 489,1 3 8 17 185,1431
1021,1,1,,,0
1021,37,9,1,2 5 7,51
1021,128,17,1 37,2 3 8 14 28 52 83,252
1021,777,40,1 37 128,1 4 6 7 8 11 76 209 332,2287
1022,1,1,,,0
1022,26,7,1,4 10 11 15 16,30
1022,209,22,1 26,2 3 13 111,474
1022,640,36,1 26 209,2 3 6 8 9 20 23 29 34 39 47,1821
1023,1,1,,,0
1023,3,2,1,,0
1023,9,3,1 3,6,2
1023,21,6,1 3 9,1 3,21
1024,51,11,,1 2 4 5 7 11 50,84
1024,107,15,51,2,191
1024,124,16,51 107,1 3 4 6 33 36 40 52 60 61 115,232
1024,380,31,51 107 124,9 26,995
1025,50,10,,1 2 4 5 7 11,84
1025,74,13,50,1 2 6 8 18 27 32 53,133
1025,175,20,50 74,1 2 5 30 39 86 129,372
1025,177,21,50 74 175,1 3 4 24 32 41 73,385
1025,276,27,50 74 175 177,2 4 45 92,655
1025,489,32,50 74 175 177 276,1 2 4 7 17 30 206 337,1337
1026,6,2,,,2
1026,26,8,6,1 9 10 12 13 16,31
1026,120,15,6 26,2 3 5 16 61,222
1028,1,1,,,0
1028,15,5,1,1 4 7 9,14
1028,264,26,1 15,1 2,629
1028,348,29,1 15 264,2 5 6 18 315,871
1028,372,30,1 15 264 348,1 5 8 16 24 36,950
1028,526,35,1 15 264 348 372,2 3 10 13 23 28 175 448 475 509,1437
1029,1,1,,,0
1029,9,4,1,1 2,8
1029,78,13,1 9,1 2 6 22 31,148
1029,449,31,1 9 78,2 4 9 26 48 105 365,1221
1030,273,26,,1 2 3 4 7 16 28 37 38 77,654
1030,371,30,273,1 4 5 20 22 29 68 99 135 183 197 284 323 345,952
1031,4,3,,1 3,2
1032,1,1,,,0
1032,3,2,1,1,1
1032,5,3,1 3,3,3
1032,16,6,1 3 5,4 10 11 15,17
1033,1,1,,,0
1033,15,5,1,4 10 11,16
1033,115,15,1 15,1 3 4 6 33 36 40 52 60 61,215
1034,1,1,,,0
1034,3,2,1,,1
1034,9,4,1 3,1 4 7,5
1034,514,33,1 3 9,9 84 88,1400
1034,755,39,1 3 9 514,2 9 18 109 129 349,2220
1035,1,1,,,0
1035,291,28,1,2 15 22 49 238 289,692
1036,2,2,,1,0
1036,7,3,2,1 4,3
1036,16,7,2 7,1 9 10 12 13,14
1036,44,10,2 7 16,2 6,77
1036,309,28,2 7 16 44,5 6 7 26 36 73 123,739
1036,350,29,2 7 16 44 309,2 4 7 8 13 39,879
1037,1,1,,,0
1037,11,4,1,4 10,9
1037,289,27,1 11,2 15 22 49 238,686
1038,1,1,,,0
1038,10,3,1,4,8
1038,253,25,1 10,1 4 14 135,601
1038,286,26,1 10 253,1 2 4,675
1038,318,27,1 10 253 286,1 4 11 14 33 65 70,753
1039,4,2,,1,1
1039,13,6,4,1 9 10 12,9
1039,20,7,4 13,1 2 7 10 15,22
1039,58,12,4 13 20,2 27 32,99
1040,12,5,,1 9 10,9
1040,20,7,12,1 3 7,26
1040,45,11,12 20,1 3 12,72
1040,147,18,12 20 45,1 2,279
1040,152,19,12 20 45 147,1 2 4 5 21 53 119,289
1040,959,43,12 20 45 147 152,1 3 9 11 47 48 145 219 409 718,2846
1041,1,1,,,0
1041,3,2,1,1,1
1041,41,10,1 3,,68
1042,1,1,,,0
1042,10,4,1,1 9,6
1042,307,26,1 10,2 4 6 14 40 53 102 105,727
1043,1,1,,,0
1043,3,2,1,2,0
1043,9,3,1 3,1,4
1043,292,25,1 3 9,1 3 51,679
1043,475,32,1 3 9 292,1 70 72 86 155 430,1286
1043,688,38,1 3 9 292 475,2 4 7 14 15 20 27 88 98,1970
1044,2,1,,,0
1044,4,2,2,,1
1044,15,6,2 4,1 2 7 10,12
1044,26,9,2 4 15,8,37
1044,135,17,2 4 15 26,2 7 9 41,258
1044,782,39,2 4 15 26 135,3 157,2300
1045,509,34,,2 3 10 13 23 28 175 448 475,1378
1045,823,39,509,1 3 4 11 201 317 340 514,2452
1046,1,1,,,0
1046,17,8,1,1 2 6 14 16,22
1046,33,9,1 17,4 6 14,51
1046,40,10,1 17 33,1 2 11 12 15 21,60
1046,46,11,1 17 33 40,3 4 17 30,69
1046,53,12,1 17 33 40 46,1 2 6 8 18 27 32,84
1047,8,3,,1 4,4
1047,16,7,8,1 2 6 14,21
1047,186,24,8 16,2 35 60 127 176 182,417
1048,1,1,,,0
1049,10,5,,1 2 7,9
1049,14,6,10,1 2 6,19
1051,1,1,,,0
1051,4,2,1,1,2
1051,7,4,1 4,2 5,4
1051,23,8,1 4 7,1 9,31
1051,182,23,1 4 7 23,2 35 60 127 176,410
1052,1,1,,,0
1052,7,4,1,1 2,5
1053,1,1,,,0
1053,5,3,1,2,2
1053,7,4,1 5,1 3,5
1053,8,5,1 5 7,2 5,7
1053,12,6,1 5 7 8,2 3 4,13
1053,18,7,1 5 7 8 12,3,21
1053,732,38,1 5 7 8 12 18,1 2 3 11 36 44 63 166 190 360 478,2122
1054,1,1,,,0
1056,1,1,,,0
1056,2,2,1,,0
1056,5,4,1 2,2,4
1056,11,5,1 2 5,4 7,13
1056,345,26,1 2 5 11,1 4 5 20 22 29 68 99 135 183 197 284 323,871
1056,902,41,1 2 5 11 345,2 33 543,2652
1057,2,2,,1,0
1057,3,3,2,1,1
1057,6,4,2 3,1 2,4
1057,176,22,2 3 6,2 35 60 127,394
1058,1,1,,,0
1058,380,29,1,2 8 29 59 91 186 372,1040
1059,1,1,,,0
1059,2,2,1,,0
1059,362,28,1 2,1 2 6 7 11 15 16 336,981
1059,885,40,1 2 362,1 2 3 20 30 175 226,2614
1059,925,42,1 2 362 885,1 6 369,2739
1060,7,4,,4,7
1060,40,11,7,1 2 3 4 5 6 7 12,62
1060,167,21,7 40,2 3 7 119 121,367
1060,643,37,7 40 167,2 3 12 21 507,1853
1061,1,1,,,0
1061,2,2,1,1,0
1061,4,3,1 2,2 3,1
1061,197,23,1 2 4,1 5 20 111 146,437
1061,315,25,1 2 4 197,2 5 6 18,773
1061,500,34,1 2 4 197 315,1 3 4 8 11 38 68 209 257,1340
1062,1,1,,,0
1062,3,2,1,2,0
1062,8,3,1 3,,3
1062,30,8,1 3 8,3 4 17,34
1062,36,10,1 3 8 30,13,46
1062,197,23,1 3 8 30 36,1 2 18 26 47 61 89,437
1062,332,25,1 3 8 30 36 197,1 2 112,819
1062,609,36,1 3 8 30 36 197 332,2 3 12,1721
1063,2,1,,,0
1063,4,2,2,,1
1063,675,37,2 4,1 2 5 11 30 36 301 319 429 476,1920
1064,11,6,,1 2 4 5 7,5
1064,41,10,11,2 5,60
1064,904,41,11 41,6 10 56 160 174 313,2662
1065,1,1,,,0
1065,9,2,1,1,2
1065,14,6,1 9,4 6,11
1065,21,7,1 9 14,1 2 11 12 15,19
1065,29,8,1 9 14 21,1 3 6,31
1065,32,9,1 9 14 21 29,2 27,35
1065,410,29,1 9 14 21 29 32,1 3 8 10 34 101 114 266 383,1092
1066,83,15,,2 3 8 14 28 52,140
1066,372,28,83,2 8 29 59 91 186,1011
1066,893,40,83 372,1 2 7 49 252 392,2613
1067,32,8,,1 2 6 8 18 27,38
1068,3,1,,,0
1068,7,5,3,1 2 4 5,2
1069,60,14,,1 7 22 25 54,74
1069,210,23,60,1 4 18,474
1069,550,35,60 210,2 54 64 67 73 271 312 549,1546
1070,5,4,,1 2 4,2
1070,27,6,5,2,32
1070,549,34,5 27,2 54 64 67 73 271 312,1544
1070,599,35,5 27 549,1 2 3 5 14 19 27 30 38 103 126,1686
1070,746,38,5 27 549 599,304 630,2182
1071,4,3,,1 2,2
1071,15,5,4,1 2 11 12,15
1071,129,17,4 15,1 2 5 30 39 86,259
1071,141,18,4 15 129,2 8 68 73 80,288
1072,1,1,,,0
1072,5,3,1,2,3
1072,27,7,1 5,1 2 6 8 18,30
1072,87,15,1 5 27,3 16 29 56,145
1072,97,16,1 5 27 87,2 3,172
1072,148,19,1 5 27 87 97,1 2 3 4 19 88,308
1073,1,1,,,0
1073,2,2,1,1,0
1073,6,3,1 2,4,3
1073,12,4,1 2 6,1 3,7
1073,119,16,1 2 6 12,1 2 4 5 21 53,204
1074,1,1,,,0
1074,6,3,1,2,3
1074,12,4,1 6,1 2 11,7
1075,2,1,,,0
1075,4,2,2,,1
1075,11,3,2 4,1 2,5
1075,17,4,2 4 11,3 4,10
1075,39,12,2 4 11 17,2 12 28 29,44
1075,54,13,2 4 11 17 39,1 7 22 25,55
1076,31,10,,1 2 6 22,35
1077,1,1,,,0
1078,2,1,,,0
1078,323,25,2,1 4 5 20 22 29 68 99 135 183 197 284,804
1079,51,12,,1 2 5 10 14 35,56
1079,63,13,51,3 4 6 7 15 17 47,76
1079,475,33,51 63,2 3 10 13 23 28 175 448,1273
1079,815,39,51 63 475,1 4 9 44 102 250 694,2420
1081,18,6,,1 2 6 8,17
1081,160,22,18,1 2 3 6,350
1082,1,1,,,0
1082,3,2,1,1,0
1082,137,18,1 3,3 12 13 20 25 36,279
1084,1,1,,,0
1084,2,2,1,1,0
1084,110,16,1 2,1 2 4 5 9 24 56 58 63,191
1084,928,40,1 2 110,2 10 22 28 48 755,2755
1084,967,41,1 2 110 928,2 96 98,2870
1085,1,1,,,0
1085,13,5,1,,11
1085,22,9,1 13,1 2 6,26
1085,29,11,1 13 22,2 12 28,33
1085,61,13,1 13 22 29,2 3 5 16,87
1085,336,27,1 13 22 29 61,1 2 6 7 11 15 16,905
1086,1,1,,,0
1086,25,9,1,12 16,29
1086,28,10,1 25,2 12,31
1086,79,15,1 25 28,4 7 13 26,125
1086,132,17,1 25 28 79,1 2 3 5 6 7 30,259
1087,61,14,,1 3 4 6 33 36 40 52 60,88
1087,91,15,61,3 11,154
1087,825,39,61 91,3 42 57 65 106,2454
1088,1,1,,,0
1088,4,3,1,3,1
1088,6,4,1 4,1 3,3
1088,12,8,1 4 6,1 2 3 4 5 6 7,11
1088,60,13,1 4 6 12,1 3 4 6 33 36 40 52,84
1088,238,24,1 4 6 12 60,2 15 22 49,538
1088,323,26,1 4 6 12 60 238,1 2 7 8 9 13 15 39 118 192 303,817
1088,430,31,1 4 6 12 60 238 323,1 70 72 86 155,1148
1088,620,36,1 4 6 12 60 238 323 430,1 9 33 40 57 69 336 380,1768
1088,695,37,1 4 6 12 60 238 323 430 620,1 2 5,1992
1089,1,1,,,0
1089,3,2,1,,0
1089,938,40,1 3,1 6 15 110 123 184 215 326 563,2781
1090,253,24,,3 4 6 8 35 53 77 175 200 245,573
1091,3,2,,1,1
1091,8,4,3,1 2 6,4
1091,209,23,3 8,1 2 4 36 53,471
1092,1,1,,,0
1092,383,28,1,1 3 8 10 34 101 114 266,1018
1093,1,1,,,0
1093,6,3,1,1 2,2
1093,7,7,1 6,1 2 3 4 5 6,4
1093,592,35,1 6 7,1 5 10 20 48 88 107 379 553,1671
1093,685,36,1 6 7 592,1 2 4 13 52,1967
1093,898,39,1 6 7 592 685,4 283 775,2651
1094,6,6,,1 2 3 4 5,4
1094,330,27,6,2 3 13 24 27 131,897
1094,502,33,6 330,2 3 4 23 127 171 363,1377
1095,1,1,,,0
1095,2,2,1,,0
1095,5,5,1 2,1 2 3 4,2
1095,16,6,1 2 5,12,13
1095,35,7,1 2 5 16,1 2 5 10 14,27
1095,47,12,1 2 5 16 35,3 4 6 7 15 17,46
1096,4,4,,1 2 3,2
1096,52,12,4,1 3 4 6 33 36 40,68
1096,215,23,4 52,2 5 10 124,499
1096,268,24,4 52 215,1 2 3 8 9 12 104 175,624
1096,692,36,4 52 215 268,1 9 17 57 63 104 236,1998
1097,2,2,,1,0
1097,3,3,2,1 2,1
1097,52,12,2 3,2 3 8 14 28,73
1098,1,1,,,0
1098,2,2,1,1,0
1098,245,23,1 2,3 4 6 8 35 53 77 175 200,551
1098,452,32,1 2 245,7 10 49 76,1199
1099,1,1,,,0
1099,12,4,1,,7
1099,989,41,1 12,2 4 6 26 63 66 154 556,2879
1100,5,2,,2,1
1100,272,23,5,2 21 23 45 55 100 161,640
1101,6,3,,1 2,2
1101,38,11,6,2 3 11 33,32
1101,172,22,6 38,3 6 7 11 21 46,382
1101,791,38,6 38 172,2 22 35 73 80 223 729,2333
1102,1,1,,,0
1102,12,3,1,2,4
1102,42,11,1 12,1 2 3 8 13 16 25,41
1102,405,30,1 12 42,9 14 42 51 296,1072
1102,575,34,1 12 42 405,2 4 5 7 10 33 42 432,1615
1102,680,35,1 12 42 405 575,1 2 5 41 178 369,1940
1103,2,1,,,0
1103,56,12,2,3 16 29,77
1103,310,26,2 56,2 3 9 12 15 16 30 40 66 113 130,803
1104,25,6,,1 7 22,11
1104,179,22,25,15 25 61,403
1104,382,29,25 179,1 2 27 28 44 111,1016
1105,2,2,,1,0
1106,1,1,,,0
1106,33,10,1,2 3 11,26
1106,68,12,1 33,1 3 4 5 7 8,104
1106,121,20,1 33 68,2 3 7 119,252
1106,127,21,1 33 68 121,2 35 60,272
1106,448,32,1 33 68 121 127,2 3 10 13 23 28 175,1191
1106,507,33,1 33 68 121 127 448,1 3 204,1402
1107,22,5,,1 7,9
1107,302,25,22,2 3 4 13,756
1107,401,29,22 302,3 4 5 10 22 41 45 72 73,1063
1108,1,1,,,0
1108,40,11,1,1 3 4 6 33 36,49
1108,119,19,1 40,2 3 7,249
1108,303,25,1 40 119,1 2 7 8 9 13 15 39 118 192,765
1110,28,9,,1 14 23 26 27,18
1111,27,8,,1 14 23 26,18
1111,55,11,27,2 3 14 15 36,82
1112,2,1,,,0
1112,26,7,2,1 14 23,17
1112,36,10,2 26,1 3 4 6 33,45
1112,146,21,2 26 36,1 5 20 111,312
1112,176,22,2 26 36 146,1 2 4 7 32,392
1113,7,4,,1 4,4
1113,365,28,7,2 4 9 26 48 105,970
1114,5,3,,3,2
1114,86,13,5,1 2 5 30 39,165
1114,289,24,5 86,7 11 232,733
1115,1,1,,,0
1115,23,6,1,1 14,14
1115,33,9,1 23,1 3 4 6,41
1116,1,1,,,0
1116,3,2,1,,0
1116,4,3,1 3,1,0
1116,14,5,1 3 4,1 2 5 10,3
1116,129,20,1 3 4 14,1 2 3 5 38 104,281
1117,78,12,,2 57,129
1117,284,23,78,1 4 5 20 22 29 68 99 135 183 197,705
1117,887,39,78 284,3 4 5 7 20 37 44,2591
1118,994,41,,2 13 14 23 71,2884
1119,1,1,,,0
1119,25,8,1,1 2 3 8 13 16,21
1119,143,20,1 25,1 2 9 34 64,319
1119,218,22,1 25 143,2 4 12 15 55 69,484
1120,10,4,,1 2 5,2
1120,102,18,10,4 5 7 11 14 17 22 41,211
1120,111,19,10 102,2 3 13,235
1121,28,9,,2 3 8 14,38
1121,497,33,28,1 7 12 60 214,1384
1122,7,2,,1,0
1124,14,4,,1,7
1124,882,39,14,1 2 4 7 8 68 638,2587
1125,5,3,,1 2,1
1125,17,7,5,3 4 6 7 15,10
1125,938,40,5 17,4 34 63 70 71 259,2752
1127,15,6,,3 4 6 7,10
1127,403,31,15,1 8 15 22 47 80 84 121,1081
1128,1,1,,,0
1128,2,2,1,1,0
1128,11,4,1 2,2 3,5
1128,16,7,1 2 11,1 2 3 8 13,12
1128,24,9,1 2 11 16,1 2 7 16,34
1129,1,1,,,0
1129,2,2,1,,0
1129,73,13,1 2,1 3 4 24 32 41,152
1129,332,27,1 2 73,9 84 105 142 161,886
1130,16,8,,2 3 5,19
1130,29,9,16,3 16,39
1130,36,10,16 29,2 3 14 15,52
1130,613,34,16 29 36,2 3 4 7 17 70 93 184 232 295,1749
1131,1,1,,,0
1131,13,6,1,1 2 3 8,9
1131,63,11,1 13,1 2 4 5 9 24 56 58,99
1131,140,18,1 13 63,1 3 5 12 21 27,314
1132,1,1,,,0
1132,13,7,1,2 7 9,12
1132,53,9,1 13,1 2,78
1132,80,16,1 13 53,2 8 68 73,159
1132,88,17,1 13 53 80,1 2 3 4 19,181
1132,431,32,1 13 53 80 88,1 3 5 8 33 53 83 120 375,1143
1132,553,33,1 13 53 80 88 431,1 5 10 20 48 88 107 379,1558
1135,7,5,,3 4 6,3
1135,14,7,7,2 3 8,21
1135,62,11,7 14,1 2 3 4 8 16 31 44 48,110
1135,126,17,7 14 62,1 25 42 43 58 59 70 79,279
1135,917,39,7 14 62 126,2 5 15 20 26 97 205 270,2710
1136,3,3,,2,1
1136,6,4,3,3 4,2
1136,8,5,3 6,1 2 3,5
1136,9,6,3 6 8,2 7,8
1136,16,7,3 6 8 9,1 2 7,21
1136,58,10,3 6 8 9 16,1 2 4 5 9 24 56,89
1137,1,1,,,0
1137,2,2,1,,0
1137,62,11,1 2,2 6 7 32 37,115
1137,190,21,1 2 62,1 4 52 77 185,430
1138,4,2,,3,0
1138,7,4,4,2,5
1138,41,8,4 7,2 7 9,62
1138,56,9,4 7 41,1 2 4 5 9 24,84
1138,57,10,4 7 41 56,2,90
1138,350,28,4 7 41 56 57,2 5 15 90,939
1138,663,36,4 7 41 56 57 350,1 6 16 51 474,1929
1139,3,1,,,0
1139,26,7,3,4 7 13,32
1139,53,8,3 26,1 2 4 5 21,76
1139,73,15,3 26 53,2 8 68,139
1139,263,23,3 26 53 73,7 9 15 23 81 203,660
1141,3,3,,1 2,1
1141,5,4,3,2 3,4
1141,8,5,3 5,2 3,10
1141,104,16,3 5 8,1 2 3 5 38,226
1141,139,17,3 5 8 104,2 3 6 12 34,300
1141,557,33,3 5 8 104 139,7 9 14 98,1582
1142,1,1,,,0
1142,2,2,1,1,0
1142,6,4,1 2,1 3 4,4
1142,185,20,1 2 6,1 4 52 77,413
1142,330,27,1 2 6 185,1 2 3 13 86 184 198,863
1143,1,1,,,0
1143,2,2,1,,0
1143,3,3,1 2,2,0
1143,16,6,1 2 3,3,14
1143,200,20,1 2 3 16,3 4 6 8 35 53 77 175,439
1143,272,24,1 2 3 16 200,1 5 18 75 77 163 188 199,707
1144,2,1,,,0
1144,4,3,2,1 3,0
1144,18,6,2 4,1 3 4 11 13,14
1144,68,14,2 4 18,2 8,126
1144,705,36,2 4 18 68,1 5 7 17 35 258,2052
1145,3,2,,1,0
1145,7,4,3,1 2,4
1145,12,5,3 7,5,8
1145,386,31,3 7 12,1 7 9 320,1020
1146,3,3,,2,1
1146,348,28,3,2 7 9 61 79 103 220,932
1147,1,1,,,0
1147,2,2,1,,0
1147,111,16,1 2,1 5 20,228
1147,284,25,1 2 111,1 2 4 6 7 13 26 33,771
1149,1,1,,,0
1149,13,5,1,1 3 4 11,7
1149,48,10,1 13,1 2 3 4 8 16 31 44,73
1149,153,19,1 13 48,1 2 3,339
1150,2,2,,1,0
1150,93,15,2,1 2 6 9 17 18,197
1150,119,16,2 93,1 3 6 7 8 24 58,252
1150,427,31,2 93 119,1 2 64 159 165,1139
1151,1,1,,,0
1151,11,4,1,1 3 4,5
1151,15,7,1 11,2 3 14,11
1151,211,20,1 11 15,1 2 5 39,479
1152,1,1,,,0
1152,5,2,1,,1
1152,13,5,1 5,4 7,6
1152,14,6,1 5 13,2 3,8
1153,1,1,,,0
1153,43,8,1,1 4 6 7 19,58
1153,44,9,1 43,1 2 3 4 8 16 31,63
1153,221,22,1 43 44,1 2 4 5 13 19 35 67 218,509
1153,436,31,1 43 44 221,2 10 41 57,1189
1156,3,1,,,0
1156,135,18,3,1 4 14,298
1156,169,19,3 135,1 23 83,371
1156,218,21,3 135 169,1 2 4 5 13 19 35 67,506
1158,4,3,,1 3,1
1158,7,4,4,4,3
1159,3,2,,1,1
1159,369,30,3,5 6 19 358,971
1160,1,1,,,0
1160,8,5,1,1 3 4 5,4
1160,43,13,1 8,2 3 4 6,90
1160,63,14,1 8 43,1 6 17 25,132
1160,197,19,1 8 43 63,2 5 12 76 153 159,436
1160,640,35,1 8 43 63 197,1 2 8 34 81 228 265 268 530,1849
1161,1,1,,,0
1161,4,2,1,,0
1161,39,11,1 4,1 2 5 30,71
1161,41,12,1 4 39,1 3 4 24 32,81
1161,261,24,1 4 39 41,1 2 3 12 78 221,704
1162,37,10,,2 6 7 32,66
1163,3,2,,2,0
1163,5,4,3,1 3 4,1
1163,8,5,3 5,1 3,7
1163,63,13,3 5 8,2 7,129
1163,474,31,3 5 8 63,1 3 20,1340
1163,729,37,3 5 8 63 474,2 22 35 73 80 223,2140
1163,730,38,3 5 8 63 474 729,1 2 11 19 42 306,2146
1164,2,1,,,0
1164,4,3,2,1 3,0
1164,27,7,2 4,1 2 3 6 8,27
1165,3,2,,1,0
1165,173,18,3,41 105,374
1166,3,3,,2,1
1166,8,6,3,1 3 4 5 7,5
1166,31,8,3 8,1 2 3 4 8 16,46
1166,121,16,3 8 31,4,261
1167,1,1,,,0
1167,2,2,1,,0
1167,7,5,1 2,1 3 4 5,3
1167,11,6,1 2 7,3,9
1167,32,9,1 2 7 11,2 6 7,52
1167,34,10,1 2 7 11 32,1 2 3 12 18,59
1167,122,17,1 2 7 11 32 34,1 5 8 19 22 108,261
1167,222,21,1 2 7 11 32 34 122,9 14 38,521
1168,3,2,,1,1
1168,175,18,3,3 4 6 8 35 53 77,375
1169,1,1,,,0
1169,5,4,1,1 3 4,1
1170,1,1,,,0
1170,4,3,1,1 3,0
1170,9,4,1 4,2 7,5
1170,24,7,1 4 9,1 2 4 5 9,24
1170,30,9,1 4 9 24,1 2 5,48
1170,32,10,1 4 9 24 30,1 3 4 24,56
1170,89,15,1 4 9 24 30 32,1 2 18 26 47 61,177
1170,358,29,1 4 9 24 30 32 89,5 6 19,928
1171,3,2,,1,0
1171,21,6,3,1 2 4 5,18
1171,232,23,3 21,7 11,571
1172,7,3,,2,4
1172,26,8,7,2 4 8,38
1172,780,38,7 26,3 16 21 33 53 197 238 439,2251
1173,1,1,,,0
1173,60,14,1,2 35,122
1175,1,1,,,0
1175,3,2,1,,1
1175,282,26,1 3,3 5 24 64,738
1176,1,1,,,0
1177,2,1,,,0
1177,19,7,2,1 4 6 7,22
1177,337,28,2 19,1 2 4 7 17 30 206,887
1178,24,9,,1 3 4,46
1179,1,1,,,0
1179,144,17,1,134,312
1179,745,37,1 144,3 155 220,2194
1181,16,7,,1 2 3 4 8,25
1181,41,12,16,4 5 7 11 14 17 22,81
1181,108,16,16 41,1 5 8 19 22,236
1182,79,15,,1 25 42 43 58 59 70,169
1183,2,2,,1,0
1183,8,5,2,1 2 3 6,5
1183,18,8,2 8,1 2 3 12,37
1183,36,11,2 8 18,3 12 13 20 25,67
1184,1,1,,,0
1184,56,14,1,2 13,120
1184,175,19,1 56,1 5 7 11 116,394
1184,272,25,1 56 175,3 4 6 22 24 29 43 67 85,711
1184,506,32,1 56 175 272,1 6 8 12 24 42 60,1421
1184,902,40,1 56 175 272 506,10,2604
1185,2,2,,1,0
1185,6,4,2,1 2 3,3
1185,9,6,2 6,1 2 4 5,10
1185,47,13,2 6 9,2 4 7 8 9 16 46,97
1185,261,24,2 6 9 47,1 3 4 9 16 32 54 225,695
1186,1,1,,,0
1186,46,12,1,2 4 7 8 9 16,96
1186,630,35,1 46,304,1821
1187,5,5,,1 2 4,5
1187,124,15,5,2 5 10,284
1188,1,1,,,0
1188,3,3,1,1 2,1
1188,4,4,1 3,1 2,3
1188,18,8,1 3 4,1 2 11,40
1188,30,9,1 3 4 18,1 2 3 5 6 7,50
1188,375,29,1 3 4 18 30,1 3 5 8 33 53 83 120,974
1189,1,1,,,0
1189,2,2,1,1,0
1189,5,4,1 2,1 2 4,3
1189,7,5,1 2 5,1 4 6,7
1189,8,6,1 2 5 7,1 2 3 4,10
1189,12,7,1 2 5 7 8,1 2 3,23
1189,134,15,1 2 5 7 8 12,,283
1189,175,19,1 2 5 7 8 12 134,1 2 3 8 9 12 104,384
1189,901,40,1 2 5 7 8 12 134 175,1 3 40 99 236,2604
1190,1,1,,,0
1190,2,2,1,1,0
1190,4,3,1 2,1 2,1
1190,6,4,1 2 4,1 4,4
1190,8,5,1 2 4 6,2 4,10
1190,686,36,1 2 4 6 8,2 4 8 26 151 589,2027
1191,1,1,,,0
1191,25,7,1,1 5 9,34
1191,70,14,1 25,1 25 42 43 58 59,138
1191,641,35,1 25 70,2 3 82 108,1842
1192,2,2,,1,0
1192,4,3,2,1,2
1192,7,6,2 4,2 6,9
1192,334,28,2 4 7,2 4 6 99,860
1193,1,1,,,0
1193,2,2,1,,0
1193,4,4,1 2,1 2 3,1
1193,6,5,1 2 4,2,6
1193,197,21,1 2 4 6,3 4 11 13 21 28 53 57 138,452
1194,3,3,,1 2,1
1194,4,4,3,2,3
1194,25,10,3 4,3 12 13 20,34
1195,1,1,,,0
1195,2,2,1,1,0
1195,5,3,1 2,1 2,3
1195,11,6,1 2 5,1 2,16
1196,1,1,,,0
1196,2,2,1,,0
1196,507,33,1 2,2 3 12 21,1421
1197,2,1,,,0
1197,6,5,2,2 3 4,8
1198,2,2,,1,0
1198,3,3,2,1 2,1
1198,4,4,2 3,1 3,3
1198,25,11,2 3 4,1 6 17,39
1198,35,12,2 3 4 25,2,61
1198,61,13,2 3 4 25 35,1 2 18 26 47,108
1198,64,14,2 3 4 25 35 61,1 2 9 34,120
1198,159,18,2 3 4 25 35 61 64,2 5 12 76 153,323
1199,1,1,,,0
1199,2,2,1,1,0
1199,3,3,1 2,1,1
1199,4,4,1 2 3,2 3,2
1199,20,9,1 2 3 4,3 12 13,19
1199,40,11,1 2 3 4 20,1 2 18 24,62
1199,203,22,1 2 3 4 20 40,7 9 15 23 81,480
1200,1,1,,,0
1200,3,3,1,2,1
1200,22,10,1 3,4 5 7 11 14 17,25
1200,283,27,1 3 22,1 6 10 76 218,720
1200,694,36,1 3 22 283,1 4 9 44 102 250,2019
1201,1,1,,,0
1201,2,2,1,,0
1201,19,9,1 2,1 2 3 4,18
1201,221,23,1 2 19,1 2 3 12 78,576
1201,377,29,1 2 19 221,1 2 6 42 215 311,977
1202,59,13,,1 25 42 43 58,102
1202,770,38,59,1 10 16 20 29 53,2209
1203,1,1,,,0
1203,58,12,1,1 25 42 43,101
1203,745,37,1 58,1,2134
1204,2,2,,1,0
1204,8,3,2,2,1
1204,26,10,2 8,3 7,35
1204,44,11,2 8 26,3 4,77
1204,153,17,2 8 26 44,2 5 12 76,304
1204,197,21,2 8 26 44 153,1 4 5 20 22 29 68 99 135 183,455
1205,1,1,,,0
1205,17,9,1,4 5 7 11 14,18
1206,13,8,,3 12,11
1206,17,9,13,1 6,22
1207,9,3,,1 5,2
1207,12,7,9,3,10
1207,38,9,9 12,1 2 3 5,64
1208,14,8,,4 5 7 11,15
1208,560,34,14,1 2 3 18 37 68 81 82,1561
1209,92,13,,2 4 45,178
1209,266,26,92,1 3 8 10 34 101 114,676
1210,2,1,,,0
1210,607,34,2,5 6 20 28 44 53 106 247 368,1732
1210,856,39,2 607,1 61 76 205 240,2460
1211,5,2,,1,1
1211,7,6,5,1 2 3 5 6,2
1211,11,7,5 7,4 5 7,12
1211,58,10,5 7 11,1 3 6 7 8 24,98
1211,161,20,5 7 11 58,2 21 23 45 55 100,340
1211,296,26,5 7 11 58 161,9 14 42 51,749
1211,320,27,5 7 11 58 161 296,1 7 9,815
1211,950,42,5 7 11 58 161 296 320,2 4 7 13 188 447 547,2714
1212,6,5,,1 2 3 5,2
1212,47,9,6,1 2 18 26,78
1212,159,19,6 47,2 37 134,334
1213,1,1,,,0
1213,5,4,1,1 2 3,1
1213,402,30,1 5,1 41 105 221,1079
1215,1,1,,,0
1215,3,3,1,1 2,0
1215,7,5,1 3,4 5,7
1215,24,8,1 3 7,1 2 18,35
1216,2,2,,1,0
1216,3,3,2,,1
1216,4,4,2 3,1 2 3,1
1216,16,7,2 3 4,2 4 7 8 9,20
1216,199,22,2 3 4 16,1 5 18 75 77 163 188,496
1216,775,38,2 3 4 16 199,4 283,2240
1217,1,1,,,0
1217,3,3,1,1 2,0
1217,5,4,1 3,4,2
1217,6,5,1 3 5,1,3
1218,2,2,,1,0
1218,4,3,2,,1
1218,13,4,2 4,2 3,11
1218,43,9,2 4 13,1 25 42,66
1218,183,20,2 4 13 43,1 4 5 20 22 29 68 99 135,419
1218,411,30,2 4 13 43 183,1 2 5 22 25 36 66,1127
1218,473,32,2 4 13 43 183 411,1 5 8 22 39 83,1301
1219,1,1,,,0
1219,7,2,1,2,2
1219,42,8,1 7,1 25,64
1219,192,20,1 7 42,1 2 7 8 9 13 15 39 118,449
1219,198,22,1 7 42 192,1 2 4 5 6 76,495
1219,422,31,1 7 42 192 198,1 4 7,1153
1220,7,3,,2 3,3
1220,520,33,7,4 59,1426
1221,18,7,,1 2,21
1221,225,22,18,1 3 4 9 16 32 54,575
1222,1,1,,,0
1222,60,10,1,2 3 5 8 23 42,103
1222,61,11,1 60,15 25,109
1222,123,16,1 60 61,5 6 7 26 36 73,235
1222,343,28,1 60 61 123,1 2 3 8 47 129 141 333,861
1223,1,1,,,0
1223,7,3,1,3,4
1223,9,6,1 7,2 4 7 8,7
1223,936,41,1 7 9,1 3 26 39 59 185,2654
1224,2,1,,,0
1224,3,2,2,2,0
1224,8,5,2 3,2 4 7,5
1225,2,1,,,0
1225,7,4,2,2 4,4
1225,18,7,2 7,1 2 6 9 17,21
1226,17,6,,1 2 6 9,21
1226,77,13,17,1 2 3 4 7 16 28 37 38,141
1226,143,18,17 77,1 4 26 79,291
1227,3,2,,,1
1227,13,4,3,2,13
1227,46,9,3 13,3 6 7 11 21,72
1227,185,20,3 13 46,1 2 3 4 6 9 17 39 54 55 64 72 167,437
1227,188,21,3 13 46 185,1 5 18 75 77 163,461
1228,1,1,,,0
1228,3,2,1,2,0
1228,4,3,1 3,2,1
1228,26,6,1 3 4,1 11,31
1228,34,7,1 3 4 26,1 2 9,47
1228,130,17,1 3 4 26 34,1 2 4 6 7 13 14 21 48 57 77,246
1228,976,43,1 3 4 26 34 130,3 22 122 125 223 293 692 721 730,2809
1229,2,1,,,0
1230,2,1,,,0
1230,5,3,2,2 3,1
1230,859,39,2 5,2 4 22 42 89 93 158,2440
1231,2,1,,,0
1231,403,30,2,1 2 3 5 16 69 145 224,1105
1231,641,35,2 403,2 3 5 63 294 491,1858
1231,933,41,2 403 641,1 2 3 4 6 9 11 15 77,2649
1231,943,42,2 403 641 933,2 11 16 18 21 42 122 406,2685
1232,3,2,,2,0
1232,333,27,3,1 2 3 8 47 129 141,833
1233,2,1,,,0
1233,26,6,2,1 2 18,34
1233,105,15,2 26,41,189
1233,363,28,2 26 105,2 3 4 23 127 171,943
1234,9,5,,1 2 6,10
1234,191,21,9,2 4 17 19 23 46,500
1234,956,41,9 191,78 104,2728
1235,1,1,,,0
1235,6,4,1,1 2 3,4
1235,150,19,1 6,1 3 5 7 19 147,320
1235,238,25,1 6 150,1 2 4 7 52 81 124 149,589
1236,20,5,,3 6,24
1236,25,6,20,1,34
1236,618,33,20 25,4 6 101 175 415,1767
1237,1,1,,,0
1237,2,2,1,1,0
1237,6,4,1 2,1 2,6
1237,134,18,1 2 6,2 37,270
1237,173,19,1 2 6 134,5 14 16 19 24 40 76,396
1238,1,1,,,0
1238,2,2,1,,0
1238,3,3,1 2,1 2,0
1238,20,5,1 2 3,1 5,21
1238,147,18,1 2 3 20,1 3 5 7 19,310
1239,2,2,,1,0
1240,1,1,,,0
1240,5,4,1,1 2 3,4
1240,42,9,1 5,2 3 5 8 23,63
1240,330,27,1 5 42,1 2 3 23 57 83 92 137 166,825
1241,1,1,,,0
1241,2,2,1,1,0
1241,18,5,1 2,1 2,18
1241,682,36,1 2 18,4 23 78 308 314 360 390 503,1960
1242,1,1,,,0
1242,3,3,1,1 2,1
1242,55,12,1 3,1 2 13 19 42 47,85
1242,83,14,1 3 55,1 23,144
1243,1,1,,,0
1243,2,2,1,1,0
1243,11,4,1 2,1,7
1243,116,17,1 2 11,1 5 7 11,223
1243,286,26,1 2 11 116,1 2 5,704
1244,1,1,,,0
1244,4,3,1,3,2
1244,27,8,1 4,1 3 5 12 21,29
1244,105,16,1 4 27,2 4 6 14 40 53 102,187
1245,1,1,,,0
1245,3,2,1,,1
1245,24,6,1 3,1 3 6 7 8,21
1245,167,19,1 3 24,1 2 3 4 6 9 17 39 54 55 64 72,385
1245,290,26,1 3 24 167,1 4 5 6 188 198,713
1245,432,31,1 3 24 167 290,2 4 5 7 10 33 42,1157
1245,630,35,1 3 24 167 290 432,2 3 4 6 8 23 88 509,1818
1246,1,1,,,0
1246,34,8,1,2 3 6 12,40
1246,218,23,1 34,2 6 8 141 167,529
1246,681,36,1 34 218,4 5 6 19 64 91 574,1959
1247,53,12,,1 2 4 36,82
1247,102,15,53,2 4 6 14 40 53,181
1248,1,1,,,0
1248,74,13,1,10 58,125
1248,93,14,1 74,2 3 7 19 20 46,157
1250,6,3,,3,2
1250,21,7,6,1 3 5 12,23
1250,47,11,6 21,1 2 13 19 42,71
1250,77,13,6 21 47,1 4 52,133
1252,1,1,,,0
1252,21,7,1,3 6 7 11,26
1252,138,17,1 21,3 4 11 13 21 28 53 57,289
1252,163,19,1 21 138,1 5 18 75 77,394
1252,186,21,1 21 138 163,2 8 29 59 91,476
1253,1,1,,,0
1253,3,2,1,,0
1253,5,3,1 3,1,1
1253,9,4,1 3 5,1 2,6
1255,42,10,,1 2 13 19,65
1255,144,18,42,2 7 19 21 23 33 54 131,310
1256,1,1,,,0
1256,32,9,1,1 2 4 7,46
1256,45,10,1 32,2 4,73
1256,121,16,1 32 45,3 4 6 12 35,249
1257,1,1,,,0
1257,2,2,1,1,0
1257,8,4,1 2,2 6,6
1257,755,38,1 2 8,2 10 22 28 48,2163
1258,1,1,,,0
1258,25,8,1,15,38
1258,52,12,1 25,1 2 3 4 5 7 20 22 31 49,89
1259,1,1,,,0
1259,6,3,1,2,4
1259,12,6,1 6,1 3 5,11
1259,23,7,1 6 12,2 3 5 8,30
1260,1,1,,,0
1260,2,2,1,1,0
1260,104,15,1 2,1 2 3 8 9 12,192
1261,1,1,,,0
1261,8,5,1,1 3 6 7,3
1261,18,6,1 8,1 4,16
1261,49,11,1 8 18,1 2 3 4 5 7 20 22 31,80
1262,1,1,,,0
1262,7,4,1,1 3 6,2
1262,11,5,1 7,3 6 7,8
1262,383,30,1 7 11,3 155 162 298,1024
1262,476,32,1 7 11 383,1 2 5 11 30 36 301 319 429,1282
1263,2,1,,,0
1263,6,3,2,1 3,1
1263,714,37,2 6,2 3 4 6 33 58 126 280 574,2023
1264,36,9,,1 2 4,50
1264,58,11,36,10,90
1265,1,1,,,0
1265,38,10,1,1 2 3 4 7 16 28 37,57
1265,218,25,1 38,1 6 10 76,531
1265,606,34,1 38 218,3 5 21 26 27 61 100 136 277 453,1739
1266,3,2,,1,0
1266,5,3,3,1 3,1
1266,7,4,3 5,3 6,3
1266,37,9,3 5 7,1 2 3 4 7 16 28,54
1266,77,13,3 5 7 37,3 4 6 8 35 53,120
1266,135,18,3 5 7 37 77,1 4 5 20 22 29 68 99,289
1267,6,3,,3,3
1267,22,8,6,1 5 8 19,26
1267,311,27,6 22,1 2 6 42 215,776
1268,1,1,,,0
1268,3,2,1,1,0
1268,12,5,1 3,2 3 6,6
1268,15,7,1 3 12,,16
1268,53,10,1 3 12 15,1,76
1268,69,12,1 3 12 15 53,2 4 12 15 55,96
1268,131,17,1 3 12 15 53 69,2 7 19 21 23 33 54,267
1268,995,47,1 3 12 15 53 69 131,1 5 85 120 259 334 512,2835
1270,1,1,,,0
1270,3,2,1,,0
1270,19,7,1 3,1 5 8,20
1270,530,32,1 3 19,1 2 8 34 81 228 265 268,1480
1272,73,12,,5 6 7 26 36,115
1272,100,15,73,2 21 23 45 55,182
1274,1,1,,,0
1274,6,4,1,2 3,3
1274,8,6,1 6,2 3 5,8
1274,198,24,1 6 8,1 2 3 13 86 184,471
1274,220,25,1 6 8 198,2 7 9 61 79 103,549
1274,453,31,1 6 8 198 220,1 2 41 74 137 225 301 330,1224
1275,4,2,,1,1
1275,28,7,4,1 2 3 4 7 16,41
1275,52,11,4 28,1 4,79
1275,690,36,4 28 52,3 7 11 13 43 331,1942
1277,1,1,,,0
1277,3,3,1,2,1
1277,4,4,1 3,1 2,2
1277,5,5,1 3 4,2 3,4
1277,14,6,1 3 4 5,1 4,15
1277,49,10,1 3 4 5 14,2 15 22,70
1278,1,1,,,0
1278,2,2,1,,0
1278,19,6,1 2,1 2 13,20
1278,747,38,1 2 19,1 4 5 6 102 118 260,2136
1279,2,2,,1,0
1279,3,3,2,2,1
1279,31,9,2 3,1 2 3 4 5 7 20 22,44
1279,114,16,2 3 31,2 57,226
1279,330,28,2 3 31 114,1 2 4 10 12 13 235 305,840
1279,710,37,2 3 31 114 330,1 2 3 4 8 13 14 18 59 434,2015
1279,847,40,2 3 31 114 330 710,2 4 32 184 188,2374
1280,1,1,,,0
1280,2,2,1,,0
1281,7,4,,1 2 4,2
1281,8,5,7,1 5,5
1281,76,13,7 8,2 5 12,116
1281,77,14,7 8 76,1 2 4 6 7 13 14 21 48 57,119
1281,718,37,7 8 76 77,1 3 9 11 47 48 145 219 409,2026
1282,55,10,,2 4 12 15,71
1282,58,11,55,6 8,77
1282,112,16,55 58,1 2,220
1283,1,1,,,0
1283,4,2,1,,0
1283,130,18,1 4,2 3 9 12 15 16 30 40 66 113,297
1284,4,3,,1 2,0
1284,5,4,4,1,2
1284,13,5,4 5,1 2,10
1284,51,9,4 5 13,1 3,63
1284,369,30,4 5 13 51,1 3 4 19 38 108 264,970
1286,2,2,,1,0
1286,70,12,2,1 4 11 14 33 65,100
1286,206,24,2 70,2 3 23 26,504
1287,1,1,,,0
1287,4,2,1,1,1
1287,16,6,1 4,1 2 3 4 7,19
1287,18,7,1 4 16,1 2 4 7 9,24
1287,377,30,1 4 16 18,11 49 124 206,990
1287,589,35,1 4 16 18 377,2 4 8 26 151,1699
1287,700,36,1 4 16 18 377 589,2 6 11 15 78 583,1976
1288,1,1,,,0
1288,22,8,1,1 2 3 4 5 7 20,29
1288,184,23,1 22,1 2 3 13 86,431
1288,324,29,1 22 184,1 2 7 29 43 203 209,833
1290,1,1,,,0
1290,2,2,1,1,0
1290,6,3,1 2,2 3,1
1290,20,7,1 2 6,1 2 3 4 5 7,26
1290,53,10,1 2 6 20,3 4 6 8 35,68
1290,77,12,1 2 6 20 53,1 2 3 12 23 45 57,123
1290,79,13,1 2 6 20 53 77,1 4 26,130
1291,1,1,,,0
1291,65,11,1,1 4 11 14 33,88
1293,3,2,,2,0
1293,118,16,3,1 2 7 8 9 13 15 39,254
1293,131,20,3 118,2 3 13 24 27,331
1293,948,46,3 118 131,1 3 6 18 33 85 105 162,2701
1294,2,1,,,0
1295,2,2,,1,0
1295,46,9,2,2 3 7 19 20,58
1295,89,15,2 46,1 3 31 85,164
1295,316,28,2 46 89,1 11 15 21 28 52 83 121 123,807
1295,321,29,2 46 89 316,1 2 3 5 6 8 20,834
1296,1,1,,,0
1296,4,3,1,1 2,2
1296,7,5,1 4,1 2 3 4,9
1296,9,6,1 4 7,1 2 4 7,13
1296,53,10,1 4 7 9,2 4 6 14 40,71
1296,99,15,1 4 7 9 53,1 4 13 19 27 56,189
1297,1,1,,,0
1297,4,3,1,2,3
1297,41,8,1 4,,48
1297,167,22,1 4 41,2 6 8 141,391
1297,274,26,1 4 41 167,2 4 13 104,666
1298,1,1,,,0
1298,2,2,1,1,0
1298,7,5,1 2,1 2 4,9
1299,1,1,,,0
1299,2,2,1,,0
1299,3,3,1 2,1 2,0
1299,4,4,1 2 3,1 2 3,2
1299,85,14,1 2 3 4,1 3 31,149
1300,2,2,,1,0
1300,3,3,2,1 2,1
1300,113,17,2 3,2 3 9 12 15 16 30 40 66,251
1300,161,21,2 3 113,9 84 105 142,374
1300,209,24,2 3 113 161,2 3 5 81 93,496
1300,382,29,2 3 113 161 209,1 2 88,1001
1301,1,1,,,0
1301,2,2,1,1,0
1301,4,3,1 2,1 2,1
1301,10,7,1 2 4,2 5,10
1301,57,10,1 2 4 10,1 2 4 6 7 13 14 21 48,71
1301,283,26,1 2 4 10 57,5 13 16 25 38 112 113,701
1301,306,27,1 2 4 10 57 283,2 3 8 11 36 45,760
1301,345,28,1 2 4 10 57 283 306,3 9 36 144 234,902
1302,1,1,,,0
1302,23,7,1,1,18
1302,99,14,1 23,1 4 5 20 22 29 68,193
1303,2,2,,1,0
1303,7,6,2,1 2 3 4 5,2
1303,788,38,2 7,11 22 42,2199
1304,1,1,,,0
1304,22,6,1,2 15,16
1304,257,25,1 22,1 3 4 8 11 38 68 209,598
1304,305,26,1 22 257,1 2 4 10 12 13 235,759
1305,5,5,,1 2 3 4,1
1306,1,1,,,0
1306,4,4,1,1 2 3,0
1306,5,5,1 4,2,3
1306,379,27,1 4 5,1 5 10 20 48 88 107,989
1307,3,3,,1 2,0
1307,67,13,3,1 2 4 5 13 19 35,102
1307,312,25,3 67,2 54 64 67 73 271,800
1307,478,31,3 67 312,1 2 3 11 36 44 63 166 190 360,1293
1308,2,2,,1,0
1308,35,7,2,3 4 6 8,31
1308,206,24,2 35,1 2 4 7 17 30,487
1309,1,1,,,0
1309,2,2,1,,0
1309,36,8,1 2,5 6 7 26,33
1309,40,9,1 2 36,2 4 6 14,39
1309,429,28,1 2 36 40,1 2 5 11 30 36 301 319,1127
1310,48,9,,1 2 4 6 7 13 14 21,54
1310,57,11,48,1 2 3 12 23 45,77
1310,169,23,48 57,2 5 6 8 31 41,395
1310,395,27,48 57 169,2 10 12 18 45 73,1048
1311,1,1,,,0
1311,15,4,1,2,7
1312,1,1,,,0
1312,10,2,1,,1
1312,707,37,1 10,1 2 3 9 19 598 667,1991
1317,55,12,,2 21 23 45,84
1317,858,40,55,4 6 11 14 15 23 32 58 326 532,2410
1319,26,7,,5 6 7,29
1319,142,20,26,9 84 105,342
1320,1,1,,,0
1320,4,3,1,1 2,0
1320,554,34,1 4,3 4 11 164 437,1591
1321,20,6,,2 3 7 19,18
1321,81,14,20,7 9 15 23,173
1321,301,25,20 81,1 2 42,786
1321,353,26,20 81 301,1 3 7 10 23 114 131,929
1322,2,2,,1,0
1322,15,4,2,2 4 12,10
1322,19,5,2 15,2 3 7,16
1322,45,10,2 15 19,1 2 3 12 23,66
1322,171,23,2 15 19 45,2 4 8 44 112,421
1322,437,28,2 15 19 45 171,2 4 5 7 30 65,1184
1323,1,1,,,0
1323,4,3,1,1,2
1323,33,6,1 4,1 4 11 14,33
1323,39,9,1 4 33,1 2 5,53
1323,141,20,1 4 33 39,2 6 8,334
1324,1,1,,,0
1324,2,2,1,,0
1324,149,22,1 2,1 2 4 7 52 81 124,350
1325,12,3,,2 4,6
1326,1,1,,,0
1327,45,11,,2 21 23,68
1327,474,31,45,1 6 16 51,1323
1327,788,39,45 474,2 3 22 55 56 63 129 260,2191
1328,238,24,,1 2 26 43 80 127 136,578
1328,380,27,238,1 9 33 40 57 69 336,1024
1328,797,39,238 380,1 2 3 8 11 18 26 98,2215
1329,1,1,,,0
1329,90,19,1,2 3 7 14 18 25 76,229
1332,1,1,,,0
1332,3,2,1,1,1
1332,8,3,1 3,6,5
1332,368,26,1 3 8,1 3 5 10 30 38 71 225,996
1333,1,1,,,0
1333,4,2,1,2,1
1333,57,12,1 4,3 4 11 13 21 28 53,111
1333,68,13,1 4 57,1 4 5 20 22 29,146
1333,993,47,1 4 57 68,1 2 23 282 348 588 666 767,2854
1334,1,1,,,0
1334,6,2,1,,2
1334,7,3,1 6,2 3,2
1334,37,10,1 6 7,2,57
1334,76,13,1 6 7 37,5 14 16 19 24 40,163
1335,2,1,,,0
1335,8,4,2,3 4 6,3
1335,14,5,2 8,2 4 6,11
1336,57,12,,2,111
1336,424,28,57,3 5 6 22,1158
1337,6,3,,3 4,3
1337,21,8,6,1 2 4 6 7 13 14,23
1337,53,11,6 21,3 4 11 13 21 28,102
1337,198,23,6 21 53,1 4 5 6 188,477
1338,1,1,,,0
1338,3,2,1,2,0
1338,7,4,1 3,5 6,3
1338,77,18,1 3 7,1 5 18 75,188
1339,2,1,,,0
1339,4,2,2,3,0
1339,6,3,2 4,5,1
1339,35,10,2 4 6,1 2 4 5 13 19,51
1339,56,11,2 4 6 35,1 4 13 19 27,104
1340,3,1,,,0
1340,5,2,3,,0
1340,72,16,3 5,1 2 3 4 6 9 17 39 54 55 64,160
1340,75,17,3 5 72,1 5 18,180
1340,86,18,3 5 72 75,1 2 3 13 33 46,235
1341,76,17,,1 2 4 5 6,188
1341,246,24,76,2 21 103,633
1342,14,5,,1 4 11,8
1342,35,10,14,3 4 6 12,63
1343,6,4,,2 4,2
1343,26,9,6,1 4,39
1343,76,17,6 26,2 3 7 14 18 25,192
1343,664,36,6 26 76,2 3 4 17 29 95 184,1865
1344,14,7,,1 2 4 6 7 13,13
1344,23,8,14,1 2 3 12,33
1344,78,17,14 23,1 2 3 12,208
1345,1,1,,,0
1345,4,3,1,2,1
1345,11,4,1 4,1 4,5
1345,12,5,1 4 11,2 5,7
1345,13,6,1 4 11 12,1 2 4 6 7,9
1345,54,11,1 4 11 12 13,2 7 19 21 23 33,101
1345,888,45,1 4 11 12 13 54,1 2 3 59 80 178 238 415 861 870,2501
1347,1,1,,,0
1347,2,2,1,,0
1347,39,10,1 2,2 4 7 8 13,71
1347,66,16,1 2 39,2 3 9 12 15 16 30 40,156
1347,91,18,1 2 39 66,2 8 29 59,238
1347,188,22,1 2 39 66 91,1 4 5 6,443
1347,298,25,1 2 39 66 91 188,3 155 162,785
1348,11,6,,1 5 7,12
1348,64,15,11,1 2 3 4 6 9 17 39 54 55,144
1348,271,24,11 64,2 54 64 67 73,702
1349,23,8,,2 21,32
1349,124,21,23,1 2 4 7 52 81,289
1351,1,1,,,0
1351,7,5,1,1 2 4 6,6
1351,21,7,1 7,2,30
1351,38,10,1 7 21,9 14,71
1351,370,27,1 7 21 38,1 11 90 166 319,983
1352,1,1,,,0
1352,4,2,1,1,1
1352,5,3,1 4,2,2
1352,6,4,1 4 5,1 2 4,3
1352,7,5,1 4 5 6,1 5,6
1352,12,6,1 4 5 6 7,1 2 3 8 9,12
1352,209,23,1 4 5 6 7 12,1 3 4 8 11 38 68,484
1352,667,36,1 4 5 6 7 12 209,1 2 3 9 19 598,1882
1352,959,46,1 4 5 6 7 12 209 667,1 2 3 5 23 38 61 420,2724
1353,1,1,,,0
1353,31,9,1,1 3,51
1353,229,23,1 31,1 3 4 9 34 82 128 141 195 202,564
1353,574,34,1 31 229,4 5 6 19 64 91,1634
1354,4,3,,1 2,2
1354,5,4,4,1,4
1354,113,20,4 5,1 2 5 12 52 65,261
1354,273,24,4 5 113,1 2 9 17 32,717
1354,514,33,4 5 113 273,1 3 4 11 201 317 340,1456
1355,1,1,,,0
1355,2,2,1,,0
1355,9,5,1 2,1 2 3 8,7
1355,12,6,1 2 9,1 2 3,11
1355,19,7,1 2 9 12,1 2 4 5 13,19
1355,136,21,1 2 9 12 19,1 93,324
1356,2,2,,1,0
1356,8,4,2,1 2 3,6
1356,94,18,2 8,,229
1356,105,19,2 8 94,9 84,245
1356,185,22,2 8 94 105,1 3 8 17,429
1357,1,1,,,0
1357,5,3,1,1 2,2
1357,55,14,1 5,1 2 3 4 6 9 17 39 54,120
1357,417,30,1 5 55,1 2 3 4 5 12 17 92 200,1108
1357,751,38,1 5 55 417,2 4 6 74 130 246 495,2065
1358,1,1,,,0
1358,17,7,1,2 4 6 13,19
1358,18,8,1 17,2 5 6,23
1358,38,10,1 17 18,1 4 5,65
1358,54,13,1 17 18 38,1 2 3 4 6 9 17 39,116
1360,1,1,,,0
1360,2,2,1,1,0
1360,358,26,1 2,1 9 18 31 38 63,937
1361,1,1,,,0
1361,3,3,1,1 2,0
1361,13,5,1 3,1 2 4 5,10
1361,114,20,1 3 13,1 3 8 10 34 101,259
1362,2,2,,1,0
1362,13,6,2,2 4 6,13
1362,28,9,2 13,3 4 11 13 21,44
1362,244,23,2 13 28,8 9 11 18 29 54 126 171 225,591
1363,1,1,,,0
1363,155,21,1,1 70 72 86,358
1363,215,22,1 155,1 2 6 42,513
1363,587,34,1 155 215,1 60 94 381,1617
1363,870,44,1 155 215 587,1 2 3 59 80 178 238 415 861,2431
1364,3,3,,1 2,0
1364,36,11,3,1 5 8 16 24,65
1364,188,21,3 36,1 2 5 6 13 16 23 31 47,428
1365,2,2,,1,0
1365,4,3,2,1,1
1365,12,6,2 4,3 4 6,15
1366,1,1,,,0
1366,19,8,1,1 3 5 7,26
1366,33,10,1 19,2 7 19 21 23,54
1366,397,29,1 19 33,1 4 12 21 44 395,1056
1366,509,33,1 19 33 397,2 3 4 6 8 23 88,1442
1368,1,1,,,0
1368,27,9,1,1 4 13 19,44
1368,395,28,1 27,1 4 12 21 44,1054
1368,638,35,1 27 395,1 2 4 7 8 68,1767
1369,2,1,,,0
1369,5,4,2,1 2 4,2
1369,6,5,2 5,2 4,5
1369,21,8,2 5 6,3 4 11 13,33
1369,67,17,2 5 6 21,1 2 10 19,178
1370,2,1,,,0
1370,4,3,2,1 2,1
1370,6,5,2 4,2 5,5
1370,12,7,2 4 6,9 11,13
1370,40,11,2 4 6 12,5 14 16 19 24,75
1370,386,27,2 4 6 12 40,1 2 30 34 243,1019
1371,4,3,,2,3
1371,5,4,4,2,4
1371,6,5,4 5,3 4,5
1371,11,6,4 5 6,9,10
1371,85,18,4 5 6 11,3 4 6 22 24 29 43 67,189
1371,933,45,4 5 6 11 85,1 4 5 6 13 34 77 125 177 304 383 775,2591
1372,1,1,,,0
1372,2,2,1,1,0
1372,29,10,1 2,1 4 5 20 22,48
1372,39,11,1 2 29,1 2 7 8 9 13 15,73
1372,336,25,1 2 29 39,1 9 33 40 57 69,879
1372,861,43,1 2 29 39 336,1 2 3 59 80 178 238 415,2395
1373,1,1,,,0
1373,2,2,1,,0
1373,4,3,1 2,3,1
1373,9,4,1 2 4,,5
1373,13,6,1 2 4 9,2 4 7 8,12
1373,39,12,1 2 4 9 13,1 2 3 4 6 9 17,75
1373,40,13,1 2 4 9 13 39,2 3 9 12 15 16 30,82
1373,105,20,1 2 4 9 13 39 40,2 4 9 26 48,226
1374,2,1,,,0
1374,3,2,2,,0
1374,101,19,2 3,1 3 8 10 34,217
1374,235,21,2 3 101,1 2 4 10 12 13,563
1375,14,6,,9,14
1375,43,14,14,1 5,99
1375,111,19,14 43,1 2 27 28 44,241
1376,19,7,,1 4 13,22
1376,23,8,19,2 7 19 21,29
1376,24,9,19 23,1 5 8 16,33
1376,467,32,19 23 24,1 2 9 47 156,1280
1377,1,1,,,0
1377,13,6,1,3 4 11,14
1377,84,18,1 13,9,183
1377,415,29,1 13 84,4 10 286,1109
1378,1,1,,,0
1378,7,4,1,1 3 5,4
1378,8,5,1 7,2 4 7,7
1378,21,6,1 7 8,2 7 19,24
1378,26,10,1 7 8 21,9,42
1379,7,4,,2 4,7
1379,11,5,7,3 4,10
1379,22,8,7 11,1 4 5 20,29
1379,23,9,7 11 22,7 9 15,33
1379,46,16,7 11 22 23,2 4 17 19 23,117
1379,59,17,7 11 22 23 46,2 8 29,143
1379,175,20,7 11 22 23 46 59,2 3 10 13 23 28,380
1380,1,1,,,0
1380,5,3,1,1 3,3
1380,9,4,1 5,,7
1380,19,5,1 5 9,2 7,19
1380,46,16,1 5 9 19,1 2 3 13 33,118
1380,202,20,1 5 9 19 46,1 3 4 9 34 82 128 141 195,463
1381,3,2,,1,1
1381,20,7,3,1 4 5,24
1381,112,19,3 20,2 4 8 44,241
1381,225,20,3 20 112,8 9 11 18 29 54 126 171,517
1381,491,32,3 20 112 225,2 3 5 63 294,1362
1382,1,1,,,0
1382,3,2,1,1,1
1382,4,3,1 3,2,2
1382,13,4,1 3 4,1 4,8
1383,1,1,,,0
1383,30,12,1,2 3 9 12 15 16,54
1383,454,31,1 30,1 4 5 19 35 112,1226
1384,1,1,,,0
1384,2,2,1,,0
1384,16,6,1 2,1 5 8,13
1385,765,38,,2 3 53 54 75 121 216 271,2057
1386,4,2,,3,0
1386,24,9,4,5 14 16 19,31
1386,86,18,4 24,1 2 3 13,168
1387,3,1,,,0
1387,15,6,3,7 9,17
1387,195,19,3 15,1 3 4 9 34 82 128 141,446
1388,32,15,,2 3 6 10,74
1388,699,37,32,1 45 66 162 226 440,1889
1389,67,17,,3 4 6 22 24 29 43,137
1389,264,22,67,1 3 4 19 38 108,650
1390,286,22,,1 3 7 138,714
1390,513,32,286,2 3 5 16 122 254,1418
1391,2,1,,,0
1391,4,3,2,1,2
1391,5,4,2 4,1 4,3
1391,19,8,2 4 5,5 14 16,26
1391,103,18,2 4 5 19,2 7 9 61 79,225
1392,2,2,,1,0
1392,4,3,2,1,2
1392,7,4,2 4,2,4
1392,8,5,2 4 7,1 5,5
1392,11,6,2 4 7 8,7,12
1392,54,16,2 4 7 8 11,1 3 4 9 16 32,119
1392,81,17,2 4 7 8 11 54,1 2 4 7 52,158
1392,183,18,2 4 7 8 11 54 81,1 3 9 47 49 122 158,402
1392,431,30,2 4 7 8 11 54 81 183,1 4 5 40 55 79 170,1152
1393,1,1,,,0
1393,9,5,1,7,9
1393,33,15,1 9,1 2 3 13,91
1393,64,16,1 9 33,3 5 24,131
1394,1,1,,,0
1394,16,7,1,5 14,18
1394,25,14,1 16,2 3 7 14 18,55
1394,95,15,1 16 25,2 6,197
1394,221,21,1 16 25 95,1 41 105,524
1395,1,1,,,0
1395,5,2,1,1,2
1395,7,4,1 5,,6
1395,9,5,1 5 7,,7
1395,17,11,1 5 7 9,1 2 3 4 6 9,23
1395,460,31,1 5 7 9 17,1 2 3 4 58 244,1245
1396,1,1,,,0
1396,5,3,1,1 4,2
1396,7,4,1 5,,4
1396,13,5,1 5 7,2 3 4,7
1396,14,6,1 5 7 13,5,10
1396,15,10,1 5 7 13 14,1 2 7 8 9 13,11
1396,388,28,1 5 7 13 14 15,1 3 4 6 16 26 66,993
1397,2,1,,,0
1397,4,2,2,1,1
1397,16,11,2 4,2 3 9 12 15,21
1397,18,12,2 4 16,1 5,26
1397,19,13,2 4 16 18,2 4 9 10,28
1397,27,14,2 4 16 18 19,2 3 13 24,62
1397,330,26,2 4 16 18 19 27,1 2 41 74 137 225 301,819
1397,445,30,2 4 16 18 19 27 330,1 2 3 4 5 10 54,1184
1398,13,9,,1 2 7 8 9,9
1398,15,10,13,2 3 9 12,20
1398,33,12,13 15,1 2 4 6 7 13 26,75
1398,90,13,13 15 33,2 5 15,173
1398,93,14,13 15 33 90,1,179
1399,1,1,,,0
1400,1,1,,,0
1400,24,11,1,2 3 13,58
1401,12,9,,2 3 9,18
1401,18,10,12,2 3 7 14,34
1402,9,8,,1 2 7 8,7
1402,21,10,9,2 5,52
1402,23,11,9 21,2 4 17 19,57
1402,65,12,9 21 23,1 2 5 12 52,111
1402,319,25,9 21 23 65,1 11 90 166,790
1402,879,44,9 21 23 65 319,1 2 3 7 8 32 88,2397
1403,8,7,,1 2 7,7
1403,9,8,8,1 2 3 4 6,10
1403,133,16,8 9,2 4 13 17 30 72 81 113,262
1403,209,20,8 9 133,1 2 7 29 43 203,476
1403,574,34,8 9 133 209,2 3 4 6 33 58 126 280,1539
1404,1,1,,,0
1404,7,6,1,1 2,6
1404,9,7,1 7,2 3,13
1404,166,17,1 7 9,1 2 3 23 57 83 92 137,337
1404,214,21,1 7 9 166,1 7 12 60,495
1404,583,34,1 7 9 166 214,2 6 11 15 78,1564
1404,766,38,1 7 9 166 214 583,1 7 8 13 19 31 90,2057
1405,1,1,,,0
1405,4,4,1,2 3,1
1405,5,5,1 4,,3
1405,14,7,1 4 5,2 3 7,25
1405,16,9,1 4 5 14,1 2 6 7 11 15,32
1405,26,11,1 4 5 14 16,1 2 4 6 7 13,57
1406,3,3,,2,1
1406,6,5,3,1 2 3 4,4
1406,10,6,3 6,2 4 9,12
1406,15,8,3 6 10,1 2 6 7 11,29
1406,19,10,3 6 10 15,2 4 17,43
1407,1,1,,,0
1407,2,2,1,,0
1407,9,5,1 2,2 4,10
1407,76,10,1 2 9,1 6 10,126
1408,4,4,,1 2 3,2
1408,17,9,4,2 4,39
1409,2,2,,1,0
1409,3,3,2,1 2,1
1409,29,9,2 3,2 8,56
1409,121,15,2 3 29,1 8 15 22 47 80 84,221
1409,203,19,2 3 29 121,1 2 7 29 43,451
1409,204,20,2 3 29 121 203,1 3,456
1409,859,43,2 3 29 121 203 204,10 270 302,2341
1410,1,1,,,0
1410,2,2,1,1,0
1410,3,3,1 2,2,1
1410,5,4,1 2 3,1,2
1410,10,6,1 2 3 5,2 3 6,15
1410,11,7,1 2 3 5 10,1 2 6 7,18
1410,12,8,1 2 3 5 10 11,1 2 3,22
1410,224,19,1 2 3 5 10 11 12,1 2 3 5 16 69 145,532
1411,1,1,,,0
1411,2,2,1,,0
1411,6,5,1 2,1 2 4 5,3
1411,13,6,1 2 6,2 3,24
1412,4,3,,2,1
1412,5,4,4,1 2 4,2
1412,7,5,4 5,2 3,7
1412,165,18,4 5 7,1 2 64 159,328
1412,234,20,4 5 7 165,3 9 36 144,542
1413,4,3,,1 2,2
1413,5,4,4,1,4
1413,13,6,4 5,1 2 3,23
1413,43,9,4 5 13,3 4 6 22 24 29,52
1413,369,27,4 5 13 43,1 2 5 41 178,909
1414,1,1,,,0
1414,2,2,1,,0
1414,6,4,1 2,2 3,5
1414,7,5,1 2 6,1 2 6,7
1414,32,8,1 2 6 7,1 3 4 9 16,40
1415,2,2,,1,0
1415,6,4,2,1 2,6
1415,52,8,2 6,1 2 5 12,62
1415,79,12,2 6 52,2 7 9 61,128
1415,90,13,2 6 52 79,1 2 4,136
1415,543,33,2 6 52 79 90,2 33,1408
1415,809,42,2 6 52 79 90 543,1 2 3 368,2164
1416,1,1,,,0
1416,3,3,1,2,1
1416,93,14,1 3,2 3 5 81,150
1416,987,43,1 3 93,1 2 4 94 193 318 561,2712
1417,1,1,,,0
1417,2,2,1,,0
1417,3,3,1 2,2,0
1417,19,7,1 2 3,1 2 10,24
1417,158,17,1 2 3 19,1 3 9 47 49 122,300
1418,2,1,,,0
1418,5,4,2,2,5
1418,13,6,2 5,1 2 4 6 7,15
1418,159,17,2 5 13,1 2 64,303
1418,453,30,2 5 13 159,3 5 21 26 27 61 100 136 277,1197
1419,2,2,,1,0
1419,3,3,2,1 2,1
1419,319,26,2 3,1 2 5 11 30 36 301,750
1420,1,1,,,0
1420,2,2,1,1,0
1420,503,31,1 2,4 23 78 308 314 360 390,1330
1421,1,1,,,0
1421,2,2,1,,0
1421,3,3,1 2,2,0
1421,4,4,1 2 3,2,1
1421,52,8,1 2 3 4,1 2 4 7,55
1421,63,10,1 2 3 4 52,2 26 27 45,80
1421,598,34,1 2 3 4 52 63,1 2 3 9 19,1584
1422,2,1,,,0
1423,2,1,,,0
1423,3,3,2,1 2,0
1423,113,15,2 3,2 4 13 17 30 72 81,187
1424,2,2,,1,0
1424,7,5,2,1 2 4 6,3
1424,141,16,2 7,1 2 3 8 47 129,246
1425,1,1,,,0
1425,6,4,1,1 2 4,2
1425,171,18,1 6,2 3 4 23 127,341
1425,360,27,1 6 171,1 2 3 11 36 44 63 166 190,881
1426,1,1,,,0
1426,10,4,1,1 2,5
1426,301,25,1 10,1 2 41 74 137 225,707
1427,1,1,,,0
1427,4,3,1,1 2,0
1427,29,7,1 4,3 4 6 22 24,17
1427,99,14,1 4 29,2 4 6,150
1428,81,13,,2 3 5,121
1428,803,42,81,3 7 28 59 155 191,2139
1429,2,2,,1,0
1429,385,29,2,2 4 13 33 42 81 87 104 141 145,970
1430,1,1,,,0
1430,8,3,1,2,3
1430,16,5,1 8,1 3 4 9,7
1430,48,8,1 8 16,2 4 9 26,50
1430,136,16,1 8 16 48,1 2 26 43 80 127,238
1431,378,28,,1 2 5 8 20 21 148 310,945
1432,24,6,,3 4 6 22,13
1432,86,13,24,1 70 72,131
1433,24,6,,3 5,17
1433,61,11,24,2 7 9,90
1433,137,16,24 61,1 2 3 23 57 83 92,242
1434,1,1,,,0
1434,2,2,1,1,0
1434,22,5,1 2,3 4 6,11
1435,1,1,,,0
1435,73,12,1,3 4 5 10 22 41 45 72,100
1435,171,18,1 73,8 9 11 18 29 54 126,336
1436,2,1,,,0
1436,72,11,2,3 4 5 10 22 41 45,99
1436,129,15,2 72,1 2 3 8 47,221
1437,9,4,,1 3 4,3
1437,301,25,9,1 2 5 11 30 36,703
1437,437,30,9 301,3 4 11 164,1157
1438,41,9,,2 5 6 8 31,46
1439,45,9,,2 26 27,54
1439,127,15,45,1 2 26 43 80,223
1439,415,29,45 127,4 6 101 175,1077
1440,186,18,,2 3 4 7 9 13 14 17 22,408
1440,349,27,186,2 9 18 109 129,873
1441,34,7,,1 3 8 10,36
1441,141,17,34,1 3 4 9 34 82 128,273
1441,781,41,34 141,1 3 5 12 21 104,2078
1442,1,1,,,0
1442,4,3,1,1 3,2
1442,44,9,1 4,1 2 27 28,54
1443,1,1,,,0
1443,3,2,1,1,1
1443,120,14,1 3,1 3 5 8 33 53 83,204
1444,1,1,,,0
1445,1,1,,,0
1446,72,12,,1 70,111
1446,84,13,72,1 8 15 22 47 80,131
1446,326,26,72 84,7 41 60,792
1448,1,1,,,0
1448,31,8,1,2 5 6 8,38
1448,70,11,1 31,1,109
1448,295,25,1 31 70,2 3 4 7 17 70 93 184 232,705
1449,38,9,,1 2 5 20,52
1449,44,10,38,2 4 8,67
1449,368,27,38 44,5 6 20 28 44 53 106 247,935
1450,1,1,,,0
1450,6,3,1,3 4,0
1450,80,11,1 6,1 8 15 22 47,124
1450,147,17,1 6 80,2 3 18 25 30,296
1452,4,2,,3,0
1452,5,3,4,3,1
1452,9,4,4 5,,4
1452,26,7,4 5 9,2 4 9,29
1452,810,41,4 5 9 26,1 4 7 10 22 25 66 70 498,2172
1453,3,1,,,0
1453,122,15,3,1 3 9 47 49,224
1454,3,1,,,0
1454,128,16,3,1 3 4 9 34 82,248
1454,405,29,3 128,33 108,1068
1455,12,5,,1 2 5,7
1455,81,12,12,2 4 13 17 30 72,132
1456,8,4,,2 6,3
1456,51,10,8,9 14 42,70
1457,1,1,,,0
1457,27,8,1,2 26,34
1458,6,3,,2,2
1458,26,7,6,2,33
1458,28,8,6 26,1 2 27,34
1458,122,15,6 26 28,2 10 50,228
1458,206,20,6 26 28 122,11 49 124,457
1459,1,1,,,0
1459,13,4,1,1 2 3,8
1459,27,7,1 13,1 2,32
1460,88,13,,9 84,143
1462,1,1,,,0
1462,2,2,1,,0
1462,5,3,1 2,1 2,1
1463,45,10,,3 4 5 10 22 41,62
1463,895,42,45,1 2 65 444,2470
1464,1,1,,,0
1464,72,11,1,2 4 13 17 30,117
1464,84,12,1 72,9,137
1464,563,34,1 72 84,1 6 15 110 123 184 215 326,1506
1464,801,41,1 72 84 563,1 9 11 416,2161
1465,2,2,,1,0
1465,10,6,2,1 3 8,11
1465,42,9,2 10,9 14,56
1465,48,10,2 10 42,7 8 24,69
1465,892,41,2 10 42 48,1 6 96 216 313 314 706,2453
1466,1,1,,,0
1466,7,5,1,1 2 4,5
1466,26,8,1 7,2 3 23,37
1466,332,26,1 7 26,1 4 6 7 8 11 76 209,832
1467,8,5,,1 3,9
1467,20,6,8,1 2 5,25
1467,41,8,8 20,3 4 5 10 22,53
1467,104,14,8 20 41,2 4 13,182
1467,229,24,8 20 41 104,1 2 3 5 18 38 132 184,540
1469,1,1,,,0
1469,3,3,1,1 2,1
1469,4,4,1 3,1 2,3
1469,9,5,1 3 4,2 4,9
1469,23,7,1 3 4 9,2 3,31
1469,127,16,1 3 4 9 23,2 3 4 23,246
1469,456,32,1 3 4 9 23 127,2 3 4 5 7 11 56 62 395,1210
1470,1,1,,,0
1470,2,2,1,1,0
1470,494,33,1 2,1 2 5 6 7 8 18 36 45 51 160,1271
1471,1,1,,,0
1471,2,2,1,1,0
1471,8,5,1 2,2 5 6,7
1471,113,15,1 2 8,5 13 16 25 38 112,212
1471,614,36,1 2 8 113,4 17 55 531,1594
1472,1,1,,,0
1472,3,2,1,1,1
1472,112,14,1 3,5 13 16 25 38,210
1473,1,1,,,0
1473,6,4,1,2 5,4
1473,10,5,1 6,1 6,6
1473,15,6,1 6 10,2 5,14
1474,1,1,,,0
1474,4,2,1,2,1
1474,5,3,1 4,2,2
1474,76,10,1 4 5,7 10 49,109
1474,730,39,1 4 5 76,3 22 122 125 223 293 692 721,1956
1474,747,40,1 4 5 76 730,1 2 4 6 436 574,1977
1475,1,1,,,0
1475,225,24,1,1 3 5 10 30 38 71,528
1476,2,1,,,0
1477,2,1,,,0
1477,6,2,2,1,0
1477,368,28,2 6,1 2 6 9 66 92,951
1478,92,13,,1 2 3 23 57 83,151
1478,676,37,92,1 2 34 79 394,1759
1478,835,40,92 676,1 2 19 66 72,2264
1480,83,11,,1 3 5 8 33 53,132
1480,126,15,83,8 9 11 18 29 54,239
1480,588,35,83 126,3 15 97 99 157 321 437,1545
1482,1,1,,,0
1482,2,2,1,,0
1482,5,3,1 2,1 2,2
1483,5,3,,2,4
1483,6,4,5,2,5
1483,47,8,5 6,1 8 15 22,64
1483,162,19,5 6 47,3 155,364
1483,721,38,5 6 47 162,3 22 122 125 223 293 692,1938
1484,2,2,,1,0
1484,30,7,2,1 2 4 7 17,37
1484,103,14,2 30,2 21,207
1485,1,1,,,0
1485,2,2,1,1,0
1485,8,5,1 2,2 4,7
1485,9,6,1 2 8,2 7,9
1486,1,1,,,0
1486,2,2,1,,0
1486,22,6,1 2,3 4 5 10,18
1486,80,11,1 2 22,1 2 26 43,128
1486,202,23,1 2 22 80,1 2 5 7 22 189,463
1487,2,1,,,0
1487,7,5,2,2,6
1487,83,12,2 7,1 2 3 23 57,132
1488,123,15,,1 11 15 21 28 52 83 121,239
1489,1,1,,,0
1489,3,3,1,2,1
1489,4,4,1 3,2,2
1489,24,6,1 3 4,7 8,22
1489,145,18,1 3 4 24,1 2 3 5 16 69,330
1490,1,1,,,0
1490,2,2,1,,0
1490,121,14,1 2,1 11 15 21 28 52 83,233
1490,155,18,1 2 121,3,341
1491,2,1,,,0
1491,264,25,2,1 2 3 4 6 14 19 23 63 136 181 226,621
1492,2,1,,,0
1493,14,5,,9,7
1493,68,10,14,1 3 4 8 11 38,99
1493,736,39,14 68,2 3 5 6 10 67,1954
1494,136,17,,1 4 81,312
1497,17,6,,1 2 4 7,19
1498,1,1,,,0
1498,9,4,1,,6
1498,10,5,1 9,3 4 5,6
1499,1,1,,,0
1499,82,13,1,2 3 4 6 10 13,149
1499,189,22,1 82,1 2 5 7 22,439
1499,310,26,1 82 189,1 2 5 8 20 21 148,782
1500,1,1,,,0
1500,44,9,1,1 5 8 9 20 25,63
1500,82,13,1 44,1 3 4 9 34,153
1501,4,3,,1 2,1
1501,49,9,4,7 10,71
1502,1,1,,,0
1502,21,5,1,1 2 7,20
1502,84,13,1 21,1 3 5 6 10 22 59 70,164
1502,144,17,1 21 84,3 9 36,323
1502,181,21,1 21 84 144,1 3 12 21,411
1502,225,23,1 21 84 144 181,1 2 41 74 137,529
1503,2,2,,1,0
1503,5,3,2,3 4,1
1503,162,19,2 5,1 2 5 12 19 44 50,355
1504,1,1,,,0
1504,4,2,1,3,0
1504,5,3,1 4,2 3,1
1505,3,1,,,0
1505,8,4,3,7,4
1505,47,9,3 8,1 2 5 6 13 16 23 31,64
1505,461,33,3 8 47,4 12 24 37 43 416,1198
1506,3,2,,2,0
1506,7,3,3,,3
1506,30,8,3 7,2 4 13 17,40
1506,286,25,3 7 30,4 10,715
1507,2,1,,,0
1507,7,4,2,1 2 4,2
1507,241,24,2 7,1 2 81,572
1508,22,7,,1 8 15,24
1509,1,1,,,0
1509,19,5,1,5 6,17
1510,4,3,,1 2,1
1510,53,10,4,1 3 5 8 33,77
1510,105,15,4 53,1 41,215
1511,1,1,,,0
1511,232,23,1,2 3 4 7 17 70 93 184,550
1511,717,38,1 232,1 9 10 43 171 189 622,1901
1512,2,2,,1,0
1512,184,22,2,1 2 3 5 18 38 132,434
1512,304,26,2 184,,773
1512,692,37,2 184 304,3 22 122 125 223 293,1860
1513,1,1,,,0
1513,57,11,1,1 2 3 23,90
1513,64,12,1 57,1 2,109
1513,243,23,1 57 64,1 2 30 34,583
1513,321,26,1 57 64 243,2 131,815
1513,439,32,1 57 64 243 321,3 16 21 33 53 197 238,1131
1515,1,1,,,0
1515,15,6,1,1 8,17
1515,146,18,1 15,2 5 8,312
1516,7,3,,1 2,3
1516,70,12,7,1 3 5 6 10 22 59,138
1516,199,22,7 70,6,467
1517,1,1,,,0
1517,97,14,1,9 18 47,201
1518,47,10,,1 2 3 8,75
1518,609,36,47,2 10 17 23,1592
1519,1,1,,,0
1519,17,7,1,2 4 13,26
1519,25,8,1 17,1 5 8 9 20,35
1519,490,33,1 17 25,1 5 7 11 42 147 469,1300
1520,1,1,,,0
1520,6,4,1,2 4,4
1521,2,2,,1,0
1521,31,8,2,1 2 5 6 13 16 23,42
1521,314,27,2 31,1 3 7 45 103 113 127 305,801
1521,393,30,2 31 314,1 3 5 14 19 39,1058
1522,1,1,,,0
1522,4,3,1,2,2
1522,6,4,1 4,5,4
1522,8,5,1 4 6,1,8
1522,9,6,1 4 6 8,1 7,9
1523,1,1,,,0
1523,5,3,1,,3
1523,13,5,1 5,2 4,16
1523,38,9,1 5 13,1 3 4 8 11,49
1523,43,10,1 5 13 38,1 2 26,63
1524,1,1,,,0
1524,2,2,1,,0
1524,5,3,1 2,1 2,1
1524,7,4,1 2 5,1,4
1524,17,5,1 2 5 7,1 3 8,16
1524,20,6,1 2 5 7 17,1 5 8 9,19
1525,655,36,,1 2 3 177,1736
1526,1,1,,,0
1526,28,8,1,2 3 10 13 23,35
1526,49,10,1 28,1 3 9 47,74
1526,161,21,1 28 49,1 23 31 33 54,364
1527,2,2,,1,0
1527,59,11,2,1 3 5 6 10 22,109
1527,210,22,2 59,2 12 82,482
1528,1,1,,,0
1528,47,9,1,1 3 9,72
1528,83,13,1 47,1 11 15 21 28 52,156
1528,340,28,1 47 83,1 3 4 11 201 317,896
1528,358,29,1 47 83 340,4 5 23,944
1529,1,1,,,0
1529,6,4,1,1 4 5,4
1529,23,7,1 6,1 2 5 6 13 16,23
1529,226,22,1 6 23,1 2 3 4 6 14 19 23 63 136 181,526
1529,732,36,1 6 23 226,3 6 8,1940
1529,775,37,1 6 23 226 732,1 4 5 6 13 34 77 125 177 304 383,2049
1530,1,1,,,0
1530,5,3,1,1 4,3
1530,33,8,1 5,1 3 5 8,39
1530,50,9,1 5 33,2 10,77
1530,305,26,1 5 33 50,1 3 7 45 103 113 127,767
1530,395,31,1 5 33 50 305,2 3 4 5 7 11 56 62,1040
1531,1,1,,,0
1531,4,2,1,1,2
1531,23,7,1 4,2 3 10 13,26
1532,1,1,,,0
1532,4,3,1,2,2
1532,57,12,1 4,2 10 41,103
1532,268,25,1 4 57,1 2 8 34 81 228 265,669
1532,556,35,1 4 57 268,2 4 6 26 63 66 154,1429
1533,1,1,,,0
1533,8,3,1,1 3,4
1533,39,8,1 8,1 2 9 24,52
1533,390,30,1 8 39,4 23 78 308 314 360,1020
1534,1,1,,,0
1534,2,2,1,,0
1535,9,4,,1 5 8,4
1535,265,24,9,1 2 8 34 81 228,663
1536,8,3,,1 5,4
1536,16,6,8,1 2 5 6 13,11
1536,42,8,8 16,1 2 6,58
1537,1,1,,,0
1537,165,21,1,2 9 45,386
1537,889,41,1 165,1 5 14 28 62 117 170 333,2420
1538,1,1,,,0
1538,3,2,1,1,0
1538,138,20,1 3,1 3 7,302
1539,5,2,,1,1
1539,9,3,5,,4
1539,13,5,5 9,1 2 5 6,6
1539,139,20,5 9 13,1 10 31 72,309
1540,1,1,,,0
1540,10,3,1,7,3
1540,26,7,1 10,1 2,27
1540,124,18,1 10 26,11 49,260
1540,469,32,1 10 26 124,1 5 7 11 42 147,1225
1540,942,42,1 10 26 124 469,2 8 13 143 421 512 673,2592
1541,13,6,,2 3 10,9
1543,1,1,,,0
1543,7,2,1,,2
1543,126,18,1 7,1 2 3 5 14 19 27 30 38 103,267
1543,131,19,1 7 126,1 3 7 10 23 114,284
1544,1,1,,,0
1544,10,5,1,2 3,6
1545,1,1,,,0
1545,108,17,1,1 3 4 19 38,229
1546,6,4,,1 2 5,0
1546,38,10,6,5 13 16 25,60
1546,73,16,6 38,2 54 64 67,146
1547,5,3,,1 2,0
1547,23,6,5,1 2 3,23
1547,743,36,5 23,2 49,1962
1548,24,6,,1 2 9,29
1548,34,8,24,1 3 4 9,52
1548,41,11,24 34,2 10,73
1548,52,12,24 34 41,1 13 21 24 31,85
1548,988,43,24 34 41 52,1 2 3 11 26 269 278 583,2740
1549,81,16,,1 4,190
1549,501,34,81,2 5 10 15 47 190,1314
1550,2,2,,1,0
1550,11,5,2,1 3 4 8,5
1550,416,30,2 11,4 12 24 37 43,1066
1551,1,1,,,0
1551,3,3,1,2,1
1551,317,27,1 3,1 3 4 11 201,834
1552,1,1,,,0
1552,2,2,1,,0
1552,54,11,1 2,8 9 11 18 29,85
1552,67,15,1 2 54,2 54 64,133
1552,236,23,1 2 54 67,1 9 17 57 63 104,580
1553,8,4,,1 3 4,1
1553,283,25,8,1 2 3 5 6 20 55,715
1554,531,34,,4 17 55,1360
1555,1,1,,,0
1555,8,4,1,1 3 5,3
1555,64,14,1 8,2 54,130
1555,69,15,1 8 64,1 4 6 17 26 55 65,136
1555,166,19,1 8 64 69,1 11 90,381
1555,349,29,1 8 64 69 166,2 5 7 13 15 36 60 179 229,918
1555,434,31,1 8 64 69 166 349,1 2 3 4 8 13 14 18 59,1126
1555,487,33,1 8 64 69 166 349 434,1 3 4 10 25 45 86 189,1274
1557,4,3,,1 3,0
1557,8,4,4,1 2 3,5
1557,137,18,4 8,1 2 3 6 59 104,315
1557,306,26,4 8 137,1 2 8 9 34 89 114 119 133 166 248,801
1558,3,2,,1,0
1558,5,3,3,1 3,1
1558,13,5,3 5,2 4,13
1558,60,13,3 5 13,1 7 12,121
1559,25,9,,5 13 16,42
1559,52,12,25,1 11 15 21 28,95
1559,65,14,25 52,1 4 6 17 26 55,128
1559,184,19,25 52 65,2 3 4 7 17 70 93,425
1559,767,36,25 52 65 184,1 2 23 282 348 588 666,2066
1560,1,1,,,0
1560,3,2,1,1,0
1560,114,17,1 3,1 3 7 10 23,246
1560,339,28,1 3 114,1 5 25 32,891
1562,1,1,,,0
1562,3,3,1,1 2,0
1562,45,11,1 3,2 3 8 11 36,77
1563,2,2,,1,0
1563,9,5,2,1 2,10
1563,66,14,2 9,1 2 5 22 25 36,154
1563,360,29,2 9 66,4 23 78 308 314,941
1564,1,1,,,0
1564,2,2,1,1,0
1564,22,10,1 2,1 3 5 6 10,42
1564,132,17,1 2 22,1 2 3 5 18 38,303
1564,349,28,1 2 22 132,2 6 10 22 64 154 188 227,919
1565,1,1,,,0
1565,20,9,1,1 2 5 12,36
1565,54,13,1 20,2,110
1565,69,16,1 20 54,1 2 3 5 16,163
1566,1,1,,,0
1566,9,5,1,1 3,10
1566,21,9,1 9,2,43
1566,66,15,1 9 21,1 2 3 13 57,153
1566,103,16,1 9 21 66,1 2 3 5 14 19 27 30 38,212
1566,245,24,1 9 21 66 103,2 11 26 65,601
1567,1,1,,,0
1567,3,3,1,1 2,0
1567,4,4,1 3,2,2
1567,30,10,1 3 4,2 3 18 25,48
1567,47,12,1 3 4 30,9 18,88
1567,392,29,1 3 4 30 47,1 2 7 49 252,977
1568,2,2,,1,0
1568,13,7,2,2 3 4 6 10,17
1568,16,8,2 13,5 13,26
1568,815,40,2 13 16,1 3 9 14 63,2187
1569,1,1,,,0
1569,2,2,1,,0
1569,31,10,1 2,1 13 21 24,47
1569,43,11,1 2 31,1 2 7 29,75
1569,55,12,1 2 31 43,1 4 6 17 26,100
1569,381,28,1 2 31 43 55,1 60 94,952
1569,792,39,1 2 31 43 55 381,3 7 9 25 55 137 330,2129
1570,2,2,,1,0
1570,10,4,2,2,12
1570,247,24,2 10,5 6 20 28 44 53 106,606
1571,1,1,,,0
1571,10,6,1,2 3 4 6,12
1571,13,7,1 10,5,20
1571,36,10,1 10 13,2 3 8 11,52
1572,1,1,,,0
1572,3,2,1,1,1
1572,6,3,1 3,1 2,4
1572,25,9,1 3 6,2 3 18,35
1572,228,23,1 3 6 25,1 2 8 34 81,557
1573,1,1,,,0
1573,9,6,1,1 3 4,12
1573,12,7,1 9,1 2 5,16
1573,23,8,1 9 12,2 3 4,28
1573,169,18,1 9 12 23,1 2 3 8 10 18 23 41 70 78 85 137,363
1574,1,1,,,0
1574,41,11,1,1,68
1574,181,18,1 41,1 2 3 4 6 14 19 23 63 136,398
1574,200,19,1 41 181,1 2 3 4 5 12 17 92,452
1575,2,2,,1,0
1575,6,5,2,2 3 4,6
1575,57,14,2 6,1 2 3 13,122
1576,1,1,,,0
1576,2,2,1,1,0
1576,10,6,1 2,1 3 5 6,14
1576,24,9,1 2 10,1 13 21,28
1577,1,1,,,0
1577,2,2,1,1,0
1577,4,4,1 2,2 3,2
1577,29,9,1 2 4,8 9 11 18,29
1578,1,1,,,0
1578,2,2,1,,0
1578,3,3,1 2,2,0
1578,4,4,1 2 3,1 3,1
1578,107,16,1 2 3 4,1 5 10 20 48 88,212
1578,294,27,1 2 3 4 107,2 3 5 63,753
1579,2,1,,,0
1579,3,2,2,1,0
1579,5,3,2 3,,1
1579,10,6,2 3 5,2,9
1579,18,7,2 3 5 10,2 3,14
1579,21,8,2 3 5 10 18,1 13,16
1580,5,3,,1 2,1
1580,6,5,5,1 3 5,3
1580,42,11,5 6,1 2,59
1580,602,34,5 6 42,1 2 384 392,1543
1581,1,1,,,0
1581,5,4,1,1 3,2
1581,962,43,1 5,2 5 7 27 41 54 102,2631
1583,2,2,,1,0
1583,3,3,2,1,1
1583,28,9,2 3,1 11 15 21,29
1583,29,10,2 3 28,1 2 7,33
1584,1,1,,,0
1584,396,30,1,1 4 10 12 20 331,990
1585,1,1,,,0
1585,2,2,1,,0
1585,429,32,1 2,2 3 37 56 66 76 241 325,1088
1587,2,1,,,0
1587,13,4,2,1,6
1587,171,18,2 13,3 4 10 18 57 58 70,376
1587,306,27,2 13 171,1 2 11 19 42,775
1587,667,35,2 13 171 306,2 4 28 168 391,1733
1588,18,5,,8 9 11,8
1588,198,22,18,1 2 3 4 12 162 163 171 191,461
1588,814,40,18 198,2 3 6 7 9 202 227 290 572,2160
1589,209,22,,1 4 6 7 8 11 76,494
1590,21,8,,1 11 15,23
1590,104,16,21,1 2 3 6 59,220
1590,137,17,21 104,1 2 41 74,294
1590,409,31,21 104 137,1 3 9 11 47 48 145 219,1022
1591,1,1,,,0
1591,37,13,1,2 4 6 8 32,73
1591,258,22,1 37,1 5 7 17 35,637
1592,4,3,,2 3,0
1592,261,24,4,1 3 5 9 10 11 19 203 217,645
1593,3,2,,2,0
1593,36,13,3,1 2 5 22 25,76
1594,2,1,,,0
1594,3,2,2,2,0
1594,88,15,2 3,1 2,175
1594,277,26,2 3 88,3 5 21 26 27 61 100 136,707
1595,2,1,,,0
1595,11,4,2,8 9,2
1595,32,12,2 11,1 2 9 17,62
1595,190,19,2 11 32,1 2 3 11 36 44 63 166,438
1595,191,21,2 11 32 190,1 2 3 4 12 162 163 171,446
1596,11,4,,2 3 8,4
1596,13,6,11,1 2 4 10 12,8
1596,15,7,11 13,1 11,14
1596,18,8,11 13 15,9,21
1596,20,9,11 13 15 18,1 2 3 5 6 8,23
1596,32,12,11 13 15 18 20,2 4 6 8,61
1596,379,29,11 13 15 18 20 32,1 16 21 53 151 194 216,936
1597,9,3,,8,2
1597,12,5,9,1 2 4 10,7
1597,88,15,9 12,1 5 10 20 48,171
1598,8,2,,,2
1598,26,8,8,1 4 6 17,33
1598,743,36,8 26,2 3 8 33 68 288,1973
1598,874,41,8 26 743,1 3 5 14 37 138,2353
1599,1,1,,,0
1599,8,3,1,2 3,1
1599,10,4,1 8,1 2 4,4
1599,297,26,1 8 10,2 3 13 240 259,755
1600,1,1,,,0
1600,11,4,1,1,7
1600,98,15,1 11,7 9 14,205
1600,261,25,1 11 98,1 2 18 20 52,654
1604,3,2,,2,0
1604,22,11,3,2 3 4 7 9 13 14 17,38
1604,25,12,3 22,1 2 5 22,54
1604,178,18,3 22 25,1 2 5 41,403
1605,2,1,,,0
1605,4,3,2,1 2,1
1605,7,4,2 4,1 2,5
1605,9,5,2 4 7,,9
1605,137,16,2 4 7 9,1 2 3 8 10 18 23 41 70 78 85,286
1606,12,7,,1 7,16
1606,19,8,12,2 3 4 6 7 13,26
1606,72,14,12 19,1 10 31,143
1606,622,34,12 19 72,1 9 10 43 171 189,1586
1607,1,1,,,0
1607,2,2,1,1,0
1607,17,7,1 2,1 4 6,20
1607,22,11,1 2 17,1 2 5,45
1608,1,1,,,0
1608,8,6,1,1 2 3 5 6,7
1608,83,14,1 8,1 5 8 22 39,170
1609,1,1,,,0
1609,17,10,1,2 3 4 7 9 13 14,26
1609,314,26,1 17,4 23 78 308,791
1610,1,1,,,0
1610,2,2,1,1,0
1610,3,3,1 2,1,1
1610,6,5,1 2 3,1 2 3 5,3
1610,17,10,1 2 3 6,1 2 9,29
1610,36,11,1 2 3 6 17,3 9,60
1610,768,39,1 2 3 6 17 36,133 200 226 290,2033
1610,940,43,1 2 3 6 17 36 768,1 4 5 6 214 598,2557
1611,1,1,,,0
1611,5,4,1,1 2 3,2
1611,7,5,1 5,1,5
1611,244,24,1 5 7,1 2 3 4 58,601
1612,1,1,,,0
1612,13,7,1,2 3 4 6 7,12
1612,14,9,1 13,2 3 4 7 9 13,17
1613,3,3,,1 2,1
1613,13,8,3,2 3 4 7 9,16
1613,495,32,3 13,2 4 6 74 130 246,1216
1613,565,33,3 13 495,1 3 5 8 278 404,1431
1614,1,1,,,0
1614,2,2,1,1,0
1614,547,32,1 2,2 4 7 13 188 447,1367
1615,1,1,,,0
1615,38,10,1,1 3 4 19,53
1615,47,11,1 38,2 3 6 8 9 20 23 29 34 39,64
1615,49,12,1 38 47,11,75
1615,50,13,1 38 47 49,1 2 5 12 19 44,76
1615,171,20,1 38 47 49 50,1 2 3 4 12 162 163,387
1615,248,24,1 38 47 49 50 171,1 2 8 9 34 89 114 119 133 166,616
1615,308,25,1 38 47 49 50 171 248,4 23 78,767
1615,369,30,1 38 47 49 50 171 248 308,1 6,902
1615,733,38,1 38 47 49 50 171 248 308 369,1 12 14 82 275 539,1932
1617,1,1,,,0
1617,2,2,1,,0
1617,9,7,1 2,2 3 4 7,11
1617,20,9,1 2 9,1 3,38
1618,6,4,,1 4,3
1618,7,6,6,2 3 4 6,5
1618,9,7,6 7,1 2,13
1618,16,8,6 7 9,1 2 3 5,29
1619,1,1,,,0
1619,6,5,1,2 3 4,4
1619,7,6,1 6,2 3 4,7
1619,13,7,1 6 7,1 2 3,21
1619,136,16,1 6 7 13,1 2 3 4 6 14 19 23 63,277
1619,166,18,1 6 7 13 136,1 2 3 11 36 44 63,366
1620,2,2,,1,0
1620,4,3,2,1,1
1620,8,6,2 4,2 4 6,10
1621,1,1,,,0
1621,4,4,1,2 3,1
1621,44,11,1 4,1 2 5 12 19,59
1622,3,3,,2,1
1622,4,4,3,2 3,2
1622,6,5,3 4,2 4,6
1623,1,1,,,0
1623,2,2,1,,0
1623,3,3,1 2,2,0
1623,39,10,1 2 3,2 3 6 8 9 20 23 29 34,41
1623,163,19,1 2 3 39,1 2 3 4 12 162,360
1624,2,1,,,0
1624,4,3,2,2,2
1624,5,4,2 4,1 2,3
1624,162,18,2 4 5,1 2 3 4 12,357
1624,572,33,2 4 5 162,1 2 3 5 8 129 201 256 347 371,1450
1625,2,2,,1,0
1626,1,1,,,0
1626,2,2,1,,0
1626,4,3,1 2,1,2
1626,471,31,1 2 4,1 3 7 28 329,1146
1626,876,42,1 2 4 471,2 4 28 102 215 425,2364
1627,2,2,,1,0
1628,1,1,,,0
1628,34,9,1,2 3 6 8 9 20 23 29,32
1628,871,41,1 34,1 2 3 5 14 19 27 34 126 329,2350
1629,1,1,,,0
1629,3,3,1,1 2,0
1629,5,4,1 3,1 2 3,3
1629,71,14,1 3 5,1 3 5 10 30 38,130
1629,190,21,1 3 5 71,1 8 51,441
1630,2,2,,1,0
1630,60,13,2,1 6 8 12 24 42,101
1630,415,30,2 60,6 7 8 28 72 85 204,1031
1631,1,1,,,0
1631,3,3,1,1 2,1
1631,38,11,1 3,1 2 3 5 14 19 27 30,42
1631,90,14,1 3 38,1 11,169
1631,437,30,1 3 38 90,3 15 97 99 157 321,1067
1632,1,1,,,0
1632,2,2,1,1,0
1632,73,13,1 2,2 10 12 18 45,136
1633,1,1,,,0
1633,29,8,1,2 3 6 8 9 20 23,23
1633,54,12,1 29,1 23 31 33,84
1633,98,15,1 29 54,2 4 7 14 15 20 27 88,179
1633,789,40,1 29 54 98,2 3 4 6 9 18 19 27 29 173 185 555 559 757,2065
1634,3,2,,1,1
1634,7,3,3,1 4,2
1634,19,4,3 7,1 3 4,10
1634,184,20,3 7 19,1 6 8 16,420
1634,331,27,3 7 19 184,3 7 11 13 43,782
1635,1,1,,,0
1635,42,11,1,2 4 5 7 10 33,57
1635,59,12,1 42,1 2 3 6,100
1636,1,1,,,0
1636,217,23,1,1 3 5 9 10 11 19 203,510
1637,4,2,,1,0
1637,9,3,4,3,3
1637,48,11,4 9,1 5 10 20,71
1637,259,24,4 9 48,2 3 13 240,637
1639,23,7,,2 3 6 8 9 20,16
1639,30,10,23,1 2 3 5 14 19 27,30
1639,69,13,23 30,1 9 33 40 57,126
1640,1,1,,,0
1642,1,1,,,0
1642,3,2,1,,0
1642,20,6,1 3,2 3 6 8 9,13
1642,27,9,1 3 20,1 2 3 5 14 19,26
1642,30,10,1 3 20 27,5 6,36
1643,3,1,,,0
1643,88,14,3,2 4 7 14 15 20 27,159
1643,103,15,3 88,1 2 4 20 52,198
1643,207,22,3 88 103,1 3,491
1643,532,32,3 88 103 207,4 6 11 14 15 23 32 58 326,1321
1644,33,9,,2 4 5 7 10,45
1644,250,23,33,1 4 9 44 102,612
1644,623,34,33 250,3 21 25 111 551,1580
1646,19,8,,1 2 5 12,19
1647,31,9,,1 10,49
1647,440,30,31,1 45 66 162 226,1060
1647,574,32,31 440,1 2 4 6 436,1435
1648,1,1,,,0
1648,42,11,1,1 6 8 12 24,71
1649,1,1,,,0
1649,4,3,1,1 3,0
1649,254,24,1 4,2 3 5 16 122,626
1649,324,28,1 4 254,1 31 100 178,778
1649,331,29,1 4 254 324,1 4 10 12 20,801
1650,3,2,,1,0
1650,19,8,3,1 2 3 5 14,20
1650,93,14,3 19,2 3 4 7 17 70,182
1650,203,22,3 19 93,1 3 5 9 10 11 19,484
1651,23,8,,1 3 7 10,31
1651,57,12,23,1 9 33 40,109
1651,328,28,23 57,24 81 82,791
1651,706,38,23 57 328,1 6 96 216 313 314,1847
1652,1,1,,,0
1652,39,11,1,1 5 8 22,70
1652,188,21,1 39,3 5 24 29 108,446
1653,1,1,,,0
1653,8,3,1,2 5,3
1653,9,5,1 8,2 3 6 8,5
1653,11,6,1 8 9,,10
1653,12,7,1 8 9 11,1 2 5,10
1653,64,12,1 8 9 11 12,8 17 41 56,110
1653,74,13,1 8 9 11 12 64,1 2 41,136
1653,170,20,1 8 9 11 12 64 74,1 4 5 40 55 79,389
1654,1,1,,,0
1654,8,4,1,2 3 6,4
1654,33,10,1 8,1 23 31,49
1655,14,5,,1 2 3 5,12
1655,63,12,14,1 9 18 31 38,110
1655,82,13,14 63,2 12,144
1655,313,27,14 63 82,6 10 56 160 174,738
1656,1,1,,,0
1656,5,2,1,2,1
1656,6,3,1 5,2 3,2
1656,31,9,1 5 6,1 23,45
1656,240,23,1 5 6 31,2 3 13,589
1657,45,10,,2 9,82
1657,85,13,45,1 2 3 8 10 18 23 41 70 78,149
1657,922,41,45 85,1 2 4 5 7 81 152 288 801,2501
1658,1,1,,,0
1658,38,9,1,1 2 3 5 18,66
1658,62,12,1 38,10 31 56,108
1659,2,1,,,0
1659,3,2,2,2,0
1659,12,5,2 3,2 3,11
1659,118,17,2 3 12,3 40 51,242
1659,657,34,2 3 12 118,2 4 66 84 120,1680
1659,820,40,2 3 12 118 657,4 56 113 158 650,2167
1660,2,1,,,0
1660,5,3,2,1 2,1
1660,45,10,2 5,2 10 12 18,81
1660,129,18,2 5 45,2 9 18 109,279
1660,666,35,2 5 45 129,1 2 23 282 348 588,1719
1661,56,11,,8 17 41,93
1661,148,19,56,1 2 5 8 20 21,322
1662,1,1,,,0
1662,21,7,1,1 3 12,29
1662,38,9,1 21,1 3 5 10 30,67
1662,137,18,1 21 38,1 2 4 18 21 39,299
1663,2,2,,1,0
1663,656,34,2,2 14 19 135 190 528,1675
1664,1,1,,,0
1664,5,4,1,1 2 3,1
1664,10,6,1 5,1 3 7,9
1664,23,8,1 5 10,1,33
1664,56,11,1 5 10 23,10 31,93
1664,78,12,1 5 10 23 56,1 2 3 8 10 18 23 41 70,130
1665,1,1,,,0
1665,20,7,1,1 5 10,28
1665,482,31,1 20,4 15 55 256,1145
1665,757,39,1 20 482,2 3 4 6 9 18 19 27 29 173 185 555 559,1960
1666,3,3,,1 2,0
1666,6,5,3,5,5
1666,22,7,3 6,1 2 5 7,30
1666,24,8,3 6 22,1 6 8 12,34
1667,2,2,,1,0
1667,5,4,2,,4
1667,7,5,2 5,1 3,4
1667,10,6,2 5 7,2 4 5 7,9
1667,81,12,2 5 7 10,1 2,140
1667,201,22,2 5 7 10 81,1 3 4 11,479
1668,1,1,,,0
1668,3,3,1,2,1
1668,10,6,1 3,1,11
1668,40,10,1 3 10,1 9 33,64
1668,952,41,1 3 10 40,6 8 9 17 39 43 129 476,2572
1669,1,1,,,0
1669,2,2,1,,0
1669,7,3,1 2,1 3,2
1669,22,6,1 2 7,1 5 8,28
1669,145,19,1 2 7 22,2 4 13 33 42 81 87 104 141,308
1669,157,20,1 2 7 22 145,3,341
1669,223,22,1 2 7 22 145 157,2 22 35 73 80,520
1670,7,5,,2 4 5,4
1670,30,8,7,1 3 5 10,44
1670,80,12,7 30,1 3 9 17,133
1671,3,2,,1,0
1671,12,5,3,1 3,10
1671,674,37,3 12,4 11 168 657,1734
1672,5,4,,2 4,3
1672,70,11,5,1 2 3 8 10 18 23 41,107
1673,1,1,,,0
1673,3,2,1,1,0
1673,4,3,1 3,2,1
1673,70,11,1 3 4,2 3 4 7 17,112
1673,141,18,1 3 4 70,2 4 13 33 42 81 87 104,297
1673,924,40,1 3 4 70 141,3 44 56 208 328 349 514,2507
1675,1,1,,,0
1675,2,2,1,,0
1675,10,5,1 2,1 5,7
1675,33,9,1 2 10,1 9,49
1675,48,10,1 2 10 33,1 3 7 18 20 26 31,67
1675,229,22,1 2 10 33 48,2 5 7 13 15 36 60 179,537
1676,41,9,,8 17,55
1676,687,38,41,3 12 14 123 659 672,1775
1677,1,1,,,0
1678,12,5,,1 6 8,13
1678,18,6,12,1 2 3 5,25
1679,175,21,,4 6 101,400
1680,1,1,,,0
1680,2,2,1,1,0
1680,3,3,1 2,1,1
1680,5,4,1 2 3,1,3
1680,38,9,1 2 3 5,1 9 18 31,50
1680,109,17,1 2 3 5 38,2 9 18,224
1681,1,1,,,0
1681,7,4,1,1 2 5,4
1681,59,10,1 7,4,86
1682,1,1,,,0
1682,8,4,1,1 6,6
1682,21,8,1 8,2 3 12,30
1682,92,16,1 8 21,1 2 3 4 5 12 17,164
1683,1,1,,,0
1683,5,3,1,1 2,2
1683,8,4,1 5,1 5,6
1684,1,1,,,0
1684,6,3,1,1,3
1684,14,7,1 6,7 9,16
1684,104,16,1 6 14,1 9 17 57 63,205
1686,1,1,,,0
1686,2,2,1,1,0
1686,5,3,1 2,1,2
1686,41,9,1 2 5,1 2,53
1686,82,15,1 2 5 41,1 2 3 18 37 68 81,138
1686,227,23,1 2 5 41 82,2 6 10 22 64 154 188,533
1687,1,1,,,0
1687,18,7,1,2 10 12,23
1687,31,8,1 18,1 9 18,34
1687,81,14,1 18 31,1 2 3 18 37 68,135
1687,156,20,1 18 31 81,1 2 9 47,343
1687,721,38,1 18 31 81 156,1 2 3 4 25 110 180 236 247 265,1845
1688,6,4,,1 2 3,3
1688,70,13,6,3 4 10 18 57 58,111
1688,657,36,6 70,4 11 168,1683
1688,729,38,6 70 657,2 4 14 32 510,1866
1689,1,1,,,0
1689,9,6,1,7,10
1689,31,7,1 9,10,34
1689,325,28,1 9 31,2 3 37 56 66 76 241,760
1690,1,1,,,0
1690,10,6,1,1 3 5,10
1691,3,3,,1 2,1
1691,5,4,3,1 2 3,4
1691,7,5,3 5,,7
1691,12,6,3 5 7,2 3,12
1691,672,37,3 5 7 12,3 12 14 123 659,1727
1692,1,1,,,0
1692,2,2,1,1,0
1692,31,7,1 2,1 3 7 18 20 26,29
1692,63,11,1 2 31,1 2 3 4 6 14 19 23,86
1693,1,1,,,0
1693,3,3,1,1 2,1
1693,9,4,1 3,2,6
1693,12,5,1 3 9,2 10,9
1693,962,41,1 3 9 12,1 3 5 11 15 49 269 552,2588
1694,1,1,,,0
1694,2,2,1,1,0
1694,52,10,1 2,1 2 4 20,65
1694,65,13,1 2 52,2 4 5 7 30,97
1694,461,31,1 2 52 65,2 6 11 16 28 43 45,1073
1695,1,1,,,0
1695,5,3,1,1 3,0
1695,10,4,1 5,2,5
1695,80,15,1 5 10,1 3 38 56 65,130
1697,3,2,,1,0
1697,26,6,3,1 3 7 18 20,19
1697,166,20,3 26,1 2 8 9 34 89 114 119 133,372
1697,280,27,3 26 166,2 3 4 6 33 58 126,627
1699,1,1,,,0
1699,9,3,1,1,4
1700,2,1,,,0
1700,3,2,2,2,0
1700,17,4,2 3,8,7
1700,18,5,2 3 17,1 9,8
1700,58,12,2 3 17 18,3 4 10 18 57,80
1700,68,13,2 3 17 18 58,1 2 3 18 37,100
1701,2,1,,,0
1701,41,9,2,1 2 3 8 10 18 23,40
1701,57,11,2 41,3 4 10 18,78
1701,326,27,2 41 57,1 6 15 110 123 184 215,763
1702,8,3,,3,3
1702,36,8,8,1 2 5 11 30,32
1702,261,26,8 36,11 41 102 127 201,560
1703,2,1,,,0
1703,20,5,2,1 3 7 18,10
1703,131,18,2 20,2,264
1703,432,30,2 20 131,2 8 162 343 418,999
1704,27,7,,2 4 7 14 15 20,18
1704,220,23,27,3 155,500
1704,659,36,27 220,3 12 14 123,1685
1705,18,4,,1 3 7,10
1705,952,42,18,1 2 6 39 183 388 587,2569
1707,1,1,,,0
1707,3,2,1,,1
1707,252,25,1 3,1 2 7 49,546
1708,1,1,,,0
1708,30,7,1,1 2 5 11,25
1708,127,19,1 30,1 3 7 45 103 113,259
1708,283,26,1 30 127,4,646
1709,6,1,,,0
1709,8,2,6,,0
1709,9,3,6 8,1,0
1710,10,2,,,1
1710,11,3,10,1,1
1710,65,14,10 11,1 3 38 56,102
1710,104,17,10 11 65,2 4 13 33 42 81 87,203
1710,164,21,10 11 65 104,3 4 11,375
1711,20,6,,2 4 7 14 15,9
1711,106,17,20,5 6 20 28 44 53,209
1712,60,13,,7 41,91
1712,259,25,60,1 9 17 128,568
1714,238,24,,3 16 21 33 53 197,519
1714,447,30,238,2 4 7 13 188,1050
1716,7,3,,1 3,2
1716,15,5,7,2 4 7 14,8
1716,53,12,7 15,2 4 11,84
1716,151,20,7 15 53,1 3 9 12 25,345
1716,551,33,7 15 53 151,3 21 25 111,1355
1717,1,1,,,0
1717,14,4,1,2 4 7,7
1717,418,29,1 14,2 8 162 343,970
1718,66,13,,1 3 4 6 16 26,114
1718,226,23,66,1 2 3 20 30 175,500
1719,23,7,,1 2 3 8 10 18,20
1719,44,11,23,1 4 12 21,71
1719,56,12,23 44,1 3 38,93
1719,81,15,23 44 56,1 2 8 34,163
1720,1,1,,,0
1720,3,2,1,1,0
1720,374,28,1 3,7 8,860
1722,1,1,,,0
1722,34,10,1,1 2 30,50
1722,63,13,1 34,1 2 3 11 36 44,113
1722,76,14,1 34 63,1 4 6 7 8 11,145
1722,113,18,1 34 63 76,1 3 7 45 103,233
1722,357,27,1 34 63 76 113,2 4 9 18 73 100,806
1722,612,35,1 34 63 76 113 357,1 3 18 46 271,1552
1723,1,1,,,0
1723,318,25,1,1 2 3 51,742
1724,7,3,,2 4,3
1724,18,6,7,1 2 3 8 10,15
1724,108,17,7 18,2 3 82,224
1725,1,1,,,0
1725,2,2,1,1,0
1725,12,3,1 2,2,6
1725,63,13,1 2 12,1 9 17 57,118
1725,112,18,1 2 12 63,1 4 5 19 35,237
1725,151,20,1 2 12 63 112,2 4 8 26,355
1725,179,21,1 2 12 63 112 151,2 5 7 13 15 36 60,410
1725,188,22,1 2 12 63 112 151 179,2 6 10 22 64 154,435
1726,1,1,,,0
1726,17,6,1,2 3 4 7,16
1726,20,7,1 17,1 2 4,20
1726,30,9,1 17 20,1 2,41
1726,51,11,1 17 20 30,3 40,82
1726,52,12,1 17 20 30 51,1 2 4 13,84
1726,713,37,1 17 20 30 51 52,3 32 51 161 186 511,1823
1726,993,47,1 17 20 30 51 52 713,1 14 88 247 294 354,2696
1727,4,2,,2,0
1727,11,4,4,1 2 5,5
1727,87,16,4 11,2 4 13 33 42 81,170
1729,2,1,,,0
1729,30,9,2,2 4 5 7,44
1730,133,19,,1 2 8 9 34 89 114 119,302
1731,37,9,,1 2 3 18,57
1731,41,10,37,7,65
1731,57,11,37 41,1 9 17,106
1731,179,19,37 41 57,3 4 10 35 65 68 109,406
1732,1,1,,,0
1732,10,5,1,1 2 3 8,7
1732,23,8,1 10,1 2 3 4 6 14 19,28
1732,81,15,1 10 23,2 11,159
1732,103,17,1 10 23 81,1 3 7 45,207
1732,108,18,1 10 23 81 103,3 5 24 29,224
1733,5,3,,1 2,3
1733,17,6,5,1 3 9,20
1733,81,15,5 17,2 4 13 33 42,159
1733,701,36,5 17 81,2 3 16 32 54 63 84 188 398,1793
1734,1,1,,,0
1734,8,4,1,1 2 3,5
1735,1,1,,,0
1735,2,2,1,,0
1735,136,18,1 2,3 5 21 26 27 61 100,305
1736,2,2,,1,0
1736,4,3,2,,1
1736,7,5,2 4,2 3 4,4
1736,19,7,2 4 7,1 2 3 4 6 14,19
1736,120,17,2 4 7 19,1 2 7 8 18 20 64 77,259
1737,1,1,,,0
1737,38,9,1,1 3,59
1737,40,10,1 38,3,61
1738,22,8,,3 5 6,34
1738,70,14,22,1 8,129
1738,588,34,22 70,1 2 23 282 348,1475
1739,3,3,,1 2,0
1739,4,4,3,2 3,2
1740,2,2,,1,0
1740,3,3,2,2,1
1740,18,7,2 3,3 4 10,22
1741,1,1,,,0
1741,2,2,1,,0
1741,9,4,1 2,1 3,6
1741,14,6,1 2 9,1 2 3 4 6,11
1741,41,8,1 2 9 14,1 2 5,56
1741,44,9,1 2 9 14 41,1 2 3 11 36,68
1741,89,16,1 2 9 14 41 44,1 2 3 20,164
1742,4,3,,1 2,0
1742,21,7,4,1 4 12,28
1744,2,2,,1,0
1744,79,15,2,1 4 5 40 55,152
1744,119,17,2 79,1 2 8 9 34 89 114,260
1745,1,1,,,0
1746,2,2,,1,0
1746,65,14,2,2 11 26,121
1747,1,1,,,0
1747,3,2,1,1,1
1747,321,26,1 3,3 15 97 99 157,722
1748,1,1,,,0
1748,10,6,1,3 4,11
1749,1,1,,,0
1749,6,5,1,1 2 3 4,3
1749,36,8,1 6,1 2 3 11,57
1749,114,16,1 6 36,1 2 8 9 34 89,250
1750,1,1,,,0
1750,18,7,1,1 2 3,21
1750,51,13,1 18,1 6 16,99
1750,82,14,1 18 51,2 3,157
1751,1,1,,,0
1751,4,4,1,1 2 3,1
1751,12,6,1 4,1 4,16
1751,108,15,1 4 12,33,235
1751,512,32,1 4 12 108,1 5 85 120 259 334,1235
1752,3,3,,1 2,1
1752,7,5,3,2 4 5,7
1753,1,1,,,0
1753,2,2,1,1,0
1753,92,13,1 2,1 2 6 9 66,186
1753,101,14,1 2 92,4 6,208
1754,1,1,,,0
1754,2,2,1,1,0
1754,4,3,1 2,3,1
1754,5,4,1 2 4,2 4,2
1754,6,5,1 2 4 5,3 5,4
1755,1,1,,,0
1755,3,2,1,,0
1755,4,3,1 3,2,0
1755,5,4,1 3 4,3,1
1755,197,19,1 3 4 5,3 16 21 33 53,397
1757,2,1,,,0
1757,3,2,2,,0
1757,17,7,2 3,1 2 3 4 5 12,11
1758,11,5,,2 4,6
1758,26,7,11,1 3 4 6 16,29
1758,632,35,11 26,1 2 5 7 8 15 104 107 168 224,1579
1759,4,2,,1,1
1759,154,17,4,2 6 10 22 64,338
1759,216,20,4 154,1 16 21 53 151 194,451
1760,1,1,,,0
1760,39,12,1,1 2 4 18 21,66
1760,394,28,1 39,1 2 34 79,880
1762,1,1,,,0
1762,12,6,1,1 2 3 4 5,7
1762,31,11,1 12,1 2 4 5 8 28,48
1762,201,19,1 12 31,11 41 102 127,401
1762,258,24,1 12 31 201,1 2 8 13 17 57 218,575
1762,854,40,1 12 31 201 258,1 3 4 6 14 28,2266
1764,53,11,,5 6 20 28 44,97
1764,498,31,53,1 4 7 10 22 25 66 70,1193
1765,3,3,,1 2,0
1765,4,4,3,2,2
1765,7,5,3 4,,4
1765,13,6,3 4 7,1 2 4,12
1765,28,10,3 4 7 13,1 2 4 5 8,44
1765,260,24,3 4 7 13 28,1 4 5 6 102 118,582
1765,765,39,3 4 7 13 28 260,1 2 5 10 12 18 24 28 40 79 243,1977
1766,2,2,,1,0
1766,34,10,2,1 2 8,62
1766,621,34,2 34,1 2 6 15 37 62,1544
1767,1,1,,,0
1767,2,2,1,,0
1767,412,29,1 2,2 6 26 117,960
1768,16,6,,1 3 4 6,18
1768,51,11,16,1 8,96
1768,55,12,16 51,1 4 5 40,100
1768,329,26,16 51 55,1 3 7 28,722
1768,331,27,16 51 55 329,2 4 5 87 218,726
1768,406,28,16 51 55 329 331,2 11 16 18 21 42 122,931
1769,5,5,,1 2 3 4,1
1769,155,17,5,3,336
1769,175,18,5 155,1 2 3 20 30,359
1770,1,1,,,0
1770,4,4,1,1 2 3,0
1770,539,32,1 4,2 40 158,1311
1771,3,3,,1 2,0
1771,17,8,3,1 9,27
1771,18,9,3 17,2 9,29
1771,41,10,3 17 18,1 32,71
1771,100,14,3 17 18 41,3 5 21 26 27 61,213
1771,371,27,3 17 18 41 100,3 7 8 187,821
1772,2,2,,1,0
1772,3,3,2,1,1
1772,42,10,2 3,2 4 13 33,73
1773,1,1,,,0
1773,44,10,1,5 6 20 28,76
1773,241,22,1 44,2 3 37 56 66 76,529
1774,1,1,,,0
1774,3,2,1,,0
1774,4,3,1 3,1 2,0
1774,11,6,1 3 4,1 2 3,12
1774,12,7,1 3 4 11,1 2 3 4,15
1774,89,13,1 3 4 11 12,1 2 8 9 34,186
1774,404,27,1 3 4 11 12 89,1 3 5 8 278,925
1774,873,40,1 3 4 11 12 89 404,5 44 67 559,2311
1776,2,2,,1,0
1777,1,1,,,0
1777,5,3,1,1 2,0
1778,5,3,,1 2,2
1778,6,5,5,1 3 4,4
1778,21,8,5 6,1 2 4 18,35
1778,801,39,5 6 21,1 2 4 5 7 81 152 288,2108
1779,9,5,,1,14
1779,66,11,9,1 2 6 9,129
1779,77,12,9 66,1 2 7 8 18 20 64,157
1779,229,21,9 66 77,1 2 3 6 8 18 25 33 38 45 84 131 134,488
1780,2,2,,1,0
1780,4,4,2,1 3,3
1780,9,5,2 4,2,13
1780,32,9,2 4 9,1,53
1780,219,20,2 4 9 32,1 3 9 11 47 48 145,455
1781,1,1,,,0
1781,2,2,1,1,0
1781,3,3,1 2,1,1
1781,18,7,1 2 3,1 2 4,28
1781,33,9,1 2 3 18,2 4 13,52
1781,55,10,1 2 3 18 33,1 2 3 5 6 20,92
1781,122,16,1 2 3 18 33 55,2 3 5 16,253
1781,194,18,1 2 3 18 33 55 122,1 16 21 53 151,391
1782,1,1,,,0
1782,3,3,1,1 2,1
1782,4,4,1 3,1 2 3,3
1782,10,5,1 3 4,4,9
1782,270,25,1 3 4 10,2 5 15 20 26 97 205,592
1783,1,1,,,0
1783,2,2,1,1,0
1783,3,3,1 2,1 2,1
1783,40,9,1 2 3,1 4 5,60
1784,1,1,,,0
1784,2,2,1,1,0
1785,1,1,,,0
1785,8,5,1,1 2 4 5,4
1785,16,7,1 8,1 6,23
1785,26,8,1 8 16,2 11,34
1785,436,29,1 8 16 26,1 2 4 6,994
1787,1,1,,,0
1787,2,2,1,,0
1787,11,6,1 2,1 4 6 7 8,9
1787,88,14,1 2 11,2 3 4 6 8 23,179
1788,4,2,,,1
1788,5,4,4,1 2 4,1
1788,21,7,4 5,1 2 5 8 20,23
1788,43,8,4 5 21,1 4 10 20 30,58
1788,54,9,4 5 21 43,1 2 3 4 5 10,87
1788,335,26,4 5 21 43 54,1 2 3 5 20,711
1788,535,33,4 5 21 43 54 335,1 3 26 32 59 101 194 381,1290
1789,4,3,,1 2,1
1789,20,6,4,1 2 5 8,22
1789,28,7,4 20,5 6 20,34
1790,1,1,,,0
1790,8,5,1,1 4 6 7,5
1790,45,8,1 8,1 3 7,62
1790,392,27,1 8 45,1 2 384,884
1791,2,2,,1,0
1791,7,4,2,1 4 6,4
1791,528,32,2 7,2 14 19 135 190,1267
1792,1,1,,,0
1792,6,3,1,1 4,3
1792,8,4,1 6,1 2,8
1792,64,10,1 6 8,1 2 7 8 18 20,114
1792,102,15,1 6 8 64,1 4 9 44,199
1792,343,26,1 6 8 64 102,2 8 162,735
1793,1,1,,,0
1793,441,30,1,1 2 6 7 52 112 226 235 305,1017
1794,4,2,,1,2
1794,174,17,4,6 10 56 160,334
1795,1,1,,,0
1795,4,3,1,1 2,2
1795,6,4,1 4,1,6
1795,178,17,1 4 6,1 31 100,345
1796,1,1,,,0
1796,47,9,1,1 2 9,76
1797,1,1,,,0
1797,2,2,1,1,0
1797,20,6,1 2,5 6,19
1797,58,9,1 2 20,1 2 3 4,99
1797,446,30,1 2 20 58,2 4 21 77 237,1038
1798,1,1,,,0
1798,2,2,1,1,0
1798,384,26,1 2,1 2,861
1799,1,1,,,0
1799,236,24,1,1 22 29 79,499
1800,1,1,,,0
1800,8,2,1,1,1
1800,11,5,1 8,2,6
1801,1,1,,,0
1801,8,4,1,1 2 5,1
1801,13,5,1 8,2 4,8
1801,30,7,1 8 13,1 4 10 20,30
1801,109,15,1 8 13 30,3 4 10 35 65 68,211
1802,11,4,,2,6
1802,16,5,11,1 6 8,11
1802,35,7,11 16,1 4 5 19,45
1802,218,23,11 16 35,1 2 8 13 17 57,454
1802,688,38,11 16 35 218,1 3 5 6 216 220,1734
1804,5,3,,1 2,1
1804,160,16,5,1 2 5 6 7 8 18 36 45 51,289
1804,259,24,5 160,4 34 63 70 71,539
1804,428,29,5 160 259,1 2 11 14 125 172,970
1806,106,15,,3 42 57 65,214
1807,1,1,,,0
1807,2,2,1,1,0
1807,50,11,1 2,3 4 6 25 30,93
1807,528,33,1 2 50,1 2 10 16 19 28 92 135 204,1283
1808,1,1,,,0
1808,160,15,1,6 10 56,304
1809,2,1,,,0
1809,52,12,2,1 2 18 20,97
1809,63,13,2 52,2 3 5,124
1809,539,33,2 52 63,1 12 14 82 275,1310
1809,673,37,2 52 63 539,2 8 13 143 421 512,1693
1810,4,3,,2,2
1810,8,4,4,1 6,5
1810,20,5,4 8,1 2 3,17
1810,61,12,4 8 20,3 5 21 26 27,115
1810,724,38,4 8 20 61,2 4 7 8 10 25 118 466,1837
1811,1,1,,,0
1811,2,2,1,,0
1811,6,3,1 2,5,1
1811,8,4,1 2 6,1,4
1811,20,6,1 2 6 8,1 4 10,16
1811,29,8,1 2 6 8 20,3 5 24,37
1812,2,1,,,0
1812,5,2,2,,0
1812,6,3,2 5,1,0
1812,80,14,2 5 6,2 22 35 73,144
1812,215,23,2 5 6 80,1 6 15 110 123 184,448
1814,35,8,,1 5 7 17,52
1816,20,6,,1 2 3 5 6,23
1816,24,7,20,3 5,33
1817,1,1,,,0
1817,200,22,1,9 10 14 135,414
1818,1,1,,,0
1818,5,3,1,1 4,2
1818,19,6,1 5,1 4 5,25
1818,415,29,1 5 19,1 2 3 59 80 178 238,944
1819,1,1,,,0
1819,4,2,1,1,1
1819,73,13,1 4,2 22 35,135
1819,297,25,1 4 73,4 35 48 135,619
1819,613,35,1 4 73 297,5 7 8 61 300 509,1509
1821,1,1,,,0
1821,10,5,1,1 4,7
1821,311,25,1 10,2 4 5 15 17 70 156,656
1821,398,28,1 10 311,2 10 40,892
1821,414,29,1 10 311 398,1 5 7 12 14 30 141,952
1821,457,30,1 10 311 398 414,2 5 6 8 25 134,1045
1821,484,31,1 10 311 398 414 457,2 8 9 11 52 79 187,1121
1821,550,33,1 10 311 398 414 457 484,1 5 9 14 21 79 114,1329
1822,1,1,,,0
1823,1,1,,,0
1823,3,2,1,,1
1823,184,20,1 3,2 3 4 17 29 95,365
1823,337,25,1 3 184,2 3 7 12 13 20 91,722
1824,1,1,,,0
1824,151,15,1,1 16 21 53,287
1824,661,37,1 151,1 110 125 196 261 303,1658
1825,371,27,,1 2 3 5 8 129 201 256 347,844
1825,636,35,371,1 3 5 6 7 10 65,1556
1826,33,11,,,69
1826,53,12,33,10 12 36,113
1826,240,24,33 53,1 61 76 205,499
1827,3,3,,1 2,0
1827,4,4,3,1,2
1827,30,10,3 4,3 4 6 25,62
1828,2,2,,1,0
1828,7,4,2,1 3,6
1828,865,45,2 7,1 2 9 19 42 105,2288
1828,887,46,2 7 865,1 2 3 6 7 22 95,2348
1829,1,1,,,0
1829,3,3,1,2,1
1829,34,10,1 3,1 2 8 9,67
1829,463,29,1 3 34,2 9 26 247,1060
1829,650,36,1 3 34 463,4 56 113 158,1619
1830,1,1,,,0
1830,2,2,1,,0
1830,6,5,1 2,1 2 3 5,4
1830,572,33,1 2 6,2 3 6 7 9 202 227 290,1376
1831,5,4,,1 2 3,4
1832,1,1,,,0
1832,2,2,1,,0
1832,3,3,1 2,1,0
1832,5,5,1 2 3,1 4,4
1832,10,6,1 2 3 5,1 2 3 4 5,9
1832,17,7,1 2 3 5 10,1 5 7,23
1832,25,9,1 2 3 5 10 17,3 4 6,48
1833,3,3,,1 2,1
1833,4,4,3,1,3
1833,754,37,3 4,1 2 25 38 46 86 121 123 153 386,1952
1834,1,1,,,0
1834,2,2,1,1,0
1834,9,6,1 2,1 2,10
1834,19,7,1 2 9,1 3 5 9 10 11,24
1835,1,1,,,0
1835,5,3,1,3,2
1836,1,1,,,0
1836,9,6,1,1 2 6,9
1836,20,8,1 9,1 2 7 8 18,32
1836,91,13,1 9 20,4 5 6 19 64,176
1836,127,14,1 9 20 91,11 41 102,214
1837,1,1,,,0
1837,3,2,1,,0
1837,5,5,1 3,1 2 3 4,0
1838,4,4,,1 2 3,0
1838,18,7,4,1 2 7 8,28
1838,57,11,4 18,2 3 11 19,104
1838,673,36,4 18 57,2 136 166 649,1690
1839,3,3,,1 2,0
1839,6,4,3,1 2,4
1840,2,2,,1,0
1840,631,35,2,2 26 33 341,1559
1841,1,1,,,0
1841,2,2,1,1,0
1841,20,8,1 2,1 2 18,30
1841,204,23,1 2 20,6 7 8 28 72 85,422
1841,985,48,1 2 20 204,1 2 34 97 206 208 259 303,2700
1842,1,1,,,0
1842,7,3,1,1 5,4
1842,11,6,1 7,1 3 5 9 10,9
1842,25,8,1 7 11,1 3 9 12,35
1842,68,12,1 7 11 25,3 4 10 35 65,122
1842,561,33,1 7 11 25 68,1 2 4 94 193 318,1345
1843,2,2,,1,0
1843,10,5,2,1 3 5 9,8
1843,18,7,2 10,1 2,25
1843,36,9,2 10 18,10 12,65
1843,128,13,2 10 18 36,1 9 17,219
1843,184,22,2 10 18 36 128,1 6 15 110 123,373
1843,241,24,2 10 18 36 128 184,8 9 43 94 126,466
1844,1,1,,,0
1844,5,2,1,1,2
1844,9,4,1 5,1 3 5,6
1844,27,8,1 5 9,3 5 21 26,39
1844,60,11,1 5 9 27,2 5 7 13 15 36,103
1844,684,36,1 5 9 27 60,124 155 181 188 356,1700
1844,902,45,1 5 9 27 60 684,3 6 12 37,2379
1845,1,1,,,0
1845,26,7,1,3 5 21,38
1845,65,11,1 26,3 4 10 35,111
1845,78,12,1 26 65,4 23,134
1847,1,1,,,0
1847,3,2,1,1,1
1847,65,11,1 3,3 42 57,114
1847,205,23,1 3 65,2 5 15 20 26 97,416
1848,1,1,,,0
1848,5,3,1,1 3,2
1848,6,4,1 5,4,4
1848,8,6,1 5 6,1 2 7,9
1849,1,1,,,0
1849,7,5,1,1 2,8
1849,64,11,1 7,2 6 10 22,111
1849,326,25,1 7 64,4 6 11 14 15 23 32 58,695
1849,347,26,1 7 64 326,1 2 3 5 8 129 201 256,763
1849,416,27,1 7 64 326 347,1 9 11,935
1850,1,1,,,0
1850,3,2,1,1,0
1850,4,3,1 3,,1
1850,21,6,1 3 4,3 5,27
1850,26,7,1 3 4 21,2 4 8,41
1850,44,10,1 3 4 21 26,1 4 9,67
1851,4,4,,1 2 3,1
1851,6,5,4,3 4,6
1851,42,9,4 6,1 2 11 19,60
1851,126,15,4 6 42,2 3 4 6 33 58,207
1851,134,18,4 6 42 126,1 2 7 8 69 92,224
1852,1,1,,,0
1852,3,3,1,1 2,0
1852,23,6,1 3,2 3 4 6 8,31
1853,2,2,,1,0
1853,4,4,2,3,3
1853,189,22,2 4,1 3 4 10 25 45 86,367
1854,1,1,,,0
1854,2,2,1,1,0
1854,3,3,1 2,,1
1854,9,4,1 2 3,1 2 8,4
1854,145,19,1 2 3 9,1 3 9 11 47 48,247
1854,236,24,1 2 3 9 145,1 3 40 99,452
1854,474,32,1 2 3 9 145 236,1 2 3 4 8 10 41 96 176 203 334,1105
1855,1,1,,,0
1855,8,3,1,1 2,3
1855,12,4,1 8,1 3 9,5
1855,57,9,1 8 12,3 42,87
1855,260,24,1 8 12 57,2 3 22 55 56 63 129,496
1856,94,12,,1 60,133
1856,368,25,94,1 2 3,788
1856,917,47,94 368,7 40 42 742,2435
1857,11,4,,1 3 4,8
1857,35,8,11,2 22,44
1858,9,3,,1 3,5
1859,2,2,,1,0
1860,1,1,,,0
1860,190,22,1,2 5 10 15 47,368
1860,380,26,1 190,1 3 4 9 13 32,834
1861,1,1,,,0
1861,2,2,1,1,0
1861,102,12,1 2,11 41,144
1861,205,22,1 2 102,1 61 76,387
1861,226,23,1 2 102 205,1 45 66 162,418
1862,1,1,,,0
1862,147,21,1,1 5 7 11 42,272
1862,246,22,1 147,2 4 6 74 130,464
1862,649,35,1 147 246,2 136 166,1600
1863,11,4,,3 4,12
1863,23,7,11,4 5,30
1863,62,10,11 23,2 3 4 5 7 11 56,95
1863,64,11,11 23 62,4 5 6 19,103
1863,391,26,11 23 62 64,2 4 28 168,859
1863,559,34,11 23 62 64 391,2 3 4 6 9 18 19 27 29 173 185 555,1314
1864,3,2,,1,0
1864,4,3,3,1 3,1
1865,3,2,,1,1
1866,1,1,,,0
1866,5,3,1,3,3
1867,1,1,,,0
1867,5,3,1,2 3,3
1867,8,5,1 5,2 3 4 6,7
1867,12,6,1 5 8,10,16
1867,32,8,1 5 8 12,1 5 25,44
1867,555,33,1 5 8 12 32,2 3 4 6 9 18 19 27 29 173 185,1304
1868,1,1,,,0
1868,3,2,1,,1
1868,8,5,1 3,2 4,9
1868,36,8,1 3 8,2 5 7 13 15,49
1869,1,1,,,0
1869,3,2,1,2,0
1869,6,4,1 3,2 3 4,3
1869,10,5,1 3 6,,10
1869,56,9,1 3 6 10,2 3 4 5 7 11,77
1870,2,1,,,0
1870,4,2,2,3,0
1870,22,6,2 4,2,18
1870,42,8,2 4 22,3,56
1871,3,1,,,0
1871,4,3,3,2 3,0
1872,3,2,,2,0
1872,4,3,3,2,1
1872,17,5,3 4,4 6 13,10
1873,2,1,,,0
1873,100,13,2,1 31,144
1874,2,1,,,0
1874,19,5,2,1 2 11,12
1874,25,7,2 19,1 5,26
1874,134,20,2 19 25,1 2 3 6 8 18 25 33 38 45 84 131,222
1874,694,36,2 19 25 134,3 5 7 8 14 17 42 395,1736
1875,35,7,,3 4 10,42
1875,39,8,35,1 3 5 14 19,51
1876,1,1,,,0
1876,13,4,1,4 6,7
1876,19,6,1 13,2 3 11,16
1877,1,1,,,0
1877,131,19,1,1 2 3 6 8 18 25 33 38 45 84,216
1877,638,35,1 131,1 7 12 24 25 71 92 93 132 295 366,1558
1877,895,46,1 131 638,1 8 10 56 62 226,2362
1878,551,33,,6 36 37 48 56 167 185,1305
1879,1,1,,,0
1879,271,23,1,2 3 53 54 75 121 216,510
1881,1,1,,,0
1881,5,3,1,4,2
1881,218,21,1 5,2 4 5 87,400
1882,1,1,,,0
1882,4,2,1,,1
1882,11,3,1 4,1 2,4
1882,135,19,1 4 11,9 10 14,238
1882,237,22,1 4 11 135,13,444
1882,306,24,1 4 11 135 237,4 6 9 25 30 34 155,622
1882,592,34,1 4 11 135 237 306,1 2 3 220,1424
1883,1,1,,,0
1883,6,2,1,4,0
1883,13,6,1 6,2 3,10
1883,654,34,1 6 13,2 3 19 23 47 67 88 321,1613
1883,806,44,1 6 13 654,1 3 4 21 620,2075
1884,11,5,,2 3,7
1884,422,31,11,2 3 4 7 9 10 13 14 17 51 177 272,930
1885,4,1,,,0
1885,9,4,4,1 4,3
1885,927,47,4 9,1 2 3 7 8 20 23 25 125 165 557,2486
1886,721,38,,51 82 126 131,1834
1886,909,46,721,1 2 22 42 488 630,2423
1887,16,4,,2 3 5,13
1887,464,32,16,1 5 22 31 180 237 395,1079
1889,15,6,,2 5 7 13,16
1890,2,1,,,0
1890,4,3,2,1,2
1890,60,8,2 4,1,67
1891,2,2,,1,0
1891,13,5,2,2 5 7,13
1891,22,6,2 13,2 6 10,25
1891,256,22,2 13 22,4 15 55,484
1891,420,31,2 13 22 256,1 2 3 5 23 38 61,952
1891,950,47,2 13 22 256 420,1 2 3 13 22 759,2602
1892,1,1,,,0
1892,3,3,1,2,1
1893,1,1,,,0
1893,2,2,1,,0
1893,3,3,1 2,2,0
1893,92,17,1 2 3,1 2 7 8 69,133
1893,95,18,1 2 3 92,2 18 20 65 94,143
1894,2,1,,,0
1894,5,2,2,1,1
1894,94,17,2 5,2 18 20 65,141
1895,19,6,,1 3 5 14,21
1895,518,32,19,4 7 10 40 83 130,1207
1897,1,1,,,0
1897,7,4,1,2 5,5
1897,82,16,1 7,24 81,117
1898,1,1,,,0
1898,5,3,1,2 3,1
1898,81,15,1 5,24,115
1899,5,3,,2,3
1899,53,8,5,3 16 21 33,52
1900,1,1,,,0
1900,3,2,1,2,0
1900,10,4,1 3,3 4,6
1900,14,5,1 3 10,1 3 5,13
1900,23,6,1 3 10 14,4,19
1900,278,23,1 3 10 14 23,1 3 5 8,567
1900,741,39,1 3 10 14 23 278,6 9 23 61 91 97 104 445 535 590,1885
1901,2,1,,,0
1902,2,1,,,0
1903,10,4,,2 6,8
1904,123,18,,1 6 15 110,225
1905,1,1,,,0
1905,253,22,1,1 2 15 27,487
1905,537,33,1 253,1 3 43 128 149 151,1277
1906,1,1,,,0
1906,4,3,1,3,2
1907,1,1,,,0
1907,3,2,1,,1
1907,6,3,1 3,2,3
1907,118,17,1 3 6,1 4 5 6 102,212
1907,510,32,1 3 6 118,2 4 14 32,1194
1908,1,1,,,0
1908,19,7,1,4 5 6,18
1909,3,2,,,1
1909,5,3,3,1 3,2
1909,78,16,3 5,2 6 11 15,109
1910,1,1,,,0
1910,49,8,1,1 2 7,43
1911,2,1,,,0
1911,3,2,2,1,0
1911,157,18,2 3,3 15 97 99,278
1911,293,23,2 3 157,3 22 122 125 223,627
1911,860,45,2 3 157 293,4 5 7 8 13 15 38 44 439 776,2265
1912,56,12,,6 10,67
1912,95,16,56,2 3 4 17 29,147
1913,1,1,,,0
1913,51,10,1,1 2 5 6 7 8 18 36 45,46
1913,795,44,1 51,2 16 23 190,2048
1914,11,6,,2 3 4 5 7,5
1914,30,7,11,1 2 3 20,21
1914,444,31,11 30,1 2 65,1038
1914,549,32,11 30 444,1 2 3 15 29 38 196 381,1311
1915,1,1,,,0
1916,69,15,,1 2 7 8,94
1916,460,31,69,3 4 5 7 18 28 264 400,1067
1917,1,1,,,0
1917,110,17,1,1 6 15,200
1918,1,1,,,0
1918,7,5,1,2 3 4 5,2
1919,4,1,,,0
1919,33,6,4,3 16 21,23
1919,45,9,4 33,1 2 5 6 7 8 18 36,38
1919,53,12,4 33 45,1 10 16 20 29,61
1919,58,14,4 33 45 53,2 3 4 6 33,72
1920,5,4,,2 3 4,1
1921,3,1,,,0
1921,4,3,3,2 3,0
1921,6,4,3 4,4 5,3
1921,383,30,3 4 6,1 4 5 6 13 34 77 125 177 304,832
1922,3,2,,2,0
1922,5,3,3,4,2
1922,41,7,3 5,11,30
1922,43,9,3 5 41,3 7 11 13,39
1922,53,13,3 5 41 43,1 16 21,60
1923,2,1,,,0
1923,4,2,2,,1
1923,43,11,2 4,4 12 24 37,41
1923,65,13,2 4 43,2 18 20,82
1923,102,16,2 4 43 65,1 4 5 6,174
1923,509,31,2 4 43 65 102,5 7 8 61 300,1199
1924,20,4,,1 2 3,8
1924,84,14,20,1 2 3 6 8 18 25 33 38 45,124
1925,1,1,,,0
1925,33,6,1,2,20
1925,162,19,1 33,1 45 66,270
1925,176,21,1 33 162,2 5 15 46 64,305
1925,908,46,1 33 162 176,4 18 19 42 55 171,2465
1928,1,1,,,0
1928,36,8,1,1 2 5 6 7 8 18,25
1928,511,31,1 36,3 32 51 161 186,1210
1929,37,10,,4 12 24,36
1929,305,25,37,1 2 6 7 52 112 226 235,650
1929,334,26,37 305,1 5 85 120 259,722
1929,869,45,37 305 334,1 13 27 28 120 152 632,2316
1930,1,1,,,0
1930,59,13,1,1 2 3 4 8 13 14 18,78
1931,1,1,,,0
1931,21,5,1,3 16,10
1931,158,20,1 21,2 4 22 42 89 93,273
1931,953,47,1 21 158,23 32 58 154 190 294 428 466 914,2615
1934,154,19,,2 4 6 26 63 66,266
1934,216,21,154,2 3 53 54 75 121,396
1934,561,33,154 216,1 2 3 4 5 26 35 46 114 207,1365
1936,16,4,,3,10
1937,1,1,,,0
1937,143,18,1,4 36 39 65,247
1937,784,44,1 143,11 66 384,2053
1938,1,1,,,0
1938,68,13,1,1 2 4 7 8,101
1938,76,15,1 68,2 3 37 56 66,132
1938,188,19,1 68 76,2 4 32 184,347
1940,1,1,,,0
1940,256,22,1,1 2 3 5 8 129 201,547
1941,1,1,,,0
1941,3,3,1,1 2,0
1942,2,2,,1,0
1942,24,9,2,4 12,26
1942,31,12,2 24,1,38
1942,184,18,2 24 31,2 4 32,341
1942,381,30,2 24 31 184,1 3 26 32 59 101 194,870
1943,1,1,,,0
1943,29,11,1,1 10 16 20,32
1944,33,11,,2 3 4 6,40
1944,354,29,33,2 11 15 21 59 114 132 324,767
1944,636,35,33 354,1 3 10 11 23 29 89,1613
1946,18,7,,1 2 5 6 7 8,14
1946,77,15,18,2 3 12 46,143
1947,1,1,,,0
1947,244,21,1,2 12 52 132,502
1947,740,43,1 244,1 2 3 215,1915
1948,1,1,,,0
1948,66,14,1,2 3 37 56,120
1949,1,1,,,0
1949,3,2,1,,0
1949,646,37,1 3,2 4 203 329 379,1648
1951,48,12,,1 3 9 11 47,73
1951,714,42,48,1 2 3 10 19 23 48 90 102,1841
1952,1,1,,,0
1952,7,3,1,1 2,4
1952,11,4,1 7,,7
1952,13,8,1 7 11,3 7 11,13
1952,20,10,1 7 11 13,1 10 16,23
1952,47,11,1 7 11 13 20,1 3 9 11,68
1952,598,34,1 7 11 13 20 47,1 4 5 6 214,1484
1953,98,17,,2 96,188
1953,583,33,98,1 2 3 11 26 269 278,1447
1953,643,37,98 583,1 2 3 5 17 19 20 42 90 224 302,1643
1954,1,1,,,0
1954,11,7,1,3 7,12
1954,12,8,1 11,4,14
1954,17,9,1 11 12,1 9,17
1954,21,10,1 11 12 17,1 16,23
1955,1,1,,,0
1955,24,9,1,,28
1955,96,16,1 24,2,181
1955,97,17,1 24 96,2 5 15 20 26,182
1955,187,20,1 24 96 97,3 7 8,347
1955,314,28,1 24 96 97 187,1 2 18 46 234,687
1955,701,41,1 24 96 97 187 314,1 2 3 6 35 69 211 594,1795
1956,1,1,,,0
1956,2,2,1,,0
1956,8,6,1 2,1 2 5 6 7,3
1956,16,8,1 2 8,1 10,15
1956,79,14,1 2 8 16,1 22 29,139
1956,86,15,1 2 8 16 79,1 3 4 10 25 45,155
1956,395,28,1 2 8 16 79 86,1 5 22 31 180 237,919
1957,2,2,,1,0
1957,7,5,2,1 2 5 6,2
1958,1,1,,,0
1958,6,4,1,1 2 5,1
1958,7,5,1 6,3,4
1958,10,6,1 6 7,6,6
1958,56,13,1 6 7 10,2 3 37,94
1958,126,17,1 6 7 10 56,8 9 43 94,202
1959,5,3,,1 2,1
1959,16,8,5,1,11
1960,1,1,,,0
1960,20,8,1,1 4 10 12,15
1960,44,10,1 20,3 4 5 7 20 37,52
1960,85,14,1 20 44,6 7 8 28 72,150
1962,2,2,,1,0
1962,3,3,2,,1
1962,4,4,2 3,,1
1962,6,5,2 3 4,,1
1962,9,6,2 3 4 6,1,1
1962,10,7,2 3 4 6 9,1,2
1962,507,31,2 3 4 6 9 10,1 3 38 49 92 193 243,1206
1963,1,1,,,0
1963,45,11,1,1 2 3 6 8 18 25 33 38,61
1963,57,13,1 45,1 2 8 13 17,93
1964,48,12,,2 10 22 28,76
1964,150,17,48,1 2 16 19 22,248
1966,302,27,,10 270,653
1966,448,30,302,1 2 44 96 137 308,1044
1967,37,9,,3 4 5 7 20,45
1967,42,11,37,1 5 7 11,69
1967,725,42,37 42,2 3 4 194,1869
1968,12,6,,1 4 10,8
1968,20,8,12,2 18,22
1968,229,21,12 20,1 2 3 4 40 56 130,484
1968,783,44,12 20 229,2 4 9 10 14 28 30 31 54 80 374,2046
1969,99,16,,3 15 97,165
1970,1,1,,,0
1970,10,5,1,1 4,7
1970,18,7,1 10,2,20
1970,38,10,1 10 18,1 2 3 6 8 18 25 33,55
1970,512,32,1 10 18 38,2 8 13 143 421,1236
1970,914,46,1 10 18 38 512,23 32 58 154 190 294 428 466,2508
1971,1,1,,,0
1971,6,4,1,2 3 4,2
1971,18,8,1 6,1 2 3 4 8 13 14,19
1971,97,15,1 6 18,3 15,158
1971,742,43,1 6 18 97,5 24 49 159 179,1913
1972,1,1,,,0
1972,15,6,1,2 6 11,13
1972,64,12,1 15,1 4 5 14 43,107
1972,844,45,1 15 64,1 3 4 16 21 24 42 61 149 210 382 428,2265
1973,4,3,,2 3,1
1973,72,12,4,6 7 8 28,125
1973,162,19,4 72,2 8,286
1973,188,20,4 72 162,2 4 7 13,349
1973,653,37,4 72 162 188,7 10 151 323 513,1652
1974,1,1,,,0
1974,3,2,1,2,0
1974,23,8,1 3,4,25
1974,185,19,1 3 23,1 3 26 39 59,333
1974,324,27,1 3 23 185,2 11 15 21 59 114 132,683
1974,675,39,1 3 23 185 324,1 17 26 37 53,1711
1975,2,1,,,0
1975,14,7,2,1 2 3 4 8 13,13
1975,33,9,2 14,1 2 3 6 8 18 25,44
1975,487,30,2 14 33,1 5 16 17 23 41 47 123 130 134 150 192 199 216 374,1138
1976,4,2,,1,0
1976,11,5,4,2 6,8
1976,13,6,4 11,1 2 3 4 8,11
1976,156,18,4 11 13,2 4 5 15 17 70,269
1976,400,29,4 11 13 156,3 4 5 7 18 28 264,912
1977,8,4,,1 2 7,4
1977,37,10,8,2 3,56
1977,46,11,8 37,2 3 12,73
1978,6,2,,1,2
1978,7,3,6,1 2,3
1978,29,7,6 7,2 3 4 17,33
1978,130,16,6 7 29,2 4 6 74,204
1978,348,27,6 7 29 130,1 2 23 282,787
1978,616,36,6 7 29 130 348,2 3 7 20 93 351,1541
1979,1,1,,,0
1979,100,15,1,2 4 9 18 73,142
1981,1,1,,,0
1981,6,3,1,2,3
1981,8,5,1 6,1 2 3 4,5
1981,135,17,1 6 8,4 35 48,221
1981,223,21,1 6 8 135,3 22 122 125,460
1983,1,1,,,0
1983,2,2,1,1,0
1983,25,8,1 2,1 2 3 6 8 18,31
1983,726,42,1 2 25,1 2 8 24 164 505,1852
1984,1,1,,,0
1984,20,5,1,3 4 5 7,16
1984,28,9,1 20,2 10 22,40
1985,2,1,,,0
1985,4,4,2,1 2 3,1
1986,2,1,,,0
1986,3,3,2,1 2,0
1986,129,16,2 3,2 3 22 55 56 63,204
1986,602,35,2 3 129,1 9 31 47 246,1516
1986,990,49,2 3 129 602,2 107 201 850,2764
1987,2,2,,1,0
1987,4,3,2,,1
1987,180,18,2 4,1 2 5 7 8 13 16 36 45 64 77,327
1988,1,1,,,0
1988,11,4,1,1 3 9,4
1990,9,3,,1 3,4
1990,17,6,9,2 3 4,16
1990,18,7,9 17,1 2 3 6 8,19
1990,22,8,9 17 18,2 10,29
1990,51,10,9 17 18 22,1 2 3,77
1990,76,14,9 17 18 22 51,1 61,112
1990,94,15,9 17 18 22 51 76,8 9 43,128
1991,99,14,,1 3 40,150
1992,1,1,,,0
1992,71,13,1,4 34 63 70,106
1993,1,1,,,0
1993,4,2,1,,1
1993,43,9,1 4,1 4 5 14,66
1993,70,12,1 4 43,4 34 63,103
1994,334,27,,1 2 3 4 8 10 41 96 176 203,754
1994,978,48,334,1 2 26 38 57 74 219 334 524 730 748,2714
1995,1,1,,,0
1995,200,19,1,2 51 110,402
1995,201,20,1 200,1 2 3 5 8 129,405
1995,238,23,1 200 201,1 2 3 59 80 178,482
1995,776,44,1 200 201 238,4 5 7 8 13 15 38 44 439,2023
1995,942,47,1 200 201 238 776,1 3 51 62 80 88 131,2584
1996,3,2,,1,0
1996,93,13,3,2 4 22 42 89,136
1997,7,4,,3 4 5,2
1997,45,9,7,1 3 4 10 25,73
1998,1,1,,,0
1998,8,5,1,1 2 4 7,4
1998,11,7,1 8,1 5 7,16
1998,270,26,1 8 11,10,566
1999,5,3,,3 4,1
1999,7,4,5,1 2 4,3
1999,235,24,5 7,1 2 6 7 52 112 226,479
2000,1,1,,,0
2000,4,2,1,3,0
2000,8,6,1 4,1 2 3 6,7
2000,19,8,1 4 8,1 2 3 9,23
2000,63,11,1 4 8 19,4 34,90
2000,89,12,1 4 8 19 63,2 4 22 42,124
2000,304,26,1 4 8 19 63 89,1 4 5 6 13 34 77 125 177,628
2001,3,1,,,0
2001,972,47,3,1 2 19 519,2700
2002,4,3,,1 2,0
2002,6,5,4,1 2 3,5
2002,7,6,4 6,1 5,8
2002,10,7,4 6 7,2,11
2002,838,45,4 6 7 10,1 2 4 20 109 399 759,2272
2003,4,4,,2 3,2
2003,14,5,4,9 10,13
2003,17,6,4 14,1 2 8 13,20
2003,47,9,4 14 17,2 5 10 15,68
2003,177,18,4 14 17 47,1 2 3,334
2003,772,44,4 14 17 47 177,1 2 3 9 11 22 31 52 243 507,2015
2004,2,2,,1,0
2004,3,3,2,2,1
2004,5,4,2 3,1,5
2004,259,25,2 3 5,1 5 85 120,531
2005,1,1,,,0
2005,2,2,1,,0
2005,3,3,1 2,1 2,0
2005,61,11,1 2 3,1,77
2006,2,2,,1,0
2006,29,7,2,1 22,36
2006,73,11,2 29,2 4 9 18,81
2006,146,17,2 29 73,1 3 5 15 30 38 48 56,223
2006,237,24,2 29 73 146,2 4 21 77,481
2007,1,1,,,0
2007,10,4,1,9,5
2007,13,5,1 10,1 2 8,11
2008,1,1,,,0
2008,9,3,1,,4
2008,226,23,1 9,1 2 6 7 52 112,447
2010,1,1,,,0
2010,2,2,1,,0
2010,9,4,1 2,1 2 3,3
2011,3,2,,2,0
2011,12,5,3,2 3,9
2012,2,1,,,0
2012,8,4,2,1 2,4
2012,15,6,2 8,1 6,14
2012,87,12,2 8 15,2 4 5,109
2013,22,6,,1,23
2013,309,25,22,2 6 11 75 144,663
2014,117,15,,3 8 9 17 38,171
2015,65,11,,4 36 39,71
2015,123,16,65,4 5 7 10 118,186
2015,740,43,65 123,1 84 88 94 110 140 394,1911
2016,3,3,,1 2,1
2016,538,33,3,1 4 12 15 17 22 25 119 161 257,1309
2017,1,1,,,0
2017,2,2,1,1,0
2017,25,7,1 2,1 3 4 10,31
2017,28,8,1 2 25,6 7 8,36
2018,1,1,,,0
2018,2,2,1,1,0
2018,857,44,1 2,1 5 16 76 201 343 599,2329
2019,1,1,,,0
2019,6,5,1,1 4 5,3
2019,904,46,1 6,2 3 4 9 67 184 615,2471
2020,3,3,,2,1
2020,5,4,3,1 4,2
2020,118,15,3 5,4 5 7 10,175
2020,618,37,3 5 118,1 6 12 19 26 36,1543
2021,1,1,,,0
2021,2,2,1,,0
2021,4,3,1 2,1,0
2021,6,4,1 2 4,1,2
2021,35,10,1 2 4 6,1 3,41
2021,66,11,1 2 4 6 35,1 45,65
2022,14,6,,1 4 5,11
2022,66,11,14,2 4 6 26 63,66
2024,1,1,,,0
2024,223,23,1,1 2 4 8 9 30 51 58 106,446
2024,301,26,1 223,2 4 10,659
2025,1,1,,,0
2025,63,10,1,2 4 6 26,64
2025,299,25,1 63,1 2 3 5 12 19 49 158,648
2026,1,1,,,0
2026,26,9,1,2 5 15 20,32
2026,328,26,1 26,13,734
2026,401,29,1 26 328,1 4 6 9 86 172,911
2026,874,45,1 26 328 401,1 5 6 11 25 134 173 339,2380
2027,98,14,,1 2 3 8 11 18 26,131
2028,6,5,,1 2 3 5,2
2028,75,10,6,6 10 17 18,90
2029,5,4,,1 2 3,2
2029,34,9,5,4,36
2029,121,14,5 34,2 3 53 54 75,169
2029,144,17,5 34 121,1 17 111 129,245
2030,1,1,,,0
2030,55,9,1,4 17,52
2031,3,3,,1 2,1
2031,5,4,3,1 4,4
2031,86,13,3 5,1 4 82,112
2031,330,28,3 5 86,3 7 9 25 55 137,732
2031,742,43,3 5 86 330,7 40 42,1931
2032,1,1,,,0
2032,2,2,1,1,0
2032,4,3,1 2,1,2
2032,10,5,1 2 4,1 3 4,9
2032,20,8,1 2 4 10,2 5 15,23
2033,1,1,,,0
2033,155,17,1,4 6 9 25 30 34,268
2033,255,24,1 155,1 2 4 6 20 28 38,502
2034,1,1,,,0
2034,74,10,1,2 4 6,81
2034,272,24,1 74,2 3 4 7 9 10 13 14 17 51 177,554
2035,1,1,,,0
2035,15,7,1,2 5 10,15
2035,82,12,1 15,1 4,102
2035,234,23,1 15 82,1 2 18 46,466
2036,1,1,,,0
2036,398,29,1,2 3 16 32 54 63 84 188,905
2037,8,6,,6 7,9
2037,15,7,8,2 5,17
2037,64,9,8 15,2 5 15 46,67
2038,1,1,,,0
2038,3,3,1,1 2,1
2038,4,4,1 3,1 3,3
2038,7,5,1 3 4,6,6
2039,1,1,,,0
2039,2,2,1,1,0
2039,3,3,1 2,1,1
2039,6,4,1 2 3,,3
2039,189,21,1 2 3 6,1 9 10 43 171,343
2040,1,1,,,0
2040,10,3,1,2 5,4
2040,191,21,1 10,3 7 28 59 155,352
2041,1,1,,,0
2041,39,6,1,4 36,21
2041,43,7,1 39,8 9,23
2041,71,9,1 39 43,2 13 14 23,66
2042,1,1,,,0
2042,45,6,1,1,27
2042,150,18,1 45,1 3 15 29 44 60 74,255
2043,314,27,,1 6 96 216 313,685
2043,524,33,314,1 2 3 5 24 29 77 103 145,1264
2044,36,5,,4,20
2044,129,16,36,1 17 111,208
2044,282,24,36 129,1 2 23,605
2044,313,26,36 129 282,1 6 96 216,682
2045,1,1,,,0
2045,5,2,1,2,1
2045,247,23,1 5,2 9 26,479
2045,671,42,1 5 247,2 8 32 43 79 105,1695
2047,1,1,,,0
2047,5,2,1,2,2
2047,42,7,1 5,2 4 22,27
2048,2,1,,,0
2049,2,1,,,0
2049,42,8,2,11 22,31
2050,2,1,,,0
2050,40,7,2,1 3,27
2051,344,27,,4 7 30 169 233,751
2051,590,38,344,6 9 23 61 91 97 104 445 535,1465
2052,63,11,,2 3 22 55 56,62
2052,122,16,63,2 11 16 18 21 42,200
2052,949,45,63 122,1 2 10 28 586,2625
2053,3,2,,1,0
2053,15,3,3,3,3
2053,288,25,3 15,2 3 8 33 68,629
2053,685,42,3 15 288,1 2 4 8 9 112 495,1743
2053,830,44,3 15 288 685,2 5 9 279 306,2243
2055,1,1,,,0
2055,46,8,1,2 5 15,38
2055,178,22,1 46,1 2 3 59 80,338
2057,171,20,,1 9 10 43,316
2059,4,1,,,0
2059,56,10,4,2 3 22 55,57
2059,132,17,4 56,2 12 52,231
2060,55,9,,2 3 22,57
2060,172,21,55,1 2 11 14 125,327
2061,18,4,,2 4 9,5
2061,421,31,18,2 8 13 143,986
2062,26,6,,2 4 6,15
2062,70,11,26,2 4 5 15 17,89
2062,111,15,26 70,1 17,187
2062,117,16,26 70 111,2 6 26,208
2062,594,40,26 70 111 117,1 2 3 6 35 69 211,1486
2063,271,24,,1 3 18 46,595
2065,1,1,,,0
2065,3,2,1,,0
2067,22,6,,2 4,16
2067,129,18,22,1 2 3 5 8,251
2067,130,19,22 129,1 2 3 4 40 56,256
2067,855,44,22 129 130,1 20 26 122 198 304 448 793,2337
2068,17,5,,4,9
2068,48,10,17,4 35,54
2068,466,32,17 48,2 4 7 8 10 25 118,1114
2069,1,1,,,0
2069,22,6,1,11,18
2069,28,7,1 22,1 3 7,22
2069,91,14,1 22 28,2 3 7 12 13 20,138
2069,620,41,1 22 28 91,1 3 4 21,1573
2070,9,3,,2 4,2
2070,587,40,9,1 2 6 39 183 388,1479
2073,1,1,,,0
2073,275,24,1,1 12 14 82,617
2075,1,1,,,0
2075,4,2,1,2,0
2075,9,4,1 4,8,2
2075,75,12,1 4 9,2 3 53 54,98
2075,79,13,1 4 9 75,1 2 34,111
2076,4,2,,,1
2076,8,3,4,,1
2076,10,4,4 8,,2
2076,155,20,4 8 10,3 7 28 59,296
2077,2,1,,,0
2077,233,22,2,2 3 6 7 12 17 20 78 134 199,494
2077,425,31,2 233,2 4 28 102 215,1022
2077,754,43,2 233 425,1 2 4 7 39 134 516,2030
2078,368,29,,2 12 39 54 115,845
2079,125,19,,3 22 122,254
2079,162,20,125,1 3 6 18 33 85 105,328
2080,11,5,,,9
2080,90,14,11,1 7 8 13 19 31,158
2080,227,21,11 90,1 2 3 7 141 221,480
2081,4,1,,,0
2081,35,9,4,4,40
2081,759,43,4 35,1 2 4 20 109 399,2066
2082,6,4,,2 4,1
2082,122,18,6,3 22,249
2082,381,30,6 122,1 2 3 15 29 38 196,883
2082,759,43,6 122 381,1 2 3 13 22,2069
2083,514,35,,3 44 56 208 328 349,1299
2084,4,3,,2,1
2085,4,3,,2,2
2085,18,7,4,6 10 17,17
2085,110,17,4 18,2 51,223
2085,318,27,4 18 110,1 2 4 94 193,714
2086,1,1,,,0
2086,2,2,1,,0
2086,8,4,1 2,7,3
2086,15,5,1 2 8,2 5,11
2086,17,6,1 2 8 15,6 10,13
2086,104,15,1 2 8 15 17,78,190
2086,168,19,1 2 8 15 17 104,2 4 28,340
2086,221,20,1 2 8 15 17 104 168,1 2 3 7 141,465
2086,568,39,1 2 8 15 17 104 168 221,1 6 7 100 160 169,1418
2087,2,1,,,0
2087,3,2,2,1,0
2087,7,3,2 3,,1
2087,77,13,2 3 7,1 2 3 4 6 9 11 15,123
2088,290,26,,133 200 226,642
2088,374,29,290,1 5 16 17 23 41 47 123 130 134 150 192 199 216,850
2088,559,38,290 374,5 44 67,1399
2088,700,42,290 374 559,2 9 13 16 37 144 223 364,1841
2089,1,1,,,0
2089,23,6,1,2 13 14,15
2089,676,41,1 23,1 2 3 10 14 24 34 54 66 149 191 206,1741
2090,7,3,,1 3,1
2090,77,13,7,1 2 5 7 8 13 16 36 45 64,129
2090,845,43,7 77,23 60 75 117 278 413 440 796,2307
2092,22,8,,1 2 16 19,17
2092,55,11,22,4 15,72
2092,979,45,22 55,8 9 10 21 22 133,2761
2093,10,4,,6,8
2093,22,8,10,2 3,20
2093,38,10,10 22,3 8 9 17,46
2093,333,28,10 22 38,1 5 14 28 62 117 170,754
2093,591,40,10 22 38 333,2 11 21 26 43 76 237 388,1482
2093,739,41,10 22 38 333 591,3 4 78 562,1991
2094,1,1,,,0
2094,3,2,1,1,0
2094,5,3,1 3,2 4,1
2094,32,9,1 3 5,2 4,36
2094,141,18,1 3 5 32,1 5 7 12 14 30,281
2094,617,40,1 3 5 32 141,1 5 13 126,1561
2095,4,2,,2,1
2095,19,7,4,1 2 16,12
2096,1,1,,,0
2096,5,2,1,2,1
2096,54,10,1 5,2 3 53,63
2096,56,11,1 5 54,1 3 5 15 30 38 48,66
2097,2,1,,,0
2097,6,2,2,,1
2097,53,9,2 6,2 3,61
2098,14,5,,2 13,5
2098,16,6,14,1 2,7
2098,579,39,14 16,3 6 22 82 153 297,1457
2099,2,1,,,0
2099,13,4,2,2,4
2099,26,8,2 13,1 2 3 8 11 18,19
2100,59,12,,1 3 26 39,81
2100,183,18,59,1 2 3 111 148 163,360
2102,6,3,,2 4,0
2102,91,16,6,1 2 3 5 11 24 38 58,168
2102,752,40,6 91,5 47 73 125 227 327 597,2036
2103,20,6,,1 2 3 5,13
2103,64,12,20,1 2 5 7 8 13 16 36 45,103
2103,552,38,20 64,1 3 5 11 15 49 269,1382
2104,4,2,,2,0
2104,23,8,4,2 10 17,24
2104,48,10,4 23,1 3 5 15 30 38,54
2106,2,1,,,0
2106,13,5,2,,10
2106,308,27,2 13,1 2 44 96 137,691
2106,535,37,2 13 308,6 9 23 61 91 97 104 445,1345
2107,18,7,,1 2 3 8 11,14
2107,125,17,18,1 2 11 14,240
2108,1,1,,,0
2110,2,1,,,0
2110,17,7,2,2 10,19
2110,45,11,2 17,2 6 11 16 28 43,58
2111,199,19,,2 3 6 7 12 17 20 78 134,424
2112,2,2,,1,0
2112,3,3,2,2,1
2112,4,4,2 3,,2
2112,43,10,2 3 4,2 6 11 16 28,55
2112,78,14,2 3 4 43,,141
2112,264,25,2 3 4 43 78,3 4 5 7 18 28,584
2112,290,26,2 3 4 43 78 264,2 3 6 7 9 202 227,641
2113,1,1,,,0
2113,2,2,1,,0
2113,4,3,1 2,1,0
2113,513,36,1 2 4,7 10 151 323,1287
2114,11,6,,1 2 3 8,6
2114,17,7,11,3 8 9,14
2114,38,9,11 17,1 3 5 15 30,40
2114,237,24,11 17 38,1 5 22 31 180,530
2115,17,8,,2 4 5 15,17
2116,1,1,,,0
2116,213,23,1,2 4 23 27 99,481
2117,1,1,,,0
2117,8,5,1,1 2 3,4
2117,10,6,1 8,2,9
2117,15,7,1 8 10,2 4 5,13
2117,58,13,1 8 10 15,4 6 11 14 15 23 32,101
2118,5,4,,1 2 3,0
2118,74,15,5,1 3 15 29 44 60,130
2118,104,16,5 74,1 3 5 12 21,191
2118,187,18,5 74 104,2 8 9 11 52 79,377
2120,3,3,,1 2,0
2120,34,7,3,1 2,38
2120,39,8,3 34,1 3 26,50
2120,163,17,3 34 39,1 2 3 111 148,321
2121,2,2,,1,0
2121,854,44,2,2 19 44 53 63 127 204 399 573,2374
2122,1,1,,,0
2122,3,3,1,1 2,0
2122,4,4,1 3,2,2
2122,9,5,1 3 4,3 8,4
2122,30,6,1 3 4 9,1 3 5 15,27
2122,45,10,1 3 4 9 30,1 2 5 7 8 13 16 36,67
2122,112,15,1 3 4 9 30 45,1 2 6 7 52,214
2123,2,2,,1,0
2123,8,3,2,3,3
2123,302,27,2 8,4 16 55 69,671
2124,1,1,,,0
2124,2,2,1,,0
2125,2,1,,,0
2125,203,22,2,1 2 3 4 8 10 41 96 176,445
2126,850,44,,2 107 201,2369
2127,5,3,,2 4,1
2127,8,4,5,2,4
2127,28,6,5 8,2 6 11 16,27
2127,177,17,5 8 28,1 4 5 6 13 34 77 125,348
2128,3,1,,,0
2128,4,2,3,2,0
2128,10,5,3 4,4 5 7,5
2128,363,30,3 4 10,1 5 12 25 202,854
2128,813,43,3 4 10 363,1 2 9 15 154 187 270 372 379,2217
2129,177,17,,2 3 4 7 9 10 13 14 17 51,359
2129,190,19,177,2 14 19 135,404
2129,194,20,177 190,1 3 26 32 59 101,415
2129,601,39,177 190 194,4 6 11 24 87 103 236,1540
2129,793,42,177 190 194 601,1 20 26 122 198 304 448,2162
2130,2,1,,,0
2130,341,28,2,2 26 33,783
2131,7,4,,4 5,4
2131,27,6,7,1 2 15,27
2131,36,9,7 27,1 2 5 7 8 13 16,53
2131,204,22,7 27 36,1 2 10 16 19 28 92 135,449
2131,258,24,7 27 36 204,1 2 4 33 45 73,558
2132,15,5,,4,11
2132,42,11,15,2 11 16 18 21,68
2132,60,14,15 42,1 3 15 29 44,103
2132,300,27,15 42 60,5 7 8 61,673
2132,788,41,15 42 60 300,1 2 3 5 9 10 492 615,2141
2133,1,1,,,0
2133,2,2,1,,0
2133,5,3,1 2,4,2
2133,26,6,1 2 5,1 3,26
2134,4,2,,,2
2134,8,4,4,3 7,3
2135,1,1,,,0
2135,7,3,1,3,2
2135,58,14,1 7,1 2 3 5 11 24 38,100
2135,148,16,1 7 58,1 2 3 111,286
2136,1,1,,,0
2136,105,15,1,1 3 6 18 33 85,204
2136,884,43,1 105,5 10 13 34 38 278 538,2450
2137,15,4,,1 3 5,6
2139,1,1,,,0
2139,3,2,1,,0
2139,16,5,1 3,2 6 11,10
2139,31,10,1 3 16,1 7 8 13 19,46
2139,52,13,1 3 16 31,2 12,86
2139,796,41,1 3 16 31 52,23 60 75 117 278 413 440,2167
2140,20,7,,2 3 7 12 13,19
2141,56,14,,1 2 3 4 40,113
2141,106,15,56,1 2 4 8 9 30 51 58,207
2141,216,22,56 106,1 6 96,474
2143,4,2,,,1
2143,15,5,4,1 2,13
2143,32,12,4 15,4 6 11 14 15 23,56
2143,120,14,4 15 32,1 5 85,237
2143,265,26,4 15 32 120,1 2 3 4 25 110 180 236 247,579
2144,1,1,,,0
2144,11,4,1,2 6,8
2144,51,13,1 11,2,101
2144,134,15,1 11 51,2 5 6 8 25,253
2144,476,35,1 11 51 134,6 8 9 17 39 43 129,1175
2146,578,38,,1 8 78 89 91 118 144 488,1481
2146,895,43,578,1 14 24 50 81 145 241 522,2501
2147,3,2,,2,0
2147,5,3,3,1 3,1
2147,13,6,3 5,2 3 7 12,13
2148,2,1,,,0
2148,12,5,2,2 3 7,12
2148,13,6,2 12,2 4 7,15
2148,44,12,2 12 13,1 3 15 29,76
2149,3,2,,1,0
2149,6,3,3,2,4
2149,15,8,3 6,1 2 3 4 6 9 11,17
2149,366,31,3 6 15,1 7 12 24 25 71 92 93 132 295,859
2151,1,1,,,0
2151,16,8,1,1 2 5 7 8 13,24
2151,19,9,1 16,1 7 8 13,30
2151,158,17,1 16 19,2 40,325
2152,1,1,,,0
2152,2,2,1,1,0
2152,23,11,1 2,4 6 11 14 15,40
2152,176,21,1 2 23,1 2 3 4 8 10 41 96,382
2152,226,23,1 2 23 176,133 200,487
2152,325,28,1 2 23 176 226,1 2 3 4 8 28 140,739
2152,853,42,1 2 23 176 226 325,4 8 22,2363
2153,1,1,,,0
2153,2,2,1,,0
2153,7,4,1 2,2 3,5
2153,11,7,1 2 7,1 2 3 4 6 9,11
2153,21,10,1 2 7 11,2 11 16 18,31
2153,26,11,1 2 7 11 21,2 6,45
2153,80,12,1 2 7 11 21 26,1 2 3 59,145
2153,184,21,1 2 7 11 21 26 80,16 28 49 50,400
2153,975,45,1 2 7 11 21 26 80 184,1 5 8 63 134,2751
2154,7,5,,2 4,7
2154,13,7,7,1 2 5 7 8,17
2154,34,10,7 13,4 6 9 25 30,51
2155,9,6,,1 2 3 4 6,10
2155,38,10,9,1 2 3 5 11 24,61
2155,587,38,9 38,1 2 3 6 9 19 36 61,1484
2156,1,1,,,0
2156,2,2,1,1,0
2156,3,3,1 2,1,1
2156,17,8,1 2 3,1,23
2156,18,9,1 2 3 17,2 11 16,24
2156,85,11,1 2 3 17 18,1 3 6 18 33,157
2156,111,14,1 2 3 17 18 85,3 21 25,207
2157,1,1,,,0
2157,3,3,1,2,1
2157,4,4,1 3,2,2
2157,13,7,1 3 4,1 7 8,15
2157,40,9,1 3 4 13,1 2 3 4,71
2158,1,1,,,0
2158,2,2,1,,0
2158,6,5,1 2,1 2 3 4,2
2158,16,7,1 2 6,2 11,17
2158,30,8,1 2 6 16,4 6 9 25,37
2159,2,1,,,0
2159,8,6,2,1 2 5 7,6
2159,203,22,2 8,1 2 4 59 130 167,428
2160,4,4,,1 2 3,1
2160,7,5,4,1 2 5,5
2160,15,7,4 7,4 6 11 14,15
2161,1,1,,,0
2161,3,3,1,1 2,0
2161,14,6,1 3,4 6 11,13
2161,247,25,1 3 14,1 2 3 4 25 110 180 236,517
2162,2,2,,1,0
2162,5,3,2,1 2,2
2162,8,4,2 5,1 7,4
2162,67,10,2 5 8,2 3 5 6 10,100
2162,137,16,2 5 8 67,1 3 5 11 21 28 30 41,242
2162,233,24,2 5 8 67 137,4 7 30 169,479
2163,1,1,,,0
2163,7,3,1,1,3
2163,11,4,1 7,2,6
2163,25,6,1 7 11,4 6 9,23
2163,29,7,1 7 11 25,1 3 15,28
2164,1,1,,,0
2164,11,5,1,4 6,6
2165,2,2,,1,0
2165,630,39,2,1 2 22 42 488,1630
2166,1,1,,,0
2166,77,11,1,2 4 21,131
2166,132,15,1 77,2 11 15 21 59 114,225
2166,141,16,1 77 132,1 2 3 7,264
2166,158,20,1 77 132 141,1 2 3 5 12 19 49,314
2166,224,23,1 77 132 141 158,1 2 5 7 8 15 104 107 168,455
2166,632,39,1 77 132 141 158 224,1 13 27 28 120 152,1629
2169,1,1,,,0
2169,6,4,1,4,3
2169,24,7,1 6,1 2 3 5 11,25
2170,8,4,,1 3 5,5
2170,24,7,8,1 2 3 5 6 9,29
2170,329,30,8 24,1 2 3 5 14 19 27 34 126,751
2171,1,1,,,0
2171,4,3,1,,2
2171,180,21,1 4,1 5 22 31,372
2172,1,1,,,0
2172,2,2,1,,0
2172,29,8,1 2,1 2 5 6 9 10 12,41
2172,59,10,1 2 29,3 7 28,86
2172,111,14,1 2 29 59,1 2 3,189
2172,236,24,1 2 29 59 111,1 2 3 4 25 110 180,484
2172,356,30,1 2 29 59 111 236,124 155 181 188,801
2172,685,40,1 2 29 59 111 236 356,4 9 32 165 227 537,1834
2173,5,3,,1 3,1
2173,6,4,5,2,3
2173,44,9,5 6,1 25,53
2173,395,33,5 6 44,3 5 7 8 14 17 42,933
2174,59,10,,1 2 3,90
2175,3,2,,1,1
2175,227,23,3,2 3 6 7 9 202,459
2176,1,1,,,0
2176,134,15,1,2 3 6 7 12 17 20 78,252
2176,205,22,1 134,2 6 65,412
2177,1,1,,,0
2177,2,2,1,,0
2177,3,3,1 2,1 2,0
2177,15,6,1 2 3,1 3,10
2177,168,20,1 2 3 15,4 11,345
2178,2,2,,1,0
2178,85,13,2,1 5,146
2178,144,19,2 85,2 6 11 75,278
2178,200,21,2 85 144,133,402
2178,241,23,2 85 144 200,2 30 83 104 167,488
2178,671,39,2 85 144 200 241,2 5 69 286 547,1784
2179,1,1,,,0
2179,9,4,1,4 6,3
2179,12,5,1 9,2,5
2179,40,9,1 9 12,2 10,46
2179,125,14,1 9 12 40,1 4 5 6 13 34 77,212
2179,507,37,1 9 12 40 125,2 5 9 29 264 362,1233
2179,608,38,1 9 12 40 125 507,4 34 68 114 126 352,1554
2180,2,2,,1,0
2181,1,1,,,0
2181,646,37,1,1 2 4 13 22 71 75 97 228,1698
2181,904,44,1 646,1 3 5 25 59 95 153,2542
2182,6,3,,4,1
2182,11,5,6,1 2 3 5,5
2182,22,8,6 11,3,33
2182,52,9,6 11 22,1 2 6 7,77
2182,303,29,6 11 22 52,1 110 125 196 261,664
2184,1,1,,,0
2184,4,2,1,,0
2184,114,13,1 4,2 11 15 21 59,189
2184,135,18,1 4 114,2 14 19,258
2185,9,6,,1 2 3 5 6,7
2185,43,8,9,1 9 10,55
2187,395,34,,2 4 5 7 9 10 20 33 70 101 378,949
2188,5,4,,1 2 3,3
2188,6,5,5,1 2 3 5,6
2188,8,6,5 6,1 2 3 5,11
2189,2,1,,,0
2189,3,2,2,1,0
2189,5,4,2 3,1 2 3,4
2189,12,7,2 3 5,1 2 5 6 9 10,16
2189,58,11,2 3 5 12,1 2 4 8 9 30 51,92
2190,3,3,,1 2,1
2191,1,1,,,0
2191,2,2,1,1,0
2191,3,3,1 2,1 2,1
2191,5,4,1 2 3,1 2 3,4
2191,10,6,1 2 3 5,1 2 5 6 9,11
2192,1,1,,,0
2192,2,2,1,1,0
2192,9,5,1 2,1 2 5 6,9
2192,25,6,1 2 9,1,19
2192,70,12,1 2 9 25,1 4 7 10 22 25 66,106
2192,468,36,1 2 9 25 70,2 4 20 33 43 66 67,1133
2193,1,1,,,0
2193,2,2,1,,0
2193,3,3,1 2,1 2,0
2193,4,4,1 2 3,1 2 3,2
2193,88,12,1 2 3 4,1 2 3 7 8 32,132
2194,2,2,,1,0
2194,3,3,2,1 2,1
2194,272,27,2 3,17 39 154 169 196 216 223,572
2195,1,1,,,0
2195,2,2,1,1,0
2195,6,4,1 2,1 2 5,1
2195,167,20,1 2 6,1 2 4 59 130,330
2196,1,1,,,0
2196,5,3,1,1 2,0
2196,51,10,1 5,1 2 4 8 9 30,71
2196,66,11,1 5 51,1 4 7 10 22 25,94
2196,120,17,1 5 51 66,2 4 66 84,217
2196,445,35,1 5 51 66 120,6 9 23 61 91 97 104,1066
2199,2,2,,1,0
2200,1,1,,,0
2200,135,19,1,1 2 10 16 19 28 92,265
2200,202,22,1 135,2 3 6 7 9,392
2201,1,1,,,0
2201,3,2,1,,0
2201,21,6,1 3,1 3 5 12,13
2201,386,34,1 3 21,1 2 25 38 46 86 121 123 153,917
2203,28,7,,3 7,30
2204,378,33,,2 4 5 7 9 10 20 33 70 101,905
2204,505,35,378,1 2 8 24 164,1234
2204,518,36,378 505,1 7 8 24 418,1288
2205,1,1,,,0
2205,30,8,1,1 5 7 12 14,42
2205,48,10,1 30,1 2 3 7 8,70
2205,600,36,1 30 48,1 2 7 16 265,1552
2208,1,1,,,0
2208,32,8,1,1 3 4 9 13,47
2208,33,9,1 32,1 3 6 18,52
2209,10,3,,2,4
2210,12,5,,1 3 5,10
2210,193,22,12,1 2 4 94,385
2213,1,1,,,0
2215,1,1,,,0
2215,6,4,1,1 2 4,4
2216,1,1,,,0
2216,321,32,1,2 3 19 23 47 67 88,747
2216,379,33,1 321,2 4 203 329,922
2217,1,1,,,0
2217,2,2,1,,0
2217,4,3,1 2,1 2,1
2217,5,4,1 2 4,1 3,3
2217,30,9,1 2 4 5,1 2 4 8 9,50
2218,10,5,,1 9,10
2218,14,7,10,1 2 11,19
2218,483,34,10 14,2 4 5 17 20 29 134 147,1190
2219,1,1,,,0
2219,2,2,1,1,0
2219,3,3,1 2,1,1
2219,9,4,1 2 3,1,7
2219,10,6,1 2 3 9,2 3 5 6,8
2219,269,29,1 2 3 9 10,1 2 4 8 13 60,596
2219,672,38,1 2 3 9 10 269,1 2 4 5 8 18 36 58,1798
2219,682,39,1 2 3 9 10 269 672,2 19 23 64 249 313,1842
2220,1,1,,,0
2220,295,29,1,1 7 12 24 25 71 92 93 132,666
2221,1,1,,,0
2221,3,3,1,1 2,1
2221,11,6,1 3,1 2,11
2221,14,7,1 3 11,1 5 7 12,20
2222,1,1,,,0
2222,2,2,1,1,0
2222,21,8,1 2,2 4,32
2222,101,17,1 2 21,1 3 26 32 59,193
2222,130,19,1 2 21 101,1 2 4 82,265
2222,168,21,1 2 21 101 130,1 2 5 7 8 15 104 107,332
2223,1,1,,,0
2223,6,5,1,2 3 5,2
2223,12,6,1 6,1 5 7,16
2223,18,7,1 6 12,1 3 6,25
2223,46,9,1 6 12 18,1 2 18,68
2223,612,36,1 6 12 18 46,3 5 12 18 19 80 183 348,1628
2224,5,4,,2 3,2
2224,7,5,5,3,4
2224,137,19,5 7,3 7 9 25 55,271
2224,261,28,5 7 137,1 110 125 196,570
2224,337,32,5 7 137 261,1 2 3 46 162 231,781
2224,748,41,5 7 137 261 337,1 2 26 38 57 74 219 334 524 730,2033
2226,1,1,,,0
2226,3,3,1,2,1
2226,28,7,1 3,2 4,38
2226,79,12,1 3 28,2 8 9 11 52,127
2226,169,21,1 3 28 79,4 7 30,329
2226,243,27,1 3 28 79 169,1 3 38 49 92 193,513
2227,1,1,,,0
2227,2,2,1,,0
2227,7,5,1 2,1 2 6,6
2227,13,6,1 2 7,1 3 4 9,13
2227,77,11,1 2 7 13,1 4 5 6 13 34,116
2228,3,1,,,0
2228,6,4,3,1 2,5
2228,7,5,3 6,1 5,7
2228,180,21,3 6 7,1 2 3 4 25 110,349
2230,2,2,,1,0
2230,3,3,2,1 2,1
2230,5,4,2 3,1,5
2230,99,18,2 3 5,2 4 23 27,197
2231,1,1,,,0
2231,2,2,1,1,0
2231,9,4,1 2,1 3 4,5
2231,63,10,1 2 9,4 26 51,87
2232,1,1,,,0
2232,2,2,1,1,0
2232,78,12,1 2,2 3 6 7 12 17 20,131
2232,84,16,1 2 78,2 4 66,150
2232,96,17,1 2 78 84,1 2 3 4 8 10 41,181
2232,130,19,1 2 78 84 96,1 2 4 59,251
2232,616,36,1 2 78 84 96 130,1 9 21 30 100 101 211 223,1621
2233,1,1,,,0
2233,511,35,1,2 4 13 50,1258
2233,627,37,1 511,2 6 7 42 92 131 174 324,1663
2234,1,1,,,0
2234,723,39,1,1 2 3 6 37 231 362 382 454,1950
2235,6,4,,1 3,4
2236,4,3,,1 3,1
2236,488,34,4,1 8 78 89 91 118 144,1210
2237,3,2,,1,1
2237,25,8,3,1 4 7 10 22,27
2237,185,22,3 25,2 3 4 6 9 18 19 27 29 173,356
2238,1,1,,,0
2238,3,2,1,1,1
2238,9,5,1 3,1 2 4 8,5
2238,447,33,1 3 9,2 12 50 62 233,1076
2239,1,1,,,0
2239,4,2,1,2,1
2239,8,4,1 4,1 2 4,3
2239,16,7,1 4 8,7 9,14
2239,59,10,1 4 8 16,2 11 15 21,77
2240,1,1,,,0
2240,22,7,1,1 4 7 10,19
2240,123,19,1 22,3 12 14,239
2241,2,1,,,0
2241,49,9,2,2,63
2241,72,15,2 49,1 2 19 66,127
2241,832,43,2 49 72,1 2 13 29 37 125 184 193 242 735 807,2305
2242,25,8,,3 21,28
2242,730,40,25,1 2 26 38 57 74 219 334 524,1976
2243,4,3,,1 2,1
2243,51,9,4,4 26,66
2243,92,16,4 51,1 2 10 16 19 28,174
2243,223,26,4 51 92,17 39 154 169 196 216,458
2243,351,32,4 51 92 223,2 3 7 20 93,826
2243,495,34,4 51 92 223 351,1 2 4 8 9 112,1213
2244,1,1,,,0
2244,185,22,1,6 36 37 48 56 167,365
2245,2,2,,1,0
2245,8,5,2,1 2 3 7,2
2245,133,20,2 8,,248
2246,1,1,,,0
2246,7,4,1,1 2 3,1
2246,9,6,1 7,7,6
2246,21,7,1 7 9,3,21
2246,188,22,1 7 9 21,2 3 16 32 54 63 84,372
2246,216,24,1 7 9 21 188,1 5 16 17 23 41 47 123 130 134 150 192 199,427
2246,743,40,1 7 9 21 188 216,2 3 4 9 43 67 160 220 656,2000
2247,66,14,,1 2 19,117
2247,75,15,66,2 6 11,129
2247,198,23,66 75,2 9 68,389
2248,1,1,,,0
2248,7,5,1,,5
2248,208,23,1 7,8 75,402
2248,349,32,1 7 208,3 44 56 208 328,829
2249,32,7,,1 2 3 7 8,33
2249,173,21,32,2 3 4 6 9 18 19 27 29,325
2250,3,3,,1 2,0
2250,4,4,3,2,2
2250,38,8,3 4,1 2 4 6 20 28,41
2250,61,13,3 4 38,1 2 3 5 23 38,104
2250,66,14,3 4 38 61,2 4,113
2250,216,25,3 4 38 61 66,17 39 154 169 196,434
2250,385,32,3 4 38 61 66 216,13 14 219 331,909
2251,2,2,,1,0
2251,18,6,2,1 2,18
2251,532,34,2 18,3 13 39 175 317 337,1342
2252,1,1,,,0
2252,2,2,1,,0
2252,10,4,1 2,1 4 7,4
2252,167,20,1 2 10,2 30 83 104,309
2253,8,3,,3 6,1
2253,25,6,8,2 5 6 8,19
2253,52,10,8 25,2 8 9 11,69
2253,186,22,8 25 52,3 32 51 161,360
2253,755,41,8 25 52 186,23 26 34 187,2035
2254,11,5,,1 9,9
2254,220,25,11,1 2 3,445
2254,740,40,11 220,2 3 5 158,1994
2255,6,2,,3,1
2255,7,3,6,1 4,2
2255,51,11,6 7,2 3 4 7 9 10 13 14 17,70
2255,172,21,6 7 51,1 4 6 9 86,327
2255,457,33,6 7 51 172,2 5 6 26 80 115,1092
2255,557,35,6 7 51 172 457,1 2 3 7 8 20 23 25 125 165,1418
2255,749,40,6 7 51 172 457 557,1 2 4 17 135,2016
2256,9,4,,1,7
2256,170,20,9,1 5 14 28 62 117,319
2256,705,39,9 170,3 6 19 109 320 344,1893
2257,1,1,,,0
2257,114,19,1,1 5 9 14 21 79,206
2257,597,36,1 114,5 47 73 125 227 327,1560
2258,3,1,,,0
2258,4,2,3,1,0
2258,5,3,3 4,1,1
2258,10,4,3 4 5,,5
2258,41,9,3 4 5 10,1 3 5 11 21 28 30,45
2258,278,31,3 4 5 10 41,1 2 3 11 26 269,601
2260,28,7,,1 2 4 6 20,25
2261,1,1,,,0
2261,96,18,1,1 6,179
2262,1,1,,,0
2262,167,19,1,6 36 37 48 56,320
2263,1,1,,,0
2263,199,23,1,1 5 16 17 23 41 47 123 130 134 150 192,384
2264,1,1,,,0
2264,3,2,1,,0
2264,59,13,1 3,1 3 26 32,99
2264,89,17,1 3 59,3,171
2266,26,7,,2 9,27
2266,82,16,26,1 12 14,156
2266,329,31,26 82,2 4 203,767
2266,807,42,26 82 329,1 2 13 29 37 125 184 193 242 735,2221
2267,2,2,,1,0
2267,196,23,2,1 2 3 15 29 38,389
2267,269,30,2 196,1 2 3 11 26,586
2268,1,1,,,0
2268,20,6,1,1 2 4 6,18
2268,26,7,1 20,4,27
2268,507,33,1 20 26,1 2 3 9 11 22 31 52 243,1262
2269,1,1,,,0
2269,30,8,1,1 3 5 11 21 28,33
2269,40,11,1 30,2,63
2269,328,31,1 30 40,3 44 56 208,772
2269,388,32,1 30 40 328,1 2 6 39 183,916
2270,8,4,,2 5 6,2
2270,34,8,8,1 4 5 6 13,39
2270,82,16,8 34,1 2 4,156
2270,126,17,8 34 82,1 2 4 17 31,227
2270,192,22,8 34 82 126,1 5 16 17 23 41 47 123 130 134 150,367
2270,196,24,8 34 82 126 192,17 39 154 169,384
2270,220,26,8 34 82 126 192 196,1 3 5 6 216,450
2270,285,30,8 34 82 126 192 196 220,1 2 5 6 47 69,636
2270,562,35,8 34 82 126 192 196 220 285,3 4 78,1453
2271,28,7,,1 3 5 11 21,32
2271,959,47,28,1 3 943,2667
2272,6,3,,2 5,2
2273,5,2,,2,2
2273,8,5,5,1 2 3 7,4
2273,38,12,5 8,1 2 3 5 23,65
2273,68,15,5 8 38,2 3 8 33,127
2273,262,29,5 8 38 68,1 2 6 216,562
2274,1,1,,,0
2274,7,4,1,1 2 3,3
2274,216,25,1 7,1 3 5 6,442
2275,1,1,,,0
2275,49,12,1,1 2 3 5 12 19,85
2275,525,33,1 49,1 2 3 11 26 102 139,1316
2276,2,1,,,0
2276,193,24,2,1 3 38 49 92,377
2276,527,34,2 193,2 6 34 39,1334
2276,599,35,2 193 527,1 5 16 76 201 343,1568
2277,21,6,,2 11 15,21
2277,137,18,21,1 2 44 96,251
2278,3,3,,1 2,1
2278,21,6,3,1 3 5 11,23
2278,161,18,3 21,3 32 51,308
2279,1,1,,,0
2279,2,2,1,1,0
2280,1,1,,,0
2280,3,3,1,1 2,1
2281,1,1,,,0
2281,2,2,1,1,0
2282,1,1,,,0
2282,6,4,1,1 2 4,1
2283,9,4,,2,6
2283,15,5,9,2 11,11
2283,107,16,9 15,1 2 5 7 8 15 104,191
2283,130,17,9 15 107,4 7 10 40 83,232
2284,4,3,,1 2,1
2286,1,1,,,0
2286,2,2,1,1,0
2286,104,15,1 2,1 2 5 7 8 15,188
2286,516,33,1 2 104,1 2 3 4 243 364,1306
2287,1,1,,,0
2287,11,3,1,2,7
2287,41,12,1 11,1 2 3 4 8 10,78
2287,50,14,1 11 41,16 28 49,98
2287,215,27,1 11 41 50,2 4 28 102,453
2287,243,28,1 11 41 50 215,1 2 5 10 12 18 24 28 40 79,506
2287,943,46,1 11 41 50 215 243,1 3,2623
2288,1,1,,,0
2288,2,2,1,,0
2288,11,5,1 2,1 3 5,6
2288,23,11,1 2 11,1 2 3 5,40
2288,46,12,1 2 11 23,1 3 18,84
2288,49,13,1 2 11 23 46,16 28,93
2288,207,26,1 2 11 23 46 49,1 2 3 4 5 26 35 46 114,417
2289,17,10,,2 3 4 7 9 10 13 14,19
2289,196,24,17,1 110 125,394
2289,202,25,17 196,1 5 12 25,409
2289,677,39,17 196 202,3 7 35 60 97,1805
2290,2,1,,,0
2290,4,2,2,,1
2290,20,10,2 4,2 3 6 7 12 17,30
2291,13,5,,1 4 5 6,8
2291,32,10,13,1 3 26,53
2291,151,20,13 32,1 3 43 128 149,279
2291,288,29,13 32 151,1 2 4 5 7 81 152,648
2292,1,1,,,0
2292,14,9,1,2 3 4 7 9 10 13,15
2292,79,14,1 14,1 5 9 14 21,135
2293,13,8,,2 3 4 7 9 10,15
2293,17,9,13,2 3 6 7 12,26
2293,65,12,13 17,1 2,116
2293,149,19,13 17 65,1 3 43 128,273
2293,663,38,13 17 65 149,5 13 15 139,1756
2294,5,4,,1 3,3
2294,11,7,5,2 8 9,10
2294,19,8,5 11,1 2,33
2294,302,29,5 11 19,1 2 3 5 17 19 20 42 90 224,685
2295,1,1,,,0
2296,1,1,,,0
2296,2,2,1,,0
2296,3,3,1 2,1,0
2296,9,6,1 2 3,2 8,6
2296,10,7,1 2 3 9,2 3 4 7 9,8
2296,388,32,1 2 3 9 10,2 11 21 26 43 76 237,890
2297,8,5,,2,6
2297,9,6,8,2 3 4 7,7
2297,26,7,8 9,1 3,38
2297,169,23,8 9 26,17 39 154,316
2297,257,27,8 9 26 169,1 4 12 15 17 22 25 119 161,549
2298,1,1,,,0
2298,6,4,1,1 4 5,1
2298,12,6,1 6,2 3 6 7,14
2298,110,14,1 6 12,1 2 3 4 25,185
2298,422,32,1 6 12 110,1 6 10 34 52,999
2299,5,3,,1 4,1
2299,7,5,5,2 3 4,4
2300,1,1,,,0
2300,4,2,1,1,0
2300,7,5,1 4,1 2 3,5
2300,19,6,1 4 7,2 14,22
2302,4,4,,2 3,2
2302,27,8,4,2 4 23,48
2302,547,33,4 27,2 5 69 286,1410
2303,1,1,,,0
2303,2,2,1,,0
2303,3,3,1 2,2,0
2303,7,5,1 2 3,2 3 6,5
2303,23,7,1 2 3 7,1 2,35
2303,59,13,1 2 3 7 23,1 2 4,95
2303,267,28,1 2 3 7 23 59,2 3 6 8 9 30 44 54,581
2303,319,30,1 2 3 7 23 59 267,1 2 21 26 33 64 72 130 235,712
2303,323,31,1 2 3 7 23 59 267 319,7 10 151,726
2303,522,32,1 2 3 7 23 59 267 319 323,1 5 6 114,1315
2304,2,1,,,0
2304,3,3,2,1 2,0
2304,6,4,2 3,2 3,3
2304,331,30,2 3 6,13 14 219,747
2304,418,31,2 3 6 331,1 7 8 24,986
2305,2,2,,1,0
2305,14,5,2,2,13
2305,19,6,2 14,1 2 3 5 12,21
2305,615,36,2 14 19,1 2 3 5 9 10 492,1588
2306,1,1,,,0
2306,5,4,1,1 2 3,3
2306,23,7,1 5,2 4,35
2306,55,12,1 5 23,3 7 9 25,81
2306,914,45,1 5 23 55,2 6 313,2523
2307,2,1,,,0
2307,3,2,2,2,0
2307,28,9,2 3,1 2 10 16 19,38
2307,36,11,2 3 28,2 3 19 26,51
2307,488,31,2 3 28 36,1 2 22 42,1198
2308,2,1,,,0
2308,3,3,2,1 2,0
2308,33,10,2 3,2 3 8,44
2308,615,36,2 3 33,2 3 4 9 67 184,1591
2309,2,2,,1,0
2309,28,9,2,16,40
2309,94,11,2 28,1 2 4,140
2309,117,14,2 28 94,1 5 14 28 62,187
2310,1,1,,,0
2311,2,2,,1,0
2311,11,4,2,2 6,7
2311,236,26,2 11,2 5 7 15 21 29,479
2311,544,33,2 11 236,1 2 15 34 82 105 121 224,1389
2312,1,1,,,0
2312,4,2,1,2,0
2312,12,5,1 4,1 2 3 5,9
2312,150,21,1 4 12,1 5 16 17 23 41 47 123 130 134,254
2312,154,22,1 4 12 150,17 39,270
2314,2,1,,,0
2314,128,18,2,1 3 43,215
2315,10,5,,2 4,12
2315,104,13,10,2 30 83,161
2315,516,32,10 104,1 2 4 7 39 134,1302
2316,1,1,,,0
2316,6,3,1,2,3
2316,18,7,1 6,1 3,22
2316,19,8,1 6 18,1 2 10 16,24
2316,65,9,1 6 18 19,2 6,84
2316,73,10,1 6 18 19 65,1 2 4 33 45,99
2317,2,1,,,0
2317,26,7,2,2 3 19,33
2317,291,29,2 26,4 89,645
2318,10,6,,1 2 3 4 8,13
2318,96,12,10,1 2 44,144
2318,141,19,10 96,2 3 5 11 13 66 121,225
2318,438,30,10 96 141,2 3 67 226 243,1037
2319,1,1,,,0
2319,5,4,1,1 2 3,4
2319,16,6,1 5,1 2 10,20
2319,216,25,1 5 16,1 2 6,427
2320,1,1,,,0
2320,2,2,1,,0
2320,3,3,1 2,1,0
2320,8,5,1 2 3,1 2 3 4,8
2320,31,7,1 2 3 8,1 5 22,37
2320,63,8,1 2 3 8 31,1 3 9 14,76
2320,253,28,1 2 3 8 31 63,19 37 125,543
2320,537,32,1 2 3 8 31 63 253,4 9 32 165 227,1364
2321,3,3,,1 2,1
2321,4,4,3,2,3
2321,16,6,3 4,,17
2321,158,21,3 4 16,4 56 113,272
2322,1,1,,,0
2322,2,2,1,1,0
2322,242,27,1 2,5 6 17 18 34,498
2322,624,37,1 2 242,1 3 4,1615
2323,1,1,,,0
2323,2,2,1,,0
2324,2,2,,1,0
2324,4,4,2,1 2 3,1
2324,19,6,2 4,2 3,16
2324,362,28,2 4 19,2 5 9 29 264,806
2325,1,1,,,0
2325,3,3,1,1 2,0
2325,4,4,1 3,2,2
2325,10,5,1 3 4,1 2,5
2325,62,8,1 3 4 10,1 2 6 15 37,67
2326,2,2,,1,0
2327,1,1,,,0
2327,2,2,1,,0
2327,878,44,1 2,1 2 3 10 11 76 245 264 818 872,2380
2328,134,20,,1 5 16 17 23 41 47 123 130,212
2329,22,6,,1 5,20
2330,83,11,,4 7 10 40,111
2330,231,26,83,1 2 3 46 162,472
2331,3,2,,1,0
2331,75,10,3,2 3 4 31,99
2331,115,18,3 75,2 12 39 54,178
2332,130,19,,1 5 16 17 23 41 47 123,207
2332,439,30,130,4 5 7 8 13 15 38 44,1038
2332,863,43,130 439,2 3 4 8 35 299 333,2342
2333,1,1,,,0
2333,2,2,1,1,0
2333,8,4,1 2,2 3,2
2333,656,39,1 2 8,2 3 4 9 43 67 160 220,1707
2333,872,43,1 2 8 656,1 2 3 10 11 76 245 264 818,2366
2334,1,1,,,0
2334,11,4,1,4,6
2334,14,5,1 11,1 12,9
2334,138,19,1 11 14,1 3 5 14 37,226
2336,12,4,,1,9
2336,25,5,12,3 7 9,23
2336,83,11,12 25,2 30,112
2336,214,25,12 25 83,1 4 5 6,419
2336,874,43,12 25 83 214,2 5 6 11 14 32 33 55 106,2379
2337,140,19,,1 2 3 4 8 28,233
2337,384,29,140,11 66,888
2337,565,35,140 384,2 7 11 112 423 466,1455
2338,3,3,,2,1
2338,121,18,3,2 3 5 11 13 66,183
2338,735,41,3 121,1 2 13 29 37 125 184 193 242,1975
2339,1,1,,,0
2339,2,2,1,,0
2339,123,18,1 2,1 5 16 17 23 41 47,194
2339,143,20,1 2 123,2 8 13,248
2340,3,3,,2,1
2340,188,24,3,124 155 181,350
2341,1,1,,,0
2341,2,2,1,,0
2341,4,3,1 2,,0
2341,13,4,1 2 4,,11
2341,86,13,1 2 4 13,1 4 6 9,125
2342,246,24,,1 9 31 47,532
2342,437,30,246,1 2 3 13 14 112,1039
2344,45,8,,1 2 4 33,51
2345,1,1,,,0
2345,166,23,1,2 136,311
2346,1,1,,,0
2346,5,2,1,1,3
2346,151,22,1 5,2 3 12 13 70 85 144,276
2347,1,1,,,0
2347,181,23,1,124 155,338
2347,677,40,1 181,4 21 113,1785
2348,1,1,,,0
2348,4,3,1,1 2,2
2348,28,7,1 4,3 4 5 7 18,26
2348,776,42,1 4 28,2 6 9 14 26 27 37 87 264 362,2096
2349,1,1,,,0
2349,14,6,1,3 12,14
2350,1,1,,,0
2350,2,2,1,1,0
2350,3,3,1 2,,1
2350,21,6,1 2 3,1 5 9 14,15
2350,37,7,1 2 3 21,1 2 6 15,33
2350,84,17,1 2 3 21 37,2 3 16 32 54 63,128
2351,1,1,,,0
2351,6,2,1,1,0
2351,12,5,1 6,3,9
2351,165,22,1 6 12,1 2 4 6 8 9 23 100,307
2352,9,4,,3 7,3
2352,211,22,9,1 4 122,424
2352,680,40,9 211,1 2 8 9 13 16 25 316,1797
2353,144,21,,2 3 12 13 70 85,260
2354,7,3,,3,3
2354,746,41,7,2 9 10 55 84 87 92 549,2033
2356,1,1,,,0
2356,2,2,1,1,0
2356,33,7,1 2,1 2 4,30
2356,69,12,1 2 33,4 16 55,93
2357,1,1,,,0
2357,14,4,1,1 5 9,7
2357,717,40,1 14,1 2 3 7 30,1936
2357,954,43,1 14 717,2 20 252 291,2627
2358,3,1,,,0
2358,4,3,3,1 2,0
2358,18,6,3 4,3 4 5 7,9
2360,2,2,,1,0
2360,3,3,2,,1
2360,120,19,2 3,1 2 7 12 24 26 36 39 115,199
2360,125,20,2 3 120,1 110,215
2361,1,1,,,0
2361,394,29,1,1 84 88 94 110 140,922
2361,601,38,1 394,4 8 19,1577
2361,653,39,1 394 601,1 2 7 78 164 294,1712
2362,9,3,,1 5,2
2364,1,1,,,0
2364,62,12,1,1 5 14 28,86
2364,502,32,1 62,4 5 11 15 50 122 415 438,1293
2365,1,1,,,0
2365,30,8,1,4 7,29
2365,31,9,1 30,1 2 4 17,31
2365,115,18,1 30 31,1 2 7 12 24 26 36 39,192
2365,354,28,1 30 31 115,1 14 88 247 294,815
2365,918,42,1 30 31 115 354,2 4 10 29 90 99 218 660 917,2507
2365,976,43,1 30 31 115 354 918,1 2 5 9 86 224,2685
2366,5,2,,1,0
2366,113,17,5,4 56,188
2366,917,41,5 113,2 4 10 29 90 99 218 660,2505
2369,7,5,,3 4 5,2
2369,14,6,7,1 3 9,8
2370,1,1,,,0
2370,44,10,1,1 2,57
2370,55,11,1 44,4 16,75
2371,5,4,,3 4,1
2371,61,15,5,5 7 8,90
2371,63,16,5 61,2 3 16 32 54,97
2372,4,3,,3,1
2372,15,4,4,1 2 6,9
2372,159,20,4 15,1 5 11 14,300
2372,224,24,4 15 159,1 2 3 5 17 19 20 42 90,484
2373,1,1,,,0
2373,3,2,1,,0
2373,40,9,1 3,4 7 10,48
2373,56,14,1 3 40,6 36 37 48,80
2373,126,18,1 3 40 56,1 2 3 5 14 19 27 34,228
2373,155,19,1 3 40 56 126,124,282
2373,798,39,1 3 40 56 126 155,1 2 8 17 64 178,2157
2374,9,3,,1 3,3
2374,676,38,9,1 2 3 10 28 33 159,1796
2375,6,2,,2,0
2375,15,7,6,1 2 5 7 8,11
2375,31,8,6 15,2 3 4,35
2375,110,17,6 15 31,1,187
2375,136,18,6 15 31 110,2,247
2377,68,15,,2 9,99
2377,92,16,68,1 3 38 49,144
2377,374,28,68 92,2 4 9 10 14 28 30 31 54 80,873
2379,2,1,,,0
2379,17,7,2,1 2 4,18
2380,3,2,,1,1
2380,54,14,3,2 3 16 32,84
2380,226,25,3 54,1 7 197,489
2380,297,27,3 54 226,3 6 22 82 153,663
2381,1,1,,,0
2381,6,3,1,1 2,2
2381,48,13,1 6,6 36 37,71
2381,75,14,1 6 48,8,105
2381,114,15,1 6 48 75,1 2 3 4 5 26 35 46,195
2382,1,1,,,0
2382,8,6,1,1 2 5 7,6
2383,1,1,,,0
2383,7,5,1,1 2 5,5
2383,25,7,1 7,1 2 3 4,30
2383,132,17,1 7 25,1 7 12 24 25 71 92 93,235
2383,912,41,1 7 25 132,1 2 33 56 125 417 466,2503
2385,2,2,,1,0
2385,4,3,2,1 2,1
2385,5,4,2 4,1 2,3
2385,32,7,2 4 5,2 4 14,36
2386,1,1,,,0
2386,269,26,1,1 3 5 11 15 49,584
2386,569,37,1 269,1 11 78 274,1482
2387,2,2,,1,0
2387,235,25,2,1 2 21 26 33 64 72 130,503
2387,818,39,2 235,1 2 3 10 11 76 245 264,2224
2388,1,1,,,0
2388,2,2,1,1,0
2388,7,3,1 2,4,2
2388,51,13,1 2 7,3 32,72
2388,183,21,1 2 7 51,1 2 9 14 17 21 64 96,381
2388,428,31,1 2 7 51 183,1 3 4 16 21 24 42 61 149 210 382,1054
2388,733,38,1 2 7 51 183 428,2 5 7,1985
2389,1,1,,,0
2389,30,7,1,2,33
2389,208,24,1 30,3 44 56,451
2389,245,25,1 30 208,2 3 4 5 8 31 45 83 115,522
2391,4,2,,,1
2392,4,3,,1 2,1
2392,37,12,4,6 36,53
2392,54,13,4 37,2 12 39,74
2392,203,23,4 37 54,2 4,435
2392,933,41,4 37 54 203,1 3 4 8 22 33 52 53,2572
2393,1,1,,,0
2393,9,6,1,2 3 6 7,4
2393,29,10,1 9,2 3 4 6 9 18 19 27,31
2393,36,11,1 9 29,6,50
2393,66,12,1 9 29 36,2 3 5 11 13,83
2393,161,20,1 9 29 36 66,1 4 12 15 17 22 25 119,315
2393,693,37,1 9 29 36 66 161,2 3 7 9 11,1896
2394,2,2,,1,0
2394,532,36,2,1 22 75 153 525,1367
2394,963,41,2 532,2 43 52 143 416,2647
2395,1,1,,,0
2395,7,5,1,2 3 6,2
2395,27,9,1 7,2 3 4 6 9 18 19,28
2396,1,1,,,0
2396,6,4,1,2 3,1
2396,65,11,1 6,1 3 5 6 7 10,82
2396,766,38,1 6 65,1 2 3 6 8 15 113 683 743,2056
2398,28,9,,1 5 14,35
2399,3,3,,2,1
2399,4,4,3,1 2,2
2399,43,10,3 4,1 3,56
2399,162,20,3 4 43,1 2 3 46,321
2399,419,31,3 4 43 162,2 8 9 27 124 141 142 237 241,1039
2400,1,1,,,0
2400,2,2,1,,0
2400,102,16,1 2,2 4 28,181
2401,2,2,,1,0
2401,32,9,2,1 2 8,42
2401,525,35,2 32,1 22 75 153,1350
2402,1,1,,,0
2402,4,4,1,2 3,2
2402,32,9,1 4,2 3 16,43
2402,573,35,1 4 32,2 19 44 53 63 127 204 399,1505
2403,1,1,,,0
2403,3,3,1,2,1
2403,10,5,1 3,4 7,7
2403,14,6,1 3 10,2 4,11
2403,19,8,1 3 10 14,2 3 4 6 9 18,15
2404,1,1,,,0
2404,2,2,1,,0
2404,4,4,1 2,1 2 3,1
2404,18,7,1 2 4,2 3 4 6 9,12
2404,124,18,1 2 4 18,,210
2404,861,40,1 2 4 18 124,2 26 47 64,2360
2405,3,3,,1 2,1
2405,424,31,3,170 303,1060
2406,1,1,,,0
2406,2,2,1,1,0
2406,7,3,1 2,4,1
2407,1,1,,,0
2407,32,8,1,3,33
2407,39,9,1 32,2 12,38
2409,4,1,,,0
2409,16,7,4,4,11
2409,197,23,4 16,1 7,414
2409,490,34,4 16 197,1 14 18 257,1253
2409,800,39,4 16 197 490,1 2 106 275 744,2168
2412,2,2,,1,0
2412,14,7,2,1 5,11
2412,85,15,2 14,2 3 12 13 70,142
2413,1,1,,,0
2413,4,2,1,2,0
2413,9,6,1 4,2 3 4 6,3
2415,2,1,,,0
2415,47,12,2,1 5 16 17 23 41,53
2415,586,34,2 47,1 2 10 28,1542
2415,715,36,2 47 586,1 7 18 104 206 270 312,1940
2416,6,5,,2 3 4,2
2416,100,17,6,1 2 4 6 8 9 23,176
2416,118,18,6 100,2 4 7 8 10 25,206
2416,135,19,6 100 118,1 2 7 8 12 100 133,250
2416,219,24,6 100 118 135,13 14,468
2416,963,41,6 100 118 135 219,1 3 7 167 174 646,2669
2417,2,1,,,0
2418,4,4,,2 3,1
2418,9,5,4,1 4 6,6
2418,16,6,4 9,2 3,17
2418,133,17,4 9 16,1 2 7 8 12 100,246
2418,466,33,4 9 16 133,23 32 58 154 190 294 428,1189
2419,3,3,,2,1
2419,743,37,3,1 2 3 6 8 15 113 683,1996
2420,1,1,,,0
2420,2,2,1,,0
2420,49,13,1 2,1 3 38,59
2421,4,1,,,0
2421,5,2,4,1,0
2421,6,3,4 5,1 4,1
2421,41,11,4 5 6,1 5 16 17 23,42
2422,93,16,,1 7 12 24 25 71 92,156
2422,145,17,93,1 2 3 5 24 29 77 103,280
2422,154,20,93 145,2 25 31 60 128,314
2422,264,26,93 145 154,2 5 9 29,574
2422,590,34,93 145 154 264,1 8 16 17 72 146 214,1540
2423,4,2,,1,1
2423,6,3,4,,3
2423,56,13,4 6,4,76
2423,92,15,4 6 56,1 7 12 24 25 71,153
2423,660,35,4 6 56 92,4 5 8 38 92 210 363 470,1796
2424,8,4,,5 7,3
2424,31,5,8,1 7 14,21
2424,364,30,8 31,2 9 13 16 37 144 223,875
2425,1,1,,,0
2425,7,3,1,5,2
2425,8,4,1 7,1 2,3
2425,38,12,1 7 8,1 2 3 15 29,40
2425,294,27,1 7 8 38,1 14 88 247,662
2426,1,1,,,0
2426,770,38,1,11 17 83 482,2084
2427,1,1,,,0
2427,5,2,1,,0
2427,39,12,1 5,17,42
2427,70,14,1 5 39,2 3 12 13,111
2427,152,20,1 5 39 70,1 2 4 5 7 81,304
2428,60,13,,1 2 4 8 13,85
2428,438,31,60,4 5 11 15 50 122 415,1122
2428,453,32,60 438,1 6 50 80 101,1145
2428,492,33,60 438 453,1 2 3 5 9 10,1252
2431,2,2,,1,0
2431,3,3,2,2,1
2431,38,12,2 3,1 3,41
2431,562,33,2 3 38,1 3 5 7 8 11 16 23 33 38 59 127,1460
2432,1,1,,,0
2432,2,2,1,,0
2434,12,4,,2,6
2434,29,11,12,1 2 3 15,32
2434,153,22,12 29,1 2 25 38 46 86 121 123,319
2434,382,30,12 29 153,1 3 4 16 21 24 42 61 149 210,942
2435,37,12,,1 3 5 14,43
2435,119,15,37,1 4 12 15 17 22 25,227
2435,345,28,37 119,1 2 4 9 30 224 240 334,823
2435,352,29,37 119 345,4 34 68 114 126,846
2436,1,1,,,0
2436,3,2,1,,0
2436,9,3,1 3,2,2
2436,466,31,1 3 9,2 7 11 112 423,1203
2438,33,11,,2 26,37
2438,364,29,33,1 2 3 4 243,890
2439,3,2,,1,0
2439,23,10,3,1 5 16 17,23
2441,1,1,,,0
2441,14,3,1,1 7,5
2441,39,12,1 14,1 2 7 12 24 26 36,51
2441,66,13,1 14 39,1 2 4 9 10 17 63,109
2441,102,14,1 14 39 66,2 5 7 27 41 54,184
2441,122,15,1 14 39 66 102,1 4,236
2441,399,30,1 14 39 66 102 122,1 2 4 20 109,1018
2443,2,1,,,0
2443,326,27,2,3 6 7 9 11 28 119,768
2443,802,39,2 326,2 3 12 50 53 83 171 373 695,2184
2444,2,1,,,0
2444,36,11,2,1 2 7 12 24 26,49
2444,63,12,2 36,1 2 4 9 10 17,106
2444,71,13,2 36 63,1 7 12 24 25,119
2445,17,9,,1 5 16,19
2445,26,10,17,2,30
2445,211,24,17 26,1 2 3 6 35 69,453
2446,1,1,,,0
2446,13,6,1,2 3 5 11,7
2446,16,8,1 13,1 5,17
2446,334,27,1 13 16,1 2 4 9 30 224 240,799
2446,337,28,1 13 16 334,3 13 39 175 317,814
2447,237,25,,2 11 21 26 43 76,512
2448,1,1,,,0
2448,7,2,1,1,1
2448,8,3,1 7,,2
2448,11,5,1 7 8,2 3 5,4
2448,15,8,1 7 8 11,1 2 3,15
2448,125,18,1 7 8 11 15,19 37,259
2448,128,19,1 7 8 11 15 125,2 25 31 60,261
2448,524,32,1 7 8 11 15 125 128,1 2 26 38 57 74 219 334,1364
2449,17,8,,,18
2449,28,9,17,1 2 3 4 8,31
2449,46,10,17 28,1 2 3 4 5 26 35,67
2449,88,13,17 28 46,2 3 19 23 47 67,155
2449,603,34,17 28 46 88,1 2 3 5 73 123 239 278,1596
2451,1,1,,,0
2451,10,7,1,1 3 5 6 7,6
2451,79,12,1 10,1 2 5 10 12 18 24 28 40,125
2451,100,13,1 10 79,1 2 7 8 12,180
2451,237,26,1 10 79 100,1 2 4 14 198,516
2451,330,27,1 10 79 100 237,1 4 16 107 195 217 269,789
2451,360,29,1 10 79 100 237 330,1 2 4 10 14 18 20 72 77 224 266,867
2451,415,30,1 10 79 100 237 330 360,4 5 11 15 50 122,1062
2451,802,39,1 10 79 100 237 330 360 415,1 5 6 7 27 36 140 157,2170
2452,233,25,,2 12 50 62,503
2454,1,1,,,0
2454,5,4,1,2 3,2
2454,7,6,1 5,1 3 5 6,4
2454,26,8,1 5 7,1 2 7 12 24,32
2454,519,32,1 5 7 26,1 2 19,1355
2455,6,5,,1 3 5,4
2455,334,28,6,1 2 3 33 52 83 157 203,808
2456,1,1,,,0
2456,3,3,1,2,1
2456,5,4,1 3,1 3,2
2456,24,7,1 3 5,1 2 7 12,28
2456,149,22,1 3 5 24,2 11 28 84 98 114,306
2456,428,28,1 3 5 24 149,23 32 58 154 190 294,1083
2457,1,1,,,0
2457,2,2,1,,0
2457,5,3,1 2,1,2
2458,3,2,,1,0
2458,14,5,3,1 3 5,9
2458,709,37,3 14,1 2 4 6 76 115 135 141 338,1893
2460,1,1,,,0
2460,3,3,1,1 2,1
2460,35,8,1 3,1 2 3 4 5 26,49
2461,1,1,,,0
2461,2,2,1,1,0
2462,1,1,,,0
2464,103,15,,1 2 3 5 24 29 77,200
2464,123,21,103,1 2 25 38 46 86 121,259
2465,34,11,,1 2 3 5 14 19 27,59
2465,744,37,34,1 2 106 275,2015
2466,3,2,,1,0
2466,25,7,3,1 5 12,40
2466,121,20,3 25,1 2 25 38 46 86,256
2466,317,27,3 25 121,3 13 39 175,768
2466,889,40,3 25 121 317,1 9 90 148 270,2434
2467,5,4,,1 3,3
2468,1,1,,,0
2468,12,6,1,1 2 7,15
2468,824,39,1 12,1 2 8 18 315 649 731,2243
2469,1,1,,,0
2469,2,2,1,,0
2469,3,3,1 2,1,0
2469,8,5,1 2 3,1 2 3 4,6
2469,13,6,1 2 3 8,2 8,15
2469,26,7,1 2 3 8 13,1 2 3 4 5,36
2470,67,11,,2 3 19 23 47,120
2471,1,1,,,0
2471,3,3,1,1 2,1
2472,1,1,,,0
2472,2,2,1,1,0
2472,27,10,1 2,1 2 3 5 14 19,44
2472,215,25,1 2 27,1 2 3,469
2472,247,26,1 2 27 215,1 14 88,561
2473,1,1,,,0
2473,4,4,1,1 2 3,1
2473,7,5,1 4,1 2,5
2473,396,27,1 4 7,1 3 5 12,1018
2474,3,3,,1 2,1
2474,8,4,3,2,7
2474,28,10,3 8,2 4,45
2474,78,12,3 8 28,2 3 10 22 26 51,141
2474,183,24,3 8 28 78,1 2 6 39,392
2474,448,30,3 8 28 78 183,1 20 26 122 198 304,1140
2475,1,1,,,0
2475,2,2,1,1,0
2475,4,3,1 2,,1
2475,13,5,1 2 4,1 2 4 8,11
2475,21,7,1 2 4 13,2 11,28
2475,96,17,1 2 4 13 21,1 2 9 14 17 21 64,192
2475,151,23,1 2 4 13 21 96,7 10,310
2475,754,38,1 2 4 13 21 96 151,1 2 6 82,2040
2476,1,1,,,0
2476,131,22,1,51 82 126,268
2476,844,39,1 131,1 2 22 34 151 375,2300
2478,2,2,,1,0
2479,1,1,,,0
2479,4,3,1,1 2,2
2479,12,5,1 4,1 5,15
2479,423,29,1 4 12,2 7 11 112,1088
2479,683,36,1 4 12 423,1 2 3 6 8 15 113,1823
2480,1,1,,,0
2480,2,2,1,,0
2480,8,4,1 2,1 2 4,5
2480,19,9,1 2 8,1 2 3 5 14,26
2481,2,2,,1,0
2481,101,19,2,2 4 5 7 9 10 20 33 70,208
2481,126,21,2 101,51 82,258
2481,702,36,2 101 126,1 3 13 22 49 57 265 439 459,1880
2482,1,1,,,0
2482,462,31,1,1 2 5 7 13 19 21 42 69 141,1185
2482,538,32,1 462,5 10 13 34 38 278,1402
2484,1,1,,,0
2484,4,3,1,1 2,2
2484,6,4,1 4,1 3 5,4
2484,13,8,1 4 6,2 3 12,17
2485,1,1,,,0
2485,5,3,1,1 3,3
2485,11,6,1 5,2,13
2485,12,7,1 5 11,2 3,14
2485,14,8,1 5 11 12,1 2 3 5,16
2485,169,22,1 5 11 12 14,1 6 7 100 160,344
2485,217,24,1 5 11 12 14 169,1 3 6 8 40 64 215,471
2486,1,1,,,0
2486,2,2,1,1,0
2486,5,3,1 2,1,3
2486,69,14,1 2 5,1 2 5 6 47,127
2487,1,1,,,0
2487,3,2,1,1,0
2487,33,9,1 3,4 12 23 25,44
2487,215,23,1 3 33,1 3 6 8 40 64,464
2487,348,26,1 3 33 215,3 5 12 18 19 80 183,875
2489,1,1,,,0
2489,54,11,1,2 5 7 27 41,86
2490,1,1,,,0
2490,5,5,1,1 2 3 4,1
2490,17,6,1 5,1 2 4 9 10,15
2490,25,7,1 5 17,1 7 12 24,27
2490,40,9,1 5 17 25,1 2 5 10 12 18 24 28,46
2490,47,10,1 5 17 25 40,2 3 19 23,72
2490,77,14,1 5 17 25 40 47,1 2 3 5 24 29,135
2490,198,22,1 5 17 25 40 47 77,1 2 4 14,417
2490,958,42,1 5 17 25 40 47 77 198,1 2 6 7 17,2641
2491,1,1,,,0
2491,4,4,1,1 2 3,0
2491,24,6,1 4,1 7 12,25
2491,89,18,1 4 24,1 3 10 11 23 29,172
2491,114,20,1 4 24 89,2 11 28 84 98,220
2491,129,21,1 4 24 89 114,6 8 9 17 39 43,245
2492,3,3,,1 2,0
2492,130,20,3,1 2 21 26 33 64 72,251
2493,2,2,,1,0
2493,23,7,2,1 2 4 6 8 9,26
2493,268,24,2 23,2 3 23 50 53,602
2493,721,37,2 23 268,2 6 120 140 263,1949
2494,1,1,,,0
2494,2,2,1,,0
2494,3,3,1 2,2,0
2494,5,4,1 2 3,1 2 3,1
2494,160,20,1 2 3 5,1 6 7 100,314
2494,236,23,1 2 3 5 160,4 6 11 24 87 103,517
2495,2,1,,,0
2495,25,8,2,4 12 23,28
2495,440,30,2 25,23 60 75 117 278 413,1100
2496,3,3,,1 2,0
2497,2,2,,1,0
2497,10,5,2,1 2 4 9,4
2497,23,7,2 10,4 12,25
2498,1,1,,,0
2498,4,2,1,2,0
2498,9,4,1 4,1 2 4,2
2498,81,17,1 4 9,1 2 4 5 7,150
2498,194,20,1 4 9 81,2 3 4,405
2498,801,38,1 4 9 81 194,4 6 13 20 92 395,2162
2500,2,1,,,0
2500,231,23,2,2 4 5 17,511
2501,51,10,,2 3 10 22 26,82
2501,86,18,51,1 2 25 38 46,168
2501,93,19,51 86,2 3 7 20,178
2501,755,37,51 86 93,1 20 36 67,2035
2502,1,1,,,0
2502,28,8,1,1 2 5 10 12 18 24,25
2502,41,9,1 28,2 5 7 27,58
2503,4,3,,1 2,0
2503,12,4,4,1 7,9
2503,289,25,4 12,1 2 4,680
2503,454,31,4 12 289,1 2 3 6 37 231 362 382,1156
2504,698,36,,4 6 12 244 465,1857
2505,2,2,,1,0
2506,1,1,,,0
2506,24,7,1,1 2 5 10 12 18,21
2506,90,18,1 24,1 2 3 5 17 19 20 42,176
2506,126,19,1 24 90,1 5 11 16 19,241
2506,955,43,1 24 90 126,1 2 6 7 20 620 685,2640
2507,1,1,,,0
2507,9,6,1,1 2 4 6 8,8
2507,64,16,1 9,1 2 9 14 17 21,125
2507,98,18,1 9 64,2 11 28 84,187
2507,243,23,1 9 64 98,1 3 4 9 20 50 211,533
2507,397,29,1 9 64 98 243,2 18 19 210,1006
2508,1,1,,,0
2508,7,3,1,1,5
2508,8,5,1 7,1 2 4 6,6
2508,12,6,1 7 8,4,11
2508,47,13,1 7 8 12,1 2 5 6,81
2509,1,1,,,0
2509,2,2,1,,0
2509,25,7,1 2,2 4 7 8 10,23
2510,6,4,,1 2 4,4
2510,26,7,6,1 2 3 11,30
2510,511,32,6 26,2 5 17 46 114 460 467,1316
2510,579,35,6 26 511,1 2 3 6 77 302,1565
2511,1,1,,,0
2512,1,1,,,0
2512,4,3,1,1 2,2
2512,18,6,1 4,1 2 5 10 12,9
2512,70,17,1 4 18,2 4 5 7 9 10 20 33,134
2512,269,24,1 4 18 70,1 4 16 107 195 217,623
2513,1,1,,,0
2513,243,23,1,2 3 67 226,542
2514,1,1,,,0
2514,2,2,1,1,0
2514,23,7,1 2,2 3 19,27
2514,845,36,1 2 23,2 5 161,2288
2515,1,1,,,0
2515,46,13,1,1 2 3,74
2516,1,1,,,0
2516,4,2,1,,0
2516,27,7,1 4,2 5 7,31
2516,54,15,1 4 27,2 3 6 8 9 30 44,94
2516,60,16,1 4 27 54,2 25 31,109
2516,211,22,1 4 27 54 60,3 8 44 131 171,455
2516,556,34,1 4 27 54 60 211,2 9 178,1465
2517,14,6,,1 5 11,8
2517,615,34,14,1 5 9 11 21 27 50 53,1637
2518,12,5,,1 2 5 10,3
2518,19,6,12,2 3,22
2518,29,7,12 19,2 5 7 15 21,33
2518,190,20,12 19 29,2 16 23,387
2518,714,35,12 19 29 190,1 2 3 6 50 120 574,1906
2519,89,18,,4,165
2519,115,19,89,2 3 4 5 8 31 45 83,211
2519,522,33,89 115,1 14 24 50 81 145 241,1353
2519,630,34,89 115 522,2 5 13 55 77 90 410 621,1658
2520,1,1,,,0
2520,10,4,1,1 2 5,2
2520,11,5,1 10,1 5,5
2520,555,33,1 10 11,1 3 4 11 39,1471
2521,84,17,,2 11 28,154
2522,413,29,,23 60 75 117 278,1029
2523,303,25,,1 2 34 97 206 208 259,732
2524,10,5,,2 4 7 8,7
2524,153,18,10,3 6 22 82,313
2525,1,1,,,0
2525,5,3,1,1 2,1
2525,11,5,1 5,1 2 3,12
2525,82,17,1 5 11,51,155
2525,492,31,1 5 11 82,1 2 10,1267
2526,5,3,,1,3
2526,8,4,5,2 4 7,4
2526,21,6,5 8,2 5 7 15,24
2526,26,9,5 8 21,2 3 10 22,37
2526,42,13,5 8 21 26,3 5 7 8 14 17,72
2526,44,14,5 8 21 26 42,2 3 6 8 9 30,78
2526,303,25,5 8 21 26 42 44,170,736
2526,838,37,5 8 21 26 42 44 303,13 28,2266
2527,7,3,,2 4,4
2527,327,26,7,5 47 73 125 227,805
2527,865,40,7 327,1 93 165 234 716 740,2350
2527,883,41,7 327 865,4 6 9 11 16 21 43 399 655,2397
2528,1,1,,,0
2528,2,2,1,1,0
2528,621,33,1 2,2 5 13 55 77 90 410,1633
2529,1,1,,,0
2529,6,3,1,1 2,3
2529,25,12,1 6,1 4 12 15 17 22,37
2529,171,19,1 6 25,3 24 39 78,343
2530,1,1,,,0
2530,4,2,1,2,0
2530,22,8,1 4,2 3 10,30
2530,34,12,1 4 22,5 6 17 18,52
2530,226,22,1 4 22 34,2 3 67,497
2530,938,43,1 4 22 34 226,3 6 24 31 33 122 425,2577
2532,2,1,,,0
2532,15,5,2,2 5 7,16
2532,22,11,2 15,1 4 12 15 17,32
2532,243,23,2 15 22,1 2 3 9 11 22 31 52,549
2532,343,27,2 15 22 243,1 5 16 76 201,848
2533,2,2,,1,0
2533,3,3,2,1 2,1
2534,1,1,,,0
2534,2,2,1,1,0
2534,3,3,1 2,2,1
2534,179,21,1 2 3,5 24 49 159,368
2535,1,1,,,0
2535,2,2,1,,0
2536,7,3,,2 5,4
2536,37,11,7,19,69
2536,324,26,7 37,2 6 7 42 92 131 174,800
2536,688,33,7 37 324,1 2 4 8 30 45 49 53 106 369,1832
2537,1,1,,,0
2537,17,10,1,1 4 12 15,23
2537,104,17,1 17,6 9 23 61 91 97,192
2538,1,1,,,0
2538,5,2,1,2,2
2538,29,10,1 5,1 2 3 5 24,41
2539,1,1,,,0
2539,12,7,1,1 2 7 8,11
2539,15,9,1 12,1 4 12,19
2539,211,21,1 12 15,1 3 4 9 20 50,450
2539,828,37,1 12 15 211,1 3 27 174 336,2237
2540,1,1,,,0
2540,7,4,1,2 5,3
2540,30,9,1 7,2 3 6 8 9,47
2540,150,18,1 7 30,6 16 34,300
2540,240,23,1 7 30 150,1 2 4 9 30 224,540
2540,265,24,1 7 30 150 240,1 2 7 16,613
2540,352,27,1 7 30 150 240 265,1 3 7 14 15 97 149 171,861
2540,403,30,1 7 30 150 240 265 352,1 2 3 4 5 9 15 21 39 40 311,991
2541,2,1,,,0
2541,46,14,2,1 2 25 38,80
2541,47,15,2 46,1 9 31,84
2541,56,16,2 46 47,3 44,102
2542,5,3,,2,2
2542,10,7,5,2 3,11
2542,12,8,5 10,1 4,14
2543,1,1,,,0
2543,8,6,1,1 2 7,6
2543,24,8,1 8,1 2 3 5,30
2544,6,4,,1 4 5,2
2544,7,5,6,1 2,5
2544,97,16,6 7,6 9 23 61 91,171
2544,486,32,6 7 97,1 2 3 5 9 73 148 444,1237
2544,914,42,6 7 97 486,1 2 4 52 296 901,2492
2545,1,1,,,0
2545,2,2,1,,0
2545,5,3,1 2,1 4,0
2545,31,11,1 2 5,2 25,47
2545,164,20,1 2 5 31,1 2 8 24,319
2545,266,23,1 2 5 31 164,1 2 4 10 14 18 20 72 77 224,601
2546,4,2,,1,0
2546,18,7,4,5 6 17,20
2546,226,22,4 18,1 8 10 56 62,495
2547,17,6,,5 6,20
2549,1,1,,,0
2549,2,2,1,1,0
2549,3,3,1 2,2,1
2549,6,5,1 2 3,1 2 5,5
2549,33,12,1 2 3 6,2 4 5 7 9 10 20,53
2549,38,13,1 2 3 6 33,1 2 25,60
2549,124,17,1 2 3 6 33 38,1 2 4 15 48,236
2550,1,1,,,0
2550,2,2,1,,0
2550,4,3,1 2,1,1
2550,5,4,1 2 4,1 2,2
2550,21,9,1 2 4 5,1 2 9 14 17,29
2550,72,13,1 2 4 5 21,1 2 21 26 33 64,109
2550,74,14,1 2 4 5 21 72,3 10 13 16,115
2550,91,15,1 2 4 5 21 72 74,6 9 23 61,151
2550,695,34,1 2 4 5 21 72 74 91,2 3 12 50 53 83 171 373,1826
2551,17,8,,3 5 7 8 14,18
2551,25,10,17,2,34
2551,29,11,17 25,1 3 10 11 23,40
2551,83,13,17 25 29,2 3 4 5 8 31 45,128
2551,549,32,17 25 29 83,2 9 10 55 84 87 92,1445
2552,1,1,,,0
2553,1,1,,,0
2553,2,2,1,1,0
2553,44,12,1 2,3,70
2554,1,1,,,0
2554,14,7,1,3 5 7 8,14
2554,17,8,1 14,1 2 9 14,23
2554,19,9,1 14 17,,27
2554,42,11,1 14 17 19,1 2 3 5 17 19 20,58
2554,100,13,1 14 17 19 42,1 6 7,158
2554,147,19,1 14 17 19 42 100,2 4 5 17 20 29 134,269
2554,159,20,1 14 17 19 42 100 147,5 24 49,300
2554,399,30,1 14 17 19 42 100 147 159,1 2 6 8 12 13 114 326 371,971
2554,467,31,1 14 17 19 42 100 147 159 399,2 5 17 46 114 460,1168
2556,1,1,,,0
2556,51,11,1,,73
2556,171,20,1 51,3 8 44 131,341
2556,224,22,1 51 171,1 2 4 9 30,484
2557,1,1,,,0
2557,14,7,1,1 2 9,21
2557,23,8,1 14,1 3 10 11,30
2557,31,10,1 14 23,1 9,44
2557,901,41,1 14 23 31,1 2 4 52 296,2439
2557,933,42,1 14 23 31 901,4 5 8 10 21 133 158 220 391 681,2533
2558,1,1,,,0
2558,3,3,1,1 2,0
2558,6,5,1 3,5,4
2558,64,10,1 3 6,1 2 21 26 33,88
2559,2,2,,1,0
2559,4,3,2,1,1
2559,5,4,2 4,,2
2559,206,21,2 4 5,1 2 3 10 14 24 34 54 66 149 191,414
2559,243,22,2 4 5 206,1 2 3 4,534
2560,1,1,,,0
2560,8,6,1,3 5 7,5
2561,7,5,,3 5,5
2561,9,6,7,2 3 6 8,7
2561,339,28,7 9,1 5 6 11 25 134 173,812
2561,460,30,7 9 339,2 5 17 46 114,1146
2561,731,35,7 9 339 460,1 2 8 18 315 649,1912
2562,1,1,,,0
2562,5,4,1,1 2 3,0
2562,8,5,1 5,2 3 6,5
2562,9,6,1 5 8,1 2,8
2562,20,8,1 5 8 9,2 4 5 7 9 10,20
2562,25,9,1 5 8 9 20,1 2,26
2562,379,29,1 5 8 9 20 25,1 2 9 15 154 187 270 372,899
2562,734,35,1 5 8 9 20 25 379,2 6 34 100 112 130 156 496,1925
2563,5,4,,3,3
2563,102,15,5,1 2 3 10 19 23 48 90,161
2563,286,25,5 102,2 5 69,670
2563,333,27,5 102 286,2 8 38 137,794
2564,3,3,,1 2,0
2564,6,4,3,2 3,3
2564,217,21,3 6,1 4 16 107 195,463
2565,2,2,,1,0
2565,3,3,2,,1
2565,223,21,2 3,2 9 13 16 37 144,476
2566,1,1,,,0
2566,604,32,1,3 39 62 64 77,1545
2566,811,37,1 604,6 17 20 59 67 422 589,2154
2567,3,2,,2,0
2567,134,18,3,2 4 5 17 20 29,238
2567,259,24,3 134,1 2 34 97 206 208,586
2568,2,1,,,0
2569,2,2,,1,0
2569,11,7,2,1 3 10,7
2569,372,28,2 11,1 2 9 15 154 187 270,882
2570,1,1,,,0
2570,10,6,1,1 3,6
2571,263,24,,1 2 5 6 9 13 17 20 219,612
2572,7,5,,1 2 4 5,1
2572,10,7,7,2 4 5 7 9,7
2572,946,41,7 10,1 2 3 4 6 8 84 275 294,2532
2573,9,6,,2 4 5 7,7
2574,2,1,,,0
2574,5,4,2,1 2 4,0
2574,20,6,2 5,2 3 7,14
2574,191,20,2 5 20,1 2 3 10 14 24 34 54 66 149,384
2575,4,3,,1 2,0
2575,7,5,4,2 4 5,4
2575,90,14,4 7,1 2 3 10 19 23 48,142
2575,382,29,4 7 90,1 2 3 6 37 231 362,928
2576,20,7,,1 2 3 5 17 19,17
2576,399,29,20,2 19 44 53 63 127 204,984
2576,731,35,20 399,1 4 18 42 119 244 256 490,1915
2577,2,2,,1,0
2577,3,3,2,1,1
2577,5,4,2 3,2 4,2
2577,19,6,2 3 5,1 2 3 5 17,14
2577,28,7,2 3 5 19,2 11,23
2577,43,8,2 3 5 19 28,6 8 9 17 39,42
2577,241,23,2 3 5 19 28 43,2 8 9 27 124 141 142 237,541
2577,306,26,2 3 5 19 28 43 241,2 5 9 279,717
2577,571,31,2 3 5 19 28 43 241 306,1 2 4 20 63,1454
2578,1,1,,,0
2578,4,2,1,2,1
2579,1,1,,,0
2579,9,3,1,1,3
2579,17,5,1 9,1 2 3 5,10
2580,2,1,,,0
2580,61,11,2,6 9 23,82
2580,67,12,2 61,5 44,89
2580,144,19,2 61 67,1 8 78 89 91 118,275
2581,39,7,,6 8 9 17,36
2581,237,22,39,2 8 9 27 124 141 142,531
2581,456,30,39 237,2 10 21 58 183 195 285,1130
2581,663,33,39 237 456,1 3 51 97,1716
2582,371,28,,1 2 6 8 12 13 114 326,891
2585,2,2,,1,0
2585,126,18,2,1 5 13,227
2586,1,1,,,0
2586,86,16,1,4 9 10 42,146
2586,195,20,1 86,1 4 16 107,422
2586,203,21,1 86 195,1 2 3 33 52 83 157,442
2586,444,29,1 86 195 203,1 2 3 5 9 73 148,1104
2587,1,1,,,0
2587,7,3,1,2 3,1
2587,69,12,1 7,1 2 3 6 35,104
2587,224,21,1 7 69,1 2 4 10 14 18 20 72 77,487
2588,28,6,,1 3 4 6 14,23
2588,105,17,28,1 2 9 19 42,190
2588,313,27,28 105,2 19 23 64 249,751
2589,33,9,,1 2 21 26,36
2589,45,10,33,2 3 4 5 8 31,56
2590,294,26,,23 32 58 154 190,696
2590,771,36,294,2 15 233,2039
2591,1,1,,,0
2591,3,2,1,2,0
2591,4,3,1 3,2,1
2591,5,4,1 3 4,1 2 3,2
2592,2,1,,,0
2593,2,1,,,0
2593,3,3,2,1 2,0
2593,67,13,2 3,2 4 20 33 43 66,103
2593,947,41,2 3 67,2 17 18 42 86 186 287 402 692,2543
2594,2,2,,1,0
2594,3,3,2,,1
2594,11,4,2 3,2,4
2594,66,12,2 3 11,2 4 20 33 43,100
2595,1,1,,,0
2595,82,16,1,3 6 22,137
2595,362,28,1 82,1 2 3 6 37 231,877
2595,858,40,1 82 362,1 4 26 115,2296
2596,26,8,,1 2 21,25
2596,53,11,26,1 17 26 37,75
2596,131,18,26 53,3 8 44,253
2597,1,1,,,0
2597,72,15,1,1 2 9 10 24 36 63,116
2597,115,16,1 72,2 5 6 26 80,203
2598,1,1,,,0
2598,354,27,1,1 4 6 12 28 149 308,846
2598,1000,42,1 354,2 3 7 12 25 607 735,2662
2599,1,1,,,0
2599,7,2,1,1,1
2599,228,23,1 7,1 2 4 13 22 71 75 97,521
2600,647,33,,2 4 87 374,1685
2601,21,7,,1 2,21
2602,14,5,,1 3 4 6,8
2602,36,10,14,1 6 12 19 26,46
2602,438,27,14 36,1 9 48 101 146 395,1091
2603,2,1,,,0
2603,17,6,2,6 8 9,14
2603,31,8,2 17,2 3 4 5 8,36
2603,44,10,2 17 31,5,59
2604,4,2,,,1
2604,279,25,4,2 5 9,660
2605,1,1,,,0
2606,49,11,,1 3 5 11 15,69
2606,63,14,49,1 2 9 10 24 36,103
2606,118,17,49 63,1 8 78 89 91,230
2606,210,21,49 63 118,1 3 4 16 21 24 42 61 149,471
2608,1,1,,,0
2608,16,7,1,3 10 13,17
2608,76,14,1 16,2 11 21 26 43,122
2608,175,20,1 16 76,3 13 39,381
2610,6,4,,1 3 4,4
2611,1,1,,,0
2611,9,5,1,6 8,9
2611,13,6,1 9,3 10,14
2611,105,15,1 9 13,2 8 32 43 79,197
2612,1,1,,,0
2612,4,3,1,1 3,2
2612,8,4,1 4,6,7
2612,26,9,1 4 8,1 6 12 19,32
2612,37,10,1 4 8 26,1 17 26,52
2612,56,13,1 4 8 26 37,3 5 7 10 11 22,85
2613,1,1,,,0
2613,3,2,1,1,1
2613,19,7,1 3,1 5 11 16,18
2613,470,28,1 3 19,4 5 8 38 92 210 363,1223
2614,1,1,,,0
2614,6,2,1,,4
2614,10,3,1 6,3,7
2614,317,26,1 6 10,1 2 7 21 52,748
2615,1,1,,,0
2615,140,19,1,1 84 88 94 110,281
2615,219,23,1 140,1 2 5 6 9 13 17 20,509
2616,1,1,,,0
2616,10,4,1,7,6
2616,16,6,1 10,1 5 11,12
2616,149,19,1 10 16,1 2 3 10 14 24 34 54 66,293
2617,1,1,,,0
2617,43,11,1,2 4 20 33,61
2617,48,12,1 43,1 2 3 10 19 23,66
2617,344,26,1 43 48,3 6 19 109 320,836
2618,1,1,,,0
2618,23,9,1,6 9,28
2618,39,10,1 23,1 2 6,55
2618,208,22,1 23 39,1 2 34 97 206,469
2618,304,25,1 23 39 208,1 20 26 122 198,717
2619,7,3,,,4
2619,19,8,7,1 6 12,19
2620,1,1,,,0
2620,2,2,1,1,0
2620,95,14,1 2,1 2 3 6 7 22,164
2620,206,21,1 2 95,1 2 34 97,464
2621,1,1,,,0
2621,3,2,1,,0
2621,11,5,1 3,1 5,5
2621,14,7,1 3 11,13,12
2621,35,9,1 3 11 14,1 2 3 6,42
2621,407,26,1 3 11 14 35,1 3 13 342,996
2622,13,6,,,12
2622,78,13,13,3 24 39,123
2623,25,7,,1 2 5,26
2623,26,8,25,1 17,29
2623,62,12,25 26,2 12 50,89
2623,660,34,25 26 62,2 4 10 29 90 99 218,1703
2625,6,4,,1 3 4,1
2625,48,11,6,1 2 4 15,72
2625,223,23,6 48,1 9 21 30 100 101 211,513
2626,8,5,,2 3 4 5,6
2626,12,6,8,1 6,10
2626,112,18,8 12,1 2 4 8 9,201
2627,4,3,,1 3,1
2627,5,4,4,1,3
2627,33,7,4 5,2 4 20,41
2627,103,17,4 5 33,4 6 11 24 87,187
2627,227,23,4 5 33 103,5 47 73 125,523
2627,326,25,4 5 33 103 227,1 2 6 8 12 13 114,772
2628,1,1,,,0
2628,3,2,1,1,0
2629,5,4,,2 3 4,2
2630,1,1,,,0
2630,4,3,1,2 3,1
2630,42,10,1 4,4 9 10,58
2630,227,24,1 4 42,4 9 32 165,530
2631,1,1,,,0
2631,3,2,1,2,0
2631,88,14,1 3,1 14,155
2631,224,23,1 3 88,1 2 15 34 82 105 121,518
2632,2,1,,,0
2632,6,2,2,1,0
2632,8,3,2 6,1 2,2
2632,9,4,2 6 8,6,4
2632,17,5,2 6 8 9,1,13
2632,80,13,2 6 8 9 17,2 5 6 26,126
2632,157,20,2 6 8 9 17 80,1 2 3 33 52 83,328
2632,311,23,2 6 8 9 17 80 157,1 2 3 4 5 9 15 21 39 40,721
2632,480,28,2 6 8 9 17 80 157 311,5 120,1234
2632,631,33,2 6 8 9 17 80 157 311 480,2 4 9 23 407,1629
2633,36,9,,1 2 9 10 24,45
2633,91,16,36,1 8 78 89,162
2633,996,44,36 91,1 3 6 11 15 17 19 26 53 386,2667
2634,557,32,,1 4,1413
2635,6,3,,,4
2635,50,10,6,2 12,67
2635,89,15,6 50,1 8 78,160
2637,1,1,,,0
2637,79,13,1,2 8 32 43,135
2637,211,22,1 79,1 9 21 30 100 101,483
2638,1,1,,,0
2638,2,2,1,1,0
2638,64,12,1 2,1 3 6 8 40,103
2638,334,25,1 2 64,1 2 26 38 57 74 219,798
2639,1,1,,,0
2640,15,5,,1 3 5 11,12
2640,20,6,15,2 4,23
2641,1,1,,,0
2641,43,9,1,2 11 21 26,55
2641,320,24,1 43,3 6 19 109,768
2642,1,1,,,0
2642,5,2,1,,2
2642,23,6,1 5,1 2 3 10 19,23
2642,257,22,1 5 23,1 14 18,600
2643,1,1,,,0
2643,5,3,1,1 2,1
2643,87,15,1 5,4 6 11 24,152
2643,649,33,1 5 87,1 2 8 18 315,1672
2644,11,4,,1 3 5,7
2644,144,19,11,2 9 13 16 37,300
2644,308,23,11 144,1 4 6 12 28 149,721
2644,811,40,11 144 308,2 5 12 27 29 131 188 345 397 402,2154
2645,1,1,,,0
2645,24,8,1,1 2 9 10,30
2645,110,18,1 24,1 84 88 94,209
2645,395,25,1 24 110,1 9 48 101 146,963
2646,2,2,,1,0
2646,19,5,2,1 2 3 10,18
2646,22,7,2 19,3 5 7 10 11,22
2646,78,14,2 19 22,1 8,139
2646,152,19,2 19 22 78,1 13 27 28 120,311
2646,433,26,2 19 22 78 152,2 19 30 124 125 227,1101
2647,1,1,,,0
2647,7,3,1,1 6,1
2647,165,20,1 7,1 2 3 7 8 20 23 25 125,351
2648,1,1,,,0
2648,6,2,1,1,0
2650,5,3,,1 3,1
2650,6,4,5,1 2 3,3
2650,119,18,5 6,3 6 7 9 11 28,230
2651,6,4,,1 2,6
2651,42,11,6,1 2 9 19,65
2652,3,2,,1,1
2652,183,21,3,3 5 12 18 19 80,423
2652,249,22,3 183,2 19 23 64,585
2652,740,39,3 183 249,1 93 165 234 716,1948
2653,1,1,,,0
2653,3,3,1,1 2,1
2654,1,1,,,0
2654,2,2,1,1,0
2655,1,1,,,0
2655,2,2,1,1,0
2655,10,4,1 2,1 2 3,4
2655,22,8,1 2 10,3 6,24
2655,66,13,1 2 10 22,11,115
2656,1,1,,,0
2656,4,2,1,2,0
2656,34,10,1 4,6 16,47
2657,11,6,,3 5 7 10,5
2657,29,9,11,2 5 9,31
2657,195,21,11 29,3 19 45 63,443
2657,278,22,11 29 195,23 60 75 117,640
2657,424,27,11 29 195 278,10 12 66 102,1083
2657,748,39,11 29 195 278 424,1 2 25 44 81,1964
2658,2,1,,,0
2658,10,5,2,3 5 7,4
2658,15,7,2 10,1 2 4,14
2658,26,8,2 10 15,2 11 21,22
2658,574,32,2 10 15 26,1 2 3 6 50 120,1468
2659,10,6,,1 2 9,7
2659,170,20,10,,380
2660,1,1,,,0
2660,9,5,1,1 2,6
2661,7,4,,3 5,3
2661,39,8,7,3 24,48
2661,94,17,7 39,1 84 88,173
2661,126,18,7 39 94,4 34 68 114,254
2661,139,19,7 39 94 126,1 2 3 11 26 102,281
2662,3,3,,1 2,0
2662,10,5,3,4 9,6
2662,40,10,3 10,1 3 6 8,54
2662,171,20,3 10 40,4 18 19 42 55,379
2663,2,2,,1,0
2663,5,3,2,3,1
2663,9,4,2 5,4,4
2663,21,5,2 5 9,2 11,13
2664,1,1,,,0
2664,49,10,1,5 24,68
2665,3,1,,,0
2667,2,2,,1,0
2667,88,16,2,1 84,162
2667,112,17,2 88,1 2 3 13 14,223
2667,149,18,2 88 112,1 3 4 16 21 24 42 61,317
2668,1,1,,,0
2668,4,2,1,,0
2668,21,6,1 4,1 3 4,22
2668,52,12,1 4 21,1 6 10 34,82
2669,4,3,,1 2,0
2670,674,35,,2 3 11 13 15 42 83 200,1746
2671,2,2,,1,0
2671,6,3,2,3,2
2671,77,13,2 6,1 2 4 11 21 31 36 45 63,127
2671,80,14,2 6 77,2 4 9 10 14 28 30 31 54,142
2671,84,15,2 6 77 80,1,153
2671,270,22,2 6 77 80 84,1 2 9 15 154 187,613
2672,1,1,,,0
2672,29,9,1,2 4 5 17 20,34
2673,1,1,,,0
2673,11,2,1,2,3
2673,12,3,1 11,2,4
2673,43,11,1 11 12,2 8 32,63
2673,114,15,1 11 12 43,4 34 68,225
2673,353,24,1 11 12 43 114,1 2 3 7 55 60,841
2674,3,1,,,0
2674,14,5,3,1 2 4,10
2674,16,6,3 14,6,16
2674,19,7,3 14 16,1 2 9,21
2674,107,14,3 14 16 19,1 4 16,213
2674,201,21,3 14 16 19 107,1 5 16 76,452
2674,406,26,3 14 16 19 107 201,3 9 14 137,1025
2676,24,7,,3,25
2676,142,19,24,2 8 9 27 124 141,303
2676,716,38,24 142,1 93 165 234,1873
2677,1,1,,,0
2677,9,3,1,2 5,3
2677,141,18,1 9,2 8 9 27 124,301
2678,120,16,,1 13 27 28,238
2681,1,1,,,0
2681,5,2,1,2,2
2681,20,8,1 5,2 4 5 17,22
2681,61,12,1 5 20,1 2 3 6 9 19 36,95
2681,274,22,1 5 20 61,1 11 78,635
2682,2,1,,,0
2683,2,1,,,0
2683,44,11,2,3 8,73
2684,2,1,,,0
2684,3,3,2,1 2,0
2684,4,4,2 3,1 2,2
2684,6,5,2 3 4,,7
2684,9,6,2 3 4 6,1 2,11
2684,17,7,2 3 4 6 9,2 4 5,15
2684,32,10,2 3 4 6 9 17,2 8,45
2685,2,2,,1,0
2685,4,4,2,1 3,3
2685,23,8,2 4,2 16,21
2685,24,9,2 4 23,1 2 8,23
2685,63,11,2 4 23 24,1 2 4 11 21 31 36 45,96
2686,1,1,,,0
2686,2,2,1,1,0
2686,3,3,1 2,1,1
2686,26,8,1 2 3,2 5 6,26
2686,34,9,1 2 3 26,1 6 10,46
2686,174,20,1 2 3 26 34,2 6 7 42 92 131,385
2686,342,24,1 2 3 26 34 174,1 3 13,810
2686,488,31,1 2 3 26 34 174 342,4 7 28 87 108 383,1223
2687,1,1,,,0
2687,125,17,1,1 2 3 7 8 20 23 25,253
2688,1,1,,,0
2688,4,4,1,2 3,1
2689,3,3,,2,1
2689,24,8,3,5,25
2689,67,13,3 24,2 3,112
2689,456,30,3 24 67,4 14,1129
2690,1,1,,,0
2690,2,2,1,,0
2690,494,31,1 2,4 19 20 30 69,1236
2690,901,41,1 2 494,2 703,2367
2691,2,2,,1,0
2692,1,1,,,0
2692,16,7,1,2,10
2692,165,19,1 16,4 9 32,368
2692,924,43,1 16 165,1 5 70 168,2446
2693,22,7,,1 2 3 6 7,21
2693,925,43,22,3 4 15 86 159 670,2449
2694,8,6,,1 3 6,5
2694,50,10,8,2 4 13,71
2694,124,17,8 50,2 8 9 27,261
2694,190,20,8 50 124,23 32 58 154,420
2694,210,21,8 50 124 190,2 18 19,479
2696,5,4,,2 4,2
2696,6,5,5,1 3,4
2697,1,1,,,0
2697,3,2,1,,0
2697,4,3,1 3,2,0
2697,54,12,1 3 4,2 4 9 10 14 28 30 31,87
2697,134,17,1 3 4 54,1 2 4 7 39,285
2697,263,23,1 3 4 54 134,1 2 3 4 8 23 53 110,602
2698,13,4,,1 5,8
2698,24,9,13,1 7 8,32
2698,102,16,13 24,1 2 3 11 26,196
2698,828,39,13 24 102,1,2175
2699,2,1,,,0
2699,3,2,2,1,0
2699,18,8,2 3,1 2 3 10,19
2699,66,13,2 3 18,1 2 3 10 14 24 34 54,102
2700,50,11,,1 3 4 9 20,76
2701,1,1,,,0
2701,8,3,1,1 2,2
2702,903,42,,1 2 4 7 13 37 56 95 216 249 620 878,2380
2703,1,1,,,0
2703,45,10,1,1 2 4 11 21 31 36,65
2705,14,8,,1,20
2706,2,1,,,0
2706,5,3,2,1,2
2706,6,4,2 5,2 5,3
2706,24,8,2 5 6,4 6 11,31
2706,36,9,2 5 6 24,1 2 3 6 9 19,46
2706,83,15,2 5 6 24 36,1 2 3 33 52,164
2707,2,2,,1,0
2707,5,3,2,2,2
2707,10,7,2 5,1 2 3,11
2708,1,1,,,0
2708,5,3,1,,2
2708,7,5,1 5,1 2 3 6,2
2708,8,6,1 5 7,2,6
2708,53,12,1 5 7 8,2 3 23 50,79
2709,6,4,,1 2 3,2
2709,37,7,6,3 6 12,47
2710,1,1,,,0
2710,2,2,1,,0
2710,10,5,1 2,1 6,8
2710,11,6,1 2 10,,10
2710,62,13,1 2 10 11,1 8 10 56,107
2711,50,11,,2 3 23,73
2711,54,12,50,1 2 3 10 14 24 34,76
2711,114,15,50 54,1 5 6,233
2712,3,3,,1 2,0
2712,36,9,3,1 2 4 11 21 31,45
2713,2,2,,1,0
2713,413,29,2,1 3 27 39 52 353,1031
2714,1,1,,,0
2714,2,2,1,,0
2714,3,3,1 2,1 2,0
2714,6,4,1 2 3,1,3
2714,8,5,1 2 3 6,1 7,4
2714,17,6,1 2 3 6 8,2 4 5,15
2714,482,31,1 2 3 6 8 17,11 17 83,1207
2715,2,2,,1,0
2715,7,3,2,1,3
2716,1,1,,,0
2716,8,2,1,1,4
2716,56,12,1 8,1 8 10,92
2716,316,24,1 8 56,1 2 8 9 13 16 25,746
2716,722,38,1 8 56 316,3 6 12 13 15 39 194 274 508 518 596,1880
2717,31,8,,1 2 4 11 21,34
2717,351,25,31,1 6 8 32 33 66 74 139 166,855
2718,1,1,,,0
2719,1,1,,,0
2719,8,2,1,3,3
2719,11,4,1 8,4 6,5
2719,68,14,1 8 11,4 34,120
2719,574,32,1 8 11 68,1 3 4 9 11 34,1455
2720,31,10,,2 4 9 10 14 28 30,40
2720,294,23,31,1 2 7 78 164,683
2720,363,26,31 294,4 5 8 38 92 210,912
2721,1,1,,,0
2721,30,9,1,2 4 9 10 14 28,39
2721,171,20,1 30,1 3 7 14 15 97 149,372
2722,1,1,,,0
2723,1,1,,,0
2723,19,6,1,1 2 3 6 9,15
2723,28,8,1 19,2 4 9 10 14,36
2723,52,13,1 19 28,1 2 3 9 11 22 31,87
2723,657,37,1 19 28 52,1 2 10 14 17 75 188,1708
2724,3,1,,,0
2724,6,3,3,4,1
2724,198,21,3 6,1 20 26 122,435
2724,459,30,3 6 198,1 3 13 22 49 57 265 439,1135
2726,4,2,,,1
2726,5,3,4,2 4,1
2726,231,22,4 5,1 2 3 6 37,524
2727,1,1,,,0
2727,4,2,1,2,0
2727,21,7,1 4,1 2 4 11,20
2727,40,10,1 4 21,2 8 11 12 16 22 31,51
2727,44,11,1 4 21 40,4 5 7 8 13 15 38,64
2727,173,20,1 4 21 40 44,1 5 6 11 25 134,381
2727,878,41,1 4 21 40 44 173,1 2 4 7 13 37 56 95 216 249 620,2302
2729,2,1,,,0
2729,9,5,2,1 2 4 8,1
2729,97,14,2 9,1 2 34,197
2729,125,18,2 9 97,5 47 73,268
2729,131,19,2 9 97 125,2 6 7 42 92,283
2730,8,4,,1 2 4,1
2730,20,7,8,1 3 4 9,21
2730,97,15,8 20,1 2 4 13 22 71 75,198
2730,154,19,8 20 97,23 32 58,331
2730,489,31,8 20 97 154,1 2 3 4 7 9 25,1232
2731,1,1,,,0
2731,13,6,1,2 4,10
2731,34,7,1 13,1 2 3 10 14 24,38
2731,42,12,1 13 34,7 40,67
2731,109,17,1 13 34 42,1 2 4 20,235
2733,9,5,,1 2 3 6,5
2733,38,10,9,4 5 7 8 13 15,56
2733,40,11,9 38,7,65
2733,646,36,9 38 40,1 3 7 167 174,1671
2734,4,3,,1 2,0
2734,12,5,4,3 6,10
2734,77,13,4 12,1 2 4 10 14 18 20 72,139
2734,121,18,4 12 77,1 2 15 34 82 105,257
2734,198,21,4 12 77 121,2 4 10 18 23 103,426
2736,2,2,,1,0
2736,6,4,2,1 2 3,3
2736,31,9,2 6,2 8 11 12 16 22,39
2737,1,1,,,0
2737,11,5,1,1 2 4,9
2737,14,6,1 11,2 4 9 10,16
2737,52,12,1 11 14,1 2 3 33,91
2737,465,30,1 11 14 52,4 6 12 244,1144
2738,1,1,,,0
2738,23,6,1,2 3,26
2738,101,16,1 23,5 13 24 35 64 100,213
2739,3,3,,1 2,1
2739,72,12,3,1 2 4 10 14 18 20,129
2739,100,15,3 72,5 13 24 35 64,211
2739,184,20,3 72 100,2 3 4 9 67,397
2739,410,29,3 72 100 184,2 5 13 55 77 90,998
2740,1,1,,,0
2740,2,2,1,1,0
2740,4,3,1 2,2,1
2740,6,4,1 2 4,3,2
2740,618,35,1 2 4 6,1 2 18 210 250 328 361 527,1572
2741,1,1,,,0
2741,9,4,1,1 3 4,5
2741,10,5,1 9,2 4 9,8
2741,24,6,1 9 10,1 2 3 10 14,20
2741,28,9,1 9 10 24,3 6 7 9 11,31
2742,2,1,,,0
2742,9,4,2,2 4,7
2742,278,22,2 9,5 10 13 34 38,636
2743,3,1,,,0
2743,149,19,3,1 3 7 14 15 97,312
2744,4,3,,1 2,0
2744,31,10,4,1 2 3 9 11 22,43
2744,39,11,4 31,3 13,63
2744,122,18,4 31 39,4 5 11 15 50,263
2744,439,29,4 31 39 122,1 3 13 22 49 57 265,1071
2745,22,8,,2 8 11 12 16,21
2746,2,2,,1,0
2746,4,3,2,1 3,1
2747,1,1,,,0
2747,3,2,1,1,0
2747,4,3,1 3,2,1
2747,101,16,1 3 4,1 9 21 30 100,205
2748,100,15,,1 9 21 30,205
2749,1,1,,,0
2749,2,2,1,,0
2750,30,10,,1 2 4 9,47
2750,105,17,30,1 2 15 34 82,218
2751,14,5,,1 2 3 10,9
2751,16,7,14,2 8 11 12,13
2751,37,11,14 16,2 9 13 16,57
2751,830,40,14 16 37,3 34 497,2160
2752,1,1,,,0
2752,75,14,1,1 2 4 13 22 71,149
2752,285,22,1 75,2 10 21 58 183 195,657
2753,1,1,,,0
2753,3,3,1,2,1
2753,22,9,1 3,1 2 3 9 11,30
2753,34,10,1 3 22,4,51
2753,42,11,1 3 22 34,1 2 22,63
2753,219,21,1 3 22 34 42,1 2 26 38 57 74,481
2754,1,1,,,0
2754,2,2,1,,0
2754,78,14,1 2,3 4,153
2754,187,20,1 2 78,1 2 9 15 154,388
2755,10,4,,1 2 3,4
2755,12,6,10,2 8 11,7
2755,61,12,10 12,1 3 4 16 21 24 42,111
2755,80,14,10 12 61,3 5 12 18 19,165
2755,655,36,10 12 61 80,4 6 9 11 16 21 43 399,1677
2756,11,5,,2 8,7
2756,15,8,11,4 5 7 8 13,14
2756,33,9,11 15,1 2 3,50
2756,71,13,11 15 33,1 2 4 13 22,136
2757,1,1,,,0
2757,435,29,1,6 10 16 72 139 241,1055
2758,1,1,,,0
2758,3,2,1,2,0
2758,11,6,1 3,3 6 7 9,6
2758,13,7,1 3 11,4 5 7 8,10
2758,43,9,1 3 11 13,1 2 15 20 25,63
2759,2,1,,,0
2759,8,4,2,2,3
2759,137,19,2 8,2 8 38,282
2760,9,5,,3 6 7,4
2760,504,31,9,1 2 31 297 319,1257
2760,802,39,9 504,2 4 67 84,2084
2762,3,3,,1 2,0
2762,7,4,3,3 6,3
2762,10,5,3 7,1 8,9
2762,362,28,3 7 10,2 6 9 14 26 27 37 87 264,876
2763,2,2,,1,0
2763,6,3,2,3,2
2763,8,4,2 6,4 5 7,3
2764,1,1,,,0
2764,7,3,1,4 5,2
2764,8,4,1 7,1,4
2764,11,5,1 7 8,1 2 3 9,7
2764,39,10,1 7 8 11,2 6 34,59
2764,301,24,1 7 8 11 39,5 20,710
2765,2,1,,,0
2765,14,6,2,1 2 3 13,11
2765,16,7,2 14,1 4,19
2766,3,1,,,0
2766,5,2,3,4,0
2766,7,3,3 5,,2
2766,9,4,3 5 7,1 2 3,3
2766,13,5,3 5 7 9,1 2 3,7
2766,134,19,3 5 7 9 13,1 5 6 11 25,268
2767,4,1,,,0
2768,92,17,,2 6 7 42,178
2768,517,31,92,1 4 9 17 23 236 359 407,1275
2769,34,9,,2 6,50
2769,126,18,34,1 8 9 10 17 38 53 92,250
2769,220,21,34 126,2 3 4 9 43 67 160,470
2770,13,6,,3,15
2770,28,8,13,1 13 27,31
2770,709,38,13 28,2 3 4 66 396,1850
2771,1,1,,,0
2771,9,5,1,1 2 4,8
2771,27,7,1 9,1 13,29
2771,204,20,1 9 27,2 19 44 53 63 127,442
2772,3,3,,1 2,1
2772,16,6,3,2 9 13,15
2772,333,27,3 16,2 3 4 6 8 15 21 54 202,819
2773,1,1,,,0
2773,2,2,1,1,0
2773,22,6,1 2,1 2,22
2773,82,16,1 2 22,1 2 15 34,157
2773,153,18,1 2 22 82,1 22 75,307
2773,353,27,1 2 22 82 153,1 3 27 39 52,848
2773,387,28,1 2 22 82 153 353,3 19 33 41 229,915
2774,1,1,,,0
2774,26,6,1,1 2 3 11,25
2774,42,11,1 26,1 3 4 16 21 24,66
2774,90,17,1 26 42,1 2 3 4 13 22 87,177
2774,278,22,1 26 42 90,1 2 3 5 73 123 239,631
2774,793,38,1 26 42 90 278,1 4 10 12 34 38 123 133 341 625,2040
2775,13,5,,2 9,12
2775,64,14,13,5 13 24 35,122
2775,201,20,13 64,2 107,435
2776,1,1,,,0
2776,3,3,1,1 2,0
2776,4,4,1 3,1 2,2
2776,25,7,1 3 4,1 2 15 20,25
2776,685,37,1 3 4 25,1 2 6 7 20 620,1766
2777,2,2,,1,0
2777,4,3,2,1,3
2777,87,16,2 4,1 2 3 4 13 22,169
2778,1,1,,,0
2778,2,2,1,1,0
2778,55,13,1 2,4 18 19 42,96
2778,534,33,1 2 55,2 4 12 43 123,1323
2779,1,1,,,0
2779,9,3,1,2,4
2780,1,1,,,0
2780,3,2,1,,0
2780,69,14,1 3,2 5,127
2780,101,16,1 3 69,1 6 50 80,185
2781,20,6,,1 2 15,17
2781,73,15,20,5 47,134
2783,1,1,,,0
2783,4,2,1,,0
2783,39,12,1 4,1 2 4 9 14 33,63
2785,13,4,,1,9
2786,2,1,,,0
2786,3,3,2,1 2,0
2786,15,5,2 3,1 2,12
2786,742,37,2 3 15,1 2 3 8 11 14 25 122 174 293 322 502,1902
2787,2,2,,1,0
2787,25,10,2,1 2 3 7 8 20 23,33
2787,154,18,2 25,1 2 9 15,301
2787,302,26,2 25 154,1 2 3 6 77,743
2788,1,1,,,0
2788,4,3,1,1 2,0
2788,589,35,1 4,6 17 20 59 67 422,1491
2789,11,4,,1 2 3,5
2789,16,6,11,1 2 7,17
2789,23,9,11 16,1 2 3 7 8 20,29
2789,33,11,11 16 23,1 2 4 9 14,52
2789,63,14,11 16 23 33,3 19 45,114
2790,2,2,,1,0
2790,112,17,2,2 7 11,221
2790,382,28,2 112,1 2 5 7 13 20 26 50 53 230 322,909
2791,1,1,,,0
2791,20,8,1,1 2 4 10 14 18,20
2791,27,10,1 20,2 8 9,43
2791,42,12,1 20 27,4 18 19,72
2791,383,28,1 20 27 42,4 7 28 87 108,917
2791,537,34,1 20 27 42 383,2 6 7 83 293 520,1334
2792,20,8,,1 2 3 7 8,26
2792,24,9,20,1 3 4 16 21,35
2792,34,10,20 24,1 2,55
2792,39,11,20 24 34,1 2 4 7,62
2792,641,36,20 24 34 39,4 6 7 24 43 504,1616
2793,2,2,,1,0
2793,18,7,2,1 2 4 10 14,19
2794,1,1,,,0
2795,21,7,,1 3 4 16,32
2795,97,16,21,1 3 7 14 15,180
2797,1,1,,,0
2797,3,3,1,1 2,0
2797,6,5,1 3,2,8
2797,14,6,1 3 6,1 2 4 10,15
2798,2,2,,1,0
2798,4,4,2,1 2 3,3
2798,7,5,2 4,1 2,8
2798,214,20,2 4 7,1 8 16 17 72 146,455
2799,1,1,,,0
2799,2,2,1,1,0
2799,3,3,1 2,1 2,1
2799,76,15,1 2 3,1 5 16,137
2799,974,40,1 2 3 76,2 3 14 74 557,2499
2800,1,1,,,0
2800,2,2,1,1,0
2800,16,6,1 2,1 3 4,20
2800,122,17,1 2 16,1 20 26,229
2800,241,20,1 2 16 122,1 14 24 50 81 145,530
2800,496,31,1 2 16 122 241,2 6 34 100 112 130 156,1216
2800,624,35,1 2 16 122 241 496,1 2 10 15 103 475,1563
2801,1,1,,,0
2801,2,2,1,,0
2801,10,4,1 2,1 2 4,5
2801,80,15,1 2 10,1 6 50,137
2801,297,26,1 2 10 80,1 2 4 7 10 11,711
2803,1,1,,,0
2803,2,2,1,1,0
2803,92,15,1 2,1 8 9 10 17 38 53,165
2803,141,18,1 2 92,1 2 5 7 13 19 21 42 69,272
2803,149,19,1 2 92 141,1 4 6 12 28,286
2804,1,1,,,0
2804,8,5,1,1 2 3 7,5
2804,35,13,1 8,5 13 24,60
2804,532,34,1 8 35,7 9 17 89 208 345 351,1301
2805,1,1,,,0
2805,7,4,1,1 2 3,4
2805,22,8,1 7,1 2 4 13,31
2805,258,23,1 7 22,1 3 4 14 16 77 156 227,583
2806,9,4,,2,9
2806,131,17,9,1 3 51 62 80 88,243
2807,4,3,,1 2,1
2807,45,13,4,3 19,75
2807,47,14,4 45,5,78
2808,1,1,,,0
2808,14,7,1,1 2 4 9,17
2808,251,22,1 14,6 7 33 34 56 242,569
2808,268,25,1 14 251,1 2 3 12 13 15 80 116 125 189,628
2808,396,28,1 14 251 268,2 6 22 27,932
2808,520,33,1 14 251 268 396,2 6 7 83 293,1280
2809,2,2,,1,0
2809,3,3,2,1 2,1
2809,9,6,2 3,2 8,10
2809,109,16,2 3 9,2 5 6 8 10 46 86 101 104,190
2809,448,30,2 3 9 109,1 2 9 10 17 24 112 280,1084
2809,681,36,2 3 9 109 448,4 5 8 10 21 133 158 220 391,1744
2810,1,1,,,0
2810,2,2,1,1,0
2810,8,5,1 2,2,8
2811,1,1,,,0
2812,1,1,,,0
2812,4,4,1,1 3,2
2812,422,29,1 4,2 3 5 8 12 29 40 65 69 90 133 294,1018
2812,497,32,1 4 422,2 4 103 244,1209
2812,661,35,1 4 422 497,3 38 47 92 100 111 142 149 346 477 634,1685
2813,1,1,,,0
2813,2,2,1,,0
2813,3,3,1 2,1,0
2813,9,4,1 2 3,1 2 4,5
2813,239,21,1 2 3 9,1 2 3 5 73 123,525
2814,13,5,,1 2 4,14
2814,19,6,13,4 18,23
2814,20,10,13 19,1 2 5 6 9 13 17,25
2814,104,15,13 19 20,2 5 6 8 10 46 86 101,177
2814,983,41,13 19 20 104,2 7,2549
2815,1,1,,,0
2815,18,5,1,4,22
2815,24,12,1 18,5 13,35
2816,1,1,,,0
2816,2,2,1,,0
2816,19,11,1 2,3 5 12 18,28
2816,50,14,1 2 19,4 5 11 15,84
2816,529,32,1 2 19 50,1 2 3 55 71 181,1295
2817,17,9,,1 2 5 6 9 13,21
2817,18,10,17,3 5 12,27
2817,44,13,17 18,1 2 3 5 9 11 32 36,66
2817,101,14,17 18 44,2 5 6 8 10 46 86,167
2817,139,16,17 18 44 101,5 13 15,259
2817,242,21,17 18 44 101 139,6 7 33 34 56,538
2817,490,31,17 18 44 101 139 242,1 4 18 42 119 244 256,1179
2818,1,1,,,0
2818,4,3,1,1 2,1
2818,30,11,1 4,1 9 21,40
2818,42,12,1 4 30,2 6 7,59
2818,117,14,1 4 30 42,23 60 75,201
2818,227,20,1 4 30 42 117,1 3 19 130 175,484
2818,312,27,1 4 30 42 117 227,1 7 18 104 206 270,719
2818,697,35,1 4 30 42 117 227 312,7 10 263 545 564,1743
2819,6,4,,1 5,4
2819,22,10,6,1 2 3 13,33
2820,1,1,,,0
2820,2,2,1,1,0
2820,5,3,1 2,1,2
2820,20,9,1 2 5,1 2 4,26
2820,392,28,1 2 5 20,1 2 3 12 50 209 240,924
2821,1,1,,,0
2821,13,8,1,1 2 5 6 9,14
2821,34,9,1 13,1 2 15,42
2821,187,19,1 13 34,23 26 34,375
2823,1,1,,,0
2823,4,3,1,1 2,3
2823,12,8,1 4,3 5,17
2824,1,1,,,0
2824,2,2,1,1,0
2824,7,4,1 2,1 2 4,3
2825,1,1,,,0
2825,2,2,1,1,0
2825,9,7,1 2,1 2 5 6,7
2825,32,9,1 2 9,4 9,37
2825,36,10,1 2 9 32,1 2 3 5 9 11 32,43
2826,1,1,,,0
2826,13,7,1,5,12
2826,58,9,1 13,23 32,78
2826,61,10,1 13 58,1 2 15,81
2827,4,3,,1 2,0
2827,21,8,4,1 9,20
2828,4,4,,3,2
2828,6,6,4,1 2 5,4
2828,13,7,4 6,1 2 3,13
2828,534,32,4 6 13,2 3 5 6 69 235,1299
2829,2,2,,1,0
2829,3,3,2,,1
2829,4,4,2 3,,1
2829,5,5,2 3 4,1 2,1
2829,32,7,2 3 4 5,1 2 3 5 9 11,32
2829,103,13,2 3 4 5 32,2 4 10 18 23,160
2829,160,17,2 3 4 5 32 103,2 3 4 9 43 67,293
2829,338,27,2 3 4 5 32 103 160,1 2 4 6 76 115 135 141,757
2829,466,30,2 3 4 5 32 103 160 338,1 2 33 56 125 417,1102
2830,1,1,,,0
2830,5,4,1,3,2
2830,199,19,1 5,2 6 14,401
2831,50,8,,1 6,59
2831,138,16,50,3 4 5 89,251
2831,242,24,50 138,1 2 13 29 37 125 184 193,529
2831,527,31,50 138 242,1 2 18 210 250 328 361,1265
2832,2,2,,1,0
2832,3,3,2,,1
2832,86,11,2 3,2 5 6 8 10 46,124
2833,1,1,,,0
2833,19,4,1,3,13
2833,58,8,1 19,1 2 4 5 8 18 36,69
2834,5,1,,,0
2836,4,3,,1 2,0
2836,158,17,4,2 3 5,300
2836,159,18,4 158,1 2 3 7 112 154,303
2836,227,20,4 158 159,1 3 4 14 16 77 156,485
2837,64,10,,2 19 23,97
2838,2,2,,1,0
2838,3,3,2,1 2,1
2839,1,1,,,0
2839,2,2,1,1,0
2839,9,3,1 2,1,2
2839,114,15,1 2 9,1 2 6 8 12 13,192
2839,634,34,1 2 9 114,3 38 47 92 100 111 142 149 346 477,1588
2839,751,36,1 2 9 114 634,2 10 22 32 389,1868
2840,1,1,,,0
2840,15,4,1,1 2,8
2841,154,17,,1 2 3 7 112,294
2841,620,33,154,1 2 6 7 20,1552
2842,1,1,,,0
2842,22,7,1,1 2 3 4 13,23
2842,53,9,1 22,1 8 9 10 17 38,70
2842,195,19,1 22 53,2 10 21 58 183,396
2842,596,32,1 22 53 195,3 6 12 13 15 39 194 274 508 518,1464
2844,5,3,,2,1
2847,1,1,,,0
2847,2,2,1,,0
2848,9,4,,4,7
2848,127,15,9,2 19 44 53 63,244
2848,471,30,9 127,3 10 24 49 76 190,1128
2848,692,34,9 127 471,2 17 18 42 86 186 287 402,1738
2848,706,35,9 127 471 692,3 14 26 39,1776
2849,1,1,,,0
2849,3,2,1,,0
2849,5,3,1 3,,1
2849,88,14,1 3 5,1 3 51 62 80,140
2850,11,6,,1 2 3 5 9,9
2850,110,14,11,1 2 3 4 8 23 53,196
2850,164,18,11 110,1 2 7 78,322
2850,322,27,11 110 164,1 2 5 7 13 20 26 50 53 230,733
2851,13,6,,1 2 3 4,15
2851,15,7,13,4 5 11,19
2851,75,12,13 15,1 22,119
2852,1,1,,,0
2852,9,5,1,1 2 3 5,8
2852,32,6,1 9,23,38
2852,109,14,1 9 32,3 6 19,197
2852,227,24,1 9 32 109,2 19 30 124 125,514
2853,2,2,,1,0
2853,4,3,2,,2
2853,7,4,2 4,2 6,3
2854,1,1,,,0
2854,6,2,1,2,2
2854,183,18,1 6,2 10 21 58,372
2855,1,1,,,0
2855,11,5,1,4 5,11
2855,36,7,1 11,1 2 4 5 8 18,38
2855,369,27,1 11 36,1 2 4 8 30 45 49 53 106,860
2856,5,4,,1 2 3,2
2856,67,11,5,2 3 4 9,102
2856,407,28,5 67,2 4 9 23,960
2856,417,29,5 67 407,1 2 3 4 7 14 39 40 43,975
2857,1,1,,,0
2857,12,5,1,1 3 5,11
2857,38,8,1 12,1 8 9 10 17,46
2857,80,13,1 12 38,1 3 51 62,120
2857,781,38,1 12 38 80,1 3 4 13 34 85,1962
2858,2,1,,,0
2858,3,3,2,1 2,0
2858,38,8,2 3,2 8,49
2859,2,2,,1,0
2859,16,5,2,1 5,13
2860,1,1,,,0
2860,4,4,1,1 2 3,1
2860,75,12,1 4,23 60,110
2860,264,25,1 4 75,2 6 9 14 26 27 37 87,588
2860,270,26,1 4 75 264,1 7 18 104 206,607
2861,3,3,,1 2,1
2861,5,4,3,4,3
2861,23,5,3 5,,20
2862,1,1,,,0
2862,2,2,1,1,0
2862,4,3,1 2,,1
2862,333,25,1 2 4,2 3 4 8 35 299,753
2863,1,1,,,0
2863,735,37,1,2 3 7 12 25 607,1814
2864,5,3,,1 3,0
2866,3,2,,1,0
2866,127,16,3,1 3 5 7 8 11 16 23 33 38 59,227
2866,146,17,3 127,1 8 16 17 72,276
2868,1,1,,,0
2869,1,1,,,0
2869,97,14,1,3 7 35 60,171
2869,107,15,1 97,2,202
2869,135,16,1 97 107,1 2 4 17,258
2870,5,2,,1,1
2870,175,18,5,1 3 19 130,359
2870,678,34,5 175,1 5 22 32 298,1698
2872,15,5,,1 2,12
2872,46,10,15,2 5 6 8 10,63
2872,373,27,15 46,2 3 12 50 53 83 171,870
2873,1,1,,,0
2873,18,6,1,1 2 4 5 8,15
2873,182,19,1 18,5 6 19 20 47 63 135,384
2873,210,24,1 18 182,4 5 8 38 92,481
2873,374,27,1 18 182 210,2 4 87,874
2874,1,1,,,0
2874,9,4,1,2 5,6
2875,1,1,,,0
2875,6,2,1,1,2
2875,25,9,1 6,1 5 6 11,31
2875,60,11,1 6 25,23,89
2875,62,12,1 6 25 60,1 3 51,90
2875,69,13,1 6 25 60 62,1 2 5 7 13 19 21 42,108
2875,967,42,1 6 25 60 62 69,2 3 4 23,2472
2876,1,1,,,0
2877,15,7,,1 3 7 14,15
2877,78,12,15,1 11,130
2878,5,3,,2,3
2878,14,6,5,1 3 7,14
2878,17,7,5 14,1 8 9 10,17
2878,23,9,5 14 17,2 19,30
2878,407,27,5 14 17 23,1 4 9 17 23 236 359,949
2878,417,28,5 14 17 23 407,1 2 33 56 125,979
2878,853,39,5 14 17 23 407 417,1 12 71 511 521,2140
2879,1,1,,,0
2879,52,10,1,1 2 7 21,71
2880,1,1,,,0
2880,34,9,1,1 2 3 7 15,40
2880,89,13,1 34,3 4 5,156
2880,193,23,1 34 89,1 2 13 29 37 125 184,419
2881,1,1,,,0
2881,2,2,1,,0
2881,18,8,1 2,1 14,19
2882,19,8,,2,25
2882,148,16,19,1 2 3 5 9 73,293
2883,8,5,,1 2 4 5,5
2883,112,15,8,1 2 3 7,207
2885,1,1,,,0
2885,2,2,1,1,0
2885,7,5,1 2,1 3,7
2885,10,6,1 2 7,1 8 9,9
2885,14,7,1 2 7 10,1,14
2885,19,8,1 2 7 10 14,2 18,24
2886,1,1,,,0
2886,5,4,1,1 2 4,2
2886,9,5,1 5,1 8,7
2886,18,6,1 5 9,2,21
2886,51,9,1 5 9 18,1 3,65
2886,112,15,1 5 9 18 51,1 2 3 9 23 25,202
2886,225,24,1 5 9 18 51 112,1 4 20 84 114,509
2887,1,1,,,0
2887,4,3,1,1 2,1
2887,8,4,1 4,1,5
2887,189,23,1 4 8,1 2 3 12 13 15 80 116 125,414
2888,8,4,,2,6
2888,703,36,8,2,1736
2888,886,39,8 703,1 2 9 13 21 32 432,2212
2888,930,41,8 703 886,1 2 3 5 10 11 15 46 255 571,2367
2889,1,1,,,0
2889,2,2,1,1,0
2889,3,3,1 2,1,1
2889,11,4,1 2 3,1 5 6,5
2889,184,22,1 2 3 11,1 2 13 29 37 125,392
2889,792,38,1 2 3 11 184,21 471 517 564 569,1981
2890,1,1,,,0
2891,1,1,,,0
2891,11,4,1,2 7,7
2891,159,18,1 11,1 2 3 10 28 33,311
2894,1,1,,,0
2894,2,2,1,,0
2894,6,3,1 2,1 5,1
2894,146,17,1 2 6,1 9 48 101,286
2894,178,21,1 2 6 146,2 9,381
2894,457,28,1 2 6 146 178,155,1082
2895,5,2,,1,1
2895,7,3,5,2,3
2895,992,44,5 7,4 6 9 13 15 66 83 88 965,2575
2896,26,8,,1 20,28
2896,145,17,26,1 14 24 50 81,287
2896,299,24,26 145,2 3 4 8 35,671
2896,880,39,26 145 299,18 28 62 441,2204
2898,1,1,,,0
2898,74,13,1,1 2 26 38 57,126
2899,1,1,,,0
2899,2,2,1,,0
2899,15,5,1 2,1 2 3 7,6
2900,2,1,,,0
2901,978,42,,2 3 4 5 9 28 236 272 318 690,2541
2902,1,1,,,0
2902,2,2,1,,0
2902,20,7,1 2,1,21
2902,42,11,1 2 20,1 2 5 7 13 19 21,57
2902,166,20,1 2 20 42,1 6 8 32 33 66 74 139,351
2902,885,40,1 2 20 42 166,1 2 4 15 884,2226
2903,40,10,,1 2 3 4 5 9 15 21 39,47
2903,202,22,40,2 3 4 6 8 15 21 54,464
2903,884,39,40 202,1 2 4 15,2224
2904,22,7,,1,26
2904,39,9,22,1 2 3 4 5 9 15 21,46
2904,395,27,22 39,4 6 13 20 92,926
2906,60,12,,3 7 35,102
2906,506,29,60,2 4 12 213,1235
2906,719,37,60 506,1 2 6 10 11 22 304 330 508,1799
2907,1,1,,,0
2907,7,4,1,1 2 3,2
2907,53,11,1 7,1 2 3 4 8 23,86
2907,114,15,1 7 53,2 5 17 46,224
2907,156,19,1 7 53 114,1 3 4 14 16 77,329
2907,283,23,1 7 53 114 156,3 4 5 14 269,628
2907,313,26,1 7 53 114 156 283,2 6,729
2908,1,1,,,0
2908,10,6,1,2 5 6 8,6
2908,754,37,1 10,2 7 15 255 340 428,1867
2909,23,8,,2 4 10 18,28
2910,1,1,,,0
2910,8,5,1,2 5 6,5
2910,10,6,1 8,1 2 3 5 9,8
2910,21,7,1 8 10,1 2 7,21
2911,3,3,,1 2,0
2911,9,5,3,1 2 3 5,7
2911,57,11,3 9,1 2 12 19,93
2911,77,14,3 9 57,1 22 23 28 48 67 70,123
2911,113,15,3 9 57 77,4 21,217
2912,2,2,,1,0
2912,6,4,2,2 5,3
2912,23,7,2 6,,25
2912,63,12,2 6 23,2 19 44 53,109
2913,1,1,,,0
2913,5,3,1,2,2
2914,1,1,,,0
2914,9,5,1,2 3 4,8
2914,18,6,1 9,2 4 10,16
2914,930,41,1 9 18,1 4 6 16 44 53 233 409 657,2361
2915,5,4,,1 2 3,2
2915,57,11,5,1 2 26 38,92
2915,130,17,5 57,1 3 19,256
2915,172,21,5 57 130,2 3 4 21 35 138,392
2916,1,1,,,0
2916,2,2,1,,0
2916,999,45,1 2,7 12 18 136 247 409 548,2603
2917,3,3,,1 2,0
2918,2,2,,1,0
2918,70,13,2,1 22 23 28 48 67,108
2918,265,22,2 70,1 3 13 22 49 57,585
2919,1,1,,,0
2919,4,4,1,2 3,2
2919,292,24,1 4,2 3 5 47 264,664
2919,294,25,1 4 292,1 3 60 82,676
2920,1,1,,,0
2920,3,3,1,2,1
2920,37,10,1 3,1 2 3 6,54
2920,135,18,1 3 37,5 6 19 20 47 63,273
2920,518,31,1 3 37 135,3 6 12 13 15 39 194 274 508,1255
2921,1,1,,,0
2921,2,2,1,,0
2921,67,12,1 2,1 22 23 28 48,101
2921,269,22,1 2 67,3 4 5 14,588
2922,10,4,,2 4,5
2922,21,8,10,1 2 3 4 5 9 15,15
2922,53,11,10 21,2 19 44,89
2922,67,12,10 21 53,2 3 4 9 43,103
2922,965,43,10 21 53 67,4 6 9 13 15 66 83 88,2492
2923,21,9,,1 2 5 7 13 19,22
2923,868,39,21,19 27 48 49 70 85 155 283,2175
2924,7,3,,1 2,2
2924,28,9,7,1 4 6 12,32
2924,206,21,7 28,1 7 18 104,452
2925,1,1,,,0
2925,19,8,1,1 2 5 7 13,20
2926,15,4,,1 2 9,8
2926,60,11,15,3,90
2926,359,24,15 60,1 4 9 17 23 236,821
2926,749,37,15 60 359,1 3 6 12 27 50 664,1859
2928,4,3,,2,3
2928,15,7,4,1 2 3 4 5 9,11
2929,1,1,,,0
2929,2,2,1,1,0
2929,123,17,1 2,1 2 3 5 73,244
2929,139,18,1 2 123,1 6 8 32 33 66 74,288
2929,504,30,1 2 123 139,4 6 7 24 43,1214
2930,1,1,,,0
2930,2,2,1,,0
2930,508,30,1 2,3 6 12 13 15 39 194 274,1229
2931,13,7,,1 2 5 7,13
2931,35,9,13,3 7,55
2931,44,10,13 35,2 19,75
2931,229,21,13 35 44,3 19 33 41,490
2932,9,3,,1 2,3
2932,121,17,9,3 4 17,243
2932,153,20,9 121,1 3 5 25 59 95,342
2933,1,1,,,0
2934,3,2,,1,0
2934,9,6,3,1 2 3 4 5,4
2934,38,9,3 9,1 2 26,61
2934,59,11,3 9 38,1 3 5 7 8 11 16 23 33 38,88
2934,82,13,3 9 38 59,1 2 3 5 9 14 16 21 26,144
2934,275,23,3 9 38 59 82,1 2 106,610
2936,1,1,,,0
2936,78,12,1,1 2 7,138
2937,7,6,,1 2 5,8
2937,23,8,7,1 2 3 4 8,36
2937,747,37,7 23,6 9 26 108 303,1858
2938,5,5,,1 2 3 4,3
2938,133,17,5,8 9 10 21 22,278
2938,218,20,5 133,4 30 43 109,469
2939,2,2,,1,0
2939,4,4,2,1 2 3,2
2939,5,5,2 4,1 2,5
2939,101,16,2 4 5,1 9 48,194
2940,1,1,,,0
2940,3,3,1,1 2,1
2940,12,4,1 3,1 4 6,10
2940,13,6,1 3 12,1 2 6 8 12,13
2940,48,9,1 3 12 13,1 22 23 28,66
2940,72,11,1 3 12 13 48,1 8 16 17,121
2940,294,23,1 3 12 13 48 72,2 3 5 8 12 29 40 65 69 90 133,665
2941,1,1,,,0
2941,2,2,1,1,0
2941,12,5,1 2,1 2 6 8,11
2941,15,7,1 2 12,5 13,17
2941,264,22,1 2 12 15,1 2 3 10 11 76 245,575
2941,416,27,1 2 12 15 264,2 43 52 143,965
2942,1,1,,,0
2942,2,2,1,1,0
2942,4,3,1 2,1 3,2
2942,19,7,1 2 4,3 6,26
2942,230,20,1 2 4 19,1 2 5 7 13 20 26 50 53,494
2942,625,35,1 2 4 19 230,1 4 10 12 34 38 123 133 341,1524
2943,1,1,,,0
2943,3,2,1,1,1
2943,13,6,1 3,5,12
2943,19,7,1 3 13,4 8,25
2943,137,19,1 3 13 19,3 9 14,294
2944,1,1,,,0
2944,11,5,1,1,9
2945,1,1,,,0
2945,8,4,1,1 2 6,4
2945,319,23,1 8,1 2 31 297,721
2945,375,24,1 8 319,1 2 22 34 151,856
2946,1,1,,,0
2946,6,3,1,1 4,0
2946,26,8,1 6,1 2,32
2946,43,9,1 6 26,2 3 4 9,51
2947,6,3,,1 2,2
2947,264,22,6,2 3 5 47,581
2948,4,2,,1,0
2948,125,16,4,1 2 13 29 37,253
2948,233,20,4 125,3 4 150 194,496
2948,670,36,4 125 233,3 4 15 86 159,1643
2948,992,45,4 125 233 670,2 3 21 411 456 465,2553
2949,19,7,,1 2 12,22
2949,138,19,19,2 3 4 21 35,306
2949,475,29,19 138,1 2 10 15 103,1118
2951,1,1,,,0
2951,2,2,1,1,0
2951,5,3,1 2,,2
2951,6,4,1 2 5,1 2 3,2
2951,125,17,1 2 5 6,1 2 3 12 13 15 80 116,263
2951,241,20,1 2 5 6 125,6 10 16 72 139,511
2951,263,22,1 2 5 6 125 241,2 6 120 140,585
2951,564,33,1 2 5 6 125 241 263,7 10 263 545,1357
2952,1,1,,,0
2952,8,5,1,1 2 3 4,5
2952,391,26,1 8,4 5 7 215 241,891
2954,1,1,,,0
2954,3,3,1,1 2,0
2954,8,6,1 3,4,9
2954,19,7,1 3 8,1 2,22
2954,125,18,1 3 8 19,2 19 30 124,266
2955,2,2,,1,0
2955,6,5,2,3,6
2955,38,10,2 6,1 3 5 7 8 11 16 23 33,41
2955,124,17,2 6 38,2 19 30,263
2955,422,28,2 6 38 124,6 17 20 59 67,987
2956,1,1,,,0
2956,4,4,1,1 2 3,1
2956,12,5,1 4,1 2,9
2956,19,7,1 4 12,2,22
2957,3,3,,1 2,1
2957,73,15,3,1 2 3 5 9,126
2958,1,1,,,0
2958,2,2,1,1,0
2958,3,3,1 2,,1
2958,4,4,1 2 3,,1
2958,244,20,1 2 3 4,4 6 12,511
2958,923,42,1 2 3 4 244,1 5 7 14 785 796,2357
2959,1,1,,,0
2959,7,3,1,3,1
2959,431,28,1 7,1 4 7 16 32 54 79,1006
2959,792,38,1 7 431,6 15,1954
2960,14,6,,1 9,12
2960,28,7,14,1 22 23,20
2960,33,9,14 28,1 3 5 7 8 11 16 23,28
2960,81,15,14 28 33,1 14 24 50,140
2960,116,16,14 28 33 81,1 2 3 12 13 15 80,238
2960,245,21,14 28 33 81 116,1 2 3 10 11 76,516
2963,1,1,,,0
2963,3,2,1,,0
2964,5,5,,3 4,2
2964,92,15,5,1 2 37,177
2965,4,4,,3,2
2965,9,5,4,1,8
2965,23,6,4 9,1 22,15
2966,2,2,,1,0
2966,3,3,2,,1
2966,22,4,2 3,1,13
2966,60,14,2 3 22,1 2 3 7 55,95
2967,1,1,,,0
2967,236,20,1,1 2 34 168,495
2967,297,21,1 236,1 2 31,660
2970,1,1,,,0
2970,2,2,1,1,0
2970,23,8,1 2,1 3 5 7 8 11 16,16
2970,545,32,1 2 23,7 10 263,1307
2970,678,36,1 2 23 545,3 24 36 209,1645
2971,1,1,,,0
2971,2,2,1,1,0
2971,55,13,1 2,1 2 3 7,89
2972,1,1,,,0
2972,240,20,1,1 2 3 12 50 209,524
2972,558,32,1 240,1 2 41 119,1345
2973,1,1,,,0
2973,2,2,1,,0
2973,25,9,1 2,1 2 3 9 23,27
2973,28,10,1 2 25,1 2 10,33
2974,2,1,,,0
2974,34,9,2,23 26,45
2974,77,13,2 34,1 2 4 51,136
2974,582,34,2 34 77,54 120 284,1410
2975,23,8,,1 2 3 9,26
2975,46,12,23,2 5 17,75
2977,1,1,,,0
2977,16,7,1,1 3 5 7 8 11,9
2977,280,20,1 16,1 2 9 10 17 24 112,622
2977,315,22,1 16 280,1 2 8 18,697
2979,1,1,,,0
2979,58,12,1,2 10 21,103
2979,73,13,1 58,1 2 3 5,134
2979,102,15,1 58 73,10 12 66,219
2979,175,19,1 58 73 102,1 8,363
2980,9,5,,2 3 4,3
2980,556,33,9,1 13 33 37 47 79 234 401 517,1344
2982,1,1,,,0
2982,11,6,1,1 3 5 7 8,6
2982,26,8,1 11,23,38
2982,38,11,1 11 26,5 10 13 34,63
2983,3,1,,,0
2983,22,7,3,4 8,33
2983,153,18,3 22,1 2 3 9 13 133,324
2983,921,43,3 22 153,2 3 6 10 68 254 404 407,2347
2985,4,4,,2 3,1
2985,8,5,4,1 3 5 7,4
2985,23,7,4 8,,34
2985,351,25,4 8 23,7 9 17 89 208 345,788
2985,620,35,4 8 23 351,1 2 4 7 13 37 56 95 216 249,1500
2986,3,3,,2,1
2986,7,4,3,1 3 5,3
2986,34,10,3 7,5 10 13,56
2986,77,14,3 7 34,1 3 4 14 16,149
2986,748,36,3 7 34 77,1 2 3 162 407,1825
2986,928,44,3 7 34 77 748,2 3 4 7 10 15 16 28 246,2374
2987,1,1,,,0
2987,2,2,1,,0
2987,17,6,1 2,1 2 4,23
2987,194,19,1 2 17,3 4 150,408
2988,5,3,,1 3,1
2988,7,5,5,1 2 3,6
2988,545,32,5 7,1 2 10 379,1318
2988,675,35,5 7 545,1 2 3 14 15 16,1630
2988,842,40,5 7 545 675,1 2 3 4 11 74 81 373 414 595,2086
2989,5,4,,2 3,3
2989,9,5,5,1 2 3,10
2989,473,30,5 9,2 3 4 5 13 36 88 100 160,1145
2990,1,1,,,0
2990,3,2,1,1,0
2990,26,9,1 3,1 2 3 5 9 14 16 21,34
2990,95,16,1 3 26,1 3 5 25 59,204
2991,3,3,,2,1
2991,10,4,3,1 2,11
2991,50,12,3 10,1 14 24,85
2991,92,15,3 10 50,4 5 8 38,195
2991,345,24,3 10 50 92,7 9 17 89 208,768
2991,607,34,3 10 50 92 345,2 3 7 12 25,1446
2992,1,1,,,0
2992,2,2,1,,0
2992,3,3,1 2,1 2,0
2992,48,11,1 2 3,1 9,79
2992,63,13,1 2 3 48,5 6 19 20 47,112
2992,120,17,1 2 3 48 63,5,257
2992,202,19,1 2 3 48 63 120,1 2 3 4 27 33 38,416
2993,2,2,,1,0
2993,178,18,2,1 2 8 17 64,365
2994,1,1,,,0
2994,74,14,1,1 6 8 32 33 66,141
2994,134,17,1 74,1 5 8 63,276
2995,1,1,,,0
2995,3,3,1,1 2,1
2995,17,6,1 3,1 8 16,16
2995,21,8,1 3 17,1 2 3 5 9 14 16,24
2996,1,1,,,0
2996,2,2,1,1,0
2996,16,5,1 2,1 8,14
2996,80,14,1 2 16,1 2 3 12 13 15,163
2996,477,31,1 2 16 80,3 38 47 92 100 111 142 149 346,1142
2997,1,1,,,0
2997,8,4,1,4,8
2997,114,16,1 8,1 4 20 84,239
2997,290,21,1 8 114,8 13 16 37 39 76,627
2997,361,26,1 8 114 290,1 2 18 210 250 328,807
2997,368,27,1 8 114 290 361,1 2 4 5 26 121 141 296,832
2997,550,33,1 8 114 290 361 368,1 3 186 230 233 383,1311
2999,1,1,,,0
2999,2,2,1,1,0
3000,1,1,,,0
3000,4,3,1,1 2,2
3000,16,7,1 4,1 2 3 5 9 14,15
3000,51,12,1 4 16,1 2 4,84
3001,1,1,,,0
3001,4,3,1,,3
3001,249,19,1 4,4 5,529
3001,337,24,1 4 249,17 168,741
3002,1,1,,,0
3002,2,2,1,1,0
3002,14,6,1 2,1 2 3 5 9,11
3002,42,11,1 2 14,1 4 7,64
3002,66,13,1 2 14 42,1 6 8 32 33,120
3002,953,44,1 2 14 42 66,1 2 6 12 20 33 34 89 97 139 148,2429
3002,980,45,1 2 14 42 66 953,2 4 18 19 68 75 160 199,2507
3003,1,1,,,0
3003,21,9,1,4,25
3003,56,12,1 21,6 7 33 34,101
3003,133,16,1 21 56,1 2 3 9 13,265
3003,209,18,1 21 56 133,1 2 3 12 50,437
3004,8,2,,1,3
3004,17,8,8,2 5,21
3004,30,10,8 17,1 10,47
3006,1,1,,,0
3007,7,3,,1 2,4
3007,9,5,7,1 2 3 5,7
3007,10,6,7 9,1 2,11
3007,13,7,7 9 10,5 10,14
3007,25,9,7 9 10 13,1 2 8 9 13 16,35
3008,1,1,,,0
3008,47,10,1,5 6 19 20,77
3008,92,15,1 47,2 9 10 55 84 87,187
3010,1,1,,,0
3010,10,5,1,5,12
3011,1,1,,,0
3011,5,4,1,1 2 3,4
3011,399,27,1 5,4 6 9 11 16 21 43,916
3011,664,34,1 5 399,1 3 6 12 27 50,1592
3012,1,1,,,0
3012,2,2,1,1,0
3012,77,13,1 2,1 2 3 6,164
3013,1,1,,,0
3013,3,3,1,1 2,1
3013,87,14,1 3,2 9 10 55 84,178
3014,1,1,,,0
3014,2,2,1,1,0
3014,898,43,1 2,12 14 18 39 46 70 143 147 261 428 513 789,2255
3014,955,44,1 2 898,4 12 159,2446
3015,1,1,,,0
3015,2,2,1,1,0
3015,5,3,1 2,,2
3015,13,5,1 2 5,1 3,10
3015,14,6,1 2 5 13,2 6,12
3015,66,12,1 2 5 13 14,10 12,132
3015,847,41,1 2 5 13 14 66,1 2 11 54 305 522,2110
3016,1,1,,,0
3016,5,2,1,2,1
3016,16,8,1 5,1 2 8 9 13,17
3016,21,9,1 5 16,2 10,24
3016,84,13,1 5 16 21,2 9 10 55,166
3017,1,1,,,0
3017,24,8,1,1 14,28
3017,33,9,1 24,1 2 3 10 28,39
3019,2,1,,,0
3019,7,4,2,1 2 3,1
3019,13,7,2 7,1 2 8 9,14
3019,37,9,2 7 13,1 2,56
3019,517,32,2 7 13 37,1 13 33 37 47 79 234 401,1220
3020,4,1,,,0
3020,291,23,4,2 20 252,629
3020,806,39,4 291,1 2 21 23,1973
3021,9,5,,1 2 3 5,8
3021,726,37,9,2 3 4 33 48 133 312 713,1752
3021,975,45,9 726,1 5 12 13 71 93 128 144 182 203,2498
3022,28,7,,1 2 3 10,34
3023,3,3,,1 2,0
3023,6,4,3,2,5
3023,9,6,3 6,1 2 8,10
3024,2,2,,1,0
3024,8,5,2,1 2,9
3024,10,6,2 8,1,11
3025,1,1,,,0
3025,3,2,1,1,1
3025,5,4,1 3,1 2 3,3
3025,34,11,1 3 5,6 7 33,52
3026,1,1,,,0
3026,19,6,1,1 3,19
3026,31,9,1 19,1 2 3 6 20,44
3026,33,10,1 19 31,6 7,49
3026,59,12,1 19 31 33,1 3 5 25,111
3026,104,14,1 19 31 33 59,1 7 18,193
3026,141,17,1 19 31 33 59 104,1 2 4 6 76 115 135,260
3026,502,31,1 19 31 33 59 104 141,1 2 3 8 11 14 25 122 174 293 322,1170
3027,1,1,,,0
3027,2,2,1,,0
3027,3,3,1 2,1 2,0
3027,10,4,1 2 3,2,5
3027,14,5,1 2 3 10,1,9
3027,84,13,1 2 3 10 14,1 4 20,158
3027,847,41,1 2 3 10 14 84,2 3 4 7 13 27 44 71 658,2103
3028,2,2,,1,0
3029,1,1,,,0
3030,2,2,,1,0
3030,328,25,2,1 2 18 210 250,715
3031,1,1,,,0
3031,9,2,1,1,3
3031,150,17,1 9,3 4,284
3031,336,26,1 9 150,1 3 27 174,745
3032,135,16,,1 2 4 6 76 115,249
3033,1,1,,,0
3033,387,28,1,8 19 63 69 88 236 269,871
3033,952,44,1 387,1 8 10 17 854 893,2429
3034,713,36,,2 3 4 33 48 133 312,1716
3035,2,1,,,0
3035,20,8,2,5 6 19,26
3035,33,10,2 20,1 6 8 32,50
3035,168,16,2 20 33,1 2 34,322
3035,293,23,2 20 33 168,2 6 7 83,638
3036,17,6,,3 4,22
3036,19,7,17,5 6,25
3036,32,9,17 19,1 6 8,48
3036,37,10,17 19 32,1 2 13 29,59
3036,39,11,17 19 32 37,1 3 4 11,68
3037,1,1,,,0
3037,7,3,1,1 4,3
3037,20,6,1 7,1 2 3 6,27
3037,87,13,1 7 20,2 6 9 14 26 27 37,152
3039,1,1,,,0
3040,1,1,,,0
3040,4,2,1,1,1
3040,10,4,1 4,1 2 3,6
3042,1,1,,,0
3042,3,2,1,1,1
3042,331,26,1 3,7 9 13 23 68 185,742
3043,1,1,,,0
3043,425,30,1,3 6 24 31 33 122,1004
3044,1,1,,,0
3044,29,9,1,1 2 13,48
3044,30,10,1 29,1 2 3 7,51
3045,1,1,,,0
3045,20,8,1,5,30
3045,38,11,1 20,4 5 8,72
3045,55,12,1 20 38,2 9 10,106
3047,3,3,,1 2,1
3047,4,4,3,1 2,3
3047,5,5,3 4,1 2 3,5
3047,16,7,3 4 5,1 3 4 14,21
3047,109,15,3 4 5 16,4 30 43,194
3048,1,1,,,0
3048,2,2,1,1,0
3049,1,1,,,0
3049,2,2,1,1,0
3049,3,3,1 2,1 2,1
3049,4,4,1 2 3,3,3
3049,6,5,1 2 3 4,5,5
3049,14,6,1 2 3 4 6,1 3 4,14
3049,22,8,1 2 3 4 6 14,8 9 10 21,27
3049,30,10,1 2 3 4 6 14 22,2 19,51
3049,113,15,1 2 3 4 6 14 22 30,1 2 3 6 8 15,192
3049,236,20,1 2 3 4 6 14 22 30 113,1 4 9 17 23,482
3050,1,1,,,0
3050,2,2,1,1,0
3050,3,3,1 2,,1
3050,5,4,1 2 3,,2
3050,21,7,1 2 3 5,8 9 10,23
3051,1,1,,,0
3051,6,4,1,1 2 3,3
3051,54,12,1 6,2 3 4 6 8 15 21,97
3051,256,21,1 6 54,1 4 18 42 119 244,528
3051,877,43,1 6 54 256,4 5 6 10 31 33 82 97 101 117 259 337,2185
3052,7,5,,6,6
3052,35,11,7,2 3 4 21,63
3052,115,15,7 35,1 2 4 6 76,196
3053,1,1,,,0
3053,6,4,1,,5
3053,139,15,1 6,6 10 16 72,247
3053,402,29,1 6 139,2 5 12 27 29 131 188 345 397,916
3054,2,2,,1,0
3054,3,3,2,1 2,1
3055,1,1,,,0
3055,2,2,1,1,0
3055,255,22,1 2,1 5 183 238,528
3056,1,1,,,0
3058,8,4,,1 2 4,5
3058,38,11,8,1 12,65
3058,397,28,8 38,2 5 12 27 29 131 188 345,908
3059,4,3,,1 3,0
3059,90,13,4,2 5 13 55 77,148
3059,252,22,4 90,2 20,527
3060,3,2,,1,0
3060,5,3,3,,2
3060,8,5,3 5,1 6,5
3060,13,7,3 5 8,1 2,13
3060,19,9,3 5 8 13,2,30
3060,25,10,3 5 8 13 19,1 3 5,40
3061,10,6,,8 9,8
3061,15,8,10,1 2 3 12 13,22
3062,1,1,,,0
3062,4,3,1,1 2,1
3062,6,4,1 4,1,3
3062,9,5,1 4 6,8,5
3062,89,14,1 4 6 9,1 3 4 18 38 79,141
3062,438,29,1 4 6 9 89,1 2 7 38,1016
3063,1,1,,,0
3063,8,3,1,,4
3063,9,4,1 8,2,4
3063,13,7,1 8 9,1 2 3 12,15
3063,244,20,1 8 9 13,1 4 18 42 119,496
3063,355,27,1 8 9 13 244,4 175,778
3064,2,2,,1,0
3064,11,5,2,1 3 4,10
3064,12,6,2 11,1 2 3,13
3065,1,1,,,0
3065,63,11,1,1 5 8,97
3065,218,19,1 63,2 4 10 29 90 99,430
3065,244,20,1 63 218,2 4 103,495
3066,14,6,,3 9,17
3066,21,8,14,2 3 4,33
3066,108,14,14 21,4 7 28 87,186
3066,321,26,14 21 108,1 71 86 175 179,694
3066,556,32,14 21 108 321,3 5 43 149 240 376,1288
3067,1,1,,,0
3067,7,4,1,1 2 3,4
3069,1,1,,,0
3069,12,7,1,10,16
3069,296,25,1 12,1 2 4 5 26 121 141,631
3070,2,1,,,0
3071,2,2,,1,0
3071,3,3,2,1 2,1
3071,4,4,2 3,1 3,3
3071,9,5,2 3 4,3,10
3071,10,6,2 3 4 9,,11
3071,811,42,2 3 4 9 10,2 8 39 69,2013
3072,1,1,,,0
3072,2,2,1,1,0
3072,3,3,1 2,1,1
3072,77,12,1 2 3,2 5 13 55,112
3072,79,13,1 2 3 77,1 3 4 18 38,116
3072,238,21,1 2 3 77 79,1 5 183,480
3073,1,1,,,0
3073,3,3,1,1 2,1
3074,1,1,,,0
3074,2,2,1,1,0
3074,52,10,1 2,1 3 27 39,72
3074,140,16,1 2 52,2 6 120,259
3074,171,17,1 2 52 140,2 3 12 50 53 83,319
3074,265,22,1 2 52 140 171,1 2 4 17 28 178,534
3075,1,1,,,0
3075,8,4,1,4 5,3
3075,11,6,1 8,2 3 7 9,9
3075,29,9,1 8 11,2 3 5 10,38
3077,1,1,,,0
3077,2,2,1,,0
3077,3,3,1 2,,0
3077,9,5,1 2 3,2 3 7,6
3078,5,2,,4,0
3079,4,1,,,0
3079,7,4,4,2 3,4
3079,53,11,4 7,1 5 9 11 21 27 50,72
3079,175,18,4 7 53,1 7 8 18 20 46 129 146,329
3080,5,3,,1 3,1
3080,321,26,5,5 28 40 120 147,694
3080,936,43,5 321,6 10 54 84 93 106 139 328,2380
3082,3,2,,1,1
3082,50,10,3,1 5 9 11 21 27,70
3082,178,18,3 50,12 16 20,347
3083,1,1,,,0
3083,3,3,1,2,1
3083,4,4,1 3,2 3,2
3083,6,5,1 3 4,1 2 3,4
3083,19,8,1 3 4 6,2 14,22
3083,396,28,1 3 4 6 19,2 3 4 66,903
3083,543,33,1 3 4 6 19 396,1 3 22 34 283,1257
3084,1,1,,,0
3084,2,2,1,,0
3084,3,3,1 2,2,0
3084,12,4,1 2 3,1,6
3084,21,8,1 2 3 12,2 3 4 6 8 15,24
3084,81,11,1 2 3 12 21,1 3 17 28 36,109
3084,497,30,1 2 3 12 21 81,3 34,1122
3084,773,40,1 2 3 12 21 81 497,1 7 9 20 35 38 48 234 401 478,1860
3085,2,1,,,0
3085,63,10,2,1 2 4 20,76
3085,270,24,2 63,1 9 90 148,548
3085,796,41,2 63 270,1 5 7 14 785,1957
3086,3,3,,1 2,0
3086,445,29,3,2 8 25 120 148 161 195,1003
3087,2,2,,1,0
3087,11,6,2,1 2 4 7 10,5
3087,37,8,2 11,2 6 9 14 26 27,38
3087,39,9,2 11 37,1 3 27,44
3087,87,12,2 11 37 39,4 7 28,133
3087,308,25,2 11 37 39 87,1 3 121 135 180,651
3088,1,1,,,0
3088,10,5,1,1 2 4 7,4
3088,14,7,1 10,2,12
3088,833,41,1 10 14,4 40 307 664,2051
3090,10,6,,2 9,8
3090,15,7,10,2 3 4 6 8,16
3090,843,41,10 15,1 2 4 9 30 181 220 398,2079
3091,1,1,,,0
3091,7,4,1,1 2 4,3
3091,9,5,1 7,2,6
3091,20,6,1 7 9,1 4,19
3091,76,10,1 7 9 20,1 2 4 6,99
3092,893,42,,1 8 10 17 854,2237
3093,77,11,,3 39 62 64,103
3094,1,1,,,0
3094,4,3,1,1 2,2
3094,10,4,1 4,2 3 5,7
3094,55,9,1 4 10,2 5 13,63
3094,120,15,1 4 10 55,2 6,210
3094,183,18,1 4 10 55 120,2 3 4 7 9 32 68,341
3095,1,1,,,0
3096,1,1,,,0
3096,2,2,1,1,0
3096,157,17,1 2,1 5 6 7 27 36 140,280
3096,785,40,1 2 157,1 5 7 14,1928
3097,1,1,,,0
3097,8,5,1,2 3 4 6,6
3097,27,7,1 8,2 6 9 14 26,21
3097,993,44,1 8 27,1 2 6 18 421 864,2518
3098,2,1,,,0
3098,26,6,2,2 6 9 14,20
3098,463,29,2 26,3 12 105 192 221 289 327,1038
3098,960,43,2 26 463,7 22 31 51 93 166 675,2449
3099,5,3,,2 3,2
3099,6,4,5,2 3 4,4
3099,27,6,5 6,1 3,22
3099,375,27,5 6 27,1 5 118 226,846
3099,391,28,5 6 27 375,4 5 8 10 21 133 158 220,883
3099,475,29,5 6 27 375 391,1 41 45 82 160,1062
3100,1,1,,,0
3100,2,2,1,,0
3101,3,2,,2,0
3101,4,3,3,2 3,1
3101,133,16,3 4,2 3 5 8 12 29 40 65 69 90,236
3101,390,27,3 4 133,1 2 29 30 61 62 145 216 309,886
3102,2,1,,,0
3102,3,2,2,2,0
3102,241,23,2 3,4 5 7 215,474
3103,2,1,,,0
3103,106,14,2,1 2,167
3103,752,39,2 106,1 6 17 29 73 255,1792
3104,106,14,,2 5 6 11 14 32 33 55,169
3104,572,33,106,4 10 16 26 182 241,1312
3104,711,38,106 572,4 5 15 29 74,1685
3105,27,8,,1 5 9 11 21,24
3106,1,1,,,0
3106,64,10,1,3 39 62,79
3106,247,23,1 64,2 7 8 13 52 64,492
3106,292,25,1 64 247,1 2 3 4 24 26 28 60 87 100 222 224,613
3106,518,32,1 64 247 292,2 5,1177
3107,4,2,,1,0
3107,5,3,4,,1
3107,64,10,4 5,1 2 8 17,80
3108,62,9,,3 39,77
3108,146,17,62,1 7 8 18 20 46 129,262
3108,250,23,62 146,1 2 18 210,501
3110,1,1,,,0
3110,14,5,1,2 6 9,7
3110,345,25,1 14,2 5 12 27 29 131 188,758
3111,21,7,,1 5 9 11,19
3111,678,37,21,1 2 21 29 37 127 234 339 425,1580
3112,18,5,,1 7,16
3112,120,15,18,1 2 3 6 50,209
3112,569,35,18 120,21 471 517 564,1308
3113,1,1,,,0
3113,38,7,1,1 3 4 18,39
3113,43,8,1 38,4 30,46
3113,83,13,1 38 43,11 17,128
3113,140,16,1 38 43 83,1 5 6 7 27 36,246
3113,629,35,1 38 43 83 140,3 4 9 57 100 385,1455
3114,7,4,,2 5,3
3115,9,4,,2 6,5
3115,69,12,9,4 19 20 30,98
3116,5,3,,2,3
3117,1,1,,,0
3117,224,22,1,1 2 5 9 86,442
3117,508,32,1 224,1 2 6 10 11 22 304 330,1156
3117,564,34,1 224 508,21 471 517,1296
3117,831,41,1 224 508 564,1 2 5 13 16 106 183 554,2039
3118,1,1,,,0
3118,6,3,1,2,2
3118,106,14,1 6,1 2 4 8 30 45 49 53,181
3119,1,1,,,0
3119,2,2,1,,0
3119,41,8,1 2,3 19 33,41
3119,53,10,1 2 41,1 2 5 7 13 20 26 50,67
3120,8,4,,1 5,4
3120,72,12,8,6 10 16,100
3121,11,6,,1 5 9,8
3122,2,1,,,0
3122,50,9,2,1 2 5 7 13 20 26,64
3122,632,35,2 50,3 4 31 46 141,1468
3123,3,2,,1,0
3123,5,3,3,1,2
3123,7,4,3 5,1,3
3123,9,5,3 5 7,1 5,4
3123,13,6,3 5 7 9,1 2 3 9,6
3123,713,37,3 5 7 9 13,26 34 62 91 214 304 462,1682
3123,789,40,3 5 7 9 13 713,12 14 18 39 46 70 143 147 261 428 513,1912
3125,1,1,,,0
3125,129,16,1,1 7 8 18 20 46,229
3125,526,32,1 129,2 4 11 94 192 266 318,1187
3125,599,34,1 129 526,1 2 3 5 14 17 302 424,1378
3126,1,1,,,0
3126,30,7,1,4,28
3126,57,11,1 30,1 3 13 22 49,72
3127,1,1,,,0
3127,5,2,1,1,1
3127,9,4,1 5,1 2 3,2
3127,33,7,1 5 9,3 19,27
3127,183,20,1 5 9 33,1 5,349
3127,235,24,1 5 9 33 183,2 3 5 6 69,473
3127,346,26,1 5 9 33 183 235,3 38 47 92 100 111 142 149,770
3128,20,5,,1 2 4,11
3128,208,21,20,7 9 17 89,400
3128,215,22,20 208,4 5 7,418
3128,233,23,20 208 215,2 15,467
3129,1,1,,,0
3129,36,8,1,1 3 17 28,34
3129,76,11,1 36,1 2 3 10 11,108
3129,190,20,1 36 76,3 10 24 49 76,361
3131,1,1,,,0
3131,14,4,1,4,6
3131,39,8,1 14,3,41
3131,82,13,1 14 39,1 3 60,135
3131,854,41,1 14 39 82,1 8 10 17,2117
3131,903,42,1 14 39 82 854,1 4 17 20 21 29 169 235 321 337 368 395 424,2268
3133,3,3,,1 2,0
3133,18,6,3,1 3 4,13
3133,926,41,3 18,2 3 15 24 98 180 466,2350
3134,2,2,,1,0
3134,49,10,2,1 3 13 22,59
3135,1,1,,,0
3135,401,28,1,1 13 33 37 47 79 234,892
3136,13,5,,2 5,8
3137,28,7,,1 3 17,27
3137,632,36,28,65,1445
3138,1,1,,,0
3138,402,28,1,2 17 18 42 86 186 287,899
3140,156,19,,2 6 34 100 112 130,302
3141,1,1,,,0
3141,4,2,1,,1
3141,19,5,1 4,3,15
3143,1,1,,,0
3144,4,3,,1 2,1
3144,5,4,4,2,3
3144,90,14,4 5,2 3 5 8 12 29 40 65 69,163
3144,200,20,4 5 90,2 3 11 13 15 42 83,397
3145,1,1,,,0
3145,112,16,1,1 2 9 10 17 24,209
3146,2,2,,1,0
3146,8,4,2,1,6
3146,26,8,2 8,1 2 5 7 13 20,30
3146,28,9,2 8 26,4 7,37
3147,1,1,,,0
3147,2,2,1,,0
3147,4,3,1 2,1 3,0
3147,15,6,1 2 4,1 2 3 6 8,7
3147,82,13,1 2 4 15,1 2 6,137
3147,97,14,1 2 4 15 82,1 3 51,165
3148,3,2,,1,0
3148,17,6,3,1 3,12
3148,210,20,3 17,1 2 18,416
3150,1,1,,,0
3151,269,22,,8 19 63 69 88 236,565
3151,444,31,269,2 3 6 14 288 341,984
3151,806,40,269 444,1 2 4 5 29 162 259,1996
3152,1,1,,,0
3152,4,2,1,,1
3152,20,7,1 4,1 2 5 7 13,21
3153,1,1,,,0
3153,60,12,1,1 3,105
3154,8,5,,1 2 3 6,2
3154,17,6,8,1 2 8,15
3154,30,7,8 17,4 19 20,35
3154,379,27,8 17 30,1 2 10,851
3154,434,30,8 17 30 379,36 140 292 331 385,963
3154,610,35,8 17 30 379 434,4 17 36 49 50 340,1398
3155,55,10,,2 5 6 11 14 32 33,85
3155,78,13,55,2 15 20 70,136
3156,6,4,,1 2 3,2
3156,38,9,6,1 2 3 4 27 33,47
3156,522,33,6 38,1 9 10 12 24 33 125,1195
3157,3,2,,,1
3157,458,31,3,2 3 4 7 9 11 13 19 22 33 47 155,1031
3157,738,39,3 458,1 2 5 16 30 36 55 59 452,1790
3158,1,1,,,0
3158,234,20,1,1 93 165,493
3158,278,23,1 234,1 9 11 23 25 32 39 110 140 240,590
3158,581,34,1 234 278,1 3 4 14 30 88 355 441,1333
3158,998,41,1 234 278 581,1 2 10 18 24 107 592,2496
3159,3,3,,1 2,0
3159,13,5,3,1 2 5 7,14
3160,2,2,,1,0
3160,35,9,2,2 3 4 8,48
3160,87,15,2 35,2 4,154
3160,782,39,2 35 87,1 2 3 13 17 51,1912
3161,1,1,,,0
3161,6,4,1,1 2 4,4
3161,22,5,1 6,1 3 13,23
3161,33,8,1 6 22,1 2 3 4 27,39
3161,178,19,1 6 22 33,1 2 4 17 28,345
3162,1,1,,,0
3162,3,2,1,1,0
3162,50,11,1 3,1 2 3 12,82
3162,83,14,1 3 50,2 3 12 50 53,140
3162,296,25,1 3 50 83,1 2 4 52,656
3163,4,3,,1 2,2
3163,8,4,4,1 2,5
3163,45,9,4 8,2 3 10 15 23,61
3163,70,12,4 8 45,2 15 20,118
3164,1,1,,,0
3164,20,6,1,4 19,21
3164,47,10,1 20,2 3 5,73
3164,181,19,1 20 47,1 2 3 55 71,354
3164,274,23,1 20 47 181,3 6 12 13 15 39 194,578
3164,383,27,1 20 47 181 274,1 3 186 230 233,847
3164,517,33,1 20 47 181 274 383,21 471,1172
3165,1,1,,,0
3165,2,2,1,1,0
3165,7,4,1 2,1 2 5,4
3165,19,5,1 2 7,4,18
3165,69,13,1 2 7 19,2 3 5 8 12 29 40 65,114
3166,1,1,,,0
3166,130,18,1,2 6 34 100 112,240
3167,3,1,,,0
3167,5,3,3,1 2,2
3167,7,4,3 5,4,5
3167,27,7,3 5 7,1 2 3 4,25
3169,2,2,,1,0
3169,34,8,2,1 2,37
3169,65,12,2 34,2 3 5 8 12 29 40,107
3169,151,18,2 34 65,1 2 22 34,283
3169,288,24,2 34 65 151,7 15 29 35 51 156 169 257,623
3170,1,1,,,0
3170,2,2,1,1,0
3170,4,3,1 2,,2
3170,13,4,1 2 4,1 3,7
3170,125,17,1 2 4 13,1 2 33 56,224
3170,168,18,1 2 4 13 125,17,312
3171,1,1,,,0
3171,53,11,1,1 2 4 8 30 45 49,79
3171,120,16,1 53,15 22 23,208
3172,1,1,,,0
3173,267,23,,2 4 5 14 23 51 75 180,560
3173,310,24,267,59 87 219,691
3173,523,33,267 310,3 4 27 53 194 342,1167
3174,1,1,,,0
3174,224,21,1,1 2 3 4 24 26 28 60 87 100 222,455
3175,49,10,,1 2 4 8 30 45,77
3175,800,39,49,1 2 3 4 6 192 314,1956
3176,1,1,,,0
3176,14,5,1,3 4 5,7
3176,16,6,1 14,6 10,12
3176,222,20,1 14 16,1 2 3 4 24 26 28 60 87 100,451
3176,291,23,1 14 16 222,1 2 4 8,637
3176,532,33,1 14 16 222 291,4 9 14 22 26 46 63 150 176 236 406 488,1180
3176,857,40,1 14 16 222 291 532,1 2 5 10 13 89 230 231 817,2130
3177,1,1,,,0
3177,4,2,1,3,0
3177,27,8,1 4,2 6 22,27
3177,33,9,1 4 27,2 5 6 11 14 32,42
3178,3,1,,,0
3178,32,8,3,2 5 6 11 14,41
3179,17,7,,11,19
3179,45,9,17,1 2 4 8 30,67
3179,123,17,17 45,1 9 14 23 69,222
3180,3,2,,1,0
3180,4,3,3,,1
3182,1,1,,,0
3182,10,5,1,6,6
3182,22,7,1 10,2 6,21
3182,50,9,1 10 22,1 2 3 6,74
3182,244,22,1 10 22 50,1 4 20 35 42 61,492
3182,309,23,1 10 22 50 244,1 2 29 30 61 62 145 216,685
3184,99,15,,2 4 10 29 90,170
3184,112,16,99,2 6 34 100,204
3184,225,20,99 112,2 3 20 166,457
3184,236,21,99 112 225,8 19 63 69 88,478
3185,5,4,,3 4,1
3185,11,6,5,,14
3185,23,7,5 11,2 3 10 15,26
3185,472,32,5 11 23,1 5 6 9 18 188 242,1037
3185,565,34,5 11 23 472,2 4 55 305 416 553,1279
3186,4,3,,3,1
3186,6,4,4,,4
3186,174,18,4 6,1 2 9 147,333
3186,909,40,4 6 174,1 2 8 12 19 35 41 81 109 162 174 841,2276
3187,1,1,,,0
3187,3,2,1,,0
3187,4,3,1 3,1,0
3187,8,5,1 3 4,2 3 4,5
3187,657,36,1 3 4 8,1 4 6 16 44 53 233 409,1524
3188,119,16,,1 4 18 42,214
3188,185,19,119,7 9 13 23 68,368
3188,392,29,119 185,5,848
3189,67,12,,1 20 36,110
3189,123,17,67,2 4 12 43,224
3189,690,38,67 123,2 3 4 5 9 28 236 272 318,1649
3190,1,1,,,0
3190,4,4,1,1 2 3,0
3190,12,5,1 4,4 6,6
3190,674,37,1 4 12,1 9 17 21 26 30 376 477 558,1592
3191,3,3,,1 2,0
3191,4,4,3,2 3,2
3192,2,2,,1,0
3192,3,3,2,2,1
3192,53,11,2 3,2 3 12 50,78
3192,188,19,2 3 53,1 2 10 14 17 75,374
3193,1,1,,,0
3193,2,2,1,,0
3193,15,6,1 2,2 3 10,11
3193,51,10,1 2 15,1 3,72
3193,90,14,1 2 15 51,2 4 10 29,148
3193,174,18,1 2 15 51 90,1 3 27,334
3194,11,5,,1 2 3 10,6
3194,25,7,11,1 2 3 4 7 9,33
3194,30,8,11 25,1 2 4 8,41
3194,40,9,11 25 30,2 3 5 8 12 29,59
3195,10,4,,1 2 3,6
3195,50,8,10,2 3 12,69
3196,6,2,,4,0
3196,14,6,6,2 5 6 11,13
3196,100,15,6 14,2 6 34,173
3196,155,17,6 14 100,,283
3196,240,21,6 14 100 155,1 9 11 23 25 32 39 110 140,477
3197,553,33,,2 4 55 305 416,1241
3198,4,1,,,0
3198,6,3,4,2,2
3198,10,4,4 6,2 3,6
3198,161,17,4 6 10,2 5,297
3198,595,35,4 6 10 161,1 2 3 10 50 56 118 162 334 401 421 554 589,1344
3199,11,5,,2 5 6,10
3199,213,20,11,2 4 12,424
3199,428,31,11 213,2 54,943
3199,660,36,11 213 428,1 2 4 5 13 33 82 267 383,1534
3200,12,5,,1 2 3,16
3200,257,21,12,7 15 29 35 51 156 169,538
3200,276,22,12 257,18 48 62 91 140,593
3201,2,2,,1,0
3201,64,11,2,2 26 47,106
3201,389,30,2 64,2 10 22 32,826
3201,960,40,2 64 389,1 2 8 67 138 286 517 666,2354
3202,1,1,,,0
3202,2,2,1,,0
3202,3,3,1 2,1 2,0
3202,168,17,1 2 3,2 10 13 46,321
3202,980,40,1 2 3 168,1 2 3 9 24 26 100 218,2428
3203,2,2,,1,0
3203,385,29,2,36 140 292 331,816
3204,1,1,,,0
3204,6,4,1,2 5,4
3204,589,34,1 6,1 2 3 10 50 56 118 162 334 401 421 554,1327
3205,3,2,,2,0
3205,5,3,3,2,3
3205,29,7,3 5,2 3 5 8 12,42
3205,174,18,3 5 29,1 3 7 167,335
3205,367,28,3 5 29 174,10 35 53 144,778
3205,500,31,3 5 29 174 367,2 5 9 374,1084
3206,2,1,,,0
3206,5,4,2,2 3,3
3206,103,16,2 5,2 4,177
3206,322,26,2 5 103,1 2 3 8 11 14 25 122 174 293,674
3206,517,31,2 5 103 322,2 3 6 36 51 55 374,1133
3207,2,2,,1,0
3207,92,15,2,4 6 13 20,157
3207,148,16,2 92,1 9 90,268
3208,1,1,,,0
3208,2,2,1,,0
3208,3,3,1 2,2,0
3208,6,4,1 2 3,2,6
3208,46,8,1 2 3 6,1 7 8 18 20,61
3208,179,19,1 2 3 6 46,1 71 86 175,341
3208,639,35,1 2 3 6 46 179,6 272,1457
3209,2,1,,,0
3209,3,3,2,1 2,0
3209,68,13,2 3,2 3 4 7 9 32,103
3210,2,2,,1,0
3210,3,3,2,1,1
3210,9,6,2 3,1 2 3 4 7,5
3210,471,30,2 3 9,21,1028
3210,521,32,2 3 9 471,1 12 71 511,1139
3211,1,1,,,0
3211,76,14,1,8 13 16 37 39,119
3211,678,35,1 76,6 7 312 380 434,1592
3212,1,1,,,0
3212,2,2,1,,0
3212,7,5,1 2,1 2 3 4,2
3212,167,17,1 2 7,1 3 7,313
3212,175,18,1 2 7 167,1 71 86,329
3213,20,6,,2 15,23
3213,147,16,20,1 2 9,263
3214,1,1,,,0
3214,6,5,1,2,5
3214,143,15,1 6,2 43 52,252
3214,608,34,1 6 143,1 2 4 152,1376
3215,1,1,,,0
3215,4,4,1,1 2 3,0
3215,180,18,1 4,1 3 121 135,338
3216,3,3,,1 2,0
3216,8,4,3,1 2 4,3
3216,557,33,3 8,2 3 14 74,1209
3216,658,34,3 8 557,2 3 4 7 13 27 44 71,1525
3216,817,39,3 8 557 658,1 2 5 10 13 89 230 231,1988
3217,2,2,,1,0
3217,36,7,2,1 5 6 7 27,38
3218,1,1,,,0
3218,2,2,1,,0
3218,15,5,1 2,2,14
3218,47,10,1 2 15,2 26,68
3218,61,13,1 2 15 47,11,89
3220,4,3,,1 2,0
3220,36,8,4,1 20,45
3220,488,30,4 36,4 9 14 22 26 46 63 150 176 236 406,1044
3220,511,31,4 36 488,1 12 71,1112
3222,2,2,,1,0
3222,12,6,2,2 3 5 8,13
3223,1,1,,,0
3223,6,3,1,1 2,1
3223,548,32,1 6,1 2 15 28 64 283,1186
3224,141,15,,1 2 4 5 26 121,255
3224,294,25,141,1 2 3 4 6 8 84 275,602
3226,1,1,,,0
3226,6,4,1,1 2 3,5
3226,8,5,1 6,2 3 5,9
3226,27,6,1 6 8,1 5 6 7,27
3226,341,27,1 6 8 27,1 4 10 12 34 38 123 133,713
3226,736,38,1 6 8 27 341,3 4 54 88 165,1760
3226,864,39,1 6 8 27 341 736,1 2 6 18 421,2113
3227,2,2,,1,0
3227,3,3,2,1,1
3227,59,13,2 3,,89
3227,165,17,2 3 59,1 93,311
3228,1,1,,,0
3229,1,1,,,0
3229,3,3,1,1 2,1
3229,5,4,1 3,2 3,4
3230,1,1,,,0
3230,2,2,1,1,0
3230,43,12,1 2,1 2 3 4 7 14 39 40,54
3231,1,1,,,0
3231,2,2,1,,0
3231,3,3,1 2,2,0
3231,182,20,1 2 3,2 161,346
3232,2,1,,,0
3233,12,4,,2 3,5
3233,24,8,12,1 2 9 10 17,26
3233,31,9,12 24,1 2,41
3233,40,11,12 24 31,1 2 3 4 7 14 39,47
3233,69,13,12 24 31 40,1 9 14 23,104
3234,20,7,,1 7 8 18,18
3234,39,10,20,1 2 3 4 7 14,46
3234,327,26,20 39,3 12 105 192 221 289,677
3234,428,29,20 39 327,2 7 15 255 340,902
3235,112,14,,1 8 30,196
3235,293,25,112,1 2 3 8 11 14 25 122 174,599
3235,595,33,112 293,1 2 3 4 11 74 81 373 414,1329
3236,18,6,,1 7 8,18
3236,20,7,18,1,22
3239,1,1,,,0
3239,26,9,1,2,39
3239,56,12,1 26,1 2 33,86
3239,554,32,1 26 56,1 2 3 10 50 56 118 162 334 401 421,1226
3240,17,6,,1 2 9 10,22
3240,20,7,17,12 16,27
3240,23,8,17 20,2 4 9,31
3241,1,1,,,0
3241,3,2,1,1,1
3241,567,32,1 3,3 4 7 60 316,1281
3242,1,1,,,0
3242,3,3,1,2,1
3243,1,1,,,0
3243,2,2,1,,0
3243,4,3,1 2,2,1
3243,76,12,1 2 4,3 10 24 49,116
3243,143,16,1 2 4 76,2 4 7 17,259
3243,166,19,1 2 4 76 143,2 3 20,306
3243,175,20,1 2 4 76 143 166,4,322
3243,275,24,1 2 4 76 143 166 175,1 2 3 4 6 8 84,555
3243,386,28,1 2 4 76 143 166 175 275,1 3 6 11 15 17 19 26 53,824
3244,16,6,,12,20
3244,121,14,16,1 2 4 5 26,212
3244,194,20,16 121,3 6 12 13 15 39,368
3244,950,41,16 121 194,2 6 31 78 516,2325
3245,1,1,,,0
3245,2,2,1,,0
3245,5,3,1 2,4,1
3245,32,7,1 2 5,2 3 4 7 9,36
3245,83,13,1 2 5 32,2 6 7,139
3246,4,2,,,1
3246,7,4,4,1 5 6,2
3246,8,5,4 7,1 7,5
3246,376,27,4 7 8,3 5 43 149 240,790
3247,6,3,,1 5,2
3247,7,4,6,1,4
3247,10,5,6 7,1 2 9,7
3247,89,13,6 7 10,7 9 17,137
3247,571,32,6 7 10 89,1 2 3 5 10 11 15 46 255,1271
3248,1,1,,,0
3248,5,2,1,1,1
3248,9,3,1 5,1 2,5
3248,12,4,1 5 9,,8
3248,39,11,1 5 9 12,8 13 16 37,43
3248,226,21,1 5 9 12 39,1 5 118,460
3250,1,1,,,0
3250,37,10,1,8 13 16,42
3250,298,25,1 37,1 5 22 32,610
3252,1,1,,,0
3252,161,19,1,2,297
3252,263,23,1 161,7 10,525
3253,1,1,,,0
3253,287,24,1,2 17 18 42 86 186,586
3254,1,1,,,0
3254,9,4,1,2 4,6
3254,29,8,1 9,2 4 10,29
3254,114,14,1 9 29,1 2 7 62,197
3254,117,15,1 9 29 114,1 2 5 111,205
3254,147,18,1 9 29 114 117,5 28 40 120,265
3254,341,26,1 9 29 114 117 147,2 3 6 14 288,681
3254,841,39,1 9 29 114 117 147 341,1 2 8 12 19 35 41 81 109 162 174,2048
3255,1,1,,,0
3255,2,2,1,1,0
3255,86,13,1 2,1 2 5 9,133
3255,708,38,1 2 86,2 3 4 5 7 17 24 67 316 624,1673
3256,1,1,,,0
3257,1,1,,,0
3257,228,21,1,24 25 107 187,471
3257,331,25,1 228,36 140 292,666
3257,664,34,1 228 331,4 40 307,1539
3259,4,3,,2,2
3259,14,6,4,1 2 3 4 7,8
3259,34,10,4 14,1 3 4 9 11,41
3259,261,23,4 14 34,3 10 63 110,520
3259,701,37,4 14 34 261,3 8 11 14,1654
3260,1,1,,,0
3260,111,14,1,1 2 5,196
3260,135,17,1 111,1 3 121,240
3260,180,20,1 111 135,2 4 5 14 23 51 75,335
3261,1,1,,,0
3261,2,2,1,,0
3261,83,13,1 2,2 3 11 13 15 42,132
3262,2,2,,1,0
3262,23,9,2,1 4 9 17,22
3262,33,10,2 23,1 2,41
3262,34,11,2 23 33,2 6,43
3262,916,39,2 23 33 34,4 5 13 21 24 57,2218
3263,1,1,,,0
3263,2,2,1,,0
3264,167,19,,1 2 3 4 6 31 89 126 158,295
3264,219,20,167,59 87,451
3265,42,10,,1 4 18,56
3265,90,13,42,1 9,146
3266,1,1,,,0
3266,7,5,1,1 2 3 4,1
3267,188,19,,2 5 12 27 29 131,365
3268,9,6,,2 3 4 7,7
3268,11,7,9,,11
3268,17,8,9 11,1 4 9,16
3268,23,9,9 11 17,15 22,22
3268,241,22,9 11 17 23,1 11 16,475
3269,4,4,,1 2 3,1
3269,22,7,4,15,21
3269,43,9,4 22,2 4 12,57
3270,1,1,,,0
3270,3,3,1,1 2,0
3270,7,5,1 3,2 3 4,4
3270,49,9,1 3 7,3 10 24,64
3270,220,21,1 3 7 49,4 5 8 10 21 133 158,443
3271,2,2,,1,0
3271,16,6,2,8 13,14
3272,1,1,,,0
3272,53,12,1,1 3 4 8 22 33 52,79
3272,284,23,1 53,54 120,569
3272,289,24,1 53 284,3 12 105 192 221,572
3273,1,1,,,0
3273,4,4,1,2 3,1
3273,10,5,1 4,2 4,5
3273,52,11,1 4 10,1 3 4 8 22 33,76
3273,158,18,1 4 10 52,1 2 3 4 6 31 89 126,272
3274,3,3,,2,1
3274,13,5,3,8,9
3274,18,6,3 13,1 2 8,11
3274,71,11,3 13 18,1 2 3 55,107
3274,121,16,3 13 18 71,1 3,204
3274,923,41,3 13 18 71 121,1 5 11 12 105 119 356 671,2244
3275,1,1,,,0
3275,2,2,1,,0
3275,216,21,1 2,1 2 29 30 61 62 145,434
3275,366,25,1 2 216,45 166,748
3276,9,4,,1 4,4
3276,15,5,9,,7
3278,245,21,,3 7 11 34,478
3279,1,1,,,0
3279,4,3,1,2,1
3279,8,4,1 4,,4
3279,20,7,1 4 8,4 6 13,16
3279,23,8,1 4 8 20,1 9 14,20
3279,912,40,1 4 8 20 23,2 5 7 723,2208
3281,1,1,,,0
3281,2,2,1,,0
3281,4,3,1 2,1,0
3281,120,17,1 2 4,5 28 40,205
3281,668,35,1 2 4 120,2 3 4 10 11 23 49 116 272,1544
3282,11,6,,1 3 4 9,4
3284,1,1,,,0
3284,8,3,1,1 2,0
3284,9,5,1 8,1 3 4,2
3285,30,8,,1 4 7 8 15 20,32
3285,724,37,30,1 5 11 15 23 268,1725
3286,13,5,,4 6,9
3286,34,9,13,1 2 22,40
3286,37,10,13 34,2 5 9 13 14,48
3288,14,5,,1 9,12
3288,169,19,14,7 15 29 35 51 156,324
3289,4,4,,1 3,2
3289,18,6,4,1 4,17
3289,64,11,4 18,2 7 8 13 52,92
3290,2,2,,1,0
3290,3,3,2,1,1
3290,6,4,2 3,2,4
3290,55,10,2 3 6,1 2 3,81
3291,1,1,,,0
3291,20,6,1,2,19
3292,1,1,,,0
3292,11,5,1,2 4,8
3292,33,9,1 11,1 3 4 8 22,43
3293,2,2,,1,0
3293,6,3,2,4,2
3293,9,4,2 6,1,4
3293,69,12,2 6 9,2 3 5 6,100
3294,1,1,,,0
3294,2,2,1,,0
3295,4,1,,,0
3295,20,7,4,1 4 7 8 15,15
3295,24,8,4 20,3 10,20
3295,330,24,4 20 24,1 2 6 10 11 22 304,666
3296,140,17,,1 9 11 23 25 32 39 110,238
3296,292,23,140,36 140,566
3298,22,7,,1 2,22
3298,100,16,22,1 2 3 4 24 26 28 60 87,164
3298,187,20,22 100,24 25 107,376
3298,441,31,22 100 187,1 3 4 14 30 88 355,920
3299,1,1,,,0
3299,4,3,1,2,1
3299,93,15,1 4,1,156
3299,970,46,1 4 93,1 4 8 10 23 48 194,2382
3300,12,4,,2 4,10
3300,15,6,12,1 4 7 8,12
3300,424,30,12 15,1 2 3 5 14 17 302,883
3301,1,1,,,0
3301,2,2,1,,0
3301,52,10,1 2,2 7 8 13,68
3301,86,14,1 2 52,1 71,139
3301,156,18,1 2 52 86,7 15 29 35 51,291
3302,20,7,,1 2 4 19,18
3302,42,9,20,2 3 11 13 15,54
3302,160,18,20 42,2 3 4 5 13 36 88 100,306
3302,234,21,20 42 160,1 13 33 37 47 79,450
3302,406,28,20 42 160 234,4 9 14 22 26 46 63 150 176 236,821
3303,4,2,,1,1
3303,19,6,4,1 2 4,17
3303,22,8,4 19,1 3 4 8,25
3305,1,1,,,0
3305,4,2,1,2,1
3305,5,3,1 4,1,2
3305,52,11,1 4 5,2 43,66
3305,68,12,1 4 5 52,7 9 13 23,104
3305,75,13,1 4 5 52 68,1 2 10 14 17,117
3305,126,15,1 4 5 52 68 75,1 2 3 4 6 31 89,202
3306,1,1,,,0
3306,62,11,1,1 2 7,92
3306,558,32,1 62,1 9 17 21 26 30 376 477,1242
3307,2,1,,,0
3307,8,5,2,1 4 7,4
3307,288,23,2 8,2 3 6 14,542
3308,4,3,,2,2
3308,7,4,4,1 4,3
3309,1,1,,,0
3309,2,2,1,,0
3309,10,3,1 2,3,3
3309,14,7,1 2 10,2 5 9 13,9
3310,2,1,,,0
3310,13,6,2,2 5 9,8
3310,67,11,2 13,6 17 20 59,97
3311,4,2,,1,0
3311,28,6,4,1 2 4 17,24
3311,79,12,4 28,1 4 7 16 32 54,117
3311,87,13,4 28 79,1 2 3 4 24 26 28 60,128
3314,1,1,,,0
3314,9,5,1,2 5,6
3314,43,10,1 9,2,51
3314,233,22,1 9 43,1 3 186 230,443
3314,481,31,1 9 43 233,1 2 3 16 80 82 85 268 278,1029
3316,3,1,,,0
3316,71,11,3,1,109
3316,422,30,3 71,1 2 3 6 211 273,863
3317,8,5,,1 3 4,7
3317,30,9,8,1 8,39
3317,230,21,8 30,1 3 186,439
3318,2,2,,1,0
3318,4,3,2,1 2,1
3318,5,4,2 4,2,3
3318,59,10,2 4 5,6 17 20,86
3318,400,29,2 4 5 59,2 3 4 11 22,818
3319,1,1,,,0
3319,17,5,1,7 9,11
3320,2,2,,1,0
3321,1,1,,,0
3321,2,2,1,,0
3321,4,3,1 2,1 3,0
3321,7,4,1 2 4,2 6,3
3321,17,5,1 2 4 7,,9
3321,103,14,1 2 4 7 17,1 2 10 15,149
3321,304,22,1 2 4 7 17 103,1 2 6 10 11 22,597
3321,394,28,1 2 4 7 17 103 304,2 5 66,796
3322,3,2,,1,0
3322,6,3,3,2,2
3322,17,4,3 6,1 2 4,7
3322,340,24,3 6 17,2 7 15 255,661
3324,1,1,,,0
3324,46,9,1,2 10 13,62
3324,81,10,1 46,1 2 25 44,116
3324,131,17,1 46 81,2 5 12 27 29,230
3324,149,19,1 46 81 131,3 38 47 92 100 111 142,275
3324,872,40,1 46 81 131 149,1 2 10 29 40 128 145 351,2097
3325,1,1,,,0
3325,361,26,1,4 14 38,724
3325,936,45,1 361,8 14 17 77 213 459 570,2278
3326,2,1,,,0
3326,110,14,2,1 9 11 23 25 32 39,170
3326,401,28,2 110,3 5 17 34 124,814
3326,787,37,2 110 401,3 47 158 244,1891
3327,9,3,,7,1
3327,407,28,9,1 2 3 162,822
3327,627,36,9 407,3 5 34 291 328 619,1432
3329,7,2,,,1
3329,15,8,7,2 3 11 13,12
3331,13,7,,2 3 11,12
3331,142,18,13,3 38 47 92 100 111,268
3331,374,27,13 142,2 5 9,746
3332,9,4,,1 2 5,5
3332,88,13,9,8 19 63 69,131
3332,158,20,9 88,4 5 8 10 21 133,303
3332,303,23,9 88 158,3 9 26 39,602
3333,1,1,,,0
3333,11,6,1,2 3,10
3333,318,23,1 11,2 4 11 94 192 266,620
3333,359,26,1 11 318,2 6 12 267,719
3334,416,28,,2 4 55 305,855
3334,527,30,416,1 2 3 73 92 107 165 333 436,1153
3335,4,3,,1 2,1
3335,441,29,4,18 28 62,903
3335,619,35,4 441,3 5 34 291 328,1415
3336,1,1,,,0
3336,5,3,1,1 2,2
3336,7,5,1 5,4 5,4
3336,28,7,1 5 7,13,35
3336,54,9,1 5 7 28,1 4 7 16 32,79
3336,140,19,1 5 7 28 54,18 48 62 91,267
3336,195,20,1 5 7 28 54 140,2 8 25 120 148 161,364
3336,657,36,1 5 7 28 54 140 195,1 2 3 10 64 76 133 324,1522
3337,2,2,,1,0
3338,1,1,,,0
3338,5,4,1,4,2
3338,60,9,1 5,1 2 3 4 24 26 28,86
3338,115,16,1 5 60,1 4 26,204
3339,2,2,,1,0
3339,4,3,2,,1
3339,8,4,2 4,1,6
3339,26,7,2 4 8,1 2 4 5,30
3339,538,32,2 4 8 26,4 9 11 36 147 483,1187
3339,624,35,2 4 8 26 538,2 3 4 5 7 17 24 67 316,1435
3340,1,1,,,0
3340,13,4,1,2 7 8,7
3340,18,5,1 13,1 2,13
3340,27,7,1 13 18,1 3,32
3340,88,13,1 13 18 27,1 3 15 38,125
3340,221,21,1 13 18 27 88,3 12 105 192,406
3340,522,30,1 13 18 27 88 221,1 2 11 54 305,1138
3341,3,2,,2,0
3342,2,1,,,0
3342,3,3,2,1 2,0
3342,89,13,2 3,1 2 3 4 6 31,127
3342,432,28,2 3 89,1 2 9 13 21 32,864
3342,822,38,2 3 89 432,1 2 3 18 39 130 182,1929
3343,2,2,,1,0
3343,283,22,2,1 3 22 34,554
3344,1,1,,,0
3344,107,15,1,1 3 12 16 71,183
3345,8,3,,2 7,2
3346,1,1,,,0
3346,7,2,1,2,1
3346,9,3,1 7,1,2
3346,15,5,1 7 9,2,11
3346,122,17,1 7 9 15,3 6 24 31 33,224
3346,145,19,1 7 9 15 122,1 2 29 30 61 62,273
3349,1,1,,,0
3349,374,27,1,2 3 6 36 51 55,747
3350,23,7,,7 9 13,32
3351,2,1,,,0
3351,9,4,2,1 2,6
3351,13,6,2 9,,13
3351,69,12,2 9 13,8 19 63,96
3352,224,21,,3 15 51 68 157 182 190,415
3354,1,1,,,0
3354,5,3,1,2,3
3354,93,14,1 5,1 2 3 5 12 23 35 67,154
3354,174,19,1 5 93,1 2 3 8 11 14 25 122,314
3354,186,20,1 5 93 174,2 17 18 42 86,345
3354,342,26,1 5 93 174 186,3 4 27 53 194,674
3355,2,1,,,0
3356,2,2,,1,0
3356,6,5,2,2 3 5,5
3356,118,18,2 6,1 5,225
3356,249,21,2 6 118,1 2 4 7 13 37 56 95 216,468
3357,1,1,,,0
3357,2,2,1,,0
3357,5,4,1 2,2 3,3
3357,13,6,1 2 5,2 10,15
3357,20,8,1 2 5 13,6 17,24
3357,63,11,1 2 5 13 20,8 19,86
3357,133,18,1 2 5 13 20 63,4 5 8 10 21,248
3357,385,27,1 2 5 13 20 63 133,3 4 9 57 100,769
3358,2,2,,1,0
3358,32,8,2,1 4 7 16,42
3359,1,1,,,0
3359,2,2,1,,0
3359,3,3,1 2,2,0
3360,2,1,,,0
3360,5,4,2,1 2 4,0
3360,10,5,2 5,2,9
3360,13,6,2 5 10,7 9,13
3360,17,7,2 5 10 13,6,16
3360,872,44,2 5 10 13 17,1 2 91 177,2083
3361,4,3,,1 2,0
3361,7,4,4,1 2,5
3361,40,8,4 7,5 28,48
3361,44,9,4 7 40,1 2 25,51
3361,186,19,4 7 40 44,1 3,333
3361,507,31,4 7 40 44 186,1 11 34,1094
3362,100,16,,2 3 4 5 13 36 88,177
3362,111,17,100,3 38 47 92 100,198
3363,2,2,,1,0
3363,17,6,2,1 2 10 14,17
3364,1,1,,,0
3364,3,2,1,1,1
3364,9,5,1 3,7,8
3364,425,29,1 3 9,1 2 21 29 37 127 234 339,852
3365,1,1,,,0
3365,61,11,1,1 4 20 35 42,72
3365,75,13,1 61,2 4 5 14 23 51,107
3365,535,31,1 61 75,11 53 108 234,1166
3366,1,1,,,0
3366,2,2,1,1,0
3366,5,3,1 2,1 2,2
3366,7,4,1 2 5,,4
3366,14,5,1 2 5 7,1 2 10,9
3366,645,36,1 2 5 7 14,3 5 423,1489
3367,1,1,,,0
3367,43,10,1,4 6 9 11 16 21,47
3367,548,33,1 43,7 12 18 136 247 409,1216
3368,2,1,,,0
3369,2,2,,1,0
3369,17,5,2,2 4 7,11
3369,192,19,2 17,3 12 105,335
3369,348,26,2 17 192,2 10 28 49 133 142 251,673
3370,1,1,,,0
3370,10,4,1,1 2,5
3370,28,7,1 10,1 2 3 4 24 26,24
3370,161,18,1 10 28,2 8 25 120 148,278
3371,6,2,,,1
3372,7,3,,1 3,1
3372,26,6,7,1 2 3 4 24,22
3372,421,29,7 26,1 2 3 10 50 56 118 162 334 401,847
3373,1,1,,,0
3373,28,6,1,5,26
3373,100,16,1 28,3 38 47 92,172
3374,16,4,,1 4 7,12
3374,24,5,16,1 2 3 4,20
3374,88,15,16 24,2 3 4 5 13 36,149
3374,462,29,16 24 88,26 34 62 91 214 304,951
3374,854,43,16 24 88 462,10 67 647 823,2019
3375,933,45,,27 31,2237
3376,3,2,,1,0
3376,880,44,3,1 3 6 10 20 27 38 80 445 628 876,2095
3378,1,1,,,0
3378,2,2,1,1,0
3378,107,17,1 2,24 25,194
3379,1,1,,,0
3379,7,3,1,2 4,2
3379,102,16,1 7,1 4 9 12 25 29 31 43 44 90,179
3379,478,29,1 7 102,1 7 9 20 35 38 48 234 401,1007
3380,1,1,,,0
3380,25,5,1,1 2,20
3380,67,13,1 25,1 2 3 5 12 23 35,96
3380,71,14,1 25 67,1 3 12 16,110
3380,876,43,1 25 67 71,1 3 6 10 20 27 38 80 445 628,2084
3381,1,1,,,0
3381,92,14,1,3 38 47,159
3381,303,25,1 92,6 9 26 108,581
3381,619,35,1 92 303,2 4 9 14 72 144,1423
3382,4,2,,2,0
3382,240,21,4,3 5 43 149,445
3383,7,3,,1 4,4
3383,148,17,7,2 8 25 120,254
3383,675,35,7 148,7 22 31 51 93 166,1588
3384,2,1,,,0
3384,42,10,2,1 4 20 35,41
3384,355,26,2 42,1 3 4 14 30 88,687
3385,91,14,,18 48 62,160
3385,266,22,91,2 4 11 94 192,489
3386,1,1,,,0
3386,4,2,1,1,2
3386,190,20,1 4,3 15 51 68 157 182,329
3387,1,1,,,0
3387,477,30,1,1 9 17 21 26 30 376,1019
3388,1,1,,,0
3388,322,25,1,1 2 3 4 10 20 39 43 99 116,618
3388,390,28,1 322,1 3 10 15 19 31 116,766
3389,1,1,,,0
3389,20,5,1,2 3,15
3389,21,9,1 20,4 6 9 11 16,17
3389,51,12,1 20 21,2 4 5 14 23,68
3389,216,20,1 20 21 51,1 2 4 7 13 37 56 95,384
3390,38,10,,1 3 15,38
3390,43,11,38,4 6 7 24,48
3390,794,39,38 43,1 2 29,1873
3391,1,1,,,0
3391,35,9,1,1 4 20,33
3391,90,15,1 35,1 4 9 12 25 29 31 43 44,156
3392,1,1,,,0
3392,3,2,1,1,0
3392,401,28,1 3,1 2 3 10 50 56 118 162 334,799
3394,1,1,,,0
3394,4,4,1,1 2 3,1
3394,16,8,1 4,4 6 9 11,12
3394,182,19,1 4 16,3 15 51 68 157,313
3394,483,30,1 4 16 182,4 9 11 36 147,1034
3394,554,34,1 4 16 182 483,1 2 5 13 16 106 183,1220
3395,3,3,,1 2,1
3395,118,16,3,2 7 10 11 51,188
3395,443,28,3 118,1 3 8 17 84 308 340 344 361,909
3396,1,1,,,0
3396,2,2,1,1,0
3396,5,3,1 2,,1
3396,87,15,1 2 5,59,156
3397,1,1,,,0
3397,39,11,1,1 9 11 23 25 32,41
3398,538,33,,1 8 10 11 37 360,1182
3399,11,7,,4 6 9,7
3399,39,11,11,3 6 12 13 15,46
3399,270,24,11 39,2 5 14 16 152 176 214,501
3399,513,32,11 39 270,12 14 18 39 46 70 143 147 261 428,1104
3400,12,7,,2 4,10
3400,31,8,12,1 2 3 4 6,28
3401,9,6,,4 6,7
3401,19,7,9,8,14
3401,768,38,9 19,1 4 79 87 94 496,1778
3403,1,1,,,0
3403,2,2,1,1,0
3404,1,1,,,0
3404,6,5,1,4,4
3404,32,10,1 6,1 9 11 23 25,32
3404,915,43,1 6 32,2 64 97 119 128 390 908,2167
3405,1,1,,,0
3405,823,42,1,10 67 647,1940
3406,3,3,,2,1
3406,4,4,3,,2
3406,20,5,3 4,1 4,12
3406,51,12,3 4 20,7 15 29 35,80
3406,52,13,3 4 20 51,1 2 4,84
3406,122,16,3 4 20 51 52,1 2 3 8 11 14 25,196
3407,1,1,,,0
3407,2,2,1,,0
3407,255,23,1 2,2 7 15,460
3408,4,2,,2,0
3408,576,34,4,15 26,1297
3409,15,4,,1 2 10,5
3409,24,7,15,4 6 7,19
3410,2,1,,,0
3410,110,15,2,3 10 63,175
3410,985,43,2 110,2 4 13 17 309 798,2340
3411,2,1,,,0
3411,25,9,2,1 9 11 23,21
3411,119,15,2 25,1 2 41,194
3411,120,16,2 25 119,2 8 25,197
3411,908,42,2 25 119 120,2 64 97 119 128 390,2146
3412,8,2,,,2
3412,35,11,8,1 2 3 5 12 23,44
3412,141,15,8 35,10,237
3413,1,1,,,0
3413,15,4,1,1 3,6
3413,23,8,1 15,1 9 11,18
3413,66,14,1 15 23,2 3 4,111
3413,362,27,1 15 23 66,2 6 100 226 315,691
3414,4,1,,,0
3414,10,3,4,1 2,0
3414,62,13,4 10,18 48,105
3414,160,18,4 10 62,1 41 45 82,261
3415,242,22,,1 5 6 9 18 188,431
3416,414,27,,1 2 3 4 11 74 81 373,835
3417,23,10,,2 4 5 14,24
3419,157,18,,3 15 51 68,264
3422,2,2,,1,0
3422,4,3,2,1,1
3422,35,11,2 4,7 15 29,62
3422,38,12,2 4 35,1 21,68
3422,302,25,2 4 35 38,1 2 3 5 14 17,578
3423,1,1,,,0
3423,15,9,1,3 6 12 13,16
3424,23,9,,1 2 3 5 12,34
3424,59,13,23,,112
3424,340,26,23 59,4 17 36 49 50,649
3425,1,1,,,0
3425,3,2,1,1,0
3425,6,5,1 3,1 2 3 4,2
3425,11,7,1 3 6,1 9,10
3425,13,8,1 3 6 11,3 6 12,12
3425,267,24,1 3 6 11 13,2 6 12,499
3425,436,29,1 3 6 11 13 267,1 2 3 73 92 107 165 333,913
3426,7,6,,4 6,6
3426,12,7,7,3 6,11
3426,14,8,7 12,2 4 5,13
3426,29,10,7 12 14,2 5 12 27,46
3426,36,11,7 12 14 29,2 3 4 5 13,63
3426,47,12,7 12 14 29 36,3 38,82
3427,1,1,,,0
3427,4,4,1,1 2 3,1
3427,6,5,1 4,4,4
3427,9,6,1 4 6,1,6
3427,18,7,1 4 6 9,1 2 3 6 9 16,14
3427,26,9,1 4 6 9 18,1 4,37
3428,3,3,,1 2,1
3428,27,9,3,2 5 12,39
3428,29,10,3 27,7 15,42
3428,48,12,3 27 29,18,77
3428,144,17,3 27 29 48,10 35 53,226
3429,1,1,,,0
3429,2,2,1,1,0
3429,4,3,1 2,,1
3429,16,6,1 2 4,1 2 3 6 9,10
3429,62,13,1 2 4 16,1 2 29 30 61,96
3429,557,34,1 2 4 16 62,6 8 12 17 23 66 290,1240
3430,1,1,,,0
3430,61,12,1,1 2 29 30,95
3430,551,33,1 61,3 5 31 159 170 179 380 538,1209
3431,17,7,,1 2 6 7,20
3431,35,9,17,3 13,53
3431,584,34,17 35,5 79,1322
3432,6,3,,3,2
3432,581,33,6,1 3 28 30 47 51 69 294,1312
3434,1,1,,,0
3434,84,12,1,1 2 3 4 6 8,116
3434,133,16,1 84,1 4 10 12 34 38 123,205
3434,741,38,1 84 133,1 2 3 5 11 15 20 42 46 91 347,1704
3435,1,1,,,0
3435,3,2,1,,0
3435,5,3,1 3,2 4,0
3435,12,6,1 3 5,1 2 3 5,10
3435,16,8,1 3 5 12,1 3 12,20
3435,33,10,1 3 5 12 16,3 6 24 31,52
3435,38,11,1 3 5 12 16 33,3,58
3435,241,23,1 3 5 12 16 33 38,4 10 16 26 182,435
3435,312,25,1 3 5 12 16 33 38 241,2 3 4 33 48 133,582
3435,409,28,1 3 5 12 16 33 38 241 312,1 4 6 16 44 53 233,817
3436,4,2,,2,0
3436,9,5,4,1 2 3 6,3
3436,120,15,4 9,54,184
3436,775,41,4 9 120,2 16 26 27 39 47 68 106 123 586,1819
3437,31,9,,3 6 24,50
3437,44,11,31,1 4 9 12 25 29 31 43,63
3437,108,14,31 44,2 7 9 12 26 40,157
3438,2,1,,,0
3438,43,10,2,1 4 9 12 25 29 31,62
3439,6,4,,1 2 3,2
3439,12,7,6,1 3,16
3439,21,8,6 12,1,29
3439,209,21,6 12 21,3 24 36,352
3439,462,31,6 12 21 209,1 4 5 8 10 35 37,968
3439,738,38,6 12 21 209 462,1 5 6 8 125 143 167 541,1692
3441,1,1,,,0
3441,7,6,1,1 2 6,9
3441,20,7,1 7,1 2 6 7,28
3442,3,3,,1 2,1
3442,5,4,3,1 2 3,4
3442,6,5,3 5,1 2,7
3442,15,6,3 5 6,7,19
3443,1,1,,,0
3443,2,2,1,1,0
3443,12,4,1 2,2 5,14
3443,452,30,1 2 12,1 2 5 16 30 36 55 59,943
3443,538,32,1 2 12 452,3 5 31 159 170 179 380,1169
3444,1,1,,,0
3444,3,3,1,1 2,1
3444,24,7,1 3,3 6,34
3444,123,15,1 3 24,1 4 10 12 34 38,174
3444,602,32,1 3 24 123,1 2 4 7 12 13 53 62 109 240,1367
3445,1,1,,,0
3445,2,2,1,1,0
3445,305,25,1 2,2 4 55,560
3446,1,1,,,0
3446,2,2,1,1,0
3447,1,1,,,0
3447,297,24,1,1 2 3 7 13 20 41,542
3448,1,1,,,0
3448,3,2,1,1,1
3448,140,17,1 3,36,199
3448,168,20,1 3 140,1 5 70,275
3449,1,1,,,0
3449,4,2,1,1,1
3449,13,6,1 4,2 3 4 5,14
3450,1,1,,,0
3450,5,3,1,2,2
3450,7,4,1 5,,3
3450,31,9,1 5 7,1 4 9 12 25 29,33
3450,339,25,1 5 7 31,1 2 21 29 37 127 234,625
3450,703,37,1 5 7 31 339,1 2 4 23 30 46 52 78 184 190 204,1583
3452,1,1,,,0
3452,29,8,1,1 4 9 12 25,32
3452,151,17,1 29,4 5 6 40 50 54 97,223
3453,1,1,,,0
3453,2,2,1,,0
3453,13,6,1 2,3,12
3454,4,3,,1 2,0
3454,7,4,4,1 2 6,3
3454,86,13,4 7,2 17 18 42,112
3455,6,3,,1 2,3
3455,127,16,6,1 2 6 7 12 13 107,174
3455,214,22,6 127,2 5 14 16 152 176,356
3455,434,29,6 127 214,6 7 312 380,902
3456,2,2,,1,0
3456,25,7,2,1 4 9 12,25
3456,105,13,2 25,3 12,140
3456,401,28,2 25 105,1 7 9 20 35 38 48 234,795
3457,1,1,,,0
3457,5,5,1,2 3 4,3
3457,63,11,1 5,3 10,67
3457,79,12,1 5 63,1 13 33 37 47,97
3457,373,26,1 5 63 79,1 2 3 4 11 74 81,714
3458,4,4,,2 3,3
3458,18,5,4,,17
3459,1,1,,,0
3459,2,2,1,1,0
3459,3,3,1 2,2,1
3459,8,4,1 2 3,1 2 4,3
3459,62,11,1 2 3 8,3 4 7 33 38,63
3459,159,20,1 2 3 8 62,3 4 15 86,246
3459,192,21,1 2 3 8 62 159,2 4 11 94,300
3459,334,25,1 2 3 8 62 159 192,1 2 3 10 50 56 118 162,613
3460,1,1,,,0
3460,2,2,1,,0
3460,25,8,1 2,24,19
3460,155,19,1 2 25,2 3 4 7 9 11 13 19 22 33 47,228
3460,315,24,1 2 25 155,2 6 100 226,553
3460,744,40,1 2 25 155 315,1 2 5 14 16 37 198 387 696,1722
3461,24,7,,,19
3461,30,9,24,1 2 29,26
3461,876,42,24 30,5 19 20 40 42 58 97,2003
3462,6,4,,3,4
3462,29,8,6,1 2,25
3462,38,9,6 29,1 2 7,29
3462,51,10,6 29 38,2 7 10 11,38
3463,3,1,,,0
3463,4,3,3,1 2,0
3463,147,17,3 4,1 2 4 6 73 126,206
3463,150,18,3 4 147,1 2 3 4 10,213
3465,2,2,,1,0
3465,3,3,2,,1
3465,273,23,2 3,1 2 3 6 211,465
3465,585,33,2 3 273,4 9 280,1318
3466,1,1,,,0
3466,251,22,1,2 10 28 49 133 142,424
3468,1,1,,,0
3468,723,39,1,2 5 7,1648
3469,5,3,,1,2
3469,12,6,5,1 4 9,7
3469,21,7,5 12,4 5 8 10,12
3469,188,18,5 12 21,1 5 6 9 18,289
3470,1,1,,,0
3470,3,2,1,,0
3472,9,5,,1 4,5
3472,216,20,9,5 14 17,360
3472,236,21,9 216,4 9 14 22 26 46 63 150 176,387
3473,1,1,,,0
3473,149,17,1,3 5 43,227
3475,4,4,,2 3,1
3475,107,15,4,1 2 6 7 12 13,137
3475,166,17,4 107,45,265
3475,465,31,4 107 166,2 3 21 411 456,971
3476,3,3,,2,1
3476,383,28,3,1 2 4 5 13 33 82 267,752
3477,1,1,,,0
3477,2,2,1,,0
3477,4,3,1 2,1,0
3477,361,27,1 2 4,1 3 8 17 84 308 340 344,687
3478,84,14,,2 4 67,104
3479,701,38,,10 12 17 24 262,1594
3480,1,1,,,0
3480,10,5,1,4 5 8,2
3480,605,34,1 10,1 3 27 92,1363
3482,8,4,,4 5,2
3483,38,9,,3 4 7 33,33
3484,126,16,,1 2 4 6 73,184
3484,428,29,126,12 14 18 39 46 70 143 147 261,877
3484,456,30,126 428,2 3 21 411,958
3485,5,3,,4,2
3486,1,1,,,0
3486,4,2,1,,1
3486,835,41,1 4,2 35 74 94 186 563,1932
3488,1,1,,,0
3488,33,8,1,3 4 7,29
3488,283,21,1 33,1 2 15 28 64,491
3488,376,27,1 33 283,1 9 17 21 26 30,757
3489,2,2,,1,0
3489,34,8,2,3 7 11,31
3489,41,9,2 34,1 2,42
3489,47,11,2 34 41,1 13 33 37,51
3490,1,1,,,0
3490,209,20,1,3 5 28,351
3492,57,12,,1 2 3 10 17 23,74
3492,82,14,57,1 41 45,105
3492,316,23,57 82,3 4 7 60,610
3493,7,3,,1 2,2
3493,16,4,7,1 11,7
3493,176,19,7 16,2 5 14 16 152,286
3494,182,19,,4 10 16 26,310
3494,344,26,182,1 3 8 17 84 308 340,662
3495,1,1,,,0
3495,67,13,1,2 4,86
3495,537,30,1 67,2 6 61 101 347 375,1191
3495,609,34,1 67 537,7 16 23 38 84,1395
3495,666,37,1 67 537 609,1 2 8 67 138 286 517,1494
3495,750,40,1 67 537 609 666,1 2 4 27 45 80 378 605,1726
3497,407,28,,2 3 6 10 68 254 404,840
3498,1,1,,,0
3498,2,2,1,1,0
3498,11,3,1 2,1,4
3498,42,11,1 2 11,2 17 18,51
3498,340,25,1 2 11 42,1 3 8 17 84 308,656
3499,1,1,,,0
3499,37,10,1,1 13 33,43
3499,701,39,1 37,2 8 11 53 72 76 90 204 272 295 649 669,1617
3500,1,1,,,0
3500,404,27,1,2 3 6 10 68 254,832
3502,1,1,,,0
3502,11,4,1,2 7 10,2
3502,54,12,1 11,,73
3502,194,19,1 11 54,3 4 27 53,326
3503,10,3,,2 7,2
3503,25,8,10,1 2 3 8 11 14,23
3503,33,9,10 25,1 13,38
3505,1,1,,,0
3505,10,3,1,7,3
3505,40,10,1 10,2 7 9 12 26,45
3505,763,40,1 10 40,1 2 13 99 144,1774
3506,7,2,,2,1
3506,25,8,7,2 8,28
3506,97,14,7 25,4 5 6 40 50 54,134
3506,409,27,7 25 97,7 12 18 136 247,859
3508,1,1,,,0
3508,7,2,1,,1
3508,68,12,1 7,3 15 51,84
3508,283,20,1 7 68,19 27 48 49 70 85 155,516
3508,696,39,1 7 68 283,1 2 5 14 16 37 198 387,1618
3509,380,26,,6 7 312,788
3509,927,40,380,5 12 26 32 59 69 79 152 441 799,2215
3510,8,6,,1 2 3 4 6,3
3510,10,7,8,3,8
3510,95,15,8 10,1 2 4 7 13 37 56,135
3511,2,1,,,0
3512,6,5,,1 2 3 4,2
3512,11,6,6,3 7,10
3514,4,4,,1 2 3,2
3514,7,5,4,3 4,6
3514,14,6,4 7,1 2 3 8 11,11
3515,1,1,,,0
3515,3,3,1,1 2,1
3515,39,11,1 3,3 14 26,49
3516,1,1,,,0
3516,2,2,1,1,0
3516,7,4,1 2,3,4
3516,32,10,1 2 7,1 5 22,35
3516,617,36,1 2 7 32,1 2 3 6 17 126 156 169 455 562,1391
3517,1,1,,,0
3517,3,2,1,,0
3517,4,3,1 3,3,0
3517,11,5,1 3 4,1 2 3 8,3
3517,152,18,1 3 4 11,2 5 14 16,242
3517,278,21,1 3 4 11 152,1 2 3 16 80 82 85 268,518
3518,3,1,,,0
3519,26,9,,2 7 9 12,23
3519,53,10,26,10 35,56
3520,3,1,,,0
3520,8,4,3,1 2 3,1
3520,147,17,3 8,4 25 30 42 106,231
3522,18,8,,2 17,17
3522,834,39,18,1 3 8 32 49 230 256 262 418,1925
3523,8,4,,2,6
3523,10,5,8,1 2,8
3523,13,6,8 10,1,10
3523,17,7,8 10 13,2,14
3525,1,1,,,0
3525,3,3,1,1 2,0
3525,51,9,1 3,3 15,53
3526,2,2,,1,0
3526,22,6,2,1 5,19
3526,23,7,2 22,1 2 3 10 17,21
3526,671,37,2 22 23,1 5 11 12 105 119 356,1543
3527,1,1,,,0
3527,211,19,1,1 2 3 6,357
3527,268,20,1 211,1 2 3 16 80 82 85,499
3528,2,2,,1,0
3528,26,7,2,3 14,25
3528,333,25,2 26,1 2 3 73 92 107 165,659
3529,1,1,,,0
3529,2,2,1,,0
3529,38,7,1 2,1 4 10 12 34,32
3529,45,8,1 2 38,1 41,41
3529,411,28,1 2 38 45,2 3 21,857
3529,590,35,1 2 38 45 411,2 22 24 85 199 244 477 489,1338
3530,308,24,,1 3 8 17 84,588
3531,1,1,,,0
3531,2,2,1,1,0
3531,669,38,1 2,2 8 11 53 72 76 90 204 272 295 649,1540
3532,1,1,,,0
3532,17,6,1,1 2 3 10,14
3532,86,16,1 17,3 4 15,124
3532,176,18,1 17 86,4 9 14 22 26 46 63 150,280
3532,304,23,1 17 86 176,26 34 62 91 214,575
3533,12,5,,2 7 9,6
3533,34,6,12,1 4 10 12,27
3533,41,7,12 34,1,35
3535,1,1,,,0
3535,398,27,1,1 2 4 9 30 181 220,829
3536,1,1,,,0
3536,9,4,1,2 7,4
3536,940,40,1 9,5 12 16 59 320 867,2252
3537,1,1,,,0
3537,35,6,1,10,28
3537,73,15,1 35,1 2 4 6,91
3538,1,1,,,0
3538,2,2,1,,0
3538,7,3,1 2,2,1
3538,264,22,1 2 7,2 61 212,491
3539,10,4,,1 2 3,6
3540,1,1,,,0
3540,14,5,1,3,9
3541,917,39,,6 14 65 75 195 474,2184
3543,2,1,,,0
3543,5,3,2,1,2
3543,10,4,2 5,,6
3544,3,2,,1,0
3544,56,9,3,1 2 3 7 18 40,50
3546,1,1,,,0
3546,3,3,1,1 2,1
3546,70,15,1 3,1 5,99
3547,1,1,,,0
3547,2,2,1,1,0
3547,34,5,1 2,3,21
3548,1,1,,,0
3549,12,2,,3,2
3549,54,13,12,4 5 6 40 50,59
3549,56,14,12 54,1 2 4 7 13 37,64
3549,226,19,12 54 56,2 6 100,388
3549,324,25,12 54 56 226,1 2 12 13 18,646
3551,3,1,,,0
3551,649,37,3,2 8 11 53 72 76 90 204 272 295,1500
3552,36,7,,,26
3553,50,12,,4 5 6 40,57
3553,85,14,50,1 3 4 13 34,129
3553,125,16,50 85,1 9 10 12 24 33,206
3555,12,4,,1 4 10,6
3555,234,19,12,1 2 21 29 37 127,420
3557,1,1,,,0
3557,10,3,1,1 4,5
3557,94,14,1 10,2 4 11,138
3557,305,24,1 10 94,1 2 11 54,612
3557,356,26,1 10 94 305,1 2 10 18 19 56 86 187 198,734
3558,3,1,,,0
3558,4,2,3,2,0
3558,32,8,3 4,2 10 22,21
3558,150,17,3 4 32,4 9 14 22 26 46 63,238
3560,2,1,,,0
3560,40,8,2,1 2 3 7 18,34
3561,15,4,,3,8
3561,106,14,15,4 25 30 42,164
3561,318,25,15 106,2 3 4 5 9 28 236 272,653
3562,1,1,,,0
3562,10,3,1,,4
3563,4,2,,1,1
3563,40,11,4,4 5 6,45
3563,255,22,4 40,1 2 3 5 10 11 15 46,488
3563,547,34,4 40 255,5 13 40 154 179,1256
3564,1,1,,,0
3564,592,36,1,1 2 10 18 24 107,1334
3566,1,1,,,0
3568,22,7,,2 10,14
3568,37,11,22,1 2 4 7 13,45
3568,47,12,22 37,2 3 4 7 9 11 13 19 22 33,61
3569,1,1,,,0
3569,13,6,1,1 2 6 7 12,6
3570,12,5,,1 2 6 7,6
3571,300,24,,2 3,611
3571,562,35,300,1 2 3 6 17 126 156 169 455,1278
3572,1,1,,,0
3572,162,18,1,1 2 3,279
3573,1,1,,,0
3573,3,2,1,,0
3573,25,6,1 3,2 3 7 12,16
3573,54,13,1 3 25,2,86
3575,5,2,,,1
3575,7,4,5,1 2 6,2
3575,142,17,5 7,2 10 28 49 133,240
3575,272,22,5 7 142,6,528
3576,1,1,,,0
3576,6,3,1,1 2,1
3576,53,13,1 6,1 3 6 11 15 17 19 26,83
3576,108,16,1 6 53,6 9 26,180
3576,360,26,1 6 53 108,1 8 10 11 37,758
3577,312,25,,6 7,650
3577,683,38,312,1 11 16 205,1592
3578,3,1,,,0
3579,43,12,,3 5,66
3580,2,2,,1,0
3580,10,3,2,2,2
3581,1,1,,,0
3581,14,4,1,2 3 6,3
3581,647,37,1 14,10 67,1490
3582,18,6,,1 2 3 7,11
3582,33,11,18,2 3 4 7 9 11 13 19 22,44
3582,92,15,18 33,1 2 5 12 13 15 22 29 49 71 74,143
3582,216,21,18 33 92,1 10 96 128 214,413
3582,436,29,18 33 92 216,23 34 37 48,986
3584,133,16,,2 10 28 49,227
3584,214,20,133,1 10 96 128,412
3584,294,24,133 214,1 2 4 11 32 109,606
3584,413,28,133 214 294,2 6 7 31 32 48,916
3586,1,1,,,0
3586,12,5,1,2 3 7,6
3586,691,37,1 12,3 5 10 260,1613
3587,14,10,,1 2 4 5 7 9 11 12,13
3587,207,19,14,1 4 11 25 52 113,393
3588,2,1,,,0
3588,423,28,2,3 5,952
3589,2,1,,,0
3589,6,3,2,2 3,0
3589,12,9,2 6,1 2 4 5 7 9 11,10
3589,215,20,2 6 12,1 9 14 27 31 55 56 96,412
3590,11,8,,1 2 4 5 7 9,10
3590,212,19,11,2 61,408
3590,467,33,11 212,2 3 8 13 63 158,1074
3590,964,40,11 212 467,1 2 6 15 25 48 321,2363
3591,7,4,,2 3,3
3591,216,19,7,1 2 3 5 6 8 21,419
3591,337,24,7 216,4 5 6 10 31 33 82 97 101 117 259,702
3592,3,2,,2,0
3592,9,7,3,1 2 4 5 7,8
3592,13,8,3 9,1 2 4 7,17
3592,34,11,3 9 13,1 3 22,58
3592,267,23,3 9 13 34,1 2 4 5 13 33 82,533
3593,2,1,,,0
3593,7,4,2,1 2 3,3
3593,22,10,2 7,2 3 4 7 9 11 13 19,30
3593,466,33,2 7 22,2 3 15 24 98 180,1075
3593,994,41,2 7 22 466,1 8 52 63 126 134 153 188 915,2477
3594,7,6,,1 2 4 5,6
3594,116,15,7,1 2 3 4 10 20 39 43 99,196
3595,3,3,,2,1
3595,275,23,3,2 4 59 113 173,555
3596,1,1,,,0
3596,2,2,1,,0
3596,5,5,1 2,1 2 4,3
3596,19,9,1 2 5,2 3 4 7 9 11 13,25
3596,39,11,1 2 5 19,3 9 26,63
3596,45,12,1 2 5 19 39,,73
3597,3,3,,1 2,0
3597,4,4,3,1 2,2
3597,6,5,3 4,4 5,5
3597,798,38,3 4 6,2 4 13 17 309,1849
3598,2,2,,1,0
3598,5,4,2,4,4
3598,7,5,2 5,1 2 4,5
3598,471,33,2 5 7,1 2 3 19 218,1071
3599,1,1,,,0
3599,2,2,1,1,0
3599,4,3,1 2,,2
3600,1,1,,,0
3600,74,14,1,1 2 5 12 13 15 22 29 49 71,109
3600,255,22,1 74,1 6 17 29 73,490
3601,1,1,,,0
3601,4,3,1,1 2,0
3601,345,25,1 4,2 5 17 59 246 314,715
3601,380,27,1 4 345,3 5 31 159 170 179,809
3602,13,8,,2 3 4 7 9 11,13
3603,2,2,,1,0
3603,10,5,2,1 2 3 4,7
3603,15,8,2 10,3 4,19
3603,22,9,2 10 15,1 2 6 10 11,27
3603,26,10,2 10 15 22,1 3 6 11 15 17 19,36
3603,53,12,2 10 15 22 26,4 6 13 24,64
3603,71,13,2 10 15 22 26 53,1 2 5 12 13 15 22 29 49,100
3603,124,14,2 10 15 22 26 53 71,3 5 17 34,203
3604,1,1,,,0
3604,6,4,1,1 2 4,1
3604,11,7,1 6,2 3 4 7 9,9
3604,22,8,1 6 11,1 3,29
3604,34,11,1 6 11 22,1 3 4 13,45
3606,4,3,,1 2,1
3606,9,6,4,2 3 4 7,8
3607,1,1,,,0
3607,272,22,1,2 3 4 5 9 28 236,550
3607,352,26,1 272,19 118 155 179,747
3607,976,40,1 272 352,1 2 3 7 23 200 299,2402
3608,2,2,,1,0
3608,7,5,2,2 3 4,6
3608,321,24,2 7,2 3 9 21,661
3609,1,1,,,0
3609,4,4,1,1 2 3,1
3609,26,10,1 4,3 9,34
3609,732,37,1 4 26,8 15 16 21 22 160 570,1675
3609,867,39,1 4 26 732,5 12 16 59 320,2072
3610,3,3,,1 2,1
3610,19,9,3,1 3 6 11 15 17,24
3610,424,31,3 19,1 4 17 20 21 29 169 235 321 337 368 395,942
3611,1,1,,,0
3611,2,2,1,1,0
3611,4,3,1 2,2 3,1
3611,5,4,1 2 4,1,3
3611,99,13,1 2 4 5,1 2 3 4 10 20 39 43,149
3611,233,21,1 2 4 5 99,1 4 6 16 44 53,434
3612,1,1,,,0
3612,3,2,1,2,0
3612,17,8,1 3,1 3 6 11 15,18
3612,36,9,1 3 17,3 24,34
3613,2,1,,,0
3613,141,16,2,3 4 31 46,232
3614,4,3,,3,1
3614,11,6,4,1 2 6 10,8
3614,15,7,4 11,1 3 6 11,15
3614,133,15,4 11 15,2 3 4 33 48,216
3614,307,23,4 11 15 133,4 40,622
3615,1,1,,,0
3615,3,2,1,,0
3615,10,5,1 3,1 2 6,6
3617,5,3,,3,2
3618,1,1,,,0
3618,11,5,1,1 3 6,10
3619,3,2,,,1
3619,5,3,3,2,1
3619,6,4,3 5,1 2,2
3620,1,1,,,0
3620,427,32,1,1 2 20 247 330,961
3621,462,32,,2 7 8 63 71 218,1032
3622,2,1,,,0
3622,214,20,2,26 34 62 91,395
3623,2,2,,1,0
3623,3,3,2,1,1
3623,6,4,2 3,1 3,3
3623,234,21,2 3 6,1 7 9 20 35 38 48,444
3624,1,1,,,0
3624,24,5,1,3,15
3624,382,27,1 24,1 2 5 24 29 35 96 159,831
3625,1,1,,,0
3625,2,2,1,,0
3625,13,4,1 2,1 3 4,7
3625,42,10,1 2 13,4 25 30,45
3625,49,11,1 2 13 42,1 2 5 12 13 15 22 29,53
3625,50,12,1 2 13 42 49,1 3 6 12 27,61
3625,307,23,1 2 13 42 49 50,2 3 7,620
3625,412,31,1 2 13 42 49 50 307,1 2 3 4 6 48 50 108,912
3625,586,36,1 2 13 42 49 50 307 412,2 16 26 27 39 47 68 106 123,1335
3626,3,2,,1,0
3626,9,3,3,3,3
3626,328,25,3 9,3 5 34 291,672
3628,1,1,,,0
3628,628,36,1,1 3 6 10 20 27 38 80 445,1424
3630,1,1,,,0
3630,489,34,1,2 22 24 85 199 244 477,1098
3631,1,1,,,0
3631,162,18,1,1 2 3 10 50 56 118,284
3632,3,1,,,0
3632,24,4,3,4 6 13,12
3632,314,23,3 24,2 5 17 59 246,639
3632,729,37,3 24 314,1 6 93 191,1663
3632,900,39,3 24 314 729,1 3 40 123,2174
3634,4,3,,1 3,1
3634,625,36,4,1 6 9 14 21 23 47 79 340 556,1425
3635,3,2,,1,1
3636,1,1,,,0
3636,155,17,1,19 27 48 49 70 85,271
3636,541,35,1 155,1 5 6 8 125 143 167,1212
3637,1,1,,,0
3637,30,9,1,4 25,34
3637,799,38,1 30,5 12 26 32 59 69 79 152 441,1895
3639,1,1,,,0
3639,18,5,1,1 5 6 9,10
3639,25,8,1 18,2 3 4 5 12 21,25
3639,395,30,1 18 25,1 4 17 20 21 29 169 235 321 337 368,880
3640,11,3,,2 4,3
3640,605,35,11,1 2 4 27 45 80 378,1378
3642,1,1,,,0
3642,25,8,1,4,29
3642,100,14,1 25,3 4 9 57,163
3642,477,33,1 25 100,2 22 24 85 199 244,1079
3643,13,3,,4 6,5
3643,21,7,13,2 3 4 5 12,22
3643,53,11,13 21,3 4 27,72
3643,236,21,13 21 53,2 3 4 5 9 28,479
3644,517,34,,1 2 8 67 138 286,1146
3645,3,1,,,0
3645,29,9,3,1 2 5 12 13 15 22,32
3645,33,10,3 29,1 9 10 12 24,48
3645,63,11,3 29 33,4 9 14 22 26 46,84
3645,382,28,3 29 33 63,4 6 7 9 13 14 21 34,844
3647,4,2,,2,1
3647,15,5,4,2 7,11
3647,16,6,4 15,1 2 3 14 15,13
3647,316,25,4 15 16,2 3 4 5 7 17 24 67,676
3648,1,1,,,0
3648,9,4,1,1 5 6,4
3648,15,5,1 9,1 2 3 14,11
3648,27,9,1 9 15,1 3 6 12,33
3648,38,10,1 9 15 27,4 14,50
3649,2,1,,,0
3649,14,4,2,1 2 3,10
3649,60,10,2 14,2 15 41,80
3649,66,11,2 14 60,2 5,92
3650,6,2,,4,1
3650,26,9,6,4 10 16,34
3650,254,22,6 26,2 3 6 10 68,509
3650,478,33,6 26 254,2 4 6 69 211 393,1062
3651,1,1,,,0
3651,6,3,1,1 5,1
3651,88,13,1 6,1 3 4 14 30,129
3651,261,22,1 6 88,12 14 18 39 46 70 143 147,517
3651,819,38,1 6 88 261,2 18 20 29 72 150,1923
3651,934,40,1 6 88 261 819,2 26 58 154 382 566,2293
3652,4,1,,,0
3652,5,2,4,1,0
3652,12,6,4 5,2 3 4 5,8
3652,22,8,4 5 12,1 2 5 12 13 15,18
3652,688,36,4 5 12 22,2 10 17 29 39 42 90 118 148 583,1549
3652,919,39,4 5 12 22 688,1 2 10 11 53 101,2239
3653,16,7,,2 5 14,13
3654,24,8,,1 9 10 12,30
3654,730,37,24,2 7 225 304,1673
3655,7,2,,2,3
3655,14,6,7,2 5,12
3655,242,21,7 14,1,484
3656,1,1,,,0
3657,375,29,,2 6 61 101 347,823
3658,1,1,,,0
3658,26,9,1,6 9,31
3658,891,38,1 26,3 14 517,2156
3659,1,1,,,0
3659,5,5,1,2 3 4,4
3659,15,6,1 5,1 2 5 12 13,11
3660,2,1,,,0
3660,3,3,2,1 2,0
3660,4,4,2 3,2 3,2
3660,16,6,2 3 4,4 10,17
3660,21,8,2 3 4 16,,23
3660,71,12,2 3 4 16 21,1 12,98
3660,319,26,2 3 4 16 21 71,1 31 116 118,663
3660,433,32,2 3 4 16 21 71 319,2 25 47 62 65,964
3661,2,2,,1,0
3661,3,3,2,2,1
3661,13,5,2 3,1 2 5 12,6
3661,314,25,2 3 13,1 2 3 4 6 192,652
3662,1,1,,,0
3662,2,2,1,,0
3662,12,4,1 2,1 2 5,4
3662,46,8,1 2 12,4 9 14 22 26,45
3662,116,15,1 2 12 46,1 3 10 15 19 31,177
3662,127,16,1 2 12 46 116,1 2 21 29 37,204
3663,4,1,,,0
3663,12,5,4,1 3 6,6
3663,291,24,4 12,3 5 34,593
3664,5,2,,2,0
3666,10,5,,4,8
3666,12,7,10,1 9 10,9
3666,190,20,10 12,1 7 8 15 43,351
3666,234,21,10 12 190,11 53 108,458
3666,368,29,10 12 190 234,1 4 17 20 21 29 169 235 321 337,806
3667,2,1,,,0
3667,43,9,2,1 2 3 4 10 20 39,47
3668,10,6,,1 9,8
3668,41,8,10,2 15,43
3668,49,9,10 41,2 10 28,55
3668,55,11,10 41 49,2 3 6 36 51,64
3668,246,21,10 41 49 55,2 3 4 7 10 15 16 28,491
3668,247,22,10 41 49 55 246,7 12 18 136,499
3669,1,1,,,0
3669,5,3,1,1 2,0
3669,6,4,1 5,1 3,2
3669,9,5,1 5 6,1,5
3669,27,7,1 5 6 9,3 4,19
3669,259,21,1 5 6 9 27,4 5 6 10 31 33 82 97 101 117,506
3669,314,24,1 5 6 9 27 259,1 3 7 18 63,649
3669,324,25,1 5 6 9 27 259 314,1 2 3 10 64 76 133,675
3669,421,31,1 5 6 9 27 259 314 324,1 2 6 18,918
3670,128,18,,1 10 96,222
3670,152,19,128,1 2 4,269
3671,17,6,,5 14,10
3671,28,7,17,3 5,22
3671,39,8,17 28,1 2 3 4 10 20,38
3672,2,2,,1,0
3672,3,3,2,1,1
3672,4,4,2 3,,2
3672,14,5,2 3 4,4,5
3672,51,10,2 3 4 14,2 3 6 36,52
3672,915,40,2 3 4 14 51,1 8 52 63 126 134 153 188,2231
3673,1,1,,,0
3673,496,31,1,1 4 79 87 94,1070
3674,1,1,,,0
3674,14,3,1,5,4
3674,157,18,1 14,3 5 14 16 48 95,273
3674,177,19,1 14 157,1 2 3 13 63 90,309
3674,407,30,1 14 157 177,1 11 22 383,884
3674,521,32,1 14 157 177 407,2 19 41 87,1146
3674,989,44,1 14 157 177 407 521,4 5 41 114 408 467 949,2400
3675,9,2,,6,1
3675,100,14,9,2 6,139
3675,118,15,9 100,1 2 3 10 50 56,187
3677,1,1,,,0
3677,272,23,1,2 3 4 10 11 23 49 116,541
3678,6,1,,,0
3678,455,30,6,1 2 3 6 17 126 156 169,983
3678,516,31,6 455,2 6 31 78,1134
3680,12,4,,2 6,4
3681,113,15,,1 4 11 25 52,190
3682,4,1,,,0
3682,26,7,4,4 9 14 22,19
3683,5,1,,,0
3683,724,37,5,1 2 5 11 92 133,1644
3685,57,10,,3 4 9,78
3685,347,28,57,2 6 61 101,750
3685,653,35,57 347,4 6 12 13 17,1453
3686,6,3,,2,2
3686,22,6,6,4 9 14,17
3687,36,9,,2 3 6,40
3688,1,1,,,0
3688,328,27,1,6 10 54 84 93 106 139,713
3689,28,8,,2 10,30
3689,732,37,28,2 4 15 427,1699
3690,1,1,,,0
3690,2,2,1,,0
3690,20,7,1 2,1 2 3 4 10,19
3691,570,33,,8 14 17 77 213 459,1290
3692,4,3,,3,1
3692,385,29,4,1 2 13 21 37 51 298,852
3693,3,2,,,1
3693,34,7,3,3 5 17,42
3693,684,36,3 34,2 3 4 8 20 22 287 373,1559
3694,1,1,,,0
3694,5,3,1,3,2
3694,14,5,1 5,4 9,10
3694,15,6,1 5 14,2,12
3695,55,11,,2 4,79
3696,1,1,,,0
3696,3,2,1,,1
3696,9,4,1 3,2 5,3
3696,22,6,1 3 9,2 3 4 11,20
3696,165,18,1 3 9 22,1 2 3 73 92 107,313
3696,290,24,1 3 9 22 165,6 8 12 17 23 66,612
3696,476,30,1 3 9 22 165 290,7 42,1032
3697,1,1,,,0
3697,173,18,1,2 4 59 113,332
3697,337,28,1 173,1 4 17 20 21 29 169 235 321,737
3697,403,29,1 173 337,5 8 9 11 81 259,897
3697,538,32,1 173 337 403,1 2 3 6 107 189,1198
3698,259,23,,1 2 4 5 29 162,538
3698,383,28,259,1 11 22,843
3699,1,1,,,0
3699,9,4,1,4,5
3699,48,10,1 9,2 3 4 33,67
3699,74,13,1 9 48,2 3 14,98
3700,5,3,,2,1
3700,10,5,5,1 2 3 4,6
3700,246,22,5 10,2 5 17 59,493
3702,96,17,,1 10,173
3703,1,1,,,0
3703,2,2,1,,0
3703,41,9,1 2,1 2 3 7 13 20,55
3703,464,29,1 2 41,224 252,1002
3703,556,32,1 2 41 464,1 6 9 14 21 23 47 79 340,1241
3704,4,2,,,2
3704,65,12,4,,84
3704,956,43,4 65,1,2331
3705,1,1,,,0
3706,1,1,,,0
3706,4,4,1,1 2 3,1
3706,85,14,1 4,19 27 48 49 70,138
3707,2,1,,,0
3707,3,3,2,1 2,0
3707,10,4,2 3,2,5
3707,11,5,2 3 10,2 3 4,6
3707,17,6,2 3 10 11,1 2 3 5 14,13
3707,64,12,2 3 10 11 17,1 2 15 28,77
3708,2,2,,1,0
3708,46,10,2,3 4 31,62
3708,96,17,2 46,1 9 14 27 31 55 56,161
3709,1,1,,,0
3709,30,7,1,1 3 4 14,31
3710,5,3,,2,1
3710,14,5,5,1 2 3 5,10
3710,17,6,5 14,3 5,14
3710,85,16,5 14 17,1 2 3 16 80 82,142
3713,1,1,,,0
3713,2,2,1,,0
3713,82,15,1 2,1 2 3 16 80,140
3713,220,21,1 2 82,1 2 4 9 30 181,441
3713,321,27,1 2 82 220,1 4 17 20 21 29 169 235,700
3713,587,34,1 2 82 220 321,1 3 112 121 172 184 567,1308
3714,4,3,,2 3,1
3714,33,9,4,2 3 4,44
3714,50,11,4 33,4 17 36 49,59
3714,62,12,4 33 50,18 28,81
3714,949,43,4 33 50 62,4 5 41 114 408 467,2303
3715,2,1,,,0
3715,3,2,2,2,0
3715,49,10,2 3,4 17 36,57
3715,80,14,2 3 49,1 2 3 16,133
3715,198,20,2 3 49 80,1 2 10 18 19 56 86 187,386
3716,2,1,,,0
3717,6,3,,2 3,1
3717,330,27,6,1 2 20 247,730
3719,1,1,,,0
3719,5,4,1,1 2 3,2
3719,12,5,1 5,1,8
3719,65,10,1 5 12,1 2 11 16 20 39,86
3719,294,26,1 5 12 65,1 3 28 30 47 51 69,631
3720,3,2,,2,0
3720,715,36,3,1 14 72 78 87 135,1657
3721,2,1,,,0
3721,3,3,2,1 2,0
3721,70,13,2 3,19 27 48 49,107
3722,2,2,,1,0
3722,5,3,2,3,1
3723,1,1,,,0
3723,17,6,1,1 2 3 6,16
3723,31,9,1 17,3 4,39
3723,451,29,1 17 31,1 4 19 80 92,967
3724,3,1,,,0
3724,20,8,3,1 2 3 7 13,22
3724,774,37,3 20,1 11 12,1834
3725,14,5,,1 3 4,11
3726,187,19,,1 2 10 18 19 56 86,368
3728,1,1,,,0
3728,36,8,1,4 17,40
3730,1,1,,,0
3730,147,17,1,4 9 11 36,289
3731,3,3,,1 2,0
3731,13,7,3,1 2 3 7,18
3731,855,39,3 13,1 2 26 34 792,2086
3732,2,2,,1,0
3732,3,3,2,,1
3732,6,4,2 3,1 2 3,2
3733,1,1,,,0
3733,9,6,1,3 4,11
3733,567,33,1 9,1 3 112 121 172 184,1266
3734,6,5,,1 2 3,7
3735,3,3,,1 2,1
3735,4,4,3,1 3,3
3735,50,11,3 4,1 3 5 6 15 21 41,68
3735,393,28,3 4 50,2 4 6 69 211,857
3736,1,1,,,0
3736,2,2,1,1,0
3736,3,3,1 2,1,1
3736,15,5,1 2 3,6,17
3736,95,16,1 2 3 15,3 5 14 16 48,163
3736,497,31,1 2 3 15 95,1 3 11 150 245,1100
3737,1,1,,,0
3737,3,3,1,1 2,1
3737,7,4,1 3,1 2 3,5
3737,56,13,1 3 7,1 2 3 10 50,83
3738,1,1,,,0
3738,2,2,1,1,0
3738,4,3,1 2,3,1
3739,1,1,,,0
3739,3,2,1,,0
3741,3,3,,1 2,0
3741,61,14,3,2,96
3741,74,15,3 61,4 5 15 29,118
3741,268,25,3 61 74,1 5 11 15 23,578
3741,850,39,3 61 74 268,1 2 16 22 261,2069
3742,2,2,,1,0
3742,32,7,2,1 2 9 13 21,27
3742,49,12,2 32,19 27 48,70
3742,52,13,2 32 49,1 4 11 25,79
3743,1,1,,,0
3743,4,3,1,2 3,1
3743,28,5,1 4,1 2 15,17
3743,48,11,1 4 28,19 27,67
3743,50,12,1 4 28 48,1 2 3 10,70
3744,1,1,,,0
3744,3,2,1,2,0
3744,41,10,1 3,1 3 5 6 15 21,48
3745,2,1,,,0
3745,6,3,2,,2
3745,39,9,2 6,1 2 11 16 20,40
3745,91,14,2 6 39,26 34 62,142
3746,4,2,,2,0
3746,725,36,4,1 2 4 5 6 9 48 57 65 80 148 556,1672
3746,913,42,4 725,2 3 17 93 135 298 300,2209
3747,17,4,,4,8
3747,31,8,17,1 3 10 15 19,31
3748,2,1,,,0
3748,28,7,2,18,24
3748,56,12,2 28,1 9 14 27 31 55,77
3748,60,13,2 28 56,3 4 7,92
3749,55,11,,1 9 14 27 31,77
3749,81,13,55,1 2 3 4 11 74,121
3749,563,34,55 81,15 130,1247
3750,4,3,,3,2
3751,1,1,,,0
3751,3,2,1,,1
3752,1,1,,,0
3752,37,10,1,1 2 21 29,47
3752,181,19,1 37,1 2 4 9 30,351
3752,887,41,1 37 181,1 4 21 72 77 109 131 138 219 367 847,2129
3753,21,6,,1 2 9 13,13
3753,308,27,21,1 2 5 7,684
3754,84,13,,1 3 8 17,131
3754,107,16,84,1 2 3 73 92,189
3754,152,17,84 107,2 9 76,289
3756,1,1,,,0
3756,15,3,1,1 2,5
3756,74,12,1 15,1 2 3 4 11,113
3757,113,16,,2 4 59,205
3757,583,35,113,2 10 17 29 39 42 90 118 148,1278
3758,18,6,,,17
3758,563,34,18,2 35 74 94 186,1244
3759,1,1,,,0
3759,14,4,1,2 3,7
3759,19,7,1 14,1 3 10 15,19
3760,1,1,,,0
3760,4,2,1,,0
3760,29,9,1 4,1 2 21,38
3761,13,5,,1 2 9,7
3761,90,13,13,1 2 3 13 63,143
3761,691,35,13 90,1 2 6 20 130 202,1594
3762,847,40,,1 2 3 6 16 89 390 444,2053
3763,15,6,,1 3 10,16
3764,20,7,,1 2 11 16,20
3764,21,8,20,1 3 5 6 15,24
3764,27,9,20 21,19,37
3765,1,1,,,0
3765,9,4,1,1 2,6
3765,147,18,1 9,12 14 18 39 46 70 143,275
3765,183,19,1 9 147,1 2 5 13 16 106,353
3765,233,24,1 9 147 183,5 6 27 40 70 71 183,494
3768,10,5,,1 3,14
3768,16,6,10,1 2 11,17
3768,21,7,10 16,1 2,30
3769,1,1,,,0
3769,2,2,1,1,0
3769,6,4,1 2,2,6
3769,25,8,1 2 6,1 4 11,35
3769,92,15,1 2 6 25,1 2 3 73,164
3769,109,16,1 2 6 25 92,1 2 4 11 32,205
3769,143,17,1 2 6 25 92 109,12 14 18 39 46 70,266
3770,1,1,,,0
3770,3,3,1,2,1
3770,15,6,1 3,1 3 5 6,15
3770,280,26,1 3 15,4 9,617
3771,1,1,,,0
3771,2,2,1,,0
3771,6,4,1 2,1 2 3,3
3771,570,34,1 2 6,8 15 16 21 22 160,1251
3772,2,2,,1,0
3772,15,6,2,1 2 4,16
3772,19,7,2 15,,21
3772,46,11,2 15 19,1 2 3 5 10 11 15,67
3773,1,1,,,0
3773,2,2,1,,0
3773,11,4,1 2,1 2,6
3773,31,8,1 2 11,1 9 14 27,36
3773,531,33,1 2 11 31,1 2 5 15 20 70 166,1174
3774,3,3,,1 2,0
3774,62,12,3,26 34,88
3774,830,39,3 62,1 3 11 35 52 94 127 147 314 364,2002
3775,2,2,,1,0
3775,3,3,2,1,1
3776,1,1,,,0
3777,1,1,,,0
3777,27,7,1,1 9 14,31
3777,82,14,1 27,1 2 4 5 13 33,136
3779,1,1,,,0
3779,6,5,1,1 3 5,2
3779,16,6,1 6,1 2 3,19
3779,136,17,1 6 16,7 12 18,262
3779,298,26,1 6 16 136,1 2 13 21 37 51,640
3780,5,4,,1 3,2
3780,179,21,5,19 118 155,355
3782,2,2,,1,0
3782,3,3,2,1,1
3782,73,13,2 3,1 6 17 29,113
3782,850,39,2 3 73,1 9 38 78 139 212 802,2039
3783,1,1,,,0
3783,4,3,1,1 2,2
3783,10,4,1 4,1 2 3,7
3783,11,5,1 4 10,1 4,10
3783,48,11,1 4 10 11,3 5 14 16,67
3783,192,22,1 4 10 11 48,1 2 3 4 6,375
3783,199,23,1 4 10 11 48 192,2 4 18 19 68 75 160,391
3784,1,1,,,0
3785,1,1,,,0
3785,2,2,1,1,0
3786,1,1,,,0
3786,21,7,1,1 2 3 5 6 8,22
3786,29,8,1 21,4 5 15,32
3787,2,2,,1,0
3788,1,1,,,0
3788,10,6,1,1,11
3788,63,12,1 10,1 2 3 13,89
3788,73,13,1 10 63,1 2 3,120
3790,3,3,,1 2,1
3790,4,4,3,1,3
3790,7,5,3 4,2,7
3790,14,6,3 4 7,1 9,11
3791,1,1,,,0
3791,2,2,1,1,0
3791,53,11,1 2,1 4 6 16 44,71
3791,247,25,1 2 53,1 4 19 45,532
3792,1,1,,,0
3792,3,3,1,1 2,1
3792,108,16,1 3,11 53,191
3792,764,37,1 3 108,2 4 10 34 57 188,1813
3792,847,39,1 3 108 764,1 4 21 72 77 109 131 138 219 367,2021
3793,1,1,,,0
3793,2,2,1,1,0
3793,203,22,1 2,1 5 12 13 71 93 128 144 182,407
3794,1,1,,,0
3794,792,38,1,1 2 26 34,1914
3794,863,40,1 792,2 5 11 21 54 65 75 92 175 662 790 805,2058
3795,2,1,,,0
3795,9,2,2,1,3
3795,162,20,2 9,1 2 4 5 29,315
3795,299,27,2 9 162,3 13 36 38 43 245,638
3796,20,10,,1 2 5 16 17,19
3796,1000,42,20,1 3 19 28 60 62 71 125 264 671 868 937,2508
3797,1,1,,,0
3797,165,21,1,3 4 54 88,325
3799,1,1,,,0
3799,8,6,1,1 2 3 5 6,4
3799,17,9,1 8,1 2 5 16,16
3799,88,15,1 8 17,4 6 9 13 15 66 83,161
3799,235,24,1 8 17 88,1 4 17 20 21 29 169,498
3799,629,33,1 8 17 88 235,1 3 5 15 36 81 280,1431
3800,2,1,,,0
3800,15,7,2,4 5,12
3800,16,8,2 15,1 2 5,14
3800,44,10,2 15 16,1 4 6 16,56
3800,247,24,2 15 16 44,1 2 20,533
3801,6,5,,1 2 3 5,3
3801,7,6,6,3 4,7
3802,5,4,,1 2 3,3
3802,34,9,5,26,39
3802,179,21,5 34,3 5 31 159 170,343
3802,231,23,5 34 179,1 2 5 10 13 89 230,481
3802,459,32,5 34 179 231,8 14 17 77 213,1005
3803,1,1,,,0
3803,15,7,1,1 2 3 5 10 11,13
3803,23,8,1 15,1 2 21,23
3803,71,14,1 15 23,2 3 4 7 13 27 44,117
3803,230,22,1 15 23 71,1 2 5 10 13 89,477
3804,1,1,,,0
3804,3,3,1,1 2,1
3804,4,4,1 3,3,3
3804,83,14,1 3 4,4 6 9 13 15 66,146
3804,155,20,1 3 4 83,19 118,298
3805,1,1,,,0
3805,2,2,1,1,0
3805,3,3,1 2,,1
3805,21,7,1 2 3,1 2,17
3806,1,1,,,0
3806,240,22,1,1 2 4 7 12 13 53 62 109,502
3807,11,6,,1 2 3 5 10,6
3807,148,19,11,1 2 6 12 20 33 34 89 97 139,276
3807,455,32,11 148,1 10 24 329,992
3808,10,5,,1 2 3 5,6
3808,54,13,10,1 2 11,83
3809,48,12,,1 7 9 20 35 38,67
3810,5,3,,4,1
3810,26,8,5,,25
3810,38,9,5 26,3 5 20 29,42
3810,159,19,5 26 38,4 12,306
3811,4,2,,,1
3811,5,3,4,1 2,1
3811,59,12,4 5,2 4,90
3811,117,18,4 5 59,4 5 6 10 31 33 82 97 101,201
3811,170,20,4 5 59 117,3 5 31 159,316
3811,445,31,4 5 59 117 170,1 3 6 10 20 27 38 80,953
3813,1,1,,,0
3813,5,4,1,1 2 3,2
3813,43,11,1 5,1 7 8 15,55
3813,69,13,1 5 43,2 8 39,123
3814,2,2,,1,0
3814,182,21,2,1 5 12 13 71 93 128 144,354
3815,1,1,,,0
3815,3,3,1,1 2,0
3815,16,7,1 3,3 5 14,13
3815,183,21,1 3 16,5 6 27 40 70 71,365
3816,2,2,,1,0
3816,139,18,2,1 2 6 12 20 33 34 89 97,257
3817,1,1,,,0
3817,14,6,1,3 5,11
3817,387,30,1 14,1 2 5 14 16 37 198,839
3817,658,33,1 14 387,2 7 27 47 140 442,1498
3818,4,3,,1 2,0
3818,859,40,4,2 3 4 12 14,2054
3819,11,5,,1 2 3 4,5
3819,23,7,11,2 3 4,19
3819,29,8,11 23,3 5 20,28
3819,38,11,11 23 29,1 7 9 20 35,48
3820,2,2,,1,0
3820,32,10,2,2 6 24 30,34
3821,1,1,,,0
3821,17,6,1,1 3 8,11
3821,66,13,1 17,4 6 9 13 15,111
3821,538,31,1 17 66,1 2 3 4 186 518,1151
3822,1,1,,,0
3822,30,9,1,2 6 24,31
3822,35,10,1 30,1 7 9 20,42
3822,159,19,1 30 35,3 5 31,291
3822,160,20,1 30 35 159,2 4 18 19 68 75,294
3822,818,39,1 30 35 159 160,2 18 168 482,1937
3824,2,2,,1,0
3825,1,1,,,0
3826,4,4,,1 2 3,0
3826,5,5,4,3,3
3826,29,9,4 5,1 6 17,30
3826,33,10,4 5 29,1 2 4 5 13,41
3827,3,3,,1 2,0
3827,86,16,3,1 2 10 18 19 56,144
3827,101,17,3 86,4 5 6 10 31 33 82 97,169
3827,697,36,3 86 101,5 39 112 122 664,1631
3828,2,2,,1,0
3828,3,3,2,,1
3828,16,6,2 3,1 4 6,12
3828,20,7,2 3 16,3 5,16
3828,24,8,2 3 16 20,2 6,22
3828,347,29,2 3 16 20 24,1 2 3 5 11 15 20 42 46 91,704
3828,409,30,2 3 16 20 24 347,2 5 7 10 51 58,872
3829,1,1,,,0
3830,8,3,,1 3,2
3830,44,12,8,2 3 4 7 13 27,63
3830,76,15,8 44,2 9,125
3830,802,38,8 44 76,1 9 38 78 139 212,1894
3831,97,15,,4 5 6 10 31 33 82,160
3833,1,1,,,0
3833,116,15,1,2 3 4 10 11 23 49,206
3834,30,10,,1 9 17 21 26,43
3834,34,11,30,1 11,49
3835,3,2,,1,1
3836,1,1,,,0
3836,59,13,1,1 2 5 16 30 36 55,96
3836,68,14,1 59,2 3 6 10,114
3836,891,39,1 59 68,1 9 10 11 20 70 102 120 138 145 384,2156
3837,1,1,,,0
3837,20,8,1,1 7 9,25
3838,4,4,,2 3,2
3838,6,5,4,1 4,5
3838,13,6,4 6,1 2 3,10
3838,17,7,4 6 13,1 6,15
3838,26,9,4 6 13 17,1 9 17 21,35
3839,1,1,,,0
3839,3,3,1,2,1
3840,1,1,,,0
3840,2,2,1,,0
3840,4,3,1 2,1,1
3840,55,12,1 2 4,1 2 5 16 30 36,84
3840,640,33,1 2 4 55,3 38,1476
3840,977,42,1 2 4 55 640,1 2 15 22 72 608,2427
3841,6,2,,,2
3841,15,6,6,1 7 8,11
3841,36,9,6 15,4 9 11,51
3841,118,18,6 15 36,19,213
3841,259,27,6 15 36 118,5 8 9 11 81,535
3841,305,28,6 15 36 118 259,1 4,605
3841,356,29,6 15 36 118 259 305,1 5 11 12 105 119,746
3841,518,30,6 15 36 118 259 305 356,1 2 3 4 186,1097
3842,1,1,,,0
3842,70,13,1,12 14 18 39 46,105
3842,106,14,1 70,1 2 5 13 16,176
3843,1,1,,,0
3843,5,2,1,3,0
3843,21,8,1 5,1 9 17,25
3843,39,10,1 5 21,2 8,65
3845,3,1,,,0
3845,351,27,3,1 2 10 29 40 128 145,730
3846,6,4,,2,3
3846,13,7,6,1 2 4 5,12
3846,32,9,6 13,1 2 4 11,47
3846,82,13,6 13 32,4 5 6 10 31 33,127
3847,17,7,,1 9,22
3847,27,8,17,2 3 4 7 13,36
3847,53,12,17 27,11,77
3847,159,21,17 27 53,1 2 5 24 29 35 96,304
3848,3,3,,1 2,0
3848,8,5,3,1 7,5
3848,9,6,3 8,1 7,7
3849,2,2,,1,0
3849,6,3,2,1,2
3849,7,4,2 6,1,3
3849,245,26,2 6 7,3 13 36 38 43,494
3850,1,1,,,0
3850,2,2,1,,0
3850,7,3,1 2,1,2
3851,11,5,,1 2,10
3851,28,7,11,2 3 4 5 9,39
3851,218,22,11 28,1 2 3 19,437
3852,144,20,,1 5 12 13 71 93 128,262
3852,805,38,144,2 5 11 21 54 65 75 92 175 662 790,1884
3854,1,1,,,0
3854,5,4,1,1 2 4,2
3855,1,1,,,0
3855,4,3,1,1 2,1
3855,9,4,1 4,1,8
3855,18,5,1 4 9,1 2 12 13,16
3856,1,1,,,0
3856,144,20,1,2 4 9 14 72,274
3857,2,2,,1,0
3857,11,4,2,1,8
3857,56,12,2 11,1 2 10 18 19,79
3858,1,1,,,0
3858,3,3,1,1 2,0
3858,97,17,1 3,1 2 6 12 20 33 34 89,161
3859,2,2,,1,0
3859,36,11,2,1 2 5 16 30,47
3859,701,37,2 36,3 4 7 10 56 57 112,1633
3859,937,41,2 36 701,1 3 19 28 60 62 71 125 264 671 868,2319
3860,1,1,,,0
3860,2,2,1,1,0
3860,13,4,1 2,1 2 12,8
3860,133,19,1 2 13,1 2 3 10 64 76,237
3860,232,25,1 2 13 133,4 9 12 114,457
3860,664,35,1 2 13 133 232,5 39 112 122,1537
3861,1,1,,,0
3861,12,3,1,1 2,7
3861,13,6,1 12,2 3 4 7,9
3861,118,18,1 12 13,1 31 116,196
3863,1,1,,,0
3863,116,17,1,1 31,195
3863,154,19,1 116,1 7 17,297
3863,226,24,1 116 154,1 69,442
3864,37,11,,1 4 5 8 10 35,47
3864,510,29,37,1 3 4 5 7 14,1084
3865,30,10,,1 2 5 16,40
3865,169,20,30,1 4 17 20 21 29,329
3865,218,23,30 169,2 7 8 63 71,428
3866,1,1,,,0
3866,4,2,1,2,1
3866,11,6,1 4,4 9,11
3866,35,10,1 4 11,1 4 5 8 10,43
3866,46,11,1 4 11 35,12 14 18 39,57
3866,89,16,1 4 11 35 46,1 2 6 12 20 33 34,145
3866,715,37,1 4 11 35 46 89,1 2 4 7 9 16 84 142,1671
3867,1,1,,,0
3867,7,5,1,2 3 4,5
3867,11,6,1 7,1 2 4,11
3867,14,7,1 7 11,1 5 7,19
3867,185,20,1 7 11 14,1 2 4 8 129,365
3867,378,26,1 7 11 14 185,1 2 4 27 45 80,773
3867,655,34,1 7 11 14 185 378,1 2 4 47 128,1498
3867,790,37,1 7 11 14 185 378 655,2 5 11 21 54 65 75 92 175 662,1834
3868,2,1,,,0
3868,3,2,2,2,0
3868,9,5,2 3,4,7
3868,128,16,2 3 9,1 5 12 13 71 93,222
3869,2,1,,,0
3869,244,23,2,3 47 158,487
3870,4,4,,2 3,2
3870,9,6,4,2 3 4 5,9
3871,2,2,,1,0
3871,3,3,2,2,1
3871,79,15,2 3,2 66,125
3871,541,29,2 3 79,1 2 4 8 30 174 235,1161
3872,1,1,,,0
3872,2,2,1,,0
3872,15,9,1 2,4 6 9 13,15
3873,4,2,,,1
3873,39,9,4,12 14 18,41
3874,4,3,,1 2,1
3874,5,5,4,2 3 4,3
3874,7,6,4 5,1 5,6
3874,8,7,4 5 7,2,8
3874,13,8,4 5 7 8,4 6 9,10
3874,88,15,4 5 7 8 13,3 4 54,139
3874,327,25,4 5 7 8 13 88,1 2 4 21 39 57,670
3875,1,1,,,0
3875,4,4,1,2 3,2
3875,244,23,1 4,2 22 24 85 199,472
3875,286,24,1 4 244,1 2 8 67 138,538
3876,2,2,,1,0
3876,3,3,2,2,1
3876,5,4,2 3,1,2
3876,145,19,2 3 5,1 2 3 7 69 74,267
3877,1,1,,,0
3877,2,2,1,,0
3877,139,18,1 2,6 10 54 84 93 106,250
3878,9,4,,4 6,3
3879,16,5,,1 2 5,8
3879,180,21,16,2 3 15 24 98,352
3879,192,22,16 180,1 2 3 4 36 190,367
3879,493,28,16 180 192,2 3 398,1018
3879,895,40,16 180 192 493,1 16 27 30 50 308 717,2176
3880,1,1,,,0
3880,2,2,1,,0
3880,854,39,1 2,1 2 5 15 16 107 171 594 633,2061
3881,6,3,,4,1
3881,40,10,6,4,45
3881,190,21,6 40,1 2 3 4 36,363
3882,7,4,,6,2
3883,1,1,,,0
3883,4,2,1,,0
3883,6,3,1 4,,0
3884,66,14,,2,98
3886,28,9,,2 3 4 7 10 15 16,28
3886,413,25,28,1 2 4 5 12 17 103 164,839
3887,59,13,,2 5 17,81
3888,115,15,,4 20 68,208
3888,462,27,115,1 2 3 20 30 42 111,948
3889,1,1,,,0
3889,11,4,1,,4
3890,5,3,,1 2,0
3890,897,39,5,1 3 6 13 21 35 46 675,2206
3891,10,5,,1 4 5 8,3
3891,51,12,10,1 2 3 13 17,70
3892,166,20,,7 22 31 51 93,329
3893,2,2,,1,0
3893,8,4,2,1 4 5,2
3893,795,38,2 8,1 3 4 34 166 198 238 755,1875
3894,1,1,,,0
3894,10,5,1,2 3 6,5
3894,18,6,1 10,12 14,12
3894,19,7,1 10 18,1 2 10 18,14
3895,18,6,,1 2 10,14
3895,33,11,18,4 5 6 10 31,34
3895,291,24,18 33,5 6 9 10 28 45 112,581
3896,1,1,,,0
3896,5,3,1,1 4,0
3896,67,11,1 5,2 3 4 5 7 17 24,107
3896,585,33,1 5 67,4 5 11 179 259,1320
3897,4,2,,1,0
3897,9,5,4,2,5
3897,18,9,4 9,7 12,20
3897,31,10,4 9 18,4 5 6 10,29
3898,6,4,,2 3,2
3898,14,5,6,12,7
3898,16,8,6 14,2 3 4 7 10 15,11
3899,15,7,,2 3 4 7 10,11
3899,37,9,15,1 8 10 11,42
3899,158,19,15 37,2 3 8 13 63,303
3899,924,42,15 37 158,2 8 17 18 74 82 291 309 908,2266
3900,1,1,,,0
3900,12,4,1,,6
3900,49,9,1 12,2 3 4 10 11 23,63
3901,3,3,,2,1
3902,1,1,,,0
3902,2,2,1,,0
3903,10,3,,1 2,3
3903,12,7,10,7,10
3903,30,8,10 12,1 2 4 9,30
3903,93,14,10 12 30,1 5 12 13 71,151
3904,2,1,,,0
3904,10,6,2,2 3 4 7,4
3904,482,27,2 10,1 4 19 78 100 136 245,1002
3905,295,24,,2 8 11 53 72 76 90 204 272,592
3907,1,1,,,0
3907,7,5,1,2 3 4,3
3907,75,11,1 7,2 4 18 19 68,110
3908,7,5,,,6
3908,21,6,7,2 3 9,17
3908,54,10,7 21,3 4,80
3908,647,36,7 21 54,1 3 32,1481
3910,1,1,,,0
3910,4,4,1,2 3,2
3910,96,14,1 4,1 2 5 24 29 35,167
3910,106,17,1 4 96,6 10 54 84 93,190
3911,2,2,,1,0
3911,3,3,2,2,1
3912,1,1,,,0
3912,2,2,1,,0
3914,68,10,,2 4 18 19,101
3914,129,18,68,1 2 4 5 6 7,243
3915,1,1,,,0
3915,252,22,1,224,470
3915,556,32,1 252,1 2 4 5 6 9 48 57 65 80 148,1219
3915,908,41,1 252 556,2 8 17 18 74 82 291 309,2232
3917,4,2,,,1
3917,76,13,4,1 2 3 10 64,128
3917,211,21,4 76,2 4 6 69,397
3918,10,5,,4 5 6,5
3918,262,23,10,10 12 17 24,511
3919,1,1,,,0
3919,21,7,1,2 3,24
3919,249,22,1 21,1 20 21 24,465
3919,340,23,1 21 249,1 6 9 14 21 23 47 79,688
3919,748,37,1 21 249 340,1 19 26 97 139 140 202,1754
3920,9,5,,2 3,7
3920,34,8,9,3 5,48
3920,63,10,9 34,1 3 7 18,98
3920,66,11,9 34 63,6 8 12 17 23,108
3920,68,12,9 34 63 66,2 4 6 40 48,113
3920,199,20,9 34 63 66 68,2 22 24 85,382
3921,1,1,,,0
3921,34,9,1,1 2 6 12 20 33,49
3921,174,19,1 34,1 2 8 12 19 35 41 81 109 162,333
3922,1,1,,,0
3922,6,4,1,4 5,2
3922,33,8,1 6,1 2 6 12 20,47
3923,5,3,,4,2
3923,93,16,5,6 10 54 84,168
3923,129,18,5 93,1 2 4 8,250
3924,4,2,,,2
3924,9,4,4,1 2 4,8
3924,217,20,4 9,2 11 14 73,395
3924,814,38,4 9 217,1 2 9 21 180 664,1972
3924,884,40,4 9 217 814,96 156 271 610,2177
3925,1,1,,,0
3925,7,3,1,2 3,4
3925,11,6,1 7,1 8 10,9
3925,17,7,1 7 11,1 2 3 13,16
3925,71,12,1 7 11 17,1 5 12 13,113
3925,645,36,1 7 11 17 71,1 3 14 16 68 83,1482
3926,1,1,,,0
3926,3,2,1,2,0
3926,10,5,1 3,1 8,7
3926,23,7,1 3 10,2 3 4 10 11,26
3927,2,1,,,0
3927,71,13,2,5 6 27 40 70,118
3927,686,36,2 71,4 8 151 581,1593
3928,8,4,,1,6
3928,29,8,8,1 2 4 5,39
3928,70,12,8 29,5 6 27 40,116
3928,72,13,8 29 70,2 4 9 14,120
3928,272,22,8 29 70 72,2 8 11 53 72 76 90 204,533
3928,868,39,8 29 70 72 272,1 3 19 28 60 62 71 125 264 671,2116
3929,1,1,,,0
3929,3,2,1,2,0
3929,4,3,1 3,1 2,1
3929,13,4,1 3 4,1 2 3,8
3929,17,5,1 3 4 13,2 5,12
3929,64,11,1 3 4 13 17,1 2 3 10,96
3929,108,17,1 3 4 13 17 64,1 2 3 4 6 48 50,189
3929,390,26,1 3 4 13 17 64 108,2 64 97 119 128,772
3929,847,38,1 3 4 13 17 64 108 390,1 4 9 15 106 151 196,2056
3930,2,1,,,0
3931,2,2,,1,0
3931,101,16,2,2 6 61,170
3931,179,19,2 101,5 13 40 154,334
3931,750,36,2 101 179,1 3 19 41 150 630,1731
3932,1,1,,,0
3932,16,5,1,1 2 5 13,11
3932,84,15,1 16,6 10 54,141
3932,797,37,1 16 84,1 2 4 223 226,1886
3933,162,18,,1 2 8 12 19 35 41 81 109,297
3933,218,19,162,1 3 4 5 7 10 107 125,376
3933,329,23,162 218,1 10 24,655
3933,755,36,162 218 329,1 3 4 34 166 198 238,1755
3935,1,1,,,0
3935,13,4,1,1 2 5,10
3935,20,7,1 13,1 2 6 12,23
3935,68,11,1 13 20,4 20,111
3936,1,1,,,0
3936,79,14,1,5,134
3937,1,1,,,0
3937,3,2,1,2,0
3937,109,17,1 3,1 2 4 7 12 13 53 62,194
3938,2,1,,,0
3938,11,6,2,2 3 4 10,9
3938,418,26,2 11,1 3 8 32 49 230 256 262,828
3939,3,3,,1 2,0
3939,10,5,3,2 3 4,8
3939,24,9,3 10,2 3 4 5 7 17,31
3940,2,2,,1,0
3940,19,6,2,,23
3940,48,10,2 19,2 4 6 40,72
3941,1,1,,,0
3941,5,3,1,2,1
3943,5,3,,1 2,2
3943,12,5,5,1 2 6,12
3943,224,21,5 12,,394
3943,540,33,5 12 224,26 97 134,1198
3944,1,1,,,0
3944,2,2,1,,0
3944,69,13,1 2,1 3 28 30 47 51,111
3944,89,16,1 2 69,1 2 5 10 13,147
3945,4,4,,2 3,2
3946,2,2,,1,0
3946,3,3,2,2,1
3946,14,7,2 3,3 8 11,14
3946,17,8,2 3 14,2 3 4 5 7,19
3946,459,26,2 3 14 17,1 15 19 52 126,934
3947,1,1,,,0
3947,2,2,1,,0
3947,74,15,1 2,1 2 3 7 69,122
3948,2,1,,,0
3948,31,7,2,1,34
3948,40,9,2 31,2 4 6,57
3949,5,3,,3,2
3949,6,4,5,1 2,3
3949,11,6,5 6,3 8,9
3949,48,10,5 6 11,2 6 7 31 32,67
3949,204,20,5 6 11 48,1 2 4 23 30 46 52 78 184 190,344
3949,585,35,5 6 11 48 204,16 38 204,1303
3950,1,1,,,0
3950,31,6,1,3 5,31
3951,1,1,,,0
3951,3,2,1,,0
3952,5,4,,1 2 4,2
3952,8,5,5,3,5
3952,69,14,5 8,1 2 3 7,109
3952,695,35,5 8 69,2 4 9 127,1575
3953,2,2,,1,0
3953,4,3,2,1 2,1
3954,1,1,,,0
3955,2,2,,1,0
3955,148,16,2,1 3 6 7 8 9 17 22,262
3955,158,17,2 148,3 47,286
3956,1,1,,,0
3956,7,5,1,2 3 4 5,3
3956,154,16,1 7,5 13 40,276
3956,290,22,1 7 154,2 12 19,553
3957,3,1,,,0
3957,12,5,3,4,9
3958,4,2,,3,0
3958,5,4,4,2 3 4,1
3958,26,8,4 5,15,27
3958,40,10,4 5 26,5 6 27,55
3959,3,1,,,0
3959,4,3,3,2 3,0
3960,3,2,,2,0
3960,345,25,3,3 8 30 94,680
3961,2,1,,,0
3961,98,14,2,2 3 15 24,173
3962,51,12,,1 3 28 30 47,75
3962,54,13,51,6 10,81
3962,903,39,51 54,2 3 5 8 11 578 725,2171
3963,19,7,,2 4 18,15
3963,23,8,19,6 8 12 17,27
3963,190,19,19 23,1 2 4 23 30 46 52 78 184,313
3964,1,1,,,0
3964,18,6,1,2 4,14
3964,169,18,1 18,1 2 3 6 17 126 156,279
3964,218,19,1 18 169,1 2 3 9 24 26 100,386
3964,526,33,1 18 169 218,2 17 54 268,1161
3965,1,1,,,0
3965,4,2,1,,1
3965,18,6,1 4,1 3 7,14
3965,32,9,1 4 18,2 6 7 31,39
3965,93,13,1 4 18 32,7 22 31 51,158
3966,1,1,,,0
3966,31,8,1,2 6 7,38
3966,47,11,1 31,1 3 28 30,65
3968,17,7,,1 8 10,17
3968,968,41,17,2 4 6 20 339,2321
3969,6,5,,1 2 3 4,2
3969,15,6,6,,15
3969,17,7,6 15,6 8 12,18
3969,184,18,6 15 17,1 2 4 23 30 46 52 78,298
3970,1,1,,,0
3970,48,11,1,23 34 37,70
3971,4,4,,1 2 3,1
3971,27,7,4,5 6,35
3971,35,10,4 27,1 2 5 24 29,44
3971,61,11,4 27 35,2 6,84
3972,3,3,,1 2,1
3972,201,18,3,3 177,330
3972,780,37,3 201,5 10 23 25 35 41 43 110 728,1843
3973,1,1,,,0
3973,2,2,1,1,0
3974,1,1,,,0
3974,12,6,1,6 8,12
3974,398,25,1 12,2 3,777
3975,10,5,,1 8,9
3975,993,41,10,1 35 202,2389
3976,5,3,,3,2
3976,7,4,5,1 3,5
3977,1,1,,,0
3977,8,4,1,1,6
3977,29,9,1 8,1 2 5 24,34
3977,156,17,1 8 29,1 2 3 6 17 126,250
3978,1,1,,,0
3978,3,2,1,,0
3978,4,3,1 3,2,0
3978,8,4,1 3 4,6,4
3978,114,15,1 3 4 8,4 9 12,180
3978,754,35,1 3 4 8 114,3 56 64 92 269 309 372,1780
3980,2,1,,,0
3980,3,2,2,1,0
3980,6,3,2 3,,2
3981,37,10,,23 34,49
3981,542,34,37,1 3 4 12 31 52 292,1199
3982,1,1,,,0
3982,6,3,1,2 4,1
3982,24,8,1 6,1 2 5,25
3982,182,17,1 6 24,1 2 3 18 39 130,289
3983,10,4,,1 2 3,5
3983,13,5,10,1 5 12,8
3983,20,7,10 13,4,20
3983,30,9,10 13 20,1 3 28,33
3983,913,40,10 13 20 30,1 2 8 11 19 44 104 211 360,2180
3984,1,1,,,0
3984,4,2,1,2,0
3984,12,4,1 4,1 5,6
3984,34,9,1 4 12,23,39
3984,62,12,1 4 12 34,1 2 4 7 12 13 53,87
3984,474,31,1 4 12 34 62,6 14 65 75 195,994
3984,896,39,1 4 12 34 62 474,3 8 288 410 790,2122
3985,28,8,,1 3,30
3986,2,1,,,0
3986,14,6,2,2 4 9,12
3986,23,7,2 14,1 5 11 15,21
3986,109,15,2 14 23,1 2 8 12 19 35 41 81,173
3987,50,11,,1 2 3 4 6 48,64
3987,305,23,50,2 9 162 251,565
3988,245,21,,1 3 11 150,441
3989,48,10,,1 2 3 4 6,64
3989,226,20,48,1 2 3 12 109,413
3990,1,1,,,0
3990,3,3,1,1 2,1
3990,7,5,1 3,2 6,5
3990,954,40,1 3 7,2 4 15 45 146 850,2283
3991,1,1,,,0
3991,2,2,1,1,0
3991,5,3,1 2,1,1
3991,6,4,1 2 5,2,2
3991,9,5,1 2 5 6,2 4,5
3991,57,12,1 2 5 6 9,2 3 9,83
3992,1,1,,,0
3992,6,4,1,5,2
3993,5,3,,,2
3993,34,8,5,4 6 7 9 13 14 21,30
3993,45,10,5 34,1 4 19,57
3993,53,11,5 34 45,1 2 4 7 12 13,68
3993,92,14,5 34 45 53,1 3 27,131
3994,15,5,,1 5 11,10
3994,63,10,15,2 3 8 13,87
3994,235,20,15 63,1 2 38 101 103 182,405
3994,415,26,15 63 235,1 2 3 10 24 47 76 143,812
3994,427,30,15 63 235 415,2 4 15,868
3995,1,1,,,0
3995,2,2,1,,0
3995,23,7,1 2,,21
3995,441,30,1 2 23,5 12 26 32 59 69 79 152,913
3995,523,33,1 2 23 441,3 11 13 18 26 39 91 132 413,1122
3995,662,34,1 2 23 441 523,2 5 11 21 54 65 75 92 175,1474
3996,4,2,,2,0
3996,177,17,4,3,268
3996,204,19,4 177,2 8 11 53 72 76 90,355
3998,2,1,,,0
3998,11,4,2,1 5,6
3998,480,32,2 11,2 10 11 12 55 244 371,1019
3999,4,1,,,0
4000,17,6,,1 7,14
4001,5,3,,1 2,1
4004,1,1,,,0
4004,2,2,1,1,0
4004,5,3,1 2,1,2
4004,373,25,1 2 5,2 3 4 8 20 22 287,727
4005,1,1,,,0
4005,29,9,1,1 4 17 20 21,31
4006,5,3,,3,2
4006,10,5,5,6,6
4006,21,7,5 10,4 6 7 9 13 14,14
4006,198,19,5 10 21,1 2 5 14 16 37,357
4007,1,1,,,0
4007,51,11,1,7 22 31,73
4007,126,16,1 51,1 2 3 6 17,185
4008,1,1,,,0
4008,3,2,1,,0
4010,3,2,,1,0
4010,5,3,3,,1
4010,6,4,3 5,,1
4010,7,5,3 5 6,1,1
4010,167,17,3 5 6 7,1 5 6 8 125 143,262
4012,1,1,,,0
4012,71,13,1,2 7 8 63,98
4012,286,24,1 71,1 22 210,520
4013,14,6,,4 6 7 9 13,6
4013,21,8,14,1 4 17 20,19
4014,7,4,,1 2 3,2
4014,13,5,7,4 6 7 9,5
4014,20,7,7 13,1 4 17,17
4014,81,14,7 13 20,1 2 8 12 19 35 41,121
4015,321,24,,2 3 10 25 32 41 133 138,575
4016,1,1,,,0
4017,17,6,,1 4,16
4017,260,22,17,3 5 10,480
4017,741,37,17 260,1 2 7 208 415 458 665,1749
4018,3,3,,1 2,1
4018,9,4,3,4 6 7,3
4018,93,15,3 9,1 2 16,150
4019,1,1,,,0
4019,2,2,1,1,0
4019,19,6,1 2,1 4,20
4019,81,14,1 2 19,5 8 9 11,123
4019,566,33,1 2 19 81,2 26 58 154 382,1279
4019,960,41,1 2 19 81 566,2 3 7 8 35 63 248 365,2306
4020,1,1,,,0
4020,7,3,1,4 6,0
4020,13,5,1 7,1 2 5 10,5
4020,63,12,1 7 13,2 7 8,83
4020,69,13,1 7 13 63,1,90
4020,84,14,1 7 13 63 69,7 16 23 38,130
4020,933,40,1 7 13 63 69 84,1 8 20 109 137 247,2223
4021,6,2,,4,0
4023,4,1,,,0
4023,10,4,4,1 2 5,3
4023,138,15,4 10,1 2 8 67,198
4024,415,30,,1 3 28 30 57 74 104,865
4024,728,36,415,5 10 23 25 35 41 43 110,1708
4026,6,2,,2,1
4026,51,11,6,1 2 13 21 37,69
4026,125,14,6 51,1 3 4 5 7 10 107,172
4026,391,29,6 51 125,2 3 8 125 280 342,787
4027,20,9,,1 2,29
4027,31,10,20,7 22,46
4028,1,1,,,0
4028,5,3,1,1 2,1
4028,65,11,1 5,2 25 47 62,90
4030,2,1,,,0
4030,4,3,2,1,2
4031,2,2,,1,0
4031,6,5,2,1 2 3 4,3
4031,62,10,2 6,2 25 47,86
4032,1,1,,,0
4032,517,32,1,3 14,1138
4032,581,33,1 517,4 8 151,1315
4033,1,1,,,0
4033,4,4,1,1 2 3,1
4033,13,8,1 4,1 2 4 7 12,14
4033,442,31,1 4 13,2 7 27 47 140,928
4034,1,1,,,0
4034,3,3,1,1 2,0
4034,4,4,1 3,1,2
4034,12,7,1 3 4,1 2 4 7,11
4034,85,12,1 3 4 12,2 22 24,122
4034,130,14,1 3 4 12 85,1 2 3 18 39,180
4034,143,16,1 3 4 12 85 130,1 5 6 8 125,212
4034,904,39,1 3 4 12 85 130 143,1 2 5 319 332 360 786,2146
4035,2,2,,1,0
4035,24,8,2,2 3 15,33
4035,36,9,2 24,1 2 3 4,46
4035,630,32,2 24 36,3 6 40 58 80 146 199,1414
4036,1,1,,,0
4036,7,6,1,1 2 4 5 6,2
4036,22,7,1 7,7,29
4036,102,13,1 7 22,1 15 70,131
4037,1,1,,,0
4037,6,5,1,1 2 4 5,1
4037,431,30,1 6,3 4 6 7 48 51 52 135,876
4038,5,4,,1 2 4,1
4039,1,1,,,0
4039,4,3,1,1 2,0
4039,7,4,1 4,1 2 4,3
4039,9,5,1 4 7,2 3,8
4040,37,7,,1 2 13 21,40
4040,143,16,37,2 68 91,220
4041,2,2,,1,0
4041,9,4,2,4,9
4041,251,22,2 9,2 9 162,443
4041,254,23,2 9 251,3 25 34,446
4042,1,1,,,0
4042,4,3,1,1 2,1
4044,1,1,,,0
4044,2,2,1,1,0
4044,8,4,1 2,1 2 4,6
4044,13,5,1 2 8,2 3 8,11
4044,15,6,1 2 8 13,2 3,15
4044,107,13,1 2 8 13 15,1 3 4 5 7 10,129
4044,493,31,1 2 8 13 15 107,2 3 7 18 23 43 69,1073
4045,1,1,,,0
4045,2,2,1,1,0
4045,3,3,1 2,2,1
4045,502,31,1 2 3,8 10 46 80 172 208 349,1086
4046,1,1,,,0
4046,2,2,1,,0
4046,4,3,1 2,,0
4046,47,8,1 2 4,2 25,49
4046,189,20,1 2 4 47,1 2 3 6 107,310
4046,653,33,1 2 4 47 189,1 3 5 14 92 181 406,1468
4047,182,19,,1 2 38 101 103,291
4047,396,29,182,1 3 11 20 52 102,812
4048,4,3,,1 2,0
4048,213,21,4,8 14 17 77,372
4049,8,4,,2 3,4
4049,107,13,8,1 2 10 18 24,134
4050,2,2,,1,0
4050,19,5,2,1 2 3,13
4051,1,1,,,0
4051,7,4,1,,4
4051,43,10,1 7,3 13 36 38,45
4051,145,18,1 7 43,1 2 10 29 40 128,222
4051,630,32,1 7 43 145,1 3 19 41 150,1404
4052,1,1,,,0
4052,125,15,1,1 5 6 8,171
4052,362,28,1 125,1 2 4 6 19 258 355 358,703
4054,3,3,,2,1
4054,7,4,3,1 2 5,4
4054,41,10,3 7,1 2 8 12 19 35,46
4054,949,40,3 7 41,6 12 14 28 63 135 181,2264
4055,1,1,,,0
4055,2,2,1,,0
4055,177,19,1 2,1 2 91,285
4055,205,20,1 2 177,1 11 16,352
4055,786,38,1 2 177 205,1 2 4 10 16 165,1863
4056,3,2,,2,0
4056,5,3,3,1 2,1
4056,21,6,3 5,1 2 13,12
4056,38,9,3 5 21,3 13 36,37
4056,358,27,3 5 21 38,1 2 4 6 19 258 355,692
4057,2,1,,,0
4057,717,36,2,1 16 27 30 50 308,1685
4058,27,7,,1 3,21
4058,36,8,27,3 13,35
4059,2,2,,1,0
4059,22,6,2,1 11,14
4059,69,12,2 22,2 4 6,75
4059,355,26,2 22 69,1 2 4 6 19 258,686
4059,801,38,2 22 69 355,1 2 7,1884
4060,1,1,,,0
4060,35,7,1,1 2 8 12 19,34
4060,393,27,1 35,2 5 6 44 70 230 306,794
4063,201,20,,15 39,350
4064,13,5,,1 2,9
4064,769,37,13,1 26 39 48 95 206,1822
4065,1,1,,,0
4066,3,3,,1 2,0
4066,38,10,3,7 16 23,50
4066,47,11,3 38,3,62
4067,2,2,,1,0
4067,4,4,2,1 2 3,2
4068,1,1,,,0
4068,3,3,1,1 2,1
4068,25,6,1 3,2,23
4068,70,11,1 3 25,1 15,72
4068,73,12,1 3 25 70,2 11 14,75
4068,128,17,1 3 25 70 73,1 2 10 29 40,191
4068,298,23,1 3 25 70 73 128,1 2 5 8 21 60 87,537
4069,1,1,,,0
4069,2,2,1,1,0
4069,134,17,1 2,1,218
4070,1,1,,,0
4070,11,3,1,1,3
4070,40,10,1 11,5 13,47
4072,18,4,,1 2 6,11
4074,112,16,,5 6 9 10 28 45,167
4074,501,31,112,3 5 9 10 21 60,1103
4074,664,35,112 501,1 2 9 21 180,1560
4075,2,2,,1,0
4075,8,3,2,2 7,3
4075,78,11,2 8,1 2 4 23 30 46 52,83
4075,94,14,2 8 78,1 4 79 87,110
4075,194,20,2 8 78 94,1 4 8 10 23 48,333
4075,342,26,2 8 78 94 194,2 3 8 125 280,667
4075,618,31,2 8 78 94 194 342,3 11 53 92 248 297 374 375,1385
4076,1,1,,,0
4076,7,2,1,2,2
4076,19,6,1 7,1 2 8 12,17
4077,226,20,,3 4 16 27 35 44,391
4078,1,1,,,0
4078,119,16,1,1 5 11 12 105,181
4080,1,1,,,0
4080,12,5,1,4 9,9
4080,304,24,1 12,2 7 225,563
4081,2,1,,,0
4081,13,5,2,3,11
4081,22,8,2 13,1 3 6 7 8 9 17,22
4081,23,9,2 13 22,7 16,29
4082,3,2,,1,0
4082,87,13,3,1 4 79,99
4082,92,14,3 87,1 4 19 80,105
4082,100,15,3 87 92,1 2 3 9 24 26,134
4083,9,4,,4,7
4083,12,5,9,1 2 8,10
4083,150,19,9 12,1 3 11,234
4083,349,26,9 12 150,1 4 17 20 22 233,687
4083,620,31,9 12 150 349,3 4 7 9 39 66 154,1401
4084,1,1,,,0
4084,6,3,1,1 2,2
4084,91,13,1 6,1 2 3 5 11 15 20 42 46,105
4086,1,1,,,0
4086,17,7,1,1 3 6 7 8 9,16
4086,287,23,1 17,2 6 17 30 39 81 183 211,517
4086,309,25,1 17 287,2 4 13 17,560
4086,393,30,1 17 287 309,1 2 14 53 58 110 131 297,815
4087,8,4,,1 2,7
4088,1,1,,,0
4088,2,2,1,1,0
4088,4,3,1 2,,2
4088,16,7,1 2 4,7,18
4088,123,18,1 2 4 16,2 16 26 27 39 47 68 106,191
4088,210,19,1 2 4 16 123,1 22,346
4089,1,1,,,0
4089,11,5,1,5 8 9,7
4089,749,37,1 11,1 3 5 26 33 40,1768
4089,964,42,1 11 749,4 5 17 26 30 447,2303
4090,1,1,,,0
4090,79,12,1,1 4,85
4090,287,23,1 79,2 3 4 8 20 22,525
4090,790,37,1 79 287,3 8 288 410,1836
4091,2,1,,,0
4091,3,2,2,,0
4091,9,4,2 3,5 8,4
4092,8,3,,5,4
4092,91,13,8,2 68,120
4092,105,15,8 91,1 5 11 12,150
4093,2,2,,1,0
4093,665,35,2,1 2 7 208 415 458,1541
4094,1,1,,,0
4094,9,6,1,1 3 6 7 8,3
4094,67,11,1 9,1 2 8,65
4094,80,12,1 9 67,1 4 19,82
4094,262,22,1 9 67 80,1 3 8 32 49 230 256,451
4094,850,39,1 9 67 80 262,2 4 15 45 146,1995
4095,1,1,,,0
4095,5,2,1,,1
4095,8,5,1 5,1 3 6 7,1
4095,16,6,1 5 8,1 2,11
4095,24,7,1 5 8 16,2 22,14
4096,7,4,,1 3 6,1
4097,1,1,,,0
4097,6,3,1,1 3,0
4097,7,4,1 6,,2
4097,13,5,1 6 7,5,5
4097,22,6,1 6 7 13,2,9
4100,3,2,,1,0
4100,256,21,3,1 3 8 32 49 230,439
4100,611,32,3 256,1 2 3 21 46 234 512 545,1387
4101,52,10,,1 2 4 23 30 46,39
4101,376,29,52,1 2 5 10 13 304 362,762
4101,633,34,52 376,1 2 5 15 16 107 171 594,1467
4102,1,1,,,0
4102,690,36,1,1 28 140 287 479,1626
4104,1,1,,,0
4105,5,2,,,2
4105,106,17,5,2 16 26 27 39 47 68,160
4105,413,30,5 106,3 11 13 18 26 39 91 132,861
4105,800,38,5 106 413,1 4 7 8 10 22 24 56 66 130 159 302 525 786,1876
4106,1,1,,,0
4106,109,17,1,1 2 3 12,167
4107,46,9,,1 2 4 23 30,35
4107,371,29,46,2 10 11 12 55 244,762
4108,1,1,,,0
4108,87,14,1,2 19 41,117
4108,622,33,1 87,2 3 20 32 252,1427
4109,2,2,,1,0
4110,1,1,,,0
4110,3,2,1,,0
4110,75,13,1 3,1 9,98
4110,90,16,1 3 75,2 8 11 53 72 76,130
4110,121,18,1 3 75 90,1 20 21,174
4110,675,35,1 3 75 90 121,3 33 229,1594
4112,139,18,,3 5 38 48 54 55,216
4112,675,35,139,1 3 6 13 21 35 46,1599
4115,68,12,,2,93
4115,362,28,68,1 2 5 10 13 304,745
4116,17,5,,1 2 3 6,7
4116,78,13,17,2 6 31,107
4116,184,19,17 78,1 3 112 121 172,309
4117,2,1,,,0
4119,1,1,,,0
4119,786,37,1,1 4 7 8 10 22 24 56 66 130 159 302 525,1853
4120,1,1,,,0
4120,415,29,1,2 4 6 7 42,891
4121,57,11,,4 5 13 21 24,72
4122,6,3,,2 4,0
4122,76,13,6,1 4 5,117
4123,15,5,,1,7
4123,30,8,15,1 2 4 23,25
4123,926,41,15 30,1 2 20 34 47 53 94 105 458 491,2211
4124,4,2,,2,0
4124,76,15,4,2 8 11 53 72,118
4124,144,18,4 76,1 2 13 99,242
4125,39,9,,1 2 3 18,38
4125,671,35,39,1 3 19 28 60 62 71 125 264,1597
4126,2,1,,,0
4126,103,17,2,1 2 38 101,153
4126,230,20,2 103,1 3 8 32 49,404
4127,6,4,,1 2 3,1
4127,14,5,6,2 11,6
4127,845,39,6 14,4 16 23 27 788,2004
4128,1,1,,,0
4128,72,14,1,2 8 11 53,113
4128,101,16,1 72,1 2 38,149
4128,107,17,1 72 101,1 2 3 6,162
4128,172,18,1 72 101 107,1 3 112 121,289
4129,46,10,,1 2 3 5 11 15 20 42,50
4130,3,3,,1 2,0
4130,11,4,3,2,4
4130,23,7,3 11,1 2 4,18
4130,42,9,3 11 23,7,41
4130,162,17,3 11 23 42,2 9,267
4130,579,30,3 11 23 42 162,1 2 3 12 15 61 195,1321
4131,2,2,,1,0
4132,1,1,,,0
4132,24,8,1,1 2 10 18,19
4133,42,8,,1 2 3 5 11 15 20,43
4133,977,41,42,1 4 19 30 42 50 336,2310
4135,164,17,,1 2 4 5 12 17 103,271
4135,186,19,164,2 35 74 94,315
4137,1,1,,,0
4137,280,25,1,2 3 8 125,547
4138,18,7,,1 2 10,18
4138,166,18,18,1 2 5 15 20 70,288
4138,335,27,18 166,2 5 11 35 130 171 281,685
4139,1,1,,,0
4139,2,2,1,,0
4139,623,34,1 2,4 8 150 477,1472
4140,594,33,,1 2 5 15 16 107 171,1400
4140,725,36,594,2 3 5 8 11 578,1715
4141,10,6,,1 3 4 5 7,7
4141,45,12,10,5 6 9 10 28,71
4141,91,16,10 45,1 2,141
4141,245,24,10 45 91,1 4 19 78 100 136,450
4142,1,1,,,0
4142,4,2,1,1,2
4142,574,32,1 4,2 6 19 78 81 101,1327
4143,1,1,,,0
4143,68,15,1,2 16 26 27 39 47,114
4144,1,1,,,0
4144,7,5,1,1 3 4 5,3
4144,24,7,1 7,1 20 21,22
4144,57,14,1 7 24,1 2 4 21 39,96
4145,1,1,,,0
4146,5,4,,1 3 4,2
4146,10,5,5,1 2,8
4146,18,6,5 10,1 2 3,15
4147,4,3,,1 3,2
4147,21,5,4,1 20,17
4147,53,13,4 21,2 8 11,86
4147,306,26,4 21 53,2 5 6 44 70 230,620
4148,1,1,,,0
4148,3,2,1,1,1
4148,20,4,1 3,1,15
4148,280,25,1 3 20,1 3 5 15 36 81,552
4149,1,1,,,0
4149,4,3,1,1 2,1
4149,370,28,1 4,4 11 16 24 147,784
4150,1,1,,,0
4151,2,2,,1,0
4152,1,1,,,0
4152,407,28,1,2 3 6 163,884
4152,786,37,1 407,1 2 5 319 332 360,1849
4153,8,3,,1 2,4
4154,2,2,,1,0
4154,24,9,2,4 5 13 21,27
4154,41,12,2 24,2 19,59
4154,82,13,2 24 41,1 2 13 19 30,123
4154,343,27,2 24 41 82,1 2 8 13 20 68 300,723
4155,1,1,,,0
4155,19,4,1,1 4,12
4155,20,7,1 19,1 2 3 5 11 15,14
4155,29,11,1 19 20,1 2,40
4155,348,27,1 19 20 29,1 3 14 32 36 113 120,729
4156,1,1,,,0
4156,24,9,1,10 12 17,28
4156,26,10,1 24,1 2 3 9 24,31
4156,40,11,1 24 26,1 2 10 29,54
4156,258,24,1 24 26 40,1 2 4 6 19,492
4156,320,25,1 24 26 40 258,5 12 16 59,653
4157,21,8,,4 5 13,23
4158,1,1,,,0
4158,24,9,1,1 2 3 9,29
4158,28,10,1 24,5 6 9 10,38
4158,482,29,1 24 28,2 18 168,1064
4159,2,2,,1,0
4159,225,23,2,2 7,405
4159,862,40,2 225,3 5 7 11 16 46 76 82 164 472 605,2043
4159,978,41,2 225 862,3 31 44 89 243 288 575,2316
4160,1,1,,,0
4160,15,6,1,1 2 3 5 11,10
4161,3,3,,1 2,0
4161,67,12,3,10,89
4162,2,2,,1,0
4162,39,10,2,1 2 4 21,60
4162,211,22,2 39,2 6 17 30 39 81 183,371
4163,1,1,,,0
4163,17,8,1,10 12,20
4163,31,9,1 17,2 6,38
4164,11,5,,1 2 3 5,7
4164,47,11,11,2 16 26 27 39,69
4165,4,2,,1,1
4165,7,3,4,,2
4165,13,7,4 7,4 5,13
4165,80,11,4 7 13,1 2 4 27 45,110
4165,444,28,4 7 13 80,1 2 3 6 16 89 390,986
4166,545,31,,1 2 3 21 46 234 512,1247
4167,1,1,,,0
4167,29,8,1,1 2 10,37
4167,37,9,1 29,1 2 5 14 16,56
4168,1,1,,,0
4168,12,7,1,10,14
4169,8,6,,1 5 6,7
4169,99,14,8,1 2 13,155
4170,3,1,,,0
4170,4,2,3,1,0
4170,5,4,3 4,1 2 3,1
4170,10,6,3 4 5,,10
4170,191,21,3 4 5 10,1 6 93,321
4171,6,5,,1 5,4
4171,365,27,6,1 2 3 16 40 90 180,776
4171,594,33,6 365,1 2 8 27 40 44 49 52 100,1390
4172,3,3,,1 2,1
4172,5,4,3,1,3
4172,39,10,3 5,2 16 26 27,53
4173,1,1,,,0
4173,2,2,1,1,0
4173,5,3,1 2,4,2
4173,9,4,1 2 5,1 2 3,4
4173,186,20,1 2 5 9,1 2 3 4,307
4173,304,25,1 2 5 9 186,1 2 5 10 13,614
4173,813,39,1 2 5 9 186 304,1 3 7 31 32,1918
4174,1,1,,,0
4174,4,2,1,,1
4174,823,39,1 4,2 9 14 18 27 130 473 490,1945
4176,1,1,,,0
4176,9,4,1,1,7
4176,10,6,1 9,5 6 9,8
4176,19,7,1 9 10,2,16
4176,80,13,1 9 10 19,1 3 6 10 20 27 38,108
4177,9,5,,5 6,8
4177,235,21,9,1 2 4 8 30 174,434
4177,999,40,9 235,1 4 11 79 205 423 448,2382
4178,1,1,,,0
4179,3,3,,1 2,0
4179,58,10,3,2 5 7 10 51,74
4179,121,17,3 58,1 3 112,185
4180,2,2,,1,0
4180,6,4,2,5,5
4180,21,7,2 6,1 2 4,26
4180,73,12,2 6 21,1 7,97
4180,79,13,2 6 21 73,1 6 9 14 21 23 47,107
4180,831,39,2 6 21 73 79,2 8 17 22 47 633,1966
4181,1,1,,,0
4181,2,2,1,,0
4181,5,3,1 2,,3
4181,160,19,1 2 5,8 15 16 21 22,251
4182,2,2,,1,0
4182,130,17,2,15,199
4182,297,25,2 130,1 2 14 53 58 110 131,601
4183,1,1,,,0
4183,133,17,1,3 8 19 100,199
4183,1000,40,1 133,2 4 13 20 64 140 174 744,2396
4184,1,1,,,0
4184,7,3,1,2 5,0
4184,27,9,1 7,2 16 26,30
4184,77,12,1 7 27,8 14 17,109
4184,788,38,1 7 27 77,4 16 23 27,1846
4185,12,5,,1 5 11,8
4185,26,8,12,2 16,29
4186,5,2,,2,0
4186,10,3,5,1 2,4
4186,11,4,5 10,1 5,6
4186,51,8,5 10 11,2 5 7 10,58
4188,6,2,,2,1
4188,16,7,6,1 2 5 14,18
4188,112,16,6 16,1 3,163
4189,2,1,,,0
4189,11,6,2,2 8,10
4190,14,6,,1 2 5,16
4190,183,19,14,2 6 17 30 39 81,300
4191,38,6,,1 2,32
4191,128,17,38,2 64 97 119,186
4192,2,1,,,0
4192,5,3,2,1,3
4192,8,5,2 5,2,8
4192,148,18,2 5 8,2 10 17 29 39 42 90 118,217
4192,281,24,2 5 8 148,2 5 11 35 130 171,548
4192,528,31,2 5 8 148 281,17 18 259,1193
4193,2,1,,,0
4193,5,4,2,1 4,3
4194,2,2,,1,0
4194,4,3,2,1,2
4195,1,1,,,0
4195,16,4,1,2,13
4196,1,1,,,0
4196,55,11,1,3 5 38 48 54,61
4196,103,15,1 55,1 2 4 5 12 17,141
4196,467,29,1 55 103,4 5 41 114 408,1016
4197,1,1,,,0
4197,4,3,1,1 2,2
4197,54,10,1 4,3 5 38 48,59
4197,300,26,1 4 54,1 2 8 13 20 68,606
4198,1,1,,,0
4198,2,2,1,,0
4198,138,17,1 2,2 3 10 25 32 41 133,182
4198,167,18,1 2 138,1 2 3 10 24 38 137,254
4198,349,26,1 2 138 167,8 10 46 80 172 208,722
4198,610,35,1 2 138 167 349,96 156 271,1437
4199,2,2,,1,0
4199,5,3,2,1 2,2
4199,233,21,2 5,1 4 17 20 22,430
4199,512,30,2 5 233,1 2 3 21 46 234,1151
4200,1,1,,,0
4200,45,8,1,1 2 4 27,42
4200,119,16,1 45,2 64 97,165
4200,233,22,1 45 119,2 5 7 20 21 78 97 106 179,432
4202,1,1,,,0
4202,2,2,1,1,0
4202,686,36,1 2,2 7 9 20 52 152 181 508 566,1578
4203,1,1,,,0
4203,12,4,1,1 2 3,4
4203,48,9,1 12,3 5 38,49
4203,133,16,1 12 48,2 3 10 25 32 41,172
4203,382,26,1 12 48 133,2 26 58 154,827
4206,1,1,,,0
4206,30,7,1,1 2 13 19,25
4206,195,20,1 30,2 3 7 10 32 40 64 84 100 155,324
4208,1,1,,,0
4209,2,1,,,0
4209,187,18,2,2 3 5 10 54,305
4209,608,35,2 187,1 2 15 22 72,1421
4210,21,5,,1 20,11
4211,1,1,,,0
4211,20,4,1,1,10
4211,94,15,1 20,3 8 30,142
4212,3,3,,1 2,0
4212,47,10,3,1 6 9 14 21 23,54
4213,2,2,,1,0
4213,38,8,2,3 5,40
4214,1,1,,,0
4216,1,1,,,0
4216,100,15,1,3 8 19,142
4216,184,19,1 100,1 3 8 20 32 35 40 154,301
4216,508,30,1 100 184,77 101 111 152,1144
4216,584,34,1 100 184 508,2 3 5 9 336 541,1377
4217,1,1,,,0
4217,19,6,1,1 2 13,15
4218,10,2,,,1
4218,27,7,10,1 2 4,24
4218,38,9,10 27,1 3 6 10 20 27,39
4218,153,17,10 27 38,3 125,242
4218,990,41,10 27 38 153,1 2 3 8 20 25 43 311,2401
4219,53,13,,5 8 37,72
4219,390,27,53,1 2 3 6 16 89,855
4221,48,12,,1 4 8 10 23,66
4222,1,1,,,0
4222,11,4,1,1 3,6
4222,97,15,1 11,2 64,136
4222,118,16,1 11 97,2 10 17 29 39 42 90,166
4222,259,24,1 11 97 118,4 5 11 179,525
4222,268,25,1 11 97 118 259,2 17 54,551
4223,13,5,,1 2,12
4223,230,23,13,2 5 6 44 70,445
4224,59,14,,6 11 30 33,83
4225,39,11,,15,57
4227,2,2,,1,0
4227,10,6,2,2 5 7,13
4227,19,7,2 10,2 12,22
4227,94,14,2 10 19,2 35 74,132
4228,1,1,,,0
4228,115,14,1,1 4 91,170
4228,137,15,1 115,1 2 3 10 24 38,208
4228,293,24,1 115 137,1 2 3 8 35 144,601
4228,667,35,1 115 137 293,2 38 76 115 435,1542
4229,1,1,,,0
4229,6,4,1,1 2 3,5
4229,27,8,1 6,1 3 6 10 20,30
4229,51,13,1 6 27,3 7 14 46,70
4230,1,1,,,0
4230,2,2,1,1,0
4230,3,3,1 2,1,1
4230,7,5,1 2 3,2 5,7
4230,739,37,1 2 3 7,2 4 6 30 94 458,1718
4230,877,39,1 2 3 7 739,2 12 24 28 36 168,2035
4231,1,1,,,0
4231,292,24,1,1 3 4 12 31 52,603
4232,1,1,,,0
4232,3,3,1,1 2,0
4232,5,4,1 3,2,4
4233,2,2,,1,0
4233,321,25,2,1 2 6 15 25 48,665
4233,822,38,2 321,2 13 92,1939
4234,1,1,,,0
4234,2,2,1,1,0
4234,12,4,1 2,2,8
4234,46,12,1 2 12,3 7 14,58
4234,70,13,1 2 12 46,1 2 5 15 20,97
4234,244,23,1 2 12 46 70,2 10 11 12 55,481
4234,333,25,1 2 12 46 70 244,1 2 4 5 34 155 162 216,701
4235,1,1,,,0
4235,2,2,1,,0
4235,37,11,1 2,5 8,46
4236,20,7,,1 3 6 10,16
4236,23,9,20,1 6 9 14 21,20
4238,1,1,,,0
4238,21,8,1,1 6 9 14,19
4238,24,10,1 21,1 10,29
4238,174,20,1 21 24,1 2 4 8 30,301
4239,111,14,,1 2 3 20 30 42,157
4240,1,1,,,0
4240,97,13,1,5 19 20 40 42 58,118
4240,364,26,1 97,1 3 11 35 52 94 127 147 314,790
4241,4,3,,1 2,1
4243,1,1,,,0
4243,2,2,1,1,0
4243,947,40,1 2,1 2 3 7 60 158,2277
4244,1,1,,,0
4244,2,2,1,,0
4244,16,8,1 2,1 11,17
4244,17,9,1 2 16,8 14,19
4245,14,7,,1 6 9,13
4245,858,38,14,1 2 33,1989
4246,1,1,,,0
4246,4,3,1,1 2,0
4246,5,4,1 4,3,2
4246,7,5,1 4 5,1,3
4246,10,6,1 4 5 7,1 3 6,5
4246,23,7,1 4 5 7 10,1 4 8 10,22
4246,125,16,1 4 5 7 10 23,3,183
4246,154,18,1 4 5 7 10 23 125,1 3 8 20 32 35 40,235
4246,155,19,1 4 5 7 10 23 125 154,2 3 7 10 32 40 64 84 100,242
4246,801,37,1 4 5 7 10 23 125 154 155,2 7 9 17 46 83 166,1866
4247,14,6,,8,13
4247,74,12,14,2 35,89
4248,2,2,,1,0
4248,3,3,2,,1
4248,714,36,2 3,4 16 156 311 377,1659
4249,1,1,,,0
4249,11,5,1,1,8
4249,15,6,1 11,,12
4250,6,3,,1 3,2
4250,9,4,6,1 6,4
4250,33,7,6 9,6 11 30,30
4250,90,12,6 9 33,2 10 17 29 39 42,106
4250,136,17,6 9 33 90,1 4 19 78 100,204
4250,202,22,6 9 33 90 136,1 2 6 20 130,371
4252,1,1,,,0
4252,10,5,1,1,7
4252,91,12,1 10,1 4,115
4253,3,2,,1,1
4253,6,3,3,1,2
4253,8,4,3 6,,4
4253,30,6,3 6 8,6 11,25
4254,1,1,,,0
4254,179,21,1,2 5 7 20 21 78 97 106,319
4255,1,1,,,0
4255,13,3,1,1 2,4
4255,64,11,1 13,2,70
4255,89,13,1 13 64,2 4 11 19 23 53,109
4255,408,28,1 13 64 89,4 5 41 114,870
4257,765,36,,3 9 17 267 529,1790
4258,1,1,,,0
4259,1,1,,,0
4259,10,5,1,1 4 8,4
4259,44,10,1 10,3 4 16 27 35,47
4259,541,33,1 10 44,2 3 5 9 336,1267
4259,654,35,1 10 44 541,1 3 12 77 97 301 327 400,1508
4261,1,1,,,0
4261,8,4,1,1 4,3
4261,34,9,1 8,3 25,29
4261,157,20,1 8 34,3 20 23 26 28,269
4263,195,20,,6 14 65 75,361
4264,8,4,,5,5
4264,392,27,8,1 3 10 22 49 71 138 212 286,825
4265,1,1,,,0
4265,4,3,1,1,2
4265,610,34,1 4,7 8 15 17,1401
4266,2,2,,1,0
4266,14,5,2,3 7,10
4266,143,19,2 14,1 2 3 10 24 47 76,227
4267,1,1,,,0
4267,5,2,1,,1
4267,10,4,1 5,3 5,4
4268,1,1,,,0
4268,35,9,1,3 4 16 27,35
4268,93,14,1 35,1 6,121
4269,688,35,,8 89 340,1591
4270,15,7,,1 2 4 5 6 8,10
4270,25,8,15,3,19
4272,1,1,,,0
4272,5,3,1,3,2
4272,11,4,1 5,6,6
4272,367,26,1 5 11,1 4 21 72 77 109 131 138 219,780
4272,611,34,1 5 11 367,3 6 8 14 57 80 240,1403
4273,7,3,,3,4
4274,1,1,,,0
4274,3,2,1,,1
4274,59,10,1 3,1,50
4274,133,18,1 3 59,1 2 5 11 92,206
4274,835,37,1 3 59 133,1 3 16 30 65,1927
4274,853,38,1 3 59 133 835,5 8 21 24 547,1991
4275,1,1,,,0
4275,30,9,1,3 8,35
4275,141,18,1 30,2 23 25 119,236
4275,685,34,1 30 141,2 3 22 35 120 191 306,1586
4276,22,7,,1,14
4276,27,8,22,3 4 16,25
4276,379,26,22 27,1 3 7 13 32 89 241,790
4276,913,39,22 27 379,2 3 5 17 46 52,2178
4277,1,1,,,0
4277,3,2,1,,0
4277,6,3,1 3,,0
4277,8,6,1 3 6,1 2 4 5 6,0
4277,31,9,1 3 6 8,27,31
4279,6,5,,1 2 4 5,0
4279,58,10,6,5 19 20 40 42,48
4279,87,15,6 58,1 2 5 8 21 60,110
4279,126,17,6 58 87,1 15 19 52,189
4279,796,36,6 58 87 126,3 5 18 28 47 551,1854
4280,5,4,,1 2 4,0
4280,142,18,5,2 3 4 5 35 37 68,244
4281,4,3,,1 2,0
4281,27,8,4,,28
4281,568,33,4 27,1 2 79 120,1325
4282,17,6,,1 2 4 5 12,8
4282,446,30,17,2 9 43 66,1001
4282,707,35,17 446,2 10 23 398 520,1654
4282,867,38,17 446 707,13 25 177 327 539,2019
4283,2,2,,1,0
4283,9,3,2,2,2
4284,1,1,,,0
4284,20,7,1,1 2 5 15,17
4284,152,19,1 20,5 12 26 32 59 69 79,276
4284,299,25,1 20 152,1 2 3 7 23 200,637
4285,477,32,,4 8 150,1103
4285,579,33,477,1 3 5 6 8 9,1333
4286,1,1,,,0
4286,35,8,1,2,27
4286,100,16,1 35,1 4 19 78,143
4287,12,5,,1 2 4 5,4
4287,16,6,12,3 4,12
4287,578,33,12 16,2 3 5 8 11,1334
4287,689,34,12 16 578,1 2 3 5 13 24 40 67 382,1593
4287,771,35,12 16 578 689,4 15 17 236 389,1798
4289,15,6,,1 2 5,14
4290,2,1,,,0
4290,216,23,2,7 9 14 77,427
4290,260,24,2 216,1 4 13 71 109,535
4290,314,25,2 216 260,1 3 11 35 52 94 127 147,682
4291,53,12,,2 4 11 19 23,58
4292,3,1,,,0
4292,81,15,3,2 6 17 30 39,108
4292,125,17,3 81,2 3 8,211
4293,9,5,,5,8
4293,406,29,9,1 3 5 14 92 181,889
4294,5,4,,1 2 4,2
4295,4,3,,1 2,2
4295,41,8,4,2 3 10 25 32,24
4295,42,9,4 41,5 19 20 40,29
4296,1,1,,,0
4296,846,37,1,1 2 3 10 18 58,1974
4297,1,1,,,0
4297,2,2,1,1,0
4297,3,3,1 2,1,1
4297,5,4,1 2 3,,2
4297,8,5,1 2 3 5,3,7
4297,15,6,1 2 3 5 8,,8
4297,19,7,1 2 3 5 8 15,3 8,8
4297,40,8,1 2 3 5 8 15 19,5 19 20,21
4297,119,16,1 2 3 5 8 15 19 40,2 23 25,193
4298,1,1,,,0
4298,42,11,1,2 10 17 29 39,29
4299,1,1,,,0
4299,4,2,1,3,0
4299,5,3,1 4,1 2,1
4299,992,41,1 4 5,1 2 3 4 6 17 695,2382
4300,3,1,,,0
4300,135,18,3,1 14 72 78 87,238
4300,458,31,3 135,1 2 7 208 415,1046
4301,39,10,,2 10 17 29,25
4301,100,15,39,2 3 7 10 32 40 64 84,140
4302,2,2,,1,0
4302,3,3,2,,1
4302,171,21,2 3,2 5 11 35 130,313
4302,179,22,2 3 171,4 5 11,347
4302,964,40,2 3 171 179,4 5 23 80 418 764 820,2300
4303,1,1,,,0
4304,32,6,,2 3 10 25,8
4304,705,33,32,1 2 5 78 115 176,1633
4306,60,14,,1 2 5 8 21,69
4307,49,13,,1 3 8 32,50
4308,8,2,,3,0
4308,42,12,8,1 2 3 20 30,39
4308,78,13,8 42,1 4 19,107
4311,25,5,,2 3 10,7
4311,29,9,25,2 10 17,19
4313,3,1,,,0
4313,42,12,3,1 2 21,41
4313,98,14,3 42,1 4 5 6 12 24 39 69 92,152
4313,345,26,3 42 98,1 2 4 6 10 54 182,741
4313,479,32,3 42 98 345,1 28 140 287,1129
4315,92,13,,1 2 5 11,140
4315,308,25,92,3 66,662
4317,2,1,,,0
4317,20,6,2,5 19,8
4317,84,12,2 20,2 3 7 10 32 40 64,125
4318,19,5,,5,8
4318,375,28,19,3 11 53 92 248 297 374,829
4319,2,1,,,0
4319,22,10,2,8 15 16 21,17
4319,92,13,2 22,1 4 5 6 12 24 39 69,145
4319,374,27,2 22 92,3 11 53 92 248 297,826
4320,21,9,,8 15 16,17
4320,30,11,21,1 2 3 20,30
4320,150,20,21 30,2 18 20 29 72,274
4321,17,8,,4 6 12 13,8
4321,23,10,17,2 4 11 19,21
4322,130,19,,1 2 6 20,243
4322,566,32,130,2 7 9 20 52 152 181 508,1304
4323,17,8,,2 10,13
4323,148,20,17,1 2 4 5 6 9 48 57 65 80,275
4323,364,26,17 148,2 3 4 13 31 104 165,803
4323,412,30,17 148 364,2 3 5 21 45 260,963
4324,1,1,,,0
4324,32,10,1,1 3 8,33
4325,13,7,,4 6 12,7
4325,16,8,13,8 15,13
4325,19,9,13 16,2 4 11,17
4325,142,19,13 16 19,4 16 82,252
4326,10,4,,2 3,3
4326,12,6,10,4 6,6
4326,15,7,10 12,8,11
4326,835,37,10 12 15,2 13 29 63 180 230 255 325,1958
4327,38,8,,1 2 3 10 24,38
4327,106,17,38,2 5 7 20 21 78 97,192
4327,266,24,38 106,1 2 3 9 10 16 34 96 170,595
4330,1,1,,,0
4330,10,6,1,2,8
4330,20,7,1 10,1 2 3,18
4330,204,20,1 10 20,16 38,422
4330,261,23,1 10 20 204,1 2 16 22,582
4330,713,34,1 10 20 204 261,4 6 10 35 57 245 521,1652
4332,1,1,,,0
4332,5,4,1,,3
4332,6,5,1 5,4,3
4333,3,3,,2,1
4333,8,4,3,,5
4333,11,5,3 8,2 4,7
4333,76,12,3 8 11,1 2 3 10 24 47,115
4333,135,19,3 8 11 76,3 4 6 7 48 51 52,240
4333,301,25,3 8 11 76 135,1 66,649
4333,427,31,3 8 11 76 135 301,1 22 28 36 118 127,991
4334,1,1,,,0
4334,2,2,1,,0
4334,4,3,1 2,,0
4334,21,4,1 2 4,1 2,12
4334,39,10,1 2 4 21,2 6 17 30,43
4335,104,18,,1 3 28 30 57 74,198
4335,140,19,104,2 7 27 47,263
4336,97,16,,2 5 7 20 21 78,177
4337,64,11,,2 3 7 10 32 40,94
4337,265,24,64,2 4 45 227,583
4338,1,1,,,0
4338,2,2,1,,0
4339,4,2,,1,0
4339,208,21,4,8 10 46 80 172,432
4340,4,3,,2,1
4341,24,7,,1 2 3 10,21
4341,102,18,24,1 3 11 20 52,199
4342,1,1,,,0
4342,2,2,1,,0
4342,28,9,1 2,5 14 18 19,28
4342,54,10,1 2 28,2 3 5 10,72
4342,69,11,1 2 28 54,1 4 5 6 12 24 39,106
4343,30,9,,2 6 17,35
4343,130,18,30,2 5 11 35,243
4343,384,27,30 130,1 9 10 11 20 70 102 120 138 145,858
4343,415,30,30 130 384,1 2 7 208,955
4344,1,1,,,0
4345,21,7,,1 2 5 8,22
4345,452,30,21,2 3 5 92,1070
4347,1,1,,,0
4347,3,3,1,1 2,1
4347,28,9,1 3,1 4 5,40
4347,81,15,1 3 28,1 3 5 15 36,148
4348,1,1,,,0
4348,2,2,1,1,0
4348,8,4,1 2,1 3,3
4348,87,17,1 2 8,1 14 72 78,162
4348,131,18,1 2 8 87,1 2 14 53 58 110,256
4349,1,1,,,0
4349,134,18,1,26 97,266
4351,19,8,,5 14 18,20
4351,216,22,19,1 2 4 5 34 155 162,462
4352,18,7,,5 14,20
4352,381,29,18,3 5 44 365,884
4353,2,2,,1,0
4353,3,3,2,1,1
4353,52,9,2 3,1 15 19,78
4354,1,1,,,0
4354,68,14,1,2 3 4 5 35 37,125
4354,135,18,1 68,1 4 9 25 94 98,273
4355,1,1,,,0
4355,4,4,1,1 2 3,0
4355,6,5,1 4,1,4
4355,10,6,1 4 6,1 2 3,6
4355,22,8,1 4 6 10,2 3 4 8 20,31
4355,78,15,1 4 6 10 22,2 5 7 20 21,143
4356,3,3,,1 2,0
4356,14,6,3,5,12
4356,17,7,3 14,2 6,16
4356,180,20,3 14 17,1 2 3 16 40 90,369
4357,2,2,,1,0
4357,20,7,2,2 3 4 8,27
4357,78,16,2 20,1 14 72,143
4357,79,17,2 20 78,5 12 26 32 59 69,146
4358,1,1,,,0
4358,8,5,1,1 2 5,6
4359,1,1,,,0
4359,300,25,1,2 3 17 93 135 298,642
4359,407,29,1 300,2 3 4 6 9 394,946
4359,804,37,1 300 407,1 2 3 6 190 649,1878
4360,1,1,,,0
4360,14,6,1,1 3 4 5 7,13
4360,40,8,1 14,1 3 8 20 32 35,48
4360,345,26,1 14 40,2 4 11 22 50,771
4360,372,28,1 14 40 345,3 56 64 92 269 309,849
4360,883,39,1 14 40 345 372,3 4 48 51 108,2112
4361,1,1,,,0
4361,5,4,1,1 2,3
4361,40,8,1 5,2 3 7 10 32,52
4361,231,23,1 5 40,2 30 39,510
4361,298,24,1 5 40 231,2 3 17 93 135,635
4362,3,3,,1 2,0
4362,47,9,3,1 2 3 10 24,64
4362,222,22,3 47,1 3 4 14 16 22,481
4363,2,2,,1,0
4363,72,15,2,1 14,131
4364,1,1,,,0
4364,2,2,1,1,0
4365,1,1,,,0
4365,5,2,1,,0
4365,35,7,1 5,1 3 8 20 32,40
4365,74,17,1 5 35,1 3 28 30 57,136
4367,6,3,,2,3
4367,7,5,6,1 3 4 5,4
4367,19,6,6 7,1 4,22
4367,69,16,6 7 19,5 12 26 32 59,125
4368,3,1,,,0
4368,32,6,3,1 3 8 20,36
4368,119,17,3 32,1 2 8 9 26 27 53 71 80,225
4368,188,21,3 32 119,2 4 10 34 57,382
4368,365,28,3 32 119 188,3 5 44,831
4369,3,2,,2,0
4369,5,4,3,1 3 4,2
4369,8,5,3 5,2 3 4,9
4369,32,6,3 5 8,2 3 7 10,37
4369,110,16,3 5 8 32,1 2 14 53 58,206
4370,2,1,,,0
4370,4,3,2,1 3,1
4370,5,4,2 4,1 4,3
4370,286,22,2 4 5,1 3 10 22 49 71 138 212,583
4370,296,23,2 4 5 286,1 2 10 116 271,625
4371,2,1,,,0
4371,3,2,2,1,0
4371,4,3,2 3,1,1
4372,39,9,,1 4 5 6 12 24,48
4372,147,19,39,4 11 16 24,283
4372,170,20,39 147,1 2 6 10 21 23 148,340
4372,394,28,39 147 170,2 3 4 6 9,900
4373,1,1,,,0
4373,4,4,1,2 3,2
4374,1,1,,,0
4374,3,3,1,2,1
4375,1,1,,,0
4375,2,2,1,,0
4375,172,20,1 2,8 10 46 80,341
4375,227,21,1 2 172,2 4 45,483
4375,867,38,1 2 172 227,2 3 5 7 10 12 64 261 403 727,2051
4377,7,3,,2,3
4377,59,15,7,5 12 26 32,105
4377,144,19,7 59,1 2 3 8 35,279
4378,17,5,,2 4 13,10
4378,633,33,17,2 8 17 22 47,1457
4379,1,1,,,0
4379,46,14,1,2 5 27,79
4380,1,1,,,0
4380,20,5,1,1 3 8,17
4380,508,31,1 20,2 7 9 20 52 152 181,1141
4380,525,32,1 20 508,1 4 7 8 10 22 24 56 66 130 159 302,1187
4382,1,1,,,0
4382,2,2,1,,0
4382,4,3,1 2,1,1
4382,13,4,1 2 4,2 4,5
4382,30,9,1 2 4 13,1 2 4 8,39
4382,57,14,1 2 4 13 30,1 3 28 30,101
4383,70,14,,2 5 6 44,120
4383,75,15,70,6 14 65,125
4383,120,17,70 75,1 3 14 32 36 113,222
4383,134,18,70 75 120,5 14 21 52 72,247
4383,200,19,70 75 120 134,1 2 3 7 23,420
4384,1,1,,,0
4385,1,1,,,0
4385,24,8,1,1 2 3 10,26
4385,37,13,1 24,2 3 4 5 35,63
4385,82,14,1 24 37,4 16,125
4386,10,4,,2 3 5,5
4386,19,7,10,1 15,18
4386,97,14,10 19,26,181
4386,132,17,10 19 97,3 11 13 18 26 39 91,244
4386,436,30,10 19 97 132,10 20 28 30 38 191 390,991
4387,1,1,,,0
4387,24,7,1,1 4 5 6 12,27
4387,35,12,1 24,2 3 4 5,59
4388,677,34,,1 2 4 19 55,1546
4390,1,1,,,0
4390,15,6,1,1,16
4390,28,10,1 15,3 20 23 26,45
4390,30,11,1 15 28,1 4 7,49
4390,113,16,1 15 28 30,1 3 14 32 36,207
4390,832,37,1 15 28 30 113,1 11 41 51,1973
4391,1,1,,,0
4391,4,2,1,2,0
4391,5,3,1 4,2 3,1
4391,10,5,1 4 5,2 3 7,8
4391,25,9,1 4 5 10,2 23,35
4391,52,11,1 4 5 10 25,1 3 11 20,89
4391,80,13,1 4 5 10 25 52,1 2 4 5 6 9 48 57 65,125
4391,98,15,1 4 5 10 25 52 80,1 4 9 25 94,179
4392,8,3,,1 3,5
4392,26,9,8,3 20 23,39
4392,36,10,8 26,1 3 5 15,57
4393,2,1,,,0
4393,3,2,2,2,0
4393,23,8,2 3,2,32
4393,65,12,2 3 23,6 14,100
4393,587,32,2 3 23 65,1 3 4 34 67 80 105 169,1331
4394,2,1,,,0
4394,7,4,2,2 3,4
4394,128,15,2 7,1 2 4 47,235
4394,148,17,2 7 128,1 2 6 10 21 23,281
4395,19,7,,1 2 4 6,25
4395,23,8,19,3 20,33
4395,94,14,19 23,1 4 9 25,168
4395,271,22,19 23 94,1 2 10 116,553
4395,277,23,19 23 94 271,2 8 13 20 29 41 190,569
4396,11,4,,1 2 5,8
4396,163,17,11,2 3 6,309
4396,297,25,11 163,3 11 53 92 248,614
4397,1,1,,,0
4397,3,2,1,1,1
4397,744,36,1 3,1 2 3 10 63 123,1684
4398,1,1,,,0
4398,3,3,1,2,1
4398,20,7,1 3,3,28
4398,27,8,1 3 20,2 5,39
4398,72,12,1 3 20 27,2 18 20 29,102
4399,1,1,,,0
4399,2,2,1,,0
4399,10,4,1 2,1 2 3,5
4399,12,6,1 2 10,1 4 5 6,8
4399,188,18,1 2 10 12,1 8 52 63 126 134 153,387
4399,544,31,1 2 10 12 188,1 2 3 5 30 32 61 73 353 476,1199
4402,1,1,,,0
4402,5,3,1,1 2,1
4402,122,16,1 5,5 39 112,228
4404,1,1,,,0
4404,8,6,1,1 2 4,9
4404,32,10,1 8,5 12 26,52
4404,121,16,1 8 32,1 19,228
4404,162,17,1 8 32 121,1 2 3 6 8 34 94,308
4405,2,2,,1,0
4405,6,5,2,1 4 5,4
4405,162,17,2 6,1 2 4 5 34 155,313
4406,1,1,,,0
4406,3,3,1,1 2,0
4406,5,4,1 3,1 4,2
4406,15,5,1 3 5,2 4,19
4406,65,12,1 3 5 15,1 2 4 5 6 9 48 57,91
4406,663,34,1 3 5 15 65,1 2 17 30 150 201 208 349 426,1491
4407,2,2,,1,0
4407,4,3,2,1,1
4407,80,13,2 4,1 2 8 9 26 27 53 71,133
4407,223,19,2 4 80,1 4 7 22 25 29 100 199,432
4408,1,1,,,0
4408,4,3,1,1 2,1
4408,6,4,1 4,1 2 4,3
4409,8,4,,2 3,7
4409,30,10,8,1 3 28,45
4409,44,11,8 30,2 5 6,62
4409,123,16,8 30 44,1 3 40,217
4410,1,1,,,0
4410,2,2,1,1,0
4410,4,3,1 2,1 2,1
4410,22,8,1 2 4,1 4 17 20,25
4410,26,9,1 2 4 22,5 12,36
4411,1,1,,,0
4411,28,9,1,1 3,39
4412,2,2,,1,0
4412,20,7,2,1 4 17,23
4412,21,8,2 20,2 5 7 20,26
4412,112,15,2 20 21,5 39,199
4412,155,16,2 20 21 112,1 2 4 5 34,287
4413,1,1,,,0
4413,7,3,1,1 4,4
4413,15,6,1 7,1 3 5,16
4413,20,7,1 7 15,2 5 7,23
4413,96,14,1 7 15 20,2 4 11 27 73,157
4413,545,31,1 7 15 20 96,1 2 6 23 155 245,1197
4414,2,1,,,0
4414,3,2,2,2,0
4414,57,10,2 3,1 2 4 5 6 9 48,67
4414,241,21,2 3 57,1 3 7 13 32 89,443
4415,2,1,,,0
4415,3,2,2,,0
4415,17,6,2 3,1 4,16
4415,162,15,2 3 17,3 10 23 27 31,304
4416,4,2,,1,0
4416,52,9,4,3 4 6 7 48 51,51
4416,71,12,4 52,1 2 8 9 26 27 53,105
4416,605,32,4 52 71,3 5 7 11 16 46 76 82 164 472,1338
4417,4,3,,2,1
4417,5,5,4,2 3 4,2
4417,51,8,4 5,3 4 6 7 48,49
4417,59,10,4 5 51,5 12 16,75
4417,465,30,4 5 51 59,5 7 20 64 98 129 250 275,993
4417,730,36,4 5 51 59 465,1 42 576,1623
4418,4,4,,2 3,2
4419,1,1,,,0
4419,2,2,1,,0
4419,3,3,1 2,2,0
4420,2,1,,,0
4420,5,2,2,2,0
4420,48,7,2 5,3 4 6 7,43
4420,212,19,2 5 48,1 9 38 78 139,395
4420,219,20,2 5 48 212,1 4 21 72 77 109 131 138,404
4421,14,5,,1,12
4421,58,11,14,1 2 14 53,80
4423,2,1,,,0
4423,5,3,2,1 3,2
4423,20,6,2 5,1 3 11,19
4423,48,8,2 5 20,1 2 4 5 6 9,48
4423,55,10,2 5 20 48,2 10 11 12,71
4423,170,18,2 5 20 48 55,1 2 3 9 10 16 34 96,330
4423,309,27,2 5 20 48 55 170,3 56 64 92 269,650
4424,12,5,,5,11
4425,1,1,,,0
4425,3,2,1,1,1
4426,1,1,,,0
4426,7,4,1,2 5,4
4426,53,10,1 7,1 2 14,70
4427,1,1,,,0
4427,91,14,1,3 11 13 18 26 39,134
4427,201,18,1 91,2 5 14 19 20 54 108,363
4428,1,1,,,0
4428,4,2,1,1,0
4428,5,3,1 4,2,1
4428,47,9,1 4 5,2 7 27,50
4429,68,12,,1 2 8 13 20,93
4429,77,13,68,7 9 14,107
4429,338,28,68 77,1 2 6 10 16 87,730
4429,749,36,68 77 338,3 5 253 280 408 489 619,1679
4430,709,35,,2 16 89 115 123 255 269 570 692,1566
4430,930,40,709,2 4 7 16 17 77 93 168 401,2219
4431,1,1,,,0
4431,2,2,1,,0
4431,5,3,1 2,,1
4431,154,16,1 2 5,2 26 58,291
4431,199,18,1 2 5 154,1 4 7 22 25 29 100,360
4432,11,3,,1 3,7
4432,20,4,11,1 2 6,13
4432,390,29,11 20,10 20 28 30 38 191,844
4434,1,1,,,0
4434,53,11,1,1 2 8 9 26 27,70
4434,153,17,1 53,1 8 52 63 126 134,294
4434,970,41,1 53 153,3 14 36 221,2382
4436,1,1,,,0
4436,3,2,1,1,1
4436,54,11,1 3,2 17,78
4436,73,12,1 3 54,2 4 11 27,107
4437,1,1,,,0
4438,1,1,,,0
4438,35,8,1,2 5 11,35
4439,1,1,,,0
4439,142,15,1,1 2 4 7 9 16 84,260
4439,744,35,1 142,2 4 13 20 64 140 174,1683
4440,3,2,,1,1
4440,314,27,3,3 54 122 240,660
4441,1,1,,,0
4441,29,7,1,2 18 20,22
4441,109,14,1 29,1 4 13 71,179
4441,816,35,1 29 109,3 4 12 23 58 252 532 755,1874
4442,1,1,,,0
4442,38,9,1,3,52
4444,1,1,,,0
4444,14,5,1,6,10
4444,212,19,1 14,1 3 10 22 49 71 138,379
4445,1,1,,,0
4445,72,11,1,5 14 21 52,100
4445,248,24,1 72,3 11 53 92,481
4446,1,1,,,0
4446,6,3,1,1 2,1
4446,90,12,1 6,1 2 3 16 40,145
4446,820,36,1 6 90,4 5 23 80 418 764,1885
4447,6,4,,2 5,3
4447,692,34,6,2 16 89 115 123 255 269 570,1529
4447,989,41,6 692,1 3 4 5 12 19 23 89,2438
4448,5,3,,2,3
4448,27,8,5,2 7,27
4448,112,14,5 27,3 4 7 10 56 57,189
4450,1,1,,,0
4450,2,2,1,1,0
4450,20,6,1 2,2 18,12
4450,238,23,1 2 20,1 3 4 34 166 198,464
4451,1,1,,,0
4451,2,2,1,,0
4451,16,3,1 2,4,3
4452,6,2,,,1
4452,18,5,6,2,8
4453,134,16,,1 8 52 63 126,260
4454,843,36,,1 2 3 12 16 72 173 333 348,1956
4456,1,1,,,0
4457,26,9,,,39
4457,147,16,26,1 3 11 35 52 94 127,282
4457,984,42,26 147,12 58,2443
4460,16,8,,5 12,20
4460,27,10,16,1 2 8 9 26,40
4460,435,30,16 27,2 38 76 115,939
4461,1,1,,,0
4461,7,4,1,3 4 6,1
4461,26,9,1 7,1 2 8 9,38
4461,126,15,1 7 26,1 8 52 63,253
4461,259,25,1 7 26 126,17 18,535
4461,909,40,1 7 26 126 259,1 2 5 12 20 24 30 101 223 226 427,2196
4462,6,3,,3 4,1
4462,9,6,6,1 2 4 5 6,5
4462,11,7,6 9,2 5,10
4462,151,16,6 9 11,4 8,289
4463,4,1,,,0
4463,237,23,4,2 10 22 54 137 158,466
4463,269,26,4 237,3 56 64 92,571
4464,4,2,,3,0
4464,12,6,4,5,13
4464,13,7,4 12,1 2 5 10,14
4464,25,9,4 12 13,1 4 9,35
4464,336,28,4 12 13 25,2 3 5 9,742
4464,996,42,4 12 13 25 336,2 3 9 12 13 52 529,2474
4465,3,1,,,0
4465,6,5,3,1 2 4 5,2
4465,14,8,3 6,1 2,20
4465,52,9,3 6 14,5 14 21,69
4465,202,21,3 6 14 52,1 19 26 97 139 140,384
4465,220,22,3 6 14 52 202,10 60 162,423
4466,5,4,,1 2 4,2
4466,12,7,5,2 10 11,15
4466,199,20,5 12,3 6 40 58 80 146,371
4466,308,27,5 12 199,1 16 27 30 50,658
4467,4,3,,1 2,2
4467,10,5,4,1 2 5,10
4467,11,6,4 10,2 10,13
4467,36,8,4 10 11,1 3 14 32,43
4467,80,13,4 10 11 36,8 10 46,128
4467,476,30,4 10 11 36 80,1 2 3 5 30 32 61 73 353,1017
4468,1,1,,,0
4468,2,2,1,,0
4468,5,3,1 2,2,2
4468,7,4,1 2 5,2,4
4468,10,5,1 2 5 7,2,9
4468,69,12,1 2 5 7 10,2 3 7 18 23 43,109
4468,845,37,1 2 5 7 10 69,1 2 4 121 842,1972
4469,2,2,,1,0
4469,520,31,2,2 10 23 398,1142
4470,1,1,,,0
4470,11,6,1,4 5,11
4470,101,14,1 11,1 2 10 11 53,177
4470,333,27,1 11 101,3 38,726
4470,410,29,1 11 101 333,3 8 288,857
4471,2,1,,,0
4471,5,3,2,,2
4471,32,7,2 5,1 3 14,33
4471,52,11,2 5 32,1 3 4 12 31,74
4471,479,30,2 5 32 52,4 10 15 62 119 414,1022
4471,842,36,2 5 32 52 479,1 2 4 121,1960
4472,5,3,,1 2,2
4472,94,13,5,1 2 3 6 8 34,154
4472,168,18,5 94,2 18,299
4473,1,1,,,0
4473,2,2,1,,0
4473,17,6,1 2,2,17
4474,87,12,,1 5 63,144
4475,2,2,,1,0
4475,47,10,2,1 2 4,65
4475,260,26,2 47,2 3 5 21 45,544
4476,1,1,,,0
4476,2,2,1,,0
4476,5,5,1 2,4,3
4476,182,19,1 2 5,1 2 4 6 10 54,322
4477,2,2,,1,0
4477,3,3,2,,1
4477,4,4,2 3,,1
4477,20,5,2 3 4,1 2 8 13,14
4477,127,15,2 3 4 20,1 3 11 35 52 94,228
4477,234,24,2 3 4 20 127,1 2 3 21 46,460
4478,1,1,,,0
4478,9,4,1,1 2 8,2
4478,252,25,1 9,2 3 20 32,502
4479,8,3,,1 2,2
4479,39,9,8,3 11 13 18 26,40
4479,71,10,8 39,1 4 13,103
4479,231,23,8 39 71,2 4 14,451
4480,9,4,,1 4,4
4482,27,8,,2 4 11,31
4482,175,18,27,2 5 11 21 54 65 75 92,301
4482,190,19,27 175,2 8 13 20 29 41,347
4483,1,1,,,0
4483,25,7,1,1 2 4 6 16,24
4484,13,4,,1 2 8,9
4485,1,1,,,0
4485,2,2,1,1,0
4485,4,3,1 2,1,1
4485,39,9,1 2 4,5,54
4486,1,1,,,0
4486,12,5,1,1 11,8
4486,35,8,1 12,1 2 3 8,39
4487,11,4,,1,8
4487,83,12,11,1 3 14 16 68,134
4488,1,1,,,0
4488,2,2,1,,0
4488,318,26,1 2,1 3 7 29 45 48 84,680
4489,8,3,,1 2,3
4489,14,4,8,1 3,6
4489,535,33,8 14,6 30 94 163 266,1160
4490,198,21,,1 3 4 34 166,369
4492,14,5,,7 9,9
4492,16,6,14,1 2 4 6,12
4492,26,7,14 16,3 11 13 18,23
4492,31,8,14 16 26,1 3 4 12,38
4492,40,9,14 16 26 31,1 3,48
4493,1,1,,,0
4493,42,8,1,2 4 6 7,52
4493,139,16,1 42,1 9 38 78,238
4493,529,32,1 42 139,3 9 17 267,1145
4493,858,39,1 42 139 529,1 2 4 7 24 26 571,2009
4494,1,1,,,0
4494,43,9,1,2 3 7 18 23,60
4495,1,1,,,0
4495,2,2,1,1,0
4495,24,7,1 2,4 11 16,23
4495,219,23,1 2 24,3 4 43 197,425
4496,1,1,,,0
4496,21,6,1,5 14,15
4496,38,7,1 21,16,44
4496,40,8,1 21 38,1 2 3 16,49
4496,925,40,1 21 38 40,2 10 16 106 716,2247
4497,1,1,,,0
4497,9,4,1,7,3
4497,84,12,1 9,1 2 4 7 9 16,139
4497,96,14,1 9 84,1 2 3 9 10 16 34,174
4498,11,5,,2 4,9
4498,63,11,11,1 5,94
4499,7,3,,,3
4499,57,9,7,2 4 10 34,78
4500,3,2,,1,0
4500,18,5,3,3 11 13,12
4501,46,8,,8 10,59
4501,138,17,46,1 4 21 72 77 109 131,226
4502,1,1,,,0
4502,6,4,1,1 2 4,2
4502,68,11,1 6,1 3 14 16,103
4502,167,18,1 6 68,5 7 109 113,294
4502,755,34,1 6 68 167,3 4 12 23 58 252 532,1706
4502,764,35,1 6 68 167 755,4 5 23 80 418,1727
4503,14,4,,5,8
4503,16,5,14,4 11,12
4503,57,10,14 16,3 4 7 10 56,79
4503,226,24,14 16 57,1 2 4 223,435
4503,615,32,14 16 57 226,2 28 52 82 93 137 392,1319
4504,1,1,,,0
4504,4,3,1,1 2,1
4504,56,9,1 4,3 4 7 10,77
4504,933,41,1 4 56,5 89 188 190,2275
4505,4,3,,2,3
4505,13,4,4,3 11,6
4505,287,25,4 13,1 28 140,600
4506,1,1,,,0
4506,2,2,1,1,0
4506,19,6,1 2,1,20
4506,48,8,1 2 19,1 2 6 15 25,55
4506,176,18,1 2 19 48,2 4 14 24 29 66,302
4506,223,23,1 2 19 48 176,1 2 4,425
4507,1,1,,,0
4507,2,2,1,,0
4507,11,3,1 2,3,2
4507,490,31,1 2 11,2 9 14 18 27 130 473,1041
4508,11,3,,4,3
4508,131,16,11,1 4 21 72 77 109,207
4510,94,14,,1 3 11 35 52,159
4511,1,1,,,0
4511,12,5,1,1 3 4,10
4511,458,30,1 12,2 4 6 30 94,958
4512,5,1,,,0
4513,8,4,,1 2 3,2
4513,400,29,8,1 3 12 77 97 301 327,830
4514,23,7,,2 3 7 18,28
4514,195,22,23,1 2 3 12 15 61,366
4514,240,23,23 195,3 54 122,474
4514,309,28,23 195 240,2 8 17 18 74 82 291,644
4514,649,33,23 195 240 309,1 2 3 6 190,1414
4515,3,1,,,0
4515,4,2,3,,0
4515,60,10,3 4,3 5 9 10 21,91
4515,727,33,3 4 60,2 3 5 7 10 12 64 261 403,1635
4516,834,38,,1 2 3 5 8 22 23 30 122 133 298,1930
4517,197,22,,3 4 43,377
4518,3,3,,1 2,0
4518,4,4,3,1 2,2
4518,16,6,3 4,,15
4518,53,9,3 4 16,1 2 10 11,81
4518,138,17,3 4 16 53,1 3 10 22 49 71,216
4518,181,21,3 4 16 53 138,1 3 5 14 92,319
4519,2,2,,1,0
4519,4,4,2,1 3,3
4519,5,5,2 4,,5
4519,18,6,2 4 5,2 3 7,20
4519,23,7,2 4 5 18,1 2 6 10 21,24
4519,146,17,2 4 5 18 23,3 6 40 58 80,242
4520,1,1,,,0
4520,2,2,1,1,0
4520,3,3,1 2,1,1
4520,16,5,1 2 3,1 2 3,13
4520,89,14,1 2 3 16,1 2 3 6 16,145
4520,108,15,1 2 3 16 89,2 5 14 19 20 54,162
4520,127,16,1 2 3 16 89 108,2 4 9,193
4521,1,1,,,0
4521,21,5,1,1 2 6 10,19
4521,592,31,1 21,2 3 12 14 49 117 166,1253
4522,1,1,,,0
4522,34,8,1,2 4 10,37
4522,165,19,1 34,2 3 4 13 31 104,280
4522,166,20,1 34 165,1 3 4 34,286
4522,521,29,1 34 165 166,4 6 10 35 57 245,1087
4523,32,7,,1 3,34
4523,162,18,32,10 60,275
4524,1,1,,,0
4524,63,13,1,1 8 52,110
4524,135,16,1 63,2 3 17 93,217
4524,473,28,1 63 135,2 9 14 18 27 130,994
4524,551,30,1 63 135 473,3 5 18 28 47,1162
4527,1,1,,,0
4527,58,12,1,2 26,102
4527,140,17,1 58,1 19 26 97 139,234
4527,204,22,1 58 140,2 4 23 57 75 86 105 128 164 198,383
4528,7,4,,2 4 6,5
4528,139,16,7,1 19 26 97,233
4529,1,1,,,0
4529,3,2,1,1,1
4529,6,3,1 3,2 4,3
4529,25,6,1 3 6,1 2 6 15,23
4530,1,1,,,0
4530,7,4,1,2 3,7
4530,100,14,1 7,1 4 7 22 25 29,152
4530,109,15,1 7 100,1 4 21 72 77,166
4531,1,1,,,0
4531,4,2,1,2,1
4531,150,17,1 4,1 3 19 41,242
4531,619,32,1 4 150,2 3 4 12 20 30 160 476,1315
4532,1,1,,,0
4532,10,4,1,1 2 6,7
4532,34,7,1 10,1 2 3 6 8,39
4532,264,25,1 10 34,1 3 19 28 60 62 71 125,534
4532,291,27,1 10 34 264,2 8 17 18 74 82,589
4533,2,1,,,0
4533,3,3,2,1 2,0
4533,34,7,2 3,1 2 4 5,42
4533,84,13,2 3 34,2 7,131
4533,198,21,2 3 34 84,2 4 23 57 75 86 105 128 164,363
4534,2,2,,1,0
4534,3,3,2,2,1
4535,1,1,,,0
4535,2,2,1,,0
4535,14,5,1 2,3,6
4535,52,12,1 2 14,1 8,88
4535,285,26,1 2 14 52,24 39 169,568
4536,6,3,,1 2,1
4536,360,26,6,1 2 8 11 19 44 104 211,713
4536,414,27,6 360,4 10 15 62 119,838
4536,799,37,6 360 414,1 4 6 10 17 48 146,1825
4537,10,4,,8,3
4537,13,5,10,1 4,5
4537,271,25,10 13,96 156,554
4539,8,3,,,3
4539,15,4,8,1 2 6,6
4540,1,1,,,0
4540,2,2,1,1,0
4540,162,18,1 2,1 2 3 5 8 28 56 94,270
4541,1,1,,,0
4541,593,31,1,2 4 10 14 16 25 47,1241
4541,826,37,1 593,1 2 8 20 63 78 346 555,1927
4542,158,17,,2 10 22 54 137,263
4544,830,37,,2 5 7 10 11 17 32 281 602,1954
4546,3,1,,,0
4546,4,2,3,1,0
4546,10,5,3 4,2 4,6
4546,31,11,3 4 10,3 10 23 27,48
4548,6,3,,1 2,1
4549,1,1,,,0
4549,114,15,1,4 5 41,182
4549,154,17,1 114,3 4 7 9 39 66,269
4549,472,28,1 114 154,3 5 7 11 16 46 76 82 164,986
4549,767,36,1 114 154 472,1 2 3 4 5 45 54 62 89 121 153 239 293,1752
4550,10,6,,3 4 7,10
4550,27,10,10,3 10 23,45
4550,116,15,10 27,1 2 10,189
4550,208,23,10 27 116,1 2 7,399
4552,2,2,,1,0
4552,3,3,2,1,1
4552,4,4,2 3,2,2
4552,34,10,2 3 4,1 2 26,65
4552,52,12,2 3 4 34,1 3 11 35,88
4553,1,1,,,0
4553,6,4,1,2 3,3
4553,7,5,1 6,3 4,5
4553,39,10,1 6 7,2 30,71
4554,1,1,,,0
4554,2,2,1,,0
4554,16,7,1 2,1 3 14,19
4554,21,8,1 2 16,3 5 9 10,28
4554,23,9,1 2 16 21,3 10,35
4554,78,13,1 2 16 21 23,1 9 38,113
4554,572,30,1 2 16 21 23 78,4 10 18 27,1199
4554,640,32,1 2 16 21 23 78 572,2 15,1406
4555,671,32,,2 5,1495
4556,3,3,,2,1
4556,4,4,3,3,2
4556,5,5,3 4,1,3
4556,14,6,3 4 5,1 3,16
4556,113,16,3 4 5 14,5 7 109,177
4556,229,24,3 4 5 14 113,3 33,461
4557,1,1,,,0
4557,2,2,1,,0
4557,3,3,1 2,,0
4557,45,11,1 2 3,2 4,69
4557,66,12,1 2 3 45,3,89
4558,8,5,,1 2 3 6,4
4558,180,22,8,1 2 9 21,338
4558,201,23,8 180,3 7 11 27 37,375
4558,491,29,8 180 201,1 2 20 34 47 53 94 105 458,1016
4559,26,9,,2,47
4559,34,10,26,1 2 3 9 10 16,59
4559,619,31,26 34,3 5 253 280 408 489,1317
4560,1,1,,,0
4560,6,4,1,1 2 3,3
4560,11,7,1 6,1 2 10,12
4560,23,8,1 6 11,1 2 3 7,33
4560,26,9,1 6 11 23,1 2,44
4560,109,15,1 6 11 23 26,5 7,164
4561,1,1,,,0
4561,10,6,1,1 2,11
4562,1,1,,,0
4562,5,5,1,1 2 4,4
4562,14,7,1 5,2 11,17
4562,22,8,1 5 14,1 3 4 14 16,32
4562,30,9,1 5 14 22,2,46
4562,77,13,1 5 14 22 30,1 4 21 72,96
4562,575,30,1 5 14 22 30 77,3 31 44 89 243 288,1187
4563,3,3,,1 2,1
4563,4,4,3,1 2,3
4563,137,15,3 4,2 10 22 54,209
4563,171,21,3 4 137,1 2 5 15 16 107,307
4564,1,1,,,0
4564,2,2,1,1,0
4565,1,1,,,0
4565,2,2,1,1,0
4565,10,5,1 2,3 5 9,7
4565,11,6,1 2 10,2,10
4565,16,7,1 2 10 11,1 2 4 7 9,14
4565,92,14,1 2 10 11 16,2 5 11 21 54 65 75,112
4566,1,1,,,0
4566,9,4,1,3 5,6
4566,89,13,1 9,1 3 7 13 32,98
4566,93,14,1 9 89,2 3 17,122
4567,3,2,,1,0
4567,10,4,3,3,8
4567,72,12,3 10,1 4 21,83
4567,164,20,3 10 72,2 4 23 57 75 86 105 128,276
4568,16,7,,1 3 4 14,19
4568,66,11,16,1,78
4569,1,1,,,0
4569,2,2,1,1,0
4569,22,7,1 2,1 2 16,26
4569,35,8,1 2 22,1 3 11,39
4569,570,30,1 2 22 35,2 16 89 115 123 255 269,1167
4570,1,1,,,0
4570,5,3,1,3,2
4570,14,6,1 5,1 3 4,15
4570,97,13,1 5 14,1 19 26,126
4570,364,25,1 5 14 97,1 3 4 50 98 115 118,698
4571,576,30,,1 42,1182
4572,1,1,,,0
4572,3,2,1,,1
4572,9,5,1 3,1 2 4 7,4
4572,152,17,1 3 9,77 101 111,237
4572,262,22,1 3 9 152,1 3 8 14 17 18 75 90,495
4573,1,1,,,0
4573,207,21,1,1 4 6 7 8 11 14 18 37 84,385
4574,2,1,,,0
4574,3,2,2,,0
4574,7,4,2 3,1 2 4,1
4574,54,7,2 3 7,2 5 14 19 20,49
4575,16,6,,1 2,16
4576,7,4,,1 2 3,4
4577,4,3,,1 2,1
4577,16,6,4,1 2 3 9 10,17
4578,1,1,,,0
4578,316,24,1,1 6 142,592
4578,360,25,1 316,1 2 5 319 332,693
4578,749,36,1 316 360,1 2 3 8 119 205 603,1678
4579,2,2,,1,0
4579,8,5,2,1,10
4580,1,1,,,0
4580,3,3,1,1 2,0
4580,4,4,1 3,1 3,2
4580,196,20,1 3 4,1 4 9 15 106 151,362
4580,547,29,1 3 4 196,5 8 21 24,1117
4581,2,2,,1,0
4581,3,3,2,1,1
4582,1,1,,,0
4582,75,12,1,2 5 11 21 54 65,76
4582,145,19,1 75,1 9 10 11 20 70 102 120 138,222
4583,1,1,,,0
4583,2,2,1,,0
4583,10,5,1 2,1 2 3 9,6
4583,104,13,1 2 10,2 3 4 13 31,134
4584,2,2,,1,0
4584,9,4,2,1 2 3,5
4585,1,1,,,0
4585,71,11,1,1 3 10 22 49,64
4585,80,12,1 71,3 6 40 58,89
4585,377,26,1 71 80,4 16 156 311,734
4586,1,1,,,0
4586,327,24,1,1 3 12 77 97 301,621
4589,2,2,,1,0
4589,138,18,2,1 9 10 11 20 70 102 120,211
4590,1,1,,,0
4590,2,2,1,,0
4590,3,3,1 2,1 2,0
4590,353,25,1 2 3,1 2 3 5 30 32 61 73,674
4591,2,2,,1,0
4591,398,27,2,2 10 23,800
4591,458,28,2 398,1 2 20 34 47 53 94 105,920
4592,1,1,,,0
4592,65,11,1,2 5 11 21 54,62
4592,288,23,1 65,3 8,529
4593,11,3,,1 3,3
4593,16,5,11,1 2 3 6,7
4594,38,10,,1 9,32
4594,382,26,38,1 2 3 5 13 24 40 67,749
4596,695,35,,1 2 3 4 6 17,1519
4597,1,1,,,0
4597,339,24,1,2 4 6 20,653
4598,4,2,,2,0
4598,247,22,4,1 2 14 21 28 34 87 148,477
4598,986,44,4 247,8 9 14 28 48 51 102,2398
4600,2,1,,,0
4600,182,19,2,1 2 7 9 23,351
4601,3,2,,1,0
4601,29,9,3,1 4 7 22 25,22
4601,92,11,3 29,3 11 53,122
4603,1,1,,,0
4603,6,4,1,1 2 3,2
4603,54,9,1 6,2 5 11 21,52
4603,128,18,1 6 54,2 4 23 57 75 86 105,212
4603,302,23,1 6 54 128,1 4 7 8 10 22 24 56 66 130 159,579
4603,734,36,1 6 54 128 302,1 2 3,1649
4604,1,1,,,0
4604,54,9,1,1 2 4 6 10,55
4605,8,4,,4,5
4605,25,8,8,1 4 7 22,18
4605,653,32,8 25,2 3 5 31 48,1417
4606,3,3,,1 2,1
4606,332,24,3,1 2 5 319,640
4606,447,27,3 332,4 5 17 26 30,909
4607,1,1,,,0
4607,2,2,1,1,0
4607,49,8,1 2,1 3 10 22,41
4607,58,9,1 2 49,3 6 40,62
4607,92,11,1 2 49 58,1 3 5 14,119
4607,120,17,1 2 49 58 92,1 9 10 11 20 70 102,183
4607,275,22,1 2 49 58 92 120,5 7 20 64 98 129 250,505
4608,1,1,,,0
4608,20,6,1,2 5 14 19,9
4608,22,7,1 20,1 4 7,13
4608,94,12,1 20 22,1 2 3 5 8 28 56,124
4609,4,2,,,1
4609,19,5,4,2 5 14,8
4609,147,17,4 19,1 2 5 10 66 80,247
4610,1,1,,,0
4610,7,3,1,2,2
4610,539,28,1 7,13 25 177 327,1090
4612,150,18,,4 8,266
4612,301,22,150,1 3 12 77 97,574
4613,111,16,,77 101,171
4613,746,36,111,1 2 3 5 7 12 58,1683
4614,1,1,,,0
4614,14,4,1,2 5,5
4614,365,26,1 14,2 3 7 8 35 63 248,717
4615,1,1,,,0
4615,2,2,1,,0
4615,101,15,1 2,2 6 19 78 81,158
4616,66,9,,2 4 14 24 29,77
4617,340,24,,8 89,657
4618,21,6,,1 4,13
4619,319,23,,1 2 5,614
4619,533,28,319,1 2 3 8 9 30 199 206 233 255,1093
4620,3,1,,,0
4622,18,6,,2,14
4622,41,7,18,4 5,44
4622,489,27,18 41,1 5 8 13 21 50,982
4622,820,41,18 41 489,2 3 9 17 30 60 218,1954
4623,1,1,,,0
4623,5,3,1,2,1
4623,7,4,1 5,1 4,2
4623,9,5,1 5 7,1,4
4623,32,6,1 5 7 9,1 3 7 13,18
4623,101,15,1 5 7 9 32,77,156
4625,40,7,,3 6,42
4625,60,9,40,10,76
4625,102,15,40 60,1 9 10 11 20 70,156
4625,151,18,40 60 102,1 4 9 15 106,285
4626,1,1,,,0
4626,2,2,1,,0
4626,4,3,1 2,1,0
4626,105,15,1 2 4,2 4 23 57 75 86,170
4626,797,40,1 2 4 105,2 4 7 9 12 13 21 48 103 228,1881
4627,107,16,,1 2 5 15 16,183
4627,206,21,107,1 26 39 48 95,388
4628,995,45,,5 7 31 59 95 215 301 714,2455
4629,1,1,,,0
4629,551,27,1,1 3 16 17 27 121 145 297 306 409,1149
4629,958,44,1 551,1 3 21 29,2340
4631,1,1,,,0
4631,41,8,1,2 8 13 20 29,47
4631,191,20,1 41,10 20 28 30 38,365
4631,340,25,1 41 191,6 9 10 25 230 288,662
4632,122,16,,3 54,213
4632,250,20,122,5 7 20 64 98 129,463
4633,1,1,,,0
4633,127,17,1,1 22 28 36 118,229
4634,1,1,,,0
4634,22,5,1,1 3 10,15
4635,4,2,,1,1
4635,81,14,4,2 6 19 78,136
4636,1,1,,,0
4636,21,6,1,2 5 11,16
4637,66,12,,3 4 7 9 39,99
4637,138,17,66,1 3 4 6 8 53 62,259
4637,675,35,66 138,1 2 4 5 10 11 31 41 96,1493
4638,1,1,,,0
4638,2,2,1,,0
4638,9,4,1 2,2 4,2
4638,78,13,1 2 9,2 6 19,130
4640,41,8,,1 3 19,48
4640,53,10,41,3 11,71
4640,92,15,41 53,3 56 64,159
4640,161,17,41 53 92,1 2 4 89,317
4641,26,7,,1 19,33
4642,1,1,,,0
4642,13,4,1,1 3 7,5
4642,17,6,1 13,2 3,19
4642,110,15,1 13 17,5 10 23 25 35 41 43,186
4642,118,16,1 13 17 110,1 22 28 36,210
4643,4,3,,2,1
4643,29,7,4,2 8 13 20,33
4643,240,20,4 29,3 6 8 14 57 80,443
4643,426,26,4 29 240,1 2 17 30 150 201 208 349,853
4645,1,1,,,0
4645,2,2,1,,0
4645,86,14,1 2,2 4 23 57 75,145
4646,10,4,,1 3,5
4646,11,5,10,2 5,7
4646,54,10,10 11,2 10 22,73
4646,56,11,10 11 54,1 2 3 5 8 28,76
4647,1,1,,,0
4647,77,13,1,,121
4648,7,3,,1 3,1
4648,10,5,7,1 2 4 6,7
4648,19,6,7 10,1,22
4648,61,12,7 10 19,1 2 3 12 15,94
4648,832,42,7 10 19 61,1 2 3 12 15 38 46 166 233 281 331 465 548 790,1988
4651,1,1,,,0
4651,169,19,1,24 39,321
4651,311,24,1 169,4 16 156,604
4652,3,2,,1,0
4652,5,3,3,2,3
4652,6,4,3 5,1 2 4,4
4652,20,6,3 5 6,2 8 13,21
4652,140,15,3 5 6 20,1 28,267
4652,156,18,3 5 6 20 140,96,306
4653,3,2,,1,1
4653,29,8,3,2 4 14 24,31
4654,1,1,,,0
4654,4,3,1,1 2,2
4654,34,9,1 4,1 3 4,44
4654,306,23,1 4 34,2 3 22 35 120 191,585
4655,1,1,,,0
4655,2,2,1,,0
4655,50,11,1 2,2 4 11 22,77
4655,685,35,1 2 50,1 3 16 59 98 355,1525
4656,2,2,,1,0
4656,3,3,2,2,1
4656,10,4,2 3,1 2,8
4656,31,8,2 3 10,2 3 4 13,34
4656,75,12,2 3 10 31,2 4 23 57,118
4657,1,1,,,0
4657,2,2,1,,0
4657,70,11,1 2,1 9 10 11 20,99
4657,263,22,1 2 70,1 12 45 86 109,485
4658,5,3,,4,1
4658,24,7,5,2 4 14,21
4658,86,14,5 24,1 3 6 7 77,138
4658,239,21,5 24 86,3 6 9 13 20 25 182,440
4658,631,34,5 24 86 239,2 8 12 13 39,1354
4659,1,1,,,0
4659,4,2,1,,0
4659,6,3,1 4,3,1
4659,13,5,1 4 6,2 8,7
4659,45,10,1 4 6 13,1 8 18 28 30,59
4659,843,43,1 4 6 13 45,2 4 7 10 33 37 113 117 135 591,2033
4662,3,2,,,1
4662,7,4,3,5,4
4662,19,6,3 7,1 3,12
4662,66,11,3 7 19,2 9 43,94
4662,102,14,3 7 19 66,2 12,169
4663,1,1,,,0
4663,14,5,1,2 3 4 12,6
4664,2,2,,1,0
4664,5,3,2,,2
4664,8,4,2 5,2,2
4664,39,9,2 5 8,3 4 7 9,46
4665,1,1,,,0
4665,12,4,1,2 3 4,2
4665,46,10,1 12,1 2 3 21,65
4665,100,14,1 12 46,1 2 8 27 40 44 49 52,162
4665,323,23,1 12 46 100,1 28 275,623
4665,714,37,1 12 46 100 323,2 3 5 15 25 62 118 208 304,1632
4666,1,1,,,0
4666,454,26,1,1 2 4 19 25 46,895
4667,77,13,,1 3 6 7,119
4668,14,4,,2 4,6
4668,64,12,14,3 56,97
4669,389,25,,4 15 17 236,766
4670,2,1,,,0
4670,106,14,2,1 4 9 15,189
4670,934,43,2 106,5 15 19 122,2276
4671,24,7,,3 12 13,22
4671,43,10,24,3 4,65
4671,125,16,24 43,1 3 19 28 60 62 71,226
4673,4,3,,2 3,0
4674,3,2,,2,0
4674,13,6,3,2 3 4,11
4674,28,8,3 13,1 2 3 5 8,31
4674,30,9,3 13 28,1 8 18 28,40
4674,57,11,3 13 28 30,2 4 23,85
4674,476,25,3 13 28 30 57,2 3 4 12 20 30 160,944
4674,808,42,3 13 28 30 57 476,2 17 75 95 387,1935
4675,2,1,,,0
4675,10,5,2,,8
4676,28,8,,1 8 18,38
4676,56,11,28,3,85
4676,80,13,28 56,1 2 5 10 66,122
4676,165,19,28 56 80,1 2 4 10 16,296
4677,7,4,,2 3,5
4678,3,2,,1,0
4678,4,3,3,2,1
4678,22,7,3 4,2 10,23
4680,1,1,,,0
4680,2,2,1,,0
4680,87,13,1 2,1 2 6 10 16,151
4681,3,3,,2,1
4682,1,1,,,0
4682,2,2,1,,0
4682,11,5,1 2,3,7
4682,13,6,1 2 11,3 12,8
4683,4,4,,2 3,1
4683,12,5,4,3,7
4683,22,8,4 12,2 4 11,28
4683,246,21,4 12 22,1 3 4 5 13 176 195,435
4683,288,22,4 12 22 246,6 9 10 25 230,532
4684,3,3,,2,1
4684,4,4,3,1 3,2
4685,1,1,,,0
4685,2,2,1,,0
4685,3,3,1 2,1,0
4685,14,4,1 2 3,1 3 5,5
4685,43,10,1 2 3 14,2 9,52
4685,211,20,1 2 3 14 43,1 2 8 11 19 44 104,369
4686,18,7,,1 8,19
4686,871,42,18,1 4 7 16 70 248 616,2090
4687,1,1,,,0
4687,171,19,1,6 11 29 53 68,297
4687,357,24,1 171,5 93 128,679
4689,44,10,,3 5,63
4689,489,26,44,3 5 253 280 408,985
4690,3,1,,,0
4690,10,4,3,2,6
4690,21,9,3 10,1 2 3,29
4690,45,10,3 10 21,2 3 5 21,67
4690,66,12,3 10 21 45,1 2 5 10,94
4690,138,18,3 10 21 45 66,1 2 6 13 19,239
4690,790,41,3 10 21 45 66 138,1 2 3 12 15 38 46 166 233 281 331 465 548,1872
4692,3,1,,,0
4694,5,3,,1 3,2
4694,8,5,5,1 2 3 5,5
4694,9,6,5 8,3 4 7,9
4694,11,7,5 8 9,2 4,14
4694,15,8,5 8 9 11,1 2 3 12,16
4694,887,41,5 8 9 11 15,1 15 25 52 62 358,2130
4696,1,1,,,0
4696,3,2,1,1,1
4696,7,5,1 3,3 4,7
4696,8,6,1 3 7,1,9
4696,14,7,1 3 7 8,2 4,16
4696,84,14,1 3 7 8 14,1 4 6 7 8 11 14 18 37,141
4696,574,33,1 3 7 8 14 84,2 3 7 8 12 26 119 210 266,1215
4697,1,1,,,0
4697,5,4,1,1 2 3,2
4697,12,5,1 5,1 2 3,10
4697,19,6,1 5 12,2 6,21
4697,148,18,1 5 12 19,1 2 14 21 28 34 87,261
4698,1,1,,,0
4698,2,2,1,,0
4698,32,7,1 2,2 3 20,35
4698,694,39,1 2 32,2 29 47 50 222 661,1600
4699,3,3,,1 2,0
4699,4,4,3,3,2
4700,2,2,,1,0
4700,3,3,2,,1
4700,54,11,2 3,3,69
4701,1,1,,,0
4701,4,3,1,2,1
4701,881,41,1 4,1 2 6 20 24 27 39 52 212 276,2113
4702,18,6,,17,16
4702,403,24,18,6 9 14 16 30,756
4703,1,1,,,0
4703,2,2,1,,0
4703,17,5,1 2,,14
4703,313,23,1 2 17,1 5 37 53 65 150,589
4704,729,40,,1 3 5 17 211,1707
4704,942,47,729,1 48 89 767,2316
4705,92,16,,2 3 5,162
4705,716,39,92,2 10 16 106,1667
4706,3,3,,1 2,0
4706,4,4,3,2,2
4706,247,19,3 4,1 8 20 109 137,443
4707,2,2,,1,0
4707,20,5,2,1 9 10 11,12
4707,181,18,2 20,2 7 9 20 52 152,305
4708,1,1,,,0
4708,2,2,1,,0
4708,3,3,1 2,1 2,0
4708,23,6,1 2 3,2 4,21
4709,2,2,,1,0
4709,43,10,2,5 10 23 25 35 41,47
4710,1,1,,,0
4710,4,2,1,3,0
4710,6,3,1 4,2,2
4710,20,5,1 4 6,2 3,14
4711,3,1,,,0
4711,41,9,3,5 10 23 25 35,42
4712,89,16,,1 2 4,154
4712,96,17,89,,169
4713,52,11,,1 2 8 27 40 44 49,70
4713,62,13,52,1 3 4 6 8 53,93
4713,245,19,52 62,1 2 6 23 155,434
4713,275,22,52 62 245,1 28,512
4713,494,28,52 62 245 275,5 12 388,1029
4714,1,1,,,0
4714,2,2,1,,0
4714,21,7,1 2,2 3 5,23
4714,489,27,1 2 21,1 3 4 22 24 67 86 87 219 424,1001
4715,182,18,,3 6 9 13 20 25,310
4715,920,46,182,98 405 541,2270
4716,1,1,,,0
4716,11,4,1,1 9 10,1
4716,49,10,1 11,1 2 8 27 40 44,65
4717,10,3,,1 9,1
4717,21,7,10,1 2 9,23
4717,35,8,10 21,5 10 23 25,35
4717,668,37,10 21 35,1 5 7 8 38 43,1512
4718,9,2,,1,1
4718,16,6,9,1 2 5 15,14
4719,9,3,,2,2
4719,15,5,9,1 2 5,13
4720,349,22,,1 2 17 30 150 201 208,659
4720,671,38,349,14 52 266 635,1539
4721,44,9,,1 2 8 27 40,58
4721,547,32,44,3 26 98 323 375 431,1143
4722,37,8,,3 7 11 27,44
4722,53,12,37,1 3 4 6 8,78
4722,84,16,37 53,1 3 7 29 45 48,142
4724,1,1,,,0
4724,36,8,1,1 22 28,47
4724,50,11,1 36,1 16 27 30,71
4724,603,33,1 36 50,1 2 3 8 119 205,1316
4725,4,3,,1 2,2
4725,40,8,4,1 2 8 27,54
4725,71,15,4 40,1 3 19 28 60 62,116
4725,532,31,4 40 71,3 4 12 23 58 252,1109
4726,1,1,,,0
4726,2,2,1,,0
4726,392,23,1 2,2 28 52 82 93 137,745
4726,495,27,1 2 392,1 5 11 29 47 64 99 245 267,1029
4726,938,47,1 2 392 495,1 2 12 25 40 907,2301
4727,2,2,,1,0
4727,3,3,2,2,1
4727,4,4,2 3,2,2
4727,25,7,2 3 4,5 10 23,24
4728,1,1,,,0
4728,2,2,1,,0
4728,5,3,1 2,3,2
4728,156,17,1 2 5,1 2 3 73,252
4728,448,25,1 2 5 156,1 4 11 79 205 423,878
4728,578,32,1 2 5 156 448,1 2 6 16 25 32 38 183 240 282,1217
4729,2,1,,,0
4729,3,2,2,,0
4729,5,3,2 3,1 2,1
4729,9,5,2 3 5,1 2,6
4729,23,6,2 3 5 9,5 10,17
4729,120,16,2 3 5 9 23,1 2 79,196
4729,516,30,2 3 5 9 23 120,1 5 9 12 29 90 154 164 492,1073
4729,959,47,2 3 5 9 23 120 516,1 2 8 24,2330
4730,3,1,,,0
4730,5,4,3,2 3,2
4730,56,12,3 5,2 15,84
4731,248,21,,2 3 7 8 35 63,439
4731,661,38,248,2 29 47 50 222,1505
4732,2,2,,1,0
4732,3,3,2,2,1
4732,27,6,2 3,3 7 11,24
4732,28,7,2 3 27,1 22,27
4732,302,21,2 3 27 28,2 16 21 74 86 91,543
4733,1,1,,,0
4733,2,2,1,,0
4733,74,15,1 2,1,119
4734,62,14,,1 3 19 28 60,93
4734,195,17,62,1 3 4 5 13 176,313
4734,417,23,62 195,2 21 41,795
4736,2,2,,1,0
4736,60,13,2,1 3 19 28,92
4736,152,15,2 60,2 7 9 20 52,237
4736,772,39,2 60 152,1 2 13 16 148,1846
4737,1,1,,,0
4737,7,4,1,1 3 6,1
4738,6,3,,1 3,1
4738,22,6,6,1,21
4738,27,7,6 22,1 2 8,27
4738,95,14,6 22 27,1 26 39 48,140
4740,1,1,,,0
4741,3,2,,1,0
4741,46,12,3,1 3 6 13 21 35,72
4741,82,13,3 46,2 8 17 18 74,124
4741,230,20,3 46 82,6 9 10 25,394
4742,10,3,,5,5
4743,1,1,,,0
4743,37,11,1,1 4 6 7 8 11 14 18,52
4743,100,14,1 37,1 2 9 10 75,156
4744,1,1,,,0
4744,30,10,1,1 16 27,36
4744,90,13,1 30,1 3 8 14 17 18 75,135
4745,72,12,,1 2 15 22,106
4746,1,1,,,0
4746,10,4,1,1 2 5,5
4746,159,16,1 10,1 4 7 8 10 22 24 56 66 130,255
4747,1,1,,,0
4747,5,2,1,,1
4747,27,9,1 5,1 16,32
4748,1,1,,,0
4748,11,5,1,3 7,8
4748,724,38,1 11,2 3 13 32 52 60 93 487,1691
4749,74,12,,2 8 17 18,111
4749,430,25,74,2 4 16 354,837
4751,3,1,,,0
4751,5,3,3,1 2,1
4751,7,4,3 5,1 2,3
4751,16,8,3 5 7,1 2 6 10,21
4751,259,20,3 5 7 16,2 4 5 6 14 76,463
4752,7,4,,3,5
4752,12,6,7,2,10
4752,33,10,7 12,3,50
4752,35,11,7 12 33,1 3 6 13 21,53
4752,142,15,7 12 33 35,1 6,212
4753,129,14,,5 7 20 64 98,187
4753,176,15,129,1 3 4 5 13,273
4753,423,24,129 176,1 4 11 79 205,814
4753,492,29,129 176 423,1 5 9 12 29 90 154 164,1013
4753,613,36,129 176 423 492,9 10 24 33 55 84 254 498 502,1347
4754,1,1,,,0
4754,2,2,1,1,0
4754,8,5,1 2,4,6
4754,542,31,1 2 8,2 10 11 14 47 317 389,1117
4754,744,38,1 2 8 542,2 3 19 30 36 174 198 311 315,1747
4754,755,39,1 2 8 542 744,2 5 7 32 456 465 468,1801
4755,1,1,,,0
4755,6,4,1,,4
4755,267,20,1 6,3 9 17,478
4756,2,2,,1,0
4756,3,3,2,,1
4756,635,37,2 3,14 52 266,1434
4757,1,1,,,0
4757,8,3,1,1 2,3
4757,9,6,1 8,2 3 4 6,5
4757,10,7,1 8 9,1 2 6,9
4757,871,45,1 8 9 10,1 4 5 366,2116
4757,907,46,1 8 9 10 871,1 2 12 25 40,2202
4758,4,2,,,1
4758,16,6,4,1,12
4758,48,11,4 16,1 3 7 29 45,69
4758,87,12,4 16 48,1 2 14 21 28 34,128
4758,174,17,4 16 48 87,1 2 3 6 60 63 84 142 172,263
4758,266,20,4 16 48 87 174,6 30 94 163,471
4759,1,1,,,0
4759,23,9,1,1 2 7 9,31
4759,35,10,1 23,7 19,46
4759,75,11,1 23 35,1 3 8 14 17 18,101
4760,6,5,,2 3 4,3
4760,172,16,6,1 2 3 6 60 63 84 142,258
4761,6,5,,1 2,6
4761,15,7,6,1 4 9,15
4761,45,10,6 15,1 3 7 29,63
4762,2,1,,,0
4762,4,4,2,2 3,2
4762,18,8,2 4,1 4 6 7 8 11 14,18
4762,590,35,2 4 18,2 6 11 12 19 211 327,1264
4763,2,2,,1,0
4763,3,3,2,2,1
4763,430,26,2 3,1 6 9 15 25 41 155 203 292,845
4764,1,1,,,0
4764,2,2,1,,0
4764,28,9,1 2,1,33
4764,851,42,1 2 28,1 2 3,2026
4765,2,2,,1,0
4765,38,9,2,3,51
4765,103,13,2 38,1 4 8 94,142
4765,795,40,2 38 103,3 9 13 47 564 746,1862
4766,1,1,,,0
4766,14,7,1,1 4 6 7 8 11,12
4766,21,8,1 14,1 3 6 13,25
4766,202,19,1 14 21,1 35,319
4767,8,5,,1 3 4 6,2
4767,9,6,8,1 4,6
4768,28,7,,1 3 19,31
4768,75,10,28,1 2 9 10,98
4769,6,4,,1 3 4,2
4769,11,6,6,1 4 6 7 8,9
4769,191,18,6 11,2 3 22 35 120,301
4770,79,10,,1 2,107
4770,408,24,79,3 5 253 280,769
4771,4,3,,1 3,2
4771,15,6,4,2,18
4771,409,25,4 15,1 3 16 17 27 121 145 297 306,775
4772,1,1,,,0
4772,3,2,1,1,1
4772,4,3,1 3,1,2
4772,8,5,1 3 4,1 4 6 7,5
4772,602,35,1 3 4 8,2 5 7 10 11 17 32 281,1323
4772,615,36,1 3 4 8 602,1 5 102 122 208,1365
4772,778,38,1 3 4 8 602 615,1 3 7 12 75 418,1810
4773,1,1,,,0
4773,7,4,1,1 4 6,4
4773,9,5,1 7,1 2 7,7
4773,883,45,1 7 9,2 4 12 17 132 169 609 740,2132
4774,1,1,,,0
4774,6,3,1,1 4,3
4774,13,4,1 6,1 3 6,10
4774,94,12,1 6 13,1 4 8,120
4774,325,21,1 6 13 94,1 11 109 170,546
4774,336,22,1 6 13 94 325,1 4 19 30 42 50,581
4775,1,1,,,0
4775,7,3,1,1 2,4
4775,19,4,1 7,7,13
4775,130,14,1 7 19,1 4 7 8 10 22 24 56 66,179
4776,1,1,,,0
4776,4,2,1,1,1
4776,678,36,1 4,1 2 5 15 606,1539
4777,1,1,,,0
4777,19,4,1,1 3,11
4777,29,6,1 19,1 3 7,26
4777,611,35,1 19 29,2 6 9 126 180,1352
4779,1,1,,,0
4779,424,26,1,1 3 4 22 24 67 86 87 219,823
4780,2,2,,1,0
4780,115,13,2,2 38 76,146
4780,571,34,2 115,1 2 4 7 24 26,1206
4781,1,1,,,0
4781,6,3,1,1 3,2
4781,39,6,1 6,24,33
4781,688,37,1 6 39,2 5 21,1573
4782,3,1,,,0
4784,2,1,,,0
4784,3,2,2,1,0
4784,38,7,2 3,10 20 28 30,31
4784,98,12,2 3 38,5 7 20 64,113
4784,565,33,2 3 38 98,6 10,1184
4785,48,8,,1 26 39,46
4786,1,1,,,0
4786,733,37,1,1 2 6 11 15 17 42 58 109 120 515 556,1721
4787,7,2,,,2
4790,68,11,,6 11 29 53,78
4790,142,15,68,1 2 3 6 60 63 84,197
4790,483,30,68 142,2 6 55 112 214,975
4791,1,1,,,0
4791,9,5,1,2 3 5,7
4792,1,1,,,0
4792,5,4,1,2 3,2
4792,30,6,1 5,10 20 28,25
4792,104,12,1 5 30,1 2 8 11 19 44,132
4793,3,2,,1,0
4793,212,18,3,2 6 38 39,350
4793,666,36,3 212,3 110 391 628,1525
4793,990,47,3 212 666,2 3 8 10 13 17 50 125,2394
4794,3,3,,2,1
4794,28,5,3,10 20,23
4794,39,7,3 28,1 26,36
4795,1,1,,,0
4795,2,2,1,,0
4795,5,3,1 2,2 3,1
4795,22,4,1 2 5,1 2 15,14
4796,24,4,,,18
4797,1,1,,,0
4797,3,2,1,2,0
4797,4,3,1 3,1 2,1
4798,2,1,,,0
4798,40,9,2,1 3 5 26 33,35
4798,106,12,2 40,1 2 5 11 19,133
4798,146,16,2 40 106,2 4 15 45,208
4798,245,18,2 40 106 146,4 6 10 35 57,401
4799,2,2,,1,0
4799,7,3,2,1 3,3
4800,1,1,,,0
4800,3,2,1,,0
4802,15,3,,1 2,6
4802,20,4,15,10,9
4803,1,1,,,0
4803,3,2,1,1,0
4803,80,11,1 3,3 6 8 14 57,86
4803,155,17,1 3 80,1 2 6 23,226
4805,1,1,,,0
4805,18,5,1,2 8 17,7
4805,33,8,1 18,1 3 5 26,25
4805,53,10,1 18 33,6 11 29,48
4806,1,1,,,0
4806,17,4,1,2 8,6
4806,156,17,1 17,4 16,230
4807,26,6,,1,15
4808,744,39,,1 3 5 40 51 123 184 375 716,1732
4809,19,5,,1 2 6 13,8
4810,1,1,,,0
4810,932,46,1,1 2 8 10 15 110 115 125 902,2262
4811,34,9,,1 2 14 21 28,34
4811,73,10,34,1 2 3,81
4811,109,14,34 73,1 12 45 86,141
4811,169,17,34 73 109,1 3 4 34 67 80 105,263
4812,1,1,,,0
4812,10,3,1,,3
4812,26,7,1 10,1 3 5,18
4812,555,33,1 10 26,1 2 8 20 63 78 346,1206
4814,746,39,,3 9 13 47 564,1743
4815,2,2,,1,0
4815,8,3,2,2,2
4815,13,4,2 8,1 2 6,3
4815,909,45,2 8 13,5 6 66 288 329 374,2187
4816,1,1,,,0
4816,18,6,1,1 3 8 14 17,8
4816,97,13,1 18,1 3 12 77,125
4816,118,15,1 18 97,1 3 4 50 98 115,153
4816,137,16,1 18 97 118,1 8 20 109,194
4817,1,1,,,0
4817,17,5,1,1 3 8 14,7
4817,28,8,1 17,1 2 14 21,24
4817,357,23,1 17 28,4 14 17 25 85,656
4818,64,8,,5 7 20,61
4819,76,9,,2 38,83
4819,115,14,76,1 3 4 50 98,148
4819,388,26,76 115,5 12,765
4820,14,4,,1 3 8,7
4821,2,1,,,0
4822,6,3,,1 2,0
4822,181,16,6,6 12 14 28 63 135,284
4822,236,20,6 181,4 15 17,402
4822,327,22,6 181 236,13 25 177,581
4824,21,7,,1 2 14,21
4825,16,5,,1 2 4 10,11
4825,354,23,16,2 4 16,659
4826,2,2,,1,0
4826,8,3,2,1 3,4
4826,57,8,2 8,3 6 8 14,57
4826,503,32,2 8 57,1 2 4 15,1061
4827,1,1,,,0
4827,661,36,1,1 3 10 14 44 48 67,1544
4829,1,1,,,0
4829,29,7,1,6 11,22
4831,1,1,,,0
4831,3,2,1,1,1
4831,10,4,1 3,1 2 4,5
4831,14,6,1 3 10,1 2,13
4831,119,14,1 3 10 14,4 10 15 62,167
4831,294,21,1 3 10 14 119,1 2 7 13,516
4831,628,35,1 3 10 14 119 294,3 110 391,1443
4832,1,1,,,0
4832,483,31,1,1 2 3 5 163 222,1006
4833,1,1,,,0
4833,5,3,1,1 3,0
4833,10,5,1 5,1 2 9,5
4833,176,16,1 5 10,1 2 5 78 115,279
4834,9,4,,1 2,5
4834,86,13,9,1 12 45,107
4834,444,30,9 86,55 57 65 92 215 229 425 426,897
4835,3,2,,1,0
4836,52,8,,2 7 9 20,51
4836,77,12,52,1 3 12,98
4836,98,13,52 77,1 3 4 50,124
4836,325,22,52 77 98,2 13 29 63 180 230 255,591
4836,716,38,52 77 98 325,1 3 5 40 51 123 184 375,1668
4837,1,1,,,0
4837,4,3,1,1 2,0
4837,431,29,1 4,3 26 98 323 375,856
4839,2,2,,1,0
4839,66,11,2,1 4 7 8 10 22 24 56,80
4839,403,28,2 66,2 3 5 7 10 12 64 261,800
4840,1,1,,,0
4840,120,14,1,2 3 22 35,170
4840,396,27,1 120,1 2 3 12 13 14 32 45,786
4840,902,45,1 120 396,1 2 8 10 15 110 115 125,2188
4841,2,2,,1,0
4842,1,1,,,0
4842,997,46,1,3 4 5 6 42 61 65 97 251,2433
4843,1,1,,,0
4843,2,2,1,1,0
4844,1,1,,,0
4844,109,13,1,1 8 20,152
4847,2,2,,1,0
4847,11,3,2,6,2
4847,925,45,2 11,1 2 4 51 63 122 483,2242
4848,1,1,,,0
4848,84,12,1,1 2 3 6 60 63,104
4848,418,27,1 84,4 5 23 80,835
4848,606,34,1 84 418,1 2 5 15,1391
4848,766,41,1 84 418 606,2 3 14,1822
4849,56,10,,1 4 7 8 10 22 24,71
4849,288,21,56,3 31 44 89 243,510
4849,943,45,56 288,1 3 19 872,2290
4850,713,38,,1 2 111 132 212,1676
4852,6,2,,,1
4852,44,9,6,1 2 8 11 19,50
4852,426,29,6 44,55 57 65 92 215 229 425,868
4853,7,3,,1 2,1
4853,425,28,7,55 57 65 92 215 229,867
4853,540,32,7 425,1 3 7 11 18 23 33 132,1218
4854,11,7,,2 3 5 8,12
4854,100,12,11,2 30,146
4855,9,6,,1 3 5 6 8,6
4856,1,1,,,0
4856,8,5,1,1 3 5 6,5
4856,195,19,1 8,1 2 9 13 24 181,338
4857,8,5,,2 3 5,9
4857,38,8,8,2,42
4857,164,17,8 38,3 5 7 11 16 46 76 82,269
4858,2,2,,1,0
4858,6,4,2,1 3 5,4
4858,17,7,2 6,7 8 15,14
4858,417,27,2 6 17,3 4 19 38 42 78,843
4858,995,45,2 6 17 417,1 173 179 277 376 668 760 968,2424
4859,1,1,,,0
4859,5,3,1,1 3,3
4859,355,26,1 5,2 3 4 7 108 145 223,714
4859,733,40,1 5 355,4 22 41 63 116 135 238,1734
4860,1,1,,,0
4860,5,4,1,2 3,4
4860,8,5,1 5,1 4,6
4860,15,6,1 5 8,7 8,9
4861,1,1,,,0
4861,3,2,1,1,1
4861,163,17,1 3,6 30 94,270
4861,208,20,1 3 163,1 2 17 30 150 201,353
4861,327,25,1 3 163 208,1 2 3 7 11 29 34 42 49 63 83 142,618
4862,1,1,,,0
4862,3,3,1,2,1
4862,20,4,1 3,5 7,9
4862,566,33,1 3 20,1 2 6 7 9 13 18 76,1292
4862,661,37,1 3 20 566,4 8 11 35 36 159 196,1565
4862,764,44,1 3 20 566 661,1 2 4 15 27 223 236 368,1840
4863,1,1,,,0
4863,2,2,1,,0
4864,4,2,,1,0
4864,25,7,4,2 5,19
4864,502,31,4 25,9 10 24 33 55 84 254 498,1086
4864,761,43,4 25 502,3 66 753,1831
4866,40,9,,2 8 10,51
4866,150,16,40,1 5 37 53 65,244
4867,1,1,,,0
4867,8,3,1,7,1
4867,130,15,1 8,2 9 14 18 27,206
4868,7,2,,,1
4868,20,6,7,2 7 9,12
4868,89,12,7 20,8,120
4868,135,15,7 20 89,6 12 14 28 63,209
4868,201,19,7 20 89 135,1 2 17 30 150,337
4868,498,30,7 20 89 135 201,9 10 24 33 55 84 254,1076
4868,913,44,7 20 89 135 201 498,1 2 3 13 44 103 549,2194
4869,14,5,,3 6 8,5
4869,63,11,14,1 2 3 6 60,70
4870,73,11,,1 2 3 5 30 32 61,89
4870,175,17,73,61,281
4870,181,18,73 175,1 2 9 13 24,303
4870,269,21,73 175 181,2 16 89 115 123 255,468
4871,916,44,,6 9 12 17 61 163 208,2218
4872,1,1,,,0
4872,8,2,1,3,0
4872,25,8,1 8,3 6 9 13 20,23
4872,60,10,1 8 25,1 2 3 6,67
4872,548,32,1 8 25 60,9 16 131 286 381,1232
4872,753,42,1 8 25 60 548,3 66,1809
4874,306,24,,1 3 16 17 27 121 145 297,568
4875,7,3,,5,1
4875,8,4,7,3 6,2
4875,45,9,7 8,1 12,52
4875,94,12,7 8 45,2 4 6 30,126
4875,105,14,7 8 45 94,1 3 4 34 67 80,158
4875,710,39,7 8 45 94 105,1 2 6 7 32 49 274 499,1666
4877,3,1,,,0
4877,5,2,3,,0
4877,6,3,3 5,3,0
4877,19,6,3 5 6,1 2 8 11,13
4877,20,7,3 5 6 19,3 6 9 13,17
4877,240,19,3 5 6 19 20,5 7 151,408
4879,9,5,,2 7,4
4879,767,42,9,1 48 89,1843
4880,3,1,,,0
4881,3,3,,1 2,0
4881,7,4,3,2,2
4881,24,8,3 7,1 4 7 8 10 22,25
4881,166,17,3 7 24,2 7 9 17 46 83,264
4882,2,2,,1,0
4882,61,9,2,1 2 3 5 30 32,71
4883,1,1,,,0
4883,22,7,1,1 4 7 8 10,23
4883,297,23,1 22,1 3 16 17 27 121 145,547
4884,5,2,,2,1
4884,13,6,5,3 6 9,10
4884,50,8,5 13,1 3 4,53
4884,255,20,5 13 50,2 16 89 115 123,440
4884,844,43,5 13 50 255,2 5 6 7 31 67 318 622,2026
4885,11,4,,1 2 8,6
4885,19,6,11,1 2 5 11,15
4885,36,7,11 19,2 21,37
4885,88,12,11 19 36,1 2 5 9,118
4885,968,43,11 19 36 88,1 173 179 277 376 668 760,2340
4886,2,1,,,0
4887,2,1,,,0
4888,6,2,,1,1
4888,8,3,6,1 2,3
4888,9,5,6 8,3 6,5
4888,62,11,6 8 9,4 10 15,75
4891,1,1,,,0
4891,6,4,1,3,4
4891,832,42,1 6,2 4 6 8 12,1996
4893,1,1,,,0
4893,2,2,1,,0
4893,11,4,1 2,1 2 5,6
4893,375,26,1 2 11,3 26 98 323,741
4894,2,2,,1,0
4894,3,3,2,,1
4894,115,15,2 3,1 2 5 78,174
4894,243,19,2 3 115,3 31 44 89,417
4895,1,1,,,0
4895,10,6,1,1 4 7 8,6
4895,54,10,1 10,1 2 8,62
4895,724,41,1 10 54,1 2 3 11 154,1716
4896,10,6,,2 8,10
4897,8,5,,1 4 7,6
4897,255,21,8,1 2 3 8 9 30 199 206 233,450
4897,311,24,8 255,1 2 3 8 20 25 43,611
4898,1,1,,,0
4898,7,4,1,1 4,5
4898,8,5,1 7,2,7
4898,280,22,1 7 8,3 5 253,508
4898,334,25,1 7 8 280,1 4 6 9 16 58 223,654
4899,5,3,,1 2,2
4899,45,9,5,2 4 15,49
4900,1,1,,,0
4900,21,5,1,2,16
4900,80,13,1 21,1 3 4 34 67,112
4900,471,30,1 21 80,1 13 28 75 166 219 260,1027
4901,1,1,,,0
4901,4,3,1,1,2
4901,12,4,1 4,1 3,6
4901,201,18,1 4 12,1 7 27 41 60 190,311
4901,292,22,1 4 12 201,1 6 9 15 25 41 155 203,550
4901,834,42,1 4 12 201 292,1 2 7 163 227 230,2010
4902,2,2,,1,0
4903,1,1,,,0
4903,197,17,1,2 6 150 154,304
4904,1,1,,,0
4904,2,2,1,,0
4906,255,21,,2 13 29 63 180 230,454
4907,389,27,,2 10 11 14 47 317,770
4908,12,3,,1,7
4908,490,31,12,6 9 20 22 41 139 479,1104
4909,1,1,,,0
4909,67,11,1,1 2 3 5 13 24 40,88
4909,714,41,1 67,5 7 31 59 95 215 301,1707
4910,3,2,,1,1
4911,1,1,,,0
4911,32,8,1,1 2 3 5 30,30
4911,591,33,1 32,2 4 7 10 33 37 113 117 135,1392
4912,1,1,,,0
4912,190,17,1,1 7 27 41 60,299
4913,1,1,,,0
4913,30,7,1,1 2 3 5,28
4913,67,12,1 30,1 3 4 34,96
4915,723,41,,1 2 109 133,1755
4916,1,1,,,0
4916,13,5,1,1 3 4 5,5
4916,20,6,1 13,2 4 6,16
4916,63,11,1 13 20,2 3 7 8 35,87
4916,128,16,1 13 20 63,5 93,200
4916,740,41,1 13 20 63 128,2 4 12 17 132 169 609,1791
4917,1,1,,,0
4917,77,14,1,26 43 46 56,116
4919,1,1,,,0
4919,2,2,1,,0
4919,150,16,1 2,1 2 17 30,248
4919,233,20,1 2 150,1 2 3 8 9 30 199 206,412
4919,479,30,1 2 150 233,6 9 20 22 41 139,1083
4920,872,41,,1 3 19,2109
4924,5,4,,1 3 4,2
4924,30,8,5,2,41
4925,1,1,,,0
4925,4,3,1,1 3,1
4925,35,8,1 4,2 3 22,45
4925,253,21,1 4 35,3 5,466
4926,1,1,,,0
4926,3,2,1,1,0
4926,6,4,1 3,1 2 3,1
4926,483,30,1 3 6,1 2 3 5 7 27 292,1094
4928,1,1,,,0
4928,278,23,1,2 15 20 257,552
4929,3,3,,1 2,0
4929,15,5,3,2 4,18
4929,170,16,3 15,1 11 109,267
4930,2,2,,1,0
4930,4,3,2,1 3,1
4930,6,4,2 4,2 4,3
4930,94,15,2 4 6,6 30,155
4931,1,1,,,0
4931,3,2,1,1,0
4931,78,14,1 3,1 2 5,120
4931,230,20,1 3 78,2 13 29 63 180,413
4931,529,30,1 3 78 230,2 3 9 12 13 52,1223
4932,4,2,,2,1
4932,548,32,4,1 2 3 12 15 38 46 166 233 281 331 465,1271
4933,1,1,,,0
4933,5,3,1,1 2,1
4933,20,7,1 5,1 8,22
4933,35,8,1 5 20,1,38
4934,2,1,,,0
4934,53,12,2,1 3 21 32 33 46,79
4934,76,14,2 53,2 4 5 6 14,116
4935,15,6,,4 10,17
4935,23,7,15,1 2 6,24
4936,2,2,,1,0
4936,40,10,2,1 2 3 5 13 24,51
4936,895,41,2 40,1 3 4 12 100 206 238 631 836,2160
4937,1,1,,,0
4937,419,29,1,1 5 20 120 233,894
4938,5,4,,1 2 3,3
4938,22,6,5,2 3,24
4938,56,13,5 22,26 43 46,84
4939,1,1,,,0
4939,30,6,1,2 4 6,31
4939,82,14,1 30,3 5 7 11 16 46 76,122
4939,168,16,1 30 82,2 12 24 28 36,261
4939,668,40,1 30 82 168,1 2 16 70 212 291,1594
4940,1,1,,,0
4940,3,3,1,1 2,1
4940,4,4,1 3,2,3
4940,10,5,1 3 4,4,10
4940,63,13,1 3 4 10,6 12 14 28,88
4941,1,1,,,0
4941,2,2,1,1,0
4941,8,3,1 2,1 2,5
4941,46,11,1 2 8,1 3 21 32 33,63
4941,101,15,1 2 8 46,1 3 7 9 14 58,138
4941,616,37,1 2 8 46 101,1 4 7 16 70 248,1436
4942,1,1,,,0
4942,2,2,1,,0
4943,91,14,,2 16 21 74 86,126
4943,427,29,91,1 2 5 12 20 24 30 101 223 226,926
4944,1,1,,,0
4944,35,10,1,2 3 7 8,43
4944,105,14,1 35,1 2 20 34 47 53 94,158
4945,8,4,,1,6
4945,27,9,8,4 16 23,27
4945,76,13,8 27,3 5 7 11 16 46,107
4945,323,25,8 27 76,3 26 98,626
4945,734,40,8 27 76 323,1 24 43 59 238,1748
4946,1,1,,,0
4946,4,3,1,,3
4946,16,4,1 4,4,13
4946,25,7,1 4 16,6 9 10,20
4946,34,9,1 4 16 25,1 3 4,41
4946,154,15,1 4 16 25 34,2 6 150,220
4946,206,19,1 4 16 25 34 154,1 2 3 8 9 30 199,348
4946,648,39,1 4 16 25 34 154 206,2 3 4 11 249,1528
4947,1,1,,,0
4947,2,2,1,1,0
4947,166,15,1 2,2 3 12 14 49 117,261
4948,1,1,,,0
4948,46,12,1,26 43,60
4948,86,13,1 46,2 16 21 74,112
4949,8,3,,,3
4949,23,8,8,4 16,19
4949,257,22,8 23,2 15 20,487
4949,348,28,8 23 257,1 2 3 12 16 72 173 333,676
4950,150,14,,2 6,213
4951,1,1,,,0
4951,43,11,1,26,57
4951,65,12,1 43,1 5 37 53,89
4951,93,13,1 43 65,5,126
4951,404,28,1 43 65 93,2 4 210,841
4952,1,1,,,0
4952,2,2,1,,0
4952,6,3,1 2,1 2,0
4952,24,8,1 2 6,1 2 3 5 13,21
4953,199,18,,1 2 3 8 9 30,331
4954,32,9,,1 3 7 31,37
4954,33,10,32,1 3 21 32,41
4954,267,24,32 33,1 5 11 29 47 64 99 245,504
4955,31,8,,1 3 7,37
4955,32,9,31,1 3 21,40
4955,94,13,31 32,1 2 20 34 47 53,131
4956,2,2,,1,0
4956,16,7,2,4,14
4957,1,1,,,0
4957,3,2,1,2,0
4958,2,1,,,0
4958,4,2,2,,1
4959,401,28,,2 4 7 16 17 77 93 168,841
4959,607,38,401,1 11 36 53 442,1412
4960,1,1,,,0
4960,28,7,1,1,36
4960,74,12,1 28,2 16 21,91
4961,10,6,,6 9,6
4962,9,5,,6,6
4962,925,42,9,4 7 15 20 32 63 68 140 162 273 362,2267
4963,6,4,,2 4,3
4963,13,6,6,1 2 3 5,11
4963,53,10,6 13,1 5 37,69
4963,92,13,6 13 53,2 13,134
4963,556,36,6 13 53 92,1 2 6 11 15 17 42 58 109 120 515,1306
4964,9,5,,1 2 5,7
4964,47,9,9,2 8 17 22,62
4964,83,12,9 47,2 7 9 17 46,105
4964,333,27,9 47 83,1 2 3 12 16 72 173,642
4965,1,1,,,0
4965,4,3,1,2,2
4965,6,4,1 4,,3
4966,1,1,,,0
4966,21,6,1,1 3,24
4966,23,7,1 21,2 10,27
4966,39,8,1 21 23,2 6 38,42
4966,151,14,1 21 23 39,5 7,223
4967,1,1,,,0
4967,2,2,1,,0
4967,38,7,1 2,2 6,40
4967,237,21,1 2 38,2 5 7 16 22 26 64 155,434
4968,4,1,,,0
4968,5,3,4,1 2,0
4968,26,6,4 5,,26
4970,27,6,,2 9 14 18,27
4971,2,2,,1,0
4971,5,4,2,1 2 3,1
4971,8,5,2 5,2 3 7,5
4971,205,20,2 5 8,1 4 11 79,341
4972,1,1,,,0
4972,7,4,1,2 3,4
4972,177,17,1 7,13 25,275
4973,3,3,,1 2,0
4973,190,19,3,1 2 3 6,309
4973,725,39,3 190,3 53 81 236 282 528,1717
4974,2,2,,1,0
4974,59,11,2,3,61
4974,923,42,2 59,2 3 4 7 8 22 284 733,2264
4975,1,1,,,0
4975,28,6,1,6 12 14,24
4975,46,10,1 28,3 5 7 11 16,47
4975,180,18,1 28 46,1 2 5 6 14 18 22 81 98,288
4975,190,19,1 28 46 180,1 2 11 17 48 49 86 94,308
4975,451,28,1 28 46 180 190,1 3 18 39 59 102 107,1005
4975,990,46,1 28 46 180 190 451,4 5 8 13 68 140,2492
4976,3,3,,2,1
4976,4,4,3,1 3,2
4976,245,23,3 4,1 5 11 29 47 64 99,449
4977,1,1,,,0
4977,2,2,1,,0
4977,3,3,1 2,1,0
4978,345,27,,,685
4979,1,1,,,0
4979,7,3,1,1 3,3
4979,10,4,1 7,2,8
4979,18,5,1 7 10,2 9 14,11
4979,37,9,1 7 10 18,1 5,35
4979,317,26,1 7 10 18 37,2 10 11 14 47,593
4981,1,1,,,0
4981,137,15,1,2 28 52 82 93,196
4981,180,18,1 137,2 13 29 63,286
4981,230,22,1 137 180,3 9 16 127 188,421
4981,261,23,1 137 180 230,2 3 5 7 10 12 64,477
4982,1,1,,,0
4983,3,2,,1,1
4983,14,3,3,2 9,8
4983,65,11,3 14,1 2 21,71
4983,930,43,3 14 65,2 4 17 385 867,2286
4984,1,1,,,0
4984,3,2,1,1,1
4984,58,9,1 3,1 3 7 9 14,50
4984,61,10,1 3 58,,61
4984,219,20,1 3 58 61,1 3 4 22 24 67 86 87,384
4985,1,1,,,0
4985,355,27,1,1 3 16 59 98,708
4985,487,31,1 355,2 3 13 32 52 60 93,1095
4986,1,1,,,0
4986,57,9,1,4 6 10 35,53
4986,648,38,1 57,2 13 14 72 219 282 376 419,1539
4987,1,1,,,0
4987,2,2,1,,0
4987,578,37,1 2,2 9 21 128,1326
4988,9,2,,2,2
4988,198,18,9,1 2 3 15,327
4988,312,26,9 198,4 22 24 43 48 58 74,584
4989,14,4,,6 12,4
4989,22,8,14,2 8 17,18
4990,109,13,,1 11,127
4990,160,17,109,2 3 4 12 20 30,242
4990,203,18,109 160,1 6 9 15 25 41 155,351
4991,12,3,,6,4
4991,223,22,12,2 3 4 7 108 145,405
4991,950,45,12 223,18 29 44 70 168 498 862,2361
4992,1,1,,,0
4994,1,1,,,0
4994,17,7,1,2 8,15
4994,30,8,1 17,6,29
4994,296,25,1 17 30,1 2 3 5 45,549
4995,2,1,,,0
4995,836,40,2,1 3 4 12 100 206 238 631,1984
4996,14,6,,2 4 5 6,9
4996,53,11,14,1 2 20 34 47,55
4996,117,13,14 53,2 3 12 14 49,163
4996,564,36,14 53 117,3 9 13 47,1291
4996,936,43,14 53 117 564,3 6 17 21 32 65 167 195,2318
4997,6,2,,,1
4999,1,1,,,0
4999,6,2,1,2,0
4999,482,32,1 6,1 2 10 15 30,1099
4999,747,39,1 6 482,2 21,1789
5001,46,8,,2 7 9 17,44
5002,47,10,,1 2 20 34,51
5003,2,1,,,0
5003,8,6,2,2,9
5004,5,3,,1 2,2
5004,6,5,5,2 4 5,4
5004,266,24,5 6,2 3 7 8 12 26 119 210,492
5004,515,35,5 6 266,1 2 6 11 15 17 42 58 109 120,1205
5005,5,4,,2 4,4
5005,16,5,5,3 5 7 11,10
5005,17,6,5 16,3 9,14
5005,252,23,5 16 17,3 4 12 23 58,462
5006,1,1,,,0
5006,4,3,1,2,3
5006,190,18,1 4,4 9 53,337
5007,1,1,,,0
5007,2,2,1,1,0
5008,1,1,,,0
5008,2,2,1,,0
5008,35,7,1 2,4 6 10,25
5008,643,37,1 2 35,1 4 7 10 12 14 35 40 410 517,1526
5009,2,1,,,0
5009,174,17,2,2 4 13 20 64 140,287
5009,223,22,2 174,1 4 6 9 16 58,405
5010,11,4,,3 5 7,3
5010,55,12,11,1 2 4 19,61
5011,1,1,,,0
5011,5,2,1,1,0
5013,9,4,,3,4
5013,21,5,9,2 16,8
5014,7,3,,3 5,1
5015,1,1,,,0
5015,34,9,1,1 2 20,29
5015,465,31,1 34,1 2 3 12 15 38 46 166 233 281 331,1056
5016,5,2,,3,0
5016,123,16,5,2 16 89 115,180
5018,3,1,,,0
5018,6,2,3,,2
5018,16,3,3 6,2,3
5018,123,16,3 6 16,1 2 3 10 63,181
5019,3,1,,,0
5021,346,26,,1 2 8 20 63 78,733
5022,1,1,,,0
5022,69,12,1,1 3 19 22 26,75
5022,858,41,1 69,4 16 26 42 148 162 274 828,2081
5023,30,11,,4 5 17 26,32
5023,188,21,30,3 9 16 127,350
5023,293,25,30 188,1 2 3 4 5 45 54 62 89 121 153 239,582
5024,115,15,,2 16 89,173
5024,282,24,115,1 2 6 16 25 32 38 183 240,533
5025,93,14,,2 28 52 82,133
5025,327,24,93,2 6 11 12 19 211,670
5027,21,8,,1 2,20
5027,24,9,21,1 2 9 13,26
5027,26,10,21 24,4 5 17,30
5027,338,24,21 24 26,2 5 6 31 39 151 182,706
5028,14,6,,1 3 7 9,6
5028,47,9,14,3 5 18 28,56
5029,20,8,,1 2,21
5029,870,41,20,7 12,2145
5030,3,1,,,0
5030,17,7,3,2 7 9,14
5030,588,36,3 17,1 2 4 87 432,1381
5032,2,1,,,0
5032,158,17,2,1 2 3 7 60,285
5032,979,46,2 158,212 279,2507
5033,9,5,,1 3 7,4
5033,10,6,9,4 6,7
5035,1,1,,,0
5035,7,4,1,1 3,3
5035,145,16,1 7,1 3 16 17 27 121,244
5036,1,1,,,0
5036,17,8,1,4 5,20
5036,82,13,1 17,2 28 52,118
5036,930,45,1 17 82,2 4 10 36 38 45 101 265 753,2360
5037,6,5,,4,4
5037,696,38,6,3 10 14 18 202 276 282 294 319 541,1671
5038,9,6,,2 7,7
5038,13,7,9,1 2 9,14
5038,155,17,9 13,1 6 9 15 25 41,279
5039,2,2,,1,0
5039,3,3,2,1,1
5039,4,4,2 3,,2
5039,5,5,2 3 4,,2
5039,30,7,2 3 4 5,1 2 17,32
5039,381,27,2 3 4 5 30,9 16 131 286,849
5040,1,1,,,0
5040,7,3,1,2,2
5041,1,1,,,0
5041,17,6,1,4 15,14
5041,71,12,1 17,1 2 3 10,94
5041,468,34,1 17 71,2 5 7 32 456 465,1112
5042,9,3,,1 2,7
5042,13,5,9,2,11
5042,60,8,9 13,1 7 27 41,57
5043,15,5,,4,12
5043,140,16,15,2 4 13 20 64,232
5044,65,10,,1 3 16 30,73
5044,129,15,65,3,207
5044,465,33,65 129,2 5 7 32 456,1105
5045,1,1,,,0
5045,2,2,1,,0
5045,45,7,1 2,1 4 15 29,37
5046,2,2,,1,0
5046,19,5,2,1 2 4,16
5046,142,16,2 19,1 2 3 7 11 29 34 42 49 63 83,234
5046,867,42,2 19 142,2 4 17 385,2142
5046,935,45,2 19 142 867,4 7 38 89,2382
5047,1,1,,,0
5047,2,2,1,1,0
5047,28,6,1 2,3 5 18,25
5047,609,36,1 2 28,2 4 12 17 132 169,1461
5048,1,1,,,0
5048,5,4,1,4,3
5048,89,12,1 5,3 31 44,124
5048,561,35,1 5 89,7 8 40 42,1324
5049,1,1,,,0
5049,2,2,1,1,0
5049,4,3,1 2,,1
5049,22,5,1 2 4,2 3,17
5049,155,20,1 2 4 22,2 5 7 16 22 26 64,273
5049,229,23,1 2 4 22 155,55 57 65 92 215,424
5049,963,45,1 2 4 22 155 229,1 14 59 66 138 275 613,2453
5050,1,1,,,0
5050,12,4,1,2 4 9,3
5050,89,12,1 12,2 16,121
5052,17,4,,1 2,12
5052,298,23,17,1 2 3 5 8 22 23 30 122 133,592
5052,414,30,17 298,2 4 14 153 244 271,935
5052,828,40,17 298 414,4 16 26 42 148 162 274,2003
5053,2,1,,,0
5053,9,3,2,2 4,2
5053,456,32,2 9,2 5 7 32,1079
5054,4,1,,,0
5057,18,4,,3 5,13
5057,98,13,18,1 2 5 6 14 18 22 81,151
5058,1,1,,,0
5058,4,2,1,2,0
5059,121,15,,1 3 16 17 27,196
5059,214,22,121,2 6 55 112,396
5060,2,1,,,0
5060,50,11,2,1 4 19 30 42,53
5060,210,21,2 50,2 3 7 8 12 26 119,385
5061,4,3,,1 2,1
5061,29,4,4,1 4 15,15
5061,41,7,4 29,1 7 27,30
5061,50,11,4 29 41,1 5 8 13 21,55
5063,1,1,,,0
5063,2,2,1,1,0
5063,215,21,1 2,55 57 65 92,402
5064,1,1,,,0
5064,49,11,1,2 3 12 14,61
5064,134,19,1 49,1 4 5 80 86 126 129,235
5064,602,36,1 49 134,1 2 3 11 23 55 582,1438
5065,1,1,,,0
5065,26,6,1,1 3 19 22,14
5066,1,1,,,0
5066,52,11,1,2 28,64
5066,240,21,1 52,1 2 6 16 25 32 38 183,445
5067,2,2,,1,0
5068,1,1,,,0
5068,3,2,1,2,0
5068,42,10,1 3,1 4 19 30,41
5068,391,29,1 3 42,3 110,893
5069,2,1,,,0
5069,22,5,2,1 3 19,9
5069,129,18,2 22,1 4 5 80 86 126,225
5069,145,19,2 22 129,2 3 4 7 108,263
5069,584,35,2 22 129 145,1 2 4 8 11 58,1401
5070,5,2,,3,0
5070,33,5,5,1 2,21
5071,36,9,,2 12 24 28,28
5071,94,13,36,1 2 11 17 48 49 86,144
5071,101,14,36 94,1 2 3 4 78,151
5072,3,1,,,0
5072,19,4,3,1 3,7
5072,126,17,3 19,1 4 5 80 86,218
5072,712,39,3 19 126,1 2 3 4 9 19 176,1702
5074,46,10,,1 2 4 19 25,56
5074,81,12,46,1 2 5 6 14 18 22,123
5074,441,32,46 81,1 2 3 9 24 51 62 126,1040
5075,1,1,,,0
5075,15,3,1,1 4,3
5075,27,4,1 15,1 7,14
5075,30,7,1 15 27,6 9 14 16,18
5075,304,25,1 15 27 30,2 3 5 15 25 62 118 208,650
5077,239,21,,1 2 3 4 5 45 54 62 89 121 153,469
5078,63,11,,1 2 3 10,86
5079,28,8,,2 12 24,22
5079,30,9,28,1 3 16,25
5079,86,12,28 30,1 2 11 17 48 49,133
5079,862,44,28 30 86,18 29 44 70 168 498,2157
5080,30,8,,1 4 19,28
5081,164,20,,1 5 9 12 29 90 154,304
5083,24,7,,2 12,22
5084,58,11,,1 2 3 10 18,86
5084,127,18,58,3 9 16,237
5084,582,35,58 127,1 2 3 11 23 55,1397
5086,1,1,,,0
5086,4,2,1,1,2
5086,499,34,1 4,1 2 6 7 32 49 274,1172
5087,1,1,,,0
5087,47,10,1,2 4 10 14 16 25,67
5088,1,1,,,0
5088,3,2,1,1,1
5088,11,3,1 3,1,5
5089,1,1,,,0
5089,16,6,1,6 9 14,11
5089,85,13,1 16,4 14 17 25,133
5090,1,1,,,0
5090,21,8,1,1 5 8 13,21
5090,28,9,1 21,2,35
5091,14,5,,6 9,10
5091,19,7,14,1 4,17
5091,154,19,14 19,1 5 9 12 29 90,286
5091,365,28,14 19 154,2 3 4 8 15 118 182,835
5093,16,6,,1 3,14
5093,44,10,16,3 31,62
5093,222,19,16 44,1 2 3 5 163,436
5093,281,24,16 44 222,2 5 7 10 11 17 32,607
5093,412,31,16 44 222 281,1 2 4 5 7 11 13 40 343,977
5093,760,39,16 44 222 281 412,1 173 179 277 376 668,1826
5094,1,1,,,0
5094,6,3,1,2,3
5094,78,12,1 6,1 2 3 4,118
5094,541,34,1 6 78,98 405,1312
5095,1,1,,,0
5095,7,3,1,1,3
5095,12,5,1 7,2,8
5095,25,9,1 7 12,1 2 4 19,29
5095,387,29,1 7 12 25,2 17 75 95,901
5095,472,33,1 7 12 25 387,1 2 3 44 116 122,1101
5096,9,4,,6,6
5097,1,1,,,0
5097,79,12,1,1 4 11,121
5097,648,38,1 79,3 17 39 118 488,1559
5098,1,1,,,0
5098,2,2,1,,0
5098,13,6,1 2,1 5 8,9
5098,63,10,1 2 13,2 13 29,94
5099,6,3,,,3
5099,14,8,6,2 3 12,15
5099,27,9,6 14,4 10 18,32
5101,1,1,,,0
5101,2,2,1,1,0
5101,12,7,1 2,2 3,13
5101,19,8,1 2 12,1 2 4,19
5101,925,44,1 2 12 19,1 3 19 28 148 447 450 474 877,2360
5102,1,1,,,0
5102,10,6,1,1 2 3,8
5102,838,43,1 10,2 6 9 59 120 138,2093
5103,8,5,,1 5,5
5103,24,7,8,5 8 21,28
5103,375,28,8 24,1 2 3 206,856
5104,389,29,,2 9 14 27 92 133 342,909
5104,882,43,389,1 2 4 10 11 19 21 28 279 508 566,2257
5105,2,1,,,0
5105,42,9,2,1,53
5105,83,14,2 42,1 2 3 7 11 29 34 42 49 63,128
5106,3,2,,1,0
5106,4,3,3,1,1
5106,5,4,3 4,1,2
5106,21,6,3 4 5,5 8,24
5106,31,8,3 4 5 21,3,35
5106,108,18,3 4 5 21 31,2 3 4 7,191
5106,622,37,3 4 5 21 31 108,2 5 6 7 31 67 318,1476
5108,1,1,,,0
5108,18,5,1,4 10,20
5108,630,37,1 18,11 23 47 243,1507
5109,1,1,,,0
5109,3,3,1,1 2,1
5109,25,7,1 3,2 4 10 14 16,25
5110,1,1,,,0
5110,2,2,1,1,0
5110,3,3,1 2,2,1
5110,7,4,1 2 3,5,2
5110,41,8,1 2 3 7,2 21,49
5111,1,1,,,0
5111,2,2,1,,0
5111,260,23,1 2,1 13 28 75 166 219,553
5112,5,1,,,0
5112,13,4,5,1 2 7,7
5112,86,16,5 13,1 4 5 80,141
5112,254,21,5 13 86,9 10 24 33 55 84,527
5112,606,36,5 13 86 254,2 5 15 44 369 516,1411
5116,2,1,,,0
5116,4,3,2,1 2,1
5116,10,4,2 4,4,8
5116,49,11,2 4 10,1 2 11 17 48,67
5116,87,17,2 4 10 49,1 3 4 22 24 67 86,141
5117,48,10,,1 2 11 17,67
5117,86,16,48,1 3 4 22 24 67,140
5117,292,26,48 86,1 2 3 5 7 27,649
5118,1,1,,,0
5118,2,2,1,1,0
5118,7,3,1 2,1 2,3
5118,16,6,1 2 7,2 4 10 14,11
5118,80,15,1 2 7 16,1 4 5,132
5119,1,1,,,0
5119,8,5,1,5,5
5119,64,10,1 8,2 4 13 20,89
5119,443,32,1 8 64,1 5 6 7 341,1019
5120,14,5,,2 4 10,9
5120,30,7,14,2 3 4 12 20,29
5122,1,1,,,0
5122,4,3,1,,3
5122,5,4,1 4,,3
5122,30,7,1 4 5,1 2 3 8 9,33
5122,99,15,1 4 5 30,1 5 11 29 47 64,162
5122,205,19,1 4 5 30 99,1 2 3 8 119,399
5122,785,41,1 4 5 30 99 205,1 34 98 105 354,1927
5122,991,44,1 4 5 30 99 205 785,11 34 35 103 306 548,2526
5123,1,1,,,0
5123,2,2,1,1,0
5123,16,5,1 2,2,8
5123,183,17,1 2 16,1 2 6 16 25 32 38,322
5123,233,20,1 2 16 183,1 5 20 120,464
5124,1,1,,,0
5124,10,4,1,2 4,3
5124,18,5,1 10,1 2 3 10,11
5124,25,6,1 10 18,13,18
5124,173,16,1 10 18 25,1 2 3 12 16 72,300
5124,442,32,1 10 18 25 173,1 11 36 53,1015
5125,63,13,,1 2 3 7 11 29 34 42 49,84
5125,266,25,63,14 52,576
5125,567,35,63 266,1 2 9 21 30 520,1331
5125,903,43,63 266 567,1 8 52 95 100 157 262 498,2301
5126,314,27,,2 14 31 34 35 164,706
5128,1,1,,,0
5128,97,15,1,2 7 9 10 54,163
5128,496,33,1 97,2 4 6 8 16 26 65 123 173 204,1174
5128,791,42,1 97 496,2 3 5 19 53 71 109,1962
5130,1,1,,,0
5130,4,3,1,2,1
5130,20,5,1 4,2 3 4 12,16
5130,21,6,1 4 20,2,20
5130,60,14,1 4 20 21,1 2 3 7,94
5130,889,42,1 4 20 21 60,1 2 86 239 373 463 816,2257
5131,10,4,,1 2 3,4
5131,217,19,10,2 3 9,418
5132,1,1,,,0
5132,2,2,1,,0
5132,10,4,1 2,1 2 3,5
5132,29,9,1 2 10,2 13,31
5132,418,31,1 2 10 29,1 3 7 12 75,955
5133,22,8,,1 2 5 6 14 18,23
5134,3,1,,,0
5134,286,26,3,9 16 131,632
5134,517,34,3 286,1 4 7 10 12 14 35 40 410,1228
5134,938,43,3 286 517,2 4 7 10 16 33,2382
5135,108,15,,3 4 48 51,185
5136,13,4,,,10
5136,67,14,13,1 3 4 22 24,104
5137,2,1,,,0
5137,18,7,2,1 2 5 6 14,20
5137,52,13,2 18,2 3 5 17 46,78
5137,971,43,2 18 52,1 3 4 10 106 120 184 211 421,2463
5138,3,3,,1 2,0
5138,12,4,3,2 3 4,8
5138,251,24,3 12,1 4 50,549
5139,2,2,,1,0
5139,3,3,2,1 2,1
5139,49,12,2 3,1 2 3 7 11 29 34 42,65
5140,1,1,,,0
5140,2,2,1,1,0
5140,64,14,1 2,2 5 7 16 22 26,99
5141,1,1,,,0
5141,14,6,1,1 2 5 6,13
5141,211,19,1 14,2 6 11 12 19,417
5143,9,5,,1 2 3 8,7
5143,46,12,9,2 3 5 17,68
5143,53,13,9 46,4 9,84
5143,356,30,9 46 53,1 3 4 6 13 22 38 58,827
5144,8,4,,1 2 3,7
5144,226,22,8,1 2 5 12 20 24 30 101 223,469
5145,1,1,,,0
5145,166,18,1,4 9 16 26 75 101 106 127,298
5145,210,19,1 166,2 4,417
5145,771,41,1 166 210,9 49 406,1899
5146,1,1,,,0
5146,4,3,1,2 3,1
5146,42,11,1 4,1 2 3 7 11 29 34,56
5146,703,37,1 4 42,6 246,1673
5147,1,1,,,0
5147,3,2,1,2,0
5147,223,21,1 3,1 2 5 12 20 24 30 101,461
5147,485,33,1 3 223,3 9 65 144,1157
5148,2,1,,,0
5148,13,5,2,2,10
5148,17,6,2 13,1 2 11,16
5148,255,25,2 13 17,1 2 29,562
5149,2,1,,,0
5149,3,3,2,1 2,0
5149,6,4,2 3,1 2 5,3
5149,25,7,2 3 6,4 14 17,21
5149,331,28,2 3 6 25,1 2 3 12 15 38 46 166 233 281,747
5149,877,42,2 3 6 25 331,1 3 19 28 148 447 450 474,2216
5150,2,2,,1,0
5150,5,3,2,1 2,2
5150,662,36,2 5,1 3 5 6 12 13 15 134 320 374,1538
5151,1,1,,,0
5151,119,13,1,2 3 7 8 12 26,194
5151,342,28,1 119,2 9 14 27 92 133,785
5152,41,11,,1 6 9 15 25,59
5152,163,18,41,1 2 3 5,302
5152,219,21,41 163,1 13 28 75 166,456
5153,1,1,,,0
5153,2,2,1,1,0
5153,27,8,1 2,1 3 16 17,27
5154,1,1,,,0
5154,11,5,1,1 2,7
5154,34,10,1 11,1 2 3 7 11 29,39
5154,575,33,1 11 34,1 2 3 8 18 84 89 267 534,1349
5155,90,12,,1 5 9 12 29,148
5157,6,4,,1 2 3,2
5157,17,6,6,4 14,13
5157,64,10,6 17,1 5 11 29 47,97
5157,463,32,6 17 64,1 3 4 7 18 21 91 153 269 334,1075
5157,645,35,6 17 64 463,8 9 38 572,1505
5158,1,1,,,0
5159,2,1,,,0
5159,29,9,2,1 2 3 7 11,35
5160,3,3,,1 2,0
5160,14,5,3,4,10
5161,2,2,,1,0
5161,112,13,2,2 6 55,184
5162,1,1,,,0
5162,343,30,1,1 2 4 5 7 11 13 40,802
5163,1,1,,,0
5163,2,2,1,1,0
5163,16,6,1 2,2 4,12
5163,17,7,1 2 16,1 3 16,14
5163,20,8,1 2 16 17,2 4 13,19
5163,146,16,1 2 16 17 20,6 8 14 124,253
5163,153,18,1 2 16 17 20 146,1 2 3 4 5 45 54 62 89 121,282
5164,1,1,,,0
5164,16,6,1,1 3,13
5164,733,40,1 16,2 3 4 7 8 22 284,1778
5165,11,5,,1 4,6
5165,43,9,11,1 2 3 8 20 25,64
5168,4,4,,1 2 3,0
5168,25,7,4,1 6 9 15,35
5169,3,3,,1 2,0
5169,387,31,3,3 4 338,883
5169,716,39,3 387,3 4 6 10 159 218,1731
5170,2,2,,1,0
5170,3,3,2,,1
5170,4,4,2 3,,1
5170,13,5,2 3 4,2 4,11
5170,98,12,2 3 4 13,3 26,156
5170,222,24,2 3 4 13 98,2 29 47 50,480
5170,528,32,2 3 4 13 98 222,3 53 81 236 282,1232
5170,588,33,2 3 4 13 98 222 528,1 2 3 221 249 429,1377
5171,1,1,,,0
5171,15,4,1,1 2 3,12
5171,51,10,1 15,1 11 41,77
5171,54,11,1 15 51,2 7 9 10,80
5171,208,22,1 15 51 54,2 3 5 15 25 62 118,434
5171,215,23,1 15 51 54 208,1 3 5 6 8 11 90 94 140,450
5172,4,2,,1,0
5172,17,6,4,2 3 5,19
5172,520,31,4 17,1 2 9 21 30,1211
5173,5,3,,3,1
5174,47,9,,1 5 11 29,69
5174,58,10,47,1 4 6 9 16,84
5175,1,1,,,0
5175,3,2,1,,0
5175,4,3,1 3,2,0
5177,2,1,,,0
5177,3,2,2,1,0
5177,11,5,2 3,1 2 3 7,8
5177,375,30,2 3 11,1 3 5 40 51 123 184,852
5178,15,6,,1 6 9,19
5178,26,8,15,2 5 7 16 22,34
5178,64,10,15 26,2 3 5 7 10 12,93
5179,1,1,,,0
5179,4,3,1,2,2
5179,15,6,1 4,2,20
5179,24,7,1 4 15,1 3 4 22,26
5179,208,22,1 4 15 24,1 5 102 122,441
5179,795,41,1 4 15 24 208,2 11 42 44 112 190 227 350,2002
5180,1,1,,,0
5180,714,39,1,1 4 61 555,1728
5180,732,40,1 714,1 10 23 78 88 477,1774
5181,1,1,,,0
5181,2,2,1,,0
5181,7,4,1 2,1 2 3,3
5181,22,6,1 2 7,1 3 4,22
5181,41,9,1 2 7 22,1 11,56
5181,183,20,1 2 7 22 41,1 6 12 13 14 54,357
5181,695,38,1 2 7 22 41 183,2,1639
5182,22,7,,2 5 7 16,25
5183,3,3,,1 2,0
5183,7,5,3,1 2 3,8
5183,25,8,3 7,1 2 3 8 20,32
5183,182,20,3 7 25,2 5 6 31 39 151,359
5183,221,22,3 7 25 182,3 14 36,479
5183,315,29,3 7 25 182 221,2 3 19 30 36 174 198 311,714
5184,2,2,,1,0
5184,5,4,2,2 3,4
5184,9,5,2 5,1 6,9
5184,127,17,2 5 9,4 9 16 26 75 101 106,210
5184,969,41,2 5 9 127,1 2 3 9 216 626,2463
5185,1,1,,,0
5185,3,3,1,1 2,0
5185,124,15,1 3,6 8 14,204
5185,668,37,1 3 124,1 173 179 277 376,1561
5186,2,2,,1,0
5186,3,3,2,2,1
5186,20,7,2 3,2 15,20
5186,80,10,2 3 20,4 5 23,112
5186,92,14,2 3 20 80,55 57 65,139
5186,432,29,2 3 20 80 92,1 2 4 87,983
5187,1,1,,,0
5187,2,2,1,,0
5187,3,3,1 2,1 2,0
5187,6,4,1 2 3,1,2
5187,9,5,1 2 3 6,4,4
5187,311,28,1 2 3 6 9,2 3 19 30 36 174 198,697
5188,2,2,,1,0
5188,16,6,2,2 5 7,10
5188,20,7,2 16,1 2 3 8,17
5189,1,1,,,0
5189,146,18,1,1 4 6 10 17 48,261
5191,15,6,,2,12
5191,45,9,15,1 2 3 12 13 14 32,50
5192,1,1,,,0
5192,2,2,1,,0
5192,4,3,1 2,,0
5192,29,8,1 2 4,1 5 11,27
5192,51,9,1 2 4 29,3 4 48,62
5192,121,17,1 2 4 29 51,1 2 4,202
5192,168,19,1 2 4 29 51 121,2 4 7 16 17 77 93,315
5192,541,30,1 2 4 29 51 121 168,3 10 14 18 202 276 282 294 319,1248
5193,5,3,,1 4,0
5194,4,2,,1,0
5195,12,6,,5,8
5195,16,7,12,3 9,13
5195,48,8,12 16,3 4,58
5195,121,17,12 16 48,1 2 3 4 5 45 54 62 89,204
5195,228,22,12 16 48 121,2 4 7 9 12 13 21 48 103,484
5195,271,26,12 16 48 121 228,2 4 14 153 244,588
5195,534,29,12 16 48 121 228 271,1 2 3 8 18 84 89 267,1231
5197,1,1,,,0
5197,7,5,1,2 5,3
5197,78,11,1 7,3 4 19 38 42,105
5197,178,21,1 7 78,25 52 155,358
5197,612,35,1 7 78 178,4 28 53 65,1392
5199,4,3,,1 3,0
5199,5,4,4,2,2
5199,58,9,4 5,3 4 12 23,69
5199,281,27,4 5 58,1 2 3 12 15 38 46 166 233,618
5200,3,2,,1,0
5200,8,4,3,1 2 3,4
5200,631,36,3 8,1 3 4 12 100 206 238,1452
5202,1,1,,,0
5202,2,2,1,,0
5202,5,3,1 2,,1
5202,9,4,1 2 5,3,4
5202,516,28,1 2 5 9,2 5 15 44 369,1163
5203,816,38,,1 2 86 239 373 463,2039
5204,2,1,,,0
5204,32,7,2,1 2 3 12 13 14,31
5205,3,3,,1 2,0
5205,106,16,3,4 9 16 26 75 101,166
5205,166,20,3 106,1 13 28 75,332
5206,2,2,,1,0
5207,1,1,,,0
5207,7,5,1,2 3 4,2
5207,667,37,1 7,1 2 3 11 19 614,1556
5208,3,1,,,0
5208,119,17,3,1 2 3 8,211
5208,180,20,3 119,2 6 9 126,373
5210,4,4,,2 3,1
5210,11,5,4,1 5,6
5210,48,9,4 11,2 3 5 31,58
5210,101,15,4 11 48,4 9 16 26 75,159
5211,3,3,,2,1
5211,11,4,3,1,7
5212,1,1,,,0
5212,2,2,1,,0
5212,118,17,1 2,1 3 7 14 18,211
5213,65,13,,55 57,92
5213,644,36,65,1 2 3 5,1497
5213,753,37,65 644,2 4 10 36 38 45 101 265,1864
5214,151,19,,2 5 6 31 39,291
5214,382,27,151,5 213,872
5214,541,30,151 382,18,1251
5215,1,1,,,0
5215,10,4,1,2 7 9,5
5215,255,26,1 10,2 15 22,566
5215,419,27,1 10 255,2 13 14 72 219 282 376,982
5216,1,1,,,0
5216,5,2,1,1,1
5216,9,3,1 5,2 7,3
5216,16,5,1 5 9,1 4 6 9,9
5216,29,8,1 5 9 16,1 5 9 12,32
5216,96,15,1 5 9 16 29,1 2 4 5 10 11 31 41,152
5217,60,11,,3 8 21 54,80
5217,133,18,60,1 2 3 5 8 22 23 30 122,232
5218,1,1,,,0
5218,7,2,1,2,2
5218,55,10,1 7,2 6,70
5218,338,26,1 7 55,3 4,747
5220,1,1,,,0
5220,155,18,1,25 52,314
5221,1,1,,,0
5221,5,2,1,2,1
5221,57,12,1 5,55,78
5221,341,26,1 5 57,1 5 6 7,755
5222,14,6,,1 2 3 12 13,9
5222,211,22,14,1 3 5 17,456
5222,244,25,14 211,2 4 14 153,533
5222,346,26,14 211 244,2 4 5 7 11 12 30,775
5223,2,1,,,0
5223,9,4,2,1 4 6,3
5223,13,5,2 9,1 2 3 12,7
5223,54,10,2 9 13,3 8 21,70
5223,55,11,2 9 13 54,,73
5223,358,26,2 9 13 54 55,1 15 25 52 62,782
5224,2,1,,,0
5224,12,4,2,1 2 3,6
5224,218,24,2 12,2 3 9 17 30 60,475
5224,658,36,2 12 218,1 6 8 18 20 26 44 60 101 532 546,1539
5225,35,9,,2 6 7 28,40
5225,72,11,35,1 2 3 12 16,98
5225,116,17,35 72,2,204
5226,1,1,,,0
5226,6,3,1,1 4,1
5226,74,14,1 6,4 22 24 43 48 58,101
5226,598,35,1 6 74,1 2 45 481,1363
5226,952,41,1 6 74 598,2 14 30 283,2407
5227,31,8,,2 3 5,34
5227,89,16,31,1 2 3 4 5 45 54 62,145
5227,722,36,31 89,1 3 10 26 37 51 85 88 115,1759
5228,4,2,,1,1
5228,77,14,4,18 47,106
5228,122,17,4 77,1 2 3 5 8 22 23 30,207
5230,1,1,,,0
5230,12,7,1,2 3 5 7 10,8
5230,405,26,1 12,98,945
5230,572,34,1 12 405,8 9 38,1301
5231,1,1,,,0
5231,77,14,1,2 5 7 9,112
5232,10,6,,2 3 5 7,7
5232,28,7,10,2 6 7,32
5232,549,33,10 28,1 2 3 13 44 103,1248
5233,3,3,,1 2,1
5233,12,6,3,1 5 9,13
5233,42,9,3 12,3 4 19 38,51
5234,1,1,,,0
5234,2,2,1,1,0
5234,23,6,1 2,3 4 12,21
5234,470,27,1 2 23,1 2 3 32,1060
5234,950,42,1 2 23 470,9 147 537 739,2410
5235,1,1,,,0
5235,7,5,1,2 3 5,3
5235,690,35,1 7,1 6 16 347,1657
5236,1,1,,,0
5236,9,5,1,1 5,8
5236,75,14,1 9,4 9 16 26,107
5236,120,17,1 9 75,1 5 20,212
5237,1,1,,,0
5237,5,4,1,2 3,1
5237,38,8,1 5,3 4 19,42
5238,268,25,,1 2 13 57 89 116,613
5239,3,3,,2,1
5239,4,4,3,3,2
5239,807,40,3 4,1 2 3 12 28 90 110,2031
5240,1,1,,,0
5240,2,2,1,,0
5240,3,3,1 2,,0
5240,5,4,1 2 3,1,1
5241,410,26,,1 4 7 10 12 14 35 40,943
5242,26,7,,3,24
5242,58,13,26,4 22 24 43 48,74
5242,98,16,26 58,1 3 16 59,164
5243,1,1,,,0
5243,23,6,1,4 5,20
5244,1,1,,,0
5244,26,7,1,2 3 7 8 12,23
5245,1,1,,,0
5245,12,4,1,3 4,6
5245,45,10,1 12,1 2 3 5,47
5245,520,30,1 12 45,1 2 5 19 85 170,1173
5245,870,40,1 12 45 520,1 2 3 8 150 316 368 370 529,2169
5245,993,43,1 12 45 520 870,8 19 52 245 376,2480
5246,1,1,,,0
5246,140,17,1,1 3 5 6 8 11 90 94,274
5247,190,23,,5 89 188,411
5247,233,24,190,1 2 3 12 15 38 46 166,509
5248,1,1,,,0
5249,47,10,,2 10 11 14,55
5249,188,22,47,5 89,409
5250,1,1,,,0
5250,39,9,1,2 8 12 13,39
5252,1,1,,,0
5252,48,12,1,4 22 24 43,61
5253,1,1,,,0
5253,4,3,1,3,1
5253,5,4,1 4,2 3,2
5253,7,5,1 4 5,2 6,4
5253,513,30,1 4 5 7,2 3 24 101 177 414,1164
5254,1,1,,,0
5254,3,2,1,,0
5254,6,3,1 3,2,2
5254,62,15,1 3 6,1 2 3 4 5 45 54,94
5255,3,2,,2,0
5256,2,1,,,0
5256,19,7,2,3 4,16
5256,21,8,2 19,3 8,18
5257,43,11,,4 22 24,50
5257,488,29,43,3 17 39 118,1127
5258,2,1,,,0
5258,12,6,2,2 3 7 8,7
5258,47,11,2 12,18,52
5258,368,24,2 12 47,1 2 4 15 27 223 236,852
5258,376,25,2 12 47 368,2 13 14 72 219 282,874
5259,139,21,,6 9 20 22 41,295
5260,1,1,,,0
5260,614,34,1,1 2 3 11 19,1415
5261,1,1,,,0
5261,5,3,1,4,1
5261,118,16,1 5,2 3 5 15 25 62,233
5261,132,20,1 5 118,1 3 7 11 18 23 33,273
5262,1,1,,,0
5262,4,2,1,,0
5262,8,5,1 4,2 3 7,2
5262,54,14,1 4 8,1 2 3 4 5 45,80
5262,126,19,1 4 8 54,2 6 9,256
5262,366,24,1 4 8 54 126,1 4 5,848
5263,7,4,,2 3,2
5263,23,5,7,1 3 15,13
5265,3,1,,,0
5265,122,18,3,1 5 102,249
5267,3,3,,2,1
5267,6,4,3,2,3
5267,93,15,3 6,2 4 7 16 17 77,170
5268,1,1,,,0
5268,2,2,1,,0
5268,38,12,1 2,1 2 6 16 25 32,40
5268,57,14,1 2 38,1 2 3 6 10 12 21,83
5268,148,18,1 2 38 57,1 2 4 11 42 65,308
5268,555,33,1 2 38 57 148,1 2 15 22 41 58 361,1251
5268,759,38,1 2 38 57 148 555,1 4 10 15 16 17 72 95,1883
5269,8,3,,3,4
5269,101,14,8,1 2 5 12 20 24 30,194
5269,411,25,8 101,1 3 4,928
5270,1,1,,,0
5271,2,1,,,0
5271,4,2,2,3,0
5271,15,3,2 4,1 3,4
5271,41,12,2 4 15,1 2 4 5 10 11 31,52
5271,45,13,2 4 15 41,1 2 3 4 5,66
5272,3,1,,,0
5272,206,22,3,1 2 3,444
5274,3,1,,,0
5274,17,6,3,1 2 3 4 6,13
5274,32,11,3 17,1 2 6 16 25,32
5274,182,21,3 17 32,2 3 4 8 15 118,394
5274,756,39,3 17 32 182,1 7 23 54 575 744,1884
5276,13,5,,2 8 12,5
5276,24,10,13,4 22,26
5276,164,20,13 24,2 14 31 34 35,356
5276,567,33,13 24 164,1 3 8 15 24 152 291 549,1306
5277,12,4,,2 8,5
5277,444,27,12,2 3 12 30 37 41 441,1001
5278,22,9,,4,25
5280,441,26,,2 3 12 30 37 41,1000
5281,1,1,,,0
5281,8,3,1,2,4
5281,16,8,1 8,1 2 3 12,18
5281,25,9,1 8 16,1 2 6 16,25
5281,31,10,1 8 16 25,1 2 4 5 10 11,40
5281,59,11,1 8 16 25 31,1 3 16,98
5282,14,7,,2 10 11,14
5282,84,12,14,9 10 24 33 55,161
5283,1,1,,,0
5283,3,2,1,1,0
5283,77,11,1 3,2 4 7 16 17,142
5285,1,1,,,0
5285,5,4,1,1 2 3,2
5285,6,5,1 5,1 2 3 4,5
5285,11,6,1 5 6,2 10,9
5285,12,7,1 5 6 11,1 2 3,11
5285,26,8,1 5 6 11 12,4 9 16,28
5285,102,17,1 5 6 11 12 26,1 5,209
5286,1,1,,,0
5286,10,5,1,2,8
5286,334,23,1 10,1 3 4 7 18 21 91 153 269,755
5286,744,38,1 10 334,1 7 23 54 575,1855
5287,2,1,,,0
5287,3,3,2,1 2,0
5287,4,4,2 3,1 2 3,2
5287,18,5,2 3 4,,11
5287,48,10,2 3 4 18,1 4 6 10 17,74
5288,2,2,,1,0
5288,3,3,2,1 2,1
5289,1,1,,,0
5289,2,2,1,1,0
5289,78,13,1 2,1 2 8 20 63,146
5289,131,18,1 2 78,9 16,270
5289,483,32,1 2 78 131,1 2 4 51 63 122,1089
5289,595,34,1 2 78 131 483,4 7 10 49 63 101 357,1381
5290,1,1,,,0
5290,16,4,1,1 2 6,6
5292,94,16,,1 3 5 6 8 11 90,187
5294,2,1,,,0
5294,3,3,2,1 2,0
5294,549,32,2 3,1 3 8 15 24 152 291,1264
5295,2,2,,1,0
5295,14,6,2,6 8,10
5295,16,7,2 14,4 9,12
5295,29,8,2 14 16,4 11 13,33
5295,152,20,2 14 16 29,1 3 4 6 8 14 83 90 107,330
5296,1,1,,,0
5296,4,2,1,,0
5296,75,13,1 4,1 13 28,148
5296,90,15,1 4 75,1 3 5 6 8 11,178
5296,979,45,1 4 75 90,1 2 6 32 34 38 132 161 327,2457
5299,9,5,,2 5 7,4
5300,6,3,,1 2,1
5300,198,21,6,2 3 19 30 36 174,445
5301,7,4,,2 5,3
5301,8,5,7,6,5
5301,11,7,7 8,1 2 4 5 10,8
5301,58,10,7 8 11,1 2 3 5 7 12,103
5301,558,32,7 8 11 58,3 4 5 10 30 122 199 430 492,1274
5302,1,1,,,0
5302,9,5,1,4,5
5302,10,6,1 9,1 2 4 5,6
5302,712,37,1 9 10,3 4 19 59 87 270,1770
5303,5,3,,2,2
5303,6,4,5,,3
5304,2,2,,1,0
5304,21,7,2,1 2 3 6 10 12,23
5304,22,9,2 21,2 7 19 21,29
5304,63,12,2 21 22,1 2 8 20,122
5305,1,1,,,0
5305,21,8,1,2 7 19,28
5306,2,1,,,0
5306,276,22,2,1 2 6 20 24 27 39 52 212,602
5307,4,1,,,0
5307,5,4,4,1 2 4,0
5307,19,7,4 5,2 7,25
5308,4,3,,1 2,0
5309,4,3,,1 2,2
5309,248,21,4,1 4 7 16 70,546
5309,280,22,4 248,1 5 8 61 108,624
5309,340,24,4 248 280,2 3 4 5 6 11 13 16 246,778
5310,2,2,,1,0
5310,5,4,2,1 2 3,3
5310,54,10,2 5,1 6 12 13 14,96
5311,1,1,,,0
5311,2,2,1,1,0
5311,5,5,1 2,1 2 3 4,4
5311,13,6,1 2 5,4 11,9
5311,55,11,1 2 5 13,9 10 24 33,102
5311,274,21,1 2 5 13 55,1 2 6 7 32 49,604
5312,1,1,,,0
5312,3,3,1,1 2,0
5312,4,4,1 3,1 2 3,2
5312,18,8,1 3 4,1 3 7 14,24
5313,2,2,,1,0
5313,3,3,2,1 2,1
5313,11,4,2 3,4,4
5313,12,6,2 3 11,1 2 3 6 10,5
5313,153,20,2 3 11 12,2 4 14,326
5314,1,1,,,0
5314,2,2,1,1,0
5314,15,7,1 2,1 2 4,14
5314,166,20,1 2 15,1 2 3 12 15 38 46,356
5315,1,1,,,0
5315,10,5,1,1 2 3 6,2
5315,106,18,1 10,2 10 16,215
5315,865,41,1 10 106,1 12 28 188 340,2177
5316,14,7,,1 3 7,15
5316,291,22,14,1 2 16 70 212,652
5317,62,14,,2 3 5 15 25,118
5318,17,7,,1 4 6 10,19
5319,6,4,,1 2 3,2
5319,7,5,6,2,5
5319,8,6,6 7,1 2 3,6
5319,107,19,6 7 8,1 3 18 39 59 102,227
5320,1,1,,,0
5320,4,2,1,,0
5320,30,8,1 4,1 2 3 5 8 22 23,34
5320,103,18,1 4 30,2 4 7 9 12 13 21 48,214
5322,3,3,,1 2,0
5322,301,22,3,5 7 31 59 95 215,680
5323,2,2,,1,0
5323,7,4,2,1 3,8
5323,52,13,2 7,25,104
5323,817,40,2 7 52,1 2 5 9 23 28 203 251,2043
5324,1,1,,,0
5324,2,2,1,,0
5324,3,3,1 2,1 2,0
5324,16,5,1 2 3,1 3,15
5324,102,18,1 2 3 16,1 3 18 39 59,215
5324,174,20,1 2 3 16 102,2 3 19 30 36,380
5325,2,2,,1,0
5325,4,3,2,1 2,1
5325,10,4,2 4,1 4 6,6
5325,26,9,2 4 10,1 2 4 7 24,31
5325,394,25,2 4 10 26,1 2 3 6 129 181,859
5326,1,1,,,0
5326,39,10,1,2 5 6 31,64
5327,2,2,,1,0
5327,3,3,2,1,1
5327,23,7,2 3,1 2 3 5 8 22,21
5327,24,8,2 3 23,1 2 4 7,27
5327,67,17,2 3 23 24,2 4 5 8 14 16 45,134
5327,196,20,2 3 23 24 67,4 8 11 35 36 159,438
5328,1,1,,,0
5328,22,6,1,1 2 3 5 8,20
5328,151,19,1 22,2 4 20 38 47,314
5328,278,21,1 22 151,1 3 4 5 7 28 141 156,608
5329,1,1,,,0
5329,6,3,1,1 4,1
5329,429,29,1 6,1 2 3 221 249,950
5331,4,2,,1,1
5333,1,1,,,0
5333,19,8,1,2 6 11 12,25
5333,33,10,1 19,9 10 24,57
5333,125,18,1 19 33,9 32 52 102,266
5334,1,1,,,0
5334,3,3,1,1 2,0
5334,31,9,1 3,2 5 6,51
5334,835,40,1 3 31,1 2 106 124 148 181,2086
5335,2,2,,1,0
5335,760,39,2,1 2 4 6 12 73 130 344 429,1862
5336,1,1,,,0
5336,20,8,1,1 5,28
5336,546,33,1 20,1 6 8 18 20 26 44 60 101 532,1247
5337,3,2,,1,0
5337,432,31,3,1 2 3 7 33 60 168 382 419,955
5338,118,17,,2 3 4 8 15,253
5339,1,1,,,0
5339,2,2,1,,0
5339,9,4,1 2,2 3,4
5339,10,5,1 2 9,6,6
5339,50,15,1 2 9 10,1 4,99
5339,52,16,1 2 9 10 50,14,101
5339,555,34,1 2 9 10 50 52,1 4 61,1288
5340,12,7,,2 6 11,16
5340,30,11,12,1 2 5 12 20 24,52
5340,107,16,12 30,1 3 4 6 8 14 83 90,227
5341,1,1,,,0
5341,11,6,1,2 6,15
5342,8,5,,1 2 3 5,6
5342,24,9,8,9 10,42
5342,32,12,8 24,2 5 7 10 11 17,58
5342,39,13,8 24 32,2 37,72
5342,43,14,8 24 32 39,1 5 7 8 38,74
5342,50,15,8 24 32 39 43,2 29 47,93
5342,702,38,8 24 32 39 43 50,1 2 3 39 67 328,1738
5343,1,1,,,0
5343,6,4,1,,4
5343,17,8,1 6,2 4 7 16,27
5343,28,11,1 6 17,1 13,51
5343,481,31,1 6 17 28,1 2 45,1058
5343,646,36,1 6 17 28 481,1 2 32 33 58 326 571,1586
5344,1,1,,,0
5344,7,5,1,1 2 4,7
5344,16,7,1 7,2 4 7,25
5344,37,11,1 7 16,2,65
5345,3,3,,2,1
5345,5,4,3,1 2 3,2
5345,47,12,3 5,2 29,83
5345,249,20,3 5 47,2 3 4 11,539
5346,1,1,,,0
5346,2,2,1,,0
5346,6,5,1 2,2,6
5346,24,10,1 2 6,1 2 5 12 20,37
5347,3,3,,1 2,0
5347,4,4,3,1 2,2
5347,12,6,3 4,1 2 3 5 7,12
5347,20,9,3 4 12,1 2 8,30
5347,38,11,3 4 12 20,1 5 7 8,56
5347,89,15,3 4 12 20 38,1 3 4 5 12 19 23,171
5347,525,32,3 4 12 20 38 89,1 3 7 16 56 65,1157
5347,654,36,3 4 12 20 38 89 525,1 4 5 6 7 19 26 27 46,1595
5348,2,2,,1,0
5348,89,15,2,5,177
5348,795,39,2 89,2 17 18 25 43 86 163 617,1963
5349,1,1,,,0
5349,2,2,1,1,0
5349,45,11,1 2,2 4 5 8 14 16,80
5349,110,17,1 2 45,3,219
5349,369,24,1 2 45 110,2 5 15 44,782
5349,542,33,1 2 45 110 369,1 29 33 35 492,1239
5349,580,34,1 2 45 110 369 542,2 10 13 14 19 36 60 66 133 560,1346
5349,623,35,1 2 45 110 369 542 580,1 6 24 31 59 178 266,1502
5350,1,1,,,0
5350,2,2,1,,0
5350,14,8,1 2,1 6 12 13,15
5350,20,9,1 2 14,1 2 5 12,27
5350,25,10,1 2 14 20,,40
5350,374,25,1 2 14 20 25,5 6 66 288 329,807
5350,419,30,1 2 14 20 25 374,1 2 3 7 33 60 168 382,902
5350,532,32,1 2 14 20 25 374 419,1 6 8 18 20 26 44 60 101,1189
5351,4,2,,2,1
5351,5,3,4,1,2
5351,13,7,4 5,1 6 12,13
5351,65,13,4 5 13,1 2 4 11 42,114
5351,212,19,4 5 13 65,1 2 111 132,432
5351,269,20,4 5 13 65 212,1 3 4 7 18 21 91 153,570
5351,825,40,4 5 13 65 212 269,1 5 15 20 38 62 152 188 287 543,2024
5352,1,1,,,0
5352,7,5,1,1 2 3 5,4
5352,12,6,1 7,1 6,11
5352,76,14,1 7 12,1 2 6 7 9 13 18,142
5352,282,23,1 7 12 76,2 13 14 72 219,619
5352,414,29,1 7 12 76 282,2 3 24 101 177,885
5353,2,1,,,0
5353,7,5,2,2 4,7
5353,963,46,2 7,28 45 53 232,2400
5354,5,4,,1 2 3,3
5354,25,9,5,2 3 5 15,33
5354,238,19,5 25,4 22 41 63 116 135,492
5355,1,1,,,0
5356,1,1,,,0
5356,3,3,1,1 2,1
5356,4,4,1 3,2,3
5356,10,6,1 3 4,9,9
5356,102,16,1 3 4 10,9 32 52,193
5356,482,31,1 3 4 10 102,1 2 5 9 15 50 155,1048
5357,1,1,,,0
5357,2,2,1,1,0
5357,9,5,1 2,,7
5357,17,8,1 2 9,2 5 7 10 11,17
5357,41,10,1 2 9 17,6 9 20 22,64
5357,90,15,1 2 9 17 41,1 3 4 6 8 14 83,166
5358,1,1,,,0
5358,2,2,1,,0
5358,6,3,1 2,1,0
5358,12,6,1 2 6,1 2 5,7
5358,13,7,1 2 6 12,1,10
5359,6,4,,2 5,1
5359,8,5,6,1 2,3
5360,5,3,,2,1
5360,33,9,5,1 3 7 11 18 23,41
5360,133,17,5 33,2 9 14 27 92,261
5360,148,18,5 33 133,1 2 13 16,308
5361,798,39,,2 4 43 287 542,1954
5363,1,1,,,0
5363,2,2,1,,0
5363,11,6,1 2,2 5 7 10,7
5363,29,7,1 2 11,2,36
5364,10,5,,2 5 7,7
5364,15,6,10,2 3 5,12
5364,83,14,10 15,1 3 4 6 8 14,151
5364,119,16,10 15 83,1 2 3 7 58 77 106,231
5364,159,18,10 15 83 119,4 8 11 35 36,328
5365,2,2,,1,0
5365,5,3,2,1 2,1
5366,1,1,,,0
5367,7,4,,2 5,4
5367,59,13,7,1 3 18 39,104
5367,135,17,7 59,2 4 7 10 33 37 113 117,272
5367,492,31,7 59 135,3 4 5 10 30 122 199 430,1061
5368,2,2,,1,0
5368,36,11,2,3 14,56
5368,184,17,2 36,1 3 5 40 51 123,361
5369,1,1,,,0
5369,5,3,1,2,2
5369,42,12,1 5,2 3 4 6 8 9 35 36,63
5369,560,31,1 5 42,2 10 13 14 19 36 60 66 133,1275
5370,1,1,,,0
5370,23,8,1,1 3 7 11 18,27
5370,212,18,1 23,1 2 6 20 24 27 39 52,413
5372,1,1,,,0
5372,2,2,1,,0
5372,817,41,1 2,1 4 6 9 10 40 187 216,2008
5373,347,24,,2 3 4 35 39 43 117,722
5374,5,3,,2 3,2
5374,29,10,5,1 2,46
5374,42,12,5 29,1 2 4 11,67
5375,1,1,,,0
5375,11,6,1,1 3 5 6 8,8
5375,18,7,1 11,1 3 7 11,22
5375,36,11,1 11 18,2 3 4 6 8 9 35,54
5375,48,12,1 11 18 36,2 4 7 9 12 13 21,79
5376,1,1,,,0
5376,3,2,1,2,0
5376,22,9,1 3,6 9 20,32
5376,35,10,1 3 22,2 3 4 6 8 9,51
5377,2,1,,,0
5377,8,4,2,1 5 7,1
5377,14,6,2 8,,16
5377,106,15,2 8 14,1 2 3 7 58 77,202
5378,7,3,,1 5,1
5378,8,5,7,1 3 5 6,3
5378,16,7,7 8,2 4 5 8 14,19
5378,20,8,7 8 16,6 9,26
5378,21,9,7 8 16 20,1 5 8 16,28
5379,2,1,,,0
5379,9,5,2,2 6,8
5379,93,14,2 9,2 3 13 32 52 60,164
5380,5,2,,1,0
5380,6,4,5,1 3 5,1
5380,14,6,5 6,2 4 5 8,15
5380,902,45,5 6 14,3 6 117 389,2208
5381,5,3,,1 3,1
5382,5,3,,1,3
5382,6,4,5,2,4
5382,11,5,5 6,1 3 7,8
5382,27,7,5 6 11,1 2 3 5 7,28
5382,60,13,5 6 11 27,2 3 9 17 30,98
5383,3,2,,1,1
5383,16,6,3,1 5 8,18
5383,58,12,3 16,12,94
5383,213,19,3 16 58,5,423
5384,1,1,,,0
5385,1,1,,,0
5385,4,3,1,1,2
5385,117,16,1 4,2 4 7 10 33 37 113,224
5385,673,38,1 4 117,1 2 3 5 15 58,1612
5386,1,1,,,0
5386,2,2,1,,0
5386,7,3,1 2,1 3,2
5386,8,5,1 2 7,2 4 5,4
5386,114,15,1 2 7 8,1 23 32,216
5387,39,9,,1 3 18,56
5387,95,13,39,2 17 75,170
5387,382,29,39 95,1 2 3 7 33 60 168,787
5388,1,1,,,0
5389,5,4,,2 4,3
5389,9,5,5,6,7
5389,113,15,5 9,2 4 7 10 33 37,214
5389,126,16,5 9 113,1 2 3 9 24 51 62,243
5390,2,1,,,0
5390,3,2,2,1,0
5390,4,3,2 3,2,1
5390,14,5,2 3 4,3,10
5390,116,15,2 3 4 14,1 2 13 57 89,224
5390,236,22,2 3 4 14 116,1 2 4 15 27 223,486
5390,443,30,2 3 4 14 116 236,1 5 21 30 208 441,923
5391,8,4,,1 5,5
5392,1,1,,,0
5392,2,2,1,,0
5392,6,3,1 2,,2
5392,441,29,1 2 6,1 5 21 30 208,919
5393,789,40,,1 2 4 31 51 59 198,1918
5394,1,1,,,0
5394,5,2,1,1,1
5394,28,8,1 5,1 2 5 17,30
5395,1,1,,,0
5395,212,19,1,1 2 16 70,422
5395,329,24,1 212,5 6 66 288,673
5395,590,31,1 212 329,3 7 11 40,1391
5398,1,1,,,0
5399,120,15,,1 2 6 11 15 17 42 58 109,236
5399,492,30,120,1 29 33 35,1088
5399,613,33,120 492,1 14 59 66 138 275,1454
5401,2,2,,1,0
5401,3,3,2,,1
5401,92,14,2 3,2 9 14 27,176
5402,1,1,,,0
5402,7,5,1,1 2 3 5,1
5402,9,6,1 7,2 3 4 6 8,5
5402,21,8,1 7 9,2 4 7 9 12 13,27
5403,8,5,,2 3 4 6,5
5403,223,21,8,1 2 4 15 27,467
5403,246,22,8 223,2 3 4 5 6 11 13 16,505
5404,5,4,,1 2 3,1
5404,16,6,5,9,16
5405,1,1,,,0
5405,6,4,1,2 3 4,3
5405,11,5,1 6,1 2 4,8
5405,16,6,1 6 11,2 10,14
5405,17,7,1 6 11 16,1 2 5,16
5405,35,11,1 6 11 16 17,2 14 31 34,51
5406,3,3,,1 2,0
5406,34,10,3,2 14 31,50
5406,52,11,3 34,9 32,82
5406,77,13,3 34 52,1 2 3 7 58,139
5407,2,2,,1,0
5407,4,3,2,2 3,1
5407,75,12,2 4,2 17,134
5407,320,25,2 4 75,4 10 314,652
5408,1,1,,,0
5408,3,2,1,2,0
5408,18,8,1 3,1 3,21
5408,52,10,1 3 18,2 3 9 12 13,80
5408,215,19,1 3 18 52,5 7 31 59 95,430
5408,552,30,1 3 18 52 215,1 2 66 67 180,1271
5409,2,1,,,0
5409,31,9,2,2 14,44
5410,13,7,,2 4 7 9 12,13
5410,18,8,13,1 2 6 7 9 13,21
5410,109,14,13 18,1 2 6 11 15 17 42 58,205
5410,318,25,13 18 109,2 5 6 7 31 67,645
5410,444,29,13 18 109 318,2 35 155,928
5411,1,1,,,0
5411,9,4,1,,6
5411,10,5,1 9,2,6
5411,12,6,1 9 10,2 4 7 9,10
5411,329,28,1 9 10 12,1 7 15 25 38 119,675
5412,4,3,,1 2,1
5412,30,8,4,2 3 9 17,40
5412,60,11,4 30,2 3 13 32 52,94
5413,1,1,,,0
5413,23,7,1,1 3 4 5 12 19,26
5413,314,24,1 23,4 10,633
5414,2,2,,1,0
5414,9,5,2,2 4 7,7
5414,319,27,2 9,3 10 14 18 202 276 282 294,647
5415,1,1,,,0
5415,13,6,1,1 2 6 7 9,12
5415,219,21,1 13,2 13 14 72,448
5415,248,22,1 13 219,2 3 45,496
5416,7,4,,2 4,6
5416,17,6,7,1 3 5,17
5416,282,23,7 17,3 53 81 236,564
5416,494,29,7 17 282,3 8 22 281,1074
5417,1,1,,,0
5417,5,3,1,1 2,2
5417,19,6,1 5,1 3 4 5 12,18
5417,89,13,1 5 19,1 2 13 57,166
5417,125,16,1 5 19 89,1 3 4 6 11 45 59,221
5418,1,1,,,0
5418,571,32,1,1 2 32 33 58 326,1336
5419,2,1,,,0
5419,4,3,2,2,2
5419,9,5,2 4,1 2 6 7,6
5420,2,2,,1,0
5420,52,10,2,2 3 13 32,78
5420,204,20,2 52,2 4 6 8 16 26 65 123 173,404
5420,409,28,2 52 204,2 35 49 60 144 215,827
5420,566,31,2 52 204 409,1 2 4 10 11 19 21 28 279 508,1318
5420,781,41,2 52 204 409 566,1 40 144 485 561 613,1874
5421,1,1,,,0
5421,2,2,1,,0
5421,7,4,1 2,1 2 6,3
5421,67,12,1 2 7,1 3 10 14 44 48,113
5422,6,3,,1 2,3
5423,3,2,,1,1
5424,1,1,,,0
5424,12,5,1,1 3 4 5,7
5425,1,1,,,0
5425,17,6,1,2 3 9,16
5425,58,11,1 17,1 2 3 7,95
5426,2,2,,1,0
5426,14,5,2,2,12
5426,32,7,2 14,9,40
5427,1,1,,,0
5427,606,37,1,2 365,1426
5427,950,47,1 606,1 5 26 59 120,2370
5428,5,3,,1 3,1
5428,56,11,5,2 7 13,94
5429,1,1,,,0
5429,12,5,1,,10
5429,123,16,1 12,1 3 5 40 51,210
5429,430,28,1 12 123,3 4 5 10 30 122 199,883
5430,3,2,,1,0
5431,5,4,,1 3 4,1
5431,132,16,5,1 2 111,229
5432,1,1,,,0
5432,4,3,1,1 3,0
5432,5,4,1 4,,2
5432,47,10,1 4 5,2 4 20 38,64
5433,3,2,,1,0
5433,9,3,3,2 3,4
5433,14,6,3 9,1 3 4 6 8,9
5434,46,10,,1 2 3 12 15 38,65
5435,1,1,,,0
5435,91,15,1,2 74,171
5435,477,28,1 91,1 10 23 78 88,1031
5435,863,45,1 91 477,1 2 8 39 495,2084
5436,288,23,,5 6 66,573
5437,1,1,,,0
5437,128,16,1,2 9 21,221
5437,156,18,1 128,1 2 7 21 23,289
5438,1,1,,,0
5438,2,2,1,,0
5438,374,27,1 2,1 3 5 6 12 13 15 134 320,738
5438,640,37,1 2 374,25 41 514,1493
5439,3,2,,2,0
5439,8,5,3,1 3 4 6,4
5439,15,6,3 8,1 2 5,13
5439,294,26,3 8 15,3 10 14 18 202 276 282,586
5440,2,1,,,0
5440,32,9,2,2 3 13,46
5440,48,10,2 32,1 3 10 14 44,79
5441,6,4,,1 3 4,3
5441,15,6,6,2 3 4 8,14
5441,38,9,6 15,2 4 20,50
5441,58,10,6 15 38,1 3 4 6 13 22 38,93
5441,238,21,6 15 38 58,1 24 43 59,456
5442,38,9,,1 2 3 12 15,53
5442,157,18,38,1 9,287
5443,1,1,,,0
5443,4,3,1,1 3,2
5443,81,14,1 4,1 2 8 28 51,148
5443,446,27,1 4 81,1 2 3 20 27 291,950
5443,498,29,1 4 81 446,18 29 44 70 168,1102
5443,876,46,1 4 81 446 498,1 2 3 12 48 116,2125
5444,1,1,,,0
5444,3,2,1,1,1
5444,44,9,1 3,1 3 10 14,71
5445,1,1,,,0
5445,122,17,1,1 2 3 44 116,208
5445,739,40,1 122,9 147 537,1771
5446,1,1,,,0
5446,6,5,1,1 2 4 5,0
5447,5,4,,1 2 4,0
5447,13,6,5,2 3 9 12,12
5448,4,3,,1 2,0
5448,8,4,4,2 3 4,5
5448,12,5,4 8,2 3 9,10
5448,21,7,4 8 12,2 5,25
5448,22,8,4 8 12 21,2 15,27
5448,555,31,4 8 12 21 22,7 9 28 38 42 340,1289
5449,5,3,,1 2,2
5449,9,4,5,,7
5449,57,12,5 9,1 2 13,99
5449,87,15,5 9 57,1 2 4 20,143
5449,376,26,5 9 57 87,1 4 12 19 41 225,745
5450,2,2,,1,0
5450,156,18,2,1 3 4 5 7 28 141,282
5451,1,1,,,0
5451,9,4,1,2 3,6
5451,30,7,1 9,1 2 10 15,39
5451,116,16,1 9 30,1 2 3 44,191
5451,173,19,1 9 30 116,2 4 6 8 16 26 65 123,327
5451,282,25,1 9 30 116 173,3 10 14 18 202 276,548
5452,2,2,,1,0
5452,4,3,2,2 3,1
5452,14,4,2 4,2 4,8
5452,74,14,2 4 14,2,131
5452,111,15,2 4 14 74,1 2,177
5453,1,1,,,0
5453,3,2,1,2,0
5453,15,6,1 3,1 2 4 10 12,9
5453,62,13,1 3 15,1 2 3 9 24 51,101
5454,2,1,,,0
5455,15,6,,2,15
5455,187,20,15,1 3 23,355
5455,575,36,15 187,1 7 23 54,1328
5456,3,1,,,0
5456,12,5,3,1 2 4 10,7
5457,3,2,,2,0
5457,135,17,3,4 22 41 63 116,230
5457,276,24,3 135,3 10 14 18 202,532
5457,670,38,3 135 276,2 8 9 32 47 260 355 627 649,1567
5458,2,1,,,0
5458,10,4,2,1 2 4,5
5459,13,5,,2 3,12
5459,20,6,13,2 4,17
5459,504,30,13 20,2 8 89 155 327 482,1125
5459,913,46,13 20 504,2 6 11 14 30 69 156 212,2240
5460,1,1,,,0
5461,1,1,,,0
5461,38,9,1,1 3 4 6 13 22,54
5461,58,13,1 38,1 2 6 11 15 17 42,95
5462,4,2,,2,0
5462,36,8,4,2 3 19 30,48
5462,236,22,4 36,3 53 81,447
5462,267,23,4 36 236,1 2 3 8 18 84 89,513
5462,361,25,4 36 236 267,1 2 15 22 41 58,698
5462,844,45,4 36 236 267 361,6 13 19 27 182,2026
5464,2,1,,,0
5464,4,3,2,1 2,1
5464,5,4,2 4,2,3
5464,51,12,2 4 5,1 2 3 9 24,84
5465,15,6,,1 2 3 12,13
5465,17,7,15,2,21
5465,37,10,15 17,2 4 7 10 33,56
5465,40,11,15 17 37,1 2 4 5 7 11 13,61
5465,141,17,15 17 37 40,1 3 4 5 7 28,245
5465,154,18,15 17 37 40 141,1 2 3 11,269
5466,1,1,,,0
5466,2,2,1,1,0
5466,15,6,1 2,1 2 10,15
5466,27,7,1 2 15,2 9 14,34
5467,1,1,,,0
5467,2,2,1,,0
5467,153,17,1 2,1 3 4 7 18 21 91,267
5468,2,1,,,0
5468,12,5,2,1 2 3,8
5468,30,7,2 12,2 3 19,35
5468,32,9,2 12 30,1 23,44
5469,3,3,,2,1
5469,33,9,3,2 4 7 10,45
5470,1,1,,,0
5470,2,2,1,,0
5470,409,26,1 2,2 3 5 6 11 17 31 37 99,816
5471,10,5,,1 2,8
5471,13,6,10,2 7,15
5473,51,12,,1 2 8 28,82
5474,14,5,,1 3 10,20
5474,216,21,14,1 3 6 9 11 50 162 193,397
5475,3,3,,1 2,0
5475,4,4,3,2,2
5475,75,13,3 4,1 3 7 12,103
5476,2,2,,1,0
5476,7,4,2,1 2 3,8
5476,116,16,2 7,4 22 41 63,189
5477,1,1,,,0
5477,2,2,1,,0
5477,3,3,1 2,1 2,0
5477,7,4,1 2 3,2,8
5477,22,7,1 2 3 7,1 3 4 6 13,24
5477,23,8,1 2 3 7 22,1,29
5477,32,9,1 2 3 7 22 23,2 5 7,48
5477,42,10,1 2 3 7 22 23 32,1 2 6 11 15 17,57
5477,376,25,1 2 3 7 22 23 32 42,1 173 179 277,731
5478,2,2,,1,0
5478,10,4,2,1 3,11
5478,508,30,2 10,1 2 4 10 11 19 21 28 279,1151
5478,649,37,2 10 508,2 8 9 32 47 260 355 627,1504
5479,1,1,,,0
5479,2,2,1,1,0
5479,14,4,1 2,2 9,12
5479,19,5,1 2 14,2 3,16
5480,1,1,,,0
5480,2,2,1,,0
5480,3,3,1 2,1 2,0
5481,2,2,,1,0
5481,108,15,2,1 5 8 61,165
5481,301,24,2 108,1 3 4 11 209 275,557
5481,482,29,2 108 301,2 8 89 155 327,1058
5482,1,1,,,0
5482,2,2,1,,0
5482,102,14,1 2,8 9 14 28 48 51,145
5482,122,15,1 2 102,5 15 19,195
5483,59,12,,1 3 4 6 11 45,73
5483,902,45,59,1 3 6 9 54 61 65 77 82 106 288 348 866,2224
5484,1,1,,,0
5484,9,3,1,2,5
5484,292,23,1 9,1 2 7 250,538
5485,1,1,,,0
5485,3,2,1,1,1
5486,1,1,,,0
5486,13,6,1,1 3 4 6,7
5487,1,1,,,0
5487,36,11,1,4 8 11 35,45
5487,70,12,1 36,1 4 7 16,84
5487,169,20,1 36 70,2 4 12 17 132,303
5488,1,1,,,0
5488,35,10,1,4 8 11,44
5488,144,19,1 35,3 9 65,257
5488,778,44,1 35 144,1 2 56 75,1811
5491,2,1,,,0
5491,24,9,2,1 2 3 9,31
5491,139,18,2 24,7 9 31 41 71,249
5491,193,19,2 24 139,4 12 18 25 115 147,333
5491,324,24,2 24 139 193,1 2 3 9 13 108,596
5492,10,6,,2 4 7,9
5492,13,7,10,1 2 4 5 7 11,12
5492,16,8,10 13,1 2 13,21
5492,320,23,10 13 16,1 3 5 6 12 13 15 134,584
5493,1,1,,,0
5493,6,5,1,1 3 4,3
5493,13,7,1 6,1 2,16
5494,11,6,,1 2 4 5 7,10
5494,76,11,11,3 5 8 36,106
5495,3,3,,2,1
5495,4,4,3,1 3,2
5495,7,5,3 4,2 4,5
5495,13,6,3 4 7,1 2,14
5495,243,22,3 4 7 13,11 23 47,442
5496,1,1,,,0
5496,2,2,1,,0
5496,3,3,1 2,1,0
5496,28,7,1 2 3,1 2 8,31
5497,45,7,,1 3 4 6 11,46
5497,193,19,45,1 3 6 9 11 50 162,333
5497,436,28,45 193,1 2 7 8 18 102,921
5498,1,1,,,0
5498,4,2,1,2,1
5498,7,5,1 4,1 2 4 5,2
5498,869,44,1 4 7,1 4 5 9 37 118 511 699 740,2105
5499,1,1,,,0
5499,379,25,1,1 2 6 12 29 39 40 92 169,726
5499,935,45,1 379,2 4 5 18 25 39 56 161 566,2298
5500,2,1,,,0
5500,5,4,2,1 2 4,0
5500,627,36,2 5,2 8 9 32 47 260 355,1441
5501,4,3,,1 2,0
5501,51,7,4,1 3 5 40,50
5501,123,17,4 51,2 4 6 8 16 26 65,205
5502,7,4,,2 5,6
5502,17,6,7,1 2 6 11 15,13
5502,908,44,7 17,8 9 11 17 37 134 345 597,2210
5503,2,2,,1,0
5504,1,1,,,0
5504,2,2,1,1,0
5504,5,3,1 2,2,3
5504,15,5,1 2 5,1 2 6 11,9
5505,1,1,,,0
5505,133,18,1,1 2 109,229
5505,230,21,1 133,1 2 7 163 227,412
5505,312,22,1 133 230,2 3 7 9 16 22 35 61 86 99 230,564
5506,2,2,,1,0
5506,9,4,2,1 2 3,3
5507,1,1,,,0
5507,2,2,1,,0
5507,275,21,1 2,1 3 4 11 209,492
5508,11,4,,1 2 6,4
5508,227,20,11,1 2 7 163,407
5508,945,44,11 227,3 5 10 25 262,2365
5509,249,20,,1 2 3 221,446
5510,406,27,,9 49,839
5510,432,28,406,2 3 9 12 70 89 94 304,917
5510,748,43,406 432,1 2 25 31 48 94 143,1719
5512,1,1,,,0
5512,3,3,1,1 2,0
5512,11,4,1 3,4 8,6
5512,40,6,1 3 11,1 3 5,34
5513,2,2,,1,0
5513,6,3,2,1 2,1
5513,47,6,2 6,3 9 13,42
5513,53,8,2 6 47,1 11 36,54
5514,1,1,,,0
5514,815,43,1,2 5 6 11 15,1961
5515,8,3,,4,3
5516,8,3,,1 2,4
5516,20,4,8,1 2 4,11
5517,2,2,,1,0
5518,1,1,,,0
5519,1,1,,,0
5519,4,2,1,,0
5519,62,12,1 4,1 15 25 52,64
5519,866,43,1 4 62,1 3 6 9 54 61 65 77 82 106 288 348,2131
5522,2,2,,1,0
5522,704,42,2,2 11 13 16 675,1638
5523,1,1,,,0
5523,44,8,1,1 2 3,47
5524,1,1,,,0
5524,2,2,1,,0
5524,132,18,1 2,2 4 12 17,235
5525,362,26,,4 7 15 20 32 63 68 140 162 273,727
5526,250,20,,1 2 7,455
5526,617,37,250,2 17 18 25 43 86 163,1436
5527,1,1,,,0
5527,357,25,1,4 7 10 49 63 101,712
5527,626,38,1 357,1 2 3 9 216,1457
5528,1,1,,,0
5528,61,14,1,1 5 8,86
5528,95,16,1 61,5 7 31 59,162
5528,162,18,1 61 95,1 3 6 9 11 50,283
5528,385,26,1 61 95 162,2 4 17,792
5529,52,11,,1 15 25,57
5529,63,14,52,4 22 41,89
5529,91,15,52 63,1 3 4 7 18 21,147
5529,109,17,52 63 91,1 2,195
5530,36,7,,1 11,40
5530,52,12,36,1 2 6 20 24 27 39,59
5530,72,14,36 52,2 7 10 12 17 36 45,105
5530,498,35,36 52 72,1 8 52 95 100 157 262,1126
5531,11,5,,1 3 4 6,7
5531,87,14,11,1 2 4,135
5531,202,19,11 87,3 10 14 18,365
5532,4,3,,1 2,1
5532,647,39,4,3 47 66 71 80,1512
5533,1,1,,,0
5533,51,13,1,8 9 14 28 48,63
5534,2,2,,1,0
5534,36,10,2,3 5 8,48
5535,1,1,,,0
5536,1,1,,,0
5536,6,4,1,1 3 4,2
5536,48,12,1 6,8 9 14 28,58
5536,49,13,1 6 48,1 2 6 7 32,62
5537,1,1,,,0
5537,70,13,1,1 2 16,110
5537,98,16,1 70,,176
5537,147,17,1 70 98,4 12 18 25 115,244
5537,221,19,1 70 98 147,1 2 3,394
5538,1,1,,,0
5538,4,3,1,1 3,0
5538,12,4,1 4,1 3 7,3
5538,30,9,1 4 12,2 4 5 7 11 12,34
5538,181,18,1 4 12 30,1 2 3 6 129,302
5539,3,2,,1,0
5539,782,42,3,2 3 13 20 45 88 310,1866
5540,406,26,,1 3 6 13 17 40 54 145 199,867
5541,1,1,,,0
5541,16,4,1,1 4 7,10
5543,7,3,,1 3,1
5543,39,11,7,1 2 6 20 24 27,42
5544,1,1,,,0
5544,21,6,1,2 9,21
5544,424,26,1 21,1 2 3 5 25 33 57 126 141 144,940
5547,3,2,,1,0
5547,5,3,3,1 3,2
5547,13,4,3 5,3 9,10
5549,1,1,,,0
5549,3,2,1,1,1
5550,1,1,,,0
5550,7,3,1,1 4,3
5550,607,38,1 7,1 18 205 462,1423
5550,786,42,1 7 607,3 4 5 98,1900
5551,1,1,,,0
5551,9,3,1,3,5
5551,41,12,1 9,4 22,55
5551,136,17,1 9 41,2 4 6 16 25,228
5551,675,41,1 9 41 136,2 11 13 16,1569
5552,4,2,,3,0
5552,291,23,4,1 3 8 15 24 152,558
5552,474,34,4 291,1 3 19 28 148 447 450,1065
5553,3,1,,,0
5553,4,2,3,1,0
5553,32,11,3 4,1 2 6 7,38
5553,354,25,3 4 32,1 34 98 105,725
5555,7,5,,1 5 6,3
5555,11,6,7,1,10
5555,27,10,7 11,1 2 6 20 24,26
5555,311,24,7 11 27,3 11 51 77 207,592
5556,1,1,,,0
5556,6,4,1,1 5,2
5556,9,5,1 6,2,6
5556,12,8,1 6 9,2 4 5 7 11,11
5556,25,9,1 6 9 12,1 15,19
5556,28,10,1 6 9 12 25,8 9 14,26
5556,463,32,1 6 9 12 25 28,1 2 86 239 373,1037
5557,1,1,,,0
5557,3,2,1,,0
5557,5,3,1 3,1,0
5557,11,7,1 3 5,2 4 5 7,8
5557,45,10,1 3 5 11,2 7 10 12 17 36,55
5557,89,16,1 3 5 11 45,1 48,143
5558,24,8,,1 2 6 20,17
5558,29,9,24,1 3 21,29
5558,483,34,24 29,1 2 15 17 41 240 278,1087
5558,647,40,24 29 483,2 3 6 19 24 66 93 345,1503
5558,765,41,24 29 483 647,1 2 8 126 218 281 503,1825
5559,65,13,,2 4 6 8 16 26,105
5559,66,14,65,3,111
5559,71,15,65 66,7 9 31 41,121
5561,1,1,,,0
5561,2,2,1,1,0
5561,7,6,1 2,2 4 5,6
5562,1,1,,,0
5562,8,6,1,3 5,8
5562,20,7,1 8,1 2 6,12
5562,72,13,1 8 20,2 13 14,122
5563,2,1,,,0
5563,5,5,2,2 4,4
5563,310,24,2 5,2 4 17 100 104,578
5564,3,3,,1 2,1
5564,4,4,3,2,3
5564,59,12,3 4,5 7 31,91
5564,514,34,3 4 59,25 41,1152
5565,1,1,,,0
5565,2,2,1,1,0
5565,5,3,1 2,3,2
5565,548,35,1 2 5,11 34 35 103 306,1234
5566,1,1,,,0
5566,2,2,1,,0
5566,15,3,1 2,1,1
5566,21,7,1 2 15,1 3,13
5566,36,9,1 2 15 21,2 7 10 12 17,36
5566,525,34,1 2 15 21 36,2 5 52 73 351,1167
5567,3,1,,,0
5567,42,11,3,7 8 40,53
5567,65,12,3 42,3 9,104
5568,946,44,,2 17 247 384 489 713 834,2377
5569,40,10,,7 8,53
5569,115,14,40,4 12 18 25,175
5570,14,6,,8 9,4
5570,22,7,14,4,17
5570,23,8,14 22,1 2 7 21,18
5570,575,37,14 22 23,5 9 26 69 161 418,1323
5572,21,6,,1 2 7,18
5572,49,10,21,1 2 3 10,70
5572,163,16,21 49,1 2 7,278
5572,227,21,21 49 163,2 3 4 5 26 175,390
5573,104,13,,3 5,158
5573,209,20,104,1 3 4 11,356
5573,541,35,104 209,1 2 17 89 454 515,1219
5575,9,5,,8,4
5575,122,15,9,9 34 69 70 114,194
5576,6,3,,1 2,1
5576,8,4,6,,3
5576,277,23,6 8,1 173 179,507
5576,450,33,6 8 277,1 3 19 28 148 447,999
5576,773,40,6 8 277 450,1 5 28 111 112,1866
5578,7,4,,1 2 6,3
5578,28,9,7,1 3 4 5 7,36
5578,347,25,7 28,1 6 16,717
5579,6,3,,1 2,3
5579,208,20,6,6 9 12 17 61 163,368
5579,447,32,6 208,1 3 19 28 148,994
5580,1,1,,,0
5580,2,2,1,1,0
5581,1,1,,,0
5581,8,4,1,1 5,5
5581,488,33,1 8,2 3,1094
5583,2,2,,1,0
5583,11,5,2,2 3 4,11
5583,114,14,2 11,9 34 69 70,183
5584,1,1,,,0
5584,3,2,1,1,1
5584,5,3,1 3,1,2
5584,549,36,1 3 5,2 3 5 10 16 316 390 489 496,1261
5585,1,1,,,0
5585,17,7,1,2 7 10 12,16
5585,19,8,1 17,5 15,21
5586,1,1,,,0
5586,7,3,1,1 2,3
5586,529,35,1 7,1 2 3 8 150 316 368 370,1197
5587,230,20,,2 3 7 9 16 22 35 61 86 99,398
5587,445,32,230,1 2 5 18 37,1003
5588,1,1,,,0
5588,4,2,1,,1
5588,251,22,1 4,3 4 5 6 42 61 65 97,463
5588,613,39,1 4 251,1 40 144 485 561,1419
5589,15,7,,5,17
5589,41,10,15,7 9 31,71
5589,177,19,15 41,2 3 24 101,298
5590,1,1,,,0
5590,4,4,1,2 3,2
5590,9,5,1 4,1,6
5590,12,6,1 4 9,2 7 10,9
5590,129,15,1 4 9 12,1 2 3 6,199
5590,354,25,1 4 9 12 129,2 8 23 255,746
5590,846,43,1 4 9 12 129 354,1 4 5 11 25 41 70 459,2076
5591,2,2,,1,0
5591,3,3,2,2,1
5591,5,4,2 3,,2
5591,16,6,2 3 5,1 2,16
5592,1,1,,,0
5592,2,2,1,,0
5592,10,4,1 2,2 7,4
5592,31,8,1 2 10,5 7,41
5593,238,21,,1 3 4 12 100 206,414
5595,7,3,,2,4
5595,58,12,7,1 2 4 8 11,92
5595,170,18,7 58,1 2 5 19 85,277
5596,1,1,,,0
5596,995,46,1,1 3 4 9 17 20 24 26 76 574,2535
5598,1,1,,,0
5598,26,8,1,2 4 6 8 16,40
5598,48,10,1 26,1,69
5598,291,23,1 26 48,1 2 3 20 27,570
5599,1,1,,,0
5599,5,3,1,,3
5599,7,5,1 5,1 3 4 5,3
5599,21,7,1 5 7,1 3 4 7 18,24
5599,27,8,1 5 7 21,1 2 4 15,42
5599,31,9,1 5 7 21 27,7 9,50
5599,515,34,1 5 7 21 27 31,1 2 17 89 454,1154
5600,1,1,,,0
5600,2,2,1,,0
5600,14,6,1 2,2 3,9
5600,225,20,1 2 14,1 4 12 19 41,386
5601,5,4,,1 3 4,1
5601,8,5,5,7,6
5601,168,18,5 8,1 2 3 7 33 60,271
5602,1,1,,,0
5602,4,3,1,1 3,0
5602,7,4,1 4,,4
5602,18,6,1 4 7,1 3 4 7,16
5603,3,2,,1,0
5603,117,15,3,2 3 4 35 39 43,173
5603,246,21,3 117,6,438
5605,1,1,,,0
5605,2,2,1,1,0
5606,1,1,,,0
5606,274,22,1,4 16 26 42 148 162,507
5606,312,24,1 274,3 6 7 9 33 86 181 209 258,628
5608,11,4,,1 2 3,8
5608,16,7,11,2 4 6 8,22
5608,176,18,11 16,1 2 3 4 9 19,298
5611,3,2,,2,0
5611,10,6,3,1 2 3,14
5611,15,7,3 10,1 2 4,25
5611,40,11,3 10 15,1 4 7 10 12 14 35,55
5611,55,12,3 10 15 40,1 2 3 11 23,81
5612,2,1,,,0
5612,3,3,2,1 2,0
5613,2,2,,1,0
5613,7,5,2,1 3 4,7
5613,284,23,2 7,2 3 4 7 8 22,550
5614,1,1,,,0
5614,4,3,1,1 2,0
5614,215,20,1 4,2 35 49 60 144,365
5614,273,22,1 4 215,4 7 15 20 32 63 68 140 162,520
5616,2,2,,1,0
5616,3,3,2,1 2,1
5616,4,4,2 3,1 3,3
5616,7,5,2 3 4,5,9
5616,8,6,2 3 4 7,2 4 6,10
5616,35,10,2 3 4 7 8,1 4 7 10 12 14,44
5616,931,45,2 3 4 7 8 35,1 2 3 6 11 14 20 463,2366
5617,1,1,,,0
5617,2,2,1,1,0
5617,3,3,1 2,1,1
5617,81,14,1 2 3,3 53,116
5617,125,17,1 2 3 81,1 2 8 10 15 110 115,202
5617,542,36,1 2 3 81 125,2 4 43 287,1238
5618,1,1,,,0
5618,3,3,1,1 2,1
5618,5,4,1 3,,4
5618,6,5,1 3 5,2 4,4
5618,45,10,1 3 5 6,2 3,54
5619,1,1,,,0
5619,2,2,1,1,0
5619,23,9,1 2,1 3,22
5620,1,1,,,0
5620,4,2,1,2,1
5620,14,8,1 4,2 13,14
5620,59,12,1 4 14,1 24 43,67
5620,897,44,1 4 14 59,2 12 76 295,2248
5621,1,1,,,0
5621,9,6,1,7,9
5621,13,7,1 9,2,12
5621,119,15,1 9 13,1 7 15 25 38,181
5622,2,1,,,0
5622,3,2,2,,0
5622,4,3,2 3,1 2,0
5622,680,39,2 3 4,4 44 98 259 313,1576
5623,5,4,,1 4,2
5623,7,5,5,,5
5623,9,6,5 7,3,5
5624,2,2,,1,0
5624,4,3,2,1,1
5624,40,11,2 4,1 2 12 25,39
5624,163,18,2 4 40,6 9 12 17 61,257
5624,175,19,2 4 40 163,2 3 4 5 26,268
5624,350,26,2 4 40 163 175,2 11 42 44 112 190 227,750
5624,696,39,2 4 40 163 175 350,1 4 39 65 217,1622
5625,1,1,,,0
5625,206,18,1,1 3 4 12 100,331
5625,208,19,1 206,1 5 21 30,336
5627,1,1,,,0
5627,70,13,1,9 34 69,86
5627,115,16,1 70,1 2 8 10 15 110,174
5627,118,17,1 70 115,3 17 39,182
5627,740,41,1 70 115 118,1 4 5 9 37 118 511 699,1756
5628,1,1,,,0
5628,69,12,1,9 34,85
5629,3,1,,,0
5629,281,22,3,3 8 22,531
5632,2,1,,,0
5632,110,15,2,1 2 8 10 15,170
5633,16,9,,2 3 4 5 6 11 13,7
5633,543,37,16,1 5 15 20 38 62 152 188 287,1229
5636,1,1,,,0
5636,2,2,1,1,0
5636,13,8,1 2,2 3 4 5 6 11,5
5636,43,11,1 2 13,1 24,46
5636,327,25,1 2 13 43,2 8 89 155,686
5637,1,1,,,0
5637,14,9,1,1 4 7 10 12,10
5637,496,35,1 14,2 3 5 10 16 316 390 489,1121
5638,11,7,,2 3 4 5 6,4
5638,304,23,11,2 3 9 12 70 89 94,620
5638,314,24,11 304,1 2 5 7 22,652
5639,3,2,,1,0
5639,12,8,3,1 4 7 10,8
5639,17,9,3 12,2 4 12,18
5639,25,10,3 12 17,1 2 12,24
5640,50,9,,1 3 6 9 11,59
5640,89,14,50,1 2 3 8 18 84,134
5640,561,38,50 89,1 40 144 485,1278
5641,1,1,,,0
5641,10,7,1,1 4 7,7
5642,11,7,,1 2 4 8,11
5643,6,6,,2 3 4 5,2
5643,23,8,6,1 2 3 11,23
5644,5,5,,2 3 4,2
5644,7,6,5,1 4,5
5644,12,7,5 7,2 4,12
5644,489,34,5 7 12,2 3 5 10 16 316 390,1104
5644,928,44,5 7 12 489,1 2 8 20 21 29 31 88 94 165 302 447,2327
5645,1,1,,,0
5645,4,4,1,2 3,1
5645,8,5,1 4,1 2 4,6
5645,53,8,1 4 8,3,61
5645,84,13,1 4 8 53,1 2 3 8 18,122
5646,3,3,,2,1
5646,373,31,3,1 2 86 239,811
5646,456,33,3 373,1 6 18,999
5647,1,1,,,0
5647,2,2,1,,0
5647,4,3,1 2,1,0
5647,189,16,1 2 4,3 4 5 48 79,308
5647,537,37,1 2 4 189,9 147,1223
5647,790,43,1 2 4 189 537,1 5 26 60 102 387,1926
5648,731,41,,1 2 5 8 15 19 52 149,1754
5649,4,3,,1 2,2
5650,1,1,,,0
5650,122,14,1,1 2 4 51 63,178
5650,992,43,1 122,13 16 559,2542
5651,1,1,,,0
5651,2,2,1,1,0
5652,1,1,,,0
5652,4,2,1,2,0
5652,12,3,1 4,1 2,4
5652,759,41,1 4 12,3 8 9 15 29 39 48 75 409,1820
5654,2,1,,,0
5655,11,4,,1 2 3,5
5655,24,5,11,1,15
5658,66,12,,5 6,95
5658,125,14,66,2 3 8 10 13 17 50,190
5659,1,1,,,0
5659,25,6,1,4 12 18,19
5659,207,21,1 25,3 11 51 77,354
5660,3,2,,2,0
5660,199,19,3,3 4 5 10 30 122,336
5660,258,22,3 199,3 6 7 9 33 86 181 209,510
5660,454,33,3 199 258,1 2 17 89,1010
5661,2,1,,,0
5661,67,12,2,2 5 6 7 31,97
5662,2,2,,1,0
5662,25,6,2,2 4 6 16,19
5662,30,7,2 25,1 2 9 21,33
5662,44,10,2 25 30,1 4 5 9 12 17 21 28,46
5662,291,24,2 25 30 44,1 2 21 138 152 220,608
5663,1,1,,,0
5663,3,3,1,1 2,0
5663,34,7,1 3,9,36
5663,326,29,1 3 34,1 2 32 33 58,716
5663,340,30,1 3 34 326,7 9 28 38 42,751
5664,2,2,,1,0
5664,24,6,2,1 2 8,20
5664,197,20,2 24,1 3 6 7 69 72 118 194,331
5665,1,1,,,0
5665,101,13,1,2 3 24,142
5666,1,1,,,0
5666,18,5,1,4 12,11
5666,429,32,1 18,1 2 4 6 12 73 130 344,933
5666,498,36,1 18 429,1 2 7 33 95 99 120 262 372,1123
5667,1,1,,,0
5667,194,19,1,1 3 6 7 69 72 118,326
5667,218,20,1 194,3 4 6 10 159,396
5667,396,31,1 194 218,1 23 36 45 97,872
5668,365,30,,2,808
5668,699,40,365,1 4 5 9 37 118 511,1662
5671,1,1,,,0
5671,16,5,1,2 4 6,11
5671,21,6,1 16,1 2 9,23
5672,1,1,,,0
5672,5,2,1,3,0
5672,12,4,1 5,4,7
5672,32,6,1 5 12,1 2 3,27
5673,34,10,,1 5 10,38
5673,755,42,34,3 4 7 42 79 110 114 243 245 378,1807
5674,3,1,,,0
5674,44,10,3,2 5 15,43
5674,179,18,3 44,1 173,298
5674,322,29,3 44 179,1 2 4 5 32 82 206,703
5676,4,3,,1 3,2
5676,545,36,4,2 4 78 107,1225
5677,1,1,,,0
5677,3,2,1,1,1
5677,43,11,1 3,2 3 4 35 39,47
5678,1,1,,,0
5678,28,9,1,1 4 5 9 12 17 21,25
5678,103,13,1 28,1 2 3 13 44,145
5678,134,14,1 28 103,1 3 5 6 12 13 15,195
5679,1,1,,,0
5679,11,5,1,1 3 6 9,9
5680,4,2,,,1
5680,8,4,4,1 2,4
5680,41,11,4 8,2 3 12 30 37,46
5680,85,12,4 8 41,1 2 5 19,113
5680,173,17,4 8 41 85,1,284
5680,834,42,4 8 41 85 173,2 17 247 384 489 713,2080
5681,1,1,,,0
5681,6,3,1,2 4,0
5681,9,4,1 6,1 3 6,5
5681,39,10,1 6 9,2 3 4 35,38
5683,4,2,,2,0
5683,9,4,4,1 2,7
5683,155,16,4 9,1 2 5 9 15 50,251
5684,6,3,,1 3,4
5684,37,10,6,2 3 12 30,39
5685,2,1,,,0
5685,21,8,2,1 4 5 9 12 17,14
5685,35,9,2 21,2 3 4,33
5685,144,15,2 21 35,2 35 49 60,219
5686,2,2,,1,0
5686,217,20,2,1 2 7 29 70 129 194,401
5687,1,1,,,0
5687,3,2,1,1,1
5687,421,31,1 3,1 3 4 10 106 120 184 211,918
5688,1,1,,,0
5688,9,3,1,,4
5688,724,41,1 9,4 6 15 18 21 41 51 52 125 175 229,1742
5688,906,42,1 9 724,2 6 65 113 238 350 627,2312
5689,1,1,,,0
5689,17,7,1,1 4 5 9 12,8
5689,255,23,1 17,2 8 23,518
5690,2,2,,1,0
5691,1,1,,,0
5691,30,7,1,2 3 12,27
5691,47,10,1 30,11 23,59
5691,152,16,1 30 47,1 3 8 15 24,251
5694,1,1,,,0
5694,12,6,1,1 4 5 9,5
5695,3,1,,,0
5695,462,35,3,1 18 205,1051
5695,707,40,3 462,2 11 21 34 154 439,1703
5696,139,15,,3 13 15 26 35 92 98,218
5697,9,5,,1 4 5,4
5697,10,6,9,1 5,7
5697,31,7,9 10,2 5 6 7,37
5697,348,30,9 10 31,2 7 10 27 31 34,780
5698,1,1,,,0
5699,155,15,,2 35,252
5701,3,3,,1 2,0
5701,5,4,3,1 4,2
5701,70,12,3 5,6,95
5701,265,25,3 5 70,2 4 10 36 38 45 101,564
5702,2,2,,1,0
5702,4,3,2,1,1
5702,5,4,2 4,1,2
5702,38,11,2 4 5,1 7 15 25,50
5702,639,39,2 4 5 38,2 3 8 16 21 91 131,1512
5703,1,1,,,0
5703,15,3,1,2 5,5
5705,1,1,,,0
5706,1,1,,,0
5706,39,11,1,3 17,57
5706,266,25,1 39,1 6 24 31 59 178,580
5707,108,13,,1 2 3 9 13,155
5707,279,28,108,1 2 4 10 11 19 21 28,620
5709,12,5,,2 3,12
5709,60,11,12,1 2 3 7 33,79
5709,63,12,12 60,1 2 4 51,85
5709,169,16,12 60 63,1 2 6 12 29 39 40 92,280
5709,194,19,12 60 63 169,1 2 7 29 70 129,364
5709,209,21,12 60 63 169 194,3 6 7 9 33 86 181,412
5709,637,39,12 60 63 169 194 209,2 4 10 31 81,1527
5710,1,1,,,0
5710,227,22,1,1 2 3 4 65 101 129,457
5711,12,6,,2 4 6 8,14
5711,18,7,12,1 2 3 8,28
5711,623,38,12 18,34 65 105,1478
5713,1,1,,,0
5713,5,2,1,2,1
5713,6,4,1 5,1 2 3,2
5715,1,1,,,0
5715,8,5,1,2 4 6,10
5715,18,8,1 8,3 10 14,27
5715,23,9,1 8 18,11,33
5715,25,10,1 8 18 23,1 7 15,35
5715,922,42,1 8 18 23 25,3 4 18 62 553,2366
5716,2,1,,,0
5716,3,3,2,1 2,0
5716,4,4,2 3,2 3,2
5716,328,29,2 3 4,1 2 3 39 67,735
5716,485,35,2 3 4 328,1 40 144,1106
5716,595,37,2 3 4 328 485,1 2 4 8 49 70 105 113 123 542,1384
5716,760,38,2 3 4 328 485 595,2 4 6 7 15 481 587,1897
5717,2,2,,1,0
5717,3,3,2,2,1
5717,6,4,2 3,2 4,5
5717,10,6,2 3 6,4,11
5718,1,1,,,0
5718,2,2,1,,0
5718,3,3,1 2,2,0
5718,6,5,1 2 3,5,4
5718,99,14,1 2 3 6,2 3 7 9 16 22 35 61 86,136
5718,162,17,1 2 3 6 99,4 16 26 42 148,274
5718,663,37,1 2 3 6 99 162,1 2 3 5 18 22 26 176,1596
5719,2,1,,,0
5719,4,3,2,2,1
5719,5,4,2 4,,2
5719,14,7,2 4 5,3 10,13
5721,1,1,,,0
5721,2,2,1,,0
5721,7,5,1 2,2 5 6,3
5721,8,6,1 2 7,1 2 3,6
5721,51,7,1 2 7 8,1 2 4,55
5721,711,37,1 2 7 8 51,1 6 7 9 18 22 32 61 99 113,1698
5721,868,39,1 2 7 8 51 711,2 5 8 13 16 74 98 780,2191
5722,6,4,,2 5,3
5722,276,28,6,4 5 8 34,602
5723,4,2,,,2
5723,5,3,4,2,2
5723,10,4,4 5,3,6
5723,403,33,4 5 10,3 58 64 293,896
5724,1,1,,,0
5725,1,1,,,0
5725,15,5,1,1 7,10
5725,21,6,1 15,2,21
5725,162,18,1 15 21,4 7 15 20 32 63 68 140,283
5725,232,24,1 15 21 162,1 2 16 25 27 30 136 187,479
5726,2,1,,,0
5726,3,3,2,1 2,0
5726,61,10,2 3,6 9 12 17,76
5726,159,17,2 3 61,3 4 6 10,275
5726,241,24,2 3 61 159,2 4 14 55 88 92 133,507
5727,2,2,,1,0
5727,11,4,2,,5
5727,15,5,2 11,1 2 8 10,8
5727,418,34,2 11 15,5 9 26 69 161,934
5728,1,1,,,0
5728,7,3,1,1 2,1
5728,17,5,1 7,3,12
5730,3,1,,,0
5730,458,34,3,3 99 324,1036
5731,86,13,,2 3 7 9 16 22 35 61,109
5731,100,14,86,1 3 4 12,138
5732,10,4,,1 2 8,5
5732,148,16,10,4 16 26 42,244
5732,279,28,10 148,212,605
5732,491,35,10 148 279,1 12 15 102 250 292 356,1088
5733,2,2,,1,0
5733,7,3,2,1,2
5733,50,9,2 7,2 3 8 10 13 17,53
5733,220,23,2 7 50,1 2 21 138 152,453
5733,250,27,2 7 50 220,1 3 5 7 20 23 86 109 117 187,535
5734,1,1,,,0
5734,8,3,1,1 2,2
5734,18,5,1 8,1 6 10 11,9
5734,965,43,1 8 18,2 4 37 61 317 341,2530
5736,33,6,,1 2 3 7,26
5736,979,43,33,1 2 4 5 8 17 18 583,2578
5737,18,5,,,13
5737,44,6,18,1 2 3 13,39
5737,98,14,18 44,3 13 15 26 35 92,136
5737,122,15,18 44 98,3 4 5 10 30,181
5737,181,20,18 44 98 122,3 6 7 9 33 86,344
5737,195,21,18 44 98 122 181,3 6 17 21 32 65 167,375
5737,275,27,18 44 98 122 181 195,1 14 59 66 138,591
5738,1,1,,,0
5739,1,1,,,0
5740,2,2,,1,0
5740,351,30,2,2 5 52 73,753
5741,1,1,,,0
5741,11,4,1,1 6 10,5
5741,470,34,1 11,2 5 7 63 72,1046
5741,498,35,1 11 470,2 39 53 120 144 218 298,1094
5741,521,36,1 11 470 498,1 2 7 50 130 235 398,1146
5742,1,1,,,0
5742,3,2,1,,1
5742,10,3,1 3,1 6,3
5742,24,5,1 3 10,2 3,14
5742,97,14,1 3 10 24,3 4 5 6 42 61 65,144
5743,1,1,,,0
5743,92,13,1,3 13 15 26 35,126
5743,118,14,1 92,1 3 6 7 69 72,174
5743,390,33,1 92 118,2 3 5 10 16 316,866
5744,2,1,,,0
5744,65,12,2,4 28 53,69
5744,270,27,2 65,3 4 19 59 87,581
5745,370,32,,1 2 3 8 150 316 368,806
5746,6,2,,1,1
5746,19,4,6,1 2 5,7
5746,231,26,6 19,2 8 21 24,497
5747,140,16,,4 7 15 20 32 63 68,240
5747,199,22,140,1 3 6 13 17 40 54 145,399
5747,227,25,140 199,2 11 42 44 112 190,487
5747,368,31,140 199 227,1 2 3 8 150 316,800
5749,1,1,,,0
5751,1,1,,,0
5751,344,30,1,1 2 4 6 12 73 130,738
5754,333,29,,1 3 7 8 13 22 54 82 128,719
5755,1,1,,,0
5755,3,3,1,1 2,1
5756,1,1,,,0
5756,2,2,1,1,0
5756,53,11,1 2,4 28,61
5756,61,12,1 2 53,2 3 7 9 16 22 35,78
5756,195,22,1 2 53 61,90,409
5757,1,1,,,0
5757,79,13,1,3 4 5 48,118
5757,820,38,1 79,2 7 13 86,2067
5757,901,42,1 79 820,2 3 4 12 29 41 483 702,2314
5759,147,18,,1 5 10 17 21 89,274
5759,283,28,147,1 2 3 4 10 11 50,629
5760,5,3,,1 2,0
5762,7,4,,1 2 3,4
5763,2,2,,1,0
5763,3,3,2,2,1
5763,278,27,2 3,1 2 15 17 41 240,618
5763,502,29,2 3 278,4 9 10 27 33 124 126 132 153 174,1113
5764,1,1,,,0
5764,2,2,1,,0
5764,38,10,1 2,8 9,48
5764,748,37,1 2 38,1 3 4 6 36 82 89 152 158 212,1861
5765,6,4,,,3
5765,19,9,6,1 2 3 4 9,26
5765,58,11,6 19,1 2 15 22 41,78
5765,167,20,6 19 58,3 6 17 21 32 65,336
5765,563,35,6 19 58 167,1 2 4 8 22 31 55 56 70 71 213,1317
5766,3,3,,1 2,0
5766,17,8,3,2 3 8 10 13,19
5766,262,26,3 17,1 8 52 95 100 157,581
5767,2,2,,1,0
5768,1,1,,,0
5768,4,3,1,1 2,0
5768,13,4,1 4,1 2 3,8
5769,7,3,,1 2,4
5769,60,12,7,2 35 49,84
5769,104,15,7 60,2 4 17 100,160
5769,542,34,7 60 104,1 2 4 8 49 70 105 113 123,1250
5770,2,2,,1,0
5770,13,7,2,2 3 8 10,13
5770,17,8,2 13,6 9 12,22
5770,187,23,2 13 17,1 2 16 25 27 30 136,396
5770,348,26,2 13 17 187,1 2 3 4 9 22 279,766
5771,1,1,,,0
5771,11,5,1,1 3 4,8
5772,355,26,,2 8 9 32 47 260,792
5773,1,1,,,0
5773,10,6,1,2 3 8,10
5773,19,8,1 10,1 3,22
5773,26,9,1 10 19,2 3 4 5,26
5773,100,14,1 10 19 26,2 4 17,151
5773,168,21,1 10 19 26 100,18 29 44 70,343
5774,1,1,,,0
5774,2,2,1,1,0
5774,65,13,1 2,3 4 5 6 42 61,99
5774,129,17,1 2 65,1 2 7 29 70,236
5775,1,1,,,0
5775,8,5,1,2 3,7
5775,9,6,1 8,1 2 3 4,9
5775,12,7,1 8 9,6 9,13
5778,3,3,,1 2,1
5778,4,4,3,1 3,3
5778,9,5,3 4,6,11
5778,61,12,3 4 9,3 4 5 6 42,92
5779,1,1,,,0
5779,2,2,1,1,0
5779,3,3,1 2,1,1
5779,45,11,1 2 3,1 2,55
5780,1,1,,,0
5780,3,3,1,2,1
5780,4,4,1 3,1 2 3,2
5780,49,11,1 3 4,2 35,59
5780,99,15,1 3 4 49,2 3 5 6 11 17 31 37,149
5780,180,23,1 3 4 49 99,1 2 66 67,375
5780,239,25,1 3 4 49 99 180,1 2 86,515
5781,1,1,,,0
5781,2,2,1,,0
5781,3,3,1 2,1 2,0
5781,6,4,1 2 3,,2
5781,28,8,1 2 3 6,4,16
5781,101,15,1 2 3 6 28,1 6 8 18 20 26 44 60,157
5782,2,2,,1,0
5782,35,9,2,2 3 7 9 16 22,31
5782,41,10,2 35,1 2 15 22,40
5783,1,1,,,0
5783,101,15,1,4 7 10 49 63,161
5784,41,9,,1 4 12 19,45
5784,190,24,41,2 11 42 44 112,409
5785,389,26,,1 4 10 73 92 138,856
5786,92,14,,1 2 6 12 29 39 40,131
5786,115,16,92,5 6 43 103,200
5788,1,1,,,0
5788,48,10,1,3 4 5,63
5788,50,11,1 48,1 2 5 9 15,66
5788,126,19,1 48 50,1 2 7 9 16 21 24 32 48 53 105,228
5789,3,2,,1,0
5789,72,12,3,1 3 6 7 69,100
5789,77,13,3 72,3 11 51,106
5789,309,25,3 72 77,1 2 4 8 10 13 15 16 114 123 204,655
5790,206,24,,1 2 4 5 32 82,446
5791,1,1,,,0
5792,69,11,,1 3 6 7,99
5792,372,25,69,1 2 7 33 95 99 120 262,823
5793,9,7,,8,6
5794,5,5,,2 3 4,2
5794,8,6,5,,5
5794,35,9,5 8,2,43
5794,178,23,5 8 35,1 6 24 31 59,387
5794,810,40,5 8 35 178,16 42 295 806,2051
5795,1,1,,,0
5795,4,4,1,2 3,1
5795,22,8,1 4,2 3 7 9 16,22
5796,3,3,,2,1
5796,133,19,3,2 10 13 14 19 36 60 66,254
5796,187,23,3 133,1 3 5 7 20 23 86 109 117,404
5797,1,1,,,0
5797,2,2,1,,0
5797,15,7,1 2,1 3 5 6 12 13,6
5797,42,10,1 2 15,3 4 5 6,58
5797,666,36,1 2 15 42,4 13 17 130 141,1651
5797,880,42,1 2 15 42 666,3 5 8 48 56 222,2266
5798,103,15,,5 6 43,180
5798,806,39,103,16 42 295,2039
5799,13,6,,1 3 5 6 12,6
5799,212,23,13,,461
5799,316,24,13 212,1 2 3 8 150,684
5800,12,5,,1 3 5 6,6
5800,35,9,12,3 13 15 26,43
5801,16,7,,2 3 7 9,16
5801,22,8,16,1 2 15,23
5801,145,21,16 22,1 3 6 13 17 40 54,294
5801,152,22,16 22 145,1 2 21 138,317
5801,240,23,16 22 145 152,1 2 15 17 41,517
5801,713,36,16 22 145 152 240,2 17 247 384 489,1764
5802,1,1,,,0
5802,13,6,1,1 2 3 9,9
5802,105,18,1 13,1 34 98,188
5802,138,20,1 13 105,2 6 9 59 120,271
5803,30,8,,1 5 21,35
5803,495,33,30,1 2 8 39,1113
5805,1,1,,,0
5805,4,2,1,,1
5806,6,4,,1 3 5,3
5806,9,5,6,1 2 3,6
5806,19,7,6 9,1 4 12,22
5807,1,1,,,0
5807,5,3,1,1 3,2
5807,65,11,1 5,1 3 7 16 56,81
5807,306,22,1 5 65,11 34 35 103,655
5808,9,5,,2 3 7,8
5808,15,6,9,1 2,14
5808,129,19,9 15,1 2 3 4 65 101,252
5808,155,20,9 15 129,2 8 89,319
5808,881,42,9 15 129 155,1 43 226 264 699,2287
5809,1,1,,,0
5809,3,2,1,1,1
5809,26,6,1 3,3 13 15,27
5809,98,17,1 3 26,1 34,174
5809,105,18,1 3 26 98,1 2 7 9 16 21 24 32 48 53,187
5809,780,38,1 3 26 98 105,2 5 8 13 16 74 98,1955
5810,1,1,,,0
5810,7,4,1,2 3,5
5810,109,18,1 7,2 3 5 19 53 71,209
5811,1,1,,,0
5811,264,21,1,3 4 10 163 206,558
5811,546,34,1 264,2 7 17 32 130 227 317,1281
5812,3,3,,1 2,0
5812,21,5,3,1 5,20
5813,2,2,,1,0
5813,12,4,2,1 4,11
5813,266,21,2 12,1 2 7 17 100 104,562
5813,597,35,2 12 266,8 9 11 17 37 134 345,1399
5814,1,1,,,0
5814,3,3,1,2,1
5814,103,17,1 3,3 4 28 45 60,190
5814,308,22,1 3 103,2 4 10 14 17 58,662
5815,1,1,,,0
5815,2,2,1,,0
5815,51,10,1 2,3 11,61
5815,138,19,1 2 51,1 2 21,282
5816,56,10,,1 3 7 16,64
5817,1,1,,,0
5817,89,16,1,1 5 10 17 21,154
5817,316,23,1 89,2 3 5 10 16,685
5817,627,35,1 89 316,1 2 16 44 46 80 310,1515
5819,1,1,,,0
5819,12,4,1,1 3 4,8
5819,24,8,1 12,1 3 8 15,31
5819,35,9,1 12 24,2,39
5819,68,14,1 12 24 35,4 7 15 20 32 63,109
5819,892,42,1 12 24 35 68,3 13 450 621,2331
5820,15,5,,3 13,13
5820,120,18,15,2 6 9 59,231
5820,503,33,15 120,1 2 8 126 218 281,1148
5821,1,1,,,0
5821,2,2,1,1,0
5821,4,3,1 2,1,3
5821,63,13,1 2 4,4 7 10 49,96
5821,136,18,1 2 4 63,1 2 16 25 27 30,273
5822,1,1,,,0
5822,2,2,1,1,0
5822,13,4,1 2,3,8
5822,60,12,1 2 13,1 6 8 18 20 26 44,85
5823,1,1,,,0
5823,15,6,1,1 2 5 9,11
5824,1,1,,,0
5824,63,13,1,4 7 15 20 32,97
5824,88,16,1 63,1 10 23 78,146
5824,144,20,1 63 88,1 2 3 5 25 33 57 126 141,299
5825,140,18,,4 5 8 13 68,279
5827,2,1,,,0
5827,4,3,2,1 3,0
5827,141,19,2 4,1 2 3 5 25 33 57 126,296
5828,3,2,,1,0
5828,5,3,3,1,1
5828,15,7,3 5,1 3 8,17
5828,790,40,3 5 15,2 3 4 25 75 169,1982
5829,9,5,,1 2 5,6
5829,30,7,9,3 4 5 10,30
5830,1,1,,,0
5830,804,41,1,2 4 5 46 274 298 766,2022
5831,5,4,,3 4,2
5831,102,17,5,1 2 7 8 18,196
5832,1,1,,,0
5832,3,2,1,,0
5832,4,3,1 3,3,0
5832,86,16,1 3 4,3 6 7 9 33,158
5832,353,24,1 3 4 86,2 3 121 265,773
5833,3,1,,,0
5833,5,3,3,1 2,0
5833,6,6,3 5,3 4 5,2
5833,61,14,3 5 6,1 4,99
5833,70,15,3 5 6 61,1 2 7 29,115
5833,293,22,3 5 6 61 70,3 58 64,620
5834,5,5,,3 4,2
5834,78,14,5,1 10 23,128
5834,115,17,5 78,1 3 10 26 37 51 85 88,223
5834,133,18,5 78 115,2 4 14 55 88 92,269
5835,4,4,,3,2
5835,8,5,4,1 3,6
5835,49,12,4 8,4 7 10,71
5836,2,2,,1,0
5836,3,3,2,,1
5836,101,16,2 3,1 2 3 4 65,185
5837,1,1,,,0
5837,395,27,1,7 23 26,834
5837,706,36,1 395,2 3 8 27 367 406,1742
5838,40,9,,1 2 6 12 29 39,41
5838,42,10,40,4 16 26,55
5838,44,11,40 42,1 6 8 18 20 26,59
5838,162,18,40 42 44,1 2 3 4,334
5839,1,1,,,0
5839,39,8,1,1 2 6 12 29,40
5839,279,21,1 39,1 2 3 4 9 22,580
5839,728,36,1 39 279,8 11 19 137 205,1788
5840,1,1,,,0
5840,3,2,1,1,1
5840,340,23,1 3,1 12 28 188,732
5840,448,32,1 3 340,1 2 5 19 24 51 95 97,981
5840,615,35,1 3 340 448,1 12 19 78 285,1487
5841,1,1,,,0
5842,1,1,,,0
5842,37,9,1,2 3 5 6 11 17 31,41
5842,126,17,1 37,1 2 3 5 25 33 57,258
5842,541,34,1 37 126,1 14 28 104 304,1268
5843,6,2,,,1
5845,1,1,,,0
5847,452,32,,1 2 37 55 64 164,1003
5848,31,8,,2 3 5 6 11 17,39
5848,71,15,31,2 3 5 19 53,137
5848,94,16,31 71,2 3 9 12 70 89,184
5849,1,1,,,0
5849,10,5,1,3 4 5,8
5849,29,7,1 10,1 2 6 12,32
5849,730,37,1 10 29,1 682,1815
5850,301,22,,1 2 13 18 44 51 74,642
5852,1,1,,,0
5852,2,2,1,,0
5852,5,4,1 2,1 2 3,1
5852,523,33,1 2 5,1 2 3 6 44 330 352 408 413,1221
5852,974,43,1 2 5 523,1 7 10 70 197 678 716 773,2572
5853,89,15,,2 3 9 12 70,178
5854,1,1,,,0
5854,3,3,1,1 2,0
5854,5,4,1 3,3 4,3
5854,7,5,1 3 5,1 3 6,5
5854,26,8,1 3 5 7,4 16,35
5855,2,2,,1,0
5855,4,3,2,3,2
5855,6,4,2 4,1 3,3
5855,11,5,2 4 6,3,6
5855,19,6,2 4 6 11,1 2 3 11,15
5855,32,11,2 4 6 11 19,4 7 15 20,46
5856,1,1,,,0
5856,3,2,1,,1
5856,16,4,1 3,1 3 7,6
5856,17,5,1 3 16,2 4,9
5856,26,10,1 3 16 17,1 6 8 18 20,29
5856,35,13,1 3 16 17 26,1 29 33,52
5856,511,32,1 3 16 17 26 35,1 4 5 9 37 118,1174
5857,1,1,,,0
5857,60,14,1,3 4 28 45,103
5858,3,2,,1,0
5858,33,12,3,1 29,50
5858,43,13,3 33,5 6,65
5858,807,41,3 33 43,202 632,2056
5858,855,42,3 33 43 807,1 2 3 5 6 11 38 120,2223
5860,1,1,,,0
5860,345,25,1,2 3 6 19 24 66 93,738
5861,53,12,,1 2 7 9 16 21 24 32 48,87
5861,88,14,53,1 3 10 26 37 51 85,170
5861,90,15,53 88,,177
5862,17,7,,2 3 5 6 11,17
5862,20,9,17,1 6 8 18,25
5862,27,10,17 20,1 2 3 20,41
5862,29,11,17 20 27,1,46
5862,112,16,17 20 27 29,2 11 42 44,229
5862,376,27,17 20 27 29 112,8 19 52 245,780
5863,1,1,,,0
5863,3,2,1,,0
5863,11,4,1 3,1 2 3,6
5863,66,12,1 3 11,2 10 13 14 19 36 60,112
5864,16,7,,4,19
5864,18,8,16,1 6 8,21
5864,85,13,16 18,1 3 10 26 37 51,160
5864,324,24,16 18 85,3 99,695
5864,398,28,16 18 85 324,1 2 7 50 130 235,828
5865,7,3,,1 3,1
5865,101,14,7,2 4 10 36 38 45,195
5865,420,31,7 101,4 6 12 18 22 122 166 234,908
5866,1,1,,,0
5866,12,4,1,1 2 6,8
5866,48,10,1 12,1 2 7 9 16 21 24 32,75
5866,53,11,1 12 48,2 3 5 19,94
5866,117,17,1 12 48 53,1 3 5 7 20 23 86 109,231
5867,20,9,,4 7 15,28
5867,49,10,20,9,82
5867,65,12,20 49,3 6 17 21 32,112
5867,260,21,20 49 65,2 8 9 32 47,539
5867,356,26,20 49 65 260,1 12 15 102 250 292,738
5867,819,41,20 49 65 260 356,1 3 8 9 94 324 335 616,2087
5868,11,6,,2 3 5 6,11
5868,566,33,11,2 4 5 18 25 39 56 161,1315
5868,766,40,11 566,2 4 5 46 274 298,1904
5869,3,2,,1,0
5869,4,3,3,2,1
5869,20,9,3 4,1 2 3,29
5869,60,11,3 4 20,2 10 13 14 19 36,99
5869,206,20,3 4 20 60,3 4 10 163,413
5871,1,1,,,0
5871,2,2,1,,0
5871,3,3,1 2,1 2,0
5871,70,12,1 2 3,18 29 44,124
5871,157,19,1 2 3 70,1 8 52 95 100,315
5871,991,44,1 2 3 70 157,3 5 21 87 160 273,2637
5872,2,2,,1,0
5872,6,3,2,1 2,2
5872,15,8,2 6,4 7,20
5872,45,10,2 6 15,3 4 28,73
5872,65,11,2 6 15 45,1 2 3 4,110
5872,70,12,2 6 15 45 65,2 3 9 12,122
5872,282,21,2 6 15 45 65 70,3 99 130,584
5872,287,22,2 6 15 45 65 70 282,2 4 43,599
5873,1,1,,,0
5873,6,5,1,2 3 5,3
5873,34,9,1 6,1,51
5874,2,1,,,0
5874,5,4,2,2 3,2
5874,8,6,2 5,1 6,6
5874,10,7,2 5 8,4 7,8
5874,29,8,2 5 8 10,1 2 7,38
5874,89,13,2 5 8 10 29,2 8,156
5874,109,16,2 5 8 10 29 89,1 3 5 7 20 23 86,204
5874,138,17,2 5 8 10 29 89 109,1 14 59 66,264
5875,10,6,,3 4 6,10
5875,22,7,10,2 3 4 7 8,26
5875,92,15,10 22,2 4 14 55 88,168
5876,2,2,,1,0
5876,3,3,2,2,1
5876,4,4,2 3,,2
5876,6,5,2 3 4,1,3
5877,1,1,,,0
5877,2,2,1,,0
5877,7,3,1 2,4,2
5878,148,18,,1 3 19 28,275
5879,6,3,,3 4,3
5879,88,14,6,2 4 14 55,160
5879,580,33,6 88,1 2 9 10 14 26 36 59 79 119 161 201 224 414,1377
5880,1,1,,,0
5880,4,2,1,,1
5880,7,3,1 4,4,3
5881,1,1,,,0
5881,4,2,1,3,0
5881,59,11,1 4,2 6 9,92
5882,3,1,,,0
5882,32,9,3,1 2 7 9 16 21 24,40
5883,4,1,,,0
5885,21,8,,1 5 10 17,24
5885,33,10,21,3 6 7 9,49
5885,137,17,21 33,1 2 13 17 132,255
5885,165,18,21 33 137,5,335
5886,3,3,,1 2,1
5887,1,1,,,0
5887,2,2,1,1,0
5887,12,7,1 2,7,13
5888,1,1,,,0
5888,22,8,1,3 8,24
5889,1,1,,,0
5889,8,6,1,2 3 4 7,6
5889,17,7,1 8,1 5 10,17
5889,23,8,1 8 17,1 10,23
5889,28,9,1 8 17 23,3 4,36
5889,251,20,1 8 17 23 28,1 2 5 9 23 28 203,502
5889,287,22,1 8 17 23 28 251,1 5 15 20 38 62 152 188,579
5889,587,33,1 8 17 23 28 251 287,2 4 6 7 15 481,1401
5890,1,1,,,0
5890,4,2,1,1,1
5890,7,5,1 4,2 3 4,4
5890,24,8,1 4 7,1 2 7 9 16 21,25
5890,132,16,1 4 7 24,1 2 13 17,240
5890,725,39,1 4 7 24 132,4 306 499,1782
5892,1,1,,,0
5892,7,5,1,,6
5892,54,10,1 7,1 3 6 13 17 40,83
5892,89,15,1 7 54,4 7 38,159
5893,1,1,,,0
5893,4,4,1,2 3,2
5893,21,7,1 4,1 2 7 9 16,21
5893,36,8,1 4 21,2 10 13 14 19,44
5893,67,12,1 4 21 36,1 2 66,109
5893,389,30,1 4 21 36 67,3 6 117,811
5894,1,1,,,0
5894,3,3,1,2,1
5894,66,11,1 3,1 2,107
5894,204,19,1 3 66,1 2 4 8 10 13 15 16 114 123,377
5895,1,1,,,0
5895,2,2,1,,0
5895,6,3,1 2,5,0
5895,283,22,1 2 6,2 14 30,567
5896,5,1,,,0
5896,7,3,5,1 2,1
5896,10,4,5 7,1 5,3
5896,17,5,5 7 10,2 4,10
5897,44,9,,18 29,60
5897,68,11,44,4 5 8 13,104
5897,86,15,44 68,1 3 5 7 20 23,145
5897,211,19,44 68 86,1 3 4 10 106 120 184,390
5897,643,35,44 68 86 211,1 3 8 69 111,1538
5897,682,36,44 68 86 211 643,1,1649
5898,16,6,,1 2 7 9,12
5898,51,10,16,1 3 10 26 37,75
5898,974,44,16 51,1 5 27 57 715,2570
5900,19,6,,2 3 5,23
5900,32,8,19,3 6 17 21,40
5901,1,1,,,0
5901,2,2,1,1,0
5901,5,3,1 2,1,1
5901,492,32,1 2 5,1 3 7 9 16 402,1109
5902,1,1,,,0
5902,8,2,1,3,2
5902,10,3,1 8,1,3
5902,262,21,1 8 10,1 2 7 33 95 99 120,515
5905,1,1,,,0
5905,9,5,1,1 2 7,5
5906,1,1,,,0
5906,40,9,1,1 3 6 13 17,57
5906,636,35,1 40,1 2 4 11 104 115,1527
5907,3,1,,,0
5907,7,4,3,1 2,3
5907,9,5,3 7,,5
5907,733,40,3 7 9,1 2 3 4 37 40 50 263 547,1800
5909,4,3,,2,1
5909,9,5,4,3 6 7,6
5909,16,6,4 9,1 6,14
5910,19,6,,2 10 13 14,18
5910,163,18,19,9 23 32,302
5910,211,19,19 163,3 5 8 18 91 179,405
5911,1,1,,,0
5911,2,2,1,,0
5911,7,4,1 2,3 6,4
5911,21,7,1 2 7,3 6 17,21
5911,57,14,1 2 7 21,1 2 3 5 25 33,93
5912,2,2,,1,0
5912,6,3,2,3,3
5912,29,8,2 6,18,35
5912,37,9,2 6 29,1 3 10 26,49
5912,55,13,2 6 29 37,2 4 14,85
5912,163,18,2 6 29 37 55,3 4 10,295
5913,1,1,,,0
5913,4,2,1,3,0
5913,59,13,1 4,1 6 24 31,92
5913,934,43,1 4 59,1 2 11 26 42 120 336 604,2453
5914,3,1,,,0
5914,5,3,3,2 3,1
5914,82,13,3 5,1 2 4 5 32,135
5915,3,1,,,0
5915,14,5,3,2 10 13,8
5915,17,6,3 14,3 6,13
5915,18,7,3 14 17,1 2 7 8,15
5916,3,2,,2,0
5916,13,4,3,2 10,7
5917,2,1,,,0
5919,1,1,,,0
5919,6,2,1,1,1
5919,10,3,1 6,2,4
5920,265,23,,2 3 121,530
5921,23,7,,2 8,26
5921,45,12,23,2 4 10 36 38,64
5921,403,31,23 45,7 18 114 127 259,866
5923,1,1,,,0
5923,18,6,1,,20
5923,26,8,1 18,1 3 10,32
5923,428,31,1 18 26,10 18 35 100 147 195,946
5924,1,1,,,0
5924,184,18,1,1 3 4 10 106 120,335
5924,802,41,1 184,1 4 51 76 122 561 742,2065
5925,1,1,,,0
5925,8,5,1,1 2 7,6
5926,1,1,,,0
5926,6,3,1,3,3
5926,7,4,1 6,1 2,4
5927,2,1,,,0
5927,30,10,2,1 2 16 25 27,38
5927,87,15,2 30,3 4 19 59,148
5928,38,11,,2 4 10 36,53
5928,100,17,38,1 8 52 95,173
5929,1,1,,,0
5929,3,2,1,,1
5929,17,7,1 3,1 3 6 13,17
5930,1,1,,,0
5930,12,6,1,2 3 9,10
5930,22,7,1 12,1 2 5 7,23
5930,27,9,1 12 22,1 2 16 25,32
5930,36,10,1 12 22 27,2 4 10,46
5930,44,11,1 12 22 27 36,2 11 42,63
5930,430,31,1 12 22 27 36 44,1 3 25 70,949
5931,2,2,,1,0
5931,9,5,2,2 6,6
5931,58,12,2 9,1 2 32 33,92
5931,292,25,2 9 58,1 12 15 102 250,558
5932,1,1,,,0
5932,21,7,1,1 2,24
5932,25,8,1 21,1 2 16,28
5932,42,9,1 21 25,2 11,58
5932,95,16,1 21 25 42,1 4 10 15 16 17 72,149
5933,4,4,,1 2 3,0
5933,9,5,4,2 3,6
5933,13,6,4 9,1 3 6,10
5933,86,15,4 9 13,1 2,133
5933,95,16,4 9 13 86,1 8 52,152
5934,3,3,,1 2,0
5934,6,4,3,2,3
5935,2,2,,1,0
5935,33,8,2,1 2 3 5 25,41
5936,1,1,,,0
5936,8,3,1,2,4
5936,110,16,1 8,1 2 3 12 28 90,194
5937,1,1,,,0
5937,203,19,1,1 2 5 9 23 28,376
5937,216,20,1 203,1 2 3 9,403
5938,2,1,,,0
5938,18,5,2,1,16
5939,3,2,,2,0
5939,10,4,3,1 3,6
5940,2,1,,,0
5940,6,3,2,1 3,1
5940,364,30,2 6,16 29 48 54 62 84 243,745
5941,16,5,,1 2,13
5941,31,8,16,1 6 24,36
5941,298,26,16 31,2 39 53 120 144 218,555
5941,714,40,16 31 298,4 14 103 187 488 626,1752
5942,2,1,,,0
5942,179,18,2,3 5 8 18 91,322
5942,365,30,2 179,3 89 124,752
5942,682,39,2 179 365,1 2 4 20 32 35 118 221,1654
5943,3,2,,1,0
5943,25,7,3,1 2 3 5,29
5943,38,8,3 25,4 7,46
5943,879,42,3 25 38,2 5 9 18 26 29 378,2261
5945,1,1,,,0
5945,7,4,1,1 2 5,3
5945,40,8,1 7,3 7 11,52
5946,1,1,,,0
5946,3,2,1,1,0
5946,66,14,1 3,1 14 59,100
5946,559,31,1 3 66,5 15 47 319,1314
5947,5,3,,1 2,1
5947,208,19,5,1 5 6 17 20 66 76 126,390
5948,1,1,,,0
5948,24,7,1,1 6,27
5948,327,29,1 24,1 2 6 32 34 38 132 161,637
5950,2,2,,1,0
5951,1,1,,,0
5951,2,2,1,1,0
5952,1,1,,,0
5952,13,5,1,4 5 8,9
5952,205,19,1 13,1 18,391
5953,14,6,,2 4,15
5953,24,7,14,2 8 21,27
5953,59,13,14 24,1 14,90
5955,1,1,,,0
5955,2,2,1,1,0
5955,8,3,1 2,2,4
5955,46,12,1 2 8,1 4 5 6 7 19 26 27,68
5955,59,13,1 2 8 46,3 4 19,88
5955,72,14,1 2 8 46 59,1 4 10 15 16 17,104
5955,84,15,1 2 8 46 59 72,1 3 29 42,129
5955,318,28,1 2 8 46 59 72 84,2 5 11 60 67 159 227 256,612
5956,1,1,,,0
5956,10,5,1,2 4,8
5956,21,6,1 10,2 8,22
5956,33,11,1 10 21,1 2 32,45
5956,90,13,1 10 21 33,1 2 3 12 28,153
5956,301,27,1 10 21 33 90,2 3 4 20 25 29 32 53,547
5956,702,39,1 10 21 33 90 301,2 3 4 12 29 41 483,1722
5957,1,1,,,0
5957,8,4,1,4 5,4
5957,32,10,1 8,1 2,43
5958,2,2,,1,0
5958,28,9,2,1 2 4 10 11 19 21,34
5958,174,18,2 28,2 9 10 11 127,312
5959,1,1,,,0
5959,128,14,1,1 3 7 8 13 22 54 82,199
5960,5,3,,4,2
5960,23,7,5,1 3 5 7 20,23
5960,560,33,5 23,1 4 16 43 49 66 435,1316
5961,2,1,,,0
5961,4,2,2,,1
5961,42,12,2 4,7 9 28 38,62
5961,897,42,2 4 42,4 8 13 24 33 80 95 207 501,2344
5962,4,2,,2,1
5962,413,28,4,1 2 3 6 44 330 352 408,895
5963,1,1,,,0
5963,4,2,1,2,1
5963,5,4,1 4,1 2 3,2
5963,11,5,1 4 5,2,8
5963,20,6,1 4 5 11,1 3 5 7,16
5963,439,28,1 4 5 11 20,2 11 21 34 154,957
5964,2,1,,,0
5964,32,9,2,1 2 4 5,34
5964,34,10,2 32,4 5 8,38
5964,44,12,2 32 34,1 12,58
5965,2,1,,,0
5965,3,3,2,1 2,0
5965,21,8,2 3,1 2 4 10 11 19,20
5965,38,11,2 3 21,7 9 28,50
5965,130,14,2 3 21 38,1 2 4 6 12 73,197
5965,150,17,2 3 21 38 130,1 2 3 8,250
5965,264,25,2 3 21 38 130 150,2 4 8 21 178,474
5965,280,26,2 3 21 38 130 150 264,2 25 36 120 145,502
5965,347,27,2 3 21 38 130 150 264 280,4 9 16 19 26 40 72 101,698
5966,2,2,,1,0
5966,6,3,2,1,1
5966,97,13,2 6,1 23 36 45,146
5966,999,45,2 6 97,1 2 3 6 7 8 13 22 51 858,2684
5967,1,1,,,0
5967,19,7,1,1 2 4 10 11,17
5967,408,26,1 19,1 2 3 6 44 330 352,872
5967,627,38,1 19 408,2 6 65 113 238 350,1511
5967,825,41,1 19 408 627,4 5 12,2106
5969,8,3,,2,4
5969,141,16,8,1 5 8 9 10 26 139,227
5969,290,25,8 141,1 10 28 62 76 231,524
5971,1,1,,,0
5971,139,15,1,1 5 8 9 10 26,226
5972,1,1,,,0
5972,2,2,1,,0
5972,866,41,1 2,1 2 164 329,2236
5973,216,23,,1 4 6 9 10 40 187,402
5973,250,24,216,1 12 15 102,453
5974,1,1,,,0
5974,7,3,1,4,3
5974,11,5,1 7,3 7,8
5974,27,10,1 7 11,1 4 5 6 7 19 26,31
5975,2,1,,,0
5975,11,6,2,1 2 4 10,9
5975,26,9,2 11,1 4 5 6 7 19,29
5975,28,10,2 11 26,7 9,35
5975,104,13,2 11 26 28,1 2 7 17 100,156
5975,123,14,2 11 26 28 104,1 2 4 8 10 13 15 16 114,186
5975,700,38,2 11 26 28 104 123,5 6 7 27 58 213 295 450 471,1711
5975,749,39,2 11 26 28 104 123 700,2 82,1902
5976,7,4,,1 3 5,3
5976,10,5,7,1 2 4,8
5976,52,9,7 10,1 8,63
5976,54,10,7 10 52,1 7 23,65
5977,1,1,,,0
5977,4,2,1,,1
5977,67,12,1 4,1 2 3 39,95
5977,459,28,1 4 67,1 4 5 11 25 41 70,1011
5978,1,1,,,0
5978,5,3,1,1 3,0
5978,7,4,1 5,3,2
5978,800,40,1 5 7,2 48 69,2035
5979,100,12,,1 2 7 17,146
5980,3,2,,1,0
5980,163,14,3,2 17 18 25 43 86,279
5980,612,37,3 163,2 4 28 94 168 254,1462
5982,1,1,,,0
5982,3,2,1,,0
5982,4,3,1 3,1 2,0
5982,19,8,1 3 4,1 4 5 6 7,18
5982,500,30,1 3 4 19,1 4 5 12 174,1153
5984,2,2,,1,0
5984,114,12,2,1 2 4 8 10 13 15 16,169
5984,161,14,2 114,5 9 26 69,279
5984,198,22,2 114 161,1 2 4 31 51 59,357
5984,742,39,2 114 161 198,1 4 51 76 122 561,1880
5985,1,1,,,0
5987,2,2,,1,0
5987,448,27,2,1 4 5 6 26 53 123 385,986
5988,1,1,,,0
5988,120,13,1,1 3 4 10 106,187
5988,181,20,1 120,1 2 106 124 148,317
5988,188,21,1 120 181,1 5 15 20 38 62 152,331
5989,1,1,,,0
5989,313,23,1,4 44 98 259,615
5990,8,5,,4 5,6
5990,699,38,8,1 43 226 264,1738
5990,890,42,8 699,2 3 5 6 22 36 143 748 768,2336
5991,1,1,,,0
5991,5,4,1,1 2 4,1
5991,402,26,1 5,1 3 7 9 16,871
5992,4,3,,1 2,1
5992,50,11,4,1 2 3 4 10 11,70
5992,188,21,4 50,1 12 28,341
5993,1,1,,,0
5993,5,4,1,4,2
5993,245,22,1 5,8 19 52,426
5994,2,2,,1,0
5994,4,3,2,,1
5994,7,7,2 4,1 4 5 6,5
5994,9,8,2 4 7,7,9
5994,261,22,2 4 7 9,55,445
5995,1,1,,,0
5995,6,6,1,1 4 5,4
5995,19,8,1 6,3 4,14
5995,37,9,1 6 19,1 2 5 18,41
5995,481,29,1 6 19 37,2 4 6 7 15,1105
5996,4,4,,1 2 3,0
5996,5,5,4,1 4,3
5996,7,6,4 5,,5
5996,12,7,4 5 7,1,6
5997,3,3,,1 2,0
5997,4,4,3,1,2
5997,42,10,3 4,1 3 29,45
5998,2,2,,1,0
5998,14,3,2,1,5
5998,28,6,2 14,1 3 19,17
5998,37,9,2 14 28,3,38
5999,1,1,,,0
6000,1,1,,,0
6000,41,9,1,1 2 15 17,42
6000,58,10,1 41,1 2 3 5 15,76
6002,106,12,,1 3 4 10,156
6002,187,21,106,1 4 6 9 10 40,332
6002,409,26,106 187,3 8 9 15 29 39 48 75,869
6004,1,1,,,0
6005,17,5,,1 2 13,9
6005,39,9,17,1 2 3,51
6005,82,11,17 39,1 3 7 8 13 22 54,108
6005,127,13,17 39 82,2 9 10 11,210
6007,1,1,,,0
6007,19,5,1,1 3,12
6007,23,8,1 19,1 7,22
6007,844,41,1 19 23,2 3 5 26 67 78 567,2198
6008,1,1,,,0
6009,13,4,,1 2,7
6010,4,3,,3,1
6010,17,7,4,1 4 10 15 16,11
6010,29,8,4 17,1 3,30
6010,103,12,4 17 29,11 34 35,155
6011,1,1,,,0
6011,3,2,1,,0
6011,16,6,1 3,1 4 10 15,9
6011,34,9,1 3 16,2 7 10 27 31,43
6011,310,23,1 3 16 34,2 3 13 20 45 88,616
6011,427,28,1 3 16 34 310,7 8 17 22 28 132,945
6012,15,5,,1 4 10,9
6012,979,47,15,2 3 5 19 20 29 49 146,2651
6013,970,46,,1 12 21 182,2609
6014,1,1,,,0
6014,18,5,1,1 2 5,16
6014,31,8,1 18,2 7 10 27,40
6017,2,2,,1,0
6017,10,4,2,1 4,7
6017,256,22,2 10,2 5 11 60 67 159 227,464
6017,574,36,2 10 256,1 3 4 9 17 20 24 26 76,1369
6018,1,1,,,0
6018,27,7,1,2 7 10,37
6018,28,8,1 27,1 2 3 12,40
6018,45,10,1 27 28,1 23 36,58
6018,73,11,1 27 28 45,2 5 52,96
6020,1,1,,,0
6020,2,2,1,1,0
6020,8,4,1 2,1,6
6021,1,1,,,0
6021,148,19,1,1 2 106 124,252
6021,218,21,1 148,2 39 53 120 144,370
6022,73,11,,1 2 4 6 12,97
6022,347,24,73,2 3 6 24,729
6023,1,1,,,0
6023,3,2,1,1,0
6023,4,3,1 3,1,1
6023,7,4,1 3 4,1,3
6023,352,25,1 3 4 7,1 2 3 6 44 330,746
6024,17,5,,1 2 15,15
6024,66,10,17,4 10,84
6024,130,15,17 66,3 99,219
6024,152,20,17 66 130,1 5 15 20 38 62,257
6025,1,1,,,0
6025,89,12,1,1 2 17,131
6025,489,31,1 89,2 17 247 384,1129
6026,1,1,,,0
6026,15,4,1,1 2,13
6027,1,1,,,0
6027,5,3,1,1 2,2
6027,36,9,1 5,1 23,44
6027,235,21,1 5 36,1 2 7 50 130,400
6027,482,30,1 5 36 235,3 12 62 106,1107
6028,21,8,,2 4,32
6028,231,20,21,1 10 28 62 76,393
6028,629,37,21 231,3 6 11 35 56,1522
6029,1,1,,,0
6029,126,15,1,1 5 6 17 20 66 76,212
6029,626,36,1 126,4 14 103 187 488,1514
6030,1,1,,,0
6030,2,2,1,1,0
6030,91,12,1 2,3 5 8 18,137
6030,343,24,1 2 91,1 14 32 107 145 156 175 234,718
6031,1,1,,,0
6031,2,2,1,,0
6031,11,6,1 2,1 2 3 4 10,8
6032,3,2,,,1
6032,10,5,3,1 2 3 4,7
6033,1,1,,,0
6033,54,9,1,1 3 7 8 13 22,61
6033,632,37,1 54,202,1545
6034,12,7,,1 2 3,17
6035,10,6,,2 7,14
6036,1,1,,,0
6036,3,2,1,1,1
6036,138,19,1 3,1 4 10 73 92,227
6037,1,1,,,0
6037,41,8,1,25,49
6037,66,11,1 41,2 3 6 9 29 64,87
6037,147,19,1 41 66,9,254
6037,348,24,1 41 66 147,1 3 6 9 54 61 65 77 82 106 288,746
6038,1,1,,,0
6038,4,4,1,1 2 3,2
6038,7,5,1 4,2,9
6039,2,2,,1,0
6039,3,3,2,1 2,1
6039,33,7,2 3,2 4 7 10 16,31
6039,52,8,2 3 33,2 5,57
6039,64,10,2 3 33 52,2 3 6 9 29,80
6040,1,1,,,0
6040,2,2,1,1,0
6040,23,6,1 2,1,22
6040,317,23,1 2 23,2 7 17 32 130 227,660
6040,776,39,1 2 23 317,1 3 7 14 110,1972
6041,1,1,,,0
6041,3,3,1,1 2,1
6041,32,7,1 3,9 23,31
6042,1,1,,,0
6042,2,2,1,1,0
6042,236,21,1 2,2 3 4 11 16 22 78 151,417
6042,281,22,1 2 236,1 2 8 126 218,548
6043,1,1,,,0
6043,2,2,1,,0
6043,3,3,1 2,1 2,0
6043,15,5,1 2 3,1 2 3 5,9
6043,259,21,1 2 3 15,4 44 98,483
6043,923,45,1 2 3 15 259,1 2 5 8 31 73 215,2478
6044,2,2,,1,0
6044,120,17,2,1 2 7 33 95 99,187
6044,626,37,2 120,27 114 276,1511
6045,1,1,,,0
6045,4,3,1,2,2
6045,5,4,1 4,,3
6045,124,18,1 4 5,1 2 106,192
6045,330,23,1 4 5 124,1 2 3 6 44,680
6045,414,28,1 4 5 124 330,1 2 9 10 14 26 36 59 79 119 161 201 224,924
6046,1,1,,,0
6046,227,20,1,2 5 11 60 67 159,386
6046,681,38,1 227,1 2 4 12 47 59 75 85 276,1715
6047,1,1,,,0
6047,2,2,1,,0
6050,1,1,,,0
6050,23,6,1,9,17
6050,378,25,1 23,3 4 7 42 79 110 114 243 245,783
6050,385,26,1 23 378,1 4 5 6 26 53 123,824
6050,387,27,1 23 378 385,1 5 26 60 102,838
6050,909,44,1 23 378 385 387,1 2 5 6 25 33 111 894,2429
6051,178,19,,2 4 8 21,287
6051,234,20,178,4 6 12 18 22 122 166,420
6053,1,1,,,0
6053,5,4,1,1 2 3,0
6053,25,6,1 5,,20
6053,773,40,1 5 25,1 7 10 70 197 678 716,1966
6055,3,3,,1 2,0
6055,99,14,3,3,160
6056,2,2,,1,0
6056,16,5,2,2 4 7 10,8
6057,1,1,,,0
6057,86,13,1,2 17 18 25 43,135
6057,144,18,1 86,1 40,240
6057,286,21,1 86 144,1 2 3 5 7 14 22 39 116,575
6057,416,26,1 86 144 286,1 2 4 16 28 40 132 213,937
6061,1,1,,,0
6061,243,20,1,16 29 48 54 62 84,461
6062,1,1,,,0
6062,10,4,1,2 4 7,5
6062,17,5,1 10,1 2 7,13
6062,64,12,1 10 17,3 58,95
6063,106,17,,1 2,173
6063,498,35,106,3 5 24 30 99,1161
6064,1,1,,,0
6064,9,4,1,,7
6064,58,11,1 9,2 4 10 14 17,85
6064,121,17,1 9 58,2 3,206
6065,1,1,,,0
6065,7,3,1,2 4,3
6065,10,4,1 7,3 4,5
6065,22,6,1 7 10,1 3 7 8 13,12
6065,99,16,1 7 10 22,1 2 7 33 95,158
6065,259,20,1 7 10 22 99,7 18 114 127,508
6065,345,24,1 7 10 22 99 259,8 9 11 17 37 134,714
6065,894,43,1 7 10 22 99 259 345,1 2 5 6 25 33 111,2395
6066,1,1,,,0
6066,3,2,1,2,0
6066,672,38,1 3,1 3 5 13 262 450,1713
6067,2,1,,,0
6068,4,2,,2,0
6068,58,11,4,3,84
6069,95,15,,1 2 7 33,153
6069,456,34,95,17 87 164 442,1050
6070,2,1,,,0
6070,59,11,2,1 2 3 6 34,89
6070,616,37,2 59,1 3 8 9 94 324 335,1513
6071,4,2,,3,0
6072,3,1,,,0
6072,7,3,3,1 2,1
6072,208,19,3 7,1 6 8 15 73 104 120,373
6072,589,36,3 7 208,2 4 423,1428
6074,13,5,,1 3 7 8,4
6074,29,9,13,2 3 6 9,33
6076,1,1,,,0
6076,69,12,1,5 9 26,115
6077,2,2,,1,0
6077,74,13,2,1 2 13 18 44 51,118
6078,1,1,,,0
6078,35,10,1,11 34,46
6078,627,36,1 35,1 2 6 19 37 98 246,1579
6079,8,4,,1 3 7,1
6079,34,9,8,11,45
6079,76,14,8 34,1 5 6 17 20 66,125
6079,304,23,8 34 76,1 14 28 104,650
6079,982,44,8 34 76 304,2 18 28 36 414 454,2626
6080,7,3,,1 3,1
6080,10,4,7,4,3
6080,47,10,7 10,2 8 9 32,71
6082,16,8,,1 2 4 8 10 13 15,14
6082,92,14,16,1 4 10 73,144
6082,434,32,16 92,19 21 75 112 411 412,1000
6082,871,42,16 92 434,1 2 4 5 7 13 67 225 386 783,2325
6083,12,5,,1 2 4 6,8
6083,15,7,12,1 2 4 8 10 13,13
6083,442,33,12 15,17 87 164,1024
6083,559,35,12 15 442,13 16,1351
6084,3,2,,1,1
6084,18,7,3,1 6,20
6084,26,8,3 18,1 5 8 9 10,31
6084,232,19,3 18 26,28 45 53,448
6084,463,33,3 18 26 232,1 2 3 6 11 14 20,1093
6084,553,34,3 18 26 232 463,3 4 18 62,1326
6085,1,1,,,0
6085,13,6,1,1 2 4 8 10,11
6085,435,32,1 13,1 4 16 43 49 66,1002
6086,1,1,,,0
6086,4,2,1,,0
6086,5,3,1 4,2,0
6088,10,5,,1 2 4 8,8
6089,2,1,,,0
6089,6,4,2,1 2 4,2
6089,66,13,2 6,1 5 6 17 20,108
6089,99,15,2 6 66,3,162
6090,8,4,,1 2 4,6
6090,621,35,8,3 13 450,1561
6091,1,1,,,0
6091,4,3,1,1 2,1
6091,174,17,1 4,4 9 10 27 33 124 126 132 153,280
6093,1,1,,,0
6093,2,2,1,1,0
6093,547,34,1 2,1 2 3 4 37 40 50 263,1313
6094,1,1,,,0
6094,4,3,1,1 2,1
6094,9,5,1 4,2 3 6,7
6095,1,1,,,0
6095,32,9,1,2 8 9,48
6095,34,10,1 32,1 2 3 6,51
6095,144,15,1 32 34,2 39 53 120,222
6095,514,33,1 32 34 144,1 2 3 7 10 85 90 135 264 390,1217
6096,2,2,,1,0
6096,6,3,2,1,3
6096,22,8,2 6,1 2 3 4 9,27
6096,392,29,2 6 22,7 9 11 46 52 72 335 372,895
6096,436,32,2 6 22 392,1 2 3 39 58 114 315 399,1001
6096,689,37,2 6 22 392 436,16 30 101 167,1744
6097,1,1,,,0
6097,6,4,1,2 3,3
6097,17,7,1 6,1 2,17
6097,288,23,1 6 17,1 3 6 9 54 61 65 77 82 106,615
6098,10,4,,1 3 4,6
6099,1,1,,,0
6099,80,14,1,3 47 66 71,125
6100,1,1,,,0
6100,3,3,1,2,1
6100,10,6,1 3,1 5 8 9,6
6100,43,11,1 3 10,2 17 18 25,66
6100,51,12,1 3 10 43,1 2 13 18 44,74
6100,145,14,1 3 10 43 51,2 25 36 120,219
6101,1,1,,,0
6101,2,2,1,,0
6101,9,5,1 2,1 5 8,4
6101,73,12,1 2 9,1 4 10,103
6101,487,32,1 2 9 73,1 3 10 13 35 355,1138
6102,8,4,,1 5,4
6102,11,5,8,,7
6102,694,38,8 11,1 2 7 8 105 341 530,1757
6103,1,1,,,0
6103,18,6,1,3 5 8,19
6103,217,19,1 18,1 4 39 65,411
6104,4,3,,1 3,0
6104,412,31,4,19 21 75 112 411,944
6105,3,2,,1,0
6105,5,3,3,1,1
6105,17,8,3 5,2 4 10 14,19
6105,218,19,3 5 17,1 2 8 126,418
6105,411,30,3 5 17 218,19 21 75 112,940
6107,1,1,,,0
6107,8,4,1,1 2 3,4
6107,44,11,1 8,1 2 13 18,61
6107,858,42,1 8 44,1 2 3 6 7 8 13 22 51,2300
6108,14,7,,2 4 10,17
6108,71,13,14,3 47 66,104
6109,1,1,,,0
6109,9,5,1,1 2 3 4,7
6109,919,43,1 9,1 2 3 13 270 330,2472
6110,1,1,,,0
6110,689,38,1,1 3 4 6 12 17 28,1746
6110,716,39,1 689,1 7 10 70 197 678,1820
6112,2,2,,1,0
6112,3,3,2,1 2,1
6112,10,6,2 3,2 4,12
6112,28,10,2 3 10,1 2 5 9 23,39
6112,93,13,2 3 10 28,2 3 6 19 24 66,136
6112,153,16,2 3 10 28 93,4 9 10 27 33 124 126 132,231
6112,768,41,2 3 10 28 93 153,2 3 5 6 22 36 143 748,2007
6113,1,1,,,0
6113,2,2,1,1,0
6113,8,5,1 2,3 5,7
6113,66,12,1 2 8,3 47,94
6113,968,43,1 2 8 66,1 2 4 116 137 232 239 421,2595
6114,1,1,,,0
6114,4,4,1,1 2 3,1
6114,25,9,1 4,1 2 3 6 19,28
6114,62,11,1 4 25,1 5 15 20 38,81
6114,107,12,1 4 25 62,2 4 78,149
6114,159,17,1 4 25 62 107,2 5 11 60 67,251
6114,161,18,1 4 25 62 107 159,1 2 6 32 34 38 132,256
6114,564,33,1 4 25 62 107 159 161,3 4 23 227 306,1364
6115,3,3,,1 2,1
6115,143,14,3,1 2 25 31 48 94,204
6115,213,20,3 143,1 2 4 8 22 31 55 56 70 71,400
6116,1,1,,,0
6116,2,2,1,1,0
6116,5,3,1 2,3,2
6116,43,10,1 2 5,2 4,59
6116,372,28,1 2 5 43,7 9 11 46 52 72 335,836
6116,499,32,1 2 5 43 372,4 306,1173
6117,1,1,,,0
6117,16,8,1,2 3 5 10,18
6117,23,9,1 16,1 2 5 9,27
6117,74,11,1 16 23,1 8,105
6118,1,1,,,0
6118,3,2,1,,0
6118,4,3,1 3,2,0
6118,9,4,1 3 4,2 8,4
6118,25,9,1 3 4 9,2 17 18,28
6118,75,11,1 3 4 9 25,1 3 7 33 48,103
6119,8,3,,2,4
6119,26,9,8,5 9,30
6119,120,13,8 26,2 39 53,157
6119,166,17,8 26 120,4 6 12 18 22 122,268
6120,2,1,,,0
6120,19,8,2,1 2 3 6,16
6120,149,16,2 19,2 12 49 64,220
6121,11,7,,2 9 10,8
6121,102,12,11,1 12 15,133
6122,10,6,,2 9,8
6122,637,35,10,3 4 5 30,1607
6122,654,36,10 637,1 23 29 262 520,1640
6123,1,1,,,0
6123,3,2,1,,1
6123,6,4,1 3,1 2 3,2
6123,9,5,1 3 6,2,5
6123,10,6,1 3 6 9,2 3 5,6
6123,59,10,1 3 6 9 10,1 2 4 31 51,71
6123,459,31,1 3 6 9 10 59,6 7 23 183 188,1048
6123,525,32,1 3 6 9 10 59 459,5 15 252,1238
6123,814,41,1 3 6 9 10 59 459 525,2 9 19 33 39 146 384,2141
6123,969,44,1 3 6 9 10 59 459 525 814,1 2 3 6 12 25 35 75 145,2583
6124,1,1,,,0
6124,182,17,1,6 13 19 27,312
6125,2,1,,,0
6125,18,7,2,2 17,16
6125,120,12,2 18,2 25 36,153
6125,447,30,2 18 120,1 2 8 20 21 29 31 88 94 165 302,1009
6126,3,3,,1 2,0
6126,17,6,3,2,15
6127,2,2,,1,0
6127,151,16,2,2 3 4 11 16 22 78,230
6127,348,26,2 151,1 37 47 151,772
6128,1,1,,,0
6128,5,3,1,2 3,1
6128,751,40,1 5,17 18 122 221 342 558,1936
6130,2,1,,,0
6130,3,2,2,2,0
6130,227,22,2 3,2 7 17 32 130,449
6130,384,29,2 3 227,2 17 247,861
6131,2,1,,,0
6131,9,5,2,1 2 5,4
6131,33,8,2 9,1 2 7,31
6131,51,9,2 9 33,1 2 4 31,58
6132,47,8,,3,53
6132,130,13,47,1 2 7 50,171
6132,583,34,47 130,1 2 4 5 8 17 18,1439
6132,748,40,47 130 583,2 3 5 6 22 36 143,1931
6133,6,4,,1 2 3,0
6133,18,5,6,1 2 13,11
6133,132,15,6 18,4 9 10 27 33 124 126,173
6133,399,29,6 18 132,1 2 3 39 58 114 315,888
6134,310,25,,1 2 16 44 46 80,664
6135,5,4,,1 2,3
6135,20,7,5,1 5 6 17,18
6135,164,15,5 20,1 2 37 55 64,270
6136,3,3,,1 2,0
6136,9,4,3,5,6
6137,2,2,,1,0
6137,406,29,2,2 3 8 27 367,917
6138,1,1,,,0
6138,2,2,1,1,0
6138,13,3,1 2,1 2,5
6138,17,6,1 2 13,1 5 6,12
6138,38,7,1 2 13 17,1 5 15 20,33
6139,1,1,,,0
6139,18,6,1,1,14
6139,66,10,1 18,2 3 6 19 24,72
6139,72,11,1 18 66,2 5 7 63,78
6139,126,14,1 18 66 72,4 9 10 27 33 124,159
6139,234,22,1 18 66 72 126,1 14 32 107 145 156 175,453
6139,720,39,1 18 66 72 126 234,1 2 4 9 25 130 147 489,1838
6140,1,1,,,0
6140,5,2,1,,1
6141,2,1,,,0
6141,72,10,2,2 5 18 35 46 64,79
6141,124,13,2 72,4 9 10 27 33,155
6143,78,10,,2 4,87
6143,132,13,78,1 2 6 32 34 38,184
6144,9,4,,1 2 3,3
6145,48,9,,1 3 7 33,58
6148,1,1,,,0
6148,30,6,1,2 14,31
6148,63,9,1 30,2 5 7,71
6148,678,38,1 30 63,1 7 10 70 197,1704
6149,2,2,,1,0
6149,6,5,2,1 5,5
6149,40,8,2 6,1 4 6 9 10,44
6149,64,9,2 6 40,2 5 18 35 46,71
6150,1,1,,,0
6150,3,3,1,1 2,0
6150,5,4,1 3,1,3
6150,341,28,1 3 5,1 4 12 14 17 21 73 135 149 172 315,756
6150,689,38,1 3 5 341,2 4 7 20 367,1742
6151,2,2,,1,0
6151,3,3,2,,1
6151,31,7,2 3,1 2 4,30
6151,760,39,2 3 31,2 6 140 309,1987
6152,1,1,,,0
6152,28,6,1,1 12,26
6153,335,27,,7 9 11 46 52 72,744
6153,862,42,335,314 339,2315
6154,1,1,,,0
6154,263,23,1,2 19 20 50 117,530
6154,481,30,1 263,1 2 6 13 17 68 70 214,1122
6154,774,39,1 263 481,1 16 31 130 300 564,2029
6155,4,2,,2,1
6156,1,1,,,0
6156,20,5,1,1 5 15,15
6156,195,21,1 20,10 18 35 100 147,379
6157,2,1,,,0
6157,7,3,2,1 2,1
6157,715,38,2 7,1 5 27 57,1839
6158,319,26,,6 16 52 123,717
6159,1,1,,,0
6160,33,6,,1 3 7,38
6160,120,13,33,1 6 8 15 73 104,178
6160,212,21,33 120,2 6 11 14 30 69 156,411
6161,15,4,,1 5,12
6161,40,6,15,1,43
6162,2,2,,1,0
6163,1,1,,,0
6163,122,14,1,4 6 12 18 22,183
6164,1,1,,,0
6164,10,3,1,1 4,6
6164,14,4,1 10,2,11
6164,92,11,1 10 14,3 7 14 83,94
6164,94,12,1 10 14 92,1 2 25 31 48,106
6164,533,32,1 10 14 92 94,1 6 58 164,1308
6165,1,1,,,0
6165,117,13,1,3 6,174
6165,561,34,1 117,1 4 51 76 122,1400
6167,2,2,,1,0
6167,46,7,2,2 5 18 35,46
6167,172,20,2 46,1 2 7 8 49,315
6167,488,30,2 46 172,4 14 103 187,1154
6167,830,41,2 46 172 488,2 4 5 162,2241
6168,1,1,,,0
6168,12,4,1,1,10
6168,821,40,1 12,2 11 20 90 155 164 281 469,2197
6169,1,1,,,0
6170,1,1,,,0
6170,4,2,1,1,1
6170,285,25,1 4,1 12 19 78,631
6170,783,39,1 4 285,1 2 4 5 7 13 67 225 386,2063
6171,1,1,,,0
6171,5,2,1,1,1
6173,1,1,,,0
6173,83,10,1,3 7 14,83
6175,1,1,,,0
6175,9,4,1,,8
6175,483,30,1 9,2 3 4 12 29 41,1151
6176,1,1,,,0
6176,2,2,1,,0
6176,3,3,1 2,,0
6176,104,12,1 2 3,1 6 8 15 73,152
6176,315,25,1 2 3 104,1 4 12 14 17 21 73 135 149 172,706
6176,367,28,1 2 3 104 315,2 3 8 27,835
6177,855,41,,1 2 14 79,2280
6178,4,3,,1 2,1
6178,35,6,4,2 5 18,32
6179,1,1,,,0
6179,10,5,1,1 4 6 9,6
6180,2,2,,1,0
6180,9,4,2,1 4 6,5
6180,609,37,2 9,2 7 13 20 27 51 107 152,1533
6181,1,1,,,0
6181,24,5,1,2 3 6 19,18
6182,1,1,,,0
6182,3,2,1,2,0
6183,2,1,,,0
6183,6,3,2,1 4,1
6183,8,4,2 6,1,4
6183,76,11,2 6 8,1 10 28 62,81
6183,124,16,2 6 8 76,3 89,204
6183,229,22,2 6 8 76 124,4 6 15 18 21 41 51 52 125 175,462
6183,245,23,2 6 8 76 124 229,3 4 7 42 79 110 114 243,484
6183,260,24,2 6 8 76 124 229 245,2 19 23 33 53 188,557
6185,3,1,,,0
6185,4,2,3,1,0
6185,243,22,3 4,3 4 7 42 79 110 114,482
6185,525,33,3 4 243,1 2 23 50 450,1300
6186,7,3,,1 3,4
6186,19,4,7,2 3 6,10
6186,52,8,7 19,8 19,42
6186,53,9,7 19 52,2 39,44
6186,319,27,7 19 52 53,5 15 47,716
6188,1,1,,,0
6188,123,18,1,1 2 4 8 49 70 105 113,201
6189,1,1,,,0
6190,1,1,,,0
6190,3,2,1,1,1
6190,393,28,1 3,1 2 6 7 29 104 126,904
6191,1,1,,,0
6191,52,9,1,1 2 10 17 25 39,41
6191,75,11,1 52,1 2 56,82
6191,97,13,1 52 75,1 2 5 19 24 51 95,140
6191,262,23,1 52 75 97,3 5 10 25,581
6191,307,26,1 52 75 97 262,1 3 29 43,696
6192,1,1,,,0
6193,95,12,,1 2 5 19 24 51,139
6195,18,4,,2 5,11
6196,1,1,,,0
6197,1,1,,,0
6197,62,10,1,1 10 28,65
6197,92,13,1 62,1 2 3 5 7 12 14 15 59 68,141
6197,126,18,1 62 92,1 2 8,224
6197,127,19,1 62 92 126,7 18 114,227
6198,113,17,,1 2 4 8 49 70 105,187
6198,175,21,113,1 14 32 107 145 156,348
6199,1,1,,,0
6199,6,3,1,2 3,1
6199,69,10,1 6,1 2 4 7 8,79
6200,1,1,,,0
6200,39,8,1,2,32
6200,55,9,1 39,,44
6200,78,11,1 39 55,2 3 4 11 16 22,106
6200,233,22,1 39 55 78,1 3 6 8 32 93 102 193,473
6202,3,2,,2,0
6203,2,1,,,0
6203,116,17,2,1 2 3 12 48,197
6203,629,37,2 116,3 13 36 49 75 77 115 389,1590
6204,7,3,,2 5,1
6204,39,8,7,1 2 10 17 25,30
6204,53,9,7 39,2 3 4 20 25 29 32,43
6204,98,15,7 39 53,4 44,158
6204,147,19,7 39 53 98,10 18 35 100,290
6204,471,31,7 39 53 98 147,5 6 7 27 58 213 295 450,1126
6205,64,10,,2 12 49,76
6205,95,14,64,2 3 5 88,152
6205,176,21,64 95,1 2 3 5 18 22 26,357
6206,5,2,,2,1
6206,26,7,5,7 23,21
6206,67,10,5 26,2 5 11 60,82
6206,105,16,5 26 67,1 2 4 8 49 70,169
6206,936,45,5 26 67 105,1 2 4 127 179 196 210 233,2487
6207,73,10,,1 6 8 15,104
6208,1,1,,,0
6208,5,2,1,2,1
6208,15,4,1 5,1 12,7
6208,21,6,1 5 15,2 4 8,13
6209,2,1,,,0
6209,23,6,2,7,16
6209,36,7,2 23,2 25,27
6210,16,5,,2 11 13,8
6210,48,8,16,1 2 25 31,40
6210,56,9,16 48,1 2,56
6210,114,17,16 48 56,7 18,195
6210,131,18,16 48 56 114,2 3 8 16 21 91,233
6210,220,21,16 48 56 114 131,2 5 39 173,430
6211,2,1,,,0
6211,12,3,2,1,5
6211,101,16,2 12,4 9 16 19 26 40 72,162
6211,144,19,2 12 101,1 2 3 4 5 6 7 31 33 46,272
6212,50,8,,1 2 7,45
6212,88,13,50,2 3 5,135
6213,1,1,,,0
6213,13,4,1,2 11,5
6213,60,9,1 13,2 5 11,67
6215,11,3,,2,5
6216,1,1,,,0
6216,156,20,1,2 6 11 14 30 69,296
6216,788,40,1 156,1 6 13 173 264 282 390,2140
6217,4,2,,2,0
6217,156,20,4,1 14 32 107 145,301
6217,315,27,4 156,1 2 3 39 58 114,700
6218,25,5,,1 2 10 17,14
6218,89,15,25,3,143
6219,2,1,,,0
6219,19,4,2,8,10
6219,390,29,2 19,1 2 3 7 10 85 90 135 264,899
6220,25,5,,2,16
6220,49,8,25,2 12,52
6220,84,14,25 49,16 29 48 54 62,129
6221,1,1,,,0
6221,8,3,1,2 4,2
6221,68,12,1 8,1 2 3 5 7 12 14 15 59,98
6221,566,36,1 8 68,1 2 3 4 12 127 180 233,1415
6222,1,1,,,0
6222,295,26,1,2 12 76,661
6224,2,1,,,0
6225,4,2,,2,0
6225,7,3,4,,2
6225,32,7,4 7,2 3 4 20 25 29,16
6225,235,22,4 7 32,2 3 10 12 69 83 88 94,531
6225,450,30,4 7 32 235,5 6 7 27 58 213 295,1072
6226,17,4,,1 2 10,6
6226,270,25,17,4 26 31 42 43 44 98 113 188 236,606
6226,672,38,17 270,1 2 4 12 29 41 50 73 125,1752
6227,2,1,,,0
6227,31,7,2,1 2 25,20
6227,116,18,2 31,1 2 3 5 7 14 22 39,211
6227,130,19,2 31 116,2 7 17 32,255
6228,29,6,,2 3 4 20 25,14
6228,145,19,29,1 14 32 107,280
6229,105,17,,34 65,189
6229,316,27,105,1 2 87 117,714
6230,1,1,,,0
6230,8,2,1,,2
6230,59,11,1 8,1 2 3 5 7 12 14 15,87
6230,149,19,1 8 59,1 2 5 8 15 19 52,291
6230,170,20,1 8 59 149,1 3 5 8 131,331
6231,28,6,,1 10,20
6232,1,1,,,0
6232,25,5,1,2 3 4 20,11
6232,33,6,1 25,4 9 10 27,23
6233,10,3,,1 2,2
6233,25,5,10,1 2,14
6233,88,16,10 25,2 3 13 20 45,146
6233,355,28,10 25 88,1 3 10 13 35,808
6234,1,1,,,0
6234,561,36,1,2 18 43,1406
6235,37,7,,6 8,36
6235,64,11,37,1 2 37 55,96
6235,224,21,37 64,1 2 9 10 14 26 36 59 79 119 161 201,495
6235,288,26,37 64 224,1 28,641
6237,2,1,,,0
6237,20,4,2,2 3 4,8
6237,38,9,2 20,1 2 6 32 34,39
6237,51,10,2 20 38,1 2 5 19 24,70
6237,112,18,2 20 38 51,1 5 28 111,217
6237,175,20,2 20 38 51 112,4 6 15 18 21 41 51 52 125,344
6238,27,5,,4 9 10,18
6238,98,16,27,3 4 5,173
6238,111,17,27 98,1 5 28,215
6238,423,29,27 98 111,2 4,1000
6240,55,9,,2,84
6240,72,15,55,4 9 16 19 26 40,117
6240,193,20,55 72,1 3 6 8 32 93 102,381
6241,2,2,,1,0
6241,34,8,2,1 2 6 32,37
6241,70,14,2 34,1 2 4 8 49,109
6242,1,1,,,0
6242,14,3,1,3 7,3
6242,62,13,1 14,16 29 48 54,95
6243,2,1,,,0
6243,5,2,2,1,0
6243,32,7,2 5,1 2 6,33
6243,604,37,2 5 32,1 2 11 26 42 120 336,1547
6244,55,10,,1 2 37,83
6244,100,16,55,1 2 12 22 54,186
6244,350,28,55 100,2 6 65 113 238,817
6247,1,1,,,0
6247,577,36,1,1 5 8 116 141 370 499,1451
6247,932,45,1 577,1 2 4 14 77 78 389 909,2513
6248,154,19,,2 11 21 34,305
6249,7,2,,3,0
6249,10,4,7,1,6
6249,118,16,7 10,1 4 5 9 37,226
6250,54,12,,16 29 48,88
6250,91,15,54,2 3 8 16 21,167
6250,364,28,54 91,1 3 11 14 19 73,843
6251,100,15,,10 18 35,200
6253,3,1,,,0
6253,4,3,3,2 3,0
6253,315,27,3 4,1 2 4 14 20 44,712
6253,527,35,3 4 315,1 3 4 9 62 447,1330
6254,3,2,,2,0
6255,2,1,,,0
6255,7,3,2,1 2,3
6255,10,4,2 7,4 9,5
6255,65,12,2 7 10,1 4 39,112
6255,188,20,2 7 10 65,2 19 23 33 53,403
6256,2,2,,1,0
6256,9,3,2,4,4
6256,22,8,2 9,2 3 4 11 16,30
6256,48,11,2 9 22,16 29,79
6256,520,34,2 9 22 48,1 23 29 262,1311
6257,1,1,,,0
6257,12,6,1,2,12
6257,71,14,1 12,1 2 4 8 22 31 55 56 70,121
6257,120,15,1 12 71,1 5 26 59,233
6257,173,19,1 12 71 120,2 5 39,333
6258,1,1,,,0
6258,44,10,1,4,74
6258,70,13,1 44,1 2 4 8 22 31 55 56,119
6258,201,20,1 44 70,1 2 9 10 14 26 36 59 79 119 161,444
6258,880,44,1 44 70 201,1 2 4 26 29 50,2340
6259,39,9,,1 2 8,64
6260,2,2,,1,0
6260,8,5,2,1 2 4 7,5
6260,213,21,2 8,1 2 4 16 28 40 132,473
6260,236,24,2 8 213,4 26 31 42 43 44 98 113 188,527
6260,277,26,2 8 213 236,2 3 4 18 187 244,617
6260,450,32,2 8 213 236 277,1 2 23 50,1110
6261,1,1,,,0
6261,4,2,1,,0
6261,7,4,1 4,1 2 4,3
6261,450,32,1 4 7,3 13,1111
6262,11,5,,2 5,11
6262,16,7,11,2 3 4 11,21
6262,37,9,11 16,1 2,60
6262,49,10,11 16 37,1 2 4 8,75
6262,454,32,11 16 37 49,1 3 14 89 135,1126
6263,22,8,,4 6 12 18,32
6263,53,11,22,28 45,85
6263,470,32,22 53,11 18 44 49 162 229 323,1183
6264,2,2,,1,0
6264,4,3,2,1 2,2
6264,8,4,2 4,6,7
6264,24,8,2 4 8,1 2 5 19,36
6265,1,1,,,0
6265,15,7,1,1 6 8,22
6265,81,14,1 15,2 4 10 31,156
6265,817,43,1 15 81,2 22 178,2176
6266,1,1,,,0
6266,2,2,1,1,0
6266,6,3,1 2,,4
6266,107,14,1 2 6,1 14 32,199
6266,530,34,1 2 6 107,1 2 7 8 105 341,1317
6267,1,1,,,0
6267,2,2,1,,0
6267,11,6,1 2,2 3 4,12
6267,18,7,1 2 11,4 6 12,21
6267,247,25,1 2 11 18,2 17,542
6268,5,2,,2,2
6269,1,1,,,0
6269,6,3,1,1 2,2
6269,7,5,1 6,1 3 4,4
6269,19,7,1 6 7,1 2 5,23
6269,65,13,1 6 7 19,34,108
6269,131,18,1 6 7 19 65,1 3 5 8,242
6269,565,35,1 6 7 19 65 131,5 11 26 40 286,1405
6270,1,1,,,0
6270,302,27,1,1 2 8 20 21 29 31 88 94 165,661
6270,909,44,1 302,1 2 4 14 77 78 389,2433
6271,2,1,,,0
6271,45,10,2,28,65
6271,48,11,2 45,1 2 3 12,66
6272,4,4,,1 3,2
6272,8,6,4,1 6,9
6272,40,9,4 8,4 9 16 19 26,56
6272,56,12,4 8 40,1 2 4 8 22 31 55,82
6273,2,2,,1,0
6273,3,3,2,1,1
6273,12,6,2 3,4 6,11
6273,55,11,2 3 12,1 2 4 8 22 31,79
6273,161,19,2 3 12 55,2 4 5 18 25 39 56,304
6274,1,1,,,0
6274,4,4,1,2 3,2
6274,6,5,1 4,1,5
6274,15,8,1 4 6,1 2 3 5 7 12 14,16
6274,561,35,1 4 6 15,1 4 6 39 109 129 174,1392
6275,1,1,,,0
6275,3,3,1,2,1
6275,14,7,1 3,1 2 3 5 7 12,14
6275,29,8,1 3 14,16,33
6276,1,1,,,0
6276,2,2,1,,0
6276,6,3,1 2,3,2
6276,45,10,1 2 6,2 3 13 20,56
6276,134,18,1 2 6 45,8 9 11 17 37,230
6277,10,4,,1 4,5
6277,12,6,10,1 2 3 5 7,10
6278,1,1,,,0
6279,1,1,,,0
6279,3,2,1,,0
6279,6,3,1 3,4,0
6279,27,7,1 3 6,6 13 19,25
6279,104,14,1 3 6 27,1 14 28,187
6279,106,17,1 3 6 27 104,1 3 6 9 54 61 65 77 82,191
6281,4,1,,,0
6281,39,9,4,1 4,45
6282,7,5,,1 2 3 5,5
6282,548,34,7,2 5 18 27 58 90,1351
6283,4,2,,1,0
6283,5,3,4,1 2,1
6283,49,10,4 5,2 5 23 25,67
6283,962,46,4 5 49,1 2 4 9 21 276,2592
6284,5,4,,1 2 3,3
6284,567,34,5,2 3 5 26 67 78,1435
6286,1,1,,,0
6286,2,2,1,1,0
6286,3,3,1 2,1 2,1
6286,26,8,1 2 3,4 9 16 19,27
6287,1,1,,,0
6287,2,2,1,1,0
6287,19,6,1 2,6 13,15
6287,125,17,1 2 19,4 6 15 18 21 41 51 52,220
6288,1,1,,,0
6288,16,5,1,,13
6288,28,8,1 16,,27
6288,450,33,1 16 28,1 3 5 13 262,1120
6288,764,42,1 16 28 450,135 139,2009
6290,8,3,,1 2,4
6290,49,11,8,1 2 7 8,65
6290,54,12,8 49,1 2 12 22,83
6290,70,13,8 49 54,1 3 25,117
6290,268,26,8 49 54 70,1 6 86 103 206 223,578
6291,1,1,,,0
6293,1,1,,,0
6293,2,2,1,,0
6293,13,5,1 2,6,9
6293,19,7,1 2 13,4 9 16,17
6293,244,25,1 2 13 19,2 3 4 18 187,523
6295,5,4,,2 3,5
6296,1,1,,,0
6296,2,2,1,1,0
6296,16,6,1 2,4 9,14
6297,1,1,,,0
6297,2,2,1,1,0
6297,3,3,1 2,2,1
6297,31,8,1 2 3,1 2 4 8 22,31
6297,48,11,1 2 3 31,1 26 28 30,74
6297,446,33,1 2 3 31 48,1 3 11 17 186,1112
6298,1,1,,,0
6298,2,2,1,,0
6298,4,3,1 2,,0
6298,161,19,1 2 4,1 2 9 10 14 26 36 59 79 119,336
6299,780,42,,1 2 4 9 595,2060
6300,6,1,,,0
6300,34,10,6,,42
6300,117,17,6 34,2 19 20 50,204
6300,212,24,6 34 117,1 3 4 6 36 82 89 152 158,446
6300,343,27,6 34 117 212,1 4 5 10 12 14 66 79 83 93,784
6301,20,6,,2 3 13,16
6301,685,39,20,1 2 17 48 108 246 338 385,1814
6303,8,4,,1 2 4,3
6303,9,5,8,4,6
6303,69,13,8 9,2 6 11 14 30,109
6303,82,16,8 9 69,1 3 6 9 54 61 65 77,147
6303,616,36,8 9 69 82,9 18 354,1603
6304,3,1,,,0
6304,39,10,3,1 2 3 5 7 14 22,53
6305,636,37,,1 3 493,1670
6306,18,6,,7,20
6306,22,7,18,1 2 4 8,22
6306,132,18,18 22,7 8 17 22 28,257
6307,4,3,,1 2,2
6307,12,4,4,1 2 3,6
6307,25,9,4 12,2 5 23,30
6308,1,1,,,0
6308,4,3,1,,3
6308,13,5,1 4,2 3,9
6308,77,15,1 4 13,1 3 6 9 54 61 65,137
6308,174,21,1 4 13 77,1 4 5 12,372
6308,188,23,1 4 13 77 174,4 26 31 42 43 44 98 113,400
6309,1,1,,,0
6309,2,2,1,1,0
6309,23,8,1 2,2 5,25
6309,46,12,1 2 23,1 2 3 4 5 6 7 31 33,68
6309,295,25,1 2 23 46,16 42,656
6309,306,26,1 2 23 46 295,4,682
6310,1,1,,,0
6312,1,1,,,0
6312,123,17,1,1 4 5 6 26 53,225
6312,943,46,1 123,4 10 12 23 27 42,2545
6314,15,7,,2 5 6 11,17
6314,114,16,15,3 4 7 42 79 110,190
6315,8,5,,1 2,8
6315,30,10,8,1 26 28,49
6315,31,11,8 30,2 4 10,52
6316,3,3,,1 2,0
6316,4,4,3,1,2
6316,35,10,3 4,10 18,57
6317,2,2,,1,0
6317,7,4,2,,7
6317,28,9,2 7,1 26,45
6318,1,1,,,0
6318,3,3,1,2,1
6318,11,6,1 3,2 5 6,10
6318,59,12,1 3 11,1 5 26,93
6318,110,15,1 3 11 59,3 4 7 42 79,177
6319,1,1,,,0
6319,2,2,1,,0
6319,26,8,1 2,1,40
6319,113,15,1 2 26,1 6 7 9 18 22 32 61 99,182
6319,172,22,1 2 26 113,1 4 12 14 17 21 73 135 149,359
6320,8,4,,1 2 4,4
6320,21,6,8,2 3 8 16,22
6320,65,14,8 21,1 3 6 9 54 61,112
6320,414,32,8 21 65,2 5 10 43,1032
6320,489,33,8 21 65 414,2 21 31 136 156 157 179 232,1194
6320,602,36,8 21 65 414 489,1 27 150 493 556,1561
6321,1,1,,,0
6321,2,2,1,1,0
6321,22,7,1 2,1 2 3 5 7 14,25
6321,28,8,1 2 22,1 5,40
6321,543,34,1 2 22 28,1 2 94,1379
6321,558,35,1 2 22 28 543,17 18 122 221 342,1416
6322,1,1,,,0
6322,22,7,1,1 2 12,30
6322,33,9,1 22,1 2 3 4 5 6 7 31,42
6322,127,16,1 22 33,1 2 11 24 33,250
6322,141,20,1 22 33 127,4 13 17 130,296
6322,803,43,1 22 33 127 141,1 3 6 7 11 12 20,2101
6322,878,45,1 22 33 127 141 803,2 52 67 114 817,2325
6323,6,5,,2 5,4
6323,974,46,6,1 2 3 29 34 107 194,2650
6324,1,1,,,0
6324,4,3,1,1 2,0
6324,5,4,1 4,2,2
6324,31,8,1 4 5,1 2 3 4 5 6 7,38
6324,61,13,1 4 5 31,1 3 6 9 54,100
6324,151,20,1 4 5 31 61,1 37 47,309
6325,16,5,,2 3 8,15
6325,32,9,16,2 7 17,44
6325,127,16,16 32,1 2 3 6 28 29 50 89,247
6325,499,33,16 32 127,1 5 8 116 141 370,1218
6325,568,34,16 32 127 499,1 3 21 262 288,1440
6325,646,38,16 32 127 499 568,3 5 241 611,1698
6326,2,2,,1,0
6327,1,1,,,0
6327,2,2,1,,0
6327,5,3,1 2,2,1
6327,52,12,1 2 5,1 2 5 8 15 19,74
6328,323,27,,1 3 14 129 153 213,724
6329,1,1,,,0
6329,14,6,1,1 2 3 5 7,14
6329,119,15,1 14,2 3 4 5 7 11 14 15 23 25 32,223
6329,863,44,1 14 119,1 2 7 97 119 246,2269
6330,2,1,,,0
6330,37,10,2,1 4 5 9,45
6331,5,3,,3 4,0
6331,8,4,5,1 2 7,4
6331,44,11,5 8,1 2 3 6,59
6331,54,12,5 8 44,1 3 6 9,86
6331,102,14,5 8 44 54,1 3 6 8 32 93,160
6331,437,32,5 8 44 54 102,2 5 9 230 273,1075
6332,4,2,,3,0
6332,7,3,4,1 2,3
6332,12,6,4 7,1 2,14
6333,3,1,,,0
6333,8,3,3,2 3,4
6333,18,7,3 8,10,21
6333,99,13,3 8 18,1 6 7 9 18 22 32 61,145
6333,130,19,3 8 18 99,4 13 17,265
6333,447,32,3 8 18 99 130,1 3 4 9 62,1086
6335,25,9,,1 3,32
6335,102,14,25,1 5 26 60,178
6335,223,23,25 102,1 6 86 103 206,461
6335,810,43,25 102 223,2 3 4 5 25 66,2113
6336,1,1,,,0
6336,7,5,1,1 2 3 5,6
6336,10,6,1 7,2 4,13
6336,75,11,1 7 10,3 8 9 15 29 39 48,106
6336,298,26,1 7 10 75,2 4 5 46 274,649
6337,1,1,,,0
6337,2,2,1,1,0
6338,1,1,,,0
6338,3,2,1,2,0
6338,5,4,1 3,1 2 3,2
6338,254,24,1 3 5,2 4 28 94 168,548
6339,2,1,,,0
6340,3,3,,1 2,1
6340,17,8,3,2 7,19
6340,93,13,3 17,1 3 6 8 32,140
6340,119,16,3 17 93,1 2 9 10 14 26 36 59 79,232
6341,1,1,,,0
6341,2,2,1,1,0
6341,10,4,1 2,,9
6341,32,10,1 2 10,1 14,35
6341,132,19,1 2 10 32,1 2 4 16 28 40,256
6342,1,1,,,0
6342,2,2,1,1,0
6342,4,3,1 2,2,2
6342,30,9,1 2 4,2 6 11 14,27
6342,149,21,1 2 4 30,1 4 12 14 17 21 73 135,289
6342,353,31,1 2 4 30 149,1 2 4 6 16 28 71 73 110 134,818
6343,1,1,,,0
6344,1,1,,,0
6344,2,2,1,,0
6344,5,3,1 2,1,1
6344,655,39,1 2 5,3 7 10 17 50 52 138 260,1735
6345,24,8,,2 3 6,19
6345,264,25,24,1 2 3 7 10 85 90 135,558
6345,378,31,24 264,2 3 4 59 105,908
6345,570,33,24 264 378,1 3 5 119 268,1460
6346,850,43,,5 6 11 21 90 313 593,2229
6346,971,47,850,2 4 7 8 24 750,2644
6347,1,1,,,0
6348,1,1,,,0
6348,7,7,1,1 2 3 4 5 6,0
6349,6,6,,1 2 3 4 5,0
6349,79,12,6,3 4 7 42,107
6350,5,5,,1 2 3 4,0
6350,7,6,5,2,4
6350,187,22,5 7,2 3 4 18,376
6350,997,48,5 7 187,2 3 5 23 217 367,2742
6351,4,4,,1 2 3,0
6351,26,6,4,1 5,25
6351,335,30,4 26,1 3 8 9 94 324,769
6352,3,3,,1 2,0
6352,206,22,3,1 6 86 103,421
6352,277,25,3 206,1 3 14 20 24 59 84 88 232,600
6352,735,42,3 206 277,6 7 8 237,1927
6353,2,2,,1,0
6354,1,1,,,0
6354,123,19,1,6 16 52,249
6354,158,21,1 123,1 3 4 6 36 82 89 152,310
6354,949,46,1 123 158,3 5 12 60,2567
6355,2,1,,,0
6355,26,9,2,1 2 3 5 18 22,31
6355,28,10,2 26,1 14,38
6356,135,20,,1 4 12 14 17 21 73,268
6356,238,24,135,2 6 65 113,522
6357,3,2,,1,0
6357,501,32,3,4 8 13 24 33 80 95 207,1243
6358,9,4,,1 4 5,3
6358,14,5,9,2 6 11,9
6358,341,30,9 14,2 4 37 61 317,812
6359,1,1,,,0
6359,14,5,1,1,11
6359,22,8,1 14,1 2 3 5 18,26
6360,19,7,,1 2 5 8 15,19
6360,52,11,19,4 6 15 18 21 41 51,71
6360,152,20,19 52,1 3 4 6 36 82 89,298
6360,274,24,19 52 152,2 4 5 46,591
6360,611,37,19 52 152 274,3 5 241,1599
6360,965,47,19 52 152 274 611,2 13 46 64 276,2647
6361,1,1,,,0
6361,11,4,1,2 6,7
6361,51,10,1 11,4 6 15 18 21 41,69
6361,164,20,1 11 51,17 87,327
6362,5,3,,1 4,1
6362,205,20,5,8 11 19 137,411
6362,324,29,5 205,1 3 8 9 94,741
6363,4,2,,1,1
6363,6,3,4,2 3,2
6363,18,7,4 6,1 2 3 5,20
6363,48,9,4 6 18,3 8 9 15 29 39,58
6363,89,14,4 6 18 48,1 2 3 6 28 29 50,166
6364,1,1,,,0
6364,15,6,1,1 2 5 8,13
6364,80,13,1 15,1 2 16 44 46,141
6364,114,19,1 15 80,1 2 41,229
6364,564,34,1 15 80 114,1 16 31 130 300,1439
6366,1,1,,,0
6366,3,2,1,2,0
6366,6,3,1 3,2,1
6366,70,11,1 3 6,1 4 5 11 25 41,109
6366,94,18,1 3 6 70,2 3 10 12 69 83 88,189
6366,556,33,1 3 6 70 94,1 27 150 493,1418
6367,2,1,,,0
6367,50,10,2,2 19 20,66
6367,475,31,2 50,1 2 3 31 78 375,1161
6368,34,7,,2 11 21,40
6369,6,4,,1 2 3,2
6369,14,6,6,1,18
6370,2,1,,,0
6370,489,31,2,1 2 4 9 25 130 147,1213
6370,726,42,2 489,2 73 529,1903
6371,8,5,,1 2 5,7
6371,41,9,8,4 6 15 18 21,53
6371,61,10,8 41,1 6 7 9 18 22 32,75
6371,565,33,8 41 61,1 2 3 7 27 40 69 201,1441
6372,1,1,,,0
6372,3,3,1,1 2,0
6372,5,4,1 3,1,2
6372,39,8,1 3 5,3 8 9 15 29,44
6372,88,17,1 3 5 39,2 3 10 12 69 83,176
6372,306,27,1 3 5 39 88,3 4 23 227,684
6372,869,44,1 3 5 39 88 306,3 4 16 28 34 712,2303
6373,2,2,,1,0
6373,37,7,2,8 9 11 17,38
6373,68,12,2 37,2 3 4 5 17 45,110
6373,984,48,2 37 68,1 4 17 27 101 447 678 941,2703
6374,1,1,,,0
6374,5,3,1,1 2,2
6376,1,1,,,0
6376,5,4,1,1 2 3,4
6376,9,5,1 5,1 3 6,10
6377,1,1,,,0
6377,2,2,1,1,0
6377,16,5,1 2,1 3 7 9,12
6377,60,11,1 2 16,1 5 26,92
6377,78,14,1 2 16 60,1 12 19,146
6377,83,16,1 2 16 60 78,2 3 10 12 69,163
6377,125,18,1 2 16 60 78 83,4 5,239
6377,263,24,1 2 16 60 78 83 125,1 2 3 4 37 40 50,558
6377,285,25,1 2 16 60 78 83 125 263,1 2 3 4 13 20 26 110 154,623
6378,1,1,,,0
6378,3,3,1,1 2,1
6378,56,10,1 3,2 4 5 18 25 39,71
6379,1,1,,,0
6379,2,2,1,1,0
6379,6,3,1 2,1 3,4
6380,1,1,,,0
6380,79,15,1,1 2 9 10 14 26 36 59,147
6380,295,25,1 79,5 6 7 27 58 213,646
6380,665,41,1 79 295,8 69 247 369,1716
6381,1,1,,,0
6381,21,6,1,2 11,17
6381,75,14,1 21,2 3 22 46,140
6382,1,1,,,0
6382,3,2,1,1,1
6382,29,7,1 3,3 8 9 15,24
6382,53,10,1 3 29,1 4 5 6 26,68
6382,301,28,1 3 29 53,1 3 4 9 15 22 27 33 62 160 257,666
6382,317,29,1 3 29 53 301,2 4 37 61,735
6383,1,1,,,0
6383,113,17,1,4 26 31 42 43 44 98,209
6383,693,41,1 113,3 17 24 62 283,1780
6383,817,42,1 113 693,2 52 67 114,2126
6384,1,1,,,0
6384,9,4,1,1 3 7,1
6386,1,1,,,0
6386,7,3,1,1 3,0
6386,21,6,1 7,4 7,12
6386,42,8,1 7 21,3 4 7,37
6388,198,23,,4 11 41 81,400
6389,96,16,,47 75,182
6390,3,2,,1,0
6390,53,11,3,2 19 23 33,86
6390,585,38,3 53,338 582,1521
6391,11,5,,2,9
6391,21,7,11,4 6 15 18,20
6391,39,8,11 21,2 5,37
6391,69,15,11 21 39,2 3 10 12,136
6392,1,1,,,0
6392,8,4,1,1 3 5,3
6393,1,1,,,0
6393,17,5,1,8 9 11,9
6393,582,37,1 17,338,1513
6394,1,1,,,0
6394,18,6,1,4 6 15,15
6394,188,22,1 18,6 7 23 183,375
6394,276,24,1 18 188,27 114,602
6395,5,3,,1 3,1
6395,39,9,5,2 4 5 18 25,44
6395,41,10,5 39,1 4 5 11 25,54
6395,75,15,5 39 41,1 2,139
6396,1,1,,,0
6396,15,5,1,3 8 9,9
6396,45,10,1 15,2 3 4 5 17,66
6396,252,23,1 15 45,5 15,540
6397,3,2,,1,0
6397,15,5,3,4 6,11
6397,20,6,3 15,2 19,15
6397,232,22,3 15 20,1 3 14 20 24 59 84 88,485
6398,19,5,,2,15
6398,46,12,19,1 2 16 44,71
6398,98,15,19 46,4 26 31 42 43 44,178
6399,1,1,,,0
6399,11,4,1,8 9,4
6399,183,21,1 11,6 7 23,360
6400,1,1,,,0
6400,2,2,1,,0
6400,7,3,1 2,4,0
6400,32,8,1 2 7,1 6 7 9 18 22,21
6400,44,11,1 2 7 32,1 2 16,65
6400,59,14,1 2 7 32 44,1 2 9 10 14 26 36,104
6401,9,3,,8,1
6401,32,8,9,1 3 6 8,26
6401,843,44,9 32,3 5 21 124,2219
6401,856,45,9 32 843,5 7 53 392 448,2260
6402,8,2,,,1
6402,9,3,8,3 8,1
6402,50,13,8 9,1 2 3 6 28 29,81
6403,4,1,,,0
6403,8,2,4,3,0
6403,106,15,4 8,3 12 62,183
6403,221,21,4 8 106,1 2 4 20 32 35 118,450
6404,112,16,,19 21 75,197
6406,6,3,,4,1
6407,165,20,,1 2 8 20 21 29 31 88 94,312
6408,3,1,,,0
6408,4,2,3,,0
6409,25,8,,2 4 5 18,23
6409,26,9,25,1 4 5 6,27
6410,22,7,,1 6 7 9 18,13
6410,28,9,22,7 8 17 22,38
6410,33,10,22 28,2 19 23,48
6410,46,13,22 28 33,2 3 22,85
6410,75,14,22 28 33 46,47,134
6410,323,30,22 28 33 46 75,11 18 44 49 162 229,771
6411,25,7,,1 4 5 11,30
6411,26,8,25,1 5,34
6413,1,1,,,0
6414,1,1,,,0
6414,18,6,1,1 6 7 9,11
6414,214,21,1 18,1 9 21 22 33,441
6415,2,1,,,0
6416,18,6,,2 4 5,18
6416,22,8,18,7 8 17,31
6416,32,11,18 22,2 3 4 5 7 11 14 15 23 25,47
6416,33,12,18 22 32,1 2 11 24,57
6416,72,14,18 22 32 33,7 9 11 46 52,126
6416,941,47,18 22 32 33 72,1 4 17 27 101 447 678,2582
6418,73,14,,1 4 12 14 17 21,131
6418,114,17,73,1 2 3 39 58,203
6420,23,9,,2 19,40
6421,1,1,,,0
6421,7,4,1,3 4,4
6421,17,7,1 7,7 8,29
6421,214,21,1 7 17,1 2 6 13 17 68 70,446
6423,1,1,,,0
6423,9,5,1,1 6 7,7
6423,25,10,1 9,2 3 4 5 7 11 14 15 23,41
6423,29,12,1 9 25,1 2 3 6 28,54
6423,36,13,1 9 25 29,1 2 9 10 14 26,70
6423,89,15,1 9 25 29 36,1 3 4 6 36 82,155
6423,341,30,1 9 25 29 36 89,6 11 41 65 70 192,819
6423,805,43,1 9 25 29 36 89 341,1 9 37 81 111 187 599,2122
6424,1,1,,,0
6424,4,3,1,3,2
6424,17,7,1 4,2 3 4 5,28
6424,19,8,1 4 17,2,32
6424,28,11,1 4 17 19,1 2 3 6,50
6424,168,20,1 4 17 19 28,2 4 28 94,342
6424,306,29,1 4 17 19 28 168,1 3 6 31 39 108,731
6425,1,1,,,0
6425,3,2,1,,1
6425,5,3,1 3,2,1
6425,7,4,1 3 5,1 6,2
6425,8,5,1 3 5 7,1 3 6,4
6425,11,6,1 3 5 7 8,1 4 5,14
6425,23,9,1 3 5 7 8 11,2 3 4 5 7 11 14 15,31
6425,24,10,1 3 5 7 8 11 23,1 2 11,39
6425,52,12,1 3 5 7 8 11 23 24,6 16,91
6425,264,28,1 3 5 7 8 11 23 24 52,1 43 226,582
6426,1,1,,,0
6426,6,2,1,1,1
6426,257,27,1 6,1 3 4 9 15 22 27 33 62 160,555
6427,6,3,,1 3,2
6427,115,18,6,1 2 4 11 104,201
6428,2,1,,,0
6428,16,7,2,1 2,23
6428,25,9,2 16,3 5 10,41
6428,47,11,2 16 25,1 37,77
6428,117,18,2 16 25 47,1 2 87,207
6428,272,27,2 16 25 47 117,1 2 6 9 11 14 16,619
6429,5,4,,2 4,3
6429,6,5,5,1 4 5,5
6429,111,17,5 6,1 3 8 69,190
6429,493,32,5 6 111,1 27 150,1239
6430,3,2,,1,1
6430,4,3,3,2,2
6430,5,4,3 4,1 4,3
6430,8,6,3 4 5,7,10
6430,82,14,3 4 5 8,1 3 4 6 36,128
6430,137,19,3 4 5 8 82,8 11 19,238
6431,1,1,,,0
6431,4,3,1,1,2
6431,5,4,1 4,1 4,3
6431,7,5,1 4 5,,7
6432,1,1,,,0
6432,2,2,1,,0
6432,4,3,1 2,1,1
6432,5,4,1 2 4,1,2
6433,15,8,,2 3 4 5 7 11 14,12
6433,26,9,15,1 2 9 10 14,36
6433,40,10,15 26,1 2 4 16 28,55
6433,113,18,15 26 40,2 4 5 10 11 12 13 21 30 34 46 65 103,191
6433,320,29,15 26 40 113,2 6 15 20 135 304,744
6434,1,1,,,0
6434,14,7,1,2 3 4 5 7 11,11
6434,22,8,1 14,2 3,31
6434,369,29,1 14 22,1 7 79 210 273,844
6435,1,1,,,0
6436,1,1,,,0
6436,5,5,1,2 3 4,1
6436,19,7,1 5,1 12,25
6436,52,11,1 5 19,7 9 11 46,72
6436,235,24,1 5 19 52,1 2 7 38 84 174,481
6437,4,4,,2 3,1
6437,11,6,4,2 3 4 5 7,7
6437,41,10,4 11,1 2,60
6438,3,3,,2,1
6438,11,6,3,1 2,11
6438,37,9,3 11,1,49
6438,47,10,3 11 37,,64
6438,87,16,3 11 37 47,17,131
6438,104,17,3 11 37 47 87,1 2 4 11,162
6438,213,21,3 11 37 47 87 104,1 3 14 129 153,419
6439,1,1,,,0
6439,2,2,1,,0
6439,54,10,1 2,3 6,73
6441,2,1,,,0
6441,7,5,2,2 3 4 5,3
6441,75,14,2 7,19 21,106
6441,76,15,2 7 75,2 12,108
6441,547,38,2 7 75 76,13 17 26 279 404 446 476,1390
6442,2,2,,1,0
6442,46,9,2,7 9 11,60
6442,151,19,2 46,1 2 3 4 8 54 98 138,281
6443,1,1,,,0
6443,5,4,1,2 3 4,1
6443,10,5,1 5,3 5,10
6443,12,6,1 5 10,1,13
6443,103,14,1 5 10 12,2 4 5 10 11 12 13 21 30 34 46 65,161
6443,389,30,1 5 10 12 103,3 13 36 49 75 77 115,888
6444,1,1,,,0
6444,4,3,1,2 3,0
6444,378,29,1 4,2 5 9 18 26 29,860
6445,3,2,,2,0
6445,14,6,3,1 2 9 10,13
6445,28,8,3 14,1 2 4 16,31
6446,2,1,,,0
6446,6,4,2,1 2 3,2
6446,17,7,2 6,4 13,19
6446,914,47,2 6 17,1 11 17 23 26 129 479,2486
6447,2,2,,1,0
6447,62,13,2,3 12,79
6448,1,1,,,0
6448,5,4,1,3,3
6448,12,6,1 5,2 3 10,12
6448,493,33,1 5 12,1 3,1227
6449,3,3,,1 2,0
6449,10,5,3,1 2 9,7
6449,18,7,3 10,1 5,17
6449,169,19,3 10 18,2 3 4 25 75,305
6449,304,28,3 10 18 169,2 6 15 20 135,693
6450,2,2,,1,0
6450,3,3,2,,1
6450,9,4,2 3,1 2,5
6450,10,5,2 3 9,2 3,7
6450,13,6,2 3 9 10,4,9
6451,1,1,,,0
6451,227,26,1,3 4 23,455
6451,276,27,1 227,1 2 4 12 47 59 75 85,615
6451,754,42,1 227 276,2 3 5 13 22 39 41 68,1924
6452,44,12,,4 26 31 42 43,47
6452,633,41,44,1 5 8 22 71 283 412 502,1603
6453,1,1,,,0
6453,3,3,1,2,1
6453,43,11,1 3,4 26 31 42,45
6453,121,16,1 3 43,1 18 23 31 33 62,188
6453,979,47,1 3 43 121,1 2 21 25 28 34 100,2660
6454,1,1,,,0
6454,2,2,1,,0
6454,42,10,1 2,4 26 31,43
6454,66,11,1 2 42,1 4 16 43 49,75
6454,121,16,1 2 42 66,1 2 4 10 11 21 62 71 79,190
6454,370,27,1 2 42 66 121,1 5 8 116 141,832
6455,43,10,,1 3 29,46
6455,103,15,43,1 6 86,152
6455,138,18,43 103,1 2 3 4 8 54 98,242
6455,222,25,43 103 138,3 5 8 48 56,436
6455,341,26,43 103 138 222,1 2 7 8 105,760
6457,2,2,,1,0
6457,3,3,2,2,1
6457,16,4,2 3,1 2 4,9
6457,126,17,2 3 16,1 2 6 7 29 104,202
6458,1,1,,,0
6458,2,2,1,,0
6458,47,10,1 2,5 15,48
6458,87,12,1 2 47,1 2,121
6459,4,1,,,0
6459,246,25,4,1 2 6 19 37 98,528
6461,15,6,,2 4 6 7,10
6461,16,7,15,6,14
6462,5,2,,1,2
6462,71,11,5,1 2 8 18,89
6462,99,15,5 71,3 5 24 30,144
6462,213,24,5 71 99,5 6 7 27 58,416
6463,1,1,,,0
6463,202,23,1,,401
6463,226,24,1 202,1 43,462
6464,1,1,,,0
6464,60,10,1,4 9 23 33,70
6465,31,9,,4 26,32
6465,546,40,31,6 15 29 33 539,1393
6466,1,1,,,0
6467,375,28,,1 2 3 31 78,865
6467,839,46,375,1 15 19 40 96 131 373,2212
6468,2,2,,1,0
6468,187,22,2,4 14 103,359
6468,226,23,2 187,2 6 7 48 81,466
6469,1,1,,,0
6469,4,3,1,1 2,0
6469,7,5,1 4,2 4 6,3
6469,29,9,1 4 7,1 3,29
6470,6,4,,2 4,3
6470,12,5,6,1 4 5,9
6470,21,7,6 12,1 4 12 14 17,16
6470,26,8,6 12 21,4,24
6471,2,2,,1,0
6471,6,4,2,,4
6471,49,9,2 6,1 4 16 43,49
6471,69,11,2 6 49,1 3 8,86
6471,775,44,2 6 49 69,1 15 26 33 44 59 240 393,2008
6472,1,1,,,0
6472,4,3,1,2,1
6472,86,14,1 4,1 6,120
6472,367,27,1 4 86,2 4 7 20,833
6472,539,39,1 4 86 367,6 15 29 33,1372
6474,1,1,,,0
6474,2,2,1,,0
6474,17,6,1 2,1 4 12 14,10
6474,58,10,1 2 17,1 2 3 39,62
6474,135,18,1 2 17 58,1 2 3 7 10 85 90,225
6476,2,2,,1,0
6476,36,6,2,1 3 4 6,30
6476,262,22,2 36,1 3 5 13,588
6477,1,1,,,0
6477,5,3,1,1 4,1
6477,11,4,1 5,7 9,4
6477,14,5,1 5 11,1 4 12,6
6477,43,8,1 5 11 14,1 4 16,38
6478,1,1,,,0
6478,4,2,1,1,0
6478,94,14,1 4,1 2 8 20 21 29 31 88,126
6478,802,45,1 4 94,1 2 3 90 92 151 666,2110
6479,9,3,,7,2
6479,12,4,9,1 4,3
6479,104,16,9 12,1 2 6 7 29,155
6481,1,1,,,0
6481,7,2,1,,1
6481,65,13,1 7,2 4 5 10 11 12 13 21 30 34 46,81
6481,113,17,1 7 65,2 6 65,194
6484,88,13,,1 2 8 20 21 29 31,121
6484,595,40,88,1 2 4 9,1495
6485,1,1,,,0
6487,4,2,,1,0
6487,6,3,4,3,1
6490,1,1,,,0
6490,3,2,1,,0
6490,15,4,1 3,5,8
6490,129,18,1 3 15,2 3 4 6 7 9 10 104,227
6491,33,9,,4 9 23,32
6491,86,15,33,2 7 13,136
6491,98,16,33 86,2 5 8 13 16 74,157
6491,161,21,33 86 98,2 4 24 27,305
6491,463,36,33 86 98 161,1 2 26 30 76 408,1152
6491,914,46,33 86 98 161 463,3 10 53 99 339 720 833,2504
6492,4,2,,,1
6492,984,46,4,1 3 4 68 73 80 161 236,2692
6493,39,9,,1 2 3,41
6493,499,38,39,1 3 4 9 43 58 143 194 402,1280
6494,1,1,,,0
6495,3,2,,1,0
6495,21,7,3,19,19
6495,28,8,3 21,1,26
6495,98,15,3 21 28,1 2 3 4 8 54,171
6495,273,24,3 21 28 98,2 5 9 230,622
6496,79,14,,1 2 4 10 11 21 62 71,121
6496,576,39,79,3 5 6 12 22 27 230,1452
6497,1,1,,,0
6497,5,3,1,4,2
6497,12,4,1 5,3,7
6497,17,5,1 5 12,2,13
6497,19,6,1 5 12 17,,15
6497,174,21,1 5 12 17 19,1 2 7 38 84,336
6497,370,27,1 5 12 17 19 174,2 5 6 20 33 41 202,878
6498,1,1,,,0
6498,4,2,1,,1
6498,94,14,1 4,2 4 28,159
6498,153,20,1 4 94,1 3 14 129,284
6499,7,3,,1 2,2
6499,881,45,7,1 12,2408
6500,1,1,,,0
6500,5,2,1,,0
6500,34,8,1 5,1 4 5 12,34
6500,46,12,1 5 34,2 4 5 10 11 12 13 21 30 34,57
6500,141,19,1 5 34 46,2 4 23 27 48,256
6501,23,7,,4 9,17
6504,2,2,,1,0
6504,16,6,2,1 4,11
6504,71,13,2 16,1 2 4 10 11 21 62,106
6504,229,21,2 16 71,11 18 44 49 162,521
6505,1,1,,,0
6505,12,5,1,2,8
6505,81,13,1 12,4 11 41,123
6505,536,38,1 12 81,5 8 176 265,1351
6506,3,1,,,0
6506,6,4,3,1 3 4,0
6506,24,5,3 6,1 3 4 15,15
6506,118,18,3 6 24,1 2 4 20 32 35,203
6508,4,3,,1 3,0
6508,17,4,4,,12
6508,154,19,4 17,1 2 3 4 13 20 26 110,295
6508,758,44,4 17 154,1 2 3 4 6 103 619,2006
6509,3,2,,1,0
6509,329,26,3,1 2 164,753
6511,1,1,,,0
6511,336,26,1,1 2 11 26 42 120,790
6512,1,1,,,0
6512,2,2,1,,0
6512,34,11,1 2,2 4 5 10 11 12 13 21 30,43
6512,62,12,1 2 34,1 18 23 31 33,88
6512,476,37,1 2 34 62,13 17 26 279 404 446,1209
6512,559,38,1 2 34 62 476,1 2 11 40 44 84 118,1402
6513,62,12,,1 2 4 10 11 21,93
6514,1,1,,,0
6514,262,24,1,1 23 29,592
6515,2,1,,,0
6515,9,3,2,4,4
6515,15,4,2 9,1 3 4,6
6515,18,5,2 9 15,1 2 8,12
6515,74,12,2 9 15 18,2 5 8 13 16,114
6515,76,13,2 9 15 18 74,1 3 4 9 17 20 24 26,120
6515,104,17,2 9 15 18 74 76,2 3 4 6 7 9 10,177
6515,958,45,2 9 15 18 74 76 104,2 6 661,2622
6516,4,2,,1,0
6516,27,7,4,2 3 8,30
6516,30,10,4 27,2 4 5 10 11 12 13 21,36
6516,365,28,4 27 30,1 2 8 74 234,876
6519,1,1,,,0
6519,18,6,1,2 3 4,18
6519,90,16,1 18,1 2 3 7 10 85,146
6519,768,44,1 18 90,1 2 7 14 67 72 87 100 151,2035
6520,1,1,,,0
6520,4,2,1,,1
6520,221,21,1 4,1 2 6 38 39,504
6520,290,25,1 4 221,10 47 103 190,652
6520,357,27,1 4 221 290,4 16 120 151 162 216,849
6520,469,37,1 4 221 290 357,2 11 20 90 155 164 281,1193
6522,1,1,,,0
6522,12,5,1,1 4 5,10
6522,129,18,1 12,1 3 14,240
6523,160,20,,1 3 4 9 15 22 27 33 62,319
6524,44,11,,1 2 4 14 20,60
6524,85,15,44,1 2 3 7 10,141
6525,8,4,,1 2,7
6525,21,9,8,2 4 5 10 11 12 13,29
6526,4,3,,1 3,1
6527,1,1,,,0
6527,3,2,1,1,0
6527,20,10,1 3,1 2 3 6 11 14,33
6527,336,26,1 3 20,1 2 7 8 23 74 172 227,800
6528,71,14,,4 17,126
6528,640,40,71,2 3 9 14 88 137,1624
6529,1,1,,,0
6529,3,3,1,1 2,0
6529,5,4,1 3,1 4,4
6529,65,13,1 3 5,2 6,118
6529,712,43,1 3 5 65,3 4 16 28 34,1854
6530,2,2,,1,0
6530,4,3,2,1,3
6530,133,19,2 4,1 6 25 34,262
6530,273,24,2 4 133,1 7 79 210,611
6531,1,1,,,0
6531,2,2,1,1,0
6531,11,5,1 2,1 2 4,9
6531,30,10,1 2 11,3 5 24,37
6532,1,1,,,0
6532,8,4,1,1 3,5
6533,1,1,,,0
6533,4,3,1,2 3,1
6533,13,8,1 4,2 4 5 10 11 12,14
6533,14,9,1 4 13,1 2 3 6 11,20
6533,164,19,1 4 13 14,1 6 58,345
6534,1,1,,,0
6534,3,2,1,2,0
6534,12,7,1 3,2 4 5 10 11,12
6534,854,44,1 3 12,1 6 13 64 76 464,2335
6535,2,1,,,0
6535,8,4,2,2 3,5
6535,11,6,2 8,2 4 5 10,10
6536,10,5,,2 4 5,10
6536,11,6,10,1 2 3 6,13
6537,3,2,,1,0
6537,24,6,3,3 5,22
6537,342,26,3 24,17 18 122 221,813
6538,4,3,,1 2,1
6538,72,14,4,3 4 8 12 56,112
6538,230,23,4 72,2 5 9,523
6539,1,1,,,0
6539,54,12,1,1 2 3 4 8,88
6539,416,36,1 54,1 4 5 13 19 45 168,1038
6540,2,2,,1,0
6540,3,3,2,2,1
6541,1,1,,,0
6541,2,2,1,,0
6541,5,4,1 2,2 4,3
6541,6,5,1 2 5,1 2 3,5
6541,31,9,1 2 5 6,1 2 8 20 21 29,27
6541,33,10,1 2 5 6 31,1 18 23 31,33
6541,73,14,1 2 5 6 31 33,1 3 11 14 19,108
6541,88,15,1 2 5 6 31 33 73,1 3 14 20 24 59 84,140
6542,4,3,,2,3
6542,446,36,4,13 17 26 279 404,1126
6543,1,1,,,0
6543,2,2,1,1,0
6543,29,8,1 2,1 2 8 20 21,24
6543,31,9,1 2 29,1 18 23,29
6543,75,14,1 2 29 31,2 3 4 25,109
6544,1,1,,,0
6544,2,2,1,,0
6544,3,3,1 2,1 2,0
6545,2,2,,1,0
6545,41,9,2,4 11,46
6545,84,14,2 41,1 3 14 20 24 59,129
6546,1,1,,,0
6546,408,35,1,1 2 26 30 76,1009
6548,1,1,,,0
6548,19,5,1,8 11,9
6548,20,6,1 19,1 2 4 14,11
6548,286,25,1 19 20,5 11 26 40,637
6549,750,43,,23 63 223,1981
6550,93,17,,1 4 5 10 12 14 66 79 83,160
6551,1,1,,,0
6551,21,7,1,1 2 8 20,15
6551,23,8,1 21,1 18,19
6551,334,29,1 21 23,1 3 4 8 21 23 29 189,804
6551,687,42,1 21 23 334,1 2 6 7 14 25 358,1774
6552,6,2,,1,1
6552,20,6,6,1 2 8,14
6552,103,17,6 20,4 14,177
6552,110,18,6 20 103,1 2 3 4 13 20 26,197
6553,35,9,,1 3 10 13,39
6553,384,32,35,2 9 19 33 39 146,947
6553,814,43,35 384,1 6 21 36 46 104 491,2200
6554,14,5,,1 2 4,9
6554,21,6,14,1 2 4 10 11,18
6554,29,8,14 21,1 2 6 7,30
6554,56,13,14 21 29,3 4 8 12,79
6554,233,23,14 21 29 56,1 2 3 4 12 127 180,508
6556,1,1,,,0
6556,5,3,1,3,2
6556,11,4,1 5,8,5
6556,18,5,1 5 11,1,13
6556,114,17,1 5 11 18,27,201
6556,188,22,1 5 11 18 114,1 2 4 9 54 98 110,425
6556,715,42,1 5 11 18 114 188,1 2 3 4 11 15 23 28 38 573,1888
6557,1,1,,,0
6557,186,21,1,1 3 11 17,419
6558,1,1,,,0
6558,3,2,1,,0
6559,8,2,,,2
6559,23,7,8,6 7,19
6559,260,24,8 23,1 3 10 16 101 215 217,572
6560,83,16,,1 4 5 10 12 14 66 79,141
6561,118,16,,3 16 27 28 62,218
6561,134,18,118,1 2 4 6 16 28 71 73 110,266
6562,1,1,,,0
6562,42,12,1,16,60
6562,401,35,1 42,1 11 41 64 114,1004
6564,4,3,,1 2,1
6564,8,4,4,1 2,4
6564,11,5,4 8,1 2 4 10,7
6564,13,6,4 8 11,2 7,11
6564,28,11,4 8 11 13,2 4,40
6564,79,15,4 8 11 13 28,1 4 5 10 12 14 66,134
6565,1,1,,,0
6565,10,4,1,1 2 4,6
6565,26,10,1 10,1 3 4 9 17 20 24,30
6565,70,13,1 10 26,1 2 6 13 17 68,106
6565,354,31,1 10 26 70,9 18,866
6566,2,2,,1,0
6567,1,1,,,0
6567,24,9,1,1 3 4 9 17 20,28
6567,68,12,1 24,1 2 6 13 17,103
6567,386,34,1 24 68,1 2 4 5 7 13 67 225,947
6567,529,38,1 24 68 386,2 73,1336
6567,560,39,1 24 68 386 529,1 2 3 40 77 140 331 405 524,1401
6567,750,42,1 24 68 386 529 560,2 4 7 8 24,1989
6569,807,42,,3 13 20 21 54 70 136 144 153 238 402,2196
6569,932,43,807,1 2 3 6 13 31 42 129 159 174 355,2563
6570,1,1,,,0
6570,2,2,1,1,0
6570,7,4,1 2,2,5
6570,59,11,1 2 7,1 3 14 20 24,90
6571,1,1,,,0
6571,4,3,1,1 2,1
6571,20,8,1 4,1 3 4 9 17,23
6571,162,20,1 4 20,11 18 44 49,368
6572,192,21,,6 11 41 65 70,433
6572,353,31,192,1 2 3 33 91 261,862
6572,833,42,192 353,3 10 53 99 339 720,2273
6573,1,1,,,0
6573,2,2,1,1,0
6573,16,7,1 2,2 5 8 13,15
6573,181,20,1 2 16,1 2 7 11 19 56 130,411
6574,1,1,,,0
6574,17,7,1,1 3 4 9,19
6575,2,1,,,0
6575,7,3,2,6,1
6575,11,5,2 7,4,6
6575,13,6,2 7 11,1 3 10,7
6575,62,12,2 7 11 13,3 4 18,92
6576,6,2,,,1
6576,7,4,6,1 2 6,1
6576,13,5,6 7,2 5 8,8
6576,122,18,6 7 13,1 2 3 4 21 23 47,246
6576,320,30,6 7 13 122,1 3 4 23 26 41 67 213 269,753
6577,6,3,,1 2,1
6577,66,14,6,1 4 5 10 12 14,105
6577,232,23,6 66,2 21 31 136 156 157 179,500
6578,1,1,,,0
6578,10,3,1,1 3,3
6578,383,34,1 10,1 25 32,953
6581,2,2,,1,0
6581,8,4,2,2 5,4
6581,135,18,2 8,1 3 14 89,292
6581,255,24,2 8 135,2 5 21 104 108,570
6582,1,1,,,0
6582,4,2,1,,0
6582,9,4,1 4,1 3 4,5
6582,17,6,1 4 9,4,19
6583,502,37,,1 5 8 22 71 283 412,1259
6584,5,3,,2,2
6584,316,30,5,2 38 39 99 116 147,758
6584,404,35,5 316,13 17 26 279,1016
6584,570,39,5 316 404,2 14 18,1420
6585,3,2,,1,0
6585,8,5,3,1 2 3 4,8
6585,110,17,3 8,1 2 4 6 16 28 71 73,217
6587,1,1,,,0
6587,2,2,1,,0
6587,4,3,1 2,1 3,1
6587,84,14,1 2 4,1 2 7 38,144
6588,3,2,,1,1
6588,4,3,3,2,2
6588,6,5,3 4,2,7
6588,16,6,3 4 6,,13
6588,46,11,3 4 6 16,2 4 5,61
6589,1,1,,,0
6589,4,4,1,1 2 3,2
6589,35,10,1 4,1 2 4 20 32,42
6589,273,24,1 4 35,3 5 21 87 160,633
6590,1,1,,,0
6590,2,2,1,,0
6590,3,3,1 2,1 2,0
6590,50,13,1 2 3,1 2 3 4 37 40,66
6590,402,35,1 2 3 50,1 3 4 9 43 58 143 194,1016
6591,2,2,,1,0
6591,101,16,2,3 5 7 37 50,188
6592,1,1,,,0
6592,2,2,1,,0
6592,32,9,1 2,1 2 4 20,36
6592,94,15,1 2 32,1 3 8 9,169
6593,25,8,,2 3 4,23
6593,48,13,25,2 4 23 27,67
6593,120,17,25 48,1 2 3 5 6 11 38,245
6593,210,22,25 48 120,1 7 79,450
6595,1,1,,,0
6595,4,2,1,,1
6595,19,7,1 4,1 3 11 14,15
6595,33,10,1 4 19,1 9 21 22,37
6596,1,1,,,0
6597,598,41,,1 10 29 65 255 509,1502
6597,883,42,598,45,2407
6598,12,6,,3 4 8,9
6599,1,1,,,0
6599,10,5,1,1 2 3 7,3
6599,129,19,1 10,1 2 4 19 35 114,291
6600,14,6,,1 3 11,11
6600,40,12,14,1 2 3 4 37,52
6601,56,12,,3 6 11 35,84
6601,348,33,56,11 31 185 324 335,851
6601,385,34,56 348,1 2 17 48 108 246 338,965
6602,1,1,,,0
6602,7,4,1,1 2 3,2
6602,8,5,1 7,3 4,5
6602,206,22,1 7 8,1 5 8 9 11,440
6602,217,23,1 7 8 206,1 3 10 16 101 215,471
6602,309,30,1 7 8 206 217,2 6 140,753
6603,11,5,,1 3,8
6603,37,11,11,1 2 3 4,48
6603,159,20,11 37,1 10 28 48 132,355
6603,524,38,11 37 159,1 2 3 40 77 140 331 405,1303
6603,561,39,11 37 159 524,1 4 5 14 15 279,1385
6603,590,40,11 37 159 524 561,2 13 27,1478
6603,593,41,11 37 159 524 561 590,5 6 11 21 90 313,1487
6604,20,8,,1 2 4,23
6604,122,18,20,1 4 51 76,269
6604,215,22,20 122,1 3 10 16 101,466
6605,24,10,,1 3 14 20,31
6605,288,29,24,1 3 21 262,680
6606,1,1,,,0
6606,3,3,1,1 2,1
6606,4,4,1 3,3,3
6606,22,9,1 3 4,1 9 21,24
6606,276,28,1 3 4 22,2 3 5 10 35 36 237 261,655
6607,1,1,,,0
6607,2,2,1,1,0
6607,3,3,1 2,,1
6607,21,8,1 2 3,1 9,21
6607,98,16,1 2 3 21,1 2 6 19 37,204
6607,180,21,1 2 3 21 98,1 2 3 4 12 127,383
6607,454,35,1 2 3 21 98 180,2 18 28 36 414,1099
6608,1,1,,,0
6609,10,7,,2 3 4 6 7 9,7
6609,20,8,10,1 3 14,21
6610,1,1,,,0
6610,9,6,1,2 3 4 6 7,6
6610,236,22,1 9,1 2 3 4 9 11 17 18 21 25 75 152,527
6610,700,41,1 9 236,2 4 16 169,1832
6611,3,2,,1,0
6611,4,3,3,,1
6611,478,37,3 4,58,1188
6612,7,5,,2 3 4 6,4
6612,505,37,7,3 14 17 130 225 274,1240
6613,1,1,,,0
6613,6,4,1,2 3 4,3
6613,81,15,1 6,2 6 7 48,152
6614,4,3,,2 3,0
6614,27,8,4,2 4 23,31
6614,114,18,4 27,1 2 4 19 35,258
6614,335,32,4 27 114,11 31 185 324,811
6614,390,33,4 27 114 335,1 6 13 173 264 282,994
6614,412,34,4 27 114 335 390,1 3 6 151 177,1016
6614,666,40,4 27 114 335 390 412,1 2 3 90 92 151,1734
6615,3,2,,2,0
6615,4,3,3,2 3,1
6615,14,5,3 4,1 3,11
6616,2,1,,,0
6616,3,2,2,2,0
6616,334,32,2 3,4 51 188 322,810
6616,771,41,2 3 334,1 3 13 79 312 344 443 642,2075
6617,2,1,,,0
6617,41,11,2,2 3 4 12 29,55
6617,58,12,2 41,5 6 7 27,89
6617,62,13,2 41 58,3 16 27 28,101
6617,63,14,2 41 58 62,1 2 7 8,105
6618,17,6,,1 2 6 13,13
6618,23,7,17,2 4,24
6618,105,17,17 23,2 3 4 59,227
6618,135,19,17 23 105,2 6 15 20,299
6618,167,20,17 23 105 135,16 30 101,351
6618,448,35,17 23 105 135 167,2 11 21 57 108 186 380,1078
6619,1,1,,,0
6619,9,4,1,1,5
6619,18,6,1 9,3 4,15
6620,4,3,,1 2,1
6620,190,21,4,10 47 103,403
6620,752,40,4 190,2 4 7 10 18 24 29 51 209 244 320 366,2007
6621,56,11,,3 5 8 48,87
6621,62,12,56,1 3 4 9 15 22 27 33,102
6621,261,27,56 62,2 3 5 10 35 36 237,612
6622,1,1,,,0
6622,2,2,1,1,0
6622,13,5,1 2,1 2 6,8
6622,35,10,1 2 13,3 6 11,42
6622,73,14,1 2 13 35,1 2 4 6 16 28 71,132
6622,108,18,1 2 13 35 73,1 3 6 31 39,239
6622,959,45,1 2 13 35 73 108,2 4 9 99 174 210 797 856,2626
6623,1,1,,,0
6623,309,31,1,10 36 109 203,735
6624,1,1,,,0
6624,71,13,1,1 2 4 6 16 28,130
6624,130,19,1 71,1 2 7 11 19 56,288
6625,27,9,,2 4 24,33
6625,324,31,27,11 31 185,776
6626,3,2,,1,1
6626,16,6,3,13,16
6627,1,1,,,0
6627,89,15,1,1 3 14,189
6627,269,28,1 89,1 3 4 23 26 41 67 213,620
6628,1,1,,,0
6628,24,8,1,2 4,29
6628,45,10,1 24,1 25,67
6628,300,30,1 24 45,1 16 31 130,717
6628,322,31,1 24 45 300,4 51 188,770
6629,5,3,,2 4,0
6629,6,4,5,1 2,2
6629,13,5,5 6,,12
6629,14,7,5 6 13,1 4 5 10 12,12
6629,29,8,5 6 13 14,2 3 4 12,33
6629,34,9,5 6 13 14 29,1 6 25,51
6629,48,10,5 6 13 14 29 34,3 5 8,68
6629,197,21,5 6 13 14 29 34 48,1 7 10 70,411
6629,599,39,5 6 13 14 29 34 48 197,1 9 37 81 111 187,1499
6630,4,2,,2,0
6630,132,19,4,1 10 28 48,283
6630,179,20,4 132,2 21 31 136 156 157,367
6630,278,29,4 132 179,2 7 130 176 178,658
6631,12,6,,1 4 5 10,11
6631,209,19,12,1 2 3 5 6 7 22 37,448
6631,262,27,12 209,1 3 21,600
6631,273,28,12 209 262,2 5 7 10 16 20 23 30 96,627
6632,2,1,,,0
6632,451,36,2,1 2 5 7 40 336 342,1094
6632,494,37,2 451,2 4 7 14 34 300 321,1192
6632,590,38,2 451 494,2 4 5 8 9 31 34 102 212 270 333 357,1467
6633,2,2,,1,0
6633,4,3,2,3,1
6633,10,5,2 4,1 4 5,8
6633,15,6,2 4 10,5,13
6633,38,9,2 4 10 15,1 2 7,50
6633,793,41,2 4 10 15 38,2 4 9 18 81 105,2110
6634,1,1,,,0
6634,3,2,1,,0
6634,110,18,1 3,1 2 4 9 54 98,242
6636,4,4,,1 2 3,0
6636,26,8,4,1 2 3 4 13 20,34
6636,227,22,4 26,1 2 7 8 23 74 172,511
6637,3,3,,1 2,0
6637,4,4,3,2,2
6637,14,5,3 4,1 3,10
6637,152,18,3 4 14,2 7 13 20 27 51 107,313
6637,338,28,3 4 14 152,,822
6638,2,2,,1,0
6638,5,4,2,1 4,2
6638,25,8,2 5,1 6,35
6638,61,14,2 5 25,2 4 37,118
6639,1,1,,,0
6639,2,2,1,,0
6639,4,3,1 2,1,0
6639,58,13,1 2 4,1 6,105
6640,47,11,,1 4 9 15 26 41,74
6640,80,16,47,1 2 3 18 43 44 68 73,164
6640,971,45,47 80,3 10 21 22 24 39 70,2666
6641,14,4,,4,10
6642,1,1,,,0
6642,20,7,1,1 2 3 4 13,24
6642,50,12,1 20,3 5 7 37,81
6642,82,16,1 20 50,2,173
6642,85,17,1 20 50 82,1 2 4 12 47 59 75,178
6642,428,35,1 20 50 82 85,1 3 5 17 36 44 83 129 151 241,1009
6643,1,1,,,0
6643,5,2,1,,1
6643,27,7,1 5,,31
6643,758,39,1 5 27,1 2,2021
6643,778,40,1 5 27 758,1 11 21 61 265 530,2064
6645,1,1,,,0
6645,237,26,1,2 3 5 10 35 36,545
6646,11,4,,3 6,7
6646,12,5,11,2 3 4,9
6646,41,10,11 12,1 4 9 15 26,65
6646,43,11,11 12 41,1,71
6646,48,12,11 12 41 43,2 6 7,78
6646,98,17,11 12 41 43 48,1 2 4 9 54,212
6647,73,15,,1 2 3 18 43 44 68,151
6647,234,25,73,1 2 8 74,533
6647,268,26,73 234,1 3 5 119,630
6647,414,34,73 234 268,2 18 28 36,971
6647,619,37,73 234 268 414,1 2 3 4 6 103,1580
6648,1,1,,,0
6648,3,2,1,1,0
6648,4,3,1 3,2,1
6648,25,7,1 3 4,1,28
6648,27,8,1 3 4 25,5 6 7,30
6648,338,28,1 3 4 25 27,1 2 17 48 108 246,809
6648,843,39,1 3 4 25 27 338,1 2 3 5 11 26 43 49 583,2240
6649,13,6,,1 2 3 4,16
6649,122,17,13,1 5 48 52,252
6649,674,38,13 122,2 3 6 78 83 122 302 571 661 664,1740
6650,1,1,,,0
6650,2,2,1,,0
6650,9,5,1 2,1 2 3 6,7
6650,33,9,1 2 9,1 3 4 9 15 22 27,43
6650,76,15,1 2 9 33,1 4 51,154
6651,4,2,,,1
6651,6,3,4,3,1
6651,28,8,4 6,3 16 27,33
6651,47,10,4 6 28,1 2 3 4 21 23,80
6651,207,19,4 6 28 47,4 8 13 24 33 80 95,443
6652,27,7,,3 16,33
6652,68,14,27,1 2 3 18 43 44,136
6652,75,16,27 68,1 2 4 12 47 59,151
6652,157,18,27 68 75,2 21 31 136 156,305
6652,523,36,27 68 75 157,1 2 7 12 20 56,1251
6653,1,1,,,0
6653,6,4,1,1 2 3,4
6653,156,17,1 6,2 21 31 136,303
6653,514,35,1 6 156,1 2 8 33 81 110 484,1220
6653,869,41,1 6 156 514,4 10 18 54 204 369,2318
6654,3,1,,,0
6654,4,3,3,2 3,0
6655,3,2,,2,0
6655,23,6,3,3 4,25
6655,37,8,3 23,3 5 7,53
6656,2,1,,,0
6656,3,3,2,1 2,0
6656,27,7,2 3,1 3 4 9 15 22,31
6656,63,12,2 3 27,1 2 7 10 36,120
6656,314,27,2 3 27 63,2 4 5 20 81,743
6657,2,2,,1,0
6657,4,3,2,2,1
6657,6,5,2 4,1,6
6658,1,1,,,0
6658,4,4,1,1 2 3,1
6658,221,24,1 4,17 18 122,484
6658,878,44,1 4 221,2 4 5 65 223 400 617 711,2324
6659,2,1,,,0
6659,3,3,2,1 2,0
6659,190,18,2 3,2 5 9 42 46,403
6659,664,37,2 3 190,2 3 6 78 83 122 302 571 661,1702
6660,2,2,,1,0
6660,50,11,2,1 2 23,87
6660,127,16,2 50,1 2 3 4 12,240
6660,421,34,2 50 127,1 2 4 116 137 232 239,988
6661,1,1,,,0
6661,22,6,1,1 3 4 9 15,22
6661,26,7,1 22,1 4 9 15,32
6661,174,17,1 22 26,1 4 6 39 109 129,342
6661,216,23,1 22 26 174,4 16 120 151 162,467
6661,786,38,1 22 26 174 216,2 3 4 5 52 212 291 296 407 656,2067
6662,1,1,,,0
6662,34,9,1,2 5 29,51
6662,37,10,1 34,2 4,62
6662,323,27,1 34 37,1 2 4 8 20 45 102 147,751
6662,661,36,1 34 37 323,2 3 6 78 83 122 302 571,1689
6663,1,1,,,0
6663,16,5,1,3,14
6663,510,35,1 16,8 20 26 106 226,1207
6664,7,3,,1 2,1
6664,59,14,7,2 3 4,114
6664,261,24,7 59,1 2 3 33 91,588
6664,684,35,7 59 261,2 3 4 70 74 85 136,1770
6665,1,1,,,0
6665,202,22,1,2 5 6 20 33 41,435
6665,382,33,1 202,1 2 5 11 15 140,892
6667,28,7,,1 2 4 6 16,41
6667,29,8,28,2 5,46
6667,877,44,28 29,2 3 4 20 34 37,2335
6668,7,4,,5 6,4
6668,15,5,7,1 3 4 9,16
6668,37,10,7 15,1 2 6 19,67
6668,59,15,7 15 37,1 2 4 12 47,115
6669,2,2,,1,0
6669,6,3,2,5,3
6669,8,4,2 6,3 5,4
6670,1,1,,,0
6670,5,2,1,,2
6672,1,1,,,0
6672,5,2,1,3,1
6672,8,4,1 5,1 2 7,5
6672,15,6,1 5 8,1 4 9,17
6672,202,22,1 5 8 15,5 26 94,435
6672,746,37,1 5 8 15 202,2 3 4 7,1953
6673,1,1,,,0
6673,7,3,1,1 2,4
6673,136,16,1 7,2 21 31,256
6673,412,33,1 7 136,1 5 8 22 71 283,969
6673,862,43,1 7 136 412,1 3 33 431 851,2268
6674,3,1,,,0
6674,4,2,3,3,0
6674,9,4,3 4,1 3 4,4
6674,164,17,3 4 9,1 2,324
6674,266,26,3 4 9 164,2 6 40 100 123 145,605
6675,3,1,,,0
6675,23,7,3,1 2 3 4 21,33
6675,38,11,3 23,1 2 3 5 6 11,63
6675,51,14,3 23 38,1 4,95
6676,3,1,,,0
6676,44,13,3,1 2 3 18 43,83
6676,339,30,3 44,314,804
6676,369,32,3 44 339,8 69 247,856
6677,9,5,,1 3 8,6
6677,21,6,9,1 2 3 4,31
6677,43,12,9 21,1 2 3 18,81
6678,2,2,,1,0
6678,8,4,2,1 3,5
6678,9,5,2 8,1 4,7
6679,1,1,,,0
6679,4,3,1,1 3,0
6679,16,5,1 4,1 2 4 6,17
6679,678,35,1 4 16,1 4 17 27 101 447,1756
6679,975,47,1 4 16 678,3 19 47 56 63 129 444,2655
6680,3,2,,1,0
6680,47,12,3,1 2 4 12,85
6682,1,1,,,0
6682,107,15,1,2 7 13 20 27 51,197
6683,1,1,,,0
6683,3,2,1,1,0
6683,4,3,1 3,1,1
6683,29,10,1 3 4,23,47
6683,36,11,1 3 4 29,1 2 7 10,64
6683,141,16,1 3 4 29 36,1 5 8 116,261
6683,213,23,1 3 4 29 36 141,1 3 4 23 26 41 67,451
6683,484,34,1 3 4 29 36 141 213,1 2 8 33 81 110,1127
6684,16,9,,1 2 6 9 11 14,26
6684,49,12,16,11 18 44,94
6684,101,14,16 49,16 30,181
6684,851,42,16 49 101,1 3 33 431,2230
6685,1,1,,,0
6685,7,4,1,3 5,4
6685,720,36,1 7,3 10 53 99 339,1887
6685,858,42,1 7 720,5 32 54,2269
6686,1,1,,,0
6686,14,8,1,1 2 6 9 11,23
6686,19,9,1 14,1 2 6,32
6686,380,32,1 14 19,2 11 21 57 108 186,859
6686,509,34,1 14 19 380,1 10 29 65 255,1198
6687,1,1,,,0
6687,5,3,1,3,2
6687,7,4,1 5,2 6,4
6687,23,8,1 5 7,1 2,33
6688,1,1,,,0
6688,6,3,1,2,3
6688,458,33,1 6,2 4 10 29 40 84 155 193,1061
6689,1,1,,,0
6689,3,2,1,,0
6689,6,4,1 3,1 2 4,2
6689,11,7,1 3 6,1 2 6 9,15
6689,23,8,1 3 6 11,,31
6689,44,11,1 3 6 11 23,11 18,78
6690,54,12,,1 2 4 9,100
6691,4,3,,1 2,2
6691,5,4,4,2,4
6691,6,5,4 5,1,5
6691,9,6,4 5 6,1 2 6,12
6691,39,10,4 5 6 9,1 3 6 31,67
6691,43,11,4 5 6 9 39,2 5 10,75
6691,105,14,4 5 6 9 39 43,1 2 7 8,180
6691,172,21,4 5 6 9 39 43 105,1 2 7 8 23 74,349
6691,429,32,4 5 6 9 39 43 105 172,1 3 9 14 26 139 228,976
6691,643,33,4 5 6 9 39 43 105 172 429,1 2 3 10 22 29 38 55 488,1625
6692,1,1,,,0
6692,2,2,1,,0
6692,832,41,1 2,2 10 69 79 609,2186
6693,2,2,,1,0
6693,35,9,2,1 2 4 19,59
6694,1,1,,,0
6694,2,2,1,,0
6694,4,4,1 2,1 2 3,1
6694,6,5,1 2 4,1 2,6
6694,70,12,1 2 4 6,6 11 41 65,119
6694,152,17,1 2 4 6 70,1 2 3 4 9 11 17 18 21 25 75,285
6695,3,3,,1 2,1
6695,4,4,3,2,3
6695,8,5,3 4,1 2 7,6
6695,342,31,3 4 8,1 3 4 6 236,773
6696,1,1,,,0
6696,2,2,1,1,0
6696,7,3,1 2,1 2,4
6696,189,22,1 2 7,1 3 4 8 21 23 29,393
6697,1,1,,,0
6697,2,2,1,,0
6697,18,8,1 2,1 2 4 5 8 17,18
6698,2,2,,1,0
6698,13,4,2,3,9
6698,17,7,2 13,1 2 4 5 8,16
6698,56,11,2 13 17,1 2 7 11 19,92
6698,330,30,2 13 17 56,1 2 3 13 270,744
6698,573,32,2 13 17 56 330,1 2 3 4 11 15 23 28 38,1417
6699,1,1,,,0
6699,6,3,1,1 2,2
6699,31,9,1 6,1 3 6,45
6699,65,11,1 6 31,6 11 41,103
6701,2,2,,1,0
6701,314,29,2,,726
6702,1,1,,,0
6702,11,6,1,1 2 3 5 6,6
6702,14,7,1 11,1 3,16
6702,18,8,1 11 14,1 2 3,22
6702,39,9,1 11 14 18,1 2 6 38,57
6702,44,10,1 11 14 18 39,4 6 14 23 28,69
6702,160,20,1 11 14 18 39 44,3 5 21 87,310
6702,876,42,1 11 14 18 39 44 160,4 6 10 87 120 459,2316
6703,2,2,,1,0
6703,38,7,2,1 2 6,56
6703,231,25,2 38,1 2 3 4 15 21 64,488
6703,460,30,2 38 231,3 9 30 209 444,1035
6704,1,1,,,0
6704,739,37,1,2 5 6 8 29 54 114 260,1907
6706,110,15,,1 3 7 14,180
6706,129,16,110,1 4 6 39 109,223
6706,640,34,110 129,1 2 7 92 100,1620
6707,1,1,,,0
6707,6,5,1,1 2 3 5,3
6707,8,6,1 6,1 2 4 5,7
6707,40,8,1 6 8,1 7,68
6707,103,14,1 6 8 40,10 47,164
6707,702,36,1 6 8 40 103,2 4 192 205,1810
6708,2,2,,1,0
6708,3,3,2,,1
6708,5,4,2 3,1 2 3,1
6708,116,15,2 3 5,1 5 8,188
6708,281,28,2 3 5 116,2 11 20 90 155 164,632
6709,1,1,,,0
6709,10,5,1,1 2 7,9
6709,19,6,1 10,1 2 4,26
6709,69,13,1 10 19,2 48,101
6709,279,27,1 10 19 69,13 17 26,624
6709,632,33,1 10 19 69 279,1 2 4 8 13 35 52 75 263,1576
6710,3,3,,1 2,0
6710,5,4,3,1 2 4,2
6711,2,2,,1,0
6711,4,3,2,1 2,1
6711,262,26,2 4,2 3 4 5 105,587
6711,682,35,2 4 262,1 2 11 13 73 293 436,1768
6712,1,1,,,0
6712,7,4,1,1 2,4
6712,147,19,1 7,1 2 4 9 25 130,278
6713,2,2,,1,0
6713,3,3,2,1,1
6714,1,1,,,0
6714,48,9,1,1 10 28,70
6715,1,1,,,0
6715,12,4,1,1 2 4,12
6715,18,6,1 12,11,23
6715,162,21,1 12 18,4 16 120 151,314
6717,2,2,,1,0
6717,3,3,2,1 2,1
6717,115,15,2 3,3 13 36 49 75 77,184
6717,843,41,2 3 115,1 2 5 6 20 25 229 239,2199
6718,1,1,,,0
6718,2,2,1,1,0
6718,28,7,1 2,4 6 14 23,41
6718,62,13,1 2 28,1 3 4 9,86
6718,101,14,1 2 28 62,1 3 10 16,154
6718,720,36,1 2 28 62 101,1 2 27 39 320 485,1840
6718,777,39,1 2 28 62 101 720,2 4 21 175 263,2002
6719,1,1,,,0
6719,4,3,1,2 3,1
6719,52,12,1 4,1 5 48,74
6719,444,29,1 4 52,3 9 30 209,990
6720,1,1,,,0
6720,3,2,1,2,0
6721,2,1,,,0
6722,2,1,,,0
6722,4,2,2,1,0
6722,11,5,2 4,,12
6722,282,26,2 4 11,1 6 13 173 264,652
6722,405,28,2 4 11 282,1 2 3 40 77 140 331,908
6723,4,3,,1 2,1
6723,23,6,4,4 6 14,32
6723,41,9,4 23,6 11,55
6723,42,10,4 23 41,2 12 33,57
6723,48,11,4 23 41 42,1 5,64
6723,370,27,4 23 41 42 48,1 2 12 13 176 258,827
6723,545,31,4 23 41 42 48 370,1 2 7 11 414 420,1329
6724,4,3,,1 2,3
6724,6,4,4,1 3,5
6724,10,5,4 6,2 5,9
6724,79,11,4 6 10,1 7,108
6725,1,1,,,0
6725,2,2,1,1,0
6725,13,4,1 2,1 3 5,11
6725,856,42,1 2 13,2 4 9 99 174 210 797,2243
6726,1,1,,,0
6726,2,2,1,1,0
6726,17,5,1 2,1 3 11,16
6726,109,12,1 2 17,1 4 6 39,165
6726,151,20,1 2 17 109,4 16 120,281
6727,1,1,,,0
6727,3,2,1,1,0
6727,120,14,1 3,1 2 11 26 42,206
6727,338,26,1 3 120,1 2 30,720
6727,584,32,1 3 120 338,1 2 3 5 16 28 525,1427
6728,108,13,,2 5 21 104,167
6728,225,25,108,1 2 4 5 7 13 67,466
6729,1,1,,,0
6729,5,2,1,2,2
6729,30,8,1 5,3 4 5,35
6729,130,18,1 5 30,1 2 4 9 25,231
6729,203,24,1 5 30 130,10 36 109,411
6730,1,1,,,0
6730,48,10,1,2,54
6730,175,22,1 48,1 2 5 29 34 59 64 86,341
6730,178,23,1 48 175,2 7 130 176,358
6730,241,24,1 48 175 178,3 5,524
6731,1,1,,,0
6732,2,1,,,0
6732,11,4,2,1 3,9
6732,14,5,2 11,4 6,15
6732,33,9,2 11 14,2 12,38
6732,104,12,2 11 14 33,2 5 21,157
6732,176,22,2 11 14 33 104,2 7 130,352
6733,5,3,,1 3,2
6733,20,7,5,2 6 15,19
6733,488,29,5 20,1 3 4 26 141 332,1117
6733,515,30,5 20 488,12 82 148 261,1209
6734,28,8,,1 10,31
6735,1,1,,,0
6735,3,2,1,1,1
6735,6,3,1 3,1 2,3
6735,9,4,1 3 6,1 2 4,7
6735,19,7,1 3 6 9,1 2 7 11,18
6735,201,22,1 3 6 9 19,1 2 3 7 27 40 69,402
6736,1,1,,,0
6736,107,12,1,1 5 6,170
6737,1,1,,,0
6737,77,11,1,1 3 5 6 16 67,95
6737,143,21,1 77,2 3 5 6 22 36,260
6737,206,22,1 77 143,8 10 32,421
6737,909,46,1 77 143 206,4 8 13 369 447,2422
6738,1,1,,,0
6738,15,6,1,2 6,12
6738,51,9,1 15,2 7 13 20 27,52
6739,2,2,,1,0
6739,260,24,2,3 7 10 17 50 52 138,577
6740,1,1,,,0
6740,3,2,1,1,0
6740,4,3,1 3,1 2,1
6740,6,4,1 3 4,4,3
6740,7,5,1 3 4 6,1,4
6740,90,11,1 3 4 6 7,2 5 18 27 58,117
6740,246,23,1 3 4 6 7 90,1 2 17 48 108,521
6740,264,24,1 3 4 6 7 90 246,1 6 13 173,586
6741,342,25,,1 2 5 7 40 336,737
6742,1,1,,,0
6742,2,2,1,1,0
6742,4,3,1 2,,1
6743,1,1,,,0
6743,11,4,1,1 2 7,4
6745,642,34,,1 3 13 79 312 344 443,1622
6746,1,1,,,0
6747,1,1,,,0
6747,6,2,1,2,0
6747,7,3,1 6,1 2,1
6747,29,7,1 6 7,1 23,19
6747,67,10,1 6 7 29,1 3 5 6 16,76
6747,336,24,1 6 7 29 67,1 2 5 7 40,726
6751,2,1,,,0
6751,215,22,2,1 2 5 8 31 73,466
6752,2,2,,1,0
6752,10,4,2,1,5
6752,43,9,2 10,2 18,44
6752,571,32,2 10 43,2 3 6 78 83 122 302,1404
6753,1,1,,,0
6753,11,4,1,6,5
6753,12,5,1 11,2,6
6753,23,6,1 11 12,1,13
6753,147,21,1 11 12 23,2 38 39 99 116,278
6753,506,29,1 11 12 23 147,1 2 3 6 9 47 56,1193
6754,5,3,,3 4,1
6755,1,1,,,0
6755,4,2,1,3,0
6755,30,6,1 4,16,18
6755,77,11,1 4 30,3 13 36 49 75,99
6756,3,1,,,0
6756,70,10,3,1 7 10,88
6757,75,10,,3 13 36 49,97
6757,120,19,75,4 16,216
6757,122,20,75 120,17 18,219
6758,6,2,,,1
6758,270,23,6,1 2 3 13,577
6759,9,3,,2 5,2
6761,1,1,,,0
6762,27,8,,2 7 13 20,21
6762,188,21,27,4 51,386
6763,2,1,,,0
6763,5,2,2,2,0
6763,47,9,2 5,10,54
6763,95,17,2 5 47,4 8 13 24 33 80,160
6764,78,10,,1 2 3 31,119
6764,185,20,78,11 31,378
6765,655,35,,8 81 114 192,1660
6765,732,40,655,1 2 35 36 97 176 302 369,1885
6766,2,1,,,0
6766,5,2,2,1,1
6767,409,28,,3 4 13 18 24 26 35 44 54 350,913
6769,1,1,,,0
6769,16,5,1,,9
6769,20,7,1 16,2 7 13,15
6770,1,1,,,0
6770,94,18,1,1 2,175
6771,9,4,,1 3 4,3
6771,28,8,9,1 3 4 6 12 17,28
6771,75,12,9 28,1 2 3 4 9 11 17 18 21 25,118
6771,140,19,9 28 75,2 6,285
6772,58,9,,2 5 18 27,77
6772,150,19,58,1 27,309
6773,78,16,,2 3 5 26 67,138
6773,125,18,78,1 2 4 12 29 41 50 73,238
6775,1,1,,,0
6775,12,5,1,1 2 3 4,6
6775,87,17,1 12,3 5 21,158
6776,2,1,,,0
6776,4,3,2,1 3,1
6776,13,6,2 4,2 7,9
6776,265,23,2 4 13,5 8 176,573
6777,3,2,,1,1
6777,18,7,3,2,16
6778,1,1,,,0
6778,31,7,1,2 21,35
6778,80,16,1 31,4 8 13 24 33,139
6778,130,18,1 31 80,2 7,266
6779,1,1,,,0
6779,316,24,1,3 4 5 6 35 169,696
6779,441,28,1 316,1 2 3 4 5 6 9 10 19 361,1004
6780,1,1,,,0
6780,12,6,1,4 5,9
6780,94,16,1 12,5 26,174
6780,857,45,1 12 94,2 62 105 309 575 604,2288
6782,7,5,,2,5
6782,17,6,7,1 3 4 6 12,16
6782,387,27,7 17,19,861
6783,4,4,,1 2 3,0
6783,49,9,4,3 13 36,66
6784,3,3,,1 2,0
6784,67,15,3,2 3 5 26,121
6784,116,17,3 67,2 38 39 99,225
6784,209,22,3 67 116,4 7 11 13 17 63 81,472
6784,797,41,3 67 116 209,2 4 9 99 174 210,2090
6784,802,42,3 67 116 209 797,1 2 18 165 210 286,2100
6785,2,2,,1,0
6786,1,1,,,0
6786,525,31,1,1 2 3 5 16 28,1286
6787,1,1,,,0
6787,2,2,1,,0
6787,5,3,1 2,4,2
6787,12,5,1 2 5,1 3 4 6,9
6787,168,20,1 2 5 12,1 4 5 13 19 45,352
6788,4,2,,,2
6788,8,4,4,1 2 7,4
6788,21,6,4 8,2,20
6789,1,1,,,0
6789,7,3,1,1 2,3
6789,74,15,1 7,1 2 7 8 23,133
6790,1,1,,,0
6790,389,27,1,1 2 4 14 77 78,882
6791,146,19,,2 9 19 33 39,304
6791,656,36,146,2 3 4 5 52 212 291 296 407,1674
6793,1,1,,,0
6793,2,2,1,,0
6793,6,4,1 2,1 3 4,2
6793,29,8,1 2 6,2 5 9 18 26,32
6793,283,23,1 2 6 29,3 17 24 62,609
6794,2,2,,1,0
6794,40,9,2,5 11 26,51
6795,1,1,,,0
6795,4,3,1,1 3,0
6795,145,19,1 4,2 6 40 100 123,303
6796,3,2,,1,0
6796,7,3,3,1,1
6796,26,7,3 7,2 5 9 18,27
6796,36,8,3 7 26,3 13,43
6796,39,9,3 7 26 36,1 4 6,48
6796,119,18,3 7 26 36 39,1 3 5,246
6796,331,26,3 7 26 36 39 119,1 2 3 40 77 140,722
6796,700,39,3 7 26 36 39 119 331,1 2 7 28 66 118 175 181 223 245 414,1794
6797,11,5,,1 5 8 9,4
6798,1,1,,,0
6798,16,5,1,1 3 5 6,10
6798,130,18,1 16,1 16 31,265
6798,194,21,1 16 130,1 3 4 9 43 58 143,430
6798,247,22,1 16 130 194,8 69,528
6799,9,4,,1 5 8,3
6800,8,3,,1 5,3
6800,10,4,8,,6
6801,74,15,,2 3 4,138
6801,99,16,74,2 38 39,192
6801,113,17,74 99,1 2 4 8 11 13 18 79 107,228
6801,182,20,74 99 113,1 12 21,388
6801,236,21,74 99 113 182,1 3 4 6,502
6802,1,1,,,0
6802,14,5,1,1 3 7,11
6802,155,19,1 14,3 6 8 30 120 123 153,323
6802,283,23,1 14 155,1 5 8 22 71,611
6803,5,2,,1,2
6803,16,6,5,1 3 10,14
6803,27,7,5 16,2 5 18,29
6803,37,8,5 16 27,1 2 3 5 6 7 22,49
6803,46,14,5 16 27 37,2 5 9 42,79
6804,1,1,,,0
6804,18,6,1,2 5 9,16
6804,153,18,1 18,3 6 8 30 120 123,316
6804,504,30,1 18 153,1 3 6 15 21 60 148 264,1210
6805,1,1,,,0
6805,42,13,1,1 2 11 26,70
6805,321,25,1 42,2 4 7 14 34 300,687
6807,1,1,,,0
6807,2,2,1,,0
6807,42,13,1 2,2 5 9,73
6807,74,15,1 2 42,1 2 8,138
6807,107,16,1 2 42 74,1 2 4 8 11 13 18 79,213
6808,6,4,,1 3 5,1
6808,26,6,6,5 11,28
6808,96,15,6 26,2 5 7 10 16 20 23 30,178
6808,342,25,6 26 96,2 5 8 46 89 110,735
6809,5,3,,1 3,1
6809,7,4,5,1 3,4
6809,10,5,5 7,1 3,7
6809,45,14,5 7 10,14 33,75
6809,448,28,5 7 10 45,5 7 53 392,1039
6811,3,2,,1,1
6811,31,8,3,1 2 3,45
6812,1,1,,,0
6812,18,5,1,2 5,18
6812,661,38,1 18,2 6,1683
6813,1,1,,,0
6813,3,2,1,1,1
6813,9,3,1 3,2 5,5
6813,805,43,1 3 9,3 11 34 41 214 373,2125
6814,1,1,,,0
6815,1,1,,,0
6815,21,5,1,2 5,22
6815,57,14,1 21,1 5 27,98
6815,351,25,1 21 57,2 4 6 30 103,752
6816,1,1,,,0
6816,3,2,1,1,0
6816,8,3,1 3,1 5,3
6816,10,4,1 3 8,1 7,6
6817,5,2,,2,1
6817,123,17,5,2 6 40 100,248
6817,813,44,5 123,1 2 6 33 259 699 812,2140
6817,887,45,5 123 813,2 5 8 38 558,2332
6818,1,1,,,0
6818,22,7,1,1 2 3 5 6 7,24
6818,398,26,1 22,1 3 22 48 67 74,879
6818,812,43,1 22 398,1 2 6 33 259 699,2137
6819,5,2,,1,1
6819,7,3,5,1,3
6819,13,4,5 7,3,7
6819,20,5,5 7 13,2 4 7,17
6819,86,14,5 7 13 20,1 2 5 29 34 59 64,160
6820,2,1,,,0
6821,25,11,,1 2 3 4 9 11 17 18 21,31
6821,26,12,25,1 2 11,40
6821,33,13,25 26,14,51
6823,1,1,,,0
6823,11,3,1,5,6
6823,109,16,1 11,10 36,211
6824,1,1,,,0
6824,437,28,1,1 2 3 6 95 97,1030
6825,1,1,,,0
6825,5,2,1,2,1
6825,21,10,1 5,1 2 3 4 9 11 17 18,26
6825,26,11,1 5 21,2 3 5,41
6825,33,12,1 5 21 26,4 8 13 24,47
6825,73,13,1 5 21 26 33,1 2 4 12 29 41 50,129
6825,164,18,1 5 21 26 33 73,2 11 20 90 155,345
6825,711,40,1 5 21 26 33 73 164,2 4 5 65 223 400 617,1806
6826,1,1,,,0
6826,41,11,1,2 5 6 20 33,67
6826,47,12,1 41,2 8 11,76
6826,300,24,1 41 47,2 4 7 14 34,633
6826,350,25,1 41 47 300,3 4 13 18 24 26 35 44 54,755
6826,676,38,1 41 47 300 350,1 2 4 10 20 26 511 595,1741
6828,2,1,,,0
6828,18,9,2,1 2 3 4 9 11 17,24
6829,3,1,,,0
6829,5,2,3,,0
6829,6,3,3 5,1 4,0
6829,17,8,3 5 6,1 2 3 4 9 11,21
6829,67,11,3 5 6 17,1 3 4 23 26 41,112
6829,241,21,3 5 6 17 67,1 3 5 17 36 44 83 129 151,485
6831,4,2,,1,0
6831,5,3,4,2,1
6831,173,19,4 5,1 6 13,387
6832,7,4,,2 4,4
6833,7,6,,1 2 3 5 6,6
6834,1,1,,,0
6834,2,2,1,,0
6834,6,5,1 2,1 2 3 5,4
6834,24,8,1 2 6,4 8 13,33
6834,25,9,1 2 6 24,1 2 4 9,36
6834,33,10,1 2 6 24 25,2 5 6 20,52
6834,91,15,1 2 6 24 25 33,1 2 3 33,171
6834,123,16,1 2 6 24 25 33 91,3 6 8 30 120,243
6834,155,17,1 2 6 24 25 33 91 123,2 11 20 90,323
6835,4,3,,2,2
6835,5,4,4,1 2 3,3
6835,11,7,4 5,1 2 3 4 9,12
6835,79,14,4 5 11,1 2 4 8 11 13 18,147
6835,162,18,4 5 11 79,2 4 5,352
6835,258,23,4 5 11 79 162,1 2 12 13 176,539
6835,619,36,4 5 11 79 162 258,1 2 3 5 6 7 19 258,1566
6835,782,42,4 5 11 79 162 258 619,1 2 10 19 43 241 310,2046
6836,2,2,,1,0
6836,11,7,2,1 2,16
6837,1,1,,,0
6837,2,2,1,,0
6837,3,3,1 2,1 2,0
6837,6,5,1 2 3,1 5,5
6837,9,6,1 2 3 6,1 2 3 4,7
6837,120,15,1 2 3 6 9,3 6 8 30,232
6837,868,43,1 2 3 6 9 120,3 6 9 10 17 26 90 101 201 489 799,2267
6838,2,2,,1,0
6838,5,4,2,1,4
6838,147,16,2 5,1 2 4 8 20 45 102,293
6839,1,1,,,0
6839,3,3,1,1 2,0
6840,2,2,,1,0
6840,9,5,2,2 5,9
6840,14,6,2 9,,14
6840,23,7,2 9 14,1 2 7 8,27
6840,100,14,2 9 14 23,2 6 40,187
6840,799,42,2 9 14 23 100,2 12 14 29 59 80 93 180 309,2102
6841,1,1,,,0
6841,21,5,1,3 5,23
6841,64,13,1 21,1 2 5 29 34 59,107
6842,1,1,,,0
6842,4,4,1,1 2 3,0
6842,230,21,1 4,3 5 6 12 22 27,459
6842,239,22,1 4 230,1 2 4 116 137 232,481
6842,268,23,1 4 230 239,1 2 3 5 8 11,530
6842,317,24,1 4 230 239 268,1 3 4 132 206,645
6843,3,3,,1 2,0
6843,274,22,3,3 14 17 130 225,552
6844,2,2,,1,0
6844,5,3,2,2,4
6844,36,8,2 5,2 3 5 6 22,48
6844,107,13,2 5 36,,194
6845,1,1,,,0
6845,2,2,1,1,0
6845,13,4,1 2,4 8,8
6845,27,7,1 2 13,1 5,29
6845,146,17,1 2 13 27,2 3 5 19 20 29 49,292
6846,1,1,,,0
6846,5,3,1,2 3,2
6846,36,9,1 5,2 3 5 10 35,50
6846,59,12,1 5 36,1 2 5 29 34,94
6846,488,30,1 5 36 59,1 2 3 10 22 29 38 55,1168
6847,1,1,,,0
6847,2,2,1,,0
6847,20,6,1 2,2 5 6,20
6847,35,8,1 2 20,2 3 5 10,47
6848,3,2,,2,0
6848,26,6,3,5,28
6848,50,11,3 26,1 2 4 12 29 41,70
6848,111,13,3 26 50,1 2 5 6 25 33,203
6848,420,29,3 26 50 111,1 2 7 11 414,973
6848,799,42,3 26 50 111 420,3 4 6 14 15 65,2101
6849,2,1,,,0
6849,114,13,2,1 11 41 64,212
6849,143,17,2 114,1 3 4 9 43 58,285
6849,177,18,2 114 143,1 3 6 151,340
6849,232,21,2 114 143 177,1 2 4 116 137,455
6850,8,3,,4,2
6850,9,4,8,1 2 4,3
6850,237,21,8 9,6 7 8,471
6850,982,45,8 9 237,1 2 4 6 9 11 27 33 84,2543
6853,393,27,,1 15 26 33 44 59 240,878
6854,1,1,,,0
6854,4,2,1,,1
6854,414,28,1 4,1 2 7 11,962
6855,4,3,,1 2,1
6855,8,5,4,1 2 7,6
6855,41,10,4 8,1 3 4 23 26,56
6856,1,1,,,0
6856,7,4,1,1 2,5
6856,29,9,1 7,1 3 4 8 21 23,42
6856,657,39,1 7 29,1 2 124 547,1669
6857,2,2,,1,0
6857,5,3,2,3,2
6857,41,10,2 5,1 2 4 12 29,57
6857,70,12,2 5 41,1 10 12,118
6858,1,1,,,0
6858,22,7,1,2 3 5 6,25
6859,1,1,,,0
6859,3,2,1,,0
6859,361,23,1 3,1 2 3 4 5 6 9 10 19,769
6861,2,2,,1,0
6861,6,4,2,2 5,4
6861,16,5,2 6,4,16
6861,18,6,2 6 16,17,18
6861,39,11,2 6 16 18,2 38,54
6861,138,17,2 6 16 18 39,3 7 10 17 50 52,284
6862,1,1,,,0
6862,2,2,1,1,0
6862,5,3,1 2,2,2
6862,11,4,1 2 5,2 8,6
6862,17,5,1 2 5 11,,14
6862,23,8,1 2 5 11 17,1 3 4 8 21,27
6862,38,10,1 2 5 11 17 23,2,48
6863,1,1,,,0
6864,1,1,,,0
6864,21,7,1,1 3 4 8,25
6864,592,37,1 21,2 6 10 586,1488
6865,2,1,,,0
6865,8,3,2,2,3
6865,176,20,2 8,5 8,334
6865,357,25,2 8 176,2 4 5 8 9 31 34 102 212 270 333,765
6865,392,27,2 8 176 357,5 7 53,869
6866,212,20,,1 2 50 51 63 115,407
6867,1,1,,,0
6867,5,2,1,1,0
6867,69,11,1 5,1 2 3 7 27 40,111
6868,39,10,,1 2 5 6 9 13 17 30,55
6868,105,14,39,2 3 4 5,202
6868,371,26,39 105,1 2 4 79 133,814
6869,5,3,,,2
6869,29,9,5,1 2 4 12,35
6870,26,8,,1 3 4 23,29
6870,64,10,26,1 2 3 4 15 21,100
6870,586,36,26 64,2 6 10,1472
6871,1,1,,,0
6871,2,2,1,,0
6871,4,3,1 2,2 3,0
6871,34,9,1 2 4,1 2 5 29,44
6871,163,19,1 2 4 34,1 4 49 141 159,303
6871,502,33,1 2 4 34 163,1 2 8 10 14 19 88 93 148,1229
6872,3,2,,2,0
6872,10,6,3,2 3 5,10
6872,21,7,3 10,1 3,21
6872,591,36,3 10 21,3 9 43 161,1471
6873,2,1,,,0
6873,4,2,2,,0
6873,8,5,2 4,1 2,5
6873,23,6,2 4 8,1 3 4,20
6874,6,4,,2 3 5,1
6874,30,8,6,2 5 7 10 16 20 23,28
6875,5,3,,2 3,1
6875,151,17,5,1 3 6,281
6875,159,18,5 151,1 4 49 141,292
6875,722,41,5 151 159,2 5 10 33 92 368 530 636,1852
6876,29,8,,1 2 5,34
6876,192,18,29,4 93,350
6876,491,32,29 192,1 6 21 36 46 104,1187
6877,1,1,,,0
6877,3,2,1,2,0
6877,5,4,1 3,2 3,3
6877,8,5,1 3 5,1 3 4,7
6877,30,8,1 3 5 8,1 2 5 6 9 13 17,33
6878,2,1,,,0
6878,76,12,2,1 2 26 30,122
6878,108,16,2 76,1 2 17 48,199
6879,2,2,,1,0
6879,3,3,2,2,1
6880,1,1,,,0
6880,2,2,1,,0
6880,186,17,1 2,2 11 21 57 108,331
6880,358,25,1 2 186,1 2 6 7 14 25,771
6881,4,3,,1 3,2
6881,23,7,4,2 5 7 10 16 20,17
6881,479,31,4 23,1 11 17 23 26 129,1162
6882,1,1,,,0
6882,3,2,1,1,1
6883,1,1,,,0
6883,102,15,1,1 2 4 8 20 45,183
6883,306,21,1 102,3 9 188,618
6883,313,22,1 102 306,5 6 11 21 90,636
6883,803,42,1 102 306 313,1 5 11 13 58 134,2076
6884,1,1,,,0
6884,20,6,1,2 5 7 10 16,13
6885,1,1,,,0
6885,97,14,1,1 12 20 36 83,170
6885,279,20,1 97,1 4 5 14 15,541
6886,1,1,,,0
6886,12,4,1,1 2 4,6
6886,67,11,1 12,1 2 4 5 7 13,101
6887,596,36,,1 3 6 9 35 72,1468
6888,16,5,,2 5 7 10,10
6889,81,13,,2 4 5 20,152
6889,332,23,81,1 3 4 26 141,699
6889,333,24,81 332,2 4 5 8 9 31 34 102 212 270,704
6890,3,2,,1,0
6890,17,7,3,1 2 5 6 9 13,16
6891,530,35,,1 11 21 61 265,1298
6892,1,1,,,0
6892,4,3,1,1 3,0
6892,33,9,1 4,1 2 3,47
6892,225,18,1 4 33,3 14 17 130,426
6892,228,19,1 4 33 225,1 3 9 14 26 139,431
6892,390,28,1 4 33 225 228,4 6 13 15 342,887
6893,3,2,,1,0
6893,73,12,3,1 2 5 8 31,138
6893,141,15,3 73,1 4 49,257
6893,429,29,3 73 141,1 4 6 7 8 9 11 16 74 147 157 215 247,991
6894,4,3,,1 2,2
6894,10,4,4,2 5 7,5
6894,13,6,4 10,1 2 5 6 9,11
6894,510,34,4 10 13,1 2 4 5 7 39 51,1249
6895,1,1,,,0
6895,27,8,1,1,40
6895,149,15,1 27,2 10 48 76,269
6895,473,31,1 27 149,1 3 21 26 27 29 34 429,1140
6896,1,1,,,0
6896,2,2,1,1,0
6896,18,7,1 2,1 2 4 8 11 13,20
6896,36,9,1 2 18,10,48
6896,40,10,1 2 18 36,1 2 3 7 27,55
6897,1,1,,,0
6897,7,3,1,2 5,1
6897,31,8,1 7,1 16,42
6898,2,1,,,0
6898,9,5,2,1 2 5 6,5
6898,39,9,2 9,2 9 19 33,55
6899,5,2,,2,0
6899,51,10,5,4,74
6899,64,11,5 51,1 11 41,107
6899,83,12,5 51 64,1 12 20 36,139
6899,90,13,5 51 64 83,2 11 20,160
6900,5,3,,1 2,1
6900,40,9,5,2 6,59
6900,713,41,5 40,7 13,1828
6901,6,4,,1 2 5,3
6901,7,5,6,2,6
6901,13,6,6 7,1 2 4 8 11,12
6901,18,7,6 7 13,9,22
6902,2,1,,,0
6902,5,3,2,1 2,2
6903,2,2,,1,0
6903,11,5,2,1 2 4 8,9
6904,1,1,,,0
6904,33,8,1,2 9 19,44
6904,178,17,1 33,2 22,324
6904,219,18,1 33 178,1 2 18,400
6905,2,2,,1,0
6905,6,3,2,2,4
6906,1,1,,,0
6906,2,2,1,,0
6906,8,4,1 2,1 2 4,4
6906,799,42,1 2 8,3 6 9 10 17 26 90 101 201 489,2042
6907,13,6,,1 2 6,13
6907,140,15,13,1 2 5 11 15,242
6907,595,37,13 140,1 2 4 10 20 26 511,1483
6908,1,1,,,0
6908,583,36,1,1 2 3 5 11 26 43 49,1426
6909,1,1,,,0
6909,2,2,1,,0
6909,27,7,1 2,1 2 3 7,30
6909,233,19,1 2 27,1 2 4 127 179 196 210,425
6910,4,3,,1 2,1
6910,5,4,4,1 3,3
6910,9,5,4 5,,7
6910,45,9,4 5 9,1 4 5 13 19,61
6910,391,28,4 5 9 45,3 10 97,877
6910,447,30,4 5 9 45 391,1 4 17 27 101,1064
6911,32,8,,8 10,41
6912,1,1,,,0
6912,2,2,1,1,0
6912,3,3,1 2,1,1
6912,16,6,1 2 3,1,14
6912,81,14,1 2 3 16,4 7 11 13 17 63,146
6913,1,1,,,0
6913,21,6,1,1 2 3 4 15,16
6913,139,16,1 21,135,231
6914,1,1,,,0
6914,6,3,1,1 2,2
6914,51,11,1 6,1 2 3 6 7 8 13 22,75
6915,12,5,,1 10,8
6915,609,39,12,2 10 69 79,1502
6916,1,1,,,0
6917,1,1,,,0
6917,10,4,1,1,6
6917,135,15,1 10,,224
6917,176,17,1 10 135,1 2 12 13,317
6918,2,2,,1,0
6918,19,7,2,2 9,18
6918,31,8,2 19,11,32
6919,1,1,,,0
6919,15,5,1,1 2 3 4,8
6919,151,16,1 15,1 3 5 17 36 44 83 129,245
6919,617,39,1 15 151,2 4 5 65 223 400,1503
6921,1,1,,,0
6921,870,44,1,2 10 21 76 324 469 858,2210
6922,3,3,,1 2,0
6922,10,4,3,,5
6922,41,10,3 10,1 11,60
6922,853,43,3 10 41,2 5 7 10 12 13 33 39 103 174 285 300 461 599,2173
6922,949,44,3 10 41 853,3 6 9 39,2455
6923,2,2,,1,0
6923,276,22,2,1 8 38 78 105 166,541
6924,1,1,,,0
6924,30,8,1,1 2 26,34
6924,464,33,1 30,1 6 13 64 76,1125
6926,1,1,,,0
6926,33,9,1,1 2 5 6 25,46
6926,169,17,1 33,3 4 5 6 35,306
6926,339,27,1 33 169,2 6 12 42 75 93,751
6927,1,1,,,0
6927,30,8,1,3 6 8,40
6928,1,1,,,0
6928,9,6,1,2,8
6928,26,7,1 9,1 2,30
6929,7,5,,1 2 3,4
6929,17,6,7,4,18
6929,32,9,7 17,1 25,45
6929,275,22,7 17 32,1 3 27,540
6930,4,4,,1 2 3,0
6930,63,13,4,4 7 11 13 17,114
6931,3,3,,1 2,0
6931,699,41,3,1 2 6 33 259,1783
6932,2,2,,1,0
6932,210,18,2,1 2 4 127 179 196,375
6933,1,1,,,0
6933,3,3,1,1 2,0
6933,10,5,1 3,8,10
6933,69,13,1 3 10,1 2 4 11 14 16 37,130
6933,105,14,1 3 10 69,2 3 54 73,174
6933,373,28,1 3 10 69 105,1 15 19 40 96 131,829
6933,858,43,1 3 10 69 105 373,2 10 21 76 324 469,2176
6934,2,2,,1,0
6934,6,3,2,2,4
6934,25,8,2 6,1 2 5 6,31
6934,58,12,2 6 25,1 3 4 9 43,100
6934,942,44,2 6 25 58,1 3 5 7 62 253 324,2442
6935,1,1,,,0
6935,2,2,1,,0
6935,8,4,1 2,,6
6935,31,9,1 2 8,1 2 5 8,45
6935,604,39,1 2 8 31,25 234 362,1473
6936,19,7,,1 4 5 13,19
6936,25,8,19,1,32
6936,290,24,19 25,1 3 15 62 185 258,589
6937,1,1,,,0
6938,1,1,,,0
6938,2,2,1,,0
6938,3,3,1 2,1,0
6938,11,4,1 2 3,,4
6938,48,11,1 2 3 11,1 2 17,71
6938,173,17,1 2 3 11 48,1 2 6 8 23 30 61 142,289
6938,388,29,1 2 3 11 48 173,1 2 5 103 120,898
6939,429,30,,1 3 21 26 27 29 34,1017
6939,963,44,429,2 6 8 24 76 157 257,2511
6940,1,1,,,0
6940,13,6,1,1 2 4 5 7,5
6940,45,10,1 13,1 2 4 8 20,63
6940,255,21,1 13 45,1 10 29 65,487
6940,342,27,1 13 45 255,4 6 13 15,755
6941,1,1,,,0
6941,129,15,1,1 3 5 17 36 44 83,199
6942,4,2,,,1
6942,13,6,4,1 4 5,10
6942,49,10,4 13,2 3 5 19 20 29,75
6943,1,1,,,0
6943,22,8,1,1 2 3 6 7 8 13,24
6943,795,42,1 22,1 2 4 16 59 97 275,2020
6944,137,16,,1 2 4 116,229
6944,443,32,137,1 3 13 79 312 344,1061
6946,4,1,,,0
6946,7,5,4,1 2 4 5,1
6946,36,9,4 7,1 12 20,48
6946,196,17,4 7 36,1 2 4 127 179,339
6946,246,20,4 7 36 196,1 2 7 97 119,466
6946,783,41,4 7 36 196 246,1 2 6 80,2006
6947,52,12,,3 7 10 17 50,95
6947,145,16,52,1 2 3 6 12 25 35 75,245
6947,226,19,52 145,8 20 26 106,417
6948,5,4,,1 2 4,1
6949,4,3,,1 2,1
6949,8,5,4,3 6,8
6949,43,10,4 8,1 3 4 9,73
6949,50,11,4 8 43,3 7 10 17,91
6950,5,4,,1 4,5
6950,20,8,5,2 4 5,31
6950,392,29,5 20,1 5 6 11 21 32 47 98 342,900
6950,642,40,5 20 392,1 3 6 8 10 45 144 200 206 549,1607
6951,1,1,,,0
6951,2,2,1,1,0
6951,4,3,1 2,1,3
6951,6,4,1 2 4,3,4
6952,1,1,,,0
6952,2,2,1,1,0
6952,11,5,1 2,1,10
6952,13,7,1 2 11,1 2 3 6 7 8,11
6952,270,23,1 2 11 13,2 4 5 8 9 31 34 102 212,536
6953,1,1,,,0
6953,6,4,1,1 2 5,3
6953,79,12,1 6,1 2 14,115
6953,118,15,1 6 79,1 2 11 40 44 84,179
6953,193,16,1 6 79 118,2 4 10 29 40 84 155,335
6953,206,17,1 6 79 118 193,1 3 4 132,354
6953,485,33,1 6 79 118 193 206,1 2 27 39 320,1151
6954,1,1,,,0
6954,3,2,1,,0
6954,5,3,1 3,1 2,1
6954,209,18,1 3 5,3 9 30,360
6954,499,33,1 3 5 209,2 3 7 13 16 18 59 179 319 339,1192
6956,813,41,,1 2 3 4 25,2053
6957,1,1,,,0
6957,2,2,1,1,0
6957,8,6,1 2,1 2 3 6 7,4
6957,436,32,1 2 8,1 2 11 13 73 293,1056
6958,1,1,,,0
6958,7,5,1,1 2 3 6,3
6958,8,6,1 7,1 2 5,7
6958,108,14,1 7 8,2 11 21 57,155
6958,366,28,1 7 8 108,1 2 4 34 62 106 204 214,830
6959,1,1,,,0
6959,6,4,1,1 2 3,2
6959,553,38,1 6,6 11 16 28 38 229 371 548,1349
6960,1,1,,,0
6960,614,39,1,1 3 9 23 37 70 183 416 537,1527
6961,5,4,,1 2,4
6961,636,39,5,2 5 10 33 92 368 530,1595
6962,1,1,,,0
6962,3,3,1,1 2,0
6962,20,6,1 3,1 12,18
6962,21,7,1 3 20,1 12,20
6962,26,8,1 3 20 21,13 17,31
6962,29,9,1 3 20 21 26,2 3 5 19 20,37
6962,102,13,1 3 20 21 26 29,1,140
6963,2,2,,1,0
6963,115,13,2,1 2 50 51 63,174
6963,179,15,2 115,1 2 4 127,295
6963,679,39,2 115 179,1 2 7 8 81,1726
6963,851,42,2 115 179 679,1 3 16 160 813,2144
6964,1,1,,,0
6964,2,2,1,1,0
6964,548,37,1 2,6 11 16 28 38 229 371,1335
6964,561,38,1 2 548,2 3 6,1364
6965,1,1,,,0
6965,5,4,1,2 4,2
6965,20,6,1 5,1 2 4 8,18
6965,37,11,1 5 20,1 2 4 11 14 16,59
6965,73,12,1 5 20 37,2 3 54,101
6965,116,13,1 5 20 37 73,1 2 4,176
6965,625,38,1 5 20 37 73 116,1 4 11 15 25 39 111 120 125 166 365,1539
6966,1,1,,,0
6966,4,3,1,2,1
6966,5,4,1 4,3,2
6966,30,10,1 4 5,1 2 7 24,43
6966,547,37,1 4 5 30,1 2 124,1332
6968,1,1,,,0
6968,2,2,1,,0
6968,3,3,1 2,,0
6968,5,5,1 2 3,2 3 4,1
6968,76,11,1 2 3 5,2 10 48,99
6968,258,23,1 2 3 5 76,1 3 15 62 185,498
6969,4,4,,2 3,1
6969,17,5,4,1 2,14
6969,20,7,4 17,2 11,18
6969,142,13,4 17 20,1 2 6 8 23 30 61,211
6969,276,25,4 17 20 142,1 2 4 9 21,548
6969,417,31,4 17 20 142 276,1 2 20 26 56,975
6970,3,3,,2,1
6970,12,4,3,1,4
6970,575,37,3 12,2 96 215,1390
6971,1,1,,,0
6971,2,2,1,,0
6971,12,3,1 2,1,3
6971,17,6,1 2 12,13,11
6971,20,7,1 2 12 17,2 3 5 19,15
6972,19,6,,2 3 5,15
6972,24,9,19,1 2 7,28
6973,856,43,,1 2 3 724,2140
6974,402,30,,3 13 20 21 54 70 136 144 153 238,944
6975,1,1,,,0
6975,13,5,1,,10
6975,93,12,1 13,4,118
6976,17,8,,4 7 11 13,20
6976,69,11,17,8,87
6977,1,1,,,0
6977,8,4,1,1 2 4,3
6978,11,4,,2,8
6978,33,10,11,6 15 29,44
6980,13,7,,4 7 11,17
6980,367,29,13,2 3 5 23 217,840
6981,1,1,,,0
6981,4,3,1,1 2,2
6981,139,14,1 4,1 3 9 14 26,210
6982,1,1,,,0
6982,11,6,1,4 7,14
6982,17,7,1 11,3 7 10,23
6982,29,9,1 11 17,6 15,38
6982,131,13,1 11 17 29,1 2 5 6 42 67,194
6983,1,1,,,0
6983,2,2,1,1,0
6983,9,5,1 2,1 3 4,8
6983,39,9,1 2 9,1 2 4,40
6983,178,17,1 2 9 39,2 3 5 37,282
6983,833,42,1 2 9 39 178,2 3 4 5 6 28 34 352 472,2094
6984,1,1,,,0
6984,2,2,1,1,0
6984,54,10,1 2,2 3,61
6985,1,1,,,0
6985,49,9,1,1 4,51
6986,5,4,,2 3,2
6986,7,5,5,4,7
6986,16,8,5 7,1 2 4 11 14,19
6986,735,39,5 7 16,60 150,1855
6987,2,1,,,0
6987,83,9,2,1 3 5 17 36 44,93
6987,84,10,2 83,1 2 11 40 44,99
6987,130,13,2 83 84,3 14 17,185
6987,140,14,2 83 84 130,1 2 3 40 77,210
6987,261,26,2 83 84 130 140,12 82 148,516
6988,3,3,,2,1
6988,4,4,3,1 3,2
6988,14,7,3 4,1 2 4 11,16
6988,805,41,3 4 14,3 15 48 471 648,1999
6989,1,1,,,0
6989,2,2,1,,0
6989,3,3,1 2,1,0
6989,4,4,1 2 3,,1
6989,7,5,1 2 3 4,1 2,2
6989,10,6,1 2 3 4 7,3 7,7
6990,761,40,,1 9 31 38 100 627,1907
6991,1,1,,,0
6991,11,6,1,1 2 4,9
6991,13,7,1 11,1 6,12
6991,155,15,1 11 13,2 4 10 29 40 84,234
6991,511,36,1 11 13 155,1 2 4 10 20 26,1235
6992,5,4,,2 4,3
6992,7,5,5,3,5
6993,1,1,,,0
6993,4,3,1,2,2
6993,299,26,1 4,1 2 8 30 60,628
6993,322,27,1 4 299,8 10 28 96,696
6994,2,2,,1,0
6995,1,1,,,0
6995,2,2,1,,0
6996,3,1,,,0
6996,15,5,3,6,8
6996,48,6,3 15,2 10,39
6998,4,3,,1 2,1
6998,6,4,4,1,3
6999,1,1,,,0
7000,2,2,,1,0
7000,342,28,2,1 5 6 11 21 32 47 98,761
7000,963,42,2 342,1 2 5 8 11 29 31 70 108 208 752,2477
7001,1,1,,,0
7001,188,18,1,3 9,319
7001,464,34,1 188,1 2 6 9 62 198 280,1104
7001,813,41,1 188 464,1 3 16 160,2030
7003,1,1,,,0
7004,1,1,,,0
7005,6,2,,,1
7005,173,17,6,1 2 4 5 8 11 13 16 24 56 76 82,293
7006,240,25,,1 15 26 33 44 59,475
7006,366,29,240,2 4 7 10 18 24 29 51 209 244 320,847
7008,1,1,,,0
7009,57,8,,2 11 21,56
7009,135,14,57,1 4 7 42,203
7010,212,22,,2 4 5 8 9 31 34 102,403
7012,1,1,,,0
7014,62,10,,3 17 24,78
7014,71,12,62,1 5 8 22,100
7014,250,25,62 71,3 9 13 14 25 45 84 86 111 162,526
7015,13,4,,1 2 3,9
7015,63,11,13,1 2 50 51,80
7015,127,13,13 63,1 2 4,193
7017,1,1,,,0
7017,75,11,1,1 2 3 6 12 25 35,105
7017,540,36,1 75,5 74 230 473,1321
7018,4,3,,1 2,1
7018,14,4,4,1 2,10
7020,1,1,,,0
7020,2,2,1,1,0
7020,6,3,1 2,1 3,2
7020,339,28,1 2 6,1 4 8 58 64 132 260 323,799
7020,789,40,1 2 6 339,4 8 25 29 77 528,1993
7020,873,41,1 2 6 339 789,5 8 13 18 64 207,2253
7021,1,1,,,0
7021,302,27,1,2 3 6 78 83 122,685
7021,689,38,1 302,2 4 5 9 24 50 115 144,1746
7022,1,1,,,0
7022,718,39,1,2 3 4 6 18 146,1822
7023,3,2,,1,0
7023,73,11,3,2,113
7025,1,1,,,0
7025,3,3,1,1 2,0
7025,36,7,1 3,2 18 28,33
7026,2,2,,1,0
7026,44,8,2,1 3 5 17 36,46
7027,1,1,,,0
7027,44,9,1,1 2 11 40,50
7027,51,10,1 44,1 2 50,64
7027,132,16,1 44 51,1 3 4,206
7027,848,39,1 44 51 132,1 3 13 15 16 23 75 103 298 357 421,2170
7028,50,9,,1 2,64
7028,409,31,50,1 3 7 172,975
7030,2,2,,1,0
7030,4,3,2,1,1
7031,1,1,,,0
7031,6,4,1,1 3 4,3
7031,40,8,1 6,1 2 11,46
7031,58,10,1 6 40,,82
7031,137,16,1 6 40 58,2 3 9 14 88,225
7032,15,5,,1 2 5 11,15
7033,1,1,,,0
7033,4,3,1,1 3,2
7033,8,4,1 4,5,7
7033,28,6,1 4 8,2 18,23
7033,166,20,1 4 8 28,1 8 38 78 105,294
7033,276,26,1 4 8 28 166,1 2 4 7 39,608
7033,604,37,1 4 8 28 166 276,2 62 105 309 575,1543
7034,1,1,,,0
7034,3,2,1,1,1
7034,10,4,1 3,2,6
7034,36,7,1 3 10,1 3 5 17,33
7035,1,1,,,0
7035,3,3,1,2,1
7035,30,6,1 3,1 2,23
7035,201,24,1 3 30,1 3 4 13 40 42 73,390
7035,450,35,1 3 30 201,1 2 3 4 7 10 14 71 124 448,1085
7035,851,39,1 3 30 201 450,1 4 5 6 8 65 191 259 395,2190
7036,1,1,,,0
7036,2,2,1,,0
7036,5,3,1 2,,1
7036,11,4,1 2 5,1 2 5,4
7036,21,5,1 2 5 11,7,12
7036,323,27,1 2 5 11 21,1 4 8 58 64 132 260,757
7037,8,2,,,2
7037,448,34,8,1 2 3 4 7 10 14 71 124,1078
7037,537,36,8 448,1 3 9 23 37 70 183 416,1333
7038,1,1,,,0
7040,110,15,,2 5 8 46 89,169
7040,407,31,110,2 3 4 5 52 212 291 296,976
7041,185,22,,1 3 15 62,357
7041,187,23,185,1 9 37 81 111,361
7041,474,35,185 187,1 6 20 75 90 399,1164
7042,2,1,,,0
7042,5,3,2,1 2,1
7042,12,4,2 5,1 4,4
7042,939,42,2 5 12,1 2 4 8 22 35 54 62 72 333 478 930,2430
7043,18,4,,2,8
7043,40,9,18,1 2 5 7,47
7043,344,29,18 40,1 3 13 79 312,822
7043,549,35,18 40 344,1 3 6 8 10 45 144 200 206,1364
7044,264,25,,1 3 6 15 21 60 148,577
7045,1,1,,,0
7045,2,2,1,1,0
7045,21,4,1 2,2 11,12
7045,27,8,1 2 21,3 5 6 12 22,23
7046,1,1,,,0
7046,67,10,1,1 2 5 6 42,87
7049,276,26,,2 13 46 64,642
7050,4,2,,1,1
7050,7,3,4,,3
7050,22,7,4 7,3 5 6 12,20
7050,61,9,4 7 22,1 2 6 8 23 30,76
7050,77,12,4 7 22 61,1 2 3 40,113
7051,930,41,,1 2 4 8 22 35 54 62 72 333 478,2413
7052,1,1,,,0
7052,24,8,1,3 17,24
7052,320,27,1 24,2 4 7 10 18 24 29 51 209 244,760
7052,371,30,1 24 320,2 130 153 205 237,890
7053,1,1,,,0
7053,17,4,1,1 3 5,11
7055,1,1,,,0
7055,11,3,1,2,6
7056,667,38,,1 2 4 5 14 60 253 395 495,1708
7057,35,8,,1 2 3 6 12 25,44
7057,110,15,35,1 2 8 33 81,176
7058,597,37,,2 6 12 14 94,1541
7059,2,1,,,0
7059,17,7,2,3,19
7060,2,2,,1,0
7060,11,4,2,1 2,10
7060,12,6,2 11,3 5 6,12
7060,22,7,2 11 12,2,26
7060,35,8,2 11 12 22,3 4 5 6,48
7061,1,1,,,0
7061,89,14,1,2 5 8 46,138
7062,84,13,,2 4 10 29 40,131
7062,575,36,84,2 62 105 309,1479
7062,932,42,84 575,1 3 5 12 38 78 123 281,2417
7063,1,1,,,0
7063,2,2,1,1,0
7063,22,6,1 2,1 5 8,28
7063,103,13,1 2 22,2 4 6 30,158
7064,1,1,,,0
7064,2,2,1,,0
7064,4,3,1 2,,1
7064,979,45,1 2 4,2 3 7 12 17 227 247 450 934,2611
7065,5,3,,1 3,1
7066,1,1,,,0
7066,6,5,1,3 5,4
7066,227,24,1 6,3 116 194,509
7066,339,29,1 6 227,3 10 53 99,829
7067,3,2,,1,0
7067,5,4,3,3,3
7067,25,6,3 5,1 2 3 6 12,26
7067,106,14,3 5 25,8 20 26,170
7067,530,35,3 5 25 106,2 5 10 33 92 368,1338
7067,598,36,3 5 25 106 530,2 5 13 41 142,1537
7069,1,1,,,0
7069,2,2,1,1,0
7069,3,3,1 2,,1
7069,164,23,1 2 3,1 2 5 90 95 158,320
7070,1,1,,,0
7070,9,4,1,1 2 4,4
7070,535,35,1 9,3 8 16 28 108,1358
7071,42,9,,1 2 5 6,51
7073,1,1,,,0
7073,3,2,1,,0
7073,119,19,1 3,1 2 7 97,205
7073,276,26,1 3 119,1 3 4 11 18 25 31 42 172,662
7075,4,3,,1 2,2
7075,158,22,4,1 2 5 90 95,313
7075,247,25,4 158,1 4 6 7 8 9 11 16 74 147 157 215,565
7075,312,28,4 158 247,1 3 13 79,761
7076,2,2,,1,0
7076,7,4,2,1 2 5,7
7076,131,21,2 7,3 4 8 12 34 51 74,241
7076,173,22,2 7 131,2 3 5 14 21 48 63,360
7076,223,24,2 7 131 173,23 63,501
7077,1,1,,,0
7077,2,2,1,1,0
7077,4,3,1 2,1 2,1
7077,8,4,1 2 4,1 5,7
7077,308,27,1 2 4 8,3 307,744
7077,312,28,1 2 4 8 308,1 2 3 7 13 27 63 162,760
7078,1,1,,,0
7078,5,3,1,1 2,3
7078,263,25,1 5,1 2 4 8 13 35 52 75,605
7078,307,26,1 5 263,3,741
7079,2,2,,1,0
7079,8,5,2,6 7,6
7079,66,12,2 8,2 3 4 5 25,94
7079,668,35,2 8 66,3 7 25 61 85 138 203 295 418 633,1693
7080,1,1,,,0
7080,2,2,1,,0
7080,5,3,1 2,1,2
7080,7,4,1 2 5,6,3
7080,12,5,1 2 5 7,1 2 3 6,4
7080,13,6,1 2 5 7 12,1 2 12,8
7080,88,13,1 2 5 7 12 13,2 3 9 14,132
7080,141,21,1 2 5 7 12 13 88,1 3 4 26,266
7080,211,23,1 2 5 7 12 13 88 141,1 64,464
7081,2,2,,1,0
7081,6,3,2,,2
7081,12,5,2 6,1 2,6
7081,30,8,2 6 12,1 2 6 8 23,22
7082,1,1,,,0
7082,89,13,1,1 5 6 21 24,132
7082,414,34,1 89,1 2 7 28 66 118 175 181 223 245,996
7084,1,1,,,0
7084,473,34,1,5 74 230,1157
7086,6,4,,1 2 3,0
7086,81,12,6,1 2 8 33,120
7086,114,20,6 81,2 52 67,199
7087,40,11,,1 2 3,54
7088,23,7,,1 2 6 8,19
7088,50,11,23,1 2 4 26 29,65
7088,367,33,23 50,2 3 13 47 157 345 357 358,898
7089,3,3,,1 2,0
7089,6,5,3,3 4 5,4
7090,2,2,,1,0
7090,5,4,2,3 4,3
7091,1,1,,,0
7091,2,2,1,1,0
7091,4,3,1 2,3,1
7091,856,40,1 2 4,2 3 4 5 7 10 37 87,2206
7092,1,1,,,0
7092,3,2,1,,0
7092,34,10,1 3,2 4 7 14,39
7094,2,1,,,0
7094,26,9,2,1 3 9 14,22
7094,105,19,2 26,1 8 38 78,179
7094,758,37,2 26 105,1 2 3 4 5 16 38 63 191 370,1918
7095,97,18,,1 2 7,162
7095,475,33,97,1 4 6 16 78,1181
7096,82,16,,1 2 4 5 8 11 13 16 24 56 76,137
7097,358,32,,2 3 13 47 157 345 357,883
7098,357,31,,2 3 13 47 157 345,883
7099,11,6,,1 2 3 5 8,3
7099,194,23,11,3 116,442
7099,260,25,11 194,1 4 8 58 64 132,633
7100,1,1,,,0
7100,17,8,1,3 14,16
7100,148,19,1 17,12 82,309
7100,293,26,1 17 148,1 2 11 13 73,731
7101,1,1,,,0
7101,78,17,1,1 2 4 14 77,144
7102,8,5,,1 2 3 5,1
7102,42,10,8,1 4 7,57
7102,76,15,8 42,1 2 4 5 8 11 13 16 24 56,131
7102,77,16,8 42 76,1 2 4 14,141
7102,162,20,8 42 76 77,3 9 13 14 25 45 84 86 111,352
7103,8,6,,1 2 6,5
7103,14,7,8,3,13
7103,114,16,8 14,2 5 10 29 52,207
7103,194,23,8 14 114,1 2 3 29 34 107,432
7103,572,34,8 14 114 194,11 12 32 76 145 314 555,1460
7103,978,46,8 14 114 194 572,1 7 141 369,2605
7104,46,11,,2 5 8,69
7104,431,31,46,1 3 33,1036
7105,1,1,,,0
7105,5,4,1,1 2 3,0
7105,6,5,1 5,1 2,3
7105,18,6,1 5 6,1 2,17
7105,20,7,1 5 6 18,1 3 6 7 11 12,19
7105,207,23,1 5 6 18 20,3 6 11 36 57 92 121 127,470
7105,724,36,1 5 6 18 20 207,1 2 3,1812
7105,939,45,1 5 6 18 20 207 724,1 2 5 8 37 57 176 361,2501
7106,14,5,,1 3 9,12
7106,40,10,14,2 4 10 29,57
7106,90,15,14 40,5 6 11 21,152
7106,112,16,14 40 90,5 22 86 89,203
7106,133,18,14 40 90 112,1 2 4 79,264
7106,538,33,14 40 90 112 133,4 8 16 36 46 110 205 272,1376
7107,3,3,,1 2,0
7107,6,4,3,1 2 5,5
7107,215,23,3 6,1 4 6 7 8 9 11 16 74 147 157,484
7107,659,35,3 6 215,3 8,1651
7108,2,2,,1,0
7108,5,3,2,1 2,4
7109,1,1,,,0
7109,2,2,1,1,0
7109,29,9,1 2,1 2 4 26,34
7109,835,39,1 2 29,48 50 260 345 464 638,2143
7109,934,44,1 2 29 835,2 3 7 12 17 227 247 450,2476
7109,949,45,1 2 29 835 934,1 2 7 8 24 136,2515
7110,1,1,,,0
7110,214,24,1,1 2 4 34 62 106 204,495
7110,345,30,1 214,2 3 13 47 157,843
7111,1,1,,,0
7111,2,2,1,1,0
7111,9,3,1 2,1 3,3
7112,1,1,,,0
7112,14,7,1,2 4 7,13
7112,26,8,1 14,1 2 4,28
7113,12,6,,1 3 6 7 11,7
7114,3,1,,,0
7114,11,5,3,1 3 6 7,6
7114,339,29,3 11,2 3 7 13 16 18 59 179 319,816
7114,633,34,3 11 339,3 7 25 61 85 138 203 295 418,1596
7114,916,42,3 11 339 633,2 3 5 12 131,2394
7116,399,30,,1 6 20 75 90,984
7117,1,1,,,0
7117,3,2,1,1,0
7117,29,7,1 3,2 4 10,38
7117,111,17,1 3 29,1 9 37 81,213
7118,7,4,,1 3 6,4
7118,320,27,7,1 2 27 39,767
7119,1,1,,,0
7119,6,3,1,1 3,3
7119,7,4,1 6,2 4,5
7119,56,11,1 6 7,1 2 7 12 20,82
7119,459,32,1 6 7 56,4 6 10 87 120,1141
7120,1,1,,,0
7120,25,6,1,2 3 4 5,28
7120,102,16,1 25,2 4 5 8 9 31 34,193
7120,124,18,1 25 102,3 5 21,244
7120,204,23,1 25 102 124,1 2 4 34 62 106,473
7120,514,32,1 25 102 124 204,1 3 4 8 14 35 38 44 93 145 165 348,1289
7120,555,33,1 25 102 124 204 514,11 12 32 76 145 314,1407
7121,2,2,,1,0
7121,78,15,2,1 8 38,129
7121,224,24,2 78,3 4 6 19 55 105 122 208,518
7122,1,1,,,0
7122,3,2,1,1,0
7122,4,3,1 3,2,1
7122,54,13,1 3 4,3 4 13 18 24 26 35 44,81
7122,56,14,1 3 4 54,1 2 4 5 8 11 13 16 24,89
7124,1,1,,,0
7124,2,2,1,,0
7124,3,3,1 2,1 2,0
7124,37,8,1 2 3,2 3 5,40
7124,627,32,1 2 3 37,1 9 31 38 100,1574
7125,2,2,,1,0
7126,1,1,,,0
7126,438,31,1,1 14 17,1076
7127,1,1,,,0
7127,103,16,1,39 69 70,196
7128,1,1,,,0
7128,244,25,1,2 4 7 10 18 24 29 51 209,584
7128,369,29,1 244,1 2 35 36 97 176 302,897
7129,1,1,,,0
7129,89,15,1,5 22 86,160
7129,151,22,1 89,1 2 3 90 92,337
7129,916,44,1 89 151,2 21 65 81 82 85 98 147 627,2434
7130,1,1,,,0
7130,65,13,1,1 10 29,105
7130,217,24,1 65,2 3 5 23,512
7130,765,37,1 65 217,1 2 5 13 20,1965
7131,1,1,,,0
7132,1,1,,,0
7132,44,12,1,3 4 13 18 24 26 35,69
7132,86,14,1 44,5 22,155
7132,308,27,1 44 86,6 18 20 24,737
7133,1,1,,,0
7133,30,8,1,3 9,34
7133,67,12,1 30,2 52,111
7133,74,13,1 30 67,3 4 8 12 34 51,126
7133,125,18,1 30 67 74,1 2 4 7 9 42 72,251
7134,1,1,,,0
7134,4,3,1,1 2,1
7134,33,9,1 4,1 2 8,43
7134,276,26,1 4 33,11 22 45 49 51 78 151,664
7134,319,28,1 4 33 276,2 3 7 13 16 18 59 179,763
7136,1,1,,,0
7136,2,2,1,1,0
7136,10,6,1 2,2 4,12
7136,18,7,1 2 10,2 14,20
7136,30,8,1 2 10 18,2 4 6,35
7136,151,22,1 2 10 18 30,1 2 7 14 67 72 87 100,332
7136,400,30,1 2 10 18 30 151,2 4 5 65 223,945
7137,1,1,,,0
7137,7,4,1,1 4,4
7137,68,12,1 7,2 3 5 13 22 39 41,108
7137,208,23,1 7 68,3 4 6 19 55 105 122,478
7138,4,3,,1 2,0
7138,95,17,4,1 2 5 90,174
7138,238,25,4 95,3 13 20 21 54 70 136 144 153,573
7140,2,2,,1,0
7140,4,3,2,1,2
7140,5,5,2 4,2 3 4,3
7140,14,6,2 4 5,2,14
7141,1,1,,,0
7141,4,4,1,2 3,2
7141,35,11,1 4,3 4 13 18 24 26,50
7141,169,22,1 4 35,2 4 16,374
7141,371,29,1 4 35 169,6 11 16 28 38 229,898
7141,959,45,1 4 35 169 371,1 3 17 56 96 109 128 202 409 425 546,2532
7142,1,1,,,0
7142,3,3,1,2,1
7142,4,4,1 3,2,2
7142,8,5,1 3 4,2 5,4
7142,74,13,1 3 4 8,1 3 22 48 67,117
7143,1,1,,,0
7143,2,2,1,,0
7143,90,16,1 2,1 2 5,160
7143,127,21,1 2 90,2 6 98,277
7144,2,1,,,0
7145,5,2,,2,1
7145,648,33,5,3 15 48 471,1594
7146,355,28,,1 2 3 6 13 31 42 129 159 174,860
7146,558,31,355,2 5 8 38,1384
7146,905,44,355 558,2 4 33 501,2387
7147,1,1,,,0
7147,24,9,1,1 5 6 21,28
7147,26,10,1 24,8 20,32
7147,81,14,1 24 26,1 9 37,147
7148,2,1,,,0
7148,52,11,2,2,81
7149,15,6,,1 4 5 14,11
7149,67,12,15,1 3 22 48,107
7149,406,28,15 67,1 21 299,972
7150,1,1,,,0
7150,14,5,1,1 4 5,10
7150,19,7,1 14,,23
7150,21,8,1 14 19,1 5 6,23
7150,26,10,1 14 19 21,3 4 13 18 24,33
7151,296,27,,2 3 4 5 52 212 291,702
7151,758,38,296,2 3 5 9 37 116 531,1920
7152,1,1,,,0
7152,2,2,1,,0
7152,24,9,1 2,3 4 13 18,31
7153,20,7,,8,24
7153,111,19,20,3 9 13 14 25 45 84 86,232
7153,369,27,20 111,4 10 18 54 204,882
7153,689,35,20 111 369,3 5 22 37 303,1699
7154,9,4,,3,6
7154,14,6,9,2 3 9,16
7154,24,9,9 14,1 2 4 5 8 11 13 16,32
7155,4,3,,1 3,0
7155,20,7,4,1 2 7 12,22
7156,3,2,,1,0
7156,5,3,3,2 3,1
7156,51,11,3 5,3 4 8 12 34,77
7156,265,25,3 5 51,1 11 21 61,624
7156,291,26,3 5 51 265,2 3 4 5 52 212,688
7156,727,36,3 5 51 265 291,2 23 408 468,1831
7158,1,1,,,0
7158,3,2,1,2,0
7158,18,8,1 3,3 4 13,22
7158,416,27,1 3 18,1 3 9 23 37 70 183,1018
7159,2,1,,,0
7159,5,3,2,1 4,1
7159,8,4,2 5,1 2,6
7159,9,5,2 5 8,2 3,8
7160,3,1,,,0
7160,4,2,3,1,0
7160,6,3,3 4,2 4,1
7160,70,15,3 4 6,39 69,120
7160,79,16,3 4 6 70,1 2 4,141
7160,148,21,3 4 6 70 79,1 3 6 15 21 60,313
7161,38,9,,1 8,51
7161,69,14,38,39,119
7162,4,2,,2,1
7162,16,8,4,1 2 4 5 8 11 13,17
7162,553,31,4 16,11 19 29 71 152,1374
7163,1,1,,,0
7163,12,6,1,1 2 7,9
7163,13,7,1 12,3 4,12
7163,73,14,1 12 13,1 3 4 13 40 42,120
7163,103,20,1 12 13 73,1 2 3 4 6,218
7163,209,24,1 12 13 73 103,2 4 7 10 18 24 29 51,487
7164,2,1,,,0
7164,41,10,2,2 3 5 13 22 39,53
7164,62,13,2 41,1 3 15,104
7164,97,18,2 41 62,1 2 3 6 95,193
7164,189,23,2 41 62 97,2 4 6 7 10 20,443
7165,2,2,,1,0
7165,3,3,2,2,1
7165,6,4,2 3,1 5,2
7165,8,5,2 3 6,,4
7165,13,7,2 3 6 8,1 2 4 5 8 11,9
7165,14,8,2 3 6 8 13,1 2 4,15
7165,52,10,2 3 6 8 13 14,2 5 10 29,70
7165,157,22,2 3 6 8 13 14 52,1 4 6 7 8 9 11 16 74 147,334
7166,1,1,,,0
7166,2,2,1,,0
7166,5,3,1 2,1,0
7166,27,7,1 2 5,2 13,25
7166,29,8,1 2 5 27,1 10,27
7166,39,9,1 2 5 27 29,2 3 5 13 22,42
7166,82,15,1 2 5 27 29 39,12,140
7166,95,17,1 2 5 27 29 39 82,1 2 3 6,179
7167,11,6,,1 2 4 5 8,6
7168,7,3,,1 2,1
7168,48,9,7,1 3 22,58
7170,1,1,,,0
7170,8,5,1,1 2 4 5,4
7170,509,30,1 8,1 6 18 42 46 60 95 128 225 300 395,1257
7170,822,41,1 8 509,1 2 3 12 273 455,2069
7172,4,4,,3,2
7172,93,19,4,2 6 12 42 75,187
7172,98,20,4 93,2 6,202
7172,778,39,4 93 98,40 345,1966
7173,2,2,,1,0
7173,3,3,2,,1
7173,5,4,2 3,1 2 4,1
7173,34,7,2 3 5,3 4 8 12,39
7174,1,1,,,0
7174,4,3,1,1 2,0
7175,4,3,,1 2,2
7175,21,6,4,5 6 11,18
7175,131,20,4 21,1 15 19 40 96,263
7175,147,21,4 21 131,1 4 6 7 8 9 11 16 74,309
7176,2,2,,1,0
7176,445,27,2,1 2 14 23 24 80 321,1092
7176,599,30,2 445,2 5 7 10 12 13 33 39 103 174 285 300 461,1454
7177,1,1,,,0
7177,2,2,1,1,0
7177,27,6,1 2,1 3,24
7177,116,19,1 2 27,3,240
7177,172,20,1 2 27 116,1 3 4 11 18 25 31 42,389
7177,362,25,1 2 27 116 172,25 234,829
7178,1,1,,,0
7178,86,18,1,3 9 13 14 25 45 84,166
7178,393,26,1 86,2 8 26 44 82 287,937
7179,33,8,,2 13 14,36
7180,9,3,,3,4
7180,13,4,9,2,9
7180,84,17,9 13,3 9 13 14 25 45,163
7180,618,33,9 13 84,1 2 10,1505
7181,1,1,,,0
7183,1,1,,,0
7183,22,6,1,2 3 5 13,21
7183,260,23,1 22,2 5 6 8 29 54 114,603
7185,1,1,,,0
7185,7,3,1,1 2,3
7185,10,4,1 7,1,6
7185,11,5,1 7 10,5 6,7
7185,127,19,1 7 10 11,3 6 11 36 57 92 121,270
7185,280,23,1 7 10 11 127,1 2 6 9 62 198,652
7186,1,1,,,0
7186,3,2,1,,0
7186,63,15,1 3,2 3 5 14 21 48,110
7186,72,16,1 3 63,1 2 4 7 9 42,127
7186,237,22,1 3 63 72,2 130 153 205,543
7187,59,14,,1 15 26 33 44,102
7187,100,18,59,1 2 7 14 67 72 87,205
7188,29,9,,2 5 10,33
7188,34,12,29,2 4 5 8 9 31,51
7188,92,17,29 34,1 2 3 90,189
7189,1,1,,,0
7189,882,44,1,2 10 22 47,2298
7190,2,2,,1,0
7190,6,4,2,5,3
7190,75,15,2 6,2 6 12 42,152
7190,90,16,2 6 75,1 2 3,185
7190,107,17,2 6 75 90,1 2 3 29 34,215
7191,1,1,,,0
7191,2,2,1,,0
7191,5,3,1 2,,1
7191,8,4,1 2 5,1,2
7191,31,11,1 2 5 8,2 4 5 8 9,44
7191,37,12,1 2 5 8 31,1 9,53
7191,39,13,1 2 5 8 31 37,,56
7191,121,16,1 2 5 8 31 37 39,3 6 11 36 57 92,248
7191,242,22,1 2 5 8 31 37 39 121,1 5 6 20,546
7191,652,35,1 2 5 8 31 37 39 121 242,3 7 57 105 147 190 447 474,1577
7192,13,5,,2 3 5,8
7192,743,38,13,1 2 4 8 12 14 84 105 125 407,1848
7194,1,1,,,0
7194,22,8,1,1 3,21
7194,42,11,1 22,1 3 4 13 40,58
7195,12,6,,3 4 8,10
7195,26,10,12,1 3 4,36
7195,302,24,12 26,1 2 35 36 97 176,700
7196,1,1,,,0
7196,22,8,1,5,24
7196,40,10,1 22,1 3 4 13,54
7196,258,22,1 22 40,1 2 3 5 6 7 19,593
7198,1,1,,,0
7198,2,2,1,,0
7198,14,7,1 2,2 13,12
7199,8,5,,3 4,7
7199,13,6,8,2,11
7199,447,29,8 13,4 8 13 369,1109
7200,5,4,,2 3,4
7200,87,15,5,1 2 7 14 67 72,175
7201,1,1,,,0
7201,3,2,1,1,1
7201,19,9,1 3,1 2 3 4 5 6 9 10,17
7201,48,13,1 3 19,2 3 5 14 21,79
7201,122,16,1 3 19 48,2 3 6 78 83,256
7202,1,1,,,0
7202,3,3,1,2,1
7202,44,12,1 3,1 15 26 33,70
7203,1,1,,,0
7203,2,2,1,,0
7203,4,3,1 2,3,0
7203,56,14,1 2 4,1 2 3 6 9 47,95
7203,274,23,1 2 4 56,1 3 107,620
7203,838,43,1 2 4 56 274,4 7 94 151 367 586 769,2167
7204,3,1,,,0
7204,53,13,3,5 7,85
7204,97,14,3 53,3 10,187
7204,205,21,3 53 97,2 4 192,466
7204,337,25,3 53 97 205,1 2 3 4 23 25 29 172 264 293,764
7204,833,42,3 53 97 205 337,8 28 53 83 165 229 374 393,2144
7206,120,16,,1 2 5 103,261
7207,1,1,,,0
7207,10,4,1,2 5,6
7207,34,11,1 10,3 4 16 28,51
7207,234,21,1 10 34,5 23 62 102 120 144,530
7210,1,1,,,0
7210,2,2,1,,0
7210,10,8,1 2,1 2 3 4 5 6 9,7
7210,96,14,1 2 10,1 15 19 40,187
7210,444,29,1 2 10 96,3 19 47 56 63 129,1092
7211,9,7,,1 2 3 4 5 6,7
7211,15,9,9,1 3,22
7211,752,40,9 15,1 2 5 8 11 29 31 70 108 208,1885
7212,1,1,,,0
7212,5,3,1,2,3
7212,47,13,1 5,1 2 3 6 9,83
7212,136,17,1 5 47,2 3 4 70 74 85,301
7212,977,44,1 5 47 136,1 3 6 21 23 136,2536
7213,3,2,,1,1
7213,5,3,3,,3
7213,9,8,3 5,2 4 5 8,12
7213,25,9,3 5 9,1 2 6 7 14,32
7213,28,10,3 5 9 25,3 4 16,40
7213,33,11,3 5 9 25 28,1 15 26,51
7213,42,12,3 5 9 25 28 33,4 10 12 23 27,62
7214,1,1,,,0
7214,6,6,1,1 2 3 4 5,2
7214,8,7,1 6,2 4 5,10
7215,1,1,,,0
7215,2,2,1,,0
7215,5,5,1 2,1 2 3 4,0
7215,72,13,1 2 5,1 2 7 14 67,138
7216,4,4,,1 2 3,0
7216,42,9,4,1 2 4 7 9,63
7216,100,15,4 42,1,201
7216,335,25,4 42 100,2 5 12 110 145,757
7216,489,29,4 42 100 335,3 6 9 10 17 26 90 101 201,1172
7217,3,3,,1 2,0
7217,4,4,3,1 3,2
7217,5,5,3 4,2 4,4
7217,17,6,3 4 5,2,15
7217,192,20,3 4 5 17,2 4,431
7218,2,2,,1,0
7218,3,3,2,1,1
7218,4,4,2 3,2,2
7218,106,15,2 3 4,1 2 4 34 62,215
7218,205,20,2 3 4 106,2 130 153,452
7219,1,1,,,0
7219,9,3,1,1,5
7219,45,10,1 9,3 9 13 14 25,76
7219,96,14,1 9 45,8 10 28,187
7220,1,1,,,0
7220,2,2,1,,0
7220,26,8,1 2,1 15,33
7220,67,12,1 2 26,1 2 7 14,123
7220,92,13,1 2 26 67,3 6 11 36 57,176
7223,3,2,,1,1
7223,13,4,3,1 3 4,8
7223,21,7,3 13,3 5,23
7223,42,10,3 13 21,2 6 12,75
7223,103,15,3 13 21 42,1 2 5,211
7223,122,16,3 13 21 42 103,3 4 6 19 55 105,246
7223,153,19,3 13 21 42 103 122,3 13 20 21 54 70 136 144,338
7224,1,1,,,0
7224,14,6,1,1 2 6 7,11
7224,21,7,1 14,1 2 4 9,23
7225,1,1,,,0
7225,16,6,1,3 4,17
7225,148,18,1 16,1 2 8 10 14 19 88 93,323
7225,365,26,1 16 148,1 4 11 15 25 39 111 120 125 166,839
7227,1,1,,,0
7227,64,12,1,1,119
7227,132,17,1 64,1 4 8 58 64,286
7227,162,19,1 64 132,1 2 3 7 13 27 63,360
7227,673,37,1 64 132 162,1 2 12 76 85 103 445,1660
7228,1,1,,,0
7228,5,3,1,1 2,0
7228,21,7,1 5,2 3 5 14,26
7228,27,8,1 5 21,4 10 12 23,31
7228,192,19,1 5 21 27,8 81 114,413
7228,495,29,1 5 21 27 192,1 2 4 5 14 60 253 395,1189
7229,368,26,,2 5 10 33 92,863
7231,2,2,,1,0
7231,7,5,2,1 2 6,6
7231,15,6,2 7,1,20
7231,129,17,2 7 15,1 11 17 23 26,284
7232,1,1,,,0
7232,2,2,1,,0
7232,4,3,1 2,1 3,0
7232,6,4,1 2 4,1 2,3
7232,23,7,1 2 4 6,4 10 12,24
7232,60,12,1 2 4 6 23,1 2 8 30,108
7232,144,18,1 2 4 6 23 60,3 13 20 21 54 70 136,315
7232,263,23,1 2 4 6 23 60 144,2 4 21 175,573
7233,3,2,,1,0
7233,38,11,3,1 2 3 4 11 15 23 28,71
7235,1,1,,,0
7235,4,3,1,1 2,3
7235,14,6,1 4,2 3 5,16
7235,212,21,1 4 14,2 3 4 5 52,459
7236,1,1,,,0
7236,2,2,1,1,0
7236,9,4,1 2,1 2 4,7
7236,12,5,1 2 9,,12
7236,63,11,1 2 9 12,23,111
7237,1,1,,,0
7237,2,2,1,1,0
7237,4,3,1 2,3,1
7237,23,8,1 2 4,1 3 4 19 20,29
7238,1,1,,,0
7238,3,2,1,,0
7239,5,2,,3,0
7239,25,9,5,3 9 13 14,37
7240,20,7,,1 3 4 19,26
7240,83,14,20,2 3 6 78,158
7240,105,15,20 83,3 4 6 19 55,206
7240,136,17,20 83 105,3 13 20 21 54 70,294
7240,236,22,20 83 105 136,1 3 4 68 73 80 161,501
7241,3,1,,,0
7241,4,3,3,1 2,0
7241,19,6,3 4,1 3 4,24
7243,2,2,,1,0
7243,12,4,2,4 10,7
7243,28,10,2 12,1 2 3 4 11 15 23,50
7243,60,11,2 12 28,3 5 12,99
7244,1,1,,,0
7244,5,3,1,2 3,2
7244,98,14,1 5,1 5 6 11 21 32 47,189
7245,1,1,,,0
7245,10,3,1,4,4
7245,78,13,1 10,2 3 6,147
7245,373,26,1 10 78,3 11 34 41 214,876
7246,1,1,,,0
7246,3,2,1,2,0
7246,31,10,1 3,1 5 11 12,52
7246,100,14,1 3 31,1 2 7 92,195
7247,2,1,,,0
7247,897,43,2,1 2 3 8 160 461,2299
7248,23,9,,1 2 3 4 11 15,43
7248,60,10,23,1 3 6 15 21,97
7248,74,12,23 60,1 4 6 7 8 9 11 16,132
7248,293,24,23 60 74,1 2 3 4 23 25 29 172 264,634
7249,1,1,,,0
7249,9,5,1,1 2 4 7,4
7249,101,16,1 9,1 2 3 10,211
7250,7,3,,5,2
7250,9,5,7,1 2 3 6,7
7250,14,8,7 9,3 9 13,20
7251,4,1,,,0
7251,7,4,4,1 2 4,2
7251,13,7,4 7,3 9,18
7251,245,23,4 7 13,1 2 7 28 66 118 175 181 223,523
7252,5,2,,,1
7253,6,4,,1 2 3,4
7253,12,7,6,2 6,18
7254,4,3,,1 2,1
7254,92,13,4,1 2 7,179
7255,1,1,,,0
7255,6,5,1,1 2 3,8
7255,9,6,1 6,3,13
7255,57,11,1 6 9,3 6 11 36,101
7256,2,2,,1,0
7256,3,3,2,1 2,1
7256,4,4,2 3,1 3,3
7256,15,7,2 3 4,1 2 3 4 11,25
7256,101,16,2 3 4 15,1 4 17 27,204
7256,299,23,2 3 4 15 101,1 21,648
7257,1,1,,,0
7257,2,2,1,1,0
7257,3,3,1 2,1,1
7257,11,6,1 2 3,1 2 7,16
7258,1,1,,,0
7258,3,3,1,1 2,1
7258,758,41,1 3,1 12 29,1886
7259,1,1,,,0
7259,2,2,1,1,0
7259,6,3,1 2,2,4
7259,151,17,1 2 6,11 22 45 49 51 78,313
7260,1,1,,,0
7260,6,5,1,1 2 3 4,4
7260,11,6,1 6,1 2 3 4,14
7260,972,45,1 6 11,2 11 13 25 492 787,2515
7261,1,1,,,0
7261,3,2,1,,1
7261,7,5,1 3,1 2,7
7261,64,12,1 3 7,2 13 46,113
7262,1,1,,,0
7262,4,4,1,1 2 3,1
7262,30,8,1 4,1 2 8,39
7262,62,11,1 4 30,1 2 4 34,105
7263,2,1,,,0
7263,3,3,2,1 2,0
7263,34,8,2 3,1 2 3 29,42
7263,85,15,2 3 34,2 3 4 70 74,155
7263,104,16,2 3 34 85,1 6 21 36 46,196
7263,537,33,2 3 34 85 104,20 28 29 57,1253
7264,2,2,,1,0
7264,6,3,2,2,4
7265,1,1,,,0
7265,12,6,1,1 5 11,9
7265,172,20,1 12,1 3 7,340
7266,1,1,,,0
7266,2,2,1,1,0
7266,11,5,1 2,1 5,7
7266,40,8,1 2 11,1 15 19,46
7266,75,12,1 2 11 40,1 2 4 8 13 35 52,120
7266,212,22,1 2 11 40 75,1 14 24 42 44 53,431
7266,575,34,1 2 11 40 75 212,2 7 21 259 323,1328
7266,590,35,1 2 11 40 75 212 575,3 16 34 74 75 104 332,1384
7267,1,1,,,0
7267,4,4,1,1 2 3,1
7267,15,6,1 4,4 6 13,13
7267,18,7,1 4 15,2 7 11,16
7267,198,21,1 4 15 18,1 2 6 9 62,403
7268,2,1,,,0
7268,3,3,2,1 2,0
7268,29,7,2 3,1 2 3,29
7269,2,2,,1,0
7269,13,5,2,4 6,10
7270,1,1,,,0
7270,39,9,1,1 2 4 7,44
7270,153,19,1 39,2 130,298
7272,1,1,,,0
7272,5,2,1,1,0
7272,107,16,1 5,1 3 10 23,209
7272,769,42,1 5 107,4 7 94 151 367 586,1939
7273,14,6,,1 2 7,12
7273,223,21,14,1 2 7 28 66 118 175 181,455
7273,296,24,14 223,1 2 5 28 205,639
7274,11,5,,2 7,9
7274,74,14,11,2 3 4 70,131
7274,179,20,11 74,2 3 7 13 16 18 59,357
7274,308,25,11 74 179,108 137 236,677
7276,1,1,,,0
7276,6,4,1,4,6
7276,23,5,1 6,,24
7276,36,10,1 6 23,3 6 11,50
7276,592,34,1 6 23 36,8 11 16 392,1391
7276,653,37,1 6 23 36 592,1 2 4 7 16 185,1562
7276,755,41,1 6 23 36 592 653,4 6 8 11 13 25 28 50 57 62 66 74 132 133 299 327,1873
7277,1,1,,,0
7277,3,3,1,1 2,1
7277,264,22,1 3,1 2 3 4 23 25 29 172,546
7277,369,28,1 3 264,4 8 13,862
7278,1,1,,,0
7278,2,2,1,1,0
7278,4,3,1 2,,2
7278,7,4,1 2 4,2,2
7278,70,13,1 2 4 7,2 3 4,121
7278,450,29,1 2 4 7 70,2 4 5 346,1040
7279,1,1,,,0
7279,46,10,1,2 13,72
7279,55,11,1 46,1 2 3 10 22 29 38,81
7280,1,1,,,0
7280,7,3,1,1 2,1
7280,93,15,1 7,1 2 8 10 14 19 88,175
7281,528,33,,4 8 25 29 77,1214
7283,2,1,,,0
7283,28,9,2,1 2 3 5 16,34
7283,229,20,2 28,6 11 16 28 38,482
7284,8,3,,1 2,5
7284,287,24,8,2 8 26 44 82,624
7284,395,28,8 287,1 6 18 42 46 60 95 128 225 300,912
7284,477,29,8 287 395,9 13 41 47 49 70 112 118 144 154 372,1090
7285,2,2,,1,0
7285,88,14,2,1 2 8 10 14 19,171
7285,316,25,2 88,1 2 3 15 26 51 157 176,701
7286,1,1,,,0
7286,348,27,1,1 3 4 8 14 35 38 44 93 145 165,786
7287,1,1,,,0
7287,19,7,1,1 15,15
7287,21,8,1 19,1 3 6 15,17
7287,28,9,1 19 21,8 10,37
7289,1,1,,,0
7289,52,11,1,1 2 4 8 13 35,80
7290,1,1,,,0
7290,2,2,1,1,0
7290,3,3,1 2,,1
7290,34,9,1 2 3,1 2 4,53
7290,55,12,1 2 3 34,3 4 6 19,89
7290,827,41,1 2 3 34 55,53 96 133 219 243,2088
7291,1,1,,,0
7291,10,4,1,3,5
7291,12,5,1 10,3 5,6
7291,15,6,1 10 12,1,8
7293,1,1,,,0
7293,15,4,1,1 3 6,8
7293,24,7,1 15,2 4 7 8,30
7293,130,18,1 15 24,2,251
7293,146,19,1 15 24 130,3 60,282
7294,3,3,,1 2,0
7294,16,5,3,2 4,14
7294,521,33,3 16,2 7 35 87 240 316 460,1193
7295,2,2,,1,0
7295,16,5,2,1 2 3 5,15
7295,47,11,2 16,1 5 6 11 21 32,71
7295,64,13,2 16 47,1 4 8 58,115
7296,1,1,,,0
7296,38,10,1,1 2 3 10 22 29,53
7296,669,40,1 38,33 175 443,1616
7297,1,1,,,0
7297,144,18,1,5 23 62 102 120,279
7298,3,1,,,0
7298,5,2,3,3,0
7298,157,18,3 5,2 3 13 47,316
7300,3,1,,,0
7300,286,24,3,1 2 18 165 210,620
7300,321,26,3 286,1 2 14 23 24 80,726
7301,11,6,,3 6,14
7301,58,12,11,1 4 8,108
7302,6,3,,1 3,1
7302,7,4,6,1 2 4,3
7302,161,18,6 7,3 9 43,323
7302,196,19,6 7 161,3 4 9 11 38 48 136,404
7305,1,1,,,0
7305,3,2,1,1,0
7305,4,3,1 3,1 2,1
7305,10,6,1 3 4,8,12
7305,29,9,1 3 4 10,1 2 3 10 22,42
7305,234,21,1 3 4 10 29,25,472
7306,4,3,,2,3
7306,5,4,4,1 2 3,4
7306,6,5,4 5,3,7
7306,16,8,4 5 6,1 4 6 7 8 9 11,16
7306,35,9,4 5 6 16,1 2 4 8 13,47
7306,70,13,4 5 6 16 35,3 13 20 21 54,133
7306,99,16,4 5 6 16 35 70,3 10 53,197
7306,114,17,4 5 6 16 35 70 99,8 81,215
7306,638,38,4 5 6 16 35 70 99 114,48 50 260 345 464,1521
7307,1,1,,,0
7307,2,2,1,1,0
7307,8,4,1 2,,7
7307,42,11,1 2 8,1 3 4 11 18 25 31,69
7307,310,25,1 2 8 42,1 2 10 19 43 241,689
7308,1,1,,,0
7308,2,2,1,,0
7308,3,3,1 2,1 2,0
7308,79,13,1 2 3,1 3 13,144
7308,259,23,1 2 3 79,1 3 21,541
7309,2,2,,1,0
7309,3,3,2,,1
7309,8,5,2 3,2 4 7,3
7309,867,42,2 3 8,2 15 26 513,2183
7310,1,1,,,0
7310,7,4,1,2 4,2
7310,32,9,1 7,1 5 6 11 21,41
7311,11,7,,1 4 6 7 8 9,5
7312,1,1,,,0
7312,13,7,1,2,16
7312,22,8,1 13,1 2 3 10,24
7312,76,14,1 13 22,1 6 13 64,137
7313,4,3,,2,1
7313,9,6,4,1 4 6 7 8,3
7313,77,14,4 9,1 2 17 20 25 27 41,146
7313,223,20,4 9 77,2 4 5 65,432
7314,8,5,,1 4 6 7,3
7314,78,15,8,1 2 5 66,152
7314,461,29,8 78,2 5 7 10 12 13 33 39 103 174 285 300,1031
7314,567,34,8 78 461,2 4 14 69,1326
7315,1,1,,,0
7315,2,2,1,,0
7315,7,4,1 2,1 4 6,1
7315,161,17,1 2 7,1 3 4 68 73 80,299
7315,181,18,1 2 7 161,1 2 7 28 66 118 175,349
7316,6,3,,1 4,1
7316,168,17,6,1 30,320
7316,245,22,6 168,1 3 9 40 44 45,499
7317,6,4,,2 3,3
7318,4,2,,1,1
7318,31,10,4,1 3 4 11 18 25,47
7318,204,19,4 31,4 10 18 54,405
7320,1,1,,,0
7320,3,3,1,2,1
7320,4,4,1 3,1 2,2
7320,73,15,1 3 4,1 2 11 13,146
7320,175,17,1 3 4 73,2 4 21,336
7321,1,1,,,0
7321,2,2,1,,0
7321,5,3,1 2,1 2,3
7321,21,7,1 2 5,1 5 6 11,22
7321,46,11,1 2 5 21,1 6 21 36,72
7321,51,12,1 2 5 21 46,2 4 7 10 18 24 29,83
7321,105,15,1 2 5 21 46 51,2 4 9 18 81,182
7321,120,16,1 2 5 21 46 51 105,5 23 62 102,217
7321,175,17,1 2 5 21 46 51 105 120,1 2 7 28 66 118,331
7321,176,18,1 2 5 21 46 51 105 120 175,1 2 35 36 97,337
7321,239,21,1 2 5 21 46 51 105 120 175 176,1 2 5 6 20 25 229,472
7322,2,2,,1,0
7322,54,12,2,3 13 20 21,96
7322,469,31,2 54,2 10 21 76 324,1032
7322,471,32,2 54 469,3 15 48,1038
7323,1,1,,,0
7323,2,2,1,,0
7324,2,2,,1,0
7324,10,4,2,1 2 3,5
7324,23,8,2 10,2 3 5,28
7324,25,9,2 10 23,1 3 4 11 18,34
7324,64,13,2 10 23 25,1 6 13,110
7324,471,31,2 10 23 25 64,3 5 7 13 73 119 150 285,1041
7325,1,1,,,0
7326,1,1,,,0
7326,19,7,1,3 4 6,19
7326,63,13,1 19,1 2 3 7 13 27,110
7326,66,14,1 19 63,1 2 5,123
7327,174,18,,1 2 3 6 13 31 42 129 159,336
7327,230,20,174,5 74,453
7328,1,1,,,0
7328,13,5,1,1 2 4 8,9
7328,288,24,1 13,9,619
7328,309,27,1 13 288,2 62 105,681
7328,395,28,1 13 288 309,1 2 4 5 14 60 253,883
7329,1,1,,,0
7329,114,16,1,2 5 6 8 29 54,204
7329,418,28,1 114,3 7 25 61 85 138 203 295,929
7330,27,8,,1 4 17,45
7330,56,12,27,1 2 20 26,95
7330,215,19,27 56,2 96,420
7330,309,27,27 56 215,2 12 14 29 59 80 93 180,679
7331,3,3,,1 2,1
7331,11,6,3,1 5 6,11
7331,18,7,3 11,1 3 4 11,26
7331,36,10,3 11 18,1 6 21,55
7331,229,19,3 11 18 36,1 2 5 6 20 25,445
7331,628,39,3 11 18 36 229,29 156 195 434 616,1469
7332,1,1,,,0
7332,2,2,1,1,0
7332,78,14,1 2,11 22 45 49 51,136
7332,100,15,1 2 78,1 2 21 25 28 34,166
7333,1,1,,,0
7333,2,2,1,1,0
7333,8,4,1 2,1 2 4,3
7333,20,7,1 2 8,2 4 6 7 10,30
7334,1,1,,,0
7334,26,9,1,1 11 17 23,41
7334,34,11,1 26,1 3 21 26 27 29,50
7336,1,1,,,0
7336,6,5,1,1 5,4
7337,1,1,,,0
7337,4,3,1,1 2,0
7337,5,4,1 4,1,2
7337,23,8,1 4 5,1 11 17,36
7338,11,5,,1 3 4,15
7339,2,2,,1,0
7339,6,3,2,3 4,2
7339,7,4,2 6,1 2,4
7339,29,10,2 6 7,1 3 21 26 27,40
7339,81,14,2 6 7 29,8,130
7339,102,15,2 6 7 29 81,5 23 62,171
7339,507,33,2 6 7 29 81 102,3 4 7 22 155 363,1127
7339,890,44,2 6 7 29 81 102 507,1 2 3 14 387 633 666,2231
7340,1,1,,,0
7340,10,5,1,1 2 3,14
7340,17,7,1 10,1 4,24
7341,1,1,,,0
7341,4,2,1,3,0
7341,27,9,1 4,1 3 21 26,35
7342,3,1,,,0
7342,5,4,3,2 3,2
7342,26,8,3 5,1 3 21,33
7342,159,17,3 5 26,1 2 3 6 13 31 42 129,293
7343,10,6,,2 4 6 7,14
7343,17,7,10,1 11,24
7343,29,8,10 17,2 4 7 10 18 24,34
7343,616,38,10 17 29,29 156 195 434,1431
7343,793,39,10 17 29 616,1 2 10 16 154 498 606,1943
7344,2,2,,1,0
7344,3,3,2,2,1
7344,4,4,2 3,2 3,2
7344,472,32,2 3 4,2 3 4 5 6 28 34 352,1034
7344,855,43,2 3 4 472,2 5 6 16 172,2119
7345,1,1,,,0
7345,2,2,1,,0
7345,3,3,1 2,2,0
7345,4,4,1 2 3,1 3,1
7345,81,14,1 2 3 4,2 4 9 18,118
7346,2,1,,,0
7346,3,2,2,1,0
7346,7,5,2 3,2 4 6,5
7346,21,6,2 3 7,1 6,18
7346,236,21,2 3 7 21,108 137,466
7346,467,31,2 3 7 21 236,2 228,1010
7347,3,3,,1 2,1
7347,6,4,3,2 4,4
7347,21,5,3 6,1 3,18
7348,1,1,,,0
7348,2,2,1,1,0
7348,24,6,1 2,2 4 7 10 18,18
7349,1,1,,,0
7349,4,3,1,2,1
7349,11,4,1 4,1,8
7349,41,11,1 4 11,1 2 17 20 25 27,55
7350,511,32,,2 4 6 10 21 114 124 152 331,1126
7351,1,1,,,0
7351,2,2,1,,0
7351,8,3,1 2,1 4,3
7351,284,26,1 2 8,1 2 4 6 35 159,594
7351,310,27,1 2 8 284,1 3,665
7351,540,36,1 2 8 284 310,2 3 7 57 66 87 474 509,1223
7352,53,12,,3 10,77
7353,1,1,,,0
7353,4,2,1,1,0
7353,51,11,1 4,1 2 4 5 7 39,68
7354,18,5,,2 4 7 10,10
7354,19,7,18,1 2 8 10 14,14
7354,515,32,18 19,1 2 4 7 9 39 140 322 344,1142
7355,4,2,,1,1
7355,21,8,4,3 13 20,19
7355,460,31,4 21,2 7 35 87 240 316,993
7356,1,1,,,0
7356,20,7,1,3 13,18
7356,23,8,1 20,1 3 10,20
7358,1,1,,,0
7358,676,38,1,1 16 27 60 256 337,1633
7358,838,42,1 676,1 3 18 21 36 170 178 756,2062
7359,1,1,,,0
7359,14,6,1,1 2 8 10,10
7359,51,13,1 14,11 22 45 49,68
7360,26,7,,1 2 20,24
7360,61,13,26,1 11 21,79
7360,581,37,26 61,1 18 115 444,1321
7361,6,2,,1,2
7361,49,12,6,11 22 45,66
7361,124,15,6 49,1 2 3 4 7 10 14 71,203
7361,314,26,6 49 124,11 12 32 76 145,673
7362,1,1,,,0
7362,10,4,1,2 4 7,4
7362,27,7,1 10,1 2 3 7 13,30
7362,136,16,1 10 27,3 4 9 11 38 48,234
7362,206,19,1 10 27 136,2 3 28,385
7363,10,5,,1 2 8,7
7363,13,6,10,3,11
7363,27,10,10 13,1 2 17 20 25,33
7364,205,19,,1 2 5 28,385
7365,1,1,,,0
7365,3,2,1,1,1
7365,7,3,1 3,2 4,2
7365,8,4,1 3 7,1 2,4
7365,25,9,1 3 7 8,1 2 17 20,29
7365,39,10,1 3 7 8 25,1 2 4 5 7,45
7365,45,11,1 3 7 8 25 39,11 22,54
7366,1,1,,,0
7366,20,5,1,1 2,14
7367,1,1,,,0
7367,236,23,1,1 10 12 52 82 103 127 150,470
7368,4,2,,2,0
7368,12,4,4,1,8
7369,10,3,,1 3,5
7369,172,18,10,1 2 3 4 23 25 29,296
7369,474,31,10 172,3 7 57 105 147 190 447,1020
7369,953,47,10 172 474,1 14 311 774,2409
7370,2,1,,,0
7370,20,8,2,1 2 17,22
7370,107,14,2 20,1 3,164
7371,2,2,,1,0
7371,210,20,2,2 4 9 99 174,400
7371,259,25,2 210,1 2 6 33,527
7371,523,36,2 210 259,4 6 15 24 26 28 63,1183
7372,1,1,,,0
7372,129,16,1,1 2 3 6 13 31 42,220
7372,272,25,1 129,4 8 16 36 46 110 205,575
7372,785,40,1 129 272,2 3 7 146,1914
7373,1,1,,,0
7373,3,2,1,,0
7373,17,7,1 3,1 2,18
7374,13,4,,1 3,7
7374,332,26,13,1 17 28 91 208,699
7375,13,5,,1 6,9
7376,3,2,,1,0
7376,13,6,3,1 2 3 7,10
7376,210,20,3 13,1 2 18 165,398
7376,241,24,3 13 210,1 2 10 19 43,488
7377,334,26,,1 3 6 14 29 152,709
7377,927,46,334,1 2 154 180 328,2333
7378,1,1,,,0
7378,118,15,1,1 2 7 28 66,194
7378,531,36,1 118,2 3 5 9 37 116,1195
7379,1,1,,,0
7379,60,11,1,3,77
7379,62,12,1 60,5 23,82
7379,161,17,1 60 62,1 2 5 13 37 51 95 133,269
7379,300,25,1 60 62 161,1 6 18 42 46 60 95 128 225,631
7380,1,1,,,0
7380,13,7,1,1 2 11,16
7380,923,45,1 13,4 5 12 17 212 307 407,2315
7382,3,1,,,0
7382,6,4,3,1,4
7382,7,5,3 6,1 2 3,5
7382,11,6,3 6 7,1 2,13
7382,346,26,3 6 7 11,2 4 5,737
7382,509,35,3 6 7 11 346,2 3 7 57 66 87 474,1141
7384,2,2,,1,0
7384,3,3,2,1,1
7384,469,31,2 3,1 3 5 22,1023
7385,1,1,,,0
7386,1,1,,,0
7386,3,3,1,1 2,1
7386,206,22,1 3,1 3 6 8 10 45 144 200,396
7386,224,23,1 3 206,2 4 6 16,454
7387,1,1,,,0
7387,2,2,1,1,0
7387,5,3,1 2,1 2,3
7387,399,30,1 2 5,4 6 81,841
7388,1,1,,,0
7388,2,2,1,1,0
7388,22,7,1 2,11,19
7389,1,1,,,0
7389,54,11,1,2 5 6 8 29,66
7389,124,15,1 54,1 2,217
7389,372,28,1 54 124,9 13 41 47 49 70 112 118 144 154,781
7390,2,2,,1,0
7390,62,12,2,2 3 9 10 16,77
7391,1,1,,,0
7391,2,2,1,1,0
7391,183,19,1 2,1 3 9 23 37 70,348
7392,1,1,,,0
7392,200,21,1,1 3 6 8 10 45 144,381
7392,282,24,1 200,2 6 140,592
7394,59,12,,2 3 7 13 16 18,79
7395,10,6,,3,10
7395,52,11,10,2 3 4 5,66
7396,80,13,,1 3 4 68 73,118
7396,96,14,80,2 5,157
7396,447,30,80 96,3 7 57 105 147 190,955
7397,1,1,,,0
7397,7,5,1,1 2 4 5,4
7398,1,1,,,0
7398,34,10,1,1 2 21 25 28,33
7399,2,2,,1,0
7399,5,4,2,1 2 4,2
7399,11,5,2 5,,8
7399,39,10,2 5 11,1 2 27,43
7400,1,1,,,0
7400,4,3,1,1 2,1
7400,21,7,1 4,1 11,14
7400,97,13,1 4 21,1 2 35 36,156
7400,774,41,1 4 21 97,2 11 12 25 28 734,1886
7402,1,1,,,0
7402,2,2,1,1,0
7402,3,3,1 2,,1
7403,1,1,,,0
7403,62,11,1,1 2 6 9,90
7403,73,12,1 62,1 3 4 68,102
7404,28,9,,1 2 21 25,23
7404,214,23,28,3 11 34 41,434
7405,4,2,,2,0
7406,145,17,,2 5 12 110,248
7406,479,34,145,1 2 3 5 6 16 36 120 143 394,1065
7407,2,1,,,0
7407,25,8,2,1 2 21,21
7407,133,16,2 25,1 2 5 13 37 51 95,217
7407,174,19,2 25 133,2 4 9 99,330
7408,18,7,,2 4 9,12
7408,47,10,18,2 3 13,70
7408,68,11,18 47,1 3 4,96
7409,186,21,,1 2 6 14 43 56 79,361
7410,1,1,,,0
7410,11,6,1,1,7
7410,676,36,1 11,3 17 22 91 234 319 345,1639
7411,7,5,,2 3 4,2
7411,21,6,7,1 2,17
7411,27,7,7 21,1 2,27
7411,72,12,7 21 27,1 3 6 9 35,103
7412,8,5,,,5
7413,1,1,,,0
7413,15,5,1,3 9 12,10
7413,20,6,1 15,1 5 6,16
7414,4,4,,2 3,1
7414,29,8,4,2 5 6 8,31
7414,71,12,4 29,1 2 3 4 7 10 14,104
7414,540,34,4 29 71,2 4 7 36 73 432,1221
7414,817,42,4 29 71 540,1 4 10 26 54 571 582,2022
7415,3,3,,2,1
7415,468,33,3,2 23 408,1038
7416,1,1,,,0
7416,2,2,1,,0
7416,12,4,1 2,3 9,6
7416,24,7,1 2 12,6 18 20,21
7417,9,3,,2 4,3
7417,474,33,9,2 3 7 57 66 87,1057
7418,23,7,,5,23
7418,627,35,23,2 21 65 81 82 85 98 147,1520
7419,9,3,,3,5
7420,1,1,,,0
7420,20,6,1,6 18,18
7420,43,10,1 20,3 9,60
7421,1,1,,,0
7421,2,2,1,,0
7421,135,18,1 2,4 8 17 20 110,231
7421,165,19,1 2 135,1 2 18,306
7422,4,2,,2,0
7422,18,5,4,6,15
7424,2,1,,,0
7424,166,20,2,1 4 11 15 25 39 111 120 125,307
7425,3,1,,,0
7425,53,11,3,1 14 24 42 44,73
7425,90,14,3 53,1 6 20 75,153
7425,176,22,3 53 90,1 2 3 15 26 51 157,339
7425,455,32,3 53 90 176,3 6 13 17 394,1006
7427,6,4,,1 5,3
7427,417,30,6,1 2 8 13 15 16 232 235 250,894
7428,1,1,,,0
7428,5,3,1,1,2
7430,2,2,,1,0
7430,7,3,2,1 3,3
7430,66,11,2 7,1 2 7 28,102
7431,1,1,,,0
7431,345,29,1,9 56 114 124,735
7431,656,35,1 345,1 4 13 386,1598
7432,1,1,,,0
7433,1,1,,,0
7433,527,33,1,2 11 19 174 263 409,1202
7433,571,34,1 527,2 17 19 28 58 70 95,1321
7434,3,2,,1,0
7434,6,4,3,,4
7434,44,10,3 6,1 14 24 42,63
7435,8,5,,2 5 6,5
7435,18,8,8,2 3 7 13 16,19
7435,19,9,8 18,1 2 3 5 6 7,24
7435,45,10,8 18 19,,64
7436,1,1,,,0
7436,2,2,1,1,0
7436,3,3,1 2,,1
7436,5,4,1 2 3,,1
7436,16,6,1 2 3 5,2 3 9 10,10
7436,42,8,1 2 3 5 16,1 14 24,55
7436,308,27,1 2 3 5 16 42,2 3 5 11 27 146 232 248,649
7436,889,45,1 2 3 5 16 42 308,1 2 10 173,2238
7437,1,1,,,0
7437,6,3,1,2 5,0
7437,16,7,1 6,2 3 7 13,12
7437,727,40,1 6 16,2 4 7 23 27 60 174 195 460,1778
7438,5,2,,2,0
7439,205,22,,4 8 16 36 46 110,434
7440,13,6,,2 3 7,11
7440,75,13,13,1 6 20,126
7440,734,40,13 75,2 11 12 25 28,1789
7440,756,41,13 75 734,1 3 18 21 36 170 178,1845
7441,2,1,,,0
7441,110,16,2,2 5 12,181
7441,585,34,2 110,1 4 15 144 152 402,1374
7442,5,4,,2 3 4,0
7442,10,5,5,2 3 9,5
7442,13,7,5 10,2 3,17
7442,49,10,5 10 13,1 2 3 5 11 26 43,64
7442,332,28,5 10 13 49,1 3 12 18 51 100 127 225,685
7443,4,3,,2 3,0
7443,9,4,4,2 3,4
7444,3,2,,2,0
7444,157,21,3,1 2 3 15 26 51,302
7445,2,1,,,0
7445,79,14,2,2 10 69,125
7445,95,15,2 79,1 2 5 13 37 51,144
7445,137,18,2 79 95,108,258
7445,787,42,2 79 95 137,2 11 13 25 492,1948
7446,7,3,,2 3,4
7446,10,7,7,2 6,14
7446,110,17,7 10,4 8 17 20,183
7447,7,6,,1 2 3 5 6,6
7448,1,1,,,0
7448,6,5,1,1 2 3 5,5
7448,35,7,1 6,1 3 6 9,40
7448,43,9,1 6 35,1 2 3 5 11 26,54
7448,144,20,1 6 35 43,1 3 6 8 10 45,264
7449,1,1,,,0
7449,3,2,1,2,0
7449,5,4,1 3,1 2 3,3
7449,13,5,1 3 5,2,13
7449,96,14,1 3 5 13,2,156
7450,2,1,,,0
7450,3,2,2,2,0
7450,6,4,2 3,2,6
7450,48,12,2 3 6,3 4 9 11 38,66
7450,656,37,2 3 6 48,12 332,1584
7451,2,1,,,0
7451,3,3,2,1 2,0
7452,2,2,,1,0
7452,3,3,2,2,1
7452,295,27,2 3,3 7 25 61 85 138 203,615
7453,1,1,,,0
7453,2,2,1,,0
7453,150,20,1 2,1 10 12 52 82 103 127,281
7454,2,1,,,0
7454,9,4,2,3,4
7454,24,6,2 9,1 14,22
7454,30,7,2 9 24,1,28
7454,225,21,2 9 24 30,1 6 18 42 46 60 95 128,458
7454,421,31,2 9 24 30 225,1 3 13 15 16 23 75 103 298 357,910
7454,549,33,2 9 24 30 225 421,1 22 23 25 90 313 485,1245
7455,69,13,,2 10,100
7455,445,32,69,1 2 12 76 85 103,985
7455,586,33,69 445,4 7 94 151 367,1396
7456,9,5,,1 2 6,5
7457,95,16,,1 2 7 8 59 63 90,146
7458,1,1,,,0
7458,120,16,1,4 6 10 87,217
7459,1,1,,,0
7459,6,4,1,1 2,3
7459,42,12,1 6,1 2 3 6 13 31,58
7459,180,20,1 6 42,2 12 14 29 59 80 93,364
7460,1,1,,,0
7460,2,2,1,,0
7460,3,3,1 2,,0
7460,38,11,1 2 3,3 4 9 11,49
7461,36,10,,1 2 35,45
7462,35,9,,1 2,45
7462,45,10,35,1 2 3 5 6 7,66
7462,90,15,35 45,1 2 7 8 59 63,135
7463,2,2,,1,0
7463,275,26,2,1 2 4 16 59 97,560
7463,958,46,2 275,1 15 433,2461
7464,1,1,,,0
7464,14,4,1,1,13
7464,74,11,1 14,2 4 9,98
7464,352,28,1 14 74,2 3 4 5 6 28 34,732
7464,403,30,1 14 74 352,4 8 21 145,858
7465,1,1,,,0
7465,26,8,1,1 2 3 5 11,26
7465,125,19,1 26,1 4 11 15 25 39 111 120,214
7466,3,2,,,1
7467,1,1,,,0
7467,6,3,1,2,2
7467,324,27,1 6,2 10 21 76,655
7468,28,8,,1 2 7,33
7468,54,10,28,4 10 18,75
7469,1,1,,,0
7469,165,19,1,1 3 4 8 14 35 38 44 93 145,316
7469,832,44,1 165,1 14 20 206 706,2069
7470,31,8,,1 2 3 6 13,42
7470,120,18,31,1 4 11 15 25 39 111,207
7470,253,25,31 120,1 2 4 5 14 60,528
7470,785,43,31 120 253,3 4 9 18 69 146 441 716,1938
7471,1,1,,,0
7471,2,2,1,,0
7471,14,7,1 2,1 2 3 4 7 10,12
7471,65,10,1 2 14,2 4 5,81
7471,839,44,1 2 14 65,1 3 8 11 16 30 115 236 612,2086
7472,4,3,,1 3,1
7473,3,2,,1,1
7474,1,1,,,0
7474,3,2,1,1,1
7474,9,4,1 3,1 3 6,3
7474,21,7,1 3 9,2 4,21
7474,38,9,1 3 9 21,6 11 16 28,53
7474,108,17,1 3 9 21 38,,191
7474,671,39,1 3 9 21 38 108,1 2 4 115 139,1619
7475,1,1,,,0
7475,10,6,1,1 2 3 4 7,6
7475,242,24,1 10,1 3 25 42 79 94 132,495
7475,300,26,1 10 242,2 5 7 10 12 13 33 39 103 174 285,604
7475,408,31,1 10 242 300,2 23,882
7476,1,1,,,0
7476,26,8,1,1 2 4 10 20,35
7476,127,18,1 26,1 10 12 52 82 103,230
7476,159,19,1 26 127,1 2 4 6 35,307
7476,392,30,1 26 127 159,8 11 16,828
7477,1,1,,,0
7477,6,3,1,1 3,0
7478,7,5,,1 2 3 4,3
7479,111,17,,1 4 11 15 25 39,188
7479,384,29,111,6 16 23,811
7480,3,2,,1,0
7480,11,5,3,1 2 3 5,7
7480,464,29,3 11,48 50 260 345,1022
7481,4,4,,1 2 3,2
7482,1,1,,,0
7482,3,3,1,1 2,1
7482,20,7,1 3,1 2 4 10,27
7482,99,16,1 3 20,2 4 9,174
7482,370,28,1 3 20 99,1 2 3 4 5 16 38 63 191,771
7483,1,1,,,0
7483,2,2,1,1,0
7483,74,15,1 2,5,109
7483,348,26,1 2 74,1 5 9 20 224,705
7483,363,27,1 2 74 348,3 4 7 22 155,755
7484,1,1,,,0
7484,28,8,1,6 11 16,37
7484,836,44,1 28,1 2 5 173,2080
7486,5,4,,1 2 3,1
7486,394,26,5,3 6 13 17,847
7486,730,41,5 394,1 3 6 109,1786
7487,5,4,,2,4
7487,11,6,5,3 4 9,12
7488,3,3,,1 2,1
7488,13,6,3,1 2 3 6,15
7489,1,1,,,0
7489,2,2,1,1,0
7489,7,3,1 2,1 2,4
7489,9,5,1 2 7,3 4,8
7489,51,9,1 2 7 9,1 2 5 13 37,56
7489,54,11,1 2 7 9 51,5 32,69
7489,63,14,1 2 7 9 51 54,1 2 7 8 59,83
7489,82,15,1 2 7 9 51 54 63,2 8 26 44,135
7489,145,17,1 2 7 9 51 54 63 82,1 3 4 8 14 35 38 44 93,268
7490,1,1,,,0
7490,2,2,1,,0
7490,285,25,1 2,2 5 7 10 12 13 33 39 103 174,568
7491,4,2,,2,0
7491,87,15,4,4 6 10,148
7491,394,26,4 87,1 2 3 5 6 16 36 120 143,840
7491,395,27,4 87 394,1 4 5 6 8 65 191 259,849
7492,10,5,,1 2 4,12
7492,78,14,10,1 4 6 16,126
7493,2,1,,,0
7493,59,13,2,1 2 7 8,78
7494,2,2,,1,0
7494,4,4,2,3,3
7495,1,1,,,0
7495,2,2,1,1,0
7495,3,3,1 2,,1
7495,6,4,1 2 3,1 2 3,2
7495,20,8,1 2 3 6,1 6,22
7496,1,1,,,0
7496,16,7,1,6 11,16
7496,248,24,1 16,2 3 5 11 27 146 232,497
7496,488,29,1 16 248,2 7 42 77 361,1080
7497,108,16,,3 8 16 28,190
7497,444,26,108,1 18 115,955
7498,3,3,,1 2,1
7498,4,4,3,1 2,3
7498,208,23,3 4,1 17 28 91,412
7499,1,1,,,0
7499,2,2,1,1,0
7499,316,23,1 2,2 7 35 87 240,637
7500,1,1,,,0
7500,2,2,1,1,0
7500,7,6,1 2,1 2 3 5 6,3
7500,103,15,1 2 7,1 10 12 52 82,177
7501,1,1,,,0
7501,6,5,1,1 2 3 5,2
7501,11,6,1 6,6,7
7502,5,4,,1 2 3,2
7502,33,5,5,1 3,20
7502,754,43,5 33,11 14 94 114 171 415,1847
7503,1,1,,,0
7503,37,7,1,1 2 5 13,29
7503,478,28,1 37,1 2 4 8 22 35 54 62 72 333,1050
7503,862,45,1 37 478,7 128 765,2145
7504,1,1,,,0
7504,3,3,1,1 2,0
7504,18,4,1 3,4 10,9
7504,70,13,1 3 18,1 3 9 23 37,112
7504,201,22,1 3 18 70,3 6 9 10 17 26 90 101,386
7505,2,2,,1,0
7505,92,14,2,2 5 10 33,152
7506,1,1,,,0
7506,6,2,1,,1
7507,1,1,,,0
7507,37,12,1,2 3 4 20 34,36
7507,190,21,1 37,1 2 6 8 32 103 150,362
7507,923,46,1 37 190,2 3 6 19 63 382,2352
7509,6,3,,1,2
7510,34,11,,2 3 4 20,35
7510,285,22,34,3 5 7 13 73 119 150,563
7511,2,2,,1,0
7511,32,10,2,5,32
7512,1,1,,,0
7512,10,3,1,4,2
7512,29,9,1 10,1 2 3 4 23 25,22
7512,232,21,1 10 29,2 3 5 11 27 146,461
7514,1,1,,,0
7514,10,3,1,2,2
7514,25,6,1 10,,15
7516,25,8,,1 2 3 4 23,19
7516,45,11,25,1 3 9 40 44,55
7516,79,13,25 45,1 2 6 14 43 56,129
7516,799,43,25 45 79,1 2 24 143,1979
7517,44,10,,1 3 9 40,55
7518,4,2,,,1
7518,23,7,4,1 2 3 4,18
7518,323,22,4 23,2 7 21 259,647
7518,357,25,4 23 323,1 3 13 15 16 23 75 103 298,749
7518,485,29,4 23 323 357,1 22 23 25 90 313,1074
7519,1,1,,,0
7519,6,3,1,2 3,1
7521,40,9,,1 3 9,51
7521,41,10,40,1 4 6 23 37,54
7521,82,13,40 41,1 10 12 52,140
7522,2,1,,,0
7522,3,2,2,2,0
7522,295,21,2 3,2 4 10 47,601
7522,432,26,2 3 295,2 4 7 36 73,939
7522,443,27,2 3 295 432,33 175,974
7523,2,1,,,0
7523,142,20,2,2 5 13 41,287
7523,556,34,2 142,5 7 18 27 51 56 61,1304
7524,20,7,,2 3 4,19
7524,332,23,20,3 16 34 74 75 104,684
7524,481,29,20 332,2 3 19 28 317,1073
7525,37,9,,1 4 6 23,50
7525,129,19,37,3 19 47 56 63,256
7525,344,24,37 129,1 2 4 7 9 39 140 322,715
7525,434,26,37 129 344,29 156 195,945
7526,482,29,,1 2 3 18 24 27 30 74 109 152,1075
7527,13,6,,1 2 5,9
7527,44,10,13,2 8 26,72
7528,407,24,,1 2 4 8 12 14 84 105 125,879
7529,9,5,,2 4,6
7529,64,12,9,1 3 4 16 23,108
7529,419,25,9 64,1 3 4 11 12 17 85 114 126,915
7530,145,20,,11 12 32 76,296
7530,331,23,145,2 4 6 10 21 114 124 152,686
7530,606,38,145 331,1 2 10 16 154 498,1431
7531,5,4,,2 4,2
7532,3,2,,1,0
7532,4,3,3,2,1
7532,105,16,3 4,2 62,213
7534,1,1,,,0
7534,2,2,1,,0
7534,4,3,1 2,2,1
7534,21,6,1 2 4,1,25
7534,110,18,1 2 4 21,4 8 16 36 46,227
7534,140,19,1 2 4 21 110,2 6,284
7535,5,3,,1 2,2
7535,25,8,5,1 2 5 6 20,31
7535,154,19,5 25,3 28 32 46 48,308
7536,1,1,,,0
7536,2,2,1,,0
7536,20,7,1 2,4 8 17,23
7537,4,4,,1 2 3,2
7537,37,11,4,1 3 9 23,67
7537,455,28,4 37,1 2 3 12 273,992
7538,2,2,,1,0
7538,3,3,2,1 2,1
7538,5,4,2 3,,4
7539,1,1,,,0
7539,2,2,1,1,0
7539,12,4,1 2,2 5,8
7539,17,6,1 2 12,4 8,16
7539,23,7,1 2 12 17,1 4 6,28
7539,56,11,1 2 12 17 23,1 2 6 14 43,91
7539,303,22,1 2 12 17 23 56,3 5 22 37,606
7539,716,42,1 2 12 17 23 56 303,3 4 9 18 69 146 441,1744
7540,1,1,,,0
7540,4,3,1,2 3,1
7540,20,6,1 4,1 2 5 6,18
7540,28,9,1 4 20,2 3,36
7540,32,10,1 4 20 28,1 2 3 6,49
7540,294,21,1 4 20 28 32,2 7 8 9 21 64 98 116,586
7541,1,1,,,0
7541,3,2,1,2,0
7541,28,9,1 3,1 2 5,36
7541,70,12,1 3 28,3 10 21 22 24 39,120
7541,80,13,1 3 28 70,1 2 14 23 24,140
7541,93,15,1 3 28 70 80,1 3 4 8 14 35 38 44,162
7542,2,1,,,0
7543,2,1,,,0
7543,735,42,2,2 12 20 23 29 72 220,1804
7544,8,5,,1 2 7,4
7544,203,20,8,3 7 25 61 85 138,401
7545,7,4,,1 2,4
7545,26,9,7,2 8,39
7545,465,29,7 26,1 7 46 55,1036
7546,5,3,,2,2
7546,21,8,5,1 3,26
7546,93,17,5 21,2 12 14 29 59 80,177
7547,17,7,,1 14,21
7547,45,9,17,1 3 6 8 10,64
7547,150,19,17 45,1 2 6 8 32 103,281
7547,322,22,17 45 150,1 2 4 7 9 39 140,657
7548,1,1,,,0
7548,8,3,1,4,6
7548,774,43,1 8,1 14 311,1902
7548,803,44,1 8 774,2 6 13 14 47 172 180 453,1969
7549,1,1,,,0
7549,2,2,1,,0
7549,225,19,1 2,1 3 12 18 51 100 127,427
7550,2,2,,1,0
7550,14,6,2,1,16
7550,51,9,2 14,1 2 3 15 26,78
7550,501,32,2 14 51,2 4 33,1164
7551,1,1,,,0
7551,23,7,1,1 3 9,36
7551,39,8,1 23,1 4 11 15 25,50
7551,52,9,1 23 39,1 10 12,81
7551,128,18,1 23 39 52,1 6 18 42 46 60 95,243
7551,409,26,1 23 39 52 128,2 11 19 174 263,874
7552,1,1,,,0
7552,4,2,1,,1
7552,5,3,1 4,,1
7552,9,5,1 4 5,1 3,6
7552,43,8,1 4 5 9,1 2 6 14,61
7552,134,18,1 4 5 9 43,1 5 11 13 58,248
7552,324,23,1 4 5 9 43 134,1 3 5 7 62 253,665
7554,1,1,,,0
7554,6,4,1,1 2 5,1
7554,16,6,1 6,1 4 6,19
7554,546,36,1 6 16,1 3 17 56 96 109 128 202 409 425,1273
7555,5,3,,1 2,1
7555,557,36,5,2 3 59 75 272,1307
7555,635,39,5 557,2 27 267,1496
7556,6,5,,1 4,5
7556,446,28,6,1 2 9 18 62 104 187 262,959
7556,501,32,6 446,4 5 17 20 285,1150
7556,524,34,6 446 501,1 2 6,1211
7558,1,1,,,0
7558,2,2,1,1,0
7558,3,3,1 2,1,1
7558,4,4,1 2 3,1,2
7559,1,1,,,0
7559,80,16,1,2 12 14 29 59,149
7559,152,18,1 80,1 3 6 14 29,290
7560,1,1,,,0
7561,1,1,,,0
7561,64,13,1,2 19 21 23 28 43,109
7561,81,16,1 64,1 2 7 8,152
7561,94,17,1 64 81,2 6 12 14,180
7561,382,23,1 64 81 94,1 27 44 93 150 161 235 246,801
7561,652,40,1 64 81 94 382,1 4 5 50 100 107 291 595,1558
7561,795,44,1 64 81 94 382 652,26 43 85 96 104 137 160 274,1936
7563,1,1,,,0
7563,8,6,1,2,12
7563,152,18,1 8,11 19 29 71,290
7563,571,37,1 8 152,1 5 33 67 106 216 568,1316
7563,666,41,1 8 152 571,1 2 3 14 387 633,1588
7563,946,48,1 8 152 571 666,2 3 5 6 15 27 267 393,2438
7564,1,1,,,0
7564,3,2,1,1,1
7564,5,4,1 3,1 2,4
7564,6,5,1 3 5,1 4,6
7564,33,8,1 3 5 6,2 5 10,47
7565,1,1,,,0
7565,3,3,1,2,1
7565,9,5,1 3,1 3,12
7565,25,6,1 3 9,1 4 11 15,25
7565,95,17,1 3 9 25,1 3 45 76 90,175
7566,1,1,,,0
7566,2,2,1,,0
7566,4,3,1 2,1,2
7566,6,4,1 2 4,1 2 3,4
7566,144,17,1 2 4 6,2 4 5 9 24 50 115,261
7566,568,36,1 2 4 6 144,1 5 33 67 106 216,1301
7567,2,2,,1,0
7567,212,19,2,1 2 6 9 55,398
7568,1,1,,,0
7568,10,4,1,4 6,8
7568,18,5,1 10,1 2,14
7569,1,1,,,0
7569,2,2,1,,0
7569,3,3,1 2,1 2,0
7570,2,2,,1,0
7570,23,7,2,1 3 4 16,22
7570,90,16,2 23,1 3 45 76,162
7570,797,45,2 23 90,1 2 6 7 11 57 92 117 303 405 653,1955
7571,1,1,,,0
7571,3,2,1,1,1
7571,95,16,1 3,1 2 3 12 67,178
7571,150,18,1 3 95,60,282
7572,1,1,,,0
7572,6,2,1,4,1
7572,9,4,1 6,2 4,3
7572,39,11,1 6 9,3 10 21 22 24,54
7573,1,1,,,0
7574,4,1,,,0
7574,43,11,4,1 2 10 19,61
7574,631,39,4 43,1 2 3 5 8 12 14 65 132,1481
7575,15,4,,1 4 11,6
7575,26,7,15,1 2 3 15,26
7575,62,15,15 26,2,109
7575,240,20,15 26 62,2 7 35 87,450
7575,463,31,15 26 62 240,2 4 5 14 16 25 75 82,1050
7577,4,3,,2,1
7577,16,6,4,1 3 4,13
7577,28,7,4 16,3 8 16,32
7577,41,12,4 16 28,3 11 34,60
7577,298,22,4 16 28 41,1 3 13 15 16 23 75 103,591
7579,1,1,,,0
7579,2,2,1,,0
7579,11,3,1 2,1 4,3
7580,59,15,,2 12 14 29,103
7581,14,6,,1 2 6,13
7581,956,49,14,1 3 11 43,2479
7582,10,5,,1 3 6 8,5
7582,43,12,10,2 19 21 23 28,65
7582,65,15,10 43,3 4 6 14 15,120
7582,259,20,10 43 65,2 7 21,486
7584,2,2,,1,0
7584,8,4,2,1 3 6,4
7584,34,11,2 8,3 11,53
7584,76,15,2 8 34,1 3 45,135
7584,95,16,2 8 34 76,1 6 18 42 46 60,167
7584,433,28,2 8 34 76 95,1 2 3 5 6 17 74,943
7585,1,1,,,0
7585,132,17,1,1 3 25 42 79 94,239
7585,228,19,1 132,2,425
7586,1,1,,,0
7586,4,2,1,1,0
7586,6,3,1 4,1 3,1
7586,15,6,1 4 6,1 2 3,13
7587,10,5,,2 5,9
7587,24,10,10,3 10 21 22,34
7587,553,37,10 24,2 3 12 14,1279
7587,784,45,10 24 553,19 26 33 686,1930
7589,1,1,,,0
7589,3,2,1,1,0
7589,4,3,1 3,1 3,1
7589,6,4,1 3 4,1 2,3
7589,16,6,1 3 4 6,3 8,15
7589,22,9,1 3 4 6 16,3 10 21,29
7590,3,2,,1,1
7590,21,8,3,3 10,28
7590,44,14,3 21,1 3 4 8 14 35 38,61
7591,1,1,,,0
7591,12,5,1,1 10,10
7591,63,14,1 12,3 19 47 56,106
7592,1,1,,,0
7592,5,3,1,2,2
7593,2,2,,1,0
7593,10,4,2,1,7
7593,146,17,2 10,2 4 7 26,255
7593,362,25,2 10 146,10 15 18 35 249 251,749
7593,450,31,2 10 146 362,2 3 7 12 17 227 247,1016
7594,1,1,,,0
7594,12,6,1,1 2 5 6 7,9
7594,16,7,1 12,2 4 6,16
7594,103,16,1 12 16,1 2 6 8 32,165
7594,146,17,1 12 16 103,2 3 4 6 18,255
7594,250,21,1 12 16 103 146,1 2 8 13 15 16 232 235,463
7595,2,1,,,0
7595,115,16,2,2 4 5 9 24 50,193
7595,706,42,2 115,1 14 20 206,1689
7596,38,13,,1 3 4 8 14 35,51
7596,633,40,38,1 2 3 14 387,1486
7597,8,4,,3,6
7597,24,9,8,1 2 14 23,30
7597,28,11,8 24,2 19 21 23,35
7597,33,12,8 24 28,1 2 6,42
7598,3,3,,1 2,1
7598,19,7,3,1 2 10,22
7598,23,8,3 19,1 2 14,28
7598,46,12,3 19 23,4 8 16 36,75
7598,56,13,3 19 23 46,3 19 47,89
7598,146,16,3 19 23 46 56,2 3 5 11 27,250
7599,1,1,,,0
7599,2,2,1,1,0
7599,7,5,1 2,1 2 5 6,4
7599,35,11,1 2 7,1 3 4 8 14,41
7599,67,14,1 2 7 35,1 2 3 12,111
7599,76,15,1 2 7 35 67,11 12 32,120
7599,345,24,1 2 7 35 67 76,48 50 260,695
7600,1,1,,,0
7600,6,4,1,1 2 5,3
7600,13,6,1 6,7,13
7600,35,11,1 6 13,1 2 4 6,43
7600,64,13,1 6 13 35,1 2 6 12 21 59,96
7600,765,44,1 6 13 35 64,7 128,1843
7601,1,1,,,0
7601,5,3,1,1 2,2
7601,10,5,1 5,3,9
7601,174,18,1 5 10,2 5 7 10 12 13 33 39 103,287
7601,747,43,1 5 10 174,1 2 5 25 688,1782
7602,1,1,,,0
7602,3,2,1,,0
7602,23,10,1 3,2 19 21,21
7602,912,48,1 3 23,1 2 5 17 57 90 98 174,2321
7604,2,2,,1,0
7604,6,4,2,2 4,3
7604,21,9,2 6,2 19,19
7604,101,13,2 6 21,3 6 9 10 17 26 90,149
7605,1,1,,,0
7605,59,12,1,1 2 6 12 21,86
7605,345,24,1 59,40,698
7606,4,3,,2,2
7606,7,4,4,,4
7606,19,8,4 7,2,16
7607,1,1,,,0
7607,9,4,1,,4
7607,10,5,1 9,1 2,4
7607,11,6,1 9 10,3,6
7607,14,7,1 9 10 11,1 2,8
7607,47,11,1 9 10 11 14,3 19,63
7607,154,17,1 9 10 11 14 47,9 13 41 47 49 70 112 118 144,243
7607,224,19,1 9 10 11 14 47 154,1 5 9 20,379
7608,1,1,,,0
7608,2,2,1,,0
7608,3,3,1 2,,0
7608,36,10,1 2 3,4 8 16,46
7609,138,14,,3 7 25 61 85,220
7609,235,20,138,1 2 8 13 15 16 232,410
7610,26,8,,1 2 6 7 10 20,26
7610,29,9,26,2 12 14,33
7612,232,19,,1 2 8 13 15 16,408
7614,1,1,,,0
7615,2,2,,1,0
7615,3,3,2,,1
7615,45,9,2 3,1 3,62
7615,90,11,2 3 45,3 6 9 10 17 26,128
7615,91,12,2 3 45 90,1 17 28,134
7616,1,1,,,0
7616,20,7,1,1 2 6 7 10,22
7616,405,28,1 20,1 3 178 307,852
7617,144,16,,9 13 41 47 49 70 112 118,228
7617,679,41,144,2 3 4 18 31,1602
7618,595,39,,1 4 5 50 100 107 291,1386
7619,1,1,,,0
7619,2,2,1,1,0
7619,60,10,1 2,1 6 18 42 46,85
7620,1,1,,,0
7620,14,5,1,1 3 4 8,10
7622,1,1,,,0
7623,2,1,,,0
7623,20,8,2,3 7,30
7623,94,13,2 20,1 3 25 42 79,147
7623,253,20,2 20 94,1 3 5 7 62,478
7623,361,27,2 20 94 253,2 7 42 77,736
7623,667,40,2 20 94 253 361,6 14 42 45 115 156 366 378,1575
7623,831,47,2 20 94 253 361 667,1 4 8 27 145,2070
7624,6,3,,1 2,3
7624,41,9,6,2 5 13,62
7624,402,29,6 41,1 4 15 144 152,854
7625,14,7,,2 12,21
7626,1,1,,,0
7626,8,4,1,1 3 4,6
7626,10,6,1 8,1 2 6 7,13
7626,46,9,1 8 10,,67
7627,1,1,,,0
7627,12,6,1,2,17
7627,259,20,1 12,1 4 5 6 8 65 191,494
7627,450,33,1 12 259,3 5 19 425,995
7628,1,1,,,0
7628,2,2,1,1,0
7628,16,6,1 2,4 8,23
7628,58,9,1 2 16,1 5 11 13,76
7629,1,1,,,0
7629,6,4,1,1 2 4,5
7629,7,5,1 6,1 2 6,8
7629,551,38,1 6 7,2 7 23 27 28 95 148 320,1248
7630,1,1,,,0
7630,4,3,1,1 3,1
7630,6,4,1 4,1 2,6
7631,3,2,,1,1
7631,4,3,3,1 2,2
7632,1,1,,,0
7632,15,8,1,3 4 6 14,19
7633,1,1,,,0
7633,2,2,1,1,0
7633,13,6,1 2,4 8,14
7633,14,7,1 2 13,3 4 6,16
7633,46,8,1 2 13 14,1 6 18 42,54
7634,1,1,,,0
7634,2,2,1,1,0
7634,8,4,1 2,1 2 7,4
7634,528,37,1 2 8,2 15 59 62 126 465,1188
7635,1,1,,,0
7635,2,2,1,,0
7635,7,3,1 2,1 2,2
7635,19,6,1 2 7,3,15
7636,7,4,,3,4
7636,8,5,7,4,5
7636,298,22,7 8,4 7 13 214 274,570
7636,817,46,7 8 298,1 2 3 19,2022
7637,2,1,,,0
7637,42,7,2,1 6 18,44
7638,8,5,,4,5
7638,61,10,8,1 2 39,68
7638,79,12,8 61,1 3 25 42,106
7638,498,36,8 61 79,1 2 10 16 154,1104
7638,562,37,8 61 79 498,1 2 5 7 11 12 15 51 54 183 194 340,1276
7640,1,1,,,0
7640,2,2,1,1,0
7640,3,3,1 2,,1
7640,4,4,1 2 3,,1
7640,759,44,1 2 3 4,3 7 49 126 130 213 553,1833
7641,1,1,,,0
7641,6,3,1,3 4,1
7641,14,5,1 6,2 6 12,6
7641,48,9,1 6 14,3 28 32 46,48
7641,97,13,1 6 14 48,1 2 4 16 59,128
7642,4,1,,,0
7642,497,36,4,1 2 24 30 42 48 192,1109
7643,4,2,,3,0
7643,12,4,4,2 6,4
7643,21,5,4 12,1 2 6 12,13
7643,32,6,4 12 21,11 12,28
7643,46,8,4 12 21 32,3 28 32,43
7643,118,15,4 12 21 32 46,9 13 41 47 49 70 112,162
7644,3,1,,,0
7644,71,11,3,11 19 29,86
7644,393,30,3 71,8 28 53 83 165 229 374,846
7645,150,18,,3 5 7 13 73 119,223
7645,257,21,150,2 6 8 24 76 157,482
7646,159,18,,2 40,254
7646,622,39,159,1 2 4 16 87 109,1461
7647,127,15,,1 3 12 18 51 100,176
7648,333,26,,1 2 4 8 22 35 54 62 72,660
7649,6,3,,2,3
7649,80,12,6,1 2 6,113
7649,112,14,6 80,9 13 41 47 49 70,158
7649,582,38,6 80 112,1 4 10 26 54 571,1336
7651,1,1,,,0
7651,3,2,1,,1
7651,100,13,1 3,1 9 31 38,143
7651,345,26,1 3 100,7 8 21 23 30 196,684
7652,1,1,,,0
7652,12,4,1,1 2 6,8
7652,13,5,1 12,2 5,11
7652,124,17,1 12 13,9 56 114,182
7652,425,32,1 12 13 124,3 5 19,926
7653,2,1,,,0
7653,190,18,2,3 7 57 105 147,310
7653,809,46,2 190,3 6 24 67 113 124 361,1997
7654,12,4,,1 2 3,12
7654,160,17,12,1 3 16,251
7655,211,19,,1 4 84,364
7655,594,38,211,2 3 17 217 255 331,1358
7655,996,48,211 594,1 2 57 71 155 443 754,2632
7656,883,47,,1 10 15 33 142 143 173,2256
7657,1,1,,,0
7657,3,2,1,1,1
7657,32,7,1 3,3 28,32
7657,191,18,1 3 32,1 2 11 16,321
7658,1,1,,,0
7658,3,2,1,1,1
7658,6,3,1 3,1 2,3
7658,616,39,1 3 6,18 191 251 281,1441
7659,1,1,,,0
7660,1,1,,,0
7660,5,3,1,2,3
7660,39,7,1 5,1 2,36
7660,50,10,1 5 39,2 4 5 9 24,55
7660,274,21,1 5 39 50,4 7 13 214,516
7660,571,37,1 5 39 50 274,1 4 10 26 54,1309
7660,688,42,1 5 39 50 274 571,1 2 5 25,1618
7661,1,1,,,0
7661,18,5,1,1 6,13
7661,28,6,1 18,3,24
7661,60,11,1 18 28,,80
7661,191,18,1 18 28 60,1 2 3 4 5 16 38 63,314
7661,820,46,1 18 28 60 191,1 3 35 42 48 55 87 156 411 652 765 768,2034
7662,2,2,,1,0
7662,85,12,2,3 7 25 61,117
7662,114,16,2 85,9 56,163
7663,1,1,,,0
7663,2,2,1,,0
7663,3,3,1 2,1 2,0
7663,12,4,1 2 3,11,6
7663,60,11,1 2 3 12,1 2 4 5 14,76
7663,374,29,1 2 3 12 60,8 28 53 83 165 229,799
7663,513,36,1 2 3 12 60 374,2 15 26,1145
7664,2,2,,1,0
7664,11,3,2,,5
7664,773,44,2 11,1 2 10 15 19 70 71 317,1891
7664,787,45,2 11 773,1 4 5 7 12 20 40 133 186 206 214,1922
7665,1,1,,,0
7665,32,5,1,1 2 6 8,20
7666,38,5,,2 5 8,28
7667,1,1,,,0
7668,1,1,,,0
7668,6,2,1,2,0
7668,274,21,1 6,2 11 62,511
7668,704,43,1 6 274,2 11 81 134,1687
7672,2,1,,,0
7672,85,12,2,2 70,113
7672,103,15,2 85,2 5 7 10 12 13 33 39,139
7672,646,41,2 85 103,6 18 50 101 240 270 620,1518
7673,6,2,,1,1
7673,13,4,6,1 5 11,5
7673,389,31,6 13,1 8 9 19 112 165,849
7674,100,14,,1 3 12 18 51,131
7674,367,29,100,4 7 94 151,798
7675,11,3,,1 5,5
7675,42,10,11,1 3 25,51
7675,425,35,11 42,1 3 17 56 96 109 128 202 409,943
7676,1,1,,,0
7676,119,15,1,3 5 7 13 73,170
7678,1,1,,,0
7678,28,9,1,1 17,28
7679,1,1,,,0
7679,26,8,1,3 6 9 10 17,21
7679,41,10,1 26,1 2 3 5 9 18,50
7679,59,11,1 26 41,1 2 4 16,71
7679,299,25,1 26 41 59,1 3 4 6 13 28 55,585
7681,1,1,,,0
7681,5,2,1,1,1
7682,29,9,,1 3 6 14,33
7683,361,29,,1 2 5 8 37 57 176,795
7683,461,35,361,1 2 3 8 160,1031
7684,1,1,,,0
7684,260,23,1,48 50,502
7685,1,1,,,0
7685,339,28,1,1 2 3 5 8 13 52 198 295 312,704
7685,686,42,1 339,19 26 33,1653
7686,1,1,,,0
7686,3,2,1,,1
7686,24,8,1 3,2 4 5 9,24
7686,29,9,1 3 24,11 19,34
7686,61,10,1 3 24 29,3 7 25,83
7686,207,20,1 3 24 29 61,5 8 13 18 64,380
7686,343,28,1 3 24 29 61 207,1 2 29 48 130 133 189,713
7687,1,1,,,0
7687,70,11,1,2,91
7688,17,7,,3 6 9 10,14
7688,234,20,17,16 18 29 84 144,433
7688,317,27,17 234,2 3 19 28,641
7689,1,1,,,0
7689,8,4,1,1 2 6,2
7689,17,7,1 8,1,16
7690,313,26,,1 22 23 25 90,625
7690,899,43,313,2 4 21 31 63 200 751,2389
7691,6,3,,1 2,2
7691,70,13,6,9 13 41 47 49,90
7691,155,17,6 70,3 4 7 22,254
7691,409,34,6 70 155,1 3 17 56 96 109 128 202,907
7692,1,1,,,0
7692,25,8,1,1 3,30
7692,979,43,1 25,2 3 8 16 182 236,2586
7694,1,1,,,0
7695,2,2,,1,0
7695,10,6,2,3 6 9,8
7695,191,19,2 10,1 4 5 6 8 65,352
7695,633,41,2 10 191,1 3 5 6 17 26 42 70 144 320,1493
7696,1,1,,,0
7696,8,4,1,2 5,4
7696,9,5,1 8,3 6,6
7696,19,7,1 8 9,11,21
7696,147,16,1 8 9 19,3 7 57 105,234
7697,2,2,,1,0
7697,14,6,2,1 3 6,14
7697,246,22,2 14,1 27 44 93 150 161 235,464
7697,263,24,2 14 246,2 11 19 174,507
7697,337,28,2 14 246 263,1 16 27 60 256,725
7697,465,35,2 14 246 263 337,2 15 59 62 126,1032
7697,551,36,2 14 246 263 337 465,9 15 44,1250
7697,734,41,2 14 246 263 337 465 551,14 27 29 57 88 124,1799
7698,1,1,,,0
7698,612,39,1,1 3 8 11 16 30 115 236,1429
7698,620,40,1 612,6 18 50 101 240 270,1452
7699,1,1,,,0
7699,5,3,1,2,1
7699,6,4,1 5,3,2
7701,9,5,,2 4 5,6
7701,386,33,9,1 4 13,855
7702,1,1,,,0
7702,2,2,1,,0
7702,3,3,1 2,,0
7702,18,7,1 2 3,1 2 3 5 9,16
7704,11,6,,,11
7704,251,23,11,10 15 18 35 249,487
7704,327,27,11 251,4 6 8 11 13 25 28 50 57 62 66 74 132 133 299,687
7704,460,35,11 251 327,2 4 7 23 27 60 174 195,1033
7705,1,1,,,0
7705,5,4,1,2 4,2
7705,6,5,1 5,1 3,4
7705,81,13,1 5 6,4 6,102
7706,1,1,,,0
7706,4,3,1,2,1
7706,249,22,1 4,10 15 18 35,481
7706,492,35,1 4 249,1 2 35 399,1100
7706,658,39,1 4 249 492,1 5 10 51 155 202,1549
7708,1,1,,,0
7708,2,2,1,,0
7708,3,3,1 2,1,0
7708,235,21,1 2 3,1 27 44 93 150 161,445
7709,14,6,,1 2 4 5,13
7709,152,18,14,2 4 6 10 21 114 124,252
7710,1,1,,,0
7710,84,14,1,1 2 5 38 59 81,107
7710,94,15,1 84,3 5 7 8 9,137
7710,257,23,1 84 94,1 2 5 6 18 37 39 60,499
7710,775,42,1 84 94 257,1 5 7 234 280 325,1928
7711,9,5,,1 2 3 5,6
7712,1,1,,,0
7712,49,12,1,9 13 41 47,57
7712,312,26,1 49,1 2 3 5 8 13 52 198 295,640
7712,369,31,1 49 312,1 7 141,804
7713,1,1,,,0
7713,26,7,1,2 4 7,26
7713,38,10,1 26,1 9 31,45
7713,81,13,1 26 38,1 2 5 38 59,101
7713,281,25,1 26 38 81,1 3 5 12 38 78 123,542
7713,768,41,1 26 38 81 281,1 3 35 42 48 55 87 156 411 652 765,1896
7714,3,2,,1,1
7714,47,11,3,9 13 41,53
7714,307,25,3 47,1 3 178,628
7714,653,39,3 47 307,1 2 6 7 11 57 92 117 303 405,1544
7715,1,1,,,0
7715,5,4,1,1 2 3,2
7715,76,12,1 5,2 10 21,89
7716,1,1,,,0
7716,765,40,1,1 3 35 42 48 55 87 156 411 652,1888
7717,3,3,,1 2,1
7717,27,8,3,2 3 5 11,31
7717,82,12,3 27,3 7 10 18 46,111
7718,1,1,,,0
7718,2,2,1,1,0
7718,5,4,1 2,1 2 4,2
7718,116,14,1 2 5,2 7 8 9 21 64 98,173
7718,200,19,1 2 5 116,1 2 3 10 56 71 72 93 96 122,358
7718,438,34,1 2 5 116 200,1 3 18 36 194 294,958
7719,1,1,,,0
7719,4,3,1,1 2,1
7719,273,24,1 4,1 2 3 12,521
7719,402,33,1 4 273,10,884
7720,31,9,,1 9,34
7720,41,10,31,9 13,42
7720,56,11,31 41,9,66
7720,214,20,31 41 56,4 7 13,395
7720,546,38,31 41 56 214,1 5 15 40 52 95 101 174 227 357 534,1256
7720,759,39,31 41 56 214 546,2 19 32 37 48 103 316 502,1860
7720,864,41,31 41 56 214 546 759,2 6 7 26 44 250,2271
7721,1,1,,,0
7721,2,2,1,1,0
7722,1,1,,,0
7722,16,6,1,1 2 4,9
7722,18,7,1 16,2 3 4 6,15
7722,25,8,1 16 18,3 7,26
7722,73,11,1 16 18 25,3 5 7 13,84
7722,145,18,1 16 18 25 73,4 8 21,231
7723,5,4,,2 4,1
7723,6,5,5,1 2,3
7723,51,8,5 6,1 3 12 18,45
7724,4,3,,2,1
7724,55,10,4,1 2 6 9,57
7724,537,37,4 55,2 5 260 523,1236
7726,1,1,,,0
7726,2,2,1,,0
7727,2,2,,1,0
7727,31,7,2,6 24,27
7727,332,30,2 31,1 2 26 119 270,710
7728,1,1,,,0
7728,87,13,1,2 7 35,114
7729,140,18,,1 2 4 7 9 39,226
7729,295,25,140,1 2 3 5 8 13 52 198,593
7729,559,38,140 295,2 3 12 19 26 339,1277
7729,890,41,140 295 559,27 83 85,2347
7731,1,1,,,0
7731,823,40,1,2 3 6 44,2106
7732,7,4,,2 4,4
7732,77,12,7,4 8 25 29,102
7732,299,25,7 77,4 6 8 11 13 25 28 50 57 62 66 74 132 133,615
7732,534,37,7 77 299,1 5 15 40 52 95 101 174 227 357,1229
7732,806,38,7 77 299 534,4 9 53 184 251,2031
7733,11,6,,2 3 5,12
7734,4,3,,1 2,1
7734,6,5,4,2 3 4,5
7734,24,6,4 6,6,21
7735,4,3,,2,3
7735,59,10,4,1 2 5 38,62
7735,190,19,4 59,1 6 9 13 14 35,346
7736,1,1,,,0
7736,2,2,1,1,0
7736,4,4,1 2,2 3,2
7736,39,9,1 2 4,2 5 7 10 12 13 33,33
7736,98,13,1 2 4 39,2 7 8 9 21 64,137
7737,1,1,,,0
7737,2,2,1,,0
7737,3,3,1 2,2,0
7737,124,17,1 2 3,2 4 6 10 21 114,189
7738,2,1,,,0
7738,105,13,2,3 7 57,148
7738,523,36,2 105,2 5 260,1205
7738,825,40,2 105 523,1 2 6 7 14 97 416,2134
7739,5,3,,2 3,2
7739,807,38,5,2 3 7 33 687,2037
7740,1,1,,,0
7740,7,3,1,3,4
7740,262,24,1 7,1 2 9 18 62 104 187,498
7740,492,35,1 7 262,2 11 13 25,1110
7741,1,1,,,0
7741,3,2,1,2,0
7741,345,32,1 3,3 17 22 91 234 319,742
7742,2,1,,,0
7742,9,3,2,1,2
7742,33,8,2 9,2 5 7 10 12 13,22
7742,143,17,2 9 33,1 2 3 5 6 16 36 120,239
7742,946,42,2 9 33 143,2 12 77 96 119,2492
7743,57,11,,20 28 29,67
7743,228,23,57,3 4 13 18 29 42,431
7744,3,2,,,1
7744,25,5,3,1 2 3 4,12
7744,185,19,3 25,1 2 4 7 16,331
7745,1,1,,,0
7745,48,8,1,3 15,40
7745,157,17,1 48,2 6 8 24 76,280
7747,114,16,,2 4 6 10 21,174
7748,13,4,,9,5
7748,84,12,13,1 2 4 6 9 11 27 33,110
7750,1,1,,,0
7752,1,1,,,0
7752,6,2,1,,2
7752,9,3,1 6,,2
7752,104,15,1 6 9,3 16 34 74 75,159
7753,46,9,,3 7 10 18,53
7754,1,1,,,0
7755,2,1,,,0
7755,208,22,2,1 2 5 8 11 29 31 70 108,391
7756,18,6,,1 3 12,8
7756,38,8,18,1 2 5,34
7758,8,3,,3,1
7762,12,5,,1 3,7
7762,13,7,12,2 5 7 10 12,9
7763,1,1,,,0
7763,3,2,1,,0
7763,12,6,1 3,2 5 7 10,7
7764,195,21,,29 156,374
7764,655,36,195,1 2 9 10 26 33 286 535,1593
7765,4,4,,1 2 3,1
7765,10,5,4,2 5 7,6
7765,40,11,4 10,2,54
7765,120,16,4 10 40,1 2 3 5 6 16 36,212
7765,999,44,4 10 40 120,16 22 41 69 294 346 974,2711
7766,3,3,,1 2,1
7767,1,1,,,0
7767,2,2,1,1,0
7767,9,5,1 2,,6
7767,319,31,1 2 9,3 17 22 91 234,701
7767,956,42,1 2 9 319,3 4 15 247 356,2561
7768,1,1,,,0
7768,7,4,1,2 5,2
7770,5,3,,2,2
7770,9,4,5,1 2 6,3
7770,21,5,5 9,2 10,12
7770,47,11,5 9 21,2 4 10,66
7770,64,12,5 9 21 47,2 7 8 9 21,90
7771,3,2,,1,0
7771,29,10,3,20 28,35
7771,367,32,3 29,8 9 53 172,808
7772,28,9,,20,35
7772,103,15,28,1 3 13 15 16 23 75,174
7772,285,29,28 103,4 5 17 20,615
7772,869,41,28 103 285,1 3 4 6 12 32 85 145 423 437,2291
7773,1,1,,,0
7773,2,2,1,,0
7773,6,3,1 2,1 2,0
7774,332,31,,12,732
7777,2,2,,1,0
7777,776,39,2,1 2 5 14 15 37 673,2004
7778,1,1,,,0
7778,15,4,1,3,9
7778,144,18,1 15,16 18 29 84,265
7778,256,27,1 15 144,1 16 27 60,557
7778,822,40,1 15 144 256,2 13 109 407,2190
7778,878,41,1 15 144 256 822,1 9 16 34,2347
7780,6,3,,4,2
7780,20,8,6,,28
7780,29,9,6 20,4 8 25,36
7780,35,10,6 20 29,2 7,44
7781,10,3,,2,5
7781,18,7,10,3 7 10,23
7781,75,14,10 18,3 16 34 74,119
7782,1,1,,,0
7782,4,2,1,,1
7782,13,6,1 4,3 5 7,9
7782,34,8,1 4 13,2 3 4 5 6 28,41
7782,74,13,1 4 13 34,3 16 34,115
7782,84,14,1 4 13 34 74,1 4,130
7782,161,20,1 4 13 34 74 84,1 27 44 93 150,298
7782,426,34,1 4 13 34 74 84 161,2 12 16 18 171 174 326,976
7784,1,1,,,0
7784,25,7,1,4 8,30
7785,468,34,,1 2 3 5 18 20 62 67 92 257 368,1075
7786,1,1,,,0
7786,57,11,1,3 7,82
7786,174,20,1 57,2 11 19,332
7787,1,1,,,0
7787,9,6,1,1 2 3 6,9
7788,7,5,,3 5,6
7788,10,6,7,1 2,12
7788,28,7,7 10,2 3 4 5 6,34
7789,2,1,,,0
7789,5,3,2,1 2,2
7789,10,6,2 5,3 7,12
7789,63,12,2 5 10,1 2 3 4 5 16 38,91
7789,270,29,2 5 10 63,1 2 26 119,589
7789,980,44,2 5 10 63 270,2 5 20 29 39 48,2665
7790,3,2,,,1
7790,5,4,3,3,3
7790,6,5,3 5,1 2 3,4
7790,175,20,3 5 6,33,334
7790,974,43,3 5 6 175,16 22 41 69 294 346,2644
7791,1,1,,,0
7792,2,2,,1,0
7792,3,3,2,,1
7792,7,4,2 3,3,6
7793,1,1,,,0
7793,3,3,1,1 2,0
7793,116,16,1 3,2 3 5 9 37,206
7793,150,19,1 3 116,1 27 44 93,275
7794,2,2,,1,0
7795,1,1,,,0
7795,9,5,1,3 5 7 8,4
7796,2,2,,1,0
7796,3,3,2,,1
7796,8,4,2 3,3 5 7,2
7796,122,17,2 3 8,1 2 3 10 56 71 72 93 96,212
7796,247,28,2 3 8 122,2 3 7 12 17 227,533
7796,367,31,2 3 8 122 247,1 2 9 18 32 149 161 227,809
7797,1,1,,,0
7797,7,3,1,3 5,1
7797,103,15,1 7,1 2 12 76 85,187
7798,16,4,,1 3,9
7799,5,2,,3,1
7799,33,9,5,1 2 4 6 9 11 27,33
7799,399,33,5 33,1 2 35,885
7800,1,1,,,0
7800,75,12,1,1 3 13 15 16 23,121
7800,196,20,1 75,7 8 21 23 30,369
7800,382,32,1 75 196,4 8 9 21 200 295,843
7800,749,38,1 75 196 382,1 5 25 51 100 122,1908
7801,3,1,,,0
7801,8,3,3,4,2
7803,2,1,,,0
7803,156,19,2,29,292
7804,87,14,,2 3 7 57 66,154
7805,1,1,,,0
7805,4,2,1,,0
7805,27,8,1 4,1 2 4 6 9 11,27
7805,37,10,1 4 27,3 5 22,43
7805,127,18,1 4 27 37,2 16 80,229
7807,10,7,,2 4,11
7808,7,4,,2,4
7808,229,27,7,8 28 53 83 165,494
7810,6,6,,2 3 4 5,5
7810,125,18,6,1 2 4 8 12 14 84 105,233
7810,222,26,6 125,12 32 62 121 143,476
7811,1,1,,,0
7811,2,2,1,,0
7811,3,3,1 2,1,0
7811,5,5,1 2 3,2 3 4,2
7811,20,6,1 2 3 5,1 5 9,16
7811,112,17,1 2 3 5 20,1 2 4 16 83,202
7811,546,35,1 2 3 5 20 112,2 3 6 12 17 19 117 401,1276
7812,4,4,,2 3,2
7812,69,13,4,2 4 14,120
7812,360,31,4 69,4 16 78 93,793
7813,1,1,,,0
7813,2,2,1,,0
7813,3,3,1 2,2,0
7813,4,4,1 2 3,2,1
7813,21,8,1 2 3 4,2 7 8 9,20
7814,2,1,,,0
7814,38,11,2,1 2 3 4 5 16,48
7814,62,12,2 38,1 3 5 7,104
7814,441,34,2 38 62,3 4 9 18 69 146,1008
7815,2,1,,,0
7815,85,14,2,1 2 12 76,155
7815,187,20,2 85,1 2 9 18 62 104,349
7816,227,27,,2 3 7 12 17,489
7816,544,35,227,2 3 4 5 8 15 51 205 359 458,1268
7817,1,1,,,0
7817,248,30,1,1 12 16 45 215 236,533
7818,1,1,,,0
7819,1,1,,,0
7820,21,8,,2 7,21
7820,22,9,21,3 5,23
7820,263,30,21 22,2 3 4 5 7 12 17 22,572
7821,11,7,,1 2 4 6 9,9
7821,65,12,11,1 4 5 6 8,118
7821,526,34,11 65,2 4 13 20 40 72 120,1218
7822,9,5,,1 5,6
7822,34,11,9,3 16,50
7822,96,16,9 34,1 2 3 10 56 71 72 93,167
7822,126,18,9 34 96,1 3 4 11 12 17 85 114,234
7823,9,6,,1 2 4 6,8
7824,1,1,,,0
7824,22,10,1,3 4 7,29
7824,76,13,1 22,1 2 12,143
7825,9,7,,2 7 8,11
7825,66,12,9,2 3 7 57,118
7825,93,15,9 66,1 2 3 10 56 71 72,161
7825,918,42,9 66 93,4 5 12 19 27 362 450 665,2467
7826,1,1,,,0
7826,3,3,1,1 2,1
7826,5,4,1 3,1,3
7826,6,5,1 3 5,1 2 4,4
7826,8,6,1 3 5 6,2 7,7
7826,76,13,1 3 5 6 8,2 6 8 24,139
7826,115,17,1 3 5 6 8 76,1 18,200
7826,198,24,1 3 5 6 8 76 115,1 2 3 5 8 13 52,393
7827,1,1,,,0
7827,2,2,1,1,0
7827,7,4,1 2,2,5
7828,1,1,,,0
7828,4,3,1,1 2,1
7828,16,9,1 4,1 2 8 13 15,12
7829,15,8,,1 2 8 13,12
7829,64,12,15,5 8 13 18,110
7829,236,29,15 64,1 12 16 45 215,500
7829,652,37,15 64 236,1 3 35 42 48 55 87 156 411,1607
7830,1,1,,,0
7830,2,2,1,1,0
7830,39,9,1 2,1 2 4 7 9,54
7830,105,16,1 2 39,1 2 4 8 12 14 84,181
7830,660,37,1 2 39 105,1 2 3 4 7 8 14 26 57 305,1652
7831,1,1,,,0
7831,13,7,1,1 2 8,9
7831,22,8,1 13,1 3 5,26
7831,63,12,1 13 22,4 6 15 24 26 28,108
7831,289,30,1 13 22 63,3 5 6 11 14 81 242,619
7832,2,1,,,0
7832,16,7,2,1 2 11,14
7832,39,9,2 16,3 6 9,55
7833,176,23,,1 2 31 117 159,338
7833,908,41,176,1 2 3 16 22 25 63 88 179 197 308,2423
7834,7,3,,2,2
7834,57,11,7,2 3 7,96
7834,114,16,7 57,1 3 4 11 12 17 85,199
7836,7,5,,3,5
7836,8,6,7,1 2,6
7836,16,7,7 8,1 2 3 4 5,15
7837,5,4,,3,3
7837,11,5,5,1 2,10
7837,626,36,5 11,2 3 7 11 16 21 26 114 328,1532
7838,1,1,,,0
7838,84,15,1,16 18 29,137
7838,751,39,1 84,2 4 21 31 63 200,1995
7839,1,1,,,0
7839,2,2,1,,0
7839,3,3,1 2,,0
7839,7,4,1 2 3,3 4,3
7839,718,38,1 2 3 7,3 12 15 23 71 80 156 196,1847
7840,3,1,,,0
7840,16,6,3,3,15
7840,21,7,3 16,2 4 6 10,19
7840,23,8,3 16 21,6 16,23
7840,83,15,3 16 21 23,1 2 4 16,132
7840,189,24,3 16 21 23 83,1 2 29 48 130 133,366
7840,272,29,3 16 21 23 83 189,2 3 59 75,585
7840,412,33,3 16 21 23 83 189 272,2 5 12 14 45 53 89 110 146 280,911
7840,523,34,3 16 21 23 83 189 272 412,6 7,1205
7840,547,35,3 16 21 23 83 189 272 412 523,1 241 408,1289
7841,415,33,,11 14 94 114 171,938
7842,2,2,,1,0
7842,4,3,2,3,1
7842,387,32,2 4,1 2 3 14,860
7843,1,1,,,0
7843,3,2,1,,0
7843,178,23,1 3,1 3,346
7843,414,32,1 3 178,2 3 7 8 10 49 59 85 151,937
7843,707,37,1 3 178 414,2 3 4 6 65 118 123 546,1788
7846,2,2,,1,0
7846,21,7,2,4 8,23
7846,72,14,2 21,1 2 3 10 56 71,115
7846,553,33,2 21 72,3 7 49 126 130 213,1301
7846,979,43,2 21 72 553,4 5 372 529,2637
7847,1,1,,,0
7847,5,5,1,1 2 3 4,1
7847,16,6,1 5,6,16
7847,71,13,1 5 16,1 2 3 10 56,112
7847,731,37,1 5 16 71,2 3 5 9 11 74 422,1913
7848,1,1,,,0
7848,4,4,1,1 2 3,0
7848,5,5,1 4,1 3,3
7849,3,3,,1 2,0
7849,36,10,3,1 2 3 5 6 16,56
7850,2,2,,1,0
7850,3,3,2,1,1
7850,93,15,2 3,1 27 44,150
7850,159,22,2 3 93,1 2 31 117,300
7850,215,28,2 3 93 159,1 12 16 45,447
7851,1,1,,,0
7851,10,5,1,2 4 6,5
7851,84,14,1 10,1 2 4 8 12 14,136
7852,1,1,,,0
7852,16,6,1,8 11,13
7852,23,9,1 16,1 3 13 15 16,30
7852,80,13,1 16 23,2 16,126
7852,234,28,1 16 23 80,3 17 22 91,489
7853,3,1,,,0
7853,20,7,3,3 8 12,24
7855,6,4,,2 4,3
7855,108,14,6,1 2 5 8 11 29 31 70,178
7856,1,1,,,0
7856,152,21,1,1 2 3 18 24 27 30 74 109,278
7856,835,40,1 152,1 2 3 7 113 148,2221
7857,1,1,,,0
7857,4,3,1,2,1
7857,6,4,1 4,,2
7857,11,5,1 4 6,8,7
7857,785,37,1 4 6 11,2 3 37 158 221 223 282,2060
7859,1,1,,,0
7859,2,2,1,,0
7859,8,3,1 2,4,3
7859,16,8,1 2 8,1 3 13 15,19
7859,687,36,1 2 8 16,2 3 7 33,1736
7860,8,3,,,4
7860,9,5,8,1 2 4 7,4
7860,15,7,8 9,1 3 13,17
7860,23,8,8 9 15,2,31
7860,87,13,8 9 15 23,2 3 4 5 7 10 37,133
7860,320,30,8 9 15 23 87,2 7 23 27 28 95 148,678
7860,340,31,8 9 15 23 87 320,1 2 5 7 11 12 15 51 54 183 194,731
7860,618,35,8 9 15 23 87 320 340,2 4 5 28 224,1499
7861,12,6,,3 8,13
7862,4,2,,1,1
7862,7,4,4,1 2 4,3
7862,9,5,4 7,3 6,7
7862,13,6,4 7 9,1 3,13
7862,56,12,4 7 9 13,1 2 3 10,79
7862,294,29,4 7 9 13 56,1 3 18 36 194,615
7863,1,1,,,0
7863,4,2,1,,1
7863,17,6,1 4,3 6 13,17
7863,85,12,1 4 17,1 3 4 11 12 17,131
7863,464,30,1 4 17 85,1 4 19 73 372,1048
7865,1,1,,,0
7865,4,3,1,1 2,0
7865,6,4,1 4,3,3
7865,8,5,1 4 6,3,5
7865,812,39,1 4 6 8,2 35 47 136 209 507,2125
7866,28,11,,4 6 15 24 26,40
7866,808,38,28,14 43 61 431 451 534 676,2108
7867,2,2,,1,0
7867,13,5,2,3 6,12
7867,14,6,2 13,2 4,14
7867,714,36,2 13 14,1 2 3 4 20 24 27 39 62,1867
7867,992,44,2 13 14 714,2 9 18 22 48 342 540 674,2687
7868,1,1,,,0
7868,3,2,1,,1
7868,26,10,1 3,4 6 15 24,35
7868,176,27,1 3 26,1 2 5 8 37 57,360
7868,588,34,1 3 26 176,2 6 26 29 190,1415
7869,1,1,,,0
7869,7,4,1,1 3 5,5
7869,16,6,1 7,1 2 3 5 6,14
7870,3,2,,,1
7870,24,9,3,4 6 15,31
7871,1,1,,,0
7871,5,3,1,1 3,3
7871,123,19,1 5,1 3 5 12 38 78,194
7872,3,2,,1,1
7872,37,10,3,2 3 5 9,45
7872,165,26,3 37,8 28 53 83,328
7873,1,1,,,0
7873,3,2,1,1,1
7874,1,1,,,0
7874,6,2,1,3,1
7874,152,23,1 6,1 4 15 144,279
7874,243,28,1 6 152,53 96 133 219,502
7875,1,1,,,0
7875,18,8,1,5 8 13,19
7875,20,9,1 18,1 2 5 13,25
7877,3,1,,,0
7877,4,2,3,2,0
7878,8,7,,1 4 5 6,8
7878,24,9,8,2 6 8,31
7878,242,28,8 24,3 5 6 11 14 81,499
7879,2,1,,,0
7879,6,5,2,1 2 3 5,2
7879,15,8,2 6,4 6,17
7880,5,4,,1 2 3,2
7880,6,6,5,1 4 5,5
7880,13,7,5 6,5 8,12
7880,62,9,5 6 13,2 11,78
7880,673,35,5 6 13 62,1 2 5 14 15 37,1703
7881,2,1,,,0
7881,5,5,2,1 4,4
7881,73,12,2 5,2 4 7 36,98
7882,3,3,,1 2,1
7882,4,4,3,1,3
7882,13,6,3 4,1 2 5,12
7882,32,7,3 4 13,1 2 10,29
7882,144,22,3 4 13 32,1 4 15,258
7882,326,29,3 4 13 32 144,2 12 16 18 171 174,707
7883,1,1,,,0
7883,2,2,1,1,0
7884,1,1,,,0
7884,7,4,1,2 3,2
7884,251,28,1 7,1 2 77,502
7884,535,33,1 7 251,1 2 9 10 26 33 286,1259
7885,1,1,,,0
7885,8,5,1,5,3
7885,368,29,1 8,1 2 3 5 18 20 62 67 92 257,798
7887,295,28,,4 8 9 21 200,615
7888,3,3,,2,1
7888,5,4,3,,2
7888,6,5,3 5,4,2
7888,12,6,3 5 6,1 2,8
7889,1,1,,,0
7889,2,2,1,,0
7889,143,25,1 2,12 32 62 121,274
7890,4,1,,,0
7890,5,3,4,1 2,0
7890,35,8,4 5,1 6 9 13 14,31
7890,151,25,4 5 35,4 7 94,297
7892,117,21,,1 2 31,203
7892,175,27,117,1 2 11 17 66,347
7893,2,2,,1,0
7893,29,7,2,16 18,23
7893,70,12,2 29,1 2 5 8 11 29 31,92
7893,970,44,2 29 70,2 3 4 5 28 97 138 203 519,2629
7894,1,1,,,0
7894,8,4,1,2 6,4
7894,50,10,1 8,48,58
7894,217,27,1 8 50,1 3 8 9 12 23 24 55,442
7896,1,1,,,0
7896,6,3,1,2,3
7896,48,9,1 6,,56
7896,133,22,1 6 48,1 2 29 48 130,236
7896,407,29,1 6 48 133,4 5 12 17 212 307,899
7897,1,1,,,0
7897,165,26,1,1 8 9 19 112,326
7897,754,37,1 165,1 2 57 71 155 443,1961
7898,2,2,,1,0
7898,104,19,2,1 2 9 18 62,160
7898,133,24,2 104,4 6 8 11 13 25 28 50 57 62 66 74 132,243
7898,147,25,2 104 133,2 21 65 81 82 85 98,296
7898,202,26,2 104 133 147,1 3 17 56 96 109 128,409
7898,219,27,2 104 133 147 202,53 96 133,443
7898,453,29,2 104 133 147 202 219,2 6 13 14 47 172 180,1006
7899,1,1,,,0
7899,44,8,1,1 27,50
7899,109,20,1 44,1 2 3 18 24 27 30 74,180
7899,130,21,1 44 109,1 2 29 48,230
7899,131,22,1 44 109 130,2 3 5 12,234
7899,132,23,1 44 109 130 131,4 6 8 11 13 25 28 50 57 62 66 74,238
7900,2,1,,,0
7900,9,4,2,2 3 5,0
7900,493,32,2 9,1 7 18 23 166 365,1132
7902,458,30,,2 3 4 5 8 15 51 205 359,1025
7904,5,3,,2 3,0
7904,10,4,5,1 2,4
7904,18,6,5 10,16,12
7904,579,34,5 10 18,1 5 27 40 217 218 376 471,1399
7906,3,2,,2,0
7906,16,5,3,,11
7907,2,1,,,0
7907,16,5,2,1 2 4,10
7907,60,15,2 16,1 2 5 6 18 37 39,82
7907,77,18,2 16 60,2 7 42,118
7908,10,4,,1 2 3,5
7908,789,39,10,7 28 29 35 42,2080
7909,72,17,,1 2 4 8 22 35 54 62,108
7909,95,19,72,2 17 19 28 58 70,155
7909,357,27,72 95,1 5 15 40 52 95 101 174 227,786
7910,1,1,,,0
7910,37,8,1,2 3 4 5 7 10,42
7910,40,11,1 37,,54
7911,1,1,,,0
7911,14,7,1,1 6 9 13,10
7911,121,19,1 14,12 32 62,231
7912,2,2,,1,0
7912,13,6,2,1 6 9,9
7912,378,28,2 13,6 14 42 45 115 156 366,826
7913,1,1,,,0
7913,16,6,1,1 2 4 7,13
7913,90,18,1 16,1 22 23 25,141
7913,195,24,1 16 90,1 2 3 7 11 17 38 44,390
7914,1,1,,,0
7914,810,39,1,1 2 3 5 7 8 219 227 476,2141
7914,867,40,1 810,1 3 18 100 423,2322
7915,3,3,,1 2,0
7916,2,2,,1,0
7916,9,5,2,1 6,5
7916,16,6,2 9,2,13
7916,27,7,2 9 16,1,28
7916,78,17,2 9 16 27,1 3 5 12 38,111
7917,1,1,,,0
7918,36,11,,2 4 7,41
7918,216,24,36,1 5 33 67 106,421
7918,331,26,36 216,2 3 17 217 255,703
7919,4,3,,1 2,1
7919,6,4,4,1,3
7919,62,16,4 6,1 2 4 8 22 35 54,89
7920,1,1,,,0
7920,35,11,1,10 15 18,41
7921,2,2,,1,0
7921,13,5,2,4 7,10
7921,14,6,2 13,1 2 4 8 12,12
7922,1,1,,,0
7922,7,4,1,1 2 4,3
7922,136,21,1 7,1 2 7 8 24,262
7922,291,25,1 7 136,1 4 5 50 100 107,621
7923,12,5,,1 2 4 8,10
7923,18,6,12,1,14
7923,55,15,12 18,1 3 4 6 13 28,72
7923,167,23,12 18 55,9 10 17 24 25 29 77 81 101,328
7923,267,24,12 18 55 167,2 27,545
7924,1,1,,,0
7924,366,27,1,6 14 42 45 115 156,793
7924,594,34,1 366,2 3 4 5 12 25 120 280 388,1461
7925,1,1,,,0
7925,4,3,1,1 2,1
7927,1,1,,,0
7927,2,2,1,1,0
7927,7,3,1 2,4,3
7927,8,4,1 2 7,1 2 4,4
7927,54,15,1 2 7 8,1 2 4 8 22 35,72
7928,1,1,,,0
7928,39,14,1,1 2 5 6 18 37,45
7929,42,14,,3 4 13 18 29,53
7930,2,1,,,0
7930,4,2,2,,1
7930,29,11,2 4,,28
7930,37,13,2 4 29,1 2 5 6 18,42
7930,103,18,2 4 29 37,1 8 9 25,192
7931,4,3,,1 2,1
7931,11,4,4,2,4
7931,17,10,4 11,1 3 4 11 12,13
7932,1,1,,,0
7932,31,11,1,1 2 5 8 11 29,29
7932,33,12,1 31,,35
7932,748,38,1 31 33,1 6 85 149 309 449,1954
7933,2,2,,1,0
7934,1,1,,,0
7934,29,10,1,1 2 5 8 11,27
7934,70,13,1 29,2 17 19 28 58,99
7934,74,14,1 29 70,1 2 3 18 24 27 30,109
7936,12,9,,1 3 4 11,10
7936,227,23,12,1 2 9 18 32 149 161,457
7936,950,44,12 227,2 12 14 26 46 384,2558
7937,10,7,,2 3 4 5 7,4
7937,11,8,10,1 3 4,9
7937,18,9,10 11,10 15,15
7940,1,1,,,0
7940,2,2,1,,0
7940,7,6,1 2,2 3 4 5,2
7940,15,7,1 2 7,10,12
7940,62,10,1 2 7 15,1 2 9 18,82
7940,119,21,1 2 7 15 62,1 2 26,228
7940,141,22,1 2 7 15 62 119,1 7,270
7941,19,6,,2 11,14
7942,1,1,,,0
7942,5,5,1,2 3 4,1
7942,29,7,1 5,3 4 13 18,29
7942,42,9,1 5 29,2 7,50
7942,444,31,1 5 29 42,1 2 3 15 18 335,1012
7942,873,42,1 5 29 42 444,1 2 11 49 80 824,2319
7943,4,4,,2 3,1
7943,74,16,4,1 2 3 5 6 17,121
7944,3,3,,2,1
7944,4,4,3,1 3,2
7945,1,1,,,0
7945,2,2,1,,0
7945,3,3,1 2,1,0
7945,10,4,1 2 3,,4
7946,35,8,,1 2 4 8 22,37
7946,58,12,35,2 17 19 28,77
7947,1,1,,,0
7947,7,3,1,2 4,0
7947,94,19,1 7,4 7,176
7947,98,20,1 7 94,2 21 65 81 82 85,189
7947,192,21,1 7 94 98,1 2 24 30 42 48,371
7949,11,3,,2,3
7949,18,6,11,1 2 5 6,12
7949,339,26,11 18,2 3 12 19 26,727
7950,4,2,,2,0
7950,28,7,4,1 3 4 6 13,25
7950,112,20,4 28,1 8 9 19,208
7952,2,1,,,0
7952,11,5,2,1 2 5 8,4
7953,18,6,,3 4 13,15
7953,62,15,18,1 2 31 33 35 47 59,93
7954,83,18,,8 28 53,156
7955,1,1,,,0
7955,8,4,1,1 2 5,3
7955,55,14,1 8,1 7 46,85
7955,372,26,1 8 55,1 4 19 73,817
7955,414,30,1 8 55 372,1 2 3 12 13 14 65 375,936
7956,38,7,,1 3 5 12,40
7956,59,14,38,1 2 31 33 35 47,89
7956,82,18,38 59,2 4 5 14 16 25 75,154
7956,401,29,38 59 82,2 3 6 12 17 19 117,885
7957,74,17,,4 6 8 11 13 25 28 50 57 62 66,127
7958,2,1,,,0
7958,5,3,2,1 2,2
7958,13,5,2 5,3 4,11
7959,22,6,,1 2 4 8,23
7960,1,1,,,0
7960,85,19,1,2 21 65 81 82,168
7961,1,1,,,0
7961,2,2,1,1,0
7961,6,4,1 2,1 2 5,2
7962,1,1,,,0
7962,5,3,1,1 2,1
7962,194,20,1 5,1 3 18 36,377
7962,405,29,1 5 194,1 2 6 7 11 57 92 117 303,908
7963,75,17,,2 4 5 14 16 25,143
7963,82,18,75,2 21 65 81,162
7963,726,38,75 82,2 8 17 20 334 485,1909
7964,46,13,,1 7,74
7964,81,17,46,2 21 65,161
7964,380,28,46 81,22 53 57 62,827
7965,1,1,,,0
7965,2,2,1,1,0
7965,13,5,1 2,1 3 4 6,9
7965,66,16,1 2 13,4 6 8 11 13 25 28 50 57 62,113
7966,1,1,,,0
7966,30,9,1,7 8 21 23,31
7966,172,19,1 30,8 9 53,329
7967,1,1,,,0
7967,4,3,1,3,1
7968,1,1,,,0
7968,3,2,1,,0
7968,47,13,1 3,1 2 31 33 35,69
7969,62,15,,4 6 8 11 13 25 28 50 57,106
7969,195,20,62,2 4 7 23 27 60 174,388
7969,629,36,62 195,13 30 101 174 284 518,1648
7970,62,15,,12 32,115
7970,738,38,62,3 18 19 34 65 72 92 109 151,1940
7971,1,1,,,0
7971,26,9,1,2 3 4 23,30
7971,154,18,1 26,1 14 28 56 134,293
7971,289,25,1 26 154,2 10 11 21 245,625
7971,884,43,1 26 154 289,1 7 14 65,2396
7972,1,1,,,0
7972,6,4,1,1 3 4,2
7972,52,13,1 6,1 2 3 5 8 13,84
7972,128,17,1 6 52,1 3 17 56 96 109,247
7972,280,24,1 6 52 128,2 5 12 14 45 53 89 110 146,581
7973,1,1,,,0
7973,8,4,1,1 2 4,5
7973,23,8,1 8,7 8 21,22
7974,4,3,,1 3,1
7974,23,8,4,2 3 4,24
7974,57,14,4 23,4 6 8 11 13 25 28 50,96
7974,60,15,4 23 57,1 16 27,110
7975,1,1,,,0
7975,3,2,1,1,0
7975,21,7,1 3,7 8,19
7976,28,11,,2 17 19,34
7976,328,25,28,1 2 154 180,706
7976,407,30,28 328,4 9 12 13 61 245,915
7976,451,31,28 328 407,1 2 5 6 14 68 223,1042
7977,1,1,,,0
7977,4,3,1,1 2,1
7977,7,4,1 4,2,3
7977,28,11,1 4 7,2 3 19,34
7977,502,33,1 4 7 28,2 19 32 37 48 103 316,1188
7977,735,38,1 4 7 28 502,2 24 56 245 352 569,1921
7977,940,46,1 4 7 28 502 735,1 2 3 45 156,2554
7978,25,10,,1 22 23,27
7978,30,11,25,1 2 3 18 24 27,37
7978,31,12,25 30,1 2,43
7979,1,1,,,0
7979,2,2,1,1,0
7979,408,30,1 2,1 241,918
7980,1,1,,,0
7980,12,4,1,1 2 3,4
7980,23,9,1 12,1 22,23
7980,35,12,1 12 23,1 2 31 33,44
7980,65,14,1 12 23 35,2 21,119
7981,22,8,,1,23
7981,27,10,22,1 2 3 18 24,31
7981,48,12,22 27,1 2 29,69
7981,50,13,22 27 48,4 6 8 11 13 25 28,76
7981,332,25,22 27 48 50,1 2 3 28 33 212,710
7982,2,1,,,0
7982,12,5,2,1 3 5,6
7982,33,11,2 12,1 2 31,40
7982,113,16,2 12 33,7 10 25 31 82,206
7982,154,18,2 12 33 113,1 2 10 16,272
7982,200,21,2 12 33 113 154,4 8 9 21,378
7982,495,32,2 12 33 113 154 200,9 42 48 206 208,1155
7984,18,7,,1 2 9,17
7984,24,9,18,1 2 3 18,28
7984,31,10,18 24,1 2,38
7984,53,12,18 24 31,8 28,87
7984,133,17,18 24 31 53,53 96,242
7984,160,18,18 24 31 53 133,1 2 3 8,291
7984,491,31,18 24 31 53 133 160,1 2 3 6 7 40 160,1141
7985,1,1,,,0
7985,19,8,1,2 17,20
7986,19,8,,2 3,22
7986,257,23,19,3 17 57 189 231,514
7986,923,45,19 257,1 756,2504
7986,955,46,19 257 923,2 7 74 121 324 868,2579
7987,17,7,,2,20
7987,29,8,17,1 12,36
7987,57,12,17 29,1 2 5 8 37,97
7987,81,13,17 29 57,1 3 14 20 41,134
7987,188,20,17 29 57 81,2 14 139,350
7988,8,6,,7,9
7988,433,30,8,1 15,986
7989,1,1,,,0
7989,3,3,1,1 2,1
7989,5,4,1 3,1 3,3
7989,7,5,1 3 5,,6
7989,101,15,1 3 5 7,9 10 17 24 25 29 77 81,173
7990,1,1,,,0
7990,2,2,1,1,0
7990,18,5,1 2,1 2 3,17
7990,174,19,1 2 18,2 4 7 23 27 60,324
7991,1,1,,,0
7991,3,2,1,1,0
7991,109,16,1 3,1 3 17 56 96,192
7991,134,17,1 3 109,1 14 28 56,232
7991,824,41,1 3 109 134,1 2 11 49 80,2164
7993,1,1,,,0
7993,4,3,1,2 3,1
7993,9,4,1 4,1 2,5
7993,281,24,1 4 9,18 191 251,581
7994,1,1,,,0
7994,3,2,1,2,0
7994,255,23,1 3,2 3 17 217,503
7994,375,29,1 3 255,1 2 3 12 13 14 65,816
7995,2,1,,,0
7995,91,13,2,3 17 22,155
7996,257,23,,1 2 3 5 18 20 62 67 92,518
7996,307,24,257,4 5 12 17 212,637
7997,1,1,,,0
7998,1,1,,,0
7998,676,37,1,14 43 61 431 451 534,1734
8000,2,2,,1,0
8000,17,6,2,1 2 3 5 6,19
8000,29,8,2 17,1 2,38
8000,32,11,2 17 29,12,51
8001,1,1,,,0
8001,66,12,1,1 2 11 17,106
8001,260,23,1 66,2 5,544
8001,359,28,1 66 260,2 3 4 5 8 15 51 205,764
8002,1,1,,,0
8002,2,2,1,,0
8002,3,3,1 2,2,0
8002,161,18,1 2 3,1 2 9 18 32 149,295
8003,2,1,,,0
8003,7,4,2,1,6
8003,28,10,2 7,4 6 8 11 13 25,38
8004,12,4,,1,11
8004,96,15,12,1 3 17 56,170
8004,289,23,12 96,1 2 9 34,592
8004,546,33,12 96 289,2 3 4 6 65 118 123,1334
8005,3,3,,1 2,1
8005,396,28,3,3 17 130,880
8006,1,1,,,0
8006,2,2,1,1,0
8006,25,9,1 2,4 6 8 11 13,34
8006,139,17,1 2 25,1 2 4 115,248
8006,194,22,1 2 25 139,1 2 5 7 11 12 15 51 54 183,364
8006,324,27,1 2 25 139 194,7 8 11 13 17 162,686
8006,535,32,1 2 25 139 194 324,7 37 105 137,1303
8007,1,1,,,0
8007,2,2,1,1,0
8007,27,10,1 2,1 16,42
8007,37,11,1 2 27,1 2 5 8,60
8007,955,45,1 2 27 37,3 4 6 27 326 650 878,2584
8008,1,1,,,0
8008,25,9,1,1 8 9,37
8008,320,26,1 25,1 3 5 6 17 26 42 70 144,669
8008,720,37,1 25 320,2 3 10 153,1877
8008,742,39,1 25 320 720,2 24 25,1959
8009,1,1,,,0
8009,28,10,1,8,42
8009,81,14,1 28,9 10 17 24 25 29 77,134
8011,1,1,,,0
8011,6,5,1,1 2 3 5,4
8011,13,6,1 6,1 2 3 5 8,13
8011,15,7,1 6 13,1 4,18
8011,146,17,1 6 13 15,2 3 7,255
8011,311,25,1 6 13 15 146,1 14,648
8012,1,1,,,0
8012,5,4,1,1 2 3,3
8012,231,22,1 5,3 17 57 189,449
8012,471,30,1 5 231,1 5 27 40 217 218 376,1092
8013,2,2,,1,0
8013,25,10,2,2 4 5 14 16,36
8013,77,13,2 25,9 10 17 24 25 29,126
8013,82,14,2 25 77,7 10 25 31,140
8014,1,1,,,0
8014,3,3,1,1 2,1
8014,149,17,1 3,1 2 9 18 32,263
8014,554,32,1 3 149,2 5 38 76 77 122 207,1388
8015,1,1,,,0
8015,2,2,1,1,0
8015,245,22,1 2,2 10 11 21,498
8016,1,1,,,0
8016,8,5,1,1 2 3 5,5
8016,395,28,1 8,2 5 56 108 166,871
8017,183,21,,1 2 5 7 11 12 15 51 54,337
8018,1,1,,,0
8018,3,2,1,1,1
8018,12,5,1 3,2 3 5,11
8018,13,8,1 3 12,4 6 8 11,14
8018,16,9,1 3 12 13,1,22
8018,33,10,1 3 12 13 16,2 4,43
8018,61,12,1 3 12 13 16 33,5 7 18 27 51 56,85
8018,178,20,1 3 12 13 16 33 61,1 3 18 21 36 170,315
8018,188,21,1 3 12 13 16 33 61 178,1 2 4 5 18 24 92 101,350
8019,1,1,,,0
8019,5,4,1,1 2 3,2
8020,1,1,,,0
8020,11,7,1,4 6 8,11
8020,12,8,1 11,,14
8020,45,10,1 11 12,1 12 16,58
8021,3,3,,1 2,1
8021,96,16,3,53,157
8021,186,20,3 96,1 4 18 21 54 130,350
8021,325,25,3 96 186,1 2 16 72,654
8022,1,1,,,0
8022,2,2,1,1,0
8022,4,3,1 2,1,1
8022,16,9,1 2 4,2 4 5 14,16
8023,1,1,,,0
8023,8,6,1,4 6,6
8023,56,11,1 8,5 7 18 27 51,72
8023,251,21,1 8 56,18 191,496
8024,9,7,,1 8,8
8024,14,8,9,2 4 5,13
8024,21,9,9 14,2,27
8024,47,10,9 14 21,2 10 22,60
8024,195,20,9 14 21 47,1 7 34 45 62,369
8024,465,30,9 14 21 47 195,1 2 4 65 66 109 163,1076
8024,614,36,9 14 21 47 195 465,1 2 12 50 55 146 167,1538
8025,1,1,,,0
8025,5,4,1,2 3,2
8025,6,5,1 5,4,4
8025,8,6,1 5 6,1,5
8026,17,5,,2 3 7 12,14
8026,170,19,17,1 3 18 21 36,291
8027,2,2,,1,0
8027,3,3,2,2,1
8027,4,4,2 3,,2
8027,41,8,2 3 4,1 3 14 20,47
8027,172,19,2 3 4 41,2 5 6 16,295
8028,1,1,,,0
8028,2,2,1,,0
8028,51,8,1 2,5 7 18 27,57
8028,106,16,1 2 51,1 5 33 67,149
8028,365,27,1 2 51 106,1 7 18 23 166,767
8029,8,2,,,3
8030,115,16,,1 2 4,183
8031,12,4,,2 3 7,8
8031,115,16,12,1 2 3 5 7 69,185
8031,873,44,12 115,1 2 7 66 159 592,2323
8032,1,1,,,0
8032,148,18,1,2 7 23 27 28 95,243
8032,217,20,1 148,2 3 17,398
8032,820,42,1 148 217,9 98 123 147 352 716,2172
8032,860,43,1 148 217 820,1 2 3 7 10,2278
8033,1,1,,,0
8033,5,3,1,2 4,1
8033,26,7,1 5,1 2,26
8034,4,2,,2,1
8034,7,3,4,4,2
8034,24,6,4 7,1 2 7 8,19
8034,174,18,4 7 24,2 12 16 18 171,318
8035,1,1,,,0
8036,2,1,,,0
8036,7,3,2,2 3,1
8036,8,4,2 7,1 2 5,3
8036,126,16,2 7 8,2 15 59 62,200
8036,139,17,2 7 8 126,2 14,225
8037,4,1,,,0
8037,20,5,4,4 5 17,10
8037,75,15,4 20,2 3 59,115
8037,171,17,4 20 75,2 12 16 18,309
8039,5,3,,1 2,2
8039,59,14,5,3 7,85
8039,81,15,5 59,3 5 6 11 14,117
8039,227,20,5 59 81,1 5 15 40 52 95 101 174,431
8040,3,2,,2,0
8040,17,4,3,4 5,8
8041,2,1,,,0
8041,150,16,2,2 3 4 6 10 20 36,248
8041,176,18,2 150,4 12 13 22 139,317
8042,2,2,,1,0
8043,1,1,,,0
8043,2,2,1,,0
8043,19,6,1 2,1 8 9,12
8043,940,45,1 2 19,35 36 42 126 205 350 408 690,2531
8044,56,14,,1 3 17,80
8047,4,2,,2,0
8047,702,38,4,1 2 3 4 7 9 13 14 28 169 250 323 553,1828
8048,20,7,,1 3 14,21
8048,34,8,20,1 8,41
8048,138,15,20 34,2 7 11 18 31 82,225
8048,270,24,20 34 138,6 18 50 101 240,533
8048,382,28,20 34 138 270,2 3 6 19 63,837
8049,2,1,,,0
8049,16,6,2,1 12,13
8049,22,7,2 16,2 10,22
8050,8,5,,1 2 7,4
8050,17,6,8,1 2 11,14
8051,7,4,,1 2,4
8051,335,26,7,1 2 3 15 18,700
8052,1,1,,,0
8052,5,3,1,4,1
8052,27,6,1 5,5 7 18,24
8052,40,13,1 5 27,4 23 36,58
8052,677,37,1 5 27 40,1 2 4 25 62 88 160,1748
8053,1,1,,,0
8053,4,2,1,,0
8053,9,4,1 4,1 8,4
8053,12,5,1 4 9,1,6
8053,59,14,1 4 9 12,2 3,88
8053,136,15,1 4 9 12 59,1 3 6 21 23,216
8054,8,3,,1,4
8054,14,4,8,1 3,9
8054,189,19,8 14,3 17 57,334
8056,2,2,,1,0
8056,11,3,2,1 2,5
8056,36,12,2 11,4 23,50
8056,55,13,2 11 36,1 3 8 9 12 23 24,75
8057,1,1,,,0
8057,2,2,1,1,0
8058,1,1,,,0
8058,19,5,1,3 5,9
8058,77,14,1 19,1 2,98
8058,220,21,1 19 77,2 12 20 23 29 72,419
8061,1,1,,,0
8061,10,4,1,2,5
8061,18,5,1 10,5 7,10
8061,22,9,1 10 18,2 3 4 5 7 12 17,19
8061,29,11,1 10 18 22,9 10 17 24 25,32
8061,760,41,1 10 18 22 29,20 134,1977
8061,907,44,1 10 18 22 29 760,1 12 20 26 52,2454
8064,1,1,,,0
8064,22,9,1,3 17,25
8064,31,11,1 22,7 10 25,41
8064,44,12,1 22 31,1 2 3 7 11 17 38,54
8064,53,13,1 22 31 44,,71
8064,303,24,1 22 31 44 53,1 2 6 7 11 57 92 117,614
8065,2,2,,1,0
8065,3,3,2,1,1
8065,25,10,2 3,9 10 17 24,28
8065,363,27,2 3 25,1 2 4 8 9 15 17,785
8066,1,1,,,0
8066,17,8,1,2 3 4 5 7 12,15
8066,24,9,1 17,9 10 17,26
8066,468,31,1 17 24,18 25 57 105 142 165,1090
8067,1,1,,,0
8067,67,12,1,1 5 33,77
8069,2,1,,,0
8069,17,8,2,3,19
8069,23,9,2 17,4,30
8069,56,11,2 17 23,1 14 28,67
8069,68,12,2 17 23 56,2 3 6 40,82
8069,153,18,2 17 23 56 68,2 10 31 96,272
8069,308,25,2 17 23 56 68 153,3 4 8 15 27 33 38 89 102 140,633
8069,667,37,2 17 23 56 68 153 308,1 9 14 26 81 83,1710
8070,25,9,,7 10,31
8070,38,10,25,1 2 3 7 11 17,43
8070,305,24,25 38,5 16 167 177,622
8070,411,29,25 38 305,1 3 35 42 48 55 87 156,917
8071,12,7,,2 3 4 5 7,13
8071,236,23,12,7 10 16 18 24 33,447
8072,5,3,,3,1
8072,7,4,5,5,3
8072,824,42,5 7,3 6 7 11 52 151 226 365 416 700,2185
8073,17,8,,9 10,20
8073,132,15,17,1 2 3 5 8 12 14 65,214
8073,868,43,17 132,2 7 74 121 324,2308
8074,1,1,,,0
8074,3,2,1,,0
8074,5,3,1 3,,1
8074,6,4,1 3 5,1 2,1
8074,7,5,1 3 5 6,1,3
8074,8,6,1 3 5 6 7,1,4
8074,13,7,1 3 5 6 7 8,1 4,11
8074,236,23,1 3 5 6 7 8 13,1 3 8 11 16 30 115,443
8076,7,6,,2 3 4 5,5
8077,1,1,,,0
8077,69,11,1,1 2 3 5 7,93
8077,130,16,1 69,1 4 18 21 54,220
8078,2,2,,1,0
8078,5,5,2,2 3 4,3
8078,139,17,2 5,4 12 13 22,238
8078,240,23,2 5 139,6 18 50 101,457
8078,665,37,2 5 139 240,4 5 12 19 27 362 450,1702
8078,766,41,2 5 139 240 665,1 6 13 14 41 95 121 253 514,2002
8079,1,1,,,0
8079,4,4,1,2 3,2
8079,93,14,1 4,4 16 78,130
8079,253,23,1 4 93,2 4 19,491
8080,1,1,,,0
8080,3,3,1,2,1
8080,10,4,1 3,9,5
8080,518,35,1 3 10,13 30 101 174 284,1304
8081,1,1,,,0
8081,2,2,1,,0
8081,9,3,1 2,,3
8082,9,4,,3 6 7,3
8082,274,23,9,26 43 85 96 104 137 160,522
8082,700,40,9 274,1 3 4 6 8 15 27 53 71 185 244,1822
8083,3,1,,,0
8083,4,2,3,1,0
8083,17,5,3 4,1 3,9
8083,191,20,3 4 17,18,348
8084,7,3,,3 6,1
8084,878,43,7,3 4 6 27 326 650,2343
8085,6,2,,3,1
8085,10,4,6,7,3
8085,53,9,6 10,8 9,54
8085,95,14,6 10 53,2 7 23 27 28,130
8085,171,18,6 10 53 95,11 14 94 114,304
8086,1,1,,,0
8086,620,36,1,2 4 7 38 158 435 466 497,1569
8087,24,8,,1 3 8 9 12 23,19
8088,3,1,,,0
8088,4,2,3,,0
8088,7,3,3 4,,0
8088,23,7,3 4 7,1 3 8 9 12,16
8088,278,23,3 4 7 23,1 2 3 4 8 19 38 70 91,538
8088,943,44,3 4 7 23 278,1 3 9 30 64 234 395 409,2534
8091,7,2,,3,0
8091,17,6,7,1 2 3 7 11,8
8091,48,10,7 17,1 2 24 30 42,48
8091,212,22,7 17 48,4 5 12 17,391
8091,501,34,7 17 48 212,3 385,1266
8092,174,19,,1 5 15 40 52 95 101,316
8092,758,41,174,1 2 5 7 43,2000
8094,12,3,,,6
8094,78,13,12,4 16,106
8095,3,1,,,0
8095,206,21,3,1 14 20,383
8096,414,30,,2 8 14 32 90,951
8097,3,2,,1,0
8097,11,5,3,1 2 3 7,5
8097,28,7,3 11,1 14,23
8097,40,8,3 11 28,2 3 6,37
8097,42,9,3 11 28 40,1 2 24 30,42
8097,659,37,3 11 28 40 42,2 7 95 340 532 601,1714
8099,1,1,,,0
8099,12,6,1,1 3 8 9,9
8100,1,1,,,0
8100,62,12,1,2 15 59,81
8100,746,40,1 62,2 3 6 11 42 650,1966
8101,1,1,,,0
8101,7,4,1,1 2 3,2
8101,33,6,1 7,1 5,23
8101,212,21,1 7 33,1 2 3 28 33,398
8101,361,28,1 7 33 212,3 6 24 67 113 124,788
8102,1,1,,,0
8102,9,5,1,1 3 8,5
8103,8,4,,1 3,5
8103,59,11,8,2 15,75
8103,466,31,8 59,2 11 13 61 138 281,1154
8103,672,39,8 59 466,3 4 8 21 22 90,1755
8104,60,11,,2 4 7 23 27,82
8104,82,12,60,2 7 11 18 31,111
8105,3,3,,1 2,1
8105,101,15,3,1 2 4 5 18 24 92,161
8106,1,1,,,0
8106,2,2,1,1,0
8106,14,5,1 2,3 5 6 11,6
8106,107,16,1 2 14,1 4 5 50 100,175
8106,146,17,1 2 14 107,2 5 12 14 45 53 89 110,244
8106,151,18,1 2 14 107 146,2 3 7 8 10 49 59 85,271
8106,815,42,1 2 14 107 146 151,3 7 9 11 34,2160
8107,1,1,,,0
8107,109,16,1,1 3 6,179
8107,376,28,1 109,1 5 27 40 217 218,835
8108,3,2,,1,1
8109,1,1,,,0
8109,3,3,1,2,1
8109,11,4,1 3,3 5 6,2
8109,30,8,1 3 11,1 2 24,24
8109,146,16,1 3 11 30,3 4 9 18 69,254
8110,1,1,,,0
8110,2,2,1,,0
8110,190,20,1 2,1 4 14 24,342
8110,475,33,1 2 190,1 2 3 4 6 7 16 28 106 193,1200
8110,565,35,1 2 190 475,2 5 7 16 59 153 257,1416
8111,10,4,,,3
8111,14,5,10,1,3
8112,165,18,,1 2 3 5 6 13 15 50 113,293
8112,187,19,165,1 2 3 12 23 25 39,331
8113,100,15,,1 4 5 50,165
8114,6,3,,3 5,0
8114,47,10,6,4 5 7 8 15 24,53
8114,92,14,6 47,1 2 4 5 18 24,146
8114,657,38,6 47 92,6 9 16 20 31 44 116 238,1713
8114,783,41,6 47 92 657,19 163 313 411,2076
8115,5,2,,3,0
8115,24,7,5,1 2,18
8116,393,29,,2 3 5 6 15 27 267,893
8117,3,1,,,0
8119,691,38,,3 14 284,1789
8120,16,4,,1 2 10,8
8120,36,9,16,1 3 18,41
8120,317,27,16 36,1 2 10 15 19 70 71,684
8120,496,34,16 36 317,2 3 4 7 29 43 62 74,1264
8124,1,1,,,0
8124,180,19,1,1 2 154,339
8125,1,1,,,0
8126,10,3,,1 2,6
8126,14,8,10,2 3 12,15
8126,96,15,10 14,2 10 31,173
8126,633,37,10 14 96,1 2 5 123 277 508,1660
8127,1,1,,,0
8128,12,7,,2 3,14
8128,478,33,12,1 2 8 120 272,1222
8129,5,2,,1,1
8129,9,6,5,8,9
8130,8,5,,,9
8130,388,29,8,2 3 4 5 12 25 120 280,911
8131,6,4,,2 3,6
8131,32,9,6,1 2 9 18,46
8131,913,44,6 32,1 21 208,2481
8132,1,1,,,0
8132,896,43,1,1 3 5 10 22 24 780,2419
8133,1,1,,,0
8133,2,2,1,1,0
8133,286,26,1 2,1 2 9 10 26 33,615
8133,795,42,1 2 286,6 9 12 130 266 375,2118
8134,1,1,,,0
8134,2,2,1,1,0
8134,3,3,1 2,2,1
8134,156,18,1 2 3,6 14 42 45 115,288
8134,437,31,1 2 3 156,1 2 12 103 157 220,1101
8135,1,1,,,0
8135,2,2,1,,0
8135,328,27,1 2,2 3 7 11 16 21 26 114,732
8136,8,4,,1 2 3,6
8136,267,25,8,1 2 3 4 9 10 32 36 37 49 52 126 163 189,561
8136,716,38,8 267,9 98 123 147 352,1907
8136,851,42,8 267 716,2 13 248 274,2300
8137,2,2,,1,0
8137,3,3,2,2,1
8137,24,8,2 3,4 5 7 8 15,27
8137,27,9,2 3 24,2 4 7 23,38
8137,542,34,2 3 24 27,2 3 9 99,1385
8138,1,1,,,0
8138,2,2,1,,0
8138,18,7,1 2,1 3,18
8138,245,22,1 2 18,4 9 12 13 61,501
8138,445,32,1 2 18 245,3 6 10 13,1138
8139,7,6,,1 2 3 5,8
8139,513,33,7,1 2 5 6 18 133 406,1303
8140,1,1,,,0
8140,65,13,1,1 2 3 5 8 12 14,104
8140,81,14,1 65,11 17,144
8140,534,33,1 65 81,14 43 61 431 451,1351
8141,3,3,,1 2,1
8141,4,4,3,1 2,3
8141,5,5,3 4,1 2 3,5
8141,23,8,3 4 5,2 4 7,30
8142,1,1,,,0
8142,2,2,1,1,0
8142,110,15,1 2,2 5 12 14 45 53 89,186
8142,114,16,1 2 110,11 14 94,207
8142,696,37,1 2 110 114,2 3 7 60 286 432,1826
8143,1,1,,,0
8143,2,2,1,1,0
8143,3,3,1 2,1 2,1
8143,91,14,1 2 3,1 2 3 5 6 12 53 85,156
8143,569,34,1 2 3 91,2 24 56 245 352,1453
8144,1,1,,,0
8144,2,2,1,1,0
8145,1,1,,,0
8145,18,7,1,1 2 9,18
8145,302,26,1 18,2 3 5 30 53 87 112,642
8146,1,1,,,0
8146,15,6,1,4 5 7 8,10
8146,28,7,1 15,2 11 12 25,25
8146,54,12,1 15 28,1 2 5 7 11 12 15 51,76
8146,241,22,1 15 28 54,1,487
8147,15,6,,2,14
8147,173,19,15,1 2 5,321
8147,416,30,15 173,1 2 6 7 14 97,1034
8148,1,1,,,0
8148,948,43,1,3 9 16 194,2551
8149,1,1,,,0
8149,25,6,1,2 11 12,22
8149,51,11,1 25,1 2 5 7 11 12 15,72
8149,85,13,1 25 51,1 2 3 5 6 12 53,143
8149,338,28,1 25 51 85,1 2 36 72 143 277 323,766
8150,7,4,,2 3,4
8150,26,7,7,2 15,26
8150,154,18,7 26,1 2,279
8152,1,1,,,0
8152,28,9,1,2 7 23 27,28
8152,173,18,1 28,1 2 10,317
8153,1,1,,,0
8153,3,2,1,1,0
8153,8,5,1 3,4 5 7,4
8153,27,8,1 3 8,2 7 23,25
8153,54,11,1 3 8 27,1 4 18 21,87
8153,732,40,1 3 8 27 54,1 3 6 16 85,1914
8153,756,41,1 3 8 27 54 732,1,2014
8154,3,3,,2,1
8154,7,4,3,4 5,3
8154,9,5,3 7,1 2,6
8155,1,1,,,0
8155,2,2,1,,0
8155,31,8,1 2,2 7 11 18,28
8155,36,10,1 2 31,2 3 4 6 10 20,39
8155,205,20,1 2 31 36,2 3 4 5 8 15 51,381
8155,601,36,1 2 31 36 205,2 7 95 340 532,1564
8156,5,3,,4,1
8156,16,5,5,4,9
8156,422,31,5 16,2 3 5 9 11 74,1057
8156,774,40,5 16 422,2,2039
8157,4,2,,,1
8157,7,4,4,2 4,4
8157,23,7,4 7,2 7,16
8157,62,12,4 7 23,1 7 34 45,96
8157,451,32,4 7 23 62,2 3 9 11 148 245,1141
8159,1,1,,,0
8159,109,17,1,1 2 4 16 87,193
8160,2,1,,,0
8160,4,3,2,2,2
8160,36,10,2 4,1 3 18 21,37
8160,325,27,2 4 36,1 5 7 234 280,722
8161,2,2,,1,0
8161,14,5,2,2,7
8161,15,6,2 14,2,8
8161,21,7,2 14 15,4 8 9,12
8161,92,13,2 14 15 21,1 2 3 5 18 20 62 67,145
8162,1,1,,,0
8162,2,2,1,,0
8162,12,4,1 2,2 11,2
8162,94,14,1 2 12,11 14,155
8162,202,20,1 2 12 94,1 5 10 51 155,370
8163,11,3,,2,2
8163,27,9,11,2,21
8163,35,10,11 27,1 2,32
8163,50,11,11 27 35,1 4 5,70
8163,89,12,11 27 35 50,2 5 12 14 45 53,131
8163,316,26,11 27 35 50 89,2 19 32 37 48 103,684
8163,956,43,11 27 35 50 89 316,2 3 5 43 126 228,2591
8164,113,17,,1 2 3 5 6 13 15 50,185
8164,248,25,113,1 6 12 15 31,504
8164,323,27,113 248,1 2 36 72 143 277,717
8165,101,16,,1 5 15 40 52 95,168
8166,23,8,,1 3 6 21,16
8168,4,2,,,1
8168,18,6,4,2 7 11,11
8168,21,7,4 18,1 3 6,14
8168,162,17,4 18 21,7 8 11 13 17,292
8170,1,1,,,0
8170,350,29,1,1 2 3 13 31,805
8170,507,33,1 350,2 35 47 136 209,1272
8171,20,7,,2 3 4 6 10,17
8171,95,15,20,1 5 15 40 52,162
8171,180,17,20 95,2 6 13 14 47 172,321
8171,380,29,20 95 180,2 3 5 7 9 45,897
8171,796,40,20 95 180 380,1 2 10 39 42 68 121,2131
8172,2,1,,,0
8172,85,14,2,2 3 7 8 10 49 59,145
8172,143,16,2 85,1 2 24,253
8173,2,1,,,0
8173,7,3,2,2,2
8173,9,5,2 7,4 8,3
8174,2,1,,,0
8174,8,4,2,4,2
8174,45,11,2 8,1 7 34,69
8174,631,36,2 8 45,2 12 14,1623
8175,11,4,,2 7,4
8175,21,8,11,1 3 18,15
8175,115,15,11 21,6 14 42 45,188
8175,687,39,11 21 115,2 3 52 99 433,1798
8177,54,11,,1 4 10 26,81
8178,1,1,,,0
8178,2,2,1,,0
8178,4,3,1 2,,0
8178,18,7,1 2 4,1 3,12
8178,244,25,1 2 4 18,2 5 6 12 16 131,502
8179,7,2,,2,1
8179,172,16,7,2 6 13 14 47,303
8179,853,41,7 172,1 2 4 8 14,2289
8181,10,6,,2 3 4 6,6
8181,53,11,10,1 2 3 5 6 12,84
8181,87,14,10 53,1 2 4 16,150
8182,24,9,,1 2 4 5 18,35
8183,1,1,,,0
8183,6,3,1,1 3,1
8183,16,6,1 6,2 5 6,12
8183,320,28,1 6 16,1 3 5 139 194,722
8184,2,1,,,0
8184,144,14,2,1 3 5 6 17 26 42 70,253
8185,6,5,,2 3 4,3
8185,15,8,6,1 2 5 7 11 12,13
8185,34,10,6 15,1 7,54
8185,305,27,6 15 34,1 2 3 4 7 8 14 26 57,688
8185,674,38,6 15 34 305,2 9 18 22 48 342 540,1767
8186,3,2,,1,0
8186,21,9,3,1 4 18,33
8186,57,10,3 21,3 17,80
8186,67,12,3 21 57,1 2 3 5 18 20 62,103
8186,69,13,3 21 57 67,3 4 9 18,110
8186,213,23,3 21 57 67 69,3 7 49 126 130,407
8187,4,4,,2 3,2
8188,1,1,,,0
8188,2,2,1,,0
8188,3,3,1 2,2,0
8188,12,7,1 2 3,1 2 5 7 11,8
8188,18,8,1 2 3 12,1 2 4 5,23
8189,2,1,,,0
8189,11,6,2,1 2 5 7,7
8189,18,8,2 11,1 4,25
8190,18,8,,2 12 16,27
8191,14,7,,1 2 3 5 8 12,14
8191,31,8,14,2 10,45
8191,62,11,14 31,1 2 3 5 18 20,91
8192,16,7,,2 12,26
8192,374,30,16,1 14 15 31 326,918
8193,3,2,,1,0
8193,6,4,3,2 5,3
8193,7,5,3 6,1 2 5,5
8193,12,6,3 6 7,1 2 3 5 8,11
8193,407,31,3 6 7 12,2 13 109,1025
8193,841,41,3 6 7 12 407,1 10 17 27 34 49 63 515 774,2253
8194,5,3,,2,3
8195,1,1,,,0
8195,5,3,1,1 2,3
8195,22,7,1 5,4 12 13,28
8195,115,13,1 5 22,1 3 8 11 16 30,185
8196,2,2,,1,0
8196,12,6,2,2,18
8196,160,19,2 12,26 43 85 96 104 137,270
8196,553,35,2 12 160,1 2 3 4 7 9 13 14 28 169 250 323,1425
8196,650,37,2 12 160 553,2 3 6 11 42,1698
8196,700,38,2 12 160 553 650,3 6 7 11 52 151 226 365 416,1837
8197,1,1,,,0
8197,2,2,1,,0
8197,8,5,1 2,1 2 3 5,5
8197,630,36,1 2 8,1 2 3 10,1626
8198,2,2,,1,0
8198,59,11,2,2 3 7 8 10 49,88
8198,177,21,2 59,5 16 167,327
8198,360,29,2 59 177,1 101 135 202 314,863
8199,1,1,,,0
8199,53,10,1,2 5 12 14 45,69
8200,5,4,,1 2 3,3
8201,1,1,,,0
8201,5,5,1,1 2 4,5
8201,199,24,1 5,2 4 5 6 8 9 24 32 70 82 91 173,375
8202,1,1,,,0
8202,3,3,1,1 2,1
8202,4,4,1 3,1 2,3
8202,323,28,1 3 4,9 15 241 270,732
8202,759,39,1 3 4 323,3 5 10 34 195 322 644,2002
8203,1,1,,,0
8203,2,2,1,1,0
8203,4,3,1 2,1,3
8204,1,1,,,0
8204,2,2,1,1,0
8204,13,5,1 2,4 12,10
8204,17,6,1 2 13,11,15
8204,44,8,1 2 13 17,9 15,46
8204,223,25,1 2 13 17 44,1 2 5 6 14 68,443
8204,437,32,1 2 13 17 44 223,1 3 4 6 12 32 85 145 423,1076
8204,485,33,1 2 13 17 44 223 437,2 8 17 20 334,1216
8204,514,34,1 2 13 17 44 223 437 485,1 2 10 78 294,1286
8205,1,1,,,0
8205,12,4,1,4,9
8205,26,6,1 12,1 4 10,22
8205,280,26,1 12 26,1 5 7 234,603
8206,1,1,,,0
8206,2,2,1,,0
8206,72,11,1 2,2 12 20 23 29,103
8207,25,7,,2 11 13,23
8207,45,9,25,2 5 12 14,49
8207,385,30,25 45,3,966
8208,1,1,,,0
8208,5,3,1,1 4,0
8208,49,9,1 5,2 3 7 8 10,63
8208,167,20,1 5 49,5 16,300
8208,321,28,1 5 49 167,3 25 81 90,715
8208,443,32,1 5 49 167 321,1 2 57 71 155,1089
8208,537,34,1 5 49 167 321 443,2 10 37 144 511,1359
8208,844,42,1 5 49 167 321 443 537,3 6,2233
8208,933,43,1 5 49 167 321 443 537 844,2 9 10 23 556,2506
8209,4,2,,1,0
8209,155,19,4,1 5 10 51,259
8209,497,33,4 155,2 4 7 38 158 435 466,1238
8210,6,3,,1 3,1
8210,11,5,6,,7
8210,40,8,6 11,2 4 10,40
8210,277,26,6 11 40,1 2 36 72 143,601
8212,1,1,,,0
8212,7,4,1,1,4
8212,10,5,1 7,2,5
8213,3,2,,1,0
8213,4,3,3,,1
8213,364,29,3 4,16 18 38,894
8214,32,7,,1 2 4,26
8214,52,10,32,1 5 15 40,66
8214,189,24,32 52,1 2 3 4 9 10 32 36 37 49 52 126 163,355
8214,331,28,32 52 189,1 2 4 10 29 35,753
8215,1,1,,,0
8215,14,4,1,1 2 3,4
8216,439,32,,1 5 6 7 25 42,1098
8217,1,1,,,0
8217,101,13,1,6 18 50,155
8218,1,1,,,0
8218,423,31,1,1 3 4 6 12 32 85 145,1040
8219,13,6,,2 11,9
8219,137,18,13,26 43 85 96 104,221
8220,2,1,,,0
8221,10,4,,1 4,5
8221,11,5,10,2,7
8221,155,20,10 11,2 9 129,280
8221,227,24,10 11 155,5 34 36 47,456
8221,725,38,10 11 155 227,1 4 6 10 11 17 73,1883
8222,12,6,,1 2 3 5 6,9
8222,410,30,12,1 2 3 9 119,1012
8223,1,1,,,0
8223,451,31,1,14 43 61 431,1112
8224,532,34,,2 7 95 340,1368
8226,3,3,,1 2,0
8226,17,6,3,3,12
8226,40,9,3 17,1 5 15,54
8226,739,38,3 17 40,1 3 4 41 463,1957
8227,2,2,,1,0
8227,4,3,2,1,2
8227,50,9,2 4,1 2 3 5 6 13 15,64
8227,120,15,2 4 50,2 4 13 20 40 72,189
8227,166,22,2 4 50 120,1 7 18 23,307
8227,173,23,2 4 50 120 166,2 4 5 6 8 9 24 32 70 82 91,319
8227,581,35,2 4 50 120 166 173,1 5 10,1475
8228,1,1,,,0
8228,6,5,1,1 2 3 5,4
8228,746,38,1 6,2 5 7 14 41 56 77 94,1980
8229,1,1,,,0
8229,5,4,1,1 2 3,3
8230,1,1,,,0
8230,2,2,1,,0
8230,162,21,1 2,1 3 9 12 31,295
8231,3,3,,1 2,1
8231,449,31,3,1 6 85 149 309,1120
8231,565,34,3 449,1 3 11 13 33 68 188 258 470,1450
8232,1,1,,,0
8232,2,2,1,1,0
8232,17,6,1 2,2 3,8
8233,1,1,,,0
8233,15,5,1,9,5
8233,20,8,1 15,1 2 3 5 18,15
8234,361,29,,3 4 10 30 39 59 122,909
8234,511,33,361,2 10 37 144,1299
8235,18,7,,1 2 3 5,15
8236,486,32,,1 2 3 18 91 135 257,1225
8237,18,7,,3 4 9,19
8237,128,19,18,7,219
8237,140,20,18 128,3 4 8 15 27 33 38 89 102,258
8237,214,22,18 128 140,1 4 5 7 12 20 40 133 186 206,437
8238,14,6,,2 5 12,11
8238,134,19,14,2 11 81,248
8238,280,27,14 134,2 3 4 5 12 25 120,633
8238,424,30,14 134 280,6 9 10 20 23,1063
8239,9,4,,,5
8239,21,8,9,2 10 11,27
8239,316,27,9 21,1 2 3 25 64 244 279,752
8240,3,1,,,0
8240,10,4,3,2 4,6
8240,12,5,3 10,2 5,8
8240,117,18,3 10 12,2 3 6 12 17 19,193
8240,163,20,3 10 12 117,1 2 3 4 9 10 32 36 37 49 52 126,307
8240,326,28,3 10 12 117 163,1 14 15 31,798
8240,466,31,3 10 12 117 163 326,2 4 7 38 158 435,1163
8242,4,3,,1 2,1
8242,14,7,4,11,16
8242,267,26,4 14,2 3 5 6 15 27,591
8242,694,37,4 14 267,3 4 14 101 300,1798
8243,1,1,,,0
8243,431,30,1,14 43 61,1066
8244,2,2,,1,0
8244,314,27,2,1 101 135 202,757
8244,622,34,2 314,1 2 5 15 16,1618
8245,1,1,,,0
8245,11,6,1,,13
8245,45,12,1 11,6 14 42,56
8245,166,20,1 11 45,2 5 56 108,322
8245,206,21,1 11 45 166,1 4 5 7 12 20 40 133 186,420
8245,646,35,1 11 45 166 206,1 2 4 7 106 323 617,1671
8245,702,37,1 11 45 166 206 646,2 5 11 14 17 36 42 128 192 310,1822
8245,1000,42,1 11 45 166 206 646 702,1 3 7 11 12 49 117 294 397 931,2717
8246,3,2,,2,0
8246,4,3,3,2,1
8246,9,5,3 4,3 4,8
8246,406,29,3 4 9,1 2 5 6 18 133,1007
8246,689,36,3 4 9 406,2 3 8 21 46 129 238,1775
8247,2,1,,,0
8247,5,2,2,2,1
8247,10,6,2 5,2 3 7 8,8
8247,129,19,2 5 10,2 9,234
8248,2,1,,,0
8248,5,4,2,1 2 3,1
8248,42,11,2 5,6 14,48
8248,476,31,2 5 42,1 2 3 5 7 8 219 227,1196
8248,780,40,2 5 42 476,1 3 5 10 22 24,2046
8249,8,5,,2 3 7,6
8249,11,6,8,2 10,9
8249,29,10,8 11,2 12 20 23,34
8250,2,1,,,0
8250,3,3,2,1 2,0
8250,7,4,2 3,2 3,4
8250,10,5,2 3 7,2,6
8250,117,18,2 3 7 10,1 2 6 7 11 57 92,199
8251,2,2,,1,0
8251,4,3,2,3,1
8251,15,4,2 4,1 5,9
8251,234,25,2 4 15,1 5 7,500
8251,508,32,2 4 15 234,1 2 5 123 277,1290
8251,517,33,2 4 15 234 508,4 6 10 12 13 16 18 80 139,1311
8252,1,1,,,0
8252,3,2,1,,0
8252,16,4,1 3,1 2 4,10
8252,104,17,1 3 16,26 43 85 96,159
8254,3,2,,2,0
8254,73,12,3,1 4 19,105
8254,224,23,3 73,2 4 5 28,467
8254,781,41,3 73 224,2 8 24 29,2065
8255,2,1,,,0
8255,23,9,2,2 12 20,22
8255,270,26,2 23,9 15 241,603
8255,638,35,2 23 270,1 2 5 31 32 36 111 118,1647
8256,5,2,,2,1
8256,18,4,5,,12
8256,230,25,5 18,1 2 14 29 94 127 149,492
8257,175,20,,3 12 22 24 160,354
8258,2,1,,,0
8258,20,8,2,2 12,19
8258,70,12,2 20,1 3 5 6 17 26 42,102
8258,315,27,2 20 70,1 4 5 29,772
8258,432,30,2 20 70 315,1 2 3 6 9 71 198,1075
8259,2,1,,,0
8259,34,9,2,1 2 9,30
8260,39,9,,1 2 3 12 23 25,38
8260,96,16,39,26 43 85,147
8260,575,33,39 96,1 9 14 15 248,1460
8260,774,40,39 96 575,1 10 17 27 34 49 63 515,2038
8261,5,2,,1,2
8262,1,1,,,0
8262,15,7,1,1 2 3 5 6 13,9
8262,26,8,1 15,2 3 12 19,19
8263,484,31,,7 26 37 58 68 256,1221
8264,1,1,,,0
8264,4,3,1,1 2,2
8264,13,6,1 4,1 2 3 5 6,7
8265,1,1,,,0
8265,31,7,1,2 3 4 18,25
8265,186,20,1 31,1 4 5 7 12 20 40 133,372
8265,218,24,1 31 186,1 5 27 40 217,464
8266,1,1,,,0
8266,2,2,1,1,0
8266,12,6,1 2,2,9
8266,190,20,1 2 12,2 6 26 29,387
8266,217,23,1 2 12 190,1 5 27 40,460
8267,1,1,,,0
8267,2,2,1,,0
8268,50,11,,6 18,68
8269,19,6,,2 3 12,10
8269,130,19,19,3 7 49 126,227
8269,208,22,19 130,9 42 48 206,431
8271,6,5,,1 2 3 5,2
8271,85,15,6,26 43,130
8271,130,19,6 85,3 17,240
8271,206,21,6 85 130,9 42 48,428
8271,435,30,6 85 130 206,2 4 7 38 158,1079
8272,1,1,,,0
8272,5,4,1,1 2 3,1
8272,160,19,1 5,3 12 22 24,325
8273,126,18,,3 7 49,223
8274,3,3,,1 2,1
8274,25,7,3,1 2 3 12 23,19
8274,33,9,3 25,7 10 16 18 24,37
8274,72,14,3 25 33,1 2 16,101
8274,140,18,3 25 33 72,1 2 3 23 40 70,266
8274,617,34,3 25 33 72 140,1 2 4 7 106 323,1584
8275,1,1,,,0
8275,2,2,1,1,0
8275,72,14,1 2,2 4 13 20 40,102
8275,91,15,1 2 72,1 2 3 4 8 19 38 70,143
8275,92,16,1 2 72 91,1 2 6 7 11 57,151
8275,102,17,1 2 72 91 92,3 4 8 15 27 33 38 89,176
8275,261,24,1 2 72 91 92 102,2 5 6 7 10 13 22 23 62 100 125,573
8275,287,26,1 2 72 91 92 102 261,1 2 5 9 39 122,689
8276,1,1,,,0
8276,2,2,1,,0
8276,12,3,1 2,2 3,2
8276,14,4,1 2 12,6,4
8276,23,6,1 2 12 14,1 2 3 12,13
8276,24,7,1 2 12 14 23,1 4 14,17
8276,279,25,1 2 12 14 23 24,1 2 3 25 64 244,646
8276,377,29,1 2 12 14 23 24 279,1 2 3 4 10 12 17 23 27 37 49 53 58 158,922
8276,476,31,1 2 12 14 23 24 279 377,1 4 8 48 49 218 421,1201
8277,126,17,,1 2 3 4 9 10 32 36 37 49 52,223
8277,336,28,126,2 4 5,836
8277,712,39,126 336,1 15 41 207,1856
8278,18,5,,2 3 4,9
8279,1,1,,,0
8280,30,9,,1 3 8 11 16,33
8280,33,10,30,1 2 3 28,40
8280,446,30,30 33,3 4 5 24 40 141,1111
8280,630,35,30 33 446,1 5 14 30 76 86 262 566,1628
8281,1,1,,,0
8281,20,6,1,1 14,17
8282,62,13,,22 53 57,83
8283,24,8,,7 10 16 18,25
8283,539,32,24,2 3 6 8 22 30 31 49 74,1352
8284,6,3,,,2
8284,9,4,6,1 2,3
8284,241,23,6 9,9 15,534
8284,790,40,6 9 241,2 6 21 105 200 474 536 746,2070
8285,3,2,,2,0
8285,28,8,3,1 2 3,34
8286,2,1,,,0
8286,14,5,2,1 4,10
8286,17,6,2 14,4 5 12,14
8286,42,8,2 14 17,1 3 5 6 17 26,55
8287,12,4,,1 2 3,6
8287,14,5,12,1,11
8287,57,12,12 14,22 53,72
8287,251,24,12 14 57,4 9 53 184,561
8288,89,16,,3 4 8 15 27 33 38,151
8288,281,26,89,2 11 13 61 138,682
8289,18,7,,7 10 16,17
8291,1,1,,,0
8291,2,2,1,1,0
8291,12,5,1 2,4 5,10
8291,16,6,1 2 12,7 10,14
8291,24,7,1 2 12 16,1 2,28
8291,53,11,1 2 12 16 24,22,66
8291,81,15,1 2 12 16 24 53,2 11,137
8291,131,18,1 2 12 16 24 53 81,2 5 6 12 16,244
8292,1,1,,,0
8292,4,3,1,2 3,0
8293,3,2,,2,0
8293,450,30,3,4 5 12 19 27 362,1117
8293,690,38,3 450,35 36 42 126 205 350 408,1796
8293,715,39,3 450 690,1 3 316 391,1879
8293,967,42,3 450 690 715,1 2 8 10 117 385 605 914,2599
8294,2,1,,,0
8294,16,5,2,1 3 8 11,13
8296,3,3,,1 2,0
8296,4,4,3,1,2
8296,70,13,3 4,1 2 3 4 8 19 38,104
8296,154,19,3 4 70,3 5 54 92 134,296
8296,529,32,3 4 70 154,4 5 372,1327
8297,2,2,,1,0
8297,10,4,2,7,7
8298,1,1,,,0
8298,5,3,1,4,2
8299,1,1,,,0
8299,4,2,1,,1
8299,11,4,1 4,1 3 8,5
8300,1,1,,,0
8300,7,3,1,,2
8300,18,4,1 7,6,15
8302,2,2,,1,0
8302,8,3,2,1 3,2
8302,26,7,2 8,1 3 5 6 17,28
8303,1,1,,,0
8303,108,17,1,2 5 56,194
8303,384,29,1 108,4 8 19 39 220,946
8304,47,12,,2 6 13 14,59
8304,65,14,47,1 2 3 12 13 14,103
8306,485,31,,1 3 48 197,1235
8306,821,39,485,2 3 5 8 161,2184
8307,3,2,,1,1
8307,40,11,3,2 4 13 20,48
8307,124,17,3 40,14 27 29 57 88,244
8308,1,1,,,0
8308,14,4,1,1,15
8308,19,5,1 14,1 4,21
8309,1,1,,,0
8309,51,12,1,2 3 4 5 8 15,69
8309,91,16,1 51,2 4 5 6 8 9 24 32 70 82,151
8309,145,19,1 51 91,1 4 8 27,288
8309,194,22,1 51 91 145,1 3 5 139,418
8309,330,28,1 51 91 145 194,1 2 10,808
8310,1,1,,,0
8310,3,3,1,1 2,1
8310,45,11,1 3,3 5,56
8310,57,13,1 3 45,1 2 6 7 11,86
8310,646,36,1 3 45 57,1 10 39 44 67,1663
8311,1,1,,,0
8311,2,2,1,1,0
8311,17,6,1 2,1 3 5 6,18
8311,244,24,1 2 17,1 2 3 25 64,570
8312,1,1,,,0
8312,6,3,1,,4
8312,592,34,1 6,1 2 7 66 159,1521
8312,650,37,1 6 592,3 4 6 27 326,1681
8313,1,1,,,0
8313,2,2,1,1,0
8313,17,9,1 2,7 8 11 13,19
8313,19,10,1 2 17,2 4,23
8313,43,11,1 2 17 19,26,49
8313,51,12,1 2 17 19 43,1 5 10,64
8313,217,23,1 2 17 19 43 51,3 6 18 121 142,470
8314,1,1,,,0
8314,284,27,1,13 30 101 174,707
8314,931,41,1 284,1 3 7 11 12 49 117 294 397,2501
8315,5,3,,1 2,2
8315,10,4,5,1 2,6
8315,160,20,5 10,1 2 3 6 7 40,316
8315,999,41,5 10 160,1 3 13 18 32 51 69 283 529,2667
8316,1,1,,,0
8316,134,18,1,3 5 54 92,251
8317,13,8,,7 8 11,15
8317,644,36,13,3 5 10 34 195 322,1659
8317,733,37,13 644,1 2 3 193,1904
8318,1,1,,,0
8318,2,2,1,1,0
8318,82,15,1 2,2 4 5 6 8 9 24 32 70,129
8318,133,18,1 2 82,1 4 5 7 12 20 40,251
8319,1,1,,,0
8319,11,7,1,7 8,12
8319,540,33,1 11,2 9 18 22 48 342,1375
8320,788,38,,2 3 4 8 19 22 41 126,2079
8321,1,1,,,0
8322,1,1,,,0
8322,6,5,1,1 3 5,5
8322,8,6,1 6,7,9
8322,22,7,1 6 8,,16
8322,61,14,1 6 8 22,4 9 12 13,92
8322,849,40,1 6 8 22 61,1 2 6 48 161,2272
8323,2,2,,1,0
8323,4,3,2,1,2
8323,5,4,2 4,1 3,3
8323,7,5,2 4 5,,6
8323,25,6,2 4 5 7,1 2 5,19
8324,1,1,,,0
8325,1,1,,,0
8325,3,2,1,1,1
8325,156,20,1 3,1 3 35 42 48 55 87,313
8325,823,39,1 3 156,2 4 5 7 13 43 85 525 641,2163
8326,1,1,,,0
8326,163,21,1,1 2 4 65 66 109,339
8326,470,31,1 163,1 3 11 13 33 68 188 258,1183
8327,1,1,,,0
8327,20,5,1,2 4 13,10
8328,1,1,,,0
8328,4,2,1,2,0
8328,38,8,1 4,1 2 3 4 8 19,41
8328,746,36,1 4 38,2 6 21 105 200 474 536,1945
8329,59,14,,2 3,88
8329,611,35,59,48 108 122 173 472 596,1560
8330,2,1,,,0
8330,16,3,2,1 2,4
8330,26,7,2 16,,20
8330,70,14,2 16 26,2 4 5 6 8 9 24 32,103
8330,229,25,2 16 26 70,2 9 19 23 24 119 171,538
8330,514,32,2 16 26 70 229,1 6 13 14 41 95 121 253,1296
8331,79,14,,1 3 30 42 46 50,127
8331,421,29,79,1 4 8 48 49 218,1066
8334,1,1,,,0
8334,13,4,1,2 4,5
8334,250,26,1 13,2 6 7 26 44,631
8334,272,27,1 13 250,1 2 8 120,677
8335,112,17,,2 3 5 30 53 87,206
8337,1,1,,,0
8337,14,6,1,2 6 13,10
8337,149,20,1 14,1 2 14 29 94 127,311
8338,1,1,,,0
8338,13,5,1,2 6,9
8338,19,6,1 13,2 3 6 12 17,14
8338,33,12,1 13 19,19 26,50
8338,124,18,1 13 19 33,3 6 24 67 113,243
8338,292,26,1 13 19 33 124,1 4 8 16 22 174,713
8339,38,13,,3 4 8 15 27 33,58
8340,1,1,,,0
8340,17,5,1,2 3 6 12,13
8340,174,21,1 17,1 2 5 17 57 90 98,375
8340,183,22,1 17 174,4 8 21 71,401
8343,4,3,,2,2
8343,5,4,4,1 2,3
8343,88,16,4 5,14 27 29 57,174
8344,2,2,,1,0
8344,33,12,2,3 4 8 15 27,53
8344,70,15,2 33,1 2 3 23 40,126
8344,126,19,2 33 70,2 4 16 49,255
8344,143,20,2 33 70 126,1 2 36 72,302
8344,519,32,2 33 70 126 143,2 3 4 5 28 97 138 203,1328
8344,566,33,2 33 70 126 143 519,1 5 14 30 76 86 262,1464
8344,596,34,2 33 70 126 143 519 566,48 108 122 173 472,1523
8345,1,1,,,0
8345,2,2,1,,0
8345,6,3,1 2,2,3
8345,12,4,1 2 6,2 3 6,7
8345,15,6,1 2 6 12,2 3 4 5 8,10
8345,26,11,1 2 6 12 15,19,40
8345,643,33,1 2 6 12 15 26,3 8 12 75,1668
8346,2,2,,1,0
8346,80,15,2,3 6 47,142
8346,914,39,2 80,1 2 8 10 117 385 605,2446
8347,1,1,,,0
8347,19,6,1,1 2 3 4 8,19
8348,1,1,,,0
8349,2,1,,,0
8349,113,17,2,3 6 24 67,222
8349,114,18,2 113,2 3 7 11 16 21 26,226
8350,5,2,,3,1
8350,27,11,5,3 4 8 15,41
8350,49,12,5 27,3 7,72
8351,1,1,,,0
8351,6,3,1,2 3,1
8351,52,13,1 6,1 2 3 4 9 10 32 36 37 49,82
8351,220,25,1 6 52,1 2 12 103 157,538
8352,3,1,,,0
8352,8,5,3,2 3 4 5,2
8352,19,10,3 8,,30
8354,3,2,,2,0
8354,10,5,3,1 5,7
8354,49,12,3 10,1 2 3 4 9 10 32 36 37,77
8354,184,22,3 10 49,4 9 53,407
8354,464,31,3 10 49 184,1 2 5 10 15 23,1152
8355,2,1,,,0
8355,5,4,2,2 3 4,0
8355,14,9,2 5,1 2 3 12 13,19
8355,56,14,2 5 14,2 5,92
8355,334,27,2 5 14 56,2 8 17 20,823
8356,4,3,,2 3,0
8356,7,4,4,6,2
8356,11,7,4 7,1 2 6 7,11
8356,13,8,4 7 11,1 2 3 12,16
8356,202,24,4 7 11 13,1 101 135,474
8356,773,38,4 7 11 13 202,2 12 27 56 215,2035
8357,3,2,,2,0
8357,6,3,3,,1
8357,12,7,3 6,1 2 3,14
8358,2,1,,,0
8358,7,3,2,,2
8358,8,5,2 7,1 2 3 4,2
8358,92,16,2 7 8,3 5 54,163
8358,423,30,2 7 8 92,1 3 18 100,1062
8359,5,2,,1,0
8359,16,7,5,5,16
8359,68,14,5 16,1 2 5 6 14,113
8359,127,17,5 16 68,1 2 14 29 94,252
8360,7,6,,1 2 6,5
8360,50,13,7,1 3 30 42 46,73
8360,87,15,7 50,2 3 5 30 53,148
8360,282,25,7 50 87,2 3 37 158 221 223,682
8360,352,28,7 50 87 282,2 24 56 245,855
8361,6,5,,1 2,5
8361,11,6,6,2,12
8361,31,7,6 11,1 3 9 12,35
8361,154,19,6 11 31,3 10 26 59 94,323
8361,196,23,6 11 31 154,3 12 15 23 71 80 156,448
8361,207,24,6 11 31 154 196,2 5 38 76 77 122,491
8362,4,4,,1 2 3,1
8362,15,5,4,3 4 8,15
8362,640,33,4 15,1 4 5 6 8 14 35 37 98,1652
8362,728,37,4 15 640,4 65 174 330 721,1867
8363,1,1,,,0
8363,3,3,1,1 2,0
8363,245,24,1 3,2 3 9 11 148,602
8363,315,26,1 3 245,1 2 6 11,756
8363,333,27,1 3 245 315,1 18 33 36 76 312,808
8364,2,2,,1,0
8364,46,12,2,1 3 30 42,65
8364,139,18,2 46,1 3 5,283
8364,212,23,2 46 139,3 5 6 9 31 38 72 134,505
8365,1,1,,,0
8365,2,2,1,1,0
8366,1,1,,,0
8366,3,3,1,1 2,1
8366,37,11,1 3,1 2 3 4 9 10 32 36,49
8366,71,14,1 3 37,1 2 10 15 19 70,123
8366,173,22,1 3 37 71,1 10 15 33 142 143,371
8367,1,1,,,0
8367,2,2,1,1,0
8367,9,3,1 2,2,4
8367,36,10,1 2 9,1 2 3 4 9 10 32,46
8367,63,11,1 2 9 36,2 3 6 19,105
8367,70,13,1 2 9 36 63,1 2 10 15 19,118
8367,356,27,1 2 9 36 63 70,3 4 15 247,860
8368,1,1,,,0
8368,18,6,1,1 2 3 15,13
8368,32,9,1 18,2 4 5 6 8 9 24,34
8368,42,10,1 18 32,1 3 30,53
8369,1,1,,,0
8369,8,4,1,3 4,3
8369,165,21,1 8,18 25 57 105 142,334
8369,721,36,1 8 165,4 65 174 330,1837
8370,2,1,,,0
8370,5,2,2,,0
8370,13,5,2 5,4 9 12,5
8370,23,7,2 5 13,1 7 18,20
8371,12,4,,4 9,5
8371,15,5,12,1 2 3,7
8371,32,9,12 15,1 2 3 4 9 10,35
8371,309,26,12 15 32,1 6 85 149,733
8373,4,3,,3,1
8374,2,1,,,0
8374,3,2,2,,0
8374,9,3,2 3,4,2
8374,40,10,2 3 9,1 2 3 23,50
8374,57,12,2 3 9 40,14 27 29,91
8375,18,6,,1 7,14
8375,515,32,18,2 3 4 8 12 13 26 35 147 211,1277
8376,24,8,,2 4 5 6 8 9,21
8376,103,15,24,2 19 32 37 48,185
8377,582,32,,3 8 22 31 32 37 211,1469
8377,894,38,582,1 2 258,2371
8379,1,1,,,0
8379,4,2,1,,1
8379,47,10,1 4,3 6,68
8379,404,30,1 4 47,1 2 3 7,1010
8380,12,5,,1 3 9,8
8380,30,9,12,1 3,35
8380,109,17,12 30,1 2 4 65 66,210
8380,451,31,12 30 109,1 2 6 7 24 85 226 296 393 431,1103
8381,1,1,,,0
8381,31,9,1,1 6 12 15,38
8381,362,28,1 31,4 5 12 19 27,877
8382,695,35,,1 4 23 47 50 466,1786
8382,818,36,695,1 10 33 43 311,2154
8383,3,3,,1 2,0
8383,9,4,3,1 3,6
8384,2,2,,1,0
8384,17,8,2,3,20
8384,312,26,2 17,1 18 33 36 76,755
8385,1,1,,,0
8385,3,3,1,2,1
8386,1,1,,,0
8386,2,2,1,,0
8386,7,3,1 2,1,3
8386,33,9,1 2 7,1 2 9 10 26,41
8388,1,1,,,0
8388,117,18,1,12 69 79 83,233
8388,142,20,1 117,3 6 18 121,292
8388,171,22,1 117 142,2 9 19 23 24 119,394
8389,3,2,,1,0
8389,124,18,3,4 5 6 33 76,248
8389,200,23,3 124,2 4 21 31 63,500
8391,1,1,,,0
8391,9,7,1,2 4 5 6 8,6
8391,23,8,1 9,1 2 3,29
8391,516,31,1 9 23,3 15 27 29 35 52 61 119 167 276 329,1307
8392,1,1,,,0
8392,7,3,1,3,3
8392,8,6,1 7,2 4 5 6,4
8392,94,16,1 7 8,1 2 14 29,181
8392,142,20,1 7 8 94,18 25 57 105,288
8392,193,22,1 7 8 94 142,1 2 3 4 6 7 16 28 106,481
8392,211,23,1 7 8 94 142 193,3 12 203,514
8393,1,1,,,0
8393,10,7,1,1 2 3 4 9,8
8393,26,8,1 10,1 2 9 10,31
8394,1,1,,,0
8394,6,5,1,2 4 5,2
8394,9,6,1 6,1 2 3 4,6
8394,53,12,1 6 9,2 3 5 30,75
8394,87,15,1 6 9 53,1 3 35 42 48 55,159
8395,5,4,,2 4,2
8395,67,14,5,3 6 24,114
8396,1,1,,,0
8396,3,2,1,,0
8396,4,3,1 3,2,0
8396,54,13,1 3 4,3 5,79
8396,143,21,1 3 4 54,1 10 15 33 142,297
8397,15,6,,1 6 12,13
8397,142,20,15,1 10 15 33,296
8398,2,1,,,0
8398,3,2,2,,0
8398,120,19,2 3,2 3 4 5 12 25,242
8399,4,4,,1 2 3,0
8399,210,24,4,1 2 3 9 12 17 18 133 175 196,511
8400,3,3,,1 2,0
8400,12,5,3,1 6,9
8400,203,22,3 12,3 12,491
8400,431,30,3 12 203,1 2 6 7 24 85 226 296 393,1047
8401,2,2,,1,0
8401,47,12,2,5 34 36,68
8401,156,21,2 47,3 12 15 23 71 80,349
8402,1,1,,,0
8402,29,11,1,14 27,46
8404,27,10,,14,46
8404,137,20,27,7 37 105,291
8406,1,1,,,0
8406,5,3,1,2,4
8406,6,4,1 5,1,5
8406,15,6,1 5 6,1,18
8406,16,7,1 5 6 15,2 5 6 12,19
8406,432,30,1 5 6 15 16,2 3 7 60 286,1064
8407,1,1,,,0
8407,3,2,1,1,1
8408,1,1,,,0
8408,24,11,1,3 12 22,39
8408,91,17,1 24,7 16 23 35 79,181
8409,1,1,,,0
8409,2,2,1,,0
8409,10,5,1 2,1 2 9,8
8409,59,12,1 2 10,1 3 5 30 41,99
8409,121,19,1 2 10 59,3 6 18,243
8410,9,4,,1 2,8
8410,12,5,9,2 5 6,12
8410,22,10,9 12,3 12,34
8411,1,1,,,0
8411,3,3,1,1 2,0
8411,17,8,1 3,1 2 4 8 9 15,20
8411,19,9,1 3 17,2 3 6,26
8411,40,11,1 3 17 19,1 4 5 7 12 20,51
8411,125,19,1 3 17 19 40,2 5 6 7 10 13 22 23 62 100,244
8412,2,2,,1,0
8412,36,10,2,5 34,45
8413,1,1,,,0
8413,14,5,1,1 2 5 6,13
8413,15,7,1 14,1 2 4 8 9,17
8413,196,23,1 14 15,1 2 3 9 12 17 18 133 175,472
8414,1,1,,,0
8414,34,9,1,5,41
8414,146,20,1 34,2 3 4 22 25 32 51 58 98,329
8414,157,21,1 34 146,1 2 12 103,365
8415,1,1,,,0
8415,72,14,1,1 2 36,131
8416,1,1,,,0
8416,6,4,1,2 5,5
8416,98,18,1 6,1 2 5 17 57 90,188
8416,340,29,1 6 98,2 7 95,829
8417,1,1,,,0
8417,2,2,1,1,0
8417,5,3,1 2,2,3
8417,14,7,1 2 5,,18
8417,30,8,1 2 5 14,2 3 5,30
8418,1,1,,,0
8418,19,7,1,1 2 10 15,20
8418,39,9,1 19,1 2 4 5 6 8,53
8418,257,25,1 19 39,2 5 7 16 59 153,590
8418,346,29,1 19 39 257,16 22 41 69 294,838
8418,930,41,1 19 39 257 346,2 3 4 7 12 14 24 25 35 102 108 125 152 167 321 416 769 880,2461
8419,1,1,,,0
8419,9,6,1,1 2 4 8,8
8419,223,24,1 9,2 3 37 158 221,515
8419,937,41,1 9 223,1 2 3 6 7 34 179 324 739 788,2504
8420,1,1,,,0
8420,2,2,1,,0
8420,6,3,1 2,3,0
8420,8,5,1 2 6,1 2 4,5
8420,12,6,1 2 6 8,3,11
8420,79,16,1 2 6 8 12,7 16 23 35,143
8420,90,17,1 2 6 8 12 79,2 8 14 32,162
8421,6,4,,1 2 5,1
8421,49,11,6,2 4 16,70
8421,94,17,6 49,3 10 26 59,175
8421,221,23,6 49 94,2 3 37 158,505
8422,5,3,,1 2,1
8422,15,5,5,1 2 10,11
8422,83,16,5 15,12 69 79,147
8423,3,1,,,0
8423,66,15,3,1 2 4 65,112
8423,135,19,3 66,1 101,290
8423,789,37,3 66 135,11 115 352 430 452 696,2046
8424,4,3,,1 2,2
8424,6,4,4,2 3,4
8424,65,14,4 6,1 2 4,110
8424,90,15,4 6 65,1 2 5 17 57,161
8424,174,20,4 6 65 90,13 30 101,408
8424,294,26,4 6 65 90 174,1 2 10 78,672
8425,2,2,,1,0
8425,319,28,2,1 2 9 29 69,747
8426,1,1,,,0
8426,2,2,1,1,0
8426,55,13,1 2,1 3 35 42 48,86
8426,79,14,1 2 55,12 69,138
8426,323,28,1 2 55 79,1 2 3 4 7 9 13 14 28 169 250,766
8427,1,1,,,0
8427,3,2,1,2,0
8427,10,3,1 3,1 2,3
8427,27,7,1 3 10,1 4 8,26
8427,29,8,1 3 10 27,2 6 26,29
8427,41,10,1 3 10 27 29,1 3 5 30,52
8427,122,17,1 3 10 27 29 41,1 5 25 51 100,229
8427,123,18,1 3 10 27 29 41 122,2 3 4 6 65 118,234
8428,2,1,,,0
8429,3,1,,,0
8429,48,12,3,9 42,65
8429,105,15,3 48,18 25 57,184
8429,433,30,3 48 105,2 3 52 99,1044
8430,26,7,,2 6,27
8431,20,6,,1 4 5 7 12,13
8431,48,12,20,2 19 32 37,69
8431,138,19,20 48,2 11 13 61,305
8432,118,17,,2 3 4 6 65,227
8433,1,1,,,0
8433,48,12,1,1 3 35 42,73
8433,57,13,1 48,1 2 3 4 7 8 14 26,95
8433,308,27,1 48 57,1 2 3 16 22 25 63 88 179 197,707
8433,659,35,1 48 57 308,2 5 7 12 13 223 604,1643
8433,800,37,1 48 57 308 659,1 8 13 16 21 26 209 258,2083
8434,19,6,,1 2 3,18
8434,175,22,19,1 2 3 9 12 17 18 133,406
8434,971,42,19 175,3 61 96,2630
8435,2,2,,1,0
8435,40,10,2,1 2 3 6 7,54
8435,42,11,2 40,9,59
8435,236,23,2 40 42,2 3 8 16 182,525
8436,1,1,,,0
8436,61,11,1,2 25,107
8436,69,12,1 61,12,117
8436,100,15,1 61 69,2 5 6 7 10 13 22 23 62,175
8436,105,16,1 61 69 100,7 37,197
8436,636,34,1 61 69 100 105,2 5 9 24 543,1589
8436,668,35,1 61 69 100 105 636,2 3 7 9 19 51,1681
8437,1,1,,,0
8437,26,9,1,2 3 7 11 16 21,34
8437,76,11,1 26,4 5 6 33,127
8437,402,29,1 26 76,8 51 262 273,956
8438,1,1,,,0
8438,24,7,1,3 6,30
8438,30,9,1 24,1 3 5,40
8438,393,28,1 24 30,1 2 6 7 24 85 226 296,919
8439,12,5,,1 4 5 7,8
8439,42,10,12,1 3 35,62
8439,90,14,12 42,3 25 81,155
8440,119,17,,2 9 19 23 24,246
8440,122,18,119,1 2 5 9 39,260
8440,447,30,119 122,1 2 30 43 109,1066
8440,561,32,119 122 447,1 2 3 7 18 315,1392
8442,1,1,,,0
8442,5,4,1,2 3,1
8442,21,8,1 5,2 3 7 11 16,29
8442,37,9,1 5 21,2 19 32,54
8442,134,19,1 5 21 37,3 5 6 9 31 38 72,290
8443,5,4,,,3
8443,40,10,5,1 5 27,60
8444,3,3,,2,1
8444,7,4,3,1 4 5,4
8444,388,28,3 7,3 8 22 47 65 121,913
8445,1,1,,,0
8445,2,2,1,,0
8445,5,3,1 2,3,0
8445,49,10,1 2 5,4 5 26 34,82
8446,5,3,,1 4,1
8446,8,5,5,1 4,7
8446,35,9,5 8,1 3,50
8446,122,18,5 8 35,2 5 38 76 77,260
8447,3,1,,,0
8447,4,2,3,1,0
8447,16,7,3 4,2 3 7 11,19
8447,32,8,3 4 16,2 19,43
8448,81,13,,3 25,136
8448,623,33,81,2 5 7 9 488,1545
8449,8,6,,1 2 4 5 6,9
8449,100,13,8,1 5 25 51,180
8450,1,1,,,0
8450,3,3,1,1 2,1
8450,4,4,1 3,1,3
8450,6,5,1 3 4,2,4
8450,28,7,1 3 4 6,2 4 5,34
8451,1,1,,,0
8451,2,2,1,1,0
8451,6,5,1 2,1 2 4 5,3
8451,36,9,1 2 6,1 2,50
8452,1,1,,,0
8452,5,4,1,1 2 4,2
8452,11,5,1 5,2 3 7,9
8452,71,12,1 5 11,4 8 21,115
8452,594,32,1 5 11 71,3 26 107 248,1471
8453,1,1,,,0
8453,4,3,1,1 2,1
8453,372,27,1 4,4 5,861
8454,2,1,,,0
8454,16,5,2,2 4,14
8454,815,37,2 16,1 5 7 15 23,2108
8455,2,2,,1,0
8456,1,1,,,0
8456,6,3,1,3,2
8456,7,4,1 6,2 3,3
8456,27,8,1 6 7,1 5,28
8456,59,11,1 6 7 27,3 10 26,90
8456,174,22,1 6 7 27 59,1 4 8 16 22,368
8457,1,1,,,0
8457,29,8,1,1 2 14,33
8457,57,10,1 29,1 2 5 17,83
8457,101,16,1 29 57,1,196
8457,911,41,1 29 57 101,2 5 61 159 174 257 269 660,2396
8459,3,2,,,1
8460,1,1,,,0
8460,3,2,1,2,0
8460,19,7,1 3,2,19
8460,34,9,1 3 19,4 5 26,47
8460,148,21,1 3 19 34,2 3 9 11,326
8461,2,1,,,0
8462,98,16,,2 3 4 22 25 32 51 58,196
8463,5,3,,1 3,2
8463,965,42,5,1 2 14 37 281,2576
8464,1,1,,,0
8464,26,8,1,1 2 3 4 7 8 14,34
8464,35,9,1 26,7 16 23,50
8465,1,1,,,0
8465,3,2,1,1,0
8465,257,26,1 3,1 2 3 18 91 135,574
8465,742,36,1 3 257,1 2 3 4 29 241 484,1902
8466,4,2,,2,1
8466,97,16,4,1 2 6 7 14,202
8467,1,1,,,0
8467,220,24,1,4 8 19 39,484
8467,245,25,1 220,2 24 56,543
8468,2,1,,,0
8468,7,5,2,1 2 3 6,2
8468,9,6,2 7,,6
8468,26,8,2 7 9,4 5,36
8468,103,18,2 7 9 26,1 2 12,215
8468,209,23,2 7 9 26 103,2 35 47 136,450
8468,472,31,2 7 9 26 103 209,48 108 122 173,1127
8468,880,40,2 7 9 26 103 209 472,2 3 4 7 12 14 24 25 35 102 108 125 152 167 321 416 769,2290
8468,981,44,2 7 9 26 103 209 472 880,1 4 8 21 858,2600
8469,6,4,,1 2 3,2
8470,109,18,,1 2 3 8 25 31 45,238
8470,249,24,109,1 5 7 9 17 52 182 237,550
8470,294,25,109 249,16 22 41 69,681
8471,167,22,,1 2 12 50 55 146,353
8472,1,1,,,0
8472,3,3,1,1 2,1
8472,14,5,1 3,1 2,16
8472,25,8,1 3 14,2,36
8472,80,15,1 3 14 25,3 5 7 17 72,146
8473,1,1,,,0
8473,2,2,1,1,0
8473,5,3,1 2,2 4,1
8473,122,19,1 2 5,3 4 10 30 39 59,273
8474,1,1,,,0
8474,4,2,1,2,0
8474,62,10,1 4,2 5 6 7 10 13 22 23,91
8476,2,1,,,0
8476,14,7,2,1 2 3 4 7 8,17
8476,23,8,2 14,7 16,30
8476,133,21,2 14 23,1 2 3 9 12 17 18,297
8476,167,22,2 14 23 133,1 2 8 19,359
8476,207,23,2 14 23 133 167,2 4 9 13 20 107 113 180,446
8476,247,24,2 14 23 133 167 207,3 4 15,547
8477,2,1,,,0
8477,57,9,2,18 25,83
8477,80,15,2 57,3 12 15 23 71,155
8478,3,2,,1,1
8478,5,3,3,1,2
8478,7,4,3 5,1 5,4
8478,32,8,3 5 7,2 8 14,40
8478,855,39,3 5 7 32,6 8 9 12 18 24 328 446,2190
8479,1,1,,,0
8479,106,18,1,1 2 3 4 6 7 16 28,242
8480,1,1,,,0
8480,5,2,1,1,2
8480,33,8,1 5,4 5 6,40
8480,72,14,1 5 33,3 5 7 17,127
8480,416,30,1 5 33 72,3 6 7 11 52 151 226 365,984
8482,1,1,,,0
8482,8,6,1,1 2 3 4 7,9
8482,27,7,1 8,2 3 5 6 15,29
8482,237,23,1 8 27,1 5 7 9 17 52 182,515
8482,277,24,1 8 27 237,1 2 5 123,629
8482,872,39,1 8 27 237 277,1 2 9 10 22 31 49 51 78 100 171 220 298 530,2275
8483,1,1,,,0
8483,7,5,1,1 2 3 4,8
8483,16,6,1 7,7,19
8484,1,1,,,0
8484,2,2,1,1,0
8484,158,21,1 2,2 3 37,334
8485,1,1,,,0
8485,2,2,1,1,0
8485,4,3,1 2,1 2,1
8485,53,11,1 2 4,4 9,79
8485,55,12,1 2 4 53,25,85
8485,65,13,1 2 4 53 55,2 3 4 6,103
8486,1,1,,,0
8486,4,4,1,1 2 3,2
8486,71,14,1 4,3 12 15 23,130
8486,120,20,1 4 71,1 2 8,255
8486,411,30,1 4 71 120,19 163 313,971
8487,2,2,,1,0
8487,3,3,2,1 2,1
8488,1,1,,,0
8488,2,2,1,1,0
8488,604,33,1 2,2 5 7 12 13 223,1469
8489,1,1,,,0
8489,5,3,1,4,2
8489,26,7,1 5,3 10,28
8489,31,8,1 5 26,1 2 3 13,37
8489,182,22,1 5 26 31,2 3 8 16,375
8490,1,1,,,0
8490,4,2,1,,1
8490,968,44,1 4,2 3 8 26 40 48 268 301 857,2556
8491,64,13,,1 2 3 25,115
8491,77,17,64,2 5 38 76,151
8491,109,19,64 77,2 13,235
8491,256,23,64 77 109,7 26 37 58 68,562
8491,755,36,64 77 109 256,1 3 5 6 10,1938
8492,1,1,,,0
8492,7,3,1,,3
8492,76,16,1 7,2 5 38,149
8492,146,19,1 7 76,1 2 12 50 55,290
8492,198,22,1 7 76 146,1 2 3 6 9 71,420
8492,633,34,1 7 76 146 198,3 4 5 8 23 114,1568
8493,12,4,,,7
8493,25,7,12,2 3 4 5 12,26
8494,1,1,,,0
8494,15,5,1,2 3 5 6,7
8494,43,10,1 15,1 3 11,57
8494,803,38,1 15 43,2 9 13 18 110 196 234,2045
8495,1,1,,,0
8495,2,2,1,,0
8495,158,21,1 2,1 2 3 4 10 12 17 23 27 37 49 53 58,325
8496,14,6,,2 8,9
8496,145,19,14,1 3 4 6 12 32 85,291
8496,155,20,14 145,1 2 57 71,312
8496,682,35,14 145 155,2 3 5 64 76 414,1733
8497,17,6,,1 2 5,14
8497,101,18,17,13 30,220
8497,227,22,17 101,1 2 3 5 7 8 219,485
8497,573,32,17 101 227,3 64,1389
8498,5,3,,1 3,1
8498,51,12,5,1 5 25,75
8499,1,1,,,0
8499,250,23,1,1 2 3 4 7 9 13 14 28 169,552
8500,3,2,,1,0
8500,262,24,3,1 8 12,583
8500,352,28,3 262,9 98 123 147,816
8502,1,1,,,0
8502,8,5,1,2,5
8502,21,7,1 8,4 8,24
8502,58,15,1 8 21,2 3 4 22 25 32 51,111
8502,339,27,1 8 21 58,3 17,769
8502,384,29,1 8 21 58 339,2 12 14 26 46,876
8502,463,31,1 8 21 58 339 384,1 3 4 41,1106
8503,6,4,,2 3 5,1
8503,180,18,6,2 4 9 13 20 107 113,374
8503,450,30,6 180,1 2 3 4 5 15 21 39 127 349 381 399 424,1051
8504,5,3,,2 3,1
8504,25,7,5,3,28
8504,37,11,5 25,7,54
8504,72,16,5 25 37,3 5 6 9 31 38,143
8504,74,17,5 25 37 72,2 3 5 9 11,152
8505,1,1,,,0
8505,10,4,1,3,9
8505,219,21,1 10,1 2 3 5 7 8,468
8505,282,25,1 10 219,1 9 36 161,633
8505,501,30,1 10 219 282,2 3 8 13,1206
8506,3,2,,2,0
8506,12,6,3,2 3 4 5,10
8506,33,10,3 12,1 10 15,45
8506,45,11,3 12 33,2 3 5 7 9,68
8507,2,1,,,0
8507,6,3,2,4 5,1
8507,13,6,2 6,1 2 3,12
8507,590,33,2 6 13,1 2 6 167 210 225 437,1420
8507,641,34,2 6 13 590,2 4 5 7 13 43 85 525,1572
8508,2,1,,,0
8508,5,2,2,4,0
8508,61,15,2 5,2 11 13,120
8509,4,1,,,0
8509,5,3,4,1 2,0
8509,25,7,4 5,18,22
8509,51,14,4 5 25,2 3 4 22 25 32,93
8510,15,6,,9,14
8510,35,10,15,1 2 4 10 29,41
8510,44,11,15 35,2 3 6,73
8512,2,2,,1,0
8512,3,3,2,,1
8512,18,6,2 3,3 6,15
8512,414,29,2 3 18,7 8 9 13 47,952
8512,884,41,2 3 18 414,1 11 108 302 516 766,2311
8513,1,1,,,0
8513,5,5,1,2 3 4,1
8513,23,9,1 5,2 5 6 7 10 13 22,18
8513,33,10,1 5 23,2 3 7,40
8513,119,16,1 5 23 33,1 2 3 9,233
8514,4,4,,2 3,1
8514,22,8,4,2 5 6 7 10 13,17
8515,3,3,,2,1
8515,8,4,3,4,5
8515,25,9,3 8,,29
8516,1,1,,,0
8516,2,2,1,,0
8516,9,4,1 2,,5
8516,18,5,1 2 9,,10
8516,29,9,1 2 9 18,1 2 4 10,26
8516,37,10,1 2 9 18 29,1 2 5 14 15,50
8516,696,34,1 2 9 18 29 37,11 115 352 430 452,1734
8517,3,3,,1 2,0
8517,342,28,3,2 9 18 22 48,772
8518,2,2,,1,0
8519,1,1,,,0
8519,4,2,1,,0
8519,62,15,1 4,1 2 3 4 20 24 27 39,123
8519,133,16,1 4 62,1 2 5 6 18,257
8519,326,27,1 4 62 133,1 11 15 21 51 130 302,727
8519,515,30,1 4 62 133 326,1 10 17 27 34 49 63,1235
8519,960,44,1 4 62 133 326 515,1 2 9 51 187 293,2508
8522,153,16,,2 5 7 16 59,303
8523,1,1,,,0
8523,13,7,1,2 5 6 7 10,6
8523,39,14,1 13,1 2 5 9,72
8523,603,33,1 13 39,1 2 156 557,1481
8523,788,38,1 13 39 603,3 95 112 277 459 563,1983
8524,6,3,,3,2
8524,15,8,6,1 10,15
8524,25,9,6 15,1 5,26
8526,1,1,,,0
8526,3,2,1,,0
8526,10,6,1 3,2 5 6 7,3
8526,11,7,1 3 10,1 3,7
8526,63,15,1 3 10 11,2 4 21 31,140
8526,284,26,1 3 10 11 63,3 14,610
8527,3,1,,,0
8528,32,13,,2 3 4 22 25,58
8529,7,5,,2 5 6,2
8529,9,6,7,4,7
8529,10,7,7 9,1,8
8529,424,29,7 9 10,1 2 3 4 5 15 21 39 127 349 381 399,979
8529,543,32,7 9 10 424,2 5 9 24,1304
8529,755,37,7 9 10 424 543,1 2 22 28 50 113 143 689,1901
8530,6,4,,2 5,2
8530,25,10,6,1 2 3,40
8530,38,14,6 25,2 5,71
8530,966,44,6 25 38,1 26 143,2517
8531,1,1,,,0
8531,5,3,1,2,1
8531,149,16,1 5,1 6 85,299
8531,295,26,1 5 149,1 2 5 129 268 274,645
8531,365,27,1 5 149 295,3 6 7 11 52 151 226,836
8533,238,24,,6 9 16 20 31 44 116,527
8534,1,1,,,0
8534,2,2,1,,0
8534,3,3,1 2,1,0
8534,4,4,1 2 3,,1
8534,7,5,1 2 3 4,,2
8534,23,10,1 2 3 4 7,3 12 15,36
8534,45,14,1 2 3 4 7 23,1 2 3 8 25 31,90
8534,85,15,1 2 3 4 7 23 45,27 83,176
8534,218,23,1 2 3 4 7 23 45 85,1 4 8 48 49,477
8535,10,4,,1 2 4,2
8535,17,8,10,3 5 7,20
8535,24,11,10 17,2 9 19 23,38
8535,25,12,10 17 24,2 3 4 22,42
8535,31,13,10 17 24 25,1 14 15,55
8535,296,26,10 17 24 25 31,1 2 6 7 24 85 226,640
8535,742,36,10 17 24 25 31 296,1 2 7 14 148 316,1862
8536,1,1,,,0
8536,23,10,1,2 9 19,37
8536,59,12,1 23,3 4 10 30 39,122
8536,83,14,1 23 59,27,168
8536,842,40,1 23 59 83,1 2 20 37 54 138,2173
8537,182,20,,1 5 7 9 17 52,368
8538,1,1,,,0
8538,15,9,1,1 2 5 14,21
8538,22,10,1 15,2 3 4,38
8538,38,11,1 15 22,3 5 6 9 31,66
8538,244,24,1 15 22 38,1 3 4 6 8 15 27 53 71 185,528
8538,258,25,1 15 22 38 244,1 3 11 13 33 68 188,556
8538,536,32,1 15 22 38 244 258,2 6 21 105 200 474,1278
8539,7,4,,2 3,3
8539,14,8,7,1 2 5,20
8539,38,10,7 14,16 18,69
8540,19,9,,2 9,33
8540,44,11,19,2 6 7 26,94
8541,4,3,,1 2,0
8541,136,14,4,2 35 47,260
8542,9,7,,2 3 5 7,11
8542,15,8,9,3 12,27
8542,39,10,9 15,1 2 3 4 20 24 27,78
8542,74,13,9 15 39,2 3 4 7 29 43 62,147
8543,2,2,,1,0
8543,3,3,2,2,1
8543,148,18,2 3,1 2 3 7 113,297
8543,302,25,2 3 148,1 11 15 21 51 130,661
8544,1,1,,,0
8544,2,2,1,,0
8544,5,3,1 2,1,1
8544,6,5,1 2 5,2 3 4,2
8544,7,6,1 2 5 6,2 3 5,5
8544,29,9,1 2 5 6 7,1 4 5,49
8544,197,21,1 2 5 6 7 29,1 2 3 16 22 25 63 88 179,393
8544,899,43,1 2 5 6 7 29 197,2 5 16 22 24 38 57 530 856 897,2324
8545,7,6,,3 5,8
8545,12,7,7,3,19
8545,31,9,7 12,3 5 6 9,50
8546,4,4,,2 3,2
8546,5,5,4,2 3,4
8546,897,42,4 5,2 5 16 22 24 38 57 530 856,2319
8547,1,1,,,0
8547,3,3,1,2,1
8547,5,4,1 3,3,4
8547,417,29,1 3 5,1 2 3 4 14 22 25 83 84 110,954
8548,1,1,,,0
8548,2,2,1,,0
8548,3,3,1 2,2,0
8548,5,4,1 2 3,1 2,2
8548,6,5,1 2 3 5,2 3,4
8548,31,9,1 2 3 5 6,1 2 3 8 25,51
8548,158,19,1 2 3 5 6 31,2 4 7 38,301
8548,228,23,1 2 3 5 6 31 158,3 6 19 120,482
8548,481,29,1 2 3 5 6 31 158 228,1 3 5 6 15 19 21 42 78 106 381,1117
8549,2,1,,,0
8549,3,2,2,,0
8549,14,7,2 3,1 2 6 7,18
8549,199,22,2 3 14,1 2 8 25 65 187,404
8550,9,4,,2,9
8550,148,18,9,1 16 20 36 67 89,288
8550,270,22,9 148,2 3 6 7 8 37 115,555
8551,2,2,,1,0
8551,3,3,2,2,1
8551,15,8,2 3,1 14,19
8552,1,1,,,0
8552,2,2,1,,0
8552,3,3,1 2,1 2,0
8552,14,7,1 2 3,1,16
8552,274,23,1 2 3 14,1 2 5 129 268,568
8552,286,24,1 2 3 14 274,2 3 7 60,603
8553,2,2,,1,0
8553,9,5,2,1 2 5,7
8553,375,25,2 9,6 9 12 130 266,824
8554,1,1,,,0
8554,3,2,1,,0
8554,25,8,1 3,1 2 3 8,36
8554,27,9,1 3 25,1 2 3 4 20 24,40
8554,62,12,1 3 25 27,2 3 4 7 29 43,108
8554,399,28,1 3 25 27 62,1 2 3 4 5 15 21 39 127 349 381,882
8556,4,4,,2 3,2
8556,7,6,4,1 2 6,7
8556,13,7,4 7,2 11,13
8556,39,11,4 7 13,3 4 10 30,67
8556,85,12,4 7 13 39,1 3 4 6 12 32,136
8556,762,36,4 7 13 39 85,4 85 183 195 220 261,1875
8557,1,1,,,0
8557,2,2,1,,0
8557,3,3,1 2,2,0
8557,5,4,1 2 3,1 2,1
8557,6,5,1 2 3 5,1 2,3
8557,24,8,1 2 3 5 6,1 2 3 4 20,32
8557,28,9,1 2 3 5 6 24,1 2 3 4 6 7 16,46
8557,151,18,1 2 3 5 6 24 28,3 18 19 34 65 72 92 109,274
8558,2,1,,,0
8558,11,3,2,2,7
8558,26,8,2 11,2 6 7,40
8558,31,10,2 11 26,2 4 21,51
8558,268,22,2 11 26 31,1 2 5 129,544
8559,12,3,,1 2,8
8559,18,7,12,16,18
8560,2,2,,1,0
8560,986,44,2,3 11 44 69 75 139 152 532,2517
8561,1,1,,,0
8561,2,2,1,1,0
8561,16,6,1 2,,15
8561,20,7,1 2 16,1 2 3 4,24
8561,187,21,1 2 16 20,1 2 8 25 65,364
8561,338,24,1 2 16 20 187,2 6 17 86 93,732
8561,711,35,1 2 16 20 187 338,2 71 322 612,1753
8562,1,1,,,0
8562,179,20,1,1 2 3 16 22 25 63 88,334
8563,5,2,,2,1
8565,1,1,,,0
8565,30,10,1,3 4 10,46
8566,2,1,,,0
8566,273,23,2,8 51 262,568
8566,853,41,2 273,1 5 8 13 14 812,2198
8567,2,1,,,0
8567,9,5,2,3 5 6,6
8567,11,6,2 9,2 3 5 9,9
8568,5,4,,1 4,3
8568,21,9,5,2 4,36
8568,30,10,5 21,13,44
8568,323,23,5 21 30,1 2 4 7 106,690
8568,788,39,5 21 30 323,1 2 3 6 7 34 179 324 739,1989
8569,2,2,,1,0
8569,4,3,2,1,2
8569,9,4,2 4,2 3 5,6
8569,16,8,2 4 9,1 2 3 4 6 7,25
8569,119,17,2 4 9 16,2 12 77 96,206
8569,160,19,2 4 9 16 119,1 2 4 25 62 88,303
8569,557,32,2 4 9 16 119 160,1 2 156,1317
8570,1,1,,,0
8570,6,3,1,3 5,2
8570,13,7,1 6,3 6 10,16
8570,113,16,1 6 13,2 4 9 13 20 107,189
8570,488,30,1 6 13 113,1 3 4 15 19 26 70,1106
8571,1,1,,,0
8571,5,2,1,3,1
8571,8,4,1 5,1 2 3,5
8572,1,1,,,0
8572,381,27,1,1 2 3 4 5 15 21 39 127 349,827
8573,3,1,,,0
8573,5,3,3,2 3,0
8573,10,6,3 5,3 6,10
8573,43,10,3 5 10,2 3 4 7 29,61
8575,3,2,,2,0
8575,153,18,3,2 3 10,286
8575,408,28,3 153,35 36 42 126 205 350,916
8576,2,1,,,0
8576,3,3,2,1 2,0
8576,107,15,2 3,2 4 9 13 20,178
8576,944,43,2 3 107,12 162 407 791 843 882,2408
8577,2,2,,1,0
8577,4,4,2,1 2 3,1
8577,6,5,2 4,3,5
8577,7,6,2 4 6,2 6,6
8577,30,7,2 4 6 7,1 9 12,34
8577,262,22,2 4 6 7 30,8 51,534
8578,1,1,,,0
8578,3,3,1,1 2,0
8578,6,4,1 3,2,4
8578,7,6,1 3 6,1 2 3 4 6,5
8578,113,16,1 3 6 7,1 2 3 7,195
8578,329,24,1 3 6 7 113,3 15 27 29 35 52 61 119 167 276,705
8579,2,2,,1,0
8579,6,5,2,1 2 3 4,4
8579,769,37,2 6,2 3 4 7 12 14 24 25 35 102 108 125 152 167 321 416,1904
8580,1,1,,,0
8580,3,2,1,,1
8580,71,11,1 3,1 2 57,96
8580,99,14,1 3 71,2 3 9,157
8580,169,18,1 3 71 99,1 2 3 4 7 9 13 14 28,318
8581,1,1,,,0
8581,4,4,1,1 2 3,1
8582,2,1,,,0
8582,3,3,2,1 2,0
8583,2,2,,1,0
8583,55,10,2,1 2 12 50,62
8583,488,31,2 55,2 5 7 9,1107
8584,1,1,,,0
8584,313,22,1,19 163,667
8585,4,3,,2,1
8585,10,4,4,3 4,4
8585,13,5,4 10,,7
8585,141,17,4 10 13,3 4 5 24 40,251
8585,556,32,4 10 13 141,2 9 10 23,1304
8585,619,33,4 10 13 141 556,1 3 7 9,1489
8585,631,34,4 10 13 141 556 619,2 3 4 7 9 10 98,1514
8587,1,1,,,0
8587,2,2,1,,0
8587,13,3,1 2,2,5
8587,29,9,1 2 13,2 3 4 7,33
8587,135,16,1 2 13 29,1 2 3 18 91,232
8587,248,21,1 2 13 29 135,1 9 14 15,489
8587,856,41,1 2 13 29 135 248,2 5 16 22 24 38 57 530,2167
8588,50,9,,1 2 12,54
8588,630,33,50,2 8 11 58 440,1522
8589,1,1,,,0
8589,3,2,1,,0
8591,4,2,,3,0
8591,12,3,4,3,4
8591,18,8,4 12,1 2 3 9 12 17,17
8591,253,21,4 12 18,1 6 13 14 41 95 121,504
8591,858,41,4 12 18 253,1 4 8 21,2170
8592,3,1,,,0
8592,17,7,3,1 2 3 9 12,16
8592,27,8,3 17,,30
8592,96,15,3 17 27,2 12 77,152
8594,57,9,,1 2,73
8594,197,19,57,1 3 48,387
8595,1,1,,,0
8595,12,5,1,1 9,8
8595,58,13,1 12,1 2 3 4 10 12 17 23 27 37 49 53,78
8595,85,14,1 12 58,1 6,133
8595,689,34,1 12 58 85,1 2 22 28 50 113 143,1671
8597,11,5,,2 3 9,10
8597,12,6,11,1 2 3 9,13
8597,185,18,11 12,1 3 4 6 8 15 27 53 71,361
8598,2,1,,,0
8598,8,3,2,1 2,4
8598,9,4,2 8,1,6
8598,899,42,2 8 9,1 3 14 63 107 274 368 399,2277
8599,9,4,,2 3,7
8599,109,15,9,3 18 19 34 65 72 92,180
8599,270,21,9 109,2 10 11 18 157,558
8600,1,1,,,0
8600,3,2,1,,0
8600,9,4,1 3,1 2 3,7
8600,53,12,1 3 9,1 2 3 4 10 12 17 23 27 37 49,69
8600,474,31,1 3 9 53,2 6 21 105 200,1078
8601,144,16,,2 10 37,261
8601,337,25,144,1 2 4 8 17 25 89 211,707
8601,857,41,144 337,2 3 8 26 40 48 268 301,2172
8603,1,1,,,0
8604,1,1,,,0
8604,2,2,1,1,0
8604,49,11,1 2,1 2 3 4 10 12 17 23 27 37,66
8604,349,26,1 2 49,1 2 3 4 5 15 21 39 127,745
8605,1,1,,,0
8605,3,3,1,2,1
8605,37,7,1 3,2 3,43
8605,226,20,1 3 37,1 2 6 7 24 85,440
8606,1,1,,,0
8606,2,2,1,,0
8606,3,3,1 2,1 2,0
8607,2,2,,1,0
8607,812,40,2,1 5 8 13 14,2073
8608,1,1,,,0
8608,5,4,1,2 4,1
8608,22,6,1 5,1 4 8 16,12
8608,188,19,1 5 22,1 3 11 13 33 68,363
8609,4,3,,2,1
8609,7,5,4,2 3 4,3
8609,32,6,4 7,1 3 4 6 12,28
8609,89,14,4 7 32,1 16 20 36 67,147
8611,1,1,,,0
8611,2,2,1,,0
8611,77,13,1 2,2 12,118
8611,466,31,1 2 77,1 4 23 47 50,1057
8612,4,4,,2 3,1
8613,3,3,,2,1
8613,42,11,3,1 5 6 7 25,59
8613,61,12,3 42,14 43,83
8614,1,1,,,0
8614,2,2,1,,0
8614,16,4,1 2,1 4 8,4
8615,34,8,,1 2 3 7 14 30,32
8616,37,10,,1 2 3 4 10 12 17 23 27,45
8616,59,11,37,2 5 7 16,80
8616,92,14,37 59,3 18 19 34 65 72,145
8616,447,30,37 59 92,2 10 11 20 21 26 389,997
8617,324,25,,2 7 74 121,686
8617,391,28,324,1 3 316,886
8617,630,33,324 391,1 2 3 6 9 30 57 254,1541
8617,739,38,324 391 630,1 2 3 6 7 34 179 324,1845
8619,30,7,,1 2 3 7 14,32
8619,71,12,30,1 2 3 6 9,113
8620,76,12,,1 18 33 36,122
8622,1,1,,,0
8622,8,3,1,1 4,3
8622,34,10,1 8,1 9 16,56
8622,409,29,1 8 34,1 3 9 30 64 234 395,925
8623,1,1,,,0
8623,9,4,1,1 2 3,5
8623,138,17,1 9,1 6 31 44,260
8623,525,32,1 9 138,2 4 5 7 13 43 85,1222
8624,1,1,,,0
8624,19,6,1,1 2 8,23
8626,1,1,,,0
8626,4,2,1,1,0
8626,12,4,1 4,1 2,7
8626,27,9,1 4 12,1 2 3 4 10 12 17 23,35
8626,161,18,1 4 12 27,1 9 36,318
8629,1,1,,,0
8629,3,3,1,1 2,1
8629,10,4,1 3,1 2,7
8629,12,5,1 3 10,1 3 4 6,10
8629,139,17,1 3 10 12,4 6 10 12 13 16 18 80,262
8630,1,1,,,0
8630,2,2,1,1,0
8630,23,8,1 2,1 2 3 4 10 12 17,29
8630,25,9,1 2 23,1 5 6 7,36
8630,47,11,1 2 23 25,2 35,64
8630,766,39,1 2 23 25 47,1 11 108 302 516,1942
8631,1,1,,,0
8631,43,10,1,14,57
8631,67,12,1 43,1 16 20 36,109
8631,82,14,1 43 67,1 2 3 11 35 52,128
8631,91,15,1 43 67 82,1 2 3 18,147
8631,276,23,1 43 67 82 91,3 15 27 29 35 52 61 119 167,584
8633,350,27,,35 36 42 126 205,776
8634,18,7,,1 2 5 6,23
8635,1,1,,,0
8635,6,4,1,1 3 4,6
8635,8,5,1 6,1 2,11
8635,14,6,1 6 8,1 2 3 7,13
8636,1,1,,,0
8636,2,2,1,1,0
8636,17,7,1 2,1 2 3 4 10 12,21
8636,72,13,1 2 17,3 18 19 34 65,111
8636,123,16,1 2 17 72,1 2 5,227
8636,300,24,1 2 17 72 123,3 4 14 101,625
8636,326,26,1 2 17 72 123 300,3 4 6 27,703
8636,395,28,1 2 17 72 123 300 326,1 3 9 30 64 234,886
8636,521,32,1 2 17 72 123 300 326 395,1 25 32 120 494,1228
8637,1,1,,,0
8637,2,2,1,1,0
8637,4,3,1 2,1 3,2
8637,310,24,1 2 4,2 5 11 14 17 36 42 128 192,651
8637,954,42,1 2 4 310,1 6 18 23 29 64 151 456 585,2374
8638,1,1,,,0
8638,3,2,1,1,1
8638,882,41,1 3,12 162 407 791 843,2229
8639,1,1,,,0
8639,3,3,1,2,1
8639,23,9,1 3,6 9 10 20,28
8639,322,25,1 3 23,3 5 10 34 195,688
8640,1,1,,,0
8640,2,2,1,,0
8640,16,8,1 2,1 9,22
8640,78,13,1 2 16,1 2 10,115
8640,461,29,1 2 16 78,2 5 12 13 36,1030
8640,476,30,1 2 16 78 461,2 16 27 31 96,1100
8640,492,31,1 2 16 78 461 476,3 4 6 16 23 404,1141
8640,525,32,1 2 16 78 461 476 492,2 4 6 28 42 108 165,1240
8641,2,2,,1,0
8641,12,6,2,1 2 3 4 10,11
8641,88,13,2 12,1 2 4 25 62,145
8642,1,1,,,0
8642,7,4,1,1 2 3,0
8642,20,8,1 7,6 9 10,21
8642,35,9,1 7 20,2,38
8642,912,41,1 7 20 35,3 4 11 36 72 827,2298
8643,10,5,,1 2 3 4,9
8643,65,12,10,3 18 19 34,93
8643,512,30,10 65,2 4 5 33 37 328,1187
8645,845,40,,2 3 23 24 94 160 418 430 527,2119
8646,3,3,,1 2,0
8646,6,4,3,1 2 5,4
8647,2,2,,1,0
8647,5,3,2,1 2,3
8647,9,7,2 5,1,13
8647,493,29,2 5 9,1 2 6 9 23 34 38 84 87 100,1137
8648,1,1,,,0
8648,7,6,1,1 5 6,8
8648,39,8,1 7,4 8 19,48
8648,262,23,1 7 39,1 5 14 30 76 86,555
8648,381,27,1 7 39 262,1 3 5 6 15 19 21 42 78 106,843
8648,717,38,1 7 39 262 381,10 19 99 116 481 573,1776
8649,2,2,,1,0
8649,4,4,2,1 2 3,3
8649,6,5,2 4,1 5,6
8650,1,1,,,0
8650,2,2,1,1,0
8650,3,3,1 2,1 2,1
8650,5,4,1 2 3,1,3
8650,638,34,1 2 3 5,2 3 20 35 245,1529
8651,1,1,,,0
8651,2,2,1,1,0
8651,579,32,1 2,1 2 6 13 96 344 578,1388
8652,1,1,,,0
8652,10,4,1,6 9,3
8652,578,31,1 10,1 2 6 13 96 344,1386
8653,9,3,,6,3
8653,83,14,9,1 9 14 26 81,126
8653,88,15,9 83,1 2 3 16 22 25 63,132
8653,668,35,9 83 88,1 2 5 44 69 97 405,1596
8654,1,1,,,0
8655,1,1,,,0
8655,16,5,1,2 3 8,6
8655,42,11,1 16,7 28 29 35,55
8655,81,13,1 16 42,1 9 14 26,122
8655,116,16,1 16 42 81,6 9 16 20 31 44,208
8655,605,33,1 16 42 81 116,1 2 8 10 117 385,1451
8656,6,2,,,1
8656,56,12,6,2 24,72
8656,120,17,6 56,3 6 19,219
8659,16,6,,2 5 7,10
8659,290,24,16,2 20 21 56 115,609
8660,1,1,,,0
8660,14,5,1,,8
8660,36,9,1 14,1 18 33,47
8660,203,18,1 14 36,2 3 4 5 28 97 138,405
8660,437,28,1 14 36 203,1 2 6 167 210 225,974
8660,612,33,1 14 36 203 437,2 71 322,1476
8661,52,12,,1 2 3 11 35,70
8661,95,14,52,2 7,169
8661,998,43,52 95,1 6 19 26 277 316 388 778 860,2436
8662,1,1,,,0
8662,35,10,1,7 28 29,49
8662,36,11,1 35,1 16 20,52
8662,266,23,1 35 36,6 9 12 130,548
8663,8,4,,2 3,3
8663,20,7,8,2 4 9 13,19
8663,33,8,8 20,1 18,44
8663,494,28,8 20 33,1 25 32 120,1151
8667,1,1,,,0
8667,11,5,1,1 2 6,9
8667,52,11,1 11,1 5 7 9 17,71
8667,62,12,1 11 52,1 2 4 25,99
8668,1,1,,,0
8668,3,3,1,2,1
8668,7,4,1 3,2 5,3
8668,19,7,1 3 7,4 8,21
8668,29,9,1 3 7 19,7 28,40
8668,38,10,1 3 7 19 29,2 4 7,47
8669,1,1,,,0
8669,2,2,1,,0
8669,20,7,1 2,2 8 17,23
8669,28,8,1 2 20,7,37
8670,5,2,,2,1
8670,9,4,5,2 3,6
8670,13,6,5 9,2 4 9,10
8670,226,21,5 9 13,3 6 7 11 52 151,462
8672,1,1,,,0
8672,6,3,1,1 2,2
8672,17,6,1 6,2 8,18
8673,2,1,,,0
8674,6,4,,1,5
8674,9,5,6,2 4,6
8674,34,8,6 9,3 18 19,37
8674,389,27,6 9 34,2 10 11 20 21 26,852
8674,693,38,6 9 34 389,3 15 40,1710
8675,2,1,,,0
8675,69,11,2,1 2 9 29,101
8676,2,2,,1,0
8676,3,3,2,2,1
8676,12,4,2 3,2,10
8677,1,1,,,0
8677,2,2,1,,0
8677,330,26,1 2,2 3 8 10 32 70 73 100 227,729
8677,672,37,1 2 330,2 4 6 19 20 109 225 335 591,1650
8677,843,40,1 2 330 672,12 162 407 791,2112
8678,18,6,,1,20
8678,20,7,18,1 16,22
8678,35,8,18 20,1 2 3 11,34
8678,63,10,18 20 35,1 2 3 16 22 25,81
8679,1,1,,,0
8679,4,2,1,2,0
8679,8,3,1 4,4,4
8679,68,13,1 4 8,7 26 37 58,97
8679,211,20,1 4 8 68,2 3 4 8 12 13 26 35 147,412
8681,2,1,,,0
8681,8,3,2,2,5
8681,9,5,2 8,1 2 3 6,6
8681,100,17,2 8 9,1 3 18,169
8682,16,6,,1,16
8683,1,1,,,0
8683,4,2,1,,2
8683,65,13,1 4,1 2 8 25,95
8683,771,39,1 4 65,1 2 4 12 264,1934
8684,1,1,,,0
8684,6,4,1,1 2 3,3
8684,7,5,1 6,1 2 3,6
8685,1,1,,,0
8685,90,16,1,3 4 8 21 22,151
8686,2,1,,,0
8686,40,9,2,3 4 5 24,48
8686,315,25,2 40,1 2 3 7 18,686
8687,2,1,,,0
8687,3,3,2,1 2,0
8687,134,16,2 3,20,232
8688,2,2,,1,0
8688,3,3,2,1 2,1
8688,24,6,2 3,2,14
8688,80,15,2 3 24,4 6 10 12 13 16 18,123
8689,1,1,,,0
8689,2,2,1,1,0
8689,19,5,1 2,3 18,9
8689,58,12,1 2 19,7 26 37,77
8689,122,15,1 2 19 58,1 2 4 5 12 40,194
8690,1,1,,,0
8690,7,2,1,,1
8690,18,4,1 7,3,7
8692,316,25,,1 3,698
8695,1,1,,,0
8695,69,14,1,16 22 41,111
8696,121,14,,1 6,201
8697,1,1,,,0
8697,129,15,1,1 2 5,228
8697,238,23,1 129,2 3 8 21 46 129,475
8697,703,38,1 129 238,3 4 5 13 29 60 78 133 136,1784
8698,1,1,,,0
8699,7,3,,2 4,1
8702,1,1,,,0
8702,4,2,1,2,0
8702,11,4,1 4,1 2 3,3
8702,17,6,1 4 11,1 5 7 9,10
8702,24,8,1 4 11 17,3 4 5,29
8703,49,13,,1 4 8 48,84
8704,2,1,,,0
8704,18,6,2,1 2 3,15
8704,25,8,2 18,1 2 4,33
8704,48,12,2 18 25,1 4 8,81
8704,633,35,2 18 25 48,2 3 7 32 47 152 255 287,1521
8705,3,1,,,0
8705,115,14,3,2 3 6 7 8 37,196
8705,147,16,3 115,9 98 123,290
8708,10,4,,1 2,5
8708,15,6,10,3 4,16
8708,37,11,10 15,2 10,55
8708,660,37,10 15 37,2 5 61 159 174 257 269,1638
8710,2,1,,,0
8710,3,3,2,1 2,0
8710,9,5,2 3,1 5 7,5
8710,26,8,2 3 9,1 9 14,32
8710,37,11,2 3 9 26,7 26,54
8711,2,2,,1,0
8711,71,13,2,1 3 4 6 8 15 27 53,123
8711,121,14,2 71,3 8 22 47 65,217
8711,636,36,2 71 121,1 4 5 10 67 115 117 240 620,1550
8711,952,43,2 71 121 636,13 17 28 370,2327
8712,1,1,,,0
8712,7,4,1,1 5,3
8712,157,17,1 7,2 10 11 18,311
8713,1,1,,,0
8713,274,24,1,2 13 248,596
8714,5,3,,1,2
8715,29,10,,1 2 9,42
8715,130,15,29,1 11 15 21 51,245
8716,2,2,,1,0
8716,8,7,2,1 2 3 5 7,9
8716,25,8,2 8,1 2 3 16 22,29
8716,27,9,2 8 25,4 5 12 19,34
8717,1,1,,,0
8717,7,6,1,1 2 3 5,8
8717,44,11,1 7,1 6 31,69
8718,1,1,,,0
8718,10,6,1,2 3,14
8719,1,1,,,0
8719,3,3,1,1 2,1
8719,4,4,1 3,3,3
8719,5,5,1 3 4,1 2 3,4
8719,22,6,1 3 4 5,1 2 3 16,21
8720,1,1,,,0
8720,2,2,1,1,0
8720,3,3,1 2,,1
8721,1,1,,,0
8721,3,3,1,1 2,0
8721,5,4,1 3,3 4,2
8721,26,7,1 3 5,7,29
8721,28,9,1 3 5 26,1 2 3 4 7 9 13 14,34
8721,48,12,1 3 5 26 28,2 5 20 29 39,71
8721,801,40,1 3 5 26 28 48,1 19 146 245 405,2007
8722,2,2,,1,0
8722,4,3,2,3,1
8722,14,4,2 4,1 9,9
8722,351,25,2 4 14,2 12 37 57,774
8722,887,41,2 4 14 351,7 17 20 37 162 450,2171
8722,919,42,2 4 14 351 887,3 8 11 12 47 57 64 125 131 762,2217
8723,1,1,,,0
8723,3,2,1,,0
8723,25,7,1 3,1 2 8,25
8723,41,11,1 3 25,16 22,55
8723,121,14,1 3 25 41,1 6 13 14 41 95,208
8723,484,30,1 3 25 41 121,1 2 3 4 29 241,1140
8724,19,6,,4 5 12,14
8724,657,37,19,1 13 14 37 139 226 616,1633
8725,3,2,,2,0
8725,4,3,3,1 2,1
8725,16,4,3 4,1 2 3,8
8725,25,10,3 4 16,2 24,32
8725,138,16,3 4 16 25,2 3 4 5 28 97,255
8726,2,1,,,0
8726,24,9,2,2,31
8726,264,24,2 24,1 20 42 52 76 146 161,565
8727,2,2,,1,0
8727,9,3,2,1,3
8727,44,11,2 9,6 9 16 20 31,60
8727,211,23,2 9 44,1 2 4 8 17 25 89,411
8727,620,35,2 9 44 211,1 4 5 10 67 115 117 240,1496
8727,827,40,2 9 44 211 620,3 4 11 36 72,2064
8728,1,1,,,0
8728,68,12,1,1 3 11 13 33,101
8728,404,26,1 68,3 4 6 16 23,921
8729,1,1,,,0
8729,53,11,1,1 3 4 6 8 15 27,76
8729,123,15,1 53,9 98,228
8729,670,37,1 53 123,2 4 11 13 44 76 101 104 163 198 254 466,1680
8729,791,39,1 53 123 670,12 162 407,1971
8730,31,9,,1 6,37
8730,39,10,31,2 5 20 29,52
8730,962,40,31 39,1 2 4 7 21 326,2327
8731,12,5,,4 5,6
8734,1,1,,,0
8734,163,21,1,19,326
8735,1,1,,,0
8735,9,5,1,1 2,6
8735,10,6,1 9,2,8
8735,14,8,1 9 10,1 2 3 4 7 9 13,14
8735,80,11,1 9 10 14,1 2 11 49,115
8736,13,7,,1 2 3 4 7 9,14
8738,3,3,,1 2,1
8738,5,4,3,4,3
8739,1,1,,,0
8739,2,2,1,1,0
8739,4,3,1 2,,1
8739,248,23,1 2 4,2 13,529
8740,1,1,,,0
8740,7,3,1,,4
8740,8,4,1 7,1 2,4
8740,9,6,1 7 8,1 2 3 4 7,6
8740,29,9,1 7 8 9,2 5 20,36
8740,31,10,1 7 8 9 29,6 9 16 20,39
8740,125,16,1 7 8 9 29 31,1 5,230
8740,167,22,1 7 8 9 29 31 125,3 15 27 29 35 52 61 119,330
8742,2,2,,1,0
8742,7,5,2,1 2 3 4,5
8742,22,7,2 7,16,25
8742,494,32,2 7 22,2 3 4 15 18 39 47 101 262,1187
8743,1,1,,,0
8743,2,2,1,,0
8743,48,10,1 2,1 3,67
8743,147,19,1 2 48,2 3 4 8 12 13 26 35,269
8744,8,5,,1 4,8
8745,1,1,,,0
8745,4,4,1,1 2 3,2
8745,151,20,1 4,3 6 7 11 52,292
8745,159,21,1 4 151,1 2 7 66,307
8746,2,2,,1,0
8746,3,3,2,1 2,1
8746,85,13,2 3,1 2 6 7 24,130
8747,1,1,,,0
8747,2,2,1,1,0
8748,1,1,,,0
8748,2,2,1,,0
8748,4,3,1 2,1,0
8748,16,6,1 2 4,,13
8748,74,12,1 2 4 16,2 3 6 8 22 30 31 49,106
8748,211,22,1 2 4 16 74,3 8 22 31 32 37,417
8748,563,34,1 2 4 16 74 211,3 95 112 277 459,1330
8749,7,3,,2,2
8749,20,8,7,2 5,19
8749,95,13,7 20,1 6 13 14 41,152
8750,12,5,,1 8,8
8750,18,7,12,4 6 10 12 13 16,11
8751,1,1,,,0
8751,20,7,1,6 9 16,18
8751,36,9,1 20,1 9,46
8752,16,6,,4 6 10 12 13,10
8753,22,8,,3 4 8 21,21
8753,745,38,22,2 5 6 20 24 44 109 126 162 466,1858
8754,1,1,,,0
8754,2,2,1,,0
8754,5,3,1 2,1 2,0
8754,8,4,1 2 5,1,4
8754,21,7,1 2 5 8,3 4 8,17
8754,98,14,1 2 5 8 21,9,173
8754,759,38,1 2 5 8 21 98,2 5 7 41 146 177 421 466,1882
8755,6,3,,1,2
8755,13,5,6,4 6 10 12,5
8755,16,6,6 13,6 9,11
8755,27,7,6 13 16,1 3 4 6 8 15,24
8755,192,21,6 13 16 27,2 5 11 14 17 36 42 128,363
8755,435,29,6 13 16 27 192,7 9 140 265 397,1017
8756,12,4,,4 6 10,5
8757,2,2,,1,0
8757,19,4,2,3 6,15
8758,1,1,,,0
8758,10,3,1,4 6,3
8758,591,35,1 10,2 4 6 19 20 109 225 335,1437
8760,1,1,,,0
8760,330,25,1,4 65 174,704
8760,452,30,1 330,11 115 352 430,1051
8761,1,1,,,0
8761,118,16,1,2 3 5 6 35 82,196
8761,156,20,1 118,1 2 3 45,299
8761,306,24,1 118 156,3 6 9 53 61 86,654
8761,390,25,1 118 156 306,37 125 171 230,881
8762,1,1,,,0
8762,6,2,1,4,0
8762,9,3,1 6,6,3
8762,614,36,1 6 9,1 4 5 31 33 35 473,1505
8763,18,4,,1 3,11
8763,33,7,18,1 3 11 13,33
8763,99,15,18 33,2 3 52,169
8764,4,1,,,0
8764,5,2,4,2,0
8764,414,28,4 5,2 3 5 64 76,970
8765,6,2,,,1
8765,616,36,6,1 13 14 37 139 226,1517
8766,49,7,,1 2 11,53
8766,97,15,49,2 3 4 5 28,168
8766,195,21,49 97,3 5 10 34,382
8766,774,39,49 97 195,2 21 62 81 196 749,1908
8767,2,1,,,0
8767,8,3,2,3 4,1
8767,15,6,2 8,1 3 4 6 8,8
8767,65,12,2 8 15,3 8 22 47,91
8767,81,13,2 8 15 65,1 2 14 18 22 28,131
8767,173,20,2 8 15 65 81,48 108 122,323
8767,413,28,2 8 15 65 81 173,1 2 3 6 13 130,965
8767,635,37,2 8 15 65 81 173 413,1 3 11 13 25 56 78 511 514,1593
8770,6,3,,3,3
8770,987,43,6,1 2 5 38 122,2428
8771,1,1,,,0
8771,4,2,1,3,0
8771,40,6,1 4,1 2 4 5 12,40
8771,224,22,1 4 40,1 2 46 47 118 138,468
8772,3,1,,,0
8773,3,1,,,0
8773,49,11,3,2 3 6 8 22 30 31,63
8774,8,5,,1 3 4 6,3
8775,118,19,,1 2 5 31 32 36 111,222
8776,1,1,,,0
8776,6,4,1,1 3 4,2
8776,7,5,1 6,1 2 3,5
8778,3,2,,1,0
8778,4,3,3,1 3,1
8778,9,4,3 4,1,7
8778,60,12,3 4 9,2 3 7,93
8778,109,18,3 4 9 60,1 2 30 43,191
8778,188,19,3 4 9 60 109,2 9 24 58 64,381
8778,205,20,3 4 9 60 109 188,35 36 42 126,423
8778,440,30,3 4 9 60 109 188 205,2 8 11 58,1033
8779,3,2,,1,1
8780,1,1,,,0
8780,3,3,1,1 2,1
8780,227,23,1 3,2 3 8 10 32 70 73 100,481
8781,1,1,,,0
8781,2,2,1,1,0
8782,1,1,,,0
8782,111,18,1,1 2 5 31 32 36,208
8782,207,20,1 111,1 15 41,430
8782,430,29,1 111 207,11 115 352,997
8782,769,39,1 111 207 430,3 19,1903
8782,943,42,1 111 207 430 769,1 2 7 10 12 34 218 918,2287
8783,1,1,,,0
8783,13,4,1,1 3 11,8
8783,37,8,1 13,2 3 6 7 8,41
8783,100,17,1 13 37,1 2 7 9 15 19 73 89,163
8785,11,3,,1 3,8
8785,47,11,11,3 8 22,67
8785,106,17,11 47,1 2 4 7,192
8785,529,34,11 47 106,1 3 13 18 32 51 69 283,1242
8786,1,1,,,0
8788,1,1,,,0
8788,3,2,1,1,0
8788,51,11,1 3,8,82
8788,119,17,1 3 51,3 15 27 29 35 52 61,229
8790,1,1,,,0
8790,65,14,1,1 7 14,118
8791,1,1,,,0
8791,14,4,1,2 12,8
8791,31,10,1 14,2 3 6 8 22 30,40
8791,749,38,1 14 31,2 21 62 81 196,1851
8791,835,39,1 14 31 749,1 3 13 16 110 241 264 607,1996
8792,1,1,,,0
8792,30,9,1,2 3 6 8 22,39
8792,573,35,1 30,10 19 99 116 481,1402
8793,1,1,,,0
8793,3,2,1,1,1
8793,12,3,1 3,2,5
8793,56,13,1 3 12,2 4 20 36,98
8793,397,28,1 3 12 56,7 9 140 265,933
8794,1,1,,,0
8794,51,11,1,1 11 15 21,81
8794,89,16,1 51,1 2 7 9 15 19 73,144
8795,1,1,,,0
8795,23,7,1,1 2 5 10 15,21
8796,14,4,,3,8
8796,306,24,14,2 3 6 7 16 77 120 256,656
8797,1,1,,,0
8797,82,15,1,2 3 5 6 35,133
8797,234,23,1 82,1 3 9 30 64,496
8798,10,3,,1 5,3
8798,130,17,10,6 9 12,242
8798,248,23,10 130,3 26 107,530
8798,589,36,10 130 248,1 2 4 5 20 282 546 550,1456
8799,1,1,,,0
8799,12,5,1,1 2 4 5,6
8799,860,39,1 12,1 6 19 26 277 316 388 778,2057
8800,1,1,,,0
8800,22,8,1,2 3 6 8,27
8800,85,16,1 22,1 3 6 16,141
8801,20,7,,,26
8803,2,1,,,0
8803,5,2,2,1,0
8803,15,6,2 5,1 2 5 10,13
8803,41,10,2 5 15,1 6 13 14,63
8804,11,5,,1 2,8
8804,33,9,11,1 2 7 8 10 11 27,47
8804,42,10,11 33,2 3 6 11,69
8806,5,4,,1 2 4,3
8806,93,16,5,2 6 17 86,175
8806,129,17,5 93,2 3 8 21 46,232
8807,1,1,,,0
8807,3,2,1,,1
8807,4,3,1 3,1 2,1
8807,24,7,1 3 4,1 2 6 7,31
8807,43,13,1 3 4 24,1 2 5 7,78
8807,918,41,1 3 4 24 43,1 2 7 10 12 34 218,2223
8808,1,1,,,0
8808,10,4,1,1 2 5,7
8809,2,2,,1,0
8809,915,40,2,5 11 41 56 81 98 155 216,2211
8810,1,1,,,0
8810,22,7,1,3 8,31
8810,27,8,1 22,1 2 7 8 10 11,37
8810,52,14,1 22 27,2 3,88
8810,73,15,1 22 27 52,1 2 7 9 15 19,113
8811,1,1,,,0
8811,6,3,1,1,2
8811,48,13,1 6,2 9 18 22,80
8812,8,6,,2 3 6 7,7
8812,252,23,8,1 2 8 26 31 33 50 145 166,527
8813,2,2,,1,0
8813,5,3,2,1 2,2
8813,7,5,2 5,2 3 6,5
8813,36,12,2 5 7,2 4 20,62
8813,86,13,2 5 7 36,2 6 17,154
8814,1,1,,,0
8814,6,4,1,2 3,4
8814,8,5,1 6,2 3 6,6
8816,1,1,,,0
8816,2,2,1,1,0
8816,6,4,1 2,2 3,4
8816,637,37,1 2 6,2 5 15 18 40 173 290 391 456,1576
8817,1,1,,,0
8817,3,3,1,2,1
8817,10,4,1 3,1 2 3,9
8818,1,1,,,0
8818,2,2,1,,0
8818,122,16,1 2,48 108,217
8818,351,27,1 2 122,2 4 5 9,815
8818,448,32,1 2 122 351,1 2 384,1062
8819,3,2,,2,0
8819,128,17,3,2 5 11 14 17 36 42,229
8820,2,1,,,0
8820,5,2,2,4,0
8820,15,7,2 5,1 9 14,13
8820,28,11,2 5 15,1 2 14 18 22,41
8820,121,16,2 5 15 28,2 7 74,214
8820,760,38,2 5 15 28 121,3 4 5 6 17 23 451,1837
8821,4,1,,,0
8821,5,3,4,1 2,0
8821,14,6,4 5,1 9,11
8824,2,2,,1,0
8824,3,3,2,1 2,1
8824,7,4,2 3,1 2 6,3
8824,8,5,2 3 7,3,6
8824,17,7,2 3 7 8,3,19
8824,21,9,2 3 7 8 17,1 11 15,25
8824,86,15,2 3 7 8 17 21,1 5 14 30 76,155
8824,530,34,2 3 7 8 17 21 86,1 2 9 10 22 31 49 51 78 100 171 220 298,1280
8825,1,1,,,0
8825,2,2,1,1,0
8825,6,3,1 2,1 2,1
8825,173,22,1 2 6,1 2 4 13 17 61,348
8826,1,1,,,0
8826,9,4,1,1,3
8826,11,6,1 9,1 2 7 8 10,4
8826,22,10,1 9 11,1 2 14 18,26
8826,127,16,1 9 11 22,1 2 3 4 5 15 21 39,220
8826,847,39,1 9 11 22 127,1 2 7 8 24 301 652 818,2004
8827,10,5,,1 2 7 8,4
8827,328,25,10,2 4 5 33 37,729
8829,2,2,,1,0
8829,3,3,2,,1
8829,8,4,2 3,1 2 7,2
8829,20,10,2 3 8,2 4,26
8829,161,21,2 3 8 20,1 20 42 52 76 146,320
8830,1,1,,,0
8830,7,3,1,1 2,1
8830,14,7,1 7,1 6 13,9
8830,15,8,1 7 14,1 11,12
8830,18,9,1 7 14 15,1 2 14,18
8831,7,4,,2 3,3
8831,8,5,7,,5
8831,13,6,7 8,1 6,7
8832,108,15,,48,182
8832,826,38,108,1 4 31 73 76 115 167,1953
8834,1,1,,,0
8834,11,4,1,1,8
8834,14,6,1 11,1 2,13
8834,76,14,1 11 14,1 5 14 30,132
8834,115,15,1 11 14 76,2 20 21 56,196
8835,2,2,,1,0
8835,3,3,2,2,1
8835,11,5,2 3,2 3 6,7
8835,28,10,2 3 11,2 3 4 5,31
8835,101,14,2 3 11 28,3 4 14,161
8836,1,1,,,0
8836,2,2,1,,0
8836,208,21,1 2,1 21,424
8837,22,9,,2 9 18,22
8837,281,24,22,4 14 26 88,614
8837,550,35,22 281,1 2 4 5 20 282 546,1345
8838,3,1,,,0
8838,6,2,3,1,1
8838,66,13,3 6,1 2 7,104
8840,6,4,,2 3,3
8840,46,9,6,2 12 14 26,57
8840,671,37,6 46,6 14 31 57 83 198 436 495,1640
8841,1,1,,,0
8841,14,7,1,1 7,14
8841,18,8,1 14,2 9,17
8841,546,34,1 14 18,1 2 4 5 20 282,1337
8843,1,1,,,0
8843,3,3,1,2,1
8843,7,5,1 3,1 2 5,6
8843,9,6,1 3 7,,10
8844,1,1,,,0
8844,2,2,1,,0
8844,35,7,1 2,2 3 5 6,32
8844,43,9,1 2 35,1 2 30,51
8844,52,11,1 2 35 43,3 6 7 11,78
8844,59,12,1 2 35 43 52,1 58,87
8844,146,20,1 2 35 43 52 59,1 20 42 52 76,280
8845,4,3,,2,2
8845,5,4,4,1 2,3
8845,58,11,4 5,1,85
8846,2,2,,1,0
8846,61,12,2,3 15 27 29 35 52,95
8846,121,17,2 61,1 2 10 39 42 68,221
8846,256,23,2 61 121,2 3 6 7 16 77 120,519
8846,389,31,2 61 121 256,1 7 11 76 91 255 270,901
8847,1,1,,,0
8847,2,2,1,,0
8848,2,2,,1,0
8848,7,3,2,1,2
8848,397,31,2 7,1 3 7 11 12 49 117 294,918
8848,542,34,2 7 397,3 8 19 20 37 43 86,1320
8849,1,1,,,0
8849,89,12,1,1 2 4 8 17 25,134
8850,1,1,,,0
8850,9,3,1,2,2
8850,16,6,1 9,1 2 5 15,12
8851,15,5,,1 2 5,12
8851,18,6,15,2 10 11,16
8852,459,33,,3 95 112 277,1058
8854,1,1,,,0
8854,110,15,1,1 2 3 4 14 22 25 83 84,190
8855,35,9,,2 3 4 8 12 13 26,41
8855,52,11,35,3 15 27 29 35,83
8855,818,38,35 52,1 2 7 8 24 301 652,1924
8857,1,1,,,0
8857,2,2,1,,0
8857,30,8,1 2,1 2,35
8857,36,10,1 2 30,1 2 5 31 32,54
8857,126,19,1 2 30 36,35 36 42,238
8857,138,20,1 2 30 36 126,1 2 46 47 118,264
8857,193,21,1 2 30 36 126 138,1 2 3,382
8857,446,32,1 2 30 36 126 138 193,1 2 4 5 10 19 58 280,1029
8858,5,4,,2 3 4,3
8858,11,5,5,2 10,12
8859,1,1,,,0
8859,3,2,1,2,0
8859,4,3,1 3,2 3,1
8859,10,4,1 3 4,2,9
8859,769,37,1 3 4 10,2 92 98 474,1808
8860,2,1,,,0
8860,3,2,2,2,0
8860,5,3,2 3,1,1
8860,26,7,2 3 5,2 12 14,22
8860,97,13,2 3 5 26,2 5 9 12,155
8860,352,28,2 3 5 26 97,11 115,792
8861,2,1,,,0
8861,5,3,2,1 2,1
8861,32,9,2 5,1 2 5 31,42
8862,31,8,,1 2 5,42
8864,1,1,,,0
8864,2,2,1,1,0
8864,19,6,1 2,1 2 7 9 15,8
8864,26,7,1 2 19,2 3 4 8 12 13,23
8865,1,1,,,0
8865,228,22,1,1 2 4 5,455
8867,1,1,,,0
8867,2,2,1,,0
8867,74,12,1 2,2 7,109
8867,554,36,1 2 74,1 2 3 34 154,1370
8868,15,5,,1 2 7 9,5
8868,244,22,15,1 6 7 9,520
8868,304,27,15 244,2 5 7 8 14 19 22 42 61 111 145 201 254,694
8869,16,5,,1 3 6,9
8869,36,10,16,2 7 9 27 28 31,49
8869,223,21,16 36,2 5 7 12 13,443
8870,823,39,,2 3 11 14 155,1943
8872,14,6,,2 12,12
8872,35,10,14,3 15 27 29,54
8872,45,11,14 35,1 2 3,67
8872,225,21,14 35 45,1 2 6 167 210,454
8873,6,4,,2 3 5,0
8873,73,10,6,1 4 6 10 11 17,104
8874,5,3,,2 3,0
8874,9,4,5,1 2 7,3
8874,12,5,5 9,2,9
8874,31,9,5 9 12,2 7 9 27 28,44
8874,200,20,5 9 12 31,2 6 21 105,406
8875,385,31,,1 2 8 10 117,891
8876,3,2,,2,0
8876,7,3,3,1 2,2
8877,2,1,,,0
8877,13,6,2,2 3 4 8 12,10
8877,28,8,2 13,2 7 9 27,40
8877,118,19,2 13 28,1 2 46 47,224
8878,12,5,,2 3 4 8,10
8878,19,6,12,,30
8878,27,7,12 19,2 7 9,38
8878,29,8,12 19 27,3 15 27,41
8878,95,17,12 19 27 29,1 2 3 4 5 8 10,170
8878,341,29,12 19 27 29 95,2 6 8 29 106 308,780
8879,6,3,,1 3,3
8879,47,9,6,7 8 9 13,61
8879,762,37,6 47,3 8 11 12 47 57 64 125 131,1773
8880,1,1,,,0
8880,27,7,1,3 15,39
8880,30,8,1 27,1 5 14,42
8880,84,14,1 27 30,1 2 3 4 14 22 25 83,135
8880,94,18,1 27 30 84,2 5 7 14 41 56 77,171
8880,287,26,1 27 30 84 94,1 4 10 14 16 31 41 244,642
8880,516,34,1 27 30 84 94 287,1 11 108 302,1253
8880,796,38,1 27 30 84 94 287 516,1 4 12 341 663 710,1857
8881,2,2,,1,0
8881,83,13,2,1 2 3 4 14 22 25,134
8881,778,37,2 83,1 6 19 26 277 316 388,1820
8881,908,42,2 83 778,1 2 37 64 149 233,2229
8882,1,1,,,0
8882,3,2,1,1,0
8882,8,4,1 3,2 3 4,5
8882,10,5,1 3 8,1 2 3 7,12
8882,17,6,1 3 8 10,2 6,23
8882,293,27,1 3 8 10 17,1 2 54,667
8882,384,31,1 3 8 10 17 293,1 2,884
8884,1,1,,,0
8884,2,2,1,,0
8884,7,4,1 2,1 2 4,6
8884,481,33,1 2 7,10 19 99 116,1146
8884,589,36,1 2 7 481,1 2 3 6 7 24 27 29 39 81,1427
8885,2,2,,1,0
8885,7,4,2,1 2 3,8
8885,11,5,2 7,3 6 7,14
8885,151,19,2 7 11,9 33,299
8886,1,1,,,0
8886,4,3,1,2 3,1
8886,344,30,1 4,1 2 6 13 96,783
8887,1,1,,,0
8887,3,2,1,2,0
8887,4,3,1 3,1 2,1
8887,34,7,1 3 4,3 7 9 11,36
8887,210,20,1 3 4 34,1 2 6 167,409
8887,446,32,1 3 4 34 210,6 8 9 12 18 24 328,1010
8888,2,1,,,0
8888,5,4,2,1 2,5
8888,514,35,2 5,1 3 11 13 25 56 78 511,1264
8889,2,2,,1,0
8889,3,3,2,1 2,1
8889,7,4,2 3,3 6,5
8889,46,7,2 3 7,2 3 8 21,44
8889,67,12,2 3 7 46,1 10 39 44,88
8889,311,27,2 3 7 46 67,1 10 33 43,692
8889,468,32,2 3 7 46 67 311,4 7 14 22 269,1114
8890,1,1,,,0
8890,2,2,1,1,0
8890,6,3,1 2,3,3
8890,92,18,1 2 6,2 6 8 12 79,151
8891,1,1,,,0
8891,2,2,1,1,0
8891,228,21,1 2,2 3 5 43 126,478
8891,511,34,1 2 228,1 3 11 13 25 56 78,1250
8892,1,1,,,0
8892,15,5,1,3,11
8892,48,8,1 15,,52
8893,3,1,,,0
8893,6,2,3,2,0
8893,56,10,3 6,2 20 21,65
8896,9,4,,2 7,6
8896,14,5,9,1 5,10
8897,2,1,,,0
8897,7,3,2,1 2,2
8897,77,17,2 7,2 5 7 14 41 56,130
8897,95,18,2 7 77,1 3 4 5,164
8897,803,38,2 7 77 95,1 2 4 10 35 164,1870
8898,7,3,,2,4
8898,166,18,7,1 2 8 26 31 33 50 145,309
8899,1,1,,,0
8899,68,16,1,1 2 10 39 42,109
8902,1,1,,,0
8902,2,2,1,1,0
8902,64,15,1 2,2 9 24 58,102
8902,194,19,1 2 64,3 9 16,373
8902,490,33,1 2 64 194,1 3 5 11 12 31 154 387,1182
8903,1,1,,,0
8903,2,2,1,,0
8903,79,15,1 2,2 6 8 12,130
8903,360,30,1 2 79,4 67 152 203,820
8903,473,32,1 2 79 360,1 4 5 31 33 35,1126
8904,3,1,,,0
8904,98,16,3,1 4 5 6 8 14 35 37,173
8904,856,40,3 98,2 8 819,2048
8905,5,2,,1,1
8905,42,9,5,2 5 11 14 17 36,46
8907,100,16,,2 3 8 10 32 70 73,183
8907,771,37,100,1 2 34 57 74 262,1786
8907,874,41,100 771,1 2 3 4 7 34 41 275 543 817,2129
8908,1,1,,,0
8908,58,14,1,2 9 24,96
8909,1,1,,,0
8910,1,1,,,0
8910,11,6,1,3 7 9,7
8911,36,8,,2 5 11 14 17,42
8911,308,28,36,2 6 8 29 106,701
8912,9,5,,3 7,7
8912,44,11,9,1 10 39,58
8912,104,16,9 44,4 5 6 16,194
8913,1,1,,,0
8913,13,5,1,7 8 9,8
8913,25,7,1 13,1 2 4 8 17,24
8913,75,15,1 13 25,3 8 12,129
8913,530,32,1 13 25 75,2 5 16 22 24 38 57,1278
8914,1,1,,,0
8914,3,3,1,1 2,1
8914,7,4,1 3,3,4
8914,21,6,1 3 7,2 3 8,13
8914,39,10,1 3 7 21,1 2 3 4 5 15 21,43
8914,76,15,1 3 7 21 39,1 20 42 52,130
8914,215,23,1 3 7 21 39 76,2 12 27 56,451
8915,1,1,,,0
8915,2,2,1,1,0
8916,1,1,,,0
8916,12,5,1,6 9,5
8916,52,14,1 12,1 12 20 26,86
8916,174,18,1 12 52,4 65,327
8916,405,31,1 12 52 174,1 2 5 44 69 97,907
8917,9,4,,7 8,2
8917,39,10,9,1 10,45
8917,830,38,9 39,2 46 105 713,1954
8918,1,1,,,0
8918,3,2,1,,0
8918,8,3,1 3,7,0
8918,56,14,1 3 8,2 5 7 14 41,93
8918,254,26,1 3 8 56,2 5 7 8 14 19 22 42 61 111 145 201,566
8919,7,1,,,0
8919,9,2,7,6,0
8919,145,17,7 9,1 2 8 26 31 33 50,264
8920,187,19,,2 4 6 36 68 94,376
8920,386,30,187,2 14 20 46 71,869
8921,17,6,,1 2 4 8,10
8921,230,24,17,37 125 171,485
8921,732,35,17 230,2 4 9 26,1684
8922,6,1,,,0
8922,14,5,6,3 4,5
8922,37,12,6 14,3 8 22 31 32,43
8923,106,16,,1 3 5 6 15 19 21 42 78,187
8923,237,24,106,2 3 10,515
8923,244,25,106 237,1 4 10 14 16 31 41,536
8923,299,29,106 237 244,1 2 6 18 152 274 297,668
8924,41,13,,1 3 4,63
8925,42,13,,1 2 10 39,69
8925,265,26,42,7 9 140,592
8925,297,28,42 265,1 2 6 18 152 274,665
8927,8,4,,2 3,2
8927,32,11,8,3 8 22 31,42
8927,34,12,8 32,3 5 10,46
8928,2,1,,,0
8928,21,9,2,2 20,24
8928,31,10,2 21,3 8 22,40
8928,39,11,2 21 31,1 2 10,63
8929,17,6,,1 4 6 10 11,13
8929,20,8,17,2,23
8930,8,5,,1 2 4,6
8930,17,7,8,2 5 11 14,17
8930,167,18,8 17,1 2 6,316
8932,3,3,,2,1
8932,4,4,3,3,2
8932,21,7,3 4,1 2 3 4 5 15,21
8932,416,29,3 4 21,2 3 4 7 12 14 24 25 35 102 108 125 152 167 321,962
8933,1,1,,,0
8933,2,2,1,,0
8933,3,3,1 2,,0
8933,14,6,1 2 3,2 5 11,12
8933,41,11,1 2 3 14,2 5 7 14,67
8933,466,29,1 2 3 14 41,2 4 11 13 44 76 101 104 163 198 254,1124
8934,4,3,,1 2,1
8934,7,4,4,2,4
8934,73,15,4 7,2 3 8 10 32 70,125
8934,618,34,4 7 73,1 2 4 22 40 514,1476
8935,11,5,,1 4 6 10,5
8935,27,9,11,3 4 6,32
8936,1,1,,,0
8936,2,2,1,1,0
8936,10,4,1 2,1 4 6,3
8936,11,5,1 2 10,2 5,6
8937,1,1,,,0
8937,22,8,1,3 8,21
8937,61,13,1 22,1 2 4 13 17,94
8937,70,14,1 22 61,2 3 8 10 32,116
8938,1,1,,,0
8938,15,6,1,1 2 3 4 5,8
8938,52,12,1 15,1 20 42,80
8938,768,37,1 15 52,1 54 62 491,1776
8939,2,1,,,0
8939,25,9,2,1 2 3 4 14 22,26
8939,99,15,2 25,2 3 4 11 19 25 96,181
8939,107,16,2 25 99,3 26,190
8940,6,3,,1 4,0
8940,277,27,6,1 2 4 7 81 133 270,606
8940,828,40,6 277,1 2 3 28 51 52 83 111 385 528,1982
8941,42,11,,35 36,62
8941,819,39,42,2 8,1941
8942,4,2,,1,0
8942,5,3,4,2,1
8942,22,8,4 5,1 2 3 4 14,23
8942,24,9,4 5 22,2 9,31
8942,26,10,4 5 22 24,1 12 20,36
8942,96,14,4 5 22 24 26,2 3 4 11 19 25,174
8945,1,1,,,0
8945,2,2,1,,0
8945,12,7,1 2,2 5 9,9
8945,996,40,1 2 12,2 15 16 21 27 43 47 54 532,2461
8946,10,6,,1,7
8946,39,11,10,4 25,55
8946,518,30,10 39,4 5 58 111 334,1229
8947,2,1,,,0
8947,36,10,2,35,52
8947,270,26,2 36,1 2 4 7 81 133,592
8947,857,39,2 36 270,1 2 11 33 39 77 110 124 470 576,2064
8948,5,5,,1 2 3 4,1
8948,9,6,5,2 5,6
8948,20,8,5 9,1 12,29
8948,35,9,5 9 20,,49
8948,41,10,5 9 20 35,1 15,57
8948,42,11,5 9 20 35 41,1 20,59
8948,47,12,5 9 20 35 41 42,1 2 46,65
8948,274,26,5 9 20 35 41 42 47,1 2 6 18 152,601
8948,804,38,5 9 20 35 41 42 47 274,2 3 5 291,1890
8949,4,4,,1 2 3,1
8949,46,10,4,1 2,64
8950,3,3,,1 2,1
8950,14,6,3,1 2 3 4,14
8950,238,25,3 14,2 3 4 5 6 17 37 180 219,516
8950,322,28,3 14 238,2 71,715
8951,1,1,,,0
8951,2,2,1,1,0
8951,8,4,1 2,3,4
8951,10,5,1 2 8,3 5,5
8951,78,13,1 2 8 10,1 3 5 6 15 19 21 42,119
8951,294,27,1 2 8 10 78,1 3 7 11 12 49 117,646
8952,1,1,,,0
8952,5,3,1,2,1
8955,1,1,,,0
8955,2,2,1,,0
8956,3,1,,,0
8956,5,2,3,3,0
8956,6,3,3 5,3 4,1
8956,12,7,3 5 6,1,15
8956,133,17,3 5 6 12,2 7 9,229
8957,9,5,,2,10
8957,10,6,9,1 2,11
8957,782,37,9 10,6 13 18 24 27 72 103 159 357,1811
8958,3,1,,,0
8958,4,2,3,3,0
8958,192,23,3 4,2 3 7 11 33 53 116 135 146,385
8959,3,1,,,0
8960,4,4,,1 2 3,0
8960,14,8,4,2 5 7,18
8960,25,9,4 14,4,27
8960,437,28,4 14 25,1 6 16 17 19 51 76 213 264 318,1035
8961,3,3,,1 2,0
8961,4,4,3,1 3,2
8961,316,27,3 4,1 2 7 14 148,691
8962,2,2,,1,0
8962,3,3,2,1,1
8962,49,12,2 3,2 4 40 44,71
8963,1,1,,,0
8963,10,7,1,1 2 3 4 5 8,6
8963,90,13,1 10,1 10,143
8963,527,30,1 10 90,2 3 23 24 94 160 418 430,1234
8964,1,1,,,0
8964,2,2,1,,0
8964,817,37,1 2,1 2 3 4 7 34 41 275 543,1956
8965,2,2,,1,0
8965,8,6,2,1 2 3 4 5,3
8965,37,10,2 8,1 4 5 6 8 14 35,44
8965,270,26,2 8 37,1 7 11 76 91 255,594
8966,1,1,,,0
8966,161,22,1,2 3 5 8,321
8966,241,25,1 161,1 2 3 4 29,518
8966,710,36,1 161 241,1 4 12 341 663,1606
8967,1,1,,,0
8967,7,6,1,2 5,6
8967,35,9,1 7,1 4 5 6 8 14,41
8967,44,11,1 7 35,2 4 40,60
8967,64,12,1 7 35 44,1 3 9 30,94
8967,136,18,1 7 35 44 64,3 10 13 45 53 54 63 80,237
8968,5,5,,1 2 3 4,1
8968,138,18,5,1 2 4 6 14 18 20 49,251
8969,1,1,,,0
8969,4,4,1,1 2 3,0
8969,5,5,1 4,2,3
8969,105,16,1 4 5,2 6 21,179
8969,219,24,1 4 5 105,2 3 4 5 6 17 37 180,466
8970,3,3,,1 2,0
8970,12,5,3,2 6 8,5
8970,20,7,3 12,1,17
8970,156,21,3 12 20,1 2,303
8970,481,29,3 12 20 156,1 129,1121
8971,2,2,,1,0
8971,40,10,2,2 4,52
8971,63,11,2 40,1 10 17 27 34 49,94
8971,201,23,2 40 63,2 5 7 8 14 19 22 42 61 111 145,429
8971,837,37,2 40 63 201,2 4 5 72,1992
8972,1,1,,,0
8972,2,2,1,,0
8972,634,34,1 2,1 4 8 13 30 49,1438
8974,1,1,,,0
8974,8,4,1,2 6,1
8974,13,5,1 8,2,5
8974,15,6,1 8 13,1,9
8974,262,24,1 8 13 15,2 3 4 15 18 39 47 101,570
8975,32,9,,2 3 8 10,37
8975,258,23,32,1 8 13 16 21 26 209,552
8975,886,37,32 258,1 3 13 27 52 228 371,2149
8976,6,3,,2,1
8976,12,5,6,3 8,5
8978,358,27,,1 9 37 355,776
8980,1,1,,,0
8980,2,2,1,,0
8980,8,4,1 2,3,3
8980,171,22,1 2 8,37 125,344
8980,255,23,1 2 8 171,1 7 11 76 91,556
8981,4,1,,,0
8981,17,6,4,1 2 4 13,11
8981,86,15,4 17,3 6 9 53 61,137
8981,355,26,4 17 86,1 9 37,768
8982,120,17,,2 3 6 7 16 77,204
8982,126,19,120,2 3 4 8 19 22 41,239
8983,18,6,,1 2 3 7,15
8984,996,39,,8 12 208 237 353 559 833,2501
8985,1,1,,,0
8985,2,2,1,,0
8985,3,3,1 2,,0
8985,13,5,1 2 3,1 2 4,8
8985,49,10,1 2 3 13,1 10 17 27 34,75
8985,724,36,1 2 3 13 49,6 13 18 72 135 214 254 465 645,1651
8987,5,4,,1 3 4,2
8987,42,9,5,1 3 5 6 15 19 21,57
8988,1,1,,,0
8988,4,3,1,1 3,1
8988,14,8,1 4,1 4 5 6 8,12
8988,70,11,1 4 14,1 3 4 15 19 26,101
8988,341,25,1 4 14 70,2 3 4 13 18 19 21 43,729
8989,1,1,,,0
8989,3,2,1,1,0
8991,1,1,,,0
8991,165,22,1,1 2 3 5 48 100 118,336
8991,451,28,1 165,1 2 5 10 15 33 191 394,1053
8993,2,2,,1,0
8993,13,8,2,2 3 8,13
8993,126,20,2 13,2 3 5 43,254
8993,254,23,2 13 126,1 2 3 6 9 30 57,562
8994,1,1,,,0
8994,4,3,1,1 2,0
8994,7,4,1 4,1 2 3,2
8994,8,7,1 4 7,1 4 5 6,5
8996,2,2,,1,0
8996,6,6,2,1 4 5,4
8997,1,1,,,0
8997,5,5,1,1 4,3
8997,10,6,1 5,2 3 8,8
8997,456,28,1 5 10,2 5 15 18 40 173 290 391,1069
8998,3,3,,1 2,0
8998,4,4,3,1,2
8998,8,5,3 4,2 3,3
8999,2,2,,1,0
8999,8,3,2,2 3,4
8999,548,33,2 8,1 2 4 19 91 117,1286
9000,1,1,,,0
9000,16,5,1,4 5 6,14
9000,34,9,1 16,1 10 17 27,49
9000,165,22,1 16 34,2 4 6 28 42 108,350
9000,289,24,1 16 34 165,1 2 4 30 46 49 92 222 268,623
9001,1,1,,,0
9001,30,8,1,1 3 9,39
9003,3,2,,2,0
9003,33,10,3,9,54
9004,2,1,,,0
9004,3,2,2,2,0
9004,24,6,2 3,1 3 5 10 22,23
9004,146,21,2 3 24,2 3 7 11 33 53 116 135,288
9005,2,1,,,0
9005,3,2,2,1,0
9005,328,25,2 3,6 8 9 12 18 24,708
9005,387,27,2 3 328,1 3 5 11 12 31 154,910
9006,22,5,,1 3 5 10,21
9006,29,9,22,2 8 24,44
9006,61,14,22 29,3 6 9 53,92
9006,64,15,22 29 61,3,98
9006,585,33,22 29 61 64,1 6 18 23 29 64 151 456,1336
9007,1,1,,,0
9007,4,3,1,2,2
9007,27,8,1 4,1 10 17,38
9007,55,9,1 4 27,13,72
9008,1,1,,,0
9008,21,7,1,1 3 5 6 15 19,22
9008,180,22,1 21,2 3 4 5 6 17 37,383
9009,1,1,,,0
9009,2,2,1,,0
9010,6,4,,4 5,3
9010,19,6,6,1 3 5 6 15,19
9010,161,21,6 19,1 2 6 48,345
9011,1,1,,,0
9011,5,3,1,4,2
9011,24,8,1 5,2 8,33
9011,114,20,1 5 24,3 4 5 8 23,216
9012,1,1,,,0
9012,4,2,1,,1
9013,1,1,,,0
9013,25,8,1,2 3 4 11 19,34
9013,94,18,1 25,2 4 6 36 68,169
9013,101,19,1 25 94,3 5 8 9 10 11 18 23 93,186
9013,258,23,1 25 94 101,1 2,555
9013,663,35,1 25 94 101 258,1 4 12 341,1477
9014,11,3,,2 3,5
9014,15,5,11,1 3 5 6,13
9014,50,12,11 15,1 2 8 26 31 33,64
9014,53,13,11 15 50,3 6 9,72
9014,335,26,11 15 50 53,2 4 6 19 20 109 225,753
9014,532,32,11 15 50 53 335,3 11 44 69 75 139 152,1229
9015,135,20,,2 3 7 11 33 53 116,258
9015,901,36,135,1 3 5 6 18 53 702,2188
9016,57,12,,2 12 37,86
9016,495,31,57,6 14 31 57 83 198 436,1145
9017,1,1,,,0
9017,17,7,1,1 10,24
9017,626,34,1 17,2 6 14 18 27 33 239,1392
9018,1,1,,,0
9018,10,4,1,1 3 5,7
9018,14,6,1 10,1 2 4 8,17
9018,708,34,1 10 14,1 2 3 10 30 68 69 268 300 486,1608
9019,1,1,,,0
9019,19,7,1,2 3 4 11,26
9019,607,33,1 19,1 3 13 16 110 241 264,1346
9020,26,8,,3,32
9020,96,19,26,2 16 27 31,182
9021,1,1,,,0
9021,93,18,1,3 5 8 9 10 11 18 23,172
9021,268,23,1 93,1 2 4 30 46 49 92 222,569
9021,652,33,1 93 268,1 2 7 8 24 301,1446
9022,1,1,,,0
9022,3,2,1,2,0
9022,9,5,1 3,1 3,10
9022,270,23,1 3 9,1 2 5 26,575
9023,2,1,,,0
9023,5,3,2,1 3,2
9023,6,4,2 5,1 3 5,4
9023,21,7,2 5 6,1,23
9023,80,17,2 5 6 21,3 10 13 45 53 54 63,125
9023,280,23,2 5 6 21 80,1 2 4 5 10 19 58,589
9024,5,3,,1 3,4
9024,8,4,5,1 2 4,8
9024,10,5,5 8,1,11
9024,209,22,5 8 10,1 8 13 16 21 26,440
9024,693,33,5 8 10 209,1 2 16 22 33 46 71 496,1549
9025,1,1,,,0
9025,3,2,1,1,1
9025,65,15,1 3,4,89
9025,77,16,1 3 65,2 3 6 7 16,113
9026,1,1,,,0
9026,3,2,1,1,1
9026,58,14,1 3,1 2 13 29,75
9026,125,18,1 3 58,37,235
9026,132,20,1 3 58 125,2 11 15 47 122,257
9027,1,1,,,0
9027,8,4,1,2,7
9027,9,5,1 8,,8
9027,11,6,1 8 9,2 3 4,9
9027,50,13,1 8 9 11,1 4 23 47,65
9027,145,21,1 8 9 11 50,2 5 7 8 14 19 22 42 61 111,297
9027,321,25,1 8 9 11 50 145,2 3 4 7 12 14 24 25 35 102 108 125 152 167,695
9028,1,1,,,0
9028,3,2,1,1,0
9028,4,3,1 3,1 2,1
9028,136,20,1 3 4,1 3 10 23 24 29 31 34 122,261
9030,1,1,,,0
9030,2,2,1,1,0
9030,47,12,1 2,1 4 23,60
9030,88,13,1 2 47,4 14 26,156
9031,1,1,,,0
9031,33,11,1,1 2 8 26 31,31
9031,283,24,1 33,1 3 13 18 32 51 69,579
9032,26,8,,1 3 4 15 19,17
9032,324,25,26,1 2 3 6 7 34 179,720
9032,466,30,26 324,2 5 6 20 24 44 109 126 162,1070
9033,1,1,,,0
9033,2,2,1,,0
9033,31,10,1 2,1 2 8 26,28
9033,819,34,1 2 31,1 2 4 5 37 42 68 195 267 330 480,1941
9034,4,4,,2 3,1
9034,116,17,4,2 3 7 11 33 53,209
9034,277,23,4 116,3 95 112,569
9034,410,27,4 116 277,2,938
9034,713,33,4 116 277 410,2 46 105,1600
9035,3,3,,2,1
9036,1,1,,,0
9036,2,2,1,,0
9036,37,10,1 2,2 12,44
9036,122,19,1 2 37,2 11 15 47,233
9037,26,9,,2 10 11 20 21,18
9037,120,18,26,1 25 32,228
9038,26,9,,1 2 8,23
9038,118,17,26,1 2 3 5 48 100,220
9038,514,32,26 118,1 2 4 22 40,1175
9039,19,7,,1 3 4 15,11
9039,68,12,19,2 4 6 36,112
9040,63,11,,3 10 13 45 53 54,90
9040,100,16,63,1 2 6 9 23 34 38 84 87,176
9042,21,8,,2 10 11 20,17
9042,122,16,21,1 3 10 23 24 29 31 34,235
9043,1,1,,,0
9043,3,2,1,,0
9043,10,5,1 3,1,5
9043,15,6,1 3 10,1 3 4,8
9043,20,7,1 3 10 15,2 10 11,13
9043,44,8,1 3 10 15 20,12,49
9043,245,22,1 3 10 15 20 44,2 3 20 35,500
9043,718,33,1 3 10 15 20 44 245,1 2 13 16 123 137 373,1635
9045,822,34,,1 2 5 19 223 257 429 609,1973
9046,6,4,,3,3
9047,3,3,,1 2,0
9047,466,31,3,2 5 7 41 146 177 421,1066
9048,2,2,,1,0
9048,24,6,2,2 5 9,28
9048,394,26,2 24,1 2 5 10 15 33 191,897
9049,1,1,,,0
9049,3,2,1,,0
9049,13,4,1 3,,7
9049,54,10,1 3 13,3 10 13 45 53,76
9050,53,9,,3 10 13 45,76
9050,130,18,53,1 2 3 6 13,269
9050,140,19,53 130,7 9,285
9050,287,24,53 130 140,2 3 7 32 47 152 255,593
9050,836,35,53 130 140 287,2 4 8 9 112 146 154 745,2005
9051,748,33,,3 11 34 139,1745
9052,1,1,,,0
9052,11,5,1,2 10,6
9053,1,1,,,0
9053,10,4,1,2,5
9053,21,7,1 10,2 6,26
9053,51,9,1 10 21,2 3 7 9 19,75
9053,87,15,1 10 21 51,1 2 6 9 23 34 38 84,154
9054,1,1,,,0
9054,4,3,1,1 3,0
9054,23,7,1 4,1 4,26
9055,3,2,,1,0
9055,29,7,3,1 2 13,28
9056,8,3,,1 2,3
9056,84,14,8,1 2 6 9 23 34 38,148
9056,100,15,8 84,1 2 3 5 48,186
9056,298,24,8 84 100,1 2 9 10 22 31 49 51 78 100 171 220,651
9057,1,1,,,0
9057,49,9,1,1 2 4 6 14 18 20,74
9057,108,15,1 49,2 4 6 28 42,211
9057,261,23,1 49 108,4 85 183 195 220,529
9058,9,4,,3 6,6
9058,45,8,9,3 10 13,63
9059,144,18,,1 3 6 28 39,285
9060,1,1,,,0
9060,203,21,1,4 67 152,423
9060,430,29,1 203,2 3 23 24 94 160 418,970
9060,587,32,1 203 430,1 2 7 10 12 60,1280
9061,2,1,,,0
9061,6,3,2,3,4
9061,12,6,2 6,2,15
9061,111,16,2 6 12,2 5 7 8 14 19 22 42 61,227
9062,2,2,,1,0
9062,9,5,2,2 5 7,7
9062,391,26,2 9,2 5 15 18 40 173 290,885
9063,1,1,,,0
9063,9,5,1,2 5,9
9063,85,14,1 9,2 4 5 7 13 43,149
9063,234,22,1 9 85,2 9 13 18 110 196,477
9064,1,1,,,0
9064,3,2,1,,1
9064,7,4,1 3,2 5,4
9064,645,32,1 3 7,6 13 18 72 135 214 254 465,1420
9065,1,1,,,0
9065,36,7,1,2 5 12 13,41
9066,5,3,,2,3
9067,1,1,,,0
9067,3,2,1,,1
9067,5,3,1 3,2,2
9067,41,10,1 3 5,2 3 4 8 19 22,66
9067,222,21,1 3 5 41,1 2 4 30 46 49 92,451
9067,472,31,1 3 5 41 222,1 4 19,1063
9068,1,1,,,0
9068,6,2,1,2,3
9068,811,34,1 6,3 6 10 16 20 91 152 180 635,1936
9069,2,1,,,0
9069,425,29,2,1 2 4 5 76,959
9070,2,1,,,0
9070,152,20,2,1 2 6 18,309
9071,2,1,,,0
9071,13,3,2,1 2,4
9071,36,9,2 13,2 4 6,56
9071,875,37,2 13 36,1 2 4 6 9 13 29 241 264 295 379 697,2109
9072,2,1,,,0
9072,418,28,2,2 3 23 24 94 160,939
9073,4,2,,1,0
9073,56,13,4,2 12 27,100
9075,12,3,,,5
9075,436,30,12,6 14 31 57 83 198,985
9075,789,33,12 436,1 2 4 9 18 19 52,1883
9076,1,1,,,0
9076,43,12,1,2 3 5,82
9079,13,6,,2 5 7 12,10
9079,318,25,13,1 6 16 17 19 51 76 213 264,731
9080,9,4,,2 7,5
9080,12,5,9,2 5 7,9
9080,16,6,9 12,3 9,17
9082,1,1,,,0
9082,2,2,1,1,0
9082,7,3,1 2,2,3
9082,255,23,1 2 7,2 3 7 32 47 152,527
9082,492,31,1 2 7 255,3 5 64,1095
9083,1,1,,,0
9084,133,19,,1 2 4 7 81,276
9085,1,1,,,0
9085,7,4,1,2 5,4
9085,19,7,1 7,2 3 7 9,29
9085,31,11,1 7 19,2 16 27,63
9086,4,3,,,2
9086,16,6,4,2 3 6 7,20
9086,20,8,4 16,1 2 4 6 14 18,32
9086,22,9,4 16 20,2 3 4 8 19,41
9086,257,23,4 16 20 22,2 3 4 5,551
9087,1,1,,,0
9087,2,2,1,,0
9087,5,3,1 2,2,1
9087,9,5,1 2 5,3,7
9088,5,4,,1 2 4,2
9088,13,5,5,2 5 12,11
9088,18,7,5 13,1 2 4 6 14,26
9088,269,23,5 13 18,4 7 14 22,601
9089,4,3,,1 2,2
9089,12,4,4,2 5,10
9089,19,7,4 12,2 3 4 8,32
9089,27,10,4 12 19,2 16,49
9090,1,1,,,0
9090,2,2,1,,0
9090,13,6,1 2,3 10,14
9091,2,2,,1,0
9091,6,3,2,1 2,3
9091,23,9,2 6,3 5 8 9 10 11 18,36
9092,1,1,,,0
9092,14,6,1,1 2 4 6,18
9092,26,9,1 14,4 14,44
9092,421,30,1 14 26,2 5 7 41 146 177,949
9092,739,32,1 14 26 421,2 3 13 16 19 23 58 206 343,1736
9093,3,2,,,1
9093,10,5,3,3,10
9093,168,19,3 10,1 2 8 97,346
9094,1,1,,,0
9094,237,22,1,1 5 10 12 38 42 235,475
9094,302,24,1 237,1 11 108,683
9094,444,30,1 237 302,1 2 5 393,993
9095,2,2,,1,0
9095,7,4,2,2 3 6,4
9095,9,5,2 7,2 3 7,8
9096,1,1,,,0
9096,5,2,1,2,1
9096,6,3,1 5,2 3,2
9096,18,8,1 5 6,3 5 8 9 10 11,25
9096,235,21,1 5 6 18,1 5 10 12 38 42,468
9097,7,3,,2 3,5
9097,53,12,7,2 3 7 11 33,86
9097,115,18,7 53,11,219
9098,1,1,,,0
9098,220,20,1,4 85 183 195,437
9098,393,28,1 220,4 16 22 32 120,880
9098,399,29,1 220 393,1 3 14 63 107 274 368,895
9099,2,1,,,0
9099,3,2,2,2,0
9099,269,21,2 3,2 5 61 159 174 257,584
9100,2,1,,,0
9100,3,2,2,,0
9100,6,4,2 3,1 2 4,3
9100,8,5,2 3 6,2 3 4,9
9100,16,8,2 3 6 8,2,23
9101,3,2,,2,0
9101,6,4,3,2 4,5
9101,196,19,3 6,2 9 13 18 110,391
9101,838,36,3 6 196,6 16 22 92 527 763,1984
9102,2,1,,,0
9102,4,3,2,1 2,1
9102,23,8,2 4,3 4 5 8,27
9102,27,9,2 4 23,2 12,37
9102,28,10,2 4 23 27,1 7 25,39
9102,38,11,2 4 23 27 28,1 2 6 9 23 34,51
9102,76,17,2 4 23 27 28 38,2 3 5 64,147
9102,157,18,2 4 23 27 28 38 76,5 13 15 25 41 130,306
9103,4,3,,2,3
9103,9,5,4,1 6 7,8
9103,11,7,4 9,3 5 8 9 10,11
9104,1,1,,,0
9104,2,2,1,1,0
9104,4,4,1 2,2 3,2
9104,10,6,1 2 4,3 5 8 9,8
9104,14,7,1 2 4 10,4,14
9104,48,11,1 2 4 10 14,1 2 3,68
9105,1,1,,,0
9105,2,2,1,,0
9105,3,3,1 2,2,0
9105,7,4,1 2 3,1 6,2
9105,9,5,1 2 3 7,3 5 8,4
9105,25,7,1 2 3 7 9,1 7,26
9105,43,10,1 2 3 7 9 25,2 4 5 7 13,49
9105,282,23,1 2 3 7 9 25 43,1 2 4 5 20,614
9106,2,1,,,0
9106,6,2,2,1,1
9106,8,4,2 6,3 5,2
9106,34,9,2 6 8,1 2 6 9 23,34
9106,107,17,2 6 8 34,1 2 9 11 18 29,183
9107,240,19,,1 4 5 10 67 115 117,480
9108,1,1,,,0
9108,48,10,1,1 2 3 5,65
9108,642,31,1 48,3 7 23 29 51 68 80 627,1397
9108,728,32,1 48 642,2 5 19 71,1683
9109,5,3,,3,1
9109,23,8,5,3 4 6 16,23
9109,362,27,5 23,2 11 41 162,789
9111,1,1,,,0
9111,3,2,1,,0
9111,47,10,1 3,2 11 15,68
9111,61,15,1 3 47,2 5 7 8 14 19 22 42,108
9111,152,18,1 3 47 61,4 67,292
9111,257,20,1 3 47 61 152,2 5 61 159 174,537
9113,106,17,,2 6 8 29,198
9113,407,29,106,12 162,893
9114,2,1,,,0
9114,4,2,2,,1
9114,5,3,2 4,2 3,1
9114,37,9,2 4 5,,48
9114,64,16,2 4 5 37,2 3 5,115
9116,1,1,,,0
9116,3,2,1,2,0
9116,16,7,1 3,3 4 6,16
9116,615,30,1 3 16,1 3 13 14 198,1326
9117,2,1,,,0
9117,8,4,2,3 4 5,1
9117,12,6,2 8,2,10
9117,23,7,2 8 12,1 2 6 9,20
9117,33,8,2 8 12 23,2 3 7 11,36
9117,405,29,2 8 12 23 33,1 19 146 245,882
9117,870,39,2 8 12 23 33 405,1 2 4 5 12 35 49 221 399 439,2111
9118,23,6,,2 9 10,24
9118,37,8,23,2 4 5 33,43
9118,98,16,23 37,2 3 4 7 9 10,167
9118,389,28,23 37 98,2 5 23 77,845
9119,8,5,,2 3 5,6
9120,1,1,,,0
9120,5,3,1,3 4,0
9121,4,2,,3,0
9121,54,15,4,1 2,98
9122,3,1,,,0
9122,5,4,3,2 3,2
9122,33,7,3 5,2 4 5,37
9123,7,4,,1,5
9123,42,13,7,2 4 6 28,64
9123,48,14,7 42,1 2 6,81
9123,195,18,7 42 48,4 85 183,361
9123,627,30,7 42 48 195,3 7 23 29 51 68 80,1355
9124,2,2,,1,0
9124,3,3,2,2,1
9124,225,19,2 3,2 4 6 19 20 109,461
9124,679,30,2 3 225,16 21 83,1526
9125,1,1,,,0
9125,2,2,1,,0
9125,9,5,1 2,,6
9125,32,8,1 2 9,1 25,38
9126,6,4,,3 4,2
9126,41,13,6,1 4 10 14 16 31,61
9127,2,1,,,0
9127,697,31,2,1 2 38 66,1578
9128,4,3,,3,1
9128,117,16,4,1 3 7 11 12 49,215
9129,1,1,,,0
9129,3,2,1,,0
9129,130,16,1 3,5 13 15 25 41,236
9129,148,17,1 3 130,1 2 7 14,270
9129,368,27,1 3 130 148,1 3 14 63 107 274,797
9129,451,28,1 3 130 148 368,3 4 5 6 17 23,947
9130,34,12,,1 3 10 23 24 29 31,45
9130,42,13,34,2 5 7 8 14 19 22,71
9130,334,26,34 42,4 5 58 111,719
9131,9,4,,1 2 6,3
9131,10,5,9,2 9,6
9132,1,1,,,0
9132,9,4,1,2,5
9132,25,7,1 9,1,29
9133,31,11,,1 3 10 23 24 29,40
9133,264,23,31,1 6 16 17 19 51 76 213,568
9134,1,1,,,0
9134,6,3,1,1 2,1
9134,96,14,1 6,1 2 6 13,171
9134,220,19,1 6 96,1 2 9 10 22 31 49 51 78 100 171,445
9135,13,6,,2 4 5 7,6
9135,29,10,13,1 3 10 23 24,37
9135,101,15,13 29,2 3 4 15 18 39 47,187
9135,183,17,13 29 101,4 85,332
9135,456,28,13 29 101 183,1 6 18 23 29 64 151,952
9136,31,11,,1 4 10 14 16,46
9136,81,13,31,1 2 4 7,137
9136,528,29,31 81,1 2 4 6 7 71 149,1092
9137,1,1,,,0
9137,28,10,1,2 4 6,41
9138,2,2,,1,0
9139,1,1,,,0
9139,2,2,1,,0
9139,11,6,1 2,2 3 7,7
9140,24,9,,1 3 10 23,32
9141,7,5,,2 4 5,2
9141,23,8,7,1 3 10,31
9141,143,16,7 23,1 2 22 28 50 113,257
9141,467,28,7 23 143,3 10 14,966
9141,745,33,7 23 143 467,2 4 8 9 112 146 154,1726
9143,5,4,,2 4,2
9143,7,5,5,2 3,5
9143,15,6,5 7,2 11,19
9143,16,7,5 7 15,5 6,21
9143,117,15,5 7 15 16,1 2 8 10,212
9144,1,1,,,0
9144,4,3,1,2,1
9144,91,14,1 4,1 7 11 76,165
9145,254,23,,2 4 11 13 44 76 101 104 163 198,551
9145,331,26,254,1 4 13 21 30 148 181 186,717
9145,393,27,254 331,1 2 5,836
9146,1,1,,,0
9146,2,2,1,,0
9147,3,3,,2,1
9147,11,5,3,2,14
9147,281,23,3 11,1 2 14 37,609
9147,833,38,3 11 281,8 12 208 237 353 559,1999
9148,1,1,,,0
9148,2,2,1,,0
9149,3,3,,1 2,0
9150,2,2,,1,0
9150,5,3,2,2 4,2
9150,10,5,2 5,2 3,12
9150,22,9,2 5 10,2 5 7 8 14 19,35
9151,1,1,,,0
9151,4,2,1,2,1
9151,5,4,1 4,1 2 3,2
9151,16,7,1 4 5,1 4 10 14,18
9151,37,9,1 4 5 16,2 3 4 5 6 17,51
9152,1,1,,,0
9152,531,29,1,1 4 10 20 23 520,1086
9153,2,1,,,0
9153,3,3,2,1 2,0
9153,6,4,2 3,5,4
9153,14,6,2 3 6,1 4 10,14
9153,19,8,2 3 6 14,2 5 7 8 14,26
9154,2,2,,1,0
9154,5,3,2,,3
9154,10,4,2 5,1 3,6
9154,474,28,2 5 10,2 92 98,958
9155,1,1,,,0
9155,226,21,1,1 13 14 37 139,472
9155,229,22,1 226,1 56 93 117 142,484
9156,1,1,,,0
9156,2,2,1,,0
9157,3,2,,2,0
9157,10,5,3,1 4,7
9157,43,12,3 10,1 10 33,59
9157,301,25,3 10 43,2 3 8 26 40 48 268,640
9158,2,1,,,0
9158,14,7,2,2 5 7 8,17
9158,41,11,2 14,1 2 5 14 15 22,50
9159,6,4,,2 4,3
9159,76,13,6,1 7 11,130
9159,358,26,6 76,1 3 5 14 52 177,759
9159,450,27,6 76 358,7 17 20 37 162,917
9160,1,1,,,0
9160,9,5,1,2 4 5,7
9160,58,12,1 9,2 8 11,89
9161,3,2,,1,0
9161,4,3,3,2,1
9163,1,1,,,0
9163,2,2,1,,0
9163,4,3,1 2,1,0
9163,290,23,1 2 4,2 5 15 18 40 173,614
9163,520,26,1 2 4 290,1 4 10 20 23,1052
9163,798,37,1 2 4 290 520,3 11 19 30 53 87 262 269 459 678 737,1896
9164,5,4,,2 4,2
9164,8,6,5,2 5 7,8
9164,39,11,5 8,1 3 6 28,49
9164,97,12,5 8 39,1 2 8,166
9164,136,13,5 8 39 97,31 100,233
9165,4,3,,2,2
9165,6,4,4,1 2,4
9165,7,5,4 6,2 5,6
9166,1,1,,,0
9166,25,10,1,3 4 14 16,29
9167,1,1,,,0
9167,2,2,1,,0
9167,5,3,1 2,2,3
9167,13,5,1 2 5,1 2 3 6,9
9167,33,10,1 2 5 13,1 10,37
9169,1,1,,,0
9169,2,2,1,1,0
9169,56,11,1 2,2 4 12 45,81
9170,1,1,,,0
9170,2,2,1,,0
9171,17,7,,2 3 4 5 6,13
9171,113,12,17,1 2 22 28 50,185
9171,602,28,17 113,1 15 22 39 44 53 239 502,1313
9171,752,35,17 113 602,1 3 9 26 44 51 59 179 287 340,1726
9173,2,2,,1,0
9173,5,3,2,2 3,1
9174,1,1,,,0
9174,6,4,1,1 2 3,2
9174,724,33,1 6,6 36 323 477 478 604,1676
9175,3,2,,2,0
9175,16,9,3,3 4 14,15
9175,28,10,3 16,1 3 6,28
9176,2,1,,,0
9176,763,35,2,6 16 22 92 527,1754
9177,3,3,,1 2,0
9177,14,8,3,3 4,13
9177,22,9,3 14,1 2 5 14 15,17
9177,179,19,3 14 22,1 2 3 6 7 34,356
9177,194,20,3 14 22 179,1 2 4 29 34,387
9178,2,2,,1,0
9178,29,8,2,1 2 3 4,30
9179,1,1,,,0
9180,1,1,,,0
9180,45,8,1,2 4 12,63
9180,46,11,1 45,1 5 10 16 22 30 45,66
9180,762,35,1 45 46,2 3 6 8,1757
9181,9,7,,7,8
9181,45,10,9,1 5 10 16 22 30,65
9181,167,18,9 45,2 3 4 7 12 14 24 25 35 102 108 125 152,314
9182,6,6,,2 3 4 5,3
9183,1,1,,,0
9183,5,5,1,2 3 4,2
9183,7,6,1 5,,5
9183,171,18,1 5 7,1 2 9 10 22 31 49 51 78 100,331
9183,557,26,1 5 7 171,3 5 7 11 49 163 230 398,1163
9183,761,35,1 5 7 171 557,2 3 5 7 8 21 23 34 93 119,1758
9184,4,4,,2 3,2
9184,15,5,4,1 2 5 14,8
9184,29,7,4 15,1 2 9 11 18,27
9184,213,21,4 15 29,1 6 16 17 19 51 76,442
9185,1,1,,,0
9185,3,3,1,2,1
9185,14,4,1 3,1 2 5,6
9185,152,14,1 3 14,2 3 7 32 47,257
9186,1,1,,,0
9186,2,2,1,,0
9186,293,25,1 2,1 2 9 51 187,617
9187,4,2,,3,0
9187,110,12,4,2 9 13 18,179
9188,3,1,,,0
9189,47,10,,2 3 4 15 18 39,73
9190,10,4,,1,5
9190,29,7,10,2 6 8,38
9190,57,11,10 29,1 2 3 6 9 30,93
9190,264,23,10 29 57,1 2 4 12,554
9190,268,24,10 29 57 264,2 3 8 26 40 48,559
9194,1,1,,,0
9194,5,3,1,1 2,1
9194,174,19,1 5,2 5 61 159,346
9195,1,1,,,0
9195,9,5,1,1 3 7,6
9195,18,6,1 9,1 2 9 11,15
9196,30,9,,1 5 10 16 22,44
9196,49,10,30,1 3 7 11 12,76
9196,67,11,30 49,4,109
9196,152,17,30 49 67,2 3 4 7 12 14 24 25 35 102 108 125,286
9197,2,2,,1,0
9197,6,3,2,1 3,2
9197,7,4,2 6,1 3,4
9197,39,9,2 6 7,2 3 4 15 18,62
9197,92,11,2 6 7 39,1 2 4 30 46 49,147
9197,340,23,2 6 7 39 92,2 5 12 15 24 46 228 261,693
9198,1,1,,,0
9198,383,23,1,2 3 4 10,776
9199,1,1,,,0
9199,112,13,1,3 95,182
9199,173,19,1 112,1 2 11 17 27 38 51 74,344
9199,658,31,1 112 173,1 2 6 31 414,1477
9200,3,2,,1,0
9200,100,11,3,31,162
9201,3,2,,1,1
9201,11,5,3,,7
9201,71,10,3 11,2,117
9201,198,22,3 11 71,2 4 11 13 44 76 101 104 163,415
9202,1,1,,,0
9202,11,5,1,1 2 9,6
9203,1,1,,,0
9203,4,4,1,1 2 3,0
9203,226,22,1 4,2 15 117,476
9204,3,3,,1 2,0
9204,9,4,3,1 2,3
9204,18,7,3 9,1 2 6,23
9204,22,8,3 9 18,1 5 10 16,29
9205,2,2,,1,0
9205,29,8,2,1 23,42
9205,60,9,2 29,7 16 24 26,92
9206,1,1,,,0
9206,10,6,1,2 3 4 7 9,4
9206,671,32,1 10,1 3 110 181,1529
9206,772,37,1 10 671,1 2 3 6 13 25 57,1822
9207,9,5,,2 3 4 7,4
9207,11,6,9,2 8,12
9207,26,7,9 11,1 8 13 16 21,32
9209,1,1,,,0
9209,7,4,1,2 3 4,3
9209,159,18,1 7,2 5 61,308
9210,7,4,,1 2 4,6
9210,8,5,7,2,9
9210,16,6,7 8,1 5 10,20
9211,2,2,,1,0
9211,8,5,2,2 6,9
9211,23,7,2 8,1,30
9212,1,1,,,0
9212,4,3,1,2 3,1
9212,21,6,1 4,1 8 13 16,23
9213,1,1,,,0
9213,3,2,1,2,0
9213,4,3,1 3,1 2,1
9213,6,4,1 3 4,2,4
9213,12,5,1 3 4 6,2 4,9
9214,2,1,,,0
9214,596,30,2,2 6 77,1299
9214,702,34,2 596,1 3 5 6 18 53,1594
9215,2,2,,1,0
9215,491,25,2,1 54 62,988
9215,686,33,2 491,1 2 3 11 16 69 169,1580
9216,1,1,,,0
9216,2,2,1,,0
9216,6,3,1 2,1 2,2
9216,10,4,1 2 6,1 5,6
9216,95,12,1 2 6 10,3,139
9217,2,1,,,0
9217,13,4,2,1 2 6,7
9217,16,5,2 13,1 8 13,10
9217,30,7,2 13 16,1 2 3 6 9,37
9218,18,6,,2 3 4 15,17
9218,41,7,18,5 13 15 25,46
9220,1,1,,,0
9220,2,2,1,1,0
9220,13,4,1 2,1 8,8
9221,1,1,,,0
9221,4,2,1,2,0
9221,5,3,1 4,1,1
9221,15,5,1 4 5,2 3 4,11
9221,496,25,1 4 5 15,1 2 16 22 33 46 71,990
9223,2,1,,,0
9223,25,6,2,2,33
9223,125,16,2 25,2 3 4 7 12 14 24 25 35 102 108,219
9223,274,22,2 25 125,1 3 14 63 107,557
9224,6,3,,1 2,1
9224,11,4,6,1 7,6
9224,97,13,6 11,1 2 5 44 69,133
9224,737,36,6 11 97,3 11 19 30 53 87 262 269 459 678,1725
9225,1,1,,,0
9225,8,3,1,1,2
9228,2,2,,1,0
9228,7,3,2,1,3
9228,576,29,2 7,1 2 11 33 39 77 110 124 470,1251
9229,1,1,,,0
9230,117,15,,1 4 5 10 67 115,204
9230,475,24,117,2 9 10 12 16 18 85 182 288,947
9232,1,1,,,0
9232,4,4,1,2 3,2
9232,115,14,1 4,1 4 5 10 67,202
9232,147,19,1 4 115,1 3 11 90,292
9232,628,31,1 4 115 147,1 2 9 95 180,1410
9233,1,1,,,0
9233,3,3,1,2,1
9233,12,5,1 3,1 3 7 11,7
9233,85,12,1 3 12,4,121
9233,150,19,1 3 12 85,8 15 16 22 27 115,297
9234,1,1,,,0
9234,2,2,1,,0
9234,11,4,1 2,1 3 7,5
9234,25,6,1 2 11,5 13 15,22
9234,50,8,1 2 11 25,1 2 22 28,61
9235,71,11,,2 14 20 46,100
9236,1,1,,,0
9236,10,5,1,1 3 5 6,7
9236,163,21,1 10,2 4 11 13 44 76 101 104,333
9237,716,35,,2 4 5 6 28 75 89,1671
9238,7,3,,1 3,4
9238,9,5,7,1 2 3 6,10
9238,154,20,7 9,1 3 5 11 12 31,311
9238,543,28,7 9 154,1 2 3 4 7 34 41 275,1175
9239,1,1,,,0
9239,26,7,1,7 16 24,29
9239,510,26,1 26,2 7 9 29 112 146,1042
9240,6,4,,1 3 5,5
9240,49,10,6,1 2 4 30 46,64
9240,108,15,6 49,2 3 4 7 12 14 24 25 35 102,189
9240,109,16,6 49 108,2 4 6 19 20,199
9240,138,18,6 49 108 109,1 2 20 37 54,266
9240,486,25,6 49 108 109 138,1 2 3 10 30 68 69 268 300,982
9240,528,27,6 49 108 109 138 486,1 2 3 28 51 52 83 111 385,1123
9241,1,1,,,0
9241,5,3,1,1 3,4
9241,6,4,1 5,1 2 3,6
9241,24,6,1 5 6,7 16,25
9242,1,1,,,0
9242,3,2,1,1,1
9242,139,18,1 3,1 13 14 37,269
9242,142,19,1 3 139,1 56 93 117,279
9243,1,1,,,0
9243,3,2,1,1,1
9243,46,9,1 3,1 2 4 30,56
9244,1,1,,,0
9244,3,3,1,1 2,1
9244,15,4,1 3,5 13,7
9244,465,24,1 3 15,6 13 18 72 135 214 254,921
9244,635,32,1 3 15 465,3 6 10 16 20 91 152 180,1427
9245,1,1,,,0
9245,2,2,1,1,0
9245,58,9,1 2,1 2 4 5 10 19,70
9245,69,10,1 2 58,1 3 13 18 32 51,84
9246,1,1,,,0
9246,2,2,1,,0
9246,13,3,1 2,5,3
9246,23,6,1 2 13,1 5 7 15,18
9246,102,14,1 2 13 23,2 3 4 7 12 14 24 25 35,169
9249,16,5,,7,13
9249,29,6,16,1 3 4 9,28
9249,116,17,16 29,10 19 99,209
9249,697,34,16 29 116,1 2 4 6 9 13 29 241 264 295 379,1585
9250,10,4,,1 2 8,4
9251,191,21,,1 2 5 10 15 33,375
9252,1,1,,,0
9252,8,3,1,1 2,3
9252,69,10,1 8,1 2 5 44,83
9253,1,1,,,0
9253,8,3,1,1 2,4
9253,35,8,1 8,2 3 20,36
9253,85,13,1 8 35,1 2 4 10 26 32 39 53,121
9254,5,2,,,1
9254,15,5,5,1 5 7,11
9254,100,16,5 15,1 2 9 10 22 31 49 51 78,173
9256,1,1,,,0
9256,28,7,1,1 2 22,27
9258,2,2,,1,0
9258,7,4,2,,5
9258,609,31,2 7,1 2 5 19 223 257 429,1369
9259,1,1,,,0
9259,2,2,1,1,0
9259,4,3,1 2,,1
9259,30,7,1 2 4,1 2 4,30
9259,277,22,1 2 4 30,1 2 3 8 20 29 43 88 230 234,531
9260,1,1,,,0
9260,46,8,1,2 14 20,54
9262,7,4,,1 5,4
9262,22,6,7,1 2,20
9263,1,1,,,0
9263,14,4,1,1 2 7,8
9263,51,9,1 14,1 3 13 18 32,56
9264,2,2,,1,0
9264,5,3,2,1,2
9264,136,20,2 5,3 4 5 13 29 60 78 133,277
9265,1,1,,,0
9265,76,13,1,3 4 31,115
9266,26,7,,1 2 5,26
9266,99,16,26,10 19,178
9267,1,1,,,0
9267,102,16,1,2 5,185
9267,117,18,1 102,1 56 93,227
9267,133,19,1 102 117,3 4 5 13 29 60 78,270
9267,154,20,1 102 117 133,1 2 3 34,314
9267,655,32,1 102 117 133 154,2 12 139 187 193 372,1465
9268,1,1,,,0
9268,20,6,1,2 3,17
9268,115,17,1 20,8 15 16 22 27,219
9269,2,2,,1,0
9269,9,5,2,1 3 4,5
9269,31,7,2 9,,31
9270,1,1,,,0
9270,2,2,1,,0
9270,7,3,1 2,1 2,0
9270,655,32,1 2 7,2 3 5,1473
9271,388,23,,1 6 19 26 277 316,736
9271,502,27,388,1 15 22 39 44 53 239,1060
9274,4,4,,1 3,2
9274,669,33,4,3 6 55 67 570,1513
9275,2,2,,1,0
9275,3,3,2,1,1
9276,1,1,,,0
9276,78,15,1,1 2 9 10 22 31 49 51,140
9276,261,22,1 78,2 5 12 15 24 46 228,508
9277,1,1,,,0
9277,44,9,1,1 2 5,45
9277,245,21,1 44,1 19 146,489
9279,18,6,,2 9 13,19
9280,1,1,,,0
9280,67,13,1,1 4 5 10,115
9280,136,19,1 67,2 4 27 105,282
9280,173,20,1 67 136,2 5 15 18 40,344
9280,561,30,1 67 136 173,1 6 7 14 216 455,1243
9281,1,1,,,0
9282,1,1,,,0
9282,2,2,1,1,0
9282,32,8,1 2,1 3 13 18,33
9283,1,1,,,0
9283,678,34,1,3 11 19 30 53 87 262 269 459,1579
9284,13,5,,2 9,14
9284,19,6,13,1 2 4 5 10,18
9285,1,1,,,0
9285,3,3,1,2,1
9285,4,4,1 3,1 2,2
9285,53,12,1 3 4,1 2 4 10 26 32 39,73
9285,123,18,1 3 4 53,1 13 17,264
9286,1,1,,,0
9286,2,2,1,,0
9286,20,7,1 2,2 14,19
9286,43,9,1 2 20,2 3 4 13 18 19 21,41
9287,2,2,,1,0
9287,5,3,2,1 2,2
9288,1,1,,,0
9288,9,3,1,2,6
9288,108,17,1 9,1 11,211
9289,42,10,,1 5 10 12 38,44
9289,90,16,42,1 3 11,175
9289,145,18,42 90,1 2 4 16 36 52 53,285
9290,1,1,,,0
9290,2,2,1,1,0
9290,47,11,1 2,2 3 7 32,57
9290,186,20,1 2 47,1 4 13 21 30 148 181,368
9291,1,1,,,0
9291,93,16,1,1 56,183
9292,14,6,,2,12
9292,187,20,14,1 2 9 51,372
9293,1,1,,,0
9293,10,5,1,1 2 4 5,5
9293,38,9,1 10,1 5 10 12,38
9293,370,22,1 10 38,13 17 28,698
9294,1,1,,,0
9294,604,31,1,6 36 323 477 478,1366
9295,1,1,,,0
9295,2,2,1,,0
9295,104,17,1 2,2 4 11 13 44 76 101,209
9295,181,19,1 2 104,1 4 13 21 30 148,358
9295,268,21,1 2 104 181,15 40 58,518
9296,18,5,,1 3 13,11
9298,5,4,,1 2 4,2
9298,44,12,5,3 4 6 8 10 12 13 36,67
9298,74,15,5 44,1 2 11 17 27 38 51,141
9298,101,16,5 44 74,2 4 11 13 44 76,205
9299,4,3,,1 2,2
9299,37,10,4,1 9,43
9299,39,11,4 37,1 2 4 10 26 32,49
9300,1,1,,,0
9301,1,1,,,0
9301,2,2,1,1,0
9301,13,3,1 2,1 3,6
9302,1,1,,,0
9302,234,20,1,1 2 3 8 20 29 43 88 230,437
9303,51,14,,1 2 9 10 22 31 49,93
9304,1,1,,,0
9304,2,2,1,,0
9304,86,15,1 2,3 8 19 20 37 43,169
9305,32,10,,2 3 7,38
9305,49,13,32,1 2 9 10 22 31,90
9306,32,10,,1 2 4 10 26,41
9306,36,11,32,3 4 6 8 10 12 13,55
9306,230,19,32 36,1 2 3 8 20 29 43 88,429
9307,1,1,,,0
9307,61,14,1,2 5,114
9308,3,2,,,1
9308,21,8,3,2 3 4 13 18 19,16
9308,236,20,3 21,6 7 10 11 95,452
9309,1,1,,,0
9309,24,9,1,6 8 9 12 18,25
9309,96,16,1 24,3 61,203
9309,162,18,1 24 96,2 11 41,312
9309,228,19,1 24 96 162,2 5 12 15 24 46,429
9310,19,7,,2 3 4 13 18,15
9310,31,10,19,3 4,46
9311,3,2,,1,0
9311,18,6,3,2 3 4 13,14
9311,105,16,3 18,2 4 27,214
9312,26,9,,1 2 4 10,33
9312,117,16,26,2 15,233
9313,1,1,,,0
9313,35,12,1,2 3 4 7 12 14 24 25,61
9313,198,18,1 35,6 14 31 57 83,379
9314,4,2,,,1
9314,549,30,4,2 5 12 25 26 43 368 408,1216
9315,18,8,,6 8 9 12,20
9316,1,1,,,0
9316,5,3,1,1 2,0
9316,13,5,1 5,2 3 4,10
9317,10,4,,1 3 4,5
9317,558,30,10,3 7 9 11 44 172 392 511,1243
9319,2,2,,1,0
9319,12,6,2,1 5 10,11
9319,147,17,2 12,1 3 9 11 36 120,283
9320,1,1,,,0
9321,1,1,,,0
9321,10,5,1,1 5,9
9321,12,7,1 10,6 8 9,11
9321,51,14,1 10 12,1 2 11 17 27 38,101
9321,76,15,1 10 12 51,1 6 16 17 19 51,153
9321,151,17,1 10 12 51 76,2 3,291
9322,1,1,,,0
9322,34,13,1,1 2 3 6 7,70
9322,78,14,1 34,3 4 5 13 29 60,166
9322,129,16,1 34 78,1,247
9323,4,3,,1 3,1
9323,25,11,4,2 3 4 7 12 14 24,47
9323,31,12,4 25,1 2 9 10 22,61
9323,76,13,4 25 31,2 4 11 13 44,157
9324,1,1,,,0
9324,3,2,1,1,0
9324,9,6,1 3,6 8,7
9324,24,10,1 3 9,2 3 4 7 12 14,44
9324,54,12,1 3 9 24,1 2 20 37,105
9324,78,14,1 3 9 24 54,1 3 11 13 25 56,163
9325,4,4,,2 3,2
9325,8,5,4,6,6
9326,1,1,,,0
9326,3,3,1,2,1
9326,5,4,1 3,1,2
9327,1,1,,,0
9327,2,2,1,,0
9327,6,3,1 2,,1
9327,9,4,1 2 6,1,2
9327,12,7,1 2 6 9,1 2 3 5 8,10
9327,40,11,1 2 6 9 12,3 15,69
9327,622,33,1 2 6 9 12 40,1 3 4 6 11 15 81 155 169 318,1406
9328,10,5,,1 2 4,6
9328,56,12,10,1,109
9328,148,16,10 56,1 4 13 21 30,277
9328,490,28,10 56 148,4 5 8 28 32 34 64 79 90 103 168,1026
9328,491,29,10 56 148 490,2 6 14 406 446,1037
9329,13,9,,3 4 6 8 10 12,16
9329,20,10,13,2 4 6 19,38
9329,77,15,13 20,4 5 10 11 12,156
9330,1,1,,,0
9330,7,4,1,2 3,2
9330,12,8,1 7,3 4 6 8 10,14
9330,19,9,1 7 12,2 4 6,35
9330,160,15,1 7 12 19,2 3 23 24 94,284
9331,8,6,,1 2 3 5,7
9332,10,7,,3 4 6 8,13
9332,22,8,10,1 2 9 10,38
9334,1,1,,,0
9334,3,3,1,2,1
9334,4,4,1 3,1 2,2
9334,5,5,1 3 4,1 2 3,4
9334,8,6,1 3 4 5,3 4 6,9
9334,14,7,1 3 4 5 8,2 3 4 7 12,22
9334,38,10,1 3 4 5 8 14,1 2 11 17 27,65
9334,470,27,1 3 4 5 8 14 38,1 2 11 33 39 77 110 124,977
9335,1,1,,,0
9335,2,2,1,,0
9335,22,8,1 2,4 7 14,40
9335,341,20,1 2 22,1 4 12,603
9336,2,2,,1,0
9336,3,3,2,1 2,1
9336,6,4,2 3,3 4,5
9336,12,6,2 3 6,2 3 4 7,17
9336,162,16,2 3 6 12,2 5 6 20 24 44 109 126,292
9336,177,17,2 3 6 12 162,2 5 7 41 146,315
9337,1,1,,,0
9337,2,2,1,1,0
9337,4,3,1 2,3,1
9337,10,5,1 2 4,1 4 5,10
9337,34,9,1 2 4 10,1 2 4 29,49
9337,178,17,1 2 4 10 34,2 8 46,315
9338,1,1,,,0
9338,3,2,1,,0
9338,4,3,1 3,3,0
9338,5,4,1 3 4,2 3 4,1
9339,3,1,,,0
9339,4,3,3,2 3,0
9340,3,2,,2,0
9340,60,13,3,3 4 5 13 29,109
9340,177,17,3 60,1 3 5 14 52,311
9341,2,1,,,0
9341,7,5,2,2 3 4,5
9341,35,10,2 7,1 4 5 31 33,49
9341,37,11,2 7 35,1 2 20,55
9341,421,26,2 7 35 37,1 4 6 8 14 54 64 69 102 132 184 275,827
9342,5,3,,1 4,2
9342,29,8,5,1 2 4,39
9342,398,25,5 29,3 5 7 11 49 163 230,748
9343,1,1,,,0
9343,4,2,1,1,1
9343,6,5,1 4,2 4,5
9343,14,7,1 4 6,4 7,19
9343,33,9,1 4 6 14,1 4 5 31,43
9343,316,19,1 4 6 14 33,1 6 19 26 277,541
9343,449,26,1 4 6 14 33 316,15 137 242,913
9344,4,4,,2 3,2
9344,10,6,4,1 2 9,8
9344,37,9,4 10,1 13 14,52
9344,61,14,4 10 37,3,106
9344,196,18,4 10 37 61,2 21 62 81,330
9345,1,1,,,0
9345,3,3,1,2,1
9345,4,4,1 3,2,2
9345,9,5,1 3 4,1 2,5
9345,27,7,1 3 4 9,1 2 11 17,32
9345,31,8,1 3 4 9 27,1 4 5,36
9346,1,1,,,0
9346,2,2,1,,0
9346,19,6,1 2,10,18
9346,51,12,1 2 19,1 6 16 17 19,72
9346,56,13,1 2 19 51,1 3 11 13 25,90
9346,120,14,1 2 19 51 56,1 3 9 11 36,187
9347,2,1,,,0
9347,43,11,2,3 8 19 20 37,57
9349,1,1,,,0
9349,7,5,1,1 2 3 6,4
9350,1,1,,,0
9350,6,4,1,1 2 3,3
9350,7,5,1 6,4,6
9352,2,2,,1,0
9352,15,6,2,3,12
9353,1,1,,,0
9353,3,3,1,1 2,1
9353,4,4,1 3,,3
9353,37,10,1 3 4,3 8 19 20,47
9353,111,13,1 3 4 37,4 5 58,170
9353,143,14,1 3 4 37 111,1 26,230
9353,308,19,1 3 4 37 111 143,6 7 87 204,514
9354,1,1,,,0
9354,2,2,1,1,0
9354,367,22,1 2,2 18 43 238,651
9355,1,1,,,0
9355,10,5,1,,5
9355,17,6,1 10,1 2 11,14
9355,44,10,1 10 17,2 4 11 13,62
9356,7,4,,1 2 3,0
9356,27,9,7,8 15 16 22,29
9358,20,5,,1 2,20
9358,162,17,20,12,266
9359,276,18,,1 2 4 6 8 14 15 19,436
9360,3,3,,1 2,0
9361,2,2,,1,0
9361,11,4,2,1 2,11
9361,22,8,2 11,8 15 16,25
9361,31,9,2 11 22,1 3 5 11 12,39
9362,1,1,,,0
9362,264,17,1,1 3 13 16 110 241,416
9363,1,1,,,0
9363,5,2,1,2,1
9364,3,1,,,0
9364,5,2,3,2,1
9364,511,29,3 5,3 7 9 11 44 172 392,1088
9366,2,1,,,0
9366,326,20,2,1 2 4 7 21,553
9367,2,1,,,0
9367,4,3,2,1 2,1
9367,14,6,2 4,1 13,14
9367,16,7,2 4 14,8 15,16
9367,20,8,2 4 14 16,1 2 4 5,19
9367,146,16,2 4 14 16 20,2 5 7 41,235
9368,11,4,,1 3,11
9368,13,5,11,1,13
9368,15,6,11 13,8,14
9369,1,1,,,0
9369,2,2,1,1,0
9369,499,28,1 2,1 3 9 18 31 60 427,1066
9370,1,1,,,0
9370,2,2,1,1,0
9370,20,7,1 2,3 8 19,17
9371,1,1,,,0
9371,5,3,1,1 4,0
9371,19,6,1 5,3 8,15
9371,29,10,1 5 19,3 4 5 13,36
9371,120,13,1 5 19 29,4 16 22 32,181
9372,4,2,,1,0
9372,126,15,4,2 5 6 20 24 44 109,198
9372,301,19,4 126,1 2 7 8 24,486
9372,480,27,4 126 301,1 2 4 5 37 42 68 195 267 330,991
9373,446,26,,2 6 14 406,898
9373,570,32,446,3 6 55 67,1222
9375,1,1,,,0
9375,8,4,1,,6
9376,1,1,,,0
9376,2,2,1,1,0
9376,3,3,1 2,1,1
9376,146,15,1 2 3,1 19,230
9377,1,1,,,0
9377,25,10,1,1 3 11 13,33
9378,1,1,,,0
9378,19,9,1,1 6 16 17,16
9380,1,1,,,0
9380,12,7,1,1 3 5 11,8
9380,17,8,1 12,1 6 16,14
9381,11,6,,1 3 5,8
9381,16,7,11,1 6,13
9381,53,12,11 16,1 2 4 16 36 52,67
9381,584,33,11 16 53,1 2 6 12 19 27 79 117 130 159 236,1306
9382,5,4,,1 2 4,1
9382,8,5,5,3,5
9382,52,11,5 8,1 2 4 16 36,65
9382,277,18,5 8 52,1 6 19 26,446
9382,357,24,5 8 52 277,6 13 18 24 27 72 103 159,633
9383,1,1,,,0
9383,4,3,1,1 2,0
9383,385,25,1 4,1 2 3 28 51 52 83 111,743
9385,2,2,,1,0
9385,11,4,2,1,6
9385,241,16,2 11,1 3 13 16 110,367
9386,1,1,,,0
9386,13,6,1,2 4 11,11
9386,57,11,1 13,2 5 16 22 24 38,72
9386,84,12,1 13 57,1 10 11,116
9386,455,25,1 13 57 84,1 6 7 14 216,941
9387,1,1,,,0
9387,3,2,1,,0
9387,5,3,1 3,1 3,0
9387,13,6,1 3 5,3 4 5,11
9387,34,10,1 3 5 13,1 2 3,42
9387,294,19,1 3 5 13 34,1 3 21 37 44 78,468
9388,11,5,,2 4,8
9388,373,24,11,1 2 13 16 123 137,694
9389,3,2,,1,0
9389,13,7,3,1 3 11,12
9389,27,9,3 13,2 4,28
9389,109,14,3 13 27,2 5 6 20 24 44,163
9390,107,13,,1 3 14 63,158
9391,1,1,,,0
9391,6,2,1,1,1
9391,11,6,1 6,1 3,10
9391,17,8,1 6 11,1 13,19
9391,37,9,1 6 11 17,1 2 14,38
9392,6,4,,2 3,2
9392,81,12,6,1 2 3 6 7 24 27 29 39,109
9392,560,32,6 81,1 2 9 22 26 31 74 83 144 154,1216
9394,12,7,,4 5 10 11,12
9394,152,14,12,3 11 44 69 75 139,225
9395,1,1,,,0
9395,3,3,1,2,1
9395,4,4,1 3,2,2
9395,5,5,1 3 4,3 4,3
9395,11,6,1 3 4 5,4 5 10,8
9395,13,7,1 3 4 5 11,1,12
9396,1,1,,,0
9396,2,2,1,,0
9396,4,3,1 2,3,1
9396,10,4,1 2 4,4 5,5
9396,94,12,1 2 4 10,2 3 23 24,122
9397,2,1,,,0
9397,3,2,2,,0
9398,36,6,,1 2 4 16,31
9399,3,2,,1,0
9401,1,1,,,0
9401,5,3,1,4,1
9402,3,1,,,0
9402,4,2,3,,0
9404,239,16,,2 6 14 18 27 33,360
9405,14,5,,1 5 8 13,7
9405,38,9,14,2 5 16 22 24,37
9406,1,1,,,0
9406,13,4,1,1 5 8,6
9406,58,11,1 13,4 5,69
9407,1,1,,,0
9407,139,13,1,3 11 44 69 75,200
9408,1,1,,,0
9409,1,1,,,0
9409,33,6,1,1 2 5 10 15,26
9409,532,31,1 33,2 15 16 21 27 43 47 54,1125
9410,48,10,,2 3 8 26 40,58
9411,1,1,,,0
9411,8,3,1,1 5,2
9412,4,2,,2,0
9412,527,30,4,6 16 22 92,1116
9413,40,9,,2 5 15 18,45
9413,406,24,40,2 6 14,810
9414,2,1,,,0
9414,5,2,2,1,0
9414,6,3,2 5,1 3,1
9414,14,4,2 5 6,1 2,7
9414,15,5,2 5 6 14,2,9
9416,262,18,,1 2 34 57 74,406
9417,3,2,,1,1
9417,288,18,3,2 9 10 12 16 18 85 182,474
9418,1,1,,,0
9418,3,3,1,1 2,1
9418,16,4,1 3,1 2 4,9
9418,40,9,1 3 16,2 3 8 26,45
9418,76,11,1 3 16 40,1 2 4 5,99
9418,228,17,1 3 16 40 76,19 93 111 130 204,340
9419,1,1,,,0
9419,2,2,1,1,0
9419,24,8,1 2,2 5 16 22,17
9420,1,1,,,0
9420,316,23,1,3 4 6 27 53 159,543
9420,478,29,1 316,6 36 323 477,1018
9421,22,7,,2 5 16,16
9421,477,28,22,6 36 323,1017
9421,559,29,22 477,8 12 208 237 353,1239
9425,1,1,,,0
9425,414,24,1,1 2 4 12 105,856
9426,2,2,,1,0
9426,300,22,2,1 2 3 10 30 68 69 268,521
9427,1,1,,,0
9427,2,2,1,,0
9427,15,5,1 2,1 2 5 10,7
9427,16,6,1 2 15,2 5,11
9428,21,5,,1 4 8,15
9428,51,10,21,1 2 9,69
9428,83,12,21 51,6 14 31 57,112
9430,1,1,,,0
9430,4,3,1,1 2,1
9430,36,8,1 4,1 3 9 11,38
9430,41,9,1 4 36,2 11,46
9430,77,11,1 4 36 41,2 5 23,103
9430,117,13,1 4 36 41 77,1 2 4 19 91,167
9431,1,1,,,0
9432,2,2,,1,0
9432,10,4,2,1 2 5,3
9432,26,7,2 10,2 3 8,28
9433,1,1,,,0
9433,286,21,1,9 16 212 276,478
9433,341,22,1 286,2 11 47,657
9434,39,9,,1 2 3 6 7 24 27 29,45
9434,63,10,39,1 3 14,83
9435,1,1,,,0
9435,18,6,1,2 5 15,17
9437,5,3,,1 2,1
9438,5,3,,2,3
9438,14,4,5,1 3 5,11
9438,15,5,5 14,2 5,14
9438,429,27,5 14 15,1 2 5 19 223 257,904
9440,1,1,,,0
9440,2,2,1,1,0
9440,151,13,1 2,1 6 18 23 29 64,217
9441,1,1,,,0
9441,2,2,1,,0
9441,8,3,1 2,1 4,2
9441,427,27,1 2 8,1 3 9 18 31 60,904
9442,2,1,,,0
9442,12,4,2,1 2 4,10
9442,204,16,2 12,19 93 111 130,299
9443,276,20,,9 16 212,461
9443,414,25,276,1 2 6 31,850
9444,29,8,,1 2 3 6 7 24 27,32
9445,1,1,,,0
9445,4,2,1,1,0
9446,27,7,,1 2 3 6 7 24,30
9446,30,8,27,1 4 13 21,37
9447,5,3,,1 3,3
9447,162,15,5,7 17 20 37,234
9447,347,23,5 162,1 5 6 9,681
9448,1,1,,,0
9448,5,3,1,2,4
9448,88,11,1 5,1 2 3 8 20 29 43,104
9449,1,1,,,0
9449,3,2,1,1,1
9449,24,6,1 3,1 2 3 6 7,25
9449,95,12,1 3 24,6 7 10 11,125
9450,1,1,,,0
9450,4,3,1,1 2,2
9450,8,4,1 4,2 3,5
9451,1,1,,,0
9451,2,2,1,,0
9452,2,2,,1,0
9453,1,1,,,0
9453,148,14,1,1 3 11 22 117,204
9454,1,1,,,0
9454,44,8,1,2 5 6 20 24,54
9454,57,9,1 44,6 14 31,67
9455,3,2,,2,0
9455,11,5,3,1 3 9,4
9455,21,7,3 11,1 4 13,21
9455,254,19,3 11 21,6 13 18 72 135 214,413
9455,408,26,3 11 21 254,2 5 12 25 26 43 368,847
9456,2,1,,,0
9456,91,12,2,1 2 4 19,120
9457,9,4,,1 3,3
9457,204,17,9,6 7 87,301
9457,338,23,9 204,2 3 14 28 36 38,659
9458,268,20,,1 2 3 10 30 68 69,451
9459,5,3,,4,1
9459,11,4,5,1 10,5
9459,32,7,5 11,4 16 22,32
9459,81,11,5 11 32,2 21 62,102
9460,4,2,,,1
9460,10,3,4,1,4
9460,11,4,4 10,2,5
9461,1,1,,,0
9461,291,20,1,2 3 5,514
9463,3,2,,1,0
9463,13,6,3,1 4,12
9465,1,1,,,0
9465,52,10,1,1 3 5 14,64
9466,1,1,,,0
9466,7,5,1,1 2 3 6,4
9466,24,6,1 7,2 3 23,19
9467,6,4,,1 2 3,4
9467,23,5,6,2 3,18
9469,1,1,,,0
9469,2,2,1,,0
9469,3,3,1 2,2,0
9469,22,6,1 2 3,4 16,17
9469,46,9,1 2 3 22,2 8,51
9470,2,1,,,0
9470,3,3,2,1 2,0
9470,9,4,2 3,1 2,5
9470,26,6,2 3 9,1,22
9471,2,2,,1,0
9471,75,11,2,3 11 44 69,87
9471,413,27,2 75,21 165 298,859
9472,1,1,,,0
9472,4,2,1,1,1
9472,41,8,1 4,2 5 7,40
9472,357,23,1 4 41,1 2 17 42 49 54 153,717
9474,1,1,,,0
9474,24,7,1,2 5 6 20,22
9475,1,1,,,0
9475,16,5,1,4,9
9477,2,2,,1,0
9477,69,10,2,3 11 44,79
9478,1,1,,,0
9478,20,6,1,2 5 6,18
9478,62,9,1 20,2 21,69
9480,1,1,,,0
9480,31,6,1,6 14,28
9482,1,1,,,0
9482,72,11,1,3 4 11 36,93
9483,1,1,,,0
9483,14,5,1,1 3,12
9483,238,19,1 14,2 18 43,385
9483,392,26,1 14 238,3 7 9 11 44 172,820
9484,23,5,,2 5,21
9484,117,13,23,1 3 11 22,148
9486,1,1,,,0
9487,3,3,,2,1
9487,4,4,3,,2
9487,275,20,3 4,1 4 6 8 14 54 64 69 102 132 184,504
9488,1,1,,,0
9488,2,2,1,,0
9488,219,18,1 2,1 4,352
9488,343,23,1 2 219,2 3 13 16 19 23 58 206,699
9489,5,4,,1 2 4,1
9490,4,3,,1 2,1
9490,371,25,4,1 3 13 27 52 228,772
9491,1,1,,,0
9491,46,8,1,2 5 12 15 24,43
9491,167,16,1 46,1 4 31 73 76 115,233
9492,2,2,,1,0
9492,6,4,2,2 5,5
9492,192,17,2 6,1 18 67 73,282
9493,1,1,,,0
9493,5,3,1,2,4
9493,43,7,1 5,1 2 3 8 20 29,32
9493,501,29,1 5 43,9 10 12 174 235 332,1121
9494,1,1,,,0
9494,3,2,1,1,1
9495,1,1,,,0
9495,94,12,1,1 2 5 7 12 91,112
9495,214,18,1 94,6 13 18 72 135,340
9495,368,25,1 94 214,2 5 12 25 26 43,765
9495,506,29,1 94 214 368,1 4 6 14 22 379,1127
9496,1,1,,,0
9496,2,2,1,,0
9496,53,10,1 2,1 8 15 45,58
9496,461,28,1 2 53,4 6 7 71 72,1015
9497,14,4,,6,7
9498,1,1,,,0
9498,91,11,1,1 2 5 7 12,107
9502,5,3,,2,3
9502,44,9,5,3 11,48
9502,459,28,5 44,3 11 19 30 53 87 262 269,1020
9503,1,1,,,0
9503,14,5,1,1 3 5,12
9503,19,6,1 14,1,17
9504,1,1,,,0
9504,45,9,1,1 8 15,50
9505,1,1,,,0
9505,2,2,1,,0
9505,6,3,1 2,,1
9505,58,10,1 2 6,15 40,64
9506,7,4,,2 5,2
9506,275,21,7,1 2 3 4 7 34 41,533
9507,8,4,,2,4
9507,29,6,8,1 2 3 8 20,15
9507,212,18,8 29,9 16,338
9507,218,19,8 29 212,1 2 7 10 12 34,352
9508,5,3,,2,2
9508,12,4,5,,9
9508,216,18,5 12,5 11 41 56 81 98 155,342
9509,1,1,,,0
9510,64,10,,3 5,66
9510,131,15,64,3 8 11 12 47 57 64 125,157
9510,230,18,64 131,3 5 7 11 49 163,383
9511,1,1,,,0
9511,2,2,1,,0
9512,5,3,,1 3,2
9512,40,9,5,1 2 4 22,44
9513,2,1,,,0
9513,24,7,2,2 5 12 15,13
9514,3,2,,1,1
9515,1,1,,,0
9515,149,16,1,1 2 4 6 7 71,207
9516,1,1,,,0
9516,20,5,1,1 2 3 8,5
9516,110,12,1 20,1 3 13 16,126
9516,125,14,1 20 110,3 8 11 12 47 57 64,146
9516,130,15,1 20 110 125,19 93 111,165
9518,1,1,,,0
9518,36,9,1,3 4 11,41
9519,21,8,,2,18
9519,248,20,21,1 2 3 6 13 52 68 83 145,456
9520,19,7,,1 4,15
9521,1,1,,,0
9522,1,1,,,0
9522,15,6,1,2 5 12,6
9522,54,10,1 15,1 3 28,52
9522,330,24,1 15 54,1 2 4 5 37 42 68 195 267,674
9523,40,9,,15,41
9523,182,17,40,2 9 10 12 16 18 85,278
9525,12,5,,2 5,6
9527,1,1,,,0
9527,64,9,1,1 6 18 23 29,73
9528,8,4,,1 2 3,1
9528,19,7,8,1 2 4,19
9530,1,1,,,0
9530,22,8,1,1 2 4,27
9530,98,13,1 22,2 92,115
9532,5,4,,2,3
9532,19,7,5,3,24
9532,396,27,5 19,2 35 165,847
9533,3,3,,1 2,0
9533,5,4,3,1 2,3
9533,11,6,3 5,6 7 10,9
9533,198,17,3 5 11,1 3 13 14,324
9534,2,2,,1,0
9534,10,5,2,6 7,8
9534,15,6,2 10,1 8,15
9534,239,20,2 10 15,1 15 22 39 44 53,454
9535,1,1,,,0
9535,2,2,1,,0
9535,4,3,1 2,1,2
9535,11,5,1 2 4,3,7
9535,111,13,1 2 4 11,19 93,136
9536,2,2,,1,0
9536,59,11,2,1 2 41 57,62
9536,92,12,2 59,2,101
9536,164,16,2 59 92,1 2 4 10 35,244
9537,1,1,,,0
9537,7,4,1,6,3
9537,176,16,1 7,3 5 31 51,269
9538,1,1,,,0
9538,2,2,1,,0
9538,6,3,1 2,,1
9538,57,10,1 2 6,1 2 41,57
9538,155,15,1 2 6 57,2 3 11 14,218
9541,1,1,,,0
9541,8,4,1,1,4
9543,3,1,,,0
9543,4,3,3,1 2,0
9543,11,4,3 4,3 4,8
9543,115,14,3 4 11,1 4 31 73 76,142
9545,2,2,,1,0
9545,230,20,2,2 3 4 7 19 40 42 52 137,439
9546,1,1,,,0
9548,1,1,,,0
9548,3,2,1,,1
9548,4,3,1 3,1 2,1
9548,15,4,1 3 4,,7
9548,28,5,1 3 4 15,1 3,16
9548,439,28,1 3 4 15 28,1 2 4 5 12 35 49 221 399,993
9549,1,1,,,0
9549,288,23,1,2 5 43,595
9550,2,2,,1,0
9550,4,3,2,3,1
9550,242,22,2 4,15 137,470
9550,372,26,2 4 242,2 12 139 187 193,779
9551,1,1,,,0
9551,3,2,1,,0
9553,93,12,,19,110
9554,1,1,,,0
9554,41,9,1,1 2,39
9556,233,21,,1 2 37 64 149,459
9556,380,27,233,1 3 11 160 216 378,800
9557,23,7,,3 4 5 6 17,13
9557,49,9,23,1 4 8 13 30,45
9558,378,26,,1 3 11 160 216,798
9559,1,1,,,0
9559,192,19,1,1 2 3 6 8 13 24 56,331
9562,29,8,,1 6 18 23,31
9563,1,1,,,0
9563,17,6,1,3 4 5 6,11
9563,213,20,1 17,1 2 8 37 55,427
9564,1,1,,,0
9566,53,9,,1 2 3,57
9567,1,1,,,0
9567,379,26,1,1 2 4 6 9 13 29 241 264 295,831
9568,1,1,,,0
9568,23,7,1,1 6 18,26
9569,5,3,,3,2
9569,155,16,5,5 11 41 56 81 98,249
9569,187,19,5 155,3 4 16 22 23 37,335
9569,324,25,5 155 187,1 2 8 19 31 118 197 244,714
9571,1,1,,,0
9571,3,2,1,,1
9571,10,6,1 3,2 3 4,9
9572,1,1,,,0
9572,37,8,1,7 17 20,40
9572,127,15,1 37,1 4 21 33 59,193
9573,3,2,,1,1
9573,18,6,3,1 6,20
9574,1,1,,,0
9574,6,5,1,3 4 5,2
9574,87,14,1 6,6 7,115
9574,135,15,1 6 87,6 13 18 72,215
9575,1,1,,,0
9575,5,4,1,3 4,1
9575,323,25,1 5,6 36,709
9576,4,3,,3,1
9576,30,7,4,1 4 8 13,25
9576,382,27,4 30,5 8 110 253,868
9577,3,2,,,1
9577,4,3,3,2 3,1
9577,12,5,3 4,1 2 5 7,8
9577,27,6,3 4 12,,21
9577,64,11,3 4 12 27,3 8 11 12 47 57,60
9577,159,16,3 4 12 27 64,3 4 6 27 53,256
9577,163,17,3 4 12 27 64 159,3 5 7 11 49,269
9578,1,1,,,0
9578,3,2,1,2,0
9578,184,19,1 3,1 4 6 8 14 54 64 69 102 132,337
9579,2,1,,,0
9579,22,5,2,1 3 11,14
9580,62,11,,2 4 6 16 28,62
9580,159,16,62,6 13 18 24 27 72 103,256
9582,1,1,,,0
9582,7,4,1,1 2 5,4
9582,76,13,1 7,1 4 31 73,90
9583,1,1,,,0
9583,340,25,1,1 3 9 26 44 51 59 179 287,726
9584,1,1,,,0
9584,5,3,1,1 2,2
9584,57,10,1 5,3 8 11 12 47,51
9585,1,1,,,0
9585,6,3,1,1,3
9585,73,12,1 6,1 4 31,84
9585,267,23,1 6 73,1 2 4 5 37 42 68 195,556
9586,1,1,,,0
9586,298,24,1,21 165,636
9587,2,2,,1,0
9587,60,11,2,1 2 7 10 12,64
9588,1,1,,,0
9588,237,22,1,2 3 11 17 37 82,478
9588,399,27,1 237,1 2 4 5 12 35 49 221,911
9589,20,7,,7 17,14
9590,1,1,,,0
9590,11,3,1,1 3,3
9590,233,21,1 11,11 31 57,467
9592,1,1,,,0
9592,17,6,1,7,11
9593,2,2,,1,0
9593,13,4,2,1 4 8,3
9593,71,11,2 13,1 2 4 6 7,85
9593,235,21,2 13 71,2 3 22 79 135 166,485
9594,1,1,,,0
9594,14,5,1,3 10,5
9594,47,9,1 14,3 8 11 12,37
9598,3,2,,1,0
9598,8,3,3,1 4,1
9598,10,4,3 8,3,3
9598,98,13,3 8 10,1 5 9 11 17 30 54 71,137
9598,217,20,3 8 10 98,1 5 27 99 102,433
9600,1,1,,,0
9602,4,2,,1,0
9602,7,3,4,,2
9603,12,3,,1 7,4
9603,78,12,12,1 3 21 37 44,97
9603,146,18,12 78,2 7 9 29 112,245
9604,74,11,,1 2 34 57,91
9605,1,1,,,0
9605,3,2,1,,0
9608,7,2,,1,2
9609,1,1,,,0
9610,16,5,,1 3 13,8
9610,33,10,16,2 6 14 18 27,34
9610,257,23,16 33,1 2 5 19 223,570
9610,344,26,16 33 257,2 3 4 10 12 14 53,791
9611,73,12,,1 18 67,100
9613,1,1,,,0
9613,13,4,1,1 3,7
9614,1,1,,,0
9614,28,9,1,2 4 6 16,26
9616,3,3,,1 2,0
9616,19,8,3,1 2 4 6 8 14 15,12
9616,27,9,3 19,2 6 14 18,28
9617,2,2,,1,0
9617,67,11,2,1 18,92
9618,1,1,,,0
9620,1,1,,,0
9620,15,7,1,1 2 4 6 8 14,9
9620,85,12,1 15,2 9 10 12 16 18,134
9621,14,6,,1 2 4 6 8,9
9621,57,10,14,1 2 34,73
9621,70,11,14 57,1 2 3 5 9 11 23 49 54,91
9621,120,17,14 57 70,1 2 15 108,210
9621,279,23,14 57 70 120,1 2 3 4 7 27 34 107,628
9622,1,1,,,0
9622,145,19,1,1 2 3 6 13 52 68 83,288
9622,379,28,1 145,1 4 6 14 22,881
9623,3,2,,1,1
9624,1,1,,,0
9624,137,18,1,1 2 13 16 123,264
9625,1,1,,,0
9625,18,7,1,2 6 14,19
9625,71,11,1 18,1 5 9 11 17 30 54,104
9625,206,21,1 18 71,2 3 13 16 19 23 58,451
9625,216,22,1 18 71 206,1 6 7 14,476
9625,373,27,1 18 71 206 216,2 8 22,868
9626,1,1,,,0
9626,2,2,1,,0
9626,16,6,1 2,2 4 6,13
9626,98,15,1 2 16,5 11 41 56 81,156
9626,233,22,1 2 16 98,2 7 13 14 18 43 133 196,503
9627,8,5,,1 2 4 6,3
9627,19,7,8,,18
9627,26,8,8 19,2 4 9,24
9627,31,9,8 19 26,1 4,34
9627,353,26,8 19 26 31,8 12 208 237,817
9629,6,4,,1 2 4,3
9629,12,5,6,3 8 11,7
9629,14,6,6 12,2 6,13
9630,1,1,,,0
9630,11,4,1,3 8,6
9630,132,18,1 11,1 4 6 8 14 54 64 69 102,253
9631,4,3,,1 2,2
9631,318,25,4,1 3 4 6 11 15 81 155 169,718
9632,1,1,,,0
9633,1,1,,,0
9633,2,2,1,1,0
9633,8,3,1 2,3,2
9633,26,7,1 2 8,1 6 19,26
9633,108,16,1 2 8 26,1 2 15,185
9633,228,22,1 2 8 26 108,1 3 13 27 52,499
9634,1,1,,,0
9635,12,5,,1 2 7 10,7
9635,28,7,12,13 17,29
9635,122,17,12 28,1 2 5 38,223
9636,6,3,,2 4,2
9636,103,15,6,6 13 18 24 27 72,169
9636,287,23,6 103,1 3 9 26 44 51 59 179,623
9637,1,1,,,0
9637,6,3,1,2,3
9637,10,4,1 6,1 2 7,4
9637,44,9,1 6 10,1 3 21 37,47
9637,54,10,1 6 10 44,1 2 3 5 9 11 23 49,60
9637,72,14,1 6 10 44 54,6 13 18,110
9637,112,16,1 6 10 44 54 72,2 7 9 29,183
9638,3,1,,,0
9638,4,2,3,2,0
9638,123,16,3 4,1 2 13 16,226
9638,137,18,3 4 123,2 3 4 7 19 40 42 52,275
9640,2,1,,,0
9640,7,3,2,1 2,1
9640,15,5,2 7,1 2 3 10,8
9640,19,6,2 7 15,1 6,15
9640,59,11,2 7 15 19,1 4 21 33,78
9640,149,18,2 7 15 19 59,1 2 37 64,302
9641,2,1,,,0
9642,49,9,,1 2 3 5 9 11 23,53
9642,54,10,49,1 5 9 11 17 30,69
9642,105,15,49 54,2 46,169
9643,81,14,,5 11 41 56,121
9644,9,3,,2 4,3
9644,34,7,9,1 2,35
9644,37,8,9 34,1 3 21,38
9644,62,13,9 34 37,1 54,91
9644,122,17,9 34 37 62,2 6 29 34,226
9644,223,22,9 34 37 62 122,1 2 5 19,486
9645,2,2,,1,0
9645,10,4,2,1 2 3,5
9646,1,1,,,0
9646,17,5,1,13,14
9646,71,13,1 17,1 2 16 22 33 46,99
9649,1,1,,,0
9649,4,2,1,2,0
9649,24,6,1 4,1 2 7 8,20
9649,244,22,1 4 24,1 2 8 19 31 118 197,542
9650,13,4,,,12
9650,168,19,13,4 5 8 28 32 34 64 79 90 103,337
9651,2,1,,,0
9651,295,24,2,1 2 4 6 9 13 29 241 264,645
9652,3,3,,1 2,1
9652,54,12,3,1,81
9653,1,1,,,0
9653,2,2,1,1,0
9653,6,3,1 2,1,4
9654,1,1,,,0
9654,4,2,1,1,1
9654,7,3,1 4,6,3
9655,1,1,,,0
9655,6,2,1,,2
9655,137,18,1 6,15,276
9657,1,1,,,0
9657,7,5,1,1 2 4 6,1
9657,69,14,1 7,1 2 3 10 30 68,105
9657,111,17,1 7 69,1 2 3 28 51 52 83,215
9657,195,21,1 7 69 111,1 2 4 5 37 42 68,412
9658,1,1,,,0
9658,6,4,1,1 2 4,0
9658,68,13,1 6,1 2 3 10 30,103
9660,4,3,,1 2,0
9660,21,6,4,1 3,15
9660,23,7,4 21,1 4 10 20,17
9660,102,16,4 21 23,1 4 6 8 14 54 64 69,187
9660,139,17,4 21 23 102,3 11 34,277
9662,2,2,,1,0
9662,51,12,2,3 5 31,72
9662,166,20,2 51,2 3 22 79 135,348
9662,332,26,2 51 166,9 10 12 174 235,761
9663,1,1,,,0
9663,20,6,1,1 4 10,15
9663,196,20,1 20,2 7 13 14 18 43 133,413
9664,12,5,,1 4,7
9665,8,4,,1 2 7,2
9665,35,11,8,1 2 4 10,46
9666,1,1,,,0
9666,7,3,1,1 2,1
9666,18,4,1 7,1,14
9666,30,9,1 7 18,1 5 9 11 17,33
9666,33,10,1 7 18 30,1 4 21,38
9667,35,10,,6 8 16,45
9667,72,13,35,6 13 18 24 27,106
9668,23,7,,1 2 3 5 9 11,17
9668,56,12,23,5 11 41,76
9670,1,1,,,0
9670,80,14,1,3 7 23 29 51 68,125
9671,2,2,,1,0
9671,21,7,2,1 2 4 7,21
9671,46,11,2 21,1 2 16 22 33,60
9672,1,1,,,0
9672,4,2,1,1,1
9673,1,1,,,0
9673,10,3,1,1 4,6
9675,1,1,,,0
9675,152,19,1,3 15 71,320
9676,2,2,,1,0
9676,83,15,2,1 2 3 5 21 27 81,146
9676,153,19,2 83,1 2 17 42 49 54,326
9677,1,1,,,0
9678,1,1,,,0
9678,3,2,1,1,0
9678,21,9,1 3,1 4,25
9678,43,11,1 3 21,2 18,58
9678,81,14,1 3 21 43,1 2 3 5 21 27,141
9678,136,18,1 3 21 43 81,1 2 42 48,268
9679,4,2,,1,1
9679,14,7,4,2 3 11,15
9679,17,8,4 14,1 5 9 11,18
9680,1,1,,,0
9680,11,6,1,1 2 3 5 9,4
9680,124,17,1 11,1 2 11 33 39 77 110,245
9680,180,19,1 11 124,1 2 9 95,381
9682,1,1,,,0
9682,9,5,1,1 2 3 5,3
9682,11,6,1 9,2 3,11
9682,31,10,1 9 11,3 5,39
9682,68,13,1 9 11 31,3 7 23 29 51,102
9682,264,23,1 9 11 31 68,1 2 4 6 9 13 29 241,570
9683,1,1,,,0
9683,41,11,1,5 11,51
9683,53,12,1 41,3 4 6 27,73
9684,33,10,,1 2 16 22,40
9684,83,14,33,1 2 3 6 13 52 68,152
9684,142,18,33 83,2 3 4 7 14,289
9685,7,5,,1 2 4,6
9685,11,6,7,1 5 9,11
9685,83,14,7 11,1 2 3 28 51 52,157
9685,218,21,7 11 83,101,480
9686,5,4,,1 2 3,2
9686,16,6,5,6 8,19
9687,1,1,,,0
9687,9,5,1,1 5,9
9687,18,9,1 9,2 9 10 12 16,19
9688,1,1,,,0
9688,3,3,1,1 2,0
9688,4,4,1 3,1 2,2
9689,2,2,,1,0
9689,16,8,2,2 9 10 12,15
9690,1,1,,,0
9690,2,2,1,1,0
9690,3,3,1 2,2,1
9690,10,4,1 2 3,1 2 4,6
9691,1,1,,,0
9691,2,2,1,,0
9691,5,3,1 2,1,0
9691,18,8,1 2 5,6 13,16
9691,34,9,1 2 5 18,1 2 7 10 12,32
9691,49,10,1 2 5 18 34,3 5 7 11,60
9692,269,25,,3 11 19 30 53 87 262,600
9693,12,7,,2 9 10,8
9693,69,13,12,1 4 6 8 14 54 64,116
9693,135,18,12 69,2 3 22 79,272
9694,8,5,,6,6
9694,110,16,8,1 2 11 33 39 77,209
9695,1,1,,,0
9695,4,2,1,1,0
9695,10,6,1 4,2 9,5
9695,22,7,1 4 10,1 2 16,15
9695,56,11,1 4 10 22,1 2 3 6 8 13 24,75
9696,4,3,,1 2,1
9696,6,4,4,,3
9696,9,5,4 6,2,3
9696,13,6,4 6 9,6,8
9696,30,7,4 6 9 13,1 2 3 10,27
9696,181,19,4 6 9 13 30,1 3 110,373
9696,197,20,4 6 9 13 30 181,1 2 8 19 31 118,419
9698,1,1,,,0
9698,2,2,1,1,0
9698,64,12,1 2,1 4 6 8 14 54,103
9698,84,15,1 2 64,1 3 43,161
9699,1,1,,,0
9699,51,10,1,3 7 23 29,62
9699,68,12,1 51,1 2 3 6 13 52,112
9699,180,19,1 51 68,3 6 10 16 20 91 152,369
9699,262,24,1 51 68 180,3 11 19 30 53 87,575
9701,16,4,,1 2,8
9701,46,9,16,2,54
9703,2,1,,,0
9703,4,2,2,1,1
9703,6,3,2 4,,3
9703,16,4,2 4 6,9,8
9703,18,5,2 4 6 16,2,9
9703,172,18,2 4 6 16 18,3 7 9 11 44,353
9705,1,1,,,0
9705,241,22,1,1 2 4 6 9 13 29,506
9705,253,23,1 241,5 8 110,561
9706,1,1,,,0
9706,185,18,1,1 6 7 9,396
9707,1,1,,,0
9708,5,2,,3,0
9708,54,11,5,1 4 6 8 14,90
9709,27,6,,3 4 6,27
9710,3,1,,,0
9710,9,3,3,,3
9712,27,8,,6 13 18 24,28
9713,11,3,,5,5
9713,12,5,11,1 2 7 10,6
9713,102,17,11 12,1 5 27 99,194
9713,225,21,11 12 102,2 4 23 72,458
9715,2,2,,1,0
9715,10,4,2,1 2 7,5
9715,24,7,2 10,6 13 18,24
9715,52,11,2 10 24,1 2 3 6 13,91
9715,103,17,2 10 24 52,4 5 8 28 32 34 64 79 90,195
9716,1,1,,,0
9716,10,4,1,1 2 3,7
9716,52,12,1 10,1 2 3 28 51,94
9716,99,16,1 10 52,1 5 27,187
9717,1,1,,,0
9717,14,5,1,1 3 13,11
9717,51,11,1 14,1 2 3 28,92
9718,7,3,,1 2,3
9718,13,4,7,1 3,10
9719,2,1,,,0
9719,5,2,2,,1
9719,37,9,2 5,3 4 16 22 23,51
9719,38,10,2 5 37,1 2 5,56
9719,165,17,2 5 37 38,21,338
9720,29,7,,2 7 9,30
9720,53,12,29,1 15 22 39 44,94
9720,83,15,29 53,16 21,153
9720,216,20,29 53 83,1 3 11 160,430
9721,1,1,,,0
9721,18,6,1,6 13,15
9721,29,7,1 18,3 7 23,31
9721,55,14,1 18 29,1 2 8 37,107
9723,2,2,,1,0
9723,3,3,2,1 2,1
9723,52,13,2 3,2 3 4 7 19 40 42,97
9724,1,1,,,0
9724,2,2,1,1,0
9725,1,1,,,0
9725,64,14,1,1 2 37,123
9726,13,5,,6,10
9726,15,6,13,1 2,15
9726,59,13,13 15,1 3 4 5 48,113
9726,133,16,13 15 59,2 7 13 14 18 43,264
9727,23,6,,3 7,24
9727,24,7,23,1 2 3 6 8 13,26
9727,47,12,23 24,2 11,87
9727,77,13,23 24 47,1 2 11 33 39,138
9727,152,16,23 24 47 77,3 6 10 16 20 91,309
9728,1,1,,,0
9728,3,2,1,1,1
9728,90,15,1 3,4 5 8 28 32 34 64 79,159
9729,1,1,,,0
9729,11,5,1,3 5 7,8
9729,44,11,1 11,1 15 22 39,78
9729,193,19,1 11 44,2 12 139 187,379
9729,236,20,1 11 44 193,1 2 6 12 19 27 79 117 130 159,515
9730,1,1,,,0
9730,6,4,1,3 4,3
9732,1,1,,,0
9732,4,3,1,3,2
9732,27,9,1 4,1 2 3 5 21,38
9732,34,10,1 4 27,2 6 29,55
9732,154,17,1 4 27 34,2 4 8 9 112 146,305
9732,169,18,1 4 27 34 154,1 2 3 11 16 69,352
9733,1,1,,,0
9733,3,2,1,,1
9733,6,3,1 3,,1
9733,7,4,1 3 6,3 5,1
9733,23,8,1 3 6 7,3 4 16 22,26
9733,42,11,1 3 6 7 23,2 3 4 7 19 40,73
9733,77,14,1 3 6 7 23 42,2 6,132
9733,252,22,1 3 6 7 23 42 77,1 4 5 15 16 24 26 139,543
9734,1,1,,,0
9734,22,7,1,3 4 16,25
9734,39,10,1 22,1 15 22,65
9734,105,15,1 22 39,1 2 4 12,203
9735,5,2,,3,0
9735,37,9,5,4 8 21,60
9735,40,10,5 37,2 3 4 7 19,68
9735,187,18,5 37 40,2 12 139,357
9736,72,13,,2 4 5,122
9736,96,14,72,2 27 55,186
9737,3,1,,,0
9737,29,8,3,2 6,46
9737,48,12,3 29,1 3 4 5,85
9738,13,6,,1 2 3 6 8,11
9738,21,7,13,1 2 3 5,28
9739,2,2,,1,0
9739,37,9,2,1 2 8,68
9739,43,11,2 37,1 3,78
9739,79,12,2 37 43,4 5 8 28 32 34 64,128
9740,1,1,,,0
9740,9,4,1,2 7,4
9740,16,6,1 9,3 4,19
9740,28,8,1 9 16,1 2 3,47
9740,41,10,1 9 16 28,1 2 3 4 7 34,67
9740,146,16,1 9 16 28 41,2 4 8 9 112,275
9742,7,3,,2,4
9743,1,1,,,0
9743,7,4,1,3,4
9743,8,5,1 7,1 2 3 6,5
9743,82,11,1 7 8,2 3 11 17 37,137
9743,237,21,1 7 8 82,8 12 208,501
9744,1,1,,,0
9744,179,18,1,1 3 9 26 44 51 59,337
9745,2,1,,,0
9745,6,4,2,1 2 3,3
9745,16,7,2 6,1 2 13,23
9747,1,1,,,0
9747,2,2,1,,0
9747,3,3,1 2,,0
9747,5,4,1 2 3,2 3,3
9747,34,9,1 2 3 5,1 2 3 4 7,55
9747,101,15,1 2 3 5 34,1 5 11 14,183
9748,3,3,,1 2,0
9748,13,6,3,1 2,18
9748,14,7,3 13,1 4 6 8,20
9749,2,2,,1,0
9749,3,3,2,2,1
9749,79,12,2 3,2 3 22,136
9750,1,1,,,0
9750,2,2,1,,0
9751,21,7,,4 8,32
9751,22,8,21,1 15,34
9752,1,1,,,0
9752,4,3,1,3,2
9752,5,4,1 4,1 2,3
9752,8,5,1 4 5,2,9
9752,37,7,1 4 5 8,1 2,55
9753,1,1,,,0
9753,3,2,1,,1
9754,1,1,,,0
9754,5,4,1,1 2 3,2
9754,8,5,1 5,1 4 6,8
9754,13,6,1 5 8,1 2 3 6,14
9754,64,10,1 5 8 13,4 5 8 28 32 34,90
9755,2,2,,1,0
9756,1,1,,,0
9756,3,3,1,1 2,0
9756,6,4,1 3,1 4,5
9756,19,6,1 3 6,2 3 4 7,24
9756,71,11,1 3 6 19,3 15,112
9757,2,2,,1,0
9757,38,9,2,2 3 14 28 36,51
9758,1,1,,,0
9758,2,2,1,,0
9758,4,3,1 2,1,2
9758,15,5,1 2 4,1,16
9758,66,10,1 2 4 15,1 2 38,92
9759,2,2,,1,0
9759,36,8,2,2 3 14 28,46
9759,235,22,2 36,9 10 12 174,485
9760,1,1,,,0
9760,6,2,1,2,2
9761,1,1,,,0
9761,6,4,1,1 2 3,2
9763,1,1,,,0
9763,11,5,1,2,11
9763,165,18,1 11,2 35,300
9764,2,1,,,0
9764,3,3,2,1 2,0
9764,8,4,2 3,4,6
9765,2,2,,1,0
9765,3,3,2,1 2,1
9765,34,8,2 3,3 11,39
9765,39,9,2 3 34,1 2 11 33,44
9765,71,13,2 3 34 39,2 5 19,112
9765,95,15,2 3 34 39 71,1 2 9,158
9766,1,1,,,0
9766,2,2,1,1,0
9766,48,8,1 2,1 2 42,54
9766,57,9,1 2 48,11 31,71
9766,221,21,1 2 48 57,1 2 4 5 12 35 49,453
9767,1,1,,,0
9767,28,7,1,2 3 14,32
9767,110,15,1 28,1 3,191
9768,1,1,,,0
9768,4,2,1,,0
9768,7,5,1 4,2 3 4,2
9768,8,6,1 4 7,1 2,5
9771,4,4,,2 3,2
9771,33,7,4,1 2 11,35
9772,1,1,,,0
9772,2,2,1,,0
9772,3,3,1 2,2,0
9772,42,7,1 2 3,1 2,43
9772,208,20,1 2 3 42,8 12,420
9773,2,1,,,0
9773,58,12,2,2 3 13 16 19 23,84
9773,70,14,2 58,1 19 64,110
9774,2,2,,1,0
9774,7,5,2,1 2 3 4,1
9774,112,14,2 7,2 4 8 9,186
9775,1,1,,,0
9775,54,11,1,1 2 17 42 49,75
9775,118,16,1 54,1 2 8 19 31,212
9776,160,18,,1 3 11,268
9777,4,4,,1 2 3,0
9777,15,5,4,,13
9777,55,12,4 15,2 27,84
9778,3,3,,1 2,0
9779,2,2,,1,0
9779,3,3,2,1,1
9779,64,13,2 3,1 19,100
9780,1,1,,,0
9780,5,4,1,1 3 4,1
9780,49,10,1 5,1 2 17 42,68
9780,169,18,1 5 49,1 3 4 6 11 15 81 155,313
9780,182,19,1 5 49 169,1 4 9 24,360
9781,1,1,,,0
9781,4,3,1,1 3,0
9781,14,5,1 4,2 3,11
9782,3,2,,1,0
9782,21,6,3,16,15
9783,139,17,,2 12,232
9784,1,1,,,0
9784,34,7,1,4 5 8 28 32,32
9784,68,13,1 34,1 2 4 5 37 42,98
9785,9,4,,1 5 6,5
9786,1,1,,,0
9786,32,6,1,4 5 8 28,30
9786,38,7,1 32,1 2,40
9787,1,1,,,0
9787,2,2,1,1,0
9787,16,5,1 2,,10
9787,42,9,1 2 16,1 2 17,54
9788,1,1,,,0
9788,6,3,1,1 5,1
9788,11,4,1 6,3,5
9788,27,5,1 6 11,1 5,20
9788,37,7,1 6 11 27,2 3 11 17,35
9788,91,13,1 6 11 27 37,3 6 10 16 20,145
9789,5,2,,1,1
9790,28,5,,4 5 8,22
9792,1,1,,,0
9792,3,3,1,2,1
9792,31,6,1 3,11,27
9792,156,17,1 3 31,1 2 5 55 76 96 109 141,276
9793,1,1,,,0
9793,2,2,1,,0
9793,11,3,1 2,1 2,2
9793,96,15,1 2 11,1 2 4 5 6 23 33 47 74,157
9793,107,16,1 2 11 96,1 2 3 4 7 27 34,179
9794,43,12,,2 5,56
9794,155,17,43,1 3 4 6 11 15 81,278
9796,3,1,,,0
9798,154,17,,1 2 9 22 26 31 74 83 144,285
9801,1,1,,,0
9802,2,2,,1,0
9802,101,15,2,,188
9803,1,1,,,0
9803,5,4,1,2 4,2
9804,4,3,,2,2
9804,6,4,4,2,3
9805,1,1,,,0
9805,14,5,1,2 6,12
9805,27,11,1 14,2,41
9806,1,1,,,0
9806,2,2,1,,0
9806,22,8,1 2,2 3,27
9806,159,19,1 2 22,1 2 6 12 19 27 79 117 130,316
9807,141,16,,1 2 5 55 76 96 109,256
9808,2,1,,,0
9808,17,6,2,2 3 11,15
9808,23,10,2 17,2 3 13 16 19,30
9808,60,12,2 17 23,1 3 9 18 31,106
9808,144,16,2 17 23 60,1 2 9 22 26 31 74 83,267
9809,52,11,,1 3 13 27,82
9810,1,1,,,0
9810,5,3,1,1,2
9810,8,4,1 5,4 5,4
9810,42,10,1 5 8,1 2 4 5 37,57
9812,2,2,,1,0
9812,11,5,2,,8
9812,14,6,2 11,2 3 4 7,13
9812,15,7,2 11 14,3,17
9812,17,8,2 11 14 15,1 2,20
9812,19,9,2 11 14 15 17,2 3 13 16,22
9812,52,11,2 11 14 15 17 19,1 2 4 9 18 19,83
9813,1,1,,,0
9813,5,3,1,4,2
9813,6,4,1 5,2,3
9814,1,1,,,0
9814,4,2,1,,1
9814,11,4,1 4,2 3,5
9815,16,7,,2 3 13,16
9815,37,8,16,1 2 4 5,44
9815,74,14,16 37,1 2 4 5 6 23 33 47,119
9816,1,1,,,0
9816,43,8,1,2 7 13 14 18,54
9817,2,1,,,0
9817,19,7,2,2 5,19
9818,13,6,,2 3,14
9819,1,1,,,0
9819,7,5,1,2 3 4,4
9820,43,10,,2 5 12 25 26,62
9820,174,19,43,9 10 12,341
9822,2,2,,1,0
9822,3,3,2,2,1
9822,4,4,2 3,2 3,2
9823,1,1,,,0
9823,2,2,1,,0
9823,3,3,1 2,2,0
9824,2,1,,,0
9824,3,2,2,,0
9824,19,7,2 3,1,22
9825,3,2,,2,0
9825,119,14,3,2 3 5 7 8 21 23 34 93,195
9826,2,1,,,0
9826,31,7,2,1 2 6,33
9827,2,2,,1,0
9827,12,4,2,1 2 4,10
9827,14,6,2 12,1 6 7,13
9828,1,1,,,0
9828,3,2,1,2,0
9829,2,1,,,0
9829,59,13,2,1 2 3 5 9 11 20 58,84
9830,2,1,,,0
9830,58,12,2,1 2 3 5 9 11 20,83
9831,5,2,,2,1
9831,44,11,5,3 7 9 11,64
9832,1,1,,,0
9832,5,2,1,2,1
9832,69,11,1 5,1 2 3 11 16,114
9834,2,1,,,0
9834,7,5,2,1 6,5
9834,14,6,2 7,1 5 11,9
9834,27,8,2 7 14,1 3 13,32
9835,2,1,,,0
9835,4,3,2,1 2,1
9835,6,4,2 4,1,3
9835,130,18,2 4 6,1 2 6 12 19 27 79 117,247
9837,1,1,,,0
9837,2,2,1,1,0
9837,11,3,1 2,1 5,4
9837,26,9,1 2 11,2 5 12 25,30
9837,31,10,1 2 11 26,1 3 9 18,45
9837,132,18,1 2 11 26 31,1 3 4 20 25 32,256
9838,1,1,,,0
9838,25,8,1,2 5 12,29
9839,109,15,,1 2 5 55 76 96,182
9840,1,1,,,0
9841,1,1,,,0
9841,18,7,1,2 7 13 14,15
9842,1,1,,,0
9842,47,10,1,1 2 4 5 6 23 33,68
9843,5,2,,1,0
9845,14,6,,2 7 13,13
9845,19,7,14,1 2 4 9 18,26
9846,13,5,,2 7,13
9846,18,6,13,1 2 4 9,25
9846,139,18,13 18,1 4 5 15 16 24 26,267
9847,1,1,,,0
9847,5,4,1,1 2 4,2
9847,92,13,1 5,6 16 22,133
9848,1,1,,,0
9848,4,3,1,1 2,1
9848,13,5,1 4,1 3,14
9848,19,6,1 4 13,1 2 5,25
9848,110,16,1 4 13 19,5 8,206
9848,117,17,1 4 13 19 110,1 2 6 12 19 27 79,221
9850,1,1,,,0
9850,2,2,1,1,0
9850,18,6,1 2,1 3 9,26
9851,1,1,,,0
9851,6,3,1,1 2,2
9851,9,4,1 6,1 2,7
9851,12,5,1 6 9,2 5,12
9851,93,13,1 6 9 12,2 3 5 7 8 21 23 34,141
9852,1,1,,,0
9852,7,3,1,2,4
9852,96,14,1 7,1 2 5 55 76,155
9853,1,1,,,0
9855,2,2,,1,0
9855,9,5,2,1 2 4,10
9856,1,1,,,0
9856,33,9,1,1 2 4 5 6 23,44
9857,1,1,,,0
9857,2,2,1,,0
9857,63,12,1 2,3 5,81
9858,2,2,,1,0
9858,3,3,2,1,1
9858,5,4,2 3,2,3
9859,1,1,,,0
9859,9,4,1,1 3,10
9859,20,6,1 9,3 6 10 16,19
9860,1,1,,,0
9860,4,3,1,1 2,2
9861,1,1,,,0
9861,2,2,1,,0
9862,2,2,,1,0
9862,5,3,2,1 2,2
9862,31,9,2 5,1 2 8 19,41
9862,36,10,2 5 31,6,46
9863,1,1,,,0
9863,16,5,1,3 6 10,12
9863,21,6,1 16,,15
9863,53,11,1 16 21,1 3 5 6 18,58
9864,11,4,,3 7 9,6
9864,59,11,11,1 3 9 26 44 51,67
9864,89,15,11 59,2 4 5 6 28 75,148
9865,1,1,,,0
9865,2,2,1,1,0
9865,3,3,1 2,1,1
9866,1,1,,,0
9866,9,3,1,3 7,2
9866,23,8,1 9,1 2 4 5 6,21
9866,34,10,1 9 23,1 2 3 4 7 27,37
9866,72,11,1 9 23 34,2 4 23,81
9867,1,1,,,0
9868,1,1,,,0
9868,7,2,1,3,0
9868,20,7,1 7,1 2 3 5 9 11,11
9868,81,14,1 7 20,1 3 4 6 11 15,120
9869,10,4,,3 6,3
9869,83,14,10,1 2 9 22 26 31 74,126
9872,3,1,,,0
9872,51,10,3,1 3 9 26 44,54
9872,76,13,3 51,1 2 5 55,112
9873,6,3,,3,2
9873,27,9,6,1 2 3 4 7,30
9874,3,2,,1,0
9874,19,8,3,1 2 8,23
9874,87,14,3 19,3 11 19 30 53,146
9876,1,1,,,0
9876,3,2,1,,0
9876,67,12,1 3,3 6 55,86
9877,9,5,,2 4 8,1
9877,11,6,9,1 2 3 5 9,4
9878,8,4,,2 4,1
9878,74,12,8,1 2 9 22 26 31,113
9878,75,13,8 74,2 4 5 6 28,119
9879,9,5,,1 2 3 5,3
9879,44,8,9,1 3 9 26,44
9882,4,3,,2,1
9882,9,7,4,1 6 7,12
9883,5,4,,1 2 3,2
9883,6,6,5,1 2 4 5,5
9884,1,1,,,0
9884,2,2,1,,0
9884,5,5,1 2,1 2 4,3
9884,7,6,1 2 5,1 6,7
9885,3,3,,1 2,0
9885,4,4,3,1 2,2
9885,6,5,3 4,1,5
9885,8,6,3 4 6,1 2,6
9885,16,7,3 4 6 8,1 2 3 11,15
9885,72,13,3 4 6 8 16,4 6 7 71,116
9885,103,14,3 4 6 8 16 72,1 2 11,186
9886,2,2,,1,0
9886,71,12,2,4 6 7,115
9886,79,13,2 71,1 2 6 12 19 27,132
9887,1,1,,,0
9887,2,2,1,1,0
9887,54,11,1 2,2 15 16 21 27 43 47,53
9888,1,1,,,0
9888,55,11,1,3 6,63
9889,1,1,,,0
9890,1,1,,,0
9890,11,6,1,1 2 3,9
9891,2,2,,1,0
9892,1,1,,,0
9892,6,2,1,,1
9893,7,5,,1 2 3 4,1
9893,35,7,7,2,32
9893,55,11,7 35,1 2 5,73
9894,1,1,,,0
9894,47,10,1,2 15 16 21 27 43,43
9896,4,4,,1 2 3,0
9897,3,3,,1 2,0
9897,26,6,3,1 3 9,17
9898,2,2,,1,0
9898,3,3,2,1 2,1
9898,18,5,2 3,1 3 5 6,5
9898,43,9,2 3 18,2 15 16 21 27,37
9899,1,1,,,0
9899,2,2,1,1,0
9900,1,1,,,0
9901,53,11,,2 3 4 10 12 14,82
9907,57,12,,6 41,102
9908,53,11,,3 11 19 30,93
9910,1,1,,,0
9910,6,4,1,1 3 5,1
9910,12,5,1 6,2,7
9910,34,9,1 6 12,2 3 5 7 8 21 23,42
9911,5,3,,1 3,1
9912,1,1,,,0
9913,3,2,,1,0
9914,9,4,,1 3,5
9914,27,8,9,2 15 16 21,27
9915,1,1,,,0
9915,5,2,1,3,0
9915,23,5,1 5,2 4,19
9917,3,1,,,0
9917,22,6,3,6 16,20
9917,29,9,3 22,1 2 4 6 9 13,40
9920,1,1,,,0
9920,2,2,1,,0
9920,3,3,1 2,1,0
9920,5,4,1 2 3,2 3,2
9920,21,7,1 2 3 5,2 15 16,18
9921,23,8,,2 3 5 7 8 21,27
9921,31,10,23,1 2 9 22 26,50
9921,57,12,23 31,1 2 3 6 13 25,100
9922,1,1,,,0
9922,3,3,1,2,1
9922,5,4,1 3,1 2 3,2
9922,61,13,1 3 5,2 3 12 33 57,107
9923,1,1,,,0
9923,2,2,1,,0
9923,16,5,1 2,6,11
9923,21,7,1 2 16,2 3 5 7 8,21
9923,41,11,1 2 16 21,6,72
9924,3,3,,1 2,0
9925,2,2,,1,0
9925,11,3,2,1 3,3
9925,16,6,2 11,2 15,9
9925,28,10,2 11 16,2 4 5 6,44
9926,1,1,,,0
9926,2,2,1,,0
9926,15,5,1 2,2,7
9926,26,9,1 2 15,1 2 9 22,36
9926,57,12,1 2 15 26,2 3 12 33,93
9930,1,1,,,0
9930,22,8,1,1 2 9,35
9931,30,9,,3 11 19,53
9933,3,2,,1,0
9933,6,4,3,,4
9933,13,6,3 6,1 2 4 6 9,17
9934,4,3,,2,2
9934,8,4,4,2 3 6,4
9934,15,7,4 8,1 3 4 6 11,23
9935,1,1,,,0
9936,1,1,,,0
9936,2,2,1,,0
9936,6,3,1 2,2 3,1
9936,8,5,1 2 6,2 3 5 7,5
9937,6,3,,3,3
9937,7,4,6,2 3 5,4
9937,9,5,6 7,1 2 4 6,8
9937,32,11,6 7 9,1 3 4 20 25,59
9938,11,6,,1 3 4 6,15
9938,24,9,11,1 4 9,41
9938,27,10,11 24,1 2 6 12 19,45
9938,49,12,11 24 27,1 2 4 5 12 35,84
9939,2,1,,,0
9939,3,2,2,2,0
9939,5,3,2 3,2 3,2
9940,2,1,,,0
9940,3,2,2,,0
9940,6,4,2 3,1 2 4,3
9940,14,8,2 3 6,2 3 4 10 12,21
9941,3,2,,2,0
9942,2,1,,,0
9942,4,3,2,1 2,1
9942,12,7,2 4,2 3 4 10,18
9942,19,8,2 4 12,3 11,27
9943,5,3,,1 2,3
9943,6,5,5,1 3 4,5
9943,9,6,5 6,1 2,9
9943,23,9,5 6 9,2 3 4 9,35
9944,1,1,,,0
9944,2,2,1,1,0
9944,10,6,1 2,2 3 4,13
9944,25,9,1 2 10,1 3 4 20,37
9945,1,1,,,0
9945,4,4,1,1 3,2
9946,2,2,,1,0
9946,3,3,2,1,1
9946,19,8,2 3,1 2 6 12,23
9947,1,1,,,0
9947,6,5,1,2 4 5,4
9948,1,1,,,0
9948,5,4,1,2 4,3
9949,4,3,,2,3
9949,20,8,4,1 3 4,27
9950,1,1,,,0
9950,2,2,1,1,0
9950,4,4,1 2,2 3,2
9950,7,5,1 2 4,4 6,4
9950,8,6,1 2 4 7,5,6
9950,11,7,1 2 4 7 8,3,7
9950,33,8,1 2 4 7 8 11,2 3 12,35
9951,1,1,,,0
9951,2,2,1,,0
9951,3,3,1 2,2,0
9951,6,4,1 2 3,4,1
9952,2,1,,,0
9952,35,11,2,1 2 4 5 12,41
9953,4,1,,,0
9953,5,2,4,,0
9953,9,3,4 5,1 4,1
9953,12,4,4 5 9,1 2 6,4
9953,25,6,4 5 9 12,1 2 3 6 13,16
9957,9,5,,2 3 4,7
9958,3,1,,,0
9958,4,2,3,1,0
9958,6,3,3 4,,1
9959,6,3,,1 2,1
9959,26,10,6,1 4 5 15 16 24,23
9961,1,1,,,0
9961,24,9,1,1 4 5 15 16,22
9962,4,4,,2 3,2
9963,2,2,,1,0
9963,3,3,2,2,1
9964,1,1,,,0
9964,2,2,1,,0
9965,4,3,,1 3,1
9965,13,5,4,1 2 3 6,4
9966,3,2,,1,1
9967,1,1,,,0
9968,1,1,,,0
9968,12,6,1,8,5
9969,16,8,,1 4 5 15,11
9970,15,7,,1 4 5,11
9971,12,6,,2 3,8
9972,6,4,,1 2 3,1
9972,8,5,6,,4
9973,1,1,,,0
9975,3,3,,1 2,0
9975,12,5,3,1 2 4 5,10
9976,2,2,,1,0
9976,22,6,2,2 8,20
9977,1,1,,,0
9977,11,5,1,1 2,12
9979,22,6,,1 4 6 14,21
9980,1,1,,,0
9980,3,3,1,2,1
9980,5,4,1 3,1 4,2
9981,1,1,,,0
9981,2,2,1,,0
9981,4,3,1 2,1,0
9982,5,4,,1 2 4,2
9982,12,5,5,9 10,7
9983,4,3,,1 2,2
9984,1,1,,,0
9984,10,4,1,9,5
9985,1,1,,,0
9985,2,2,1,1,0
9985,9,3,1 2,,3
9986,1,1,,,0
9986,2,2,1,1,0
9987,1,1,,,0
9987,14,4,1,1 4 6,4
9990,8,2,,2,1
9994,1,1,,,0
9995,6,3,,1 4,2
9996,2,1,,,0
9997,4,2,,1,1
9999,1,1,,,0
10000,1,1,,,0
